"Fold_ID","Area_code","Feature","Feature_Label","Feature_Value","SHAP_Value"
2,1001,"P_read_write","Literacy",1.15119465381233,-0.0250632297247648
2,1002,"P_read_write","Literacy",0.848201308120942,-0.0250809285789728
2,1003,"P_read_write","Literacy",0.717883328468205,-0.0141583206132054
2,1004,"P_read_write","Literacy",0.88600837011318,-0.0274172052741051
2,1005,"P_read_write","Literacy",1.04043500454548,-0.0240602437406778
2,1006,"P_read_write","Literacy",0.941373280134736,-0.0214546546339989
2,1007,"P_read_write","Literacy",0.866878774520987,-0.0233203433454037
2,1008,"P_read_write","Literacy",1.0449017215624,-0.0382581613957882
2,1009,"P_read_write","Literacy",0.713535740754016,-0.0138758486136794
2,1010,"P_read_write","Literacy",0.789647567501044,-0.0251585133373737
2,1011,"P_read_write","Literacy",1.04808251558654,-0.0247011762112379
2,2001,"P_read_write","Literacy",1.08224533698596,-0.023816242814064
2,2002,"P_read_write","Literacy",1.16373433998458,-0.0250923782587051
2,2003,"P_read_write","Literacy",1.10923761292125,-0.0250923782587051
2,2004,"P_read_write","Literacy",1.18645987014334,-0.0244229082018137
2,2005,"P_read_write","Literacy",1.11167799283908,-0.025038231164217
2,2006,"P_read_write","Literacy",0.361278115825815,-0.000548246316611767
2,3002,"P_read_write","Literacy",0.86387079003358,-0.0232909824699163
2,3008,"P_read_write","Literacy",1.10622899144489,-0.020606579259038
2,3009,"P_read_write","Literacy",1.10811462613645,-0.0260834135115147
2,4001,"P_read_write","Literacy",0.00665701038874228,0.0134046161547303
2,4002,"P_read_write","Literacy",0.922647500493358,-0.0212436430156231
2,4003,"P_read_write","Literacy",0.864870094796879,-0.0234075859189034
2,4004,"P_read_write","Literacy",0.178444695216738,0.0116802835837007
2,4005,"P_read_write","Literacy",0.223171915509415,0.00433049350976944
2,4006,"P_read_write","Literacy",0.227059408577377,0.00373964151367545
2,4007,"P_read_write","Literacy",0.371385993601477,0.00548904575407505
2,4008,"P_read_write","Literacy",0.232415101397376,0.0040866220369935
2,4009,"P_read_write","Literacy",0.211908676861594,0.00432019960135221
2,4010,"P_read_write","Literacy",-0.304449787270403,0.0170100573450327
2,4011,"P_read_write","Literacy",-0.0566372731314596,0.0177334733307362
2,4012,"P_read_write","Literacy",0.476020020059122,0.00391535274684429
2,5001,"P_read_write","Literacy",1.0683115211265,-0.026609294116497
2,5002,"P_read_write","Literacy",1.16437506635064,-0.0254337470978498
2,5003,"P_read_write","Literacy",1.10203797623351,-0.02349653840065
2,5004,"P_read_write","Literacy",0.857212236292898,-0.0215571243315935
2,5005,"P_read_write","Literacy",0.301836335302458,-6.91720051690936e-05
2,5006,"P_read_write","Literacy",1.15119500116714,-0.028919892385602
2,5007,"P_read_write","Literacy",0.874057964687943,-0.0188505053520203
2,5008,"P_read_write","Literacy",0.909057190718115,-0.0206503942608833
2,5009,"P_read_write","Literacy",0.967231662137829,-0.021630585193634
2,5010,"P_read_write","Literacy",1.19984269365158,-0.0252678673714399
2,5011,"P_read_write","Literacy",0.710903786924258,-0.0112629625946283
2,5012,"P_read_write","Literacy",0.283942872430692,3.37562087224796e-05
2,5013,"P_read_write","Literacy",0.659509259961806,0.002017812570557
2,5014,"P_read_write","Literacy",0.947532586053903,-0.0257509257644415
2,5015,"P_read_write","Literacy",0.94929930068021,-0.0208362452685833
2,5016,"P_read_write","Literacy",0.978806588344072,-0.0199600923806429
2,5017,"P_read_write","Literacy",0.917630469343223,-0.0222894214093685
2,5018,"P_read_write","Literacy",1.22524715505994,-0.0229377634823322
2,5019,"P_read_write","Literacy",1.12212606291339,-0.0239968225359917
2,5020,"P_read_write","Literacy",1.05714409365671,-0.0259279049932957
2,5021,"P_read_write","Literacy",1.07481532778092,-0.0295346342027187
2,5022,"P_read_write","Literacy",1.13499615360585,-0.0254929438233376
2,5023,"P_read_write","Literacy",0.802640640351728,-0.0232339520007372
2,5024,"P_read_write","Literacy",0.918208111127062,-0.0235235989093781
2,5025,"P_read_write","Literacy",1.18637347671297,-0.0250632297247648
2,5026,"P_read_write","Literacy",0.887586440152159,-0.0199494305998087
2,5027,"P_read_write","Literacy",1.15850810537716,-0.0207341872155666
2,5028,"P_read_write","Literacy",1.18623446469684,-0.0243200249969959
2,5029,"P_read_write","Literacy",0.982618370430684,-0.0244443584233522
2,5030,"P_read_write","Literacy",1.20063681788296,-0.0250632297247648
2,5031,"P_read_write","Literacy",1.17597292622061,-0.022772278636694
2,5032,"P_read_write","Literacy",1.19146582304549,-0.0235265474766493
2,5033,"P_read_write","Literacy",0.835807710932686,-0.019890945404768
2,5034,"P_read_write","Literacy",1.03032386039767,-0.030815003439784
2,5035,"P_read_write","Literacy",1.21786834203813,-0.023816242814064
2,5036,"P_read_write","Literacy",0.682102533485651,0.00234034238383174
2,5037,"P_read_write","Literacy",0.994682394894996,-0.0248885303735733
2,5038,"P_read_write","Literacy",0.898935434210678,-0.0220131035894156
2,6007,"P_read_write","Literacy",1.05831426606809,-0.0263657122850418
2,6009,"P_read_write","Literacy",0.396456113114562,0.000695378286764026
2,7001,"P_read_write","Literacy",0.000217833375502602,0.0125708989799023
2,7002,"P_read_write","Literacy",-0.85196618152452,0.0176834408193827
2,7003,"P_read_write","Literacy",-0.470260360480375,0.0122523354366422
2,7004,"P_read_write","Literacy",-1.13950573512216,0.0153789995238185
2,7005,"P_read_write","Literacy",-0.580695177334263,0.0177826248109341
2,7006,"P_read_write","Literacy",-0.607660059652435,0.0125538446009159
2,7007,"P_read_write","Literacy",-1.59325016839828,0.0177785642445087
2,7008,"P_read_write","Literacy",-0.959915780828865,0.0171498078852892
2,7009,"P_read_write","Literacy",0.228056956982791,0.000596549245528877
2,7010,"P_read_write","Literacy",0.0827610335057461,0.0153749398887157
2,7011,"P_read_write","Literacy",0.294167325368911,0.00276722013950348
2,7012,"P_read_write","Literacy",0.155634777421293,0.0124400053173304
2,7013,"P_read_write","Literacy",-0.469859898513459,0.0178142562508583
2,7014,"P_read_write","Literacy",-1.37973863114121,0.0177826248109341
2,7015,"P_read_write","Literacy",0.0627890138402813,0.013388435356319
2,7016,"P_read_write","Literacy",-0.351243684203606,0.0131891760975122
2,7017,"P_read_write","Literacy",-0.0265623922360127,0.0146169858053327
2,7018,"P_read_write","Literacy",-0.533680097840859,0.0177981536835432
2,7019,"P_read_write","Literacy",0.24485654490788,0.00319096259772778
2,7020,"P_read_write","Literacy",-0.922715569346871,0.0134824700653553
2,7021,"P_read_write","Literacy",-0.0739577757789671,0.0131802912801504
2,7022,"P_read_write","Literacy",-1.79962071318027,0.0177785642445087
2,7023,"P_read_write","Literacy",-2.95851582577557,0.0177785642445087
2,7024,"P_read_write","Literacy",-1.73143394737238,0.0166509598493576
2,7025,"P_read_write","Literacy",-0.575116475506778,0.0185135863721371
2,7026,"P_read_write","Literacy",-1.87411848207398,0.0177826248109341
2,7027,"P_read_write","Literacy",0.15846221367771,0.0143710458651185
2,7029,"P_read_write","Literacy",0.0166492921919792,0.0176467951387167
2,7030,"P_read_write","Literacy",-0.635445972285486,0.0134663693606853
2,7031,"P_read_write","Literacy",-1.42664977320917,0.0177826248109341
2,7032,"P_read_write","Literacy",-0.223207908155512,0.012251665815711
2,7033,"P_read_write","Literacy",-1.29447817013652,0.0177826248109341
2,7034,"P_read_write","Literacy",0.00125644076942704,0.0134979989379644
2,7035,"P_read_write","Literacy",-0.433999401576704,0.0133582483977079
2,7037,"P_read_write","Literacy",-0.297033741316705,0.012012061662972
2,7038,"P_read_write","Literacy",-0.995295859255064,0.0153789995238185
2,7039,"P_read_write","Literacy",-1.24098124670809,0.0177826248109341
2,7040,"P_read_write","Literacy",0.164515482581639,0.0121834017336369
2,7041,"P_read_write","Literacy",-0.0372972279336886,0.0131641449406743
2,7042,"P_read_write","Literacy",-0.260846495846505,0.0153749398887157
2,7043,"P_read_write","Literacy",0.0342928183275084,0.0142321921885014
2,7044,"P_read_write","Literacy",-0.478097636508421,0.0177826248109341
2,7045,"P_read_write","Literacy",-0.364497165971357,0.0177946668118238
2,7046,"P_read_write","Literacy",-0.0773499738613862,0.0141772991046309
2,7047,"P_read_write","Literacy",-0.546186865702181,0.0153789995238185
2,7048,"P_read_write","Literacy",0.0528525561820855,0.0134720019996166
2,7049,"P_read_write","Literacy",-0.774993094178175,0.0177785642445087
2,7050,"P_read_write","Literacy",0.0199825162292973,0.0131024429574609
2,7051,"P_read_write","Literacy",-0.182574431356777,0.0122646605595946
2,7052,"P_read_write","Literacy",-0.894793866748605,0.0171498078852892
2,7053,"P_read_write","Literacy",0.384811291285652,0.00619628326967359
2,7054,"P_read_write","Literacy",-0.198053610243213,0.0152468718588352
2,7057,"P_read_write","Literacy",0.0366881719906872,0.013296976685524
2,7059,"P_read_write","Literacy",-1.19850368586282,0.0177826248109341
2,7061,"P_read_write","Literacy",0.0382911856099838,0.0154106291010976
2,7062,"P_read_write","Literacy",-0.302419724095167,0.0147358188405633
2,7064,"P_read_write","Literacy",-0.54507864819682,0.0177826248109341
2,7065,"P_read_write","Literacy",-0.32614659882489,0.0133582483977079
2,7066,"P_read_write","Literacy",-2.78445761032009,0.0177785642445087
2,7068,"P_read_write","Literacy",-0.0917662975139398,0.0128203071653843
2,7069,"P_read_write","Literacy",-0.267464666755234,0.0120751559734344
2,7070,"P_read_write","Literacy",0.231903357048268,0.00556801538914442
2,7071,"P_read_write","Literacy",-0.368081332733937,0.0133779235184193
2,7072,"P_read_write","Literacy",-1.08931178287874,0.0177826248109341
2,7073,"P_read_write","Literacy",-1.06364103225887,0.0153985880315304
2,7074,"P_read_write","Literacy",0.494074448389876,0.00286845047958195
2,7075,"P_read_write","Literacy",-1.59879027673495,0.0152507182210684
2,7076,"P_read_write","Literacy",-1.06698011700683,0.0153749398887157
2,7077,"P_read_write","Literacy",-1.20411118309541,0.0177826248109341
2,7078,"P_read_write","Literacy",0.155471457783072,0.0108551662415266
2,7079,"P_read_write","Literacy",-0.0519369718535857,0.0147554073482752
2,7080,"P_read_write","Literacy",-0.651382166007487,0.0134663693606853
2,7081,"P_read_write","Literacy",-1.65687412565362,0.0177785642445087
2,7082,"P_read_write","Literacy",-3.19280346683927,0.0177785642445087
2,7083,"P_read_write","Literacy",-0.985765853115241,0.0133386598899961
2,7084,"P_read_write","Literacy",-0.466670841155293,0.0168896913528442
2,7085,"P_read_write","Literacy",-0.54296146389833,0.0185069926083088
2,7086,"P_read_write","Literacy",-0.332380447912329,0.0172999761998653
2,7087,"P_read_write","Literacy",-0.447823259537481,0.0165083575993776
2,7089,"P_read_write","Literacy",0.493373539967303,0.00238583493046463
2,7090,"P_read_write","Literacy",-0.298404733256356,0.0165046341717243
2,7091,"P_read_write","Literacy",-0.335306666931163,0.0147395441308618
2,7092,"P_read_write","Literacy",-0.362358373523372,0.0122950235381722
2,7093,"P_read_write","Literacy",-0.869405457874125,0.0177785642445087
2,7094,"P_read_write","Literacy",-1.30065865336152,0.0153789995238185
2,7096,"P_read_write","Literacy",-1.18745608962048,0.0177785642445087
2,7097,"P_read_write","Literacy",0.0731780171041153,0.0121446074917912
2,7098,"P_read_write","Literacy",-2.23003606101987,0.0177785642445087
2,7099,"P_read_write","Literacy",-0.296587804729125,0.0133123164996505
2,7100,"P_read_write","Literacy",-1.57289872389294,0.0177785642445087
2,7101,"P_read_write","Literacy",0.866538397722294,-0.022701770067215
2,7102,"P_read_write","Literacy",-0.208772361454489,0.0122301382943988
2,7103,"P_read_write","Literacy",0.00248143958263879,0.0168914198875427
2,7104,"P_read_write","Literacy",-0.846507170745682,0.0133115136995912
2,7106,"P_read_write","Literacy",-1.335139154963,0.0170255862176418
2,7107,"P_read_write","Literacy",-0.697178870135907,0.0170296467840672
2,7108,"P_read_write","Literacy",-0.128008579654167,0.014652450568974
2,7109,"P_read_write","Literacy",-1.38078221282102,0.0177981536835432
2,7110,"P_read_write","Literacy",-1.45676693656543,0.0184939969331026
2,7111,"P_read_write","Literacy",-2.34181843109372,0.0177826248109341
2,7112,"P_read_write","Literacy",-1.87505954770015,0.01685805991292
2,7114,"P_read_write","Literacy",-0.428568199797742,0.0134784104302526
2,7115,"P_read_write","Literacy",-0.911078785122894,0.0171538684517145
2,7116,"P_read_write","Literacy",-1.03865715878227,0.0171659104526043
2,7117,"P_read_write","Literacy",-0.456725903710516,0.0171498078852892
2,7120,"P_read_write","Literacy",-0.286660886444311,0.0171498078852892
2,7121,"P_read_write","Literacy",-1.90854489527378,0.0177785642445087
2,7122,"P_read_write","Literacy",-0.52200975934772,0.0148981399834156
2,7123,"P_read_write","Literacy",-0.332932342149211,0.012934947386384
2,7124,"P_read_write","Literacy",-0.352889824448692,0.0134784104302526
2,7125,"P_read_write","Literacy",-1.15859848636634,0.0171498078852892
2,8002,"P_read_write","Literacy",1.07165207053676,-0.027002289891243
2,8003,"P_read_write","Literacy",0.957991253026949,-0.0197073575109243
2,8004,"P_read_write","Literacy",1.23833350040939,-0.0243514962494373
2,8005,"P_read_write","Literacy",0.829132891297747,-0.0252746045589447
2,8006,"P_read_write","Literacy",0.878360981728573,-0.019682988524437
2,8007,"P_read_write","Literacy",-1.41100660780449,0.0151930218562484
2,8008,"P_read_write","Literacy",-3.50187171947515,0.0164541564881802
2,8011,"P_read_write","Literacy",1.07505375851769,-0.0267571732401848
2,8012,"P_read_write","Literacy",-1.92480484326886,0.0149386432021856
2,8013,"P_read_write","Literacy",0.929396067575741,-0.0204746201634407
2,8014,"P_read_write","Literacy",0.828421139632821,-0.0204698611050844
2,8016,"P_read_write","Literacy",1.00720814564552,-0.0242366660386324
2,8017,"P_read_write","Literacy",1.15849895046475,-0.0254486314952374
2,8018,"P_read_write","Literacy",0.697443747574041,-0.0107958959415555
2,8019,"P_read_write","Literacy",1.24901428790371,-0.023816242814064
2,8020,"P_read_write","Literacy",-0.00624273739612793,0.0156460572034121
2,8021,"P_read_write","Literacy",1.14346897041514,-0.0235711261630058
2,8022,"P_read_write","Literacy",0.73770372517931,-0.0114522408694029
2,8023,"P_read_write","Literacy",0.672658341507934,0.000922728213481605
2,8024,"P_read_write","Literacy",1.03240515273939,-0.0243786089122295
2,8026,"P_read_write","Literacy",0.821072419700728,-0.0195841863751411
2,8027,"P_read_write","Literacy",-0.9870712918828,0.0171567015349865
2,8029,"P_read_write","Literacy",-1.04531034759173,0.0177946668118238
2,8030,"P_read_write","Literacy",-0.880982457902004,0.0160818696022034
2,8032,"P_read_write","Literacy",1.14455211549937,-0.0242742747068405
2,8033,"P_read_write","Literacy",0.692006379989398,-0.00821221899241209
2,8034,"P_read_write","Literacy",1.07753869674036,-0.0251557640731335
2,8035,"P_read_write","Literacy",1.01059856675552,-0.0233621895313263
2,8036,"P_read_write","Literacy",0.990309075094748,-0.0235883705317974
2,8037,"P_read_write","Literacy",1.2107672809368,-0.0250632297247648
2,8038,"P_read_write","Literacy",1.08310708202671,-0.0232064332813025
2,8039,"P_read_write","Literacy",0.919449271731158,-0.0199801381677389
2,8042,"P_read_write","Literacy",0.297356923858469,0.00190267444122583
2,8044,"P_read_write","Literacy",0.863584098622526,-0.0208362452685833
2,8045,"P_read_write","Literacy",1.04602787989251,-0.0247311647981405
2,8046,"P_read_write","Literacy",-1.29077163552868,0.0174336023628712
2,8048,"P_read_write","Literacy",1.0337378738056,-0.0225248746573925
2,8049,"P_read_write","Literacy",-0.281670509880417,0.0109374951571226
2,8050,"P_read_write","Literacy",1.15165296839396,-0.0235711261630058
2,8052,"P_read_write","Literacy",1.04921431405184,-0.0241827927529812
2,8053,"P_read_write","Literacy",0.926644047512905,-0.0199501793831587
2,8054,"P_read_write","Literacy",1.14876308145209,-0.0222686417400837
2,8055,"P_read_write","Literacy",0.934842139645335,-0.0218543466180563
2,8056,"P_read_write","Literacy",0.0960130341195742,0.0106743406504393
2,8057,"P_read_write","Literacy",0.307341518503773,-0.00020987814059481
2,8058,"P_read_write","Literacy",1.00757082324189,-0.0247556548565626
2,8059,"P_read_write","Literacy",0.994321041782127,-0.0240254551172256
2,8060,"P_read_write","Literacy",1.03400301994148,-0.0246181599795818
2,8061,"P_read_write","Literacy",0.837738450214113,-0.0200344771146774
2,8062,"P_read_write","Literacy",0.985240710674754,-0.0251921731978655
2,8064,"P_read_write","Literacy",0.456923779805881,0.00064396410016343
2,8065,"P_read_write","Literacy",-1.9923263998651,0.0156227964907885
2,8067,"P_read_write","Literacy",0.750691016685284,-0.0143380556255579
2,9004,"P_read_write","Literacy",1.15672836752204,-0.0250632297247648
2,9007,"P_read_write","Literacy",1.10592538478191,-0.0242470856755972
2,9008,"P_read_write","Literacy",1.08053129763536,-0.0235528014600277
2,9009,"P_read_write","Literacy",0.973448490839242,-0.027706366032362
2,9010,"P_read_write","Literacy",1.1423537965369,-0.024103868752718
2,9011,"P_read_write","Literacy",1.13519816980753,-0.028615714982152
2,9012,"P_read_write","Literacy",1.13986410563453,-0.0234981868416071
2,9013,"P_read_write","Literacy",1.08934295546092,-0.0239028409123421
2,9016,"P_read_write","Literacy",1.27406152116649,-0.0235711261630058
2,9017,"P_read_write","Literacy",1.2276124970608,-0.0236257407814264
2,10004,"P_read_write","Literacy",0.95961103965792,-0.0201552286744118
2,10005,"P_read_write","Literacy",1.18096259467542,-0.0250632297247648
2,10006,"P_read_write","Literacy",0.469786920309819,0.0013034709263593
2,10007,"P_read_write","Literacy",1.16163454919509,-0.0254740975797176
2,10008,"P_read_write","Literacy",0.947589730559539,-0.0212682206183672
2,10009,"P_read_write","Literacy",0.113954888567883,0.0108137708157301
2,10010,"P_read_write","Literacy",0.960843093793746,-0.0192180778831244
2,10012,"P_read_write","Literacy",1.08049139718339,-0.0318188555538654
2,10013,"P_read_write","Literacy",0.709077747805853,-0.00947841443121433
2,10014,"P_read_write","Literacy",-1.5917215866288,0.0159692112356424
2,10015,"P_read_write","Literacy",0.836308668729396,-0.0199605543166399
2,10016,"P_read_write","Literacy",0.94534126057046,-0.0208954233676195
2,10017,"P_read_write","Literacy",0.712927117394261,-0.00765634933486581
2,10021,"P_read_write","Literacy",0.789671814310275,-0.0222214367240667
2,10022,"P_read_write","Literacy",0.896064635292112,-0.0198865011334419
2,10023,"P_read_write","Literacy",0.712544138609547,-0.0177520476281643
2,10025,"P_read_write","Literacy",0.781979220324611,-0.0185485500842333
2,10027,"P_read_write","Literacy",0.403736922603152,0.00138580787461251
2,10031,"P_read_write","Literacy",0.729231606171835,-0.0140394493937492
2,10033,"P_read_write","Literacy",0.597391222924011,0.000539940490853041
2,10036,"P_read_write","Literacy",0.947161269939078,-0.0206681303679943
2,10038,"P_read_write","Literacy",1.12032447674951,-0.0287831164896488
2,11001,"P_read_write","Literacy",0.213901968870389,0.00106067687738687
2,11002,"P_read_write","Literacy",0.271889486094167,0.000299213512334973
2,11008,"P_read_write","Literacy",0.0789482124468631,0.0114526767283678
2,11010,"P_read_write","Literacy",0.325480889002047,0.000875340076163411
2,11012,"P_read_write","Literacy",0.144395376384297,0.0112971756607294
2,11017,"P_read_write","Literacy",0.825850046077588,-0.0214380454272032
2,11018,"P_read_write","Literacy",0.298938501459589,0.00101691076997668
2,11019,"P_read_write","Literacy",-0.475664309851752,0.0102338204160333
2,11020,"P_read_write","Literacy",0.915273487564676,-0.0212365761399269
2,11021,"P_read_write","Literacy",0.585542382191906,0.000811086967587471
2,11022,"P_read_write","Literacy",0.02413244565327,0.0123443389311433
2,11023,"P_read_write","Literacy",0.169568335599144,0.0113084567710757
2,11024,"P_read_write","Literacy",0.134641782999445,0.0112971756607294
2,11025,"P_read_write","Literacy",0.7239443597731,-0.0145281413570046
2,11026,"P_read_write","Literacy",0.246044430353468,0.00273208529688418
2,11028,"P_read_write","Literacy",0.209807687337234,0.00190398225095123
2,11031,"P_read_write","Literacy",0.665150002245609,0.000853875826578587
2,11037,"P_read_write","Literacy",0.562665609416849,0.00147394742816687
2,11038,"P_read_write","Literacy",0.326708023480482,0.000227379641728476
2,11039,"P_read_write","Literacy",0.0337459560972012,0.0103334793820977
2,11041,"P_read_write","Literacy",0.546455334191299,0.0009254947071895
2,11046,"P_read_write","Literacy",-0.0724192753287656,0.00986167695373297
2,12001,"P_read_write","Literacy",0.522836803242631,0.000945247535128146
2,12002,"P_read_write","Literacy",-2.39632460888796,0.0157912541180849
2,12003,"P_read_write","Literacy",-1.06583898943635,0.0154236946254969
2,12005,"P_read_write","Literacy",-1.0865381505435,0.0133241014555097
2,12006,"P_read_write","Literacy",-0.468963522094395,0.0119325937703252
2,12007,"P_read_write","Literacy",-0.12992252530939,0.0153223862871528
2,12008,"P_read_write","Literacy",-0.815705911146123,0.0154564445838332
2,12009,"P_read_write","Literacy",-2.5473505355602,0.0164200104773045
2,12010,"P_read_write","Literacy",-2.72385778078996,0.0159692112356424
2,12011,"P_read_write","Literacy",-0.00330361265129392,0.0149681055918336
2,12012,"P_read_write","Literacy",-1.09319084666572,0.0171854998916388
2,12013,"P_read_write","Literacy",-1.04622742512101,0.0152448546141386
2,12014,"P_read_write","Literacy",0.284305981901446,0.00145929923746735
2,12015,"P_read_write","Literacy",0.243232474577744,0.00139991019386798
2,12017,"P_read_write","Literacy",-0.260198576040485,0.0118260150775313
2,12018,"P_read_write","Literacy",-0.829409031870897,0.0152353793382645
2,12019,"P_read_write","Literacy",-2.30076198641583,0.0168937761336565
2,12020,"P_read_write","Literacy",-2.97050526893473,0.0168937761336565
2,12021,"P_read_write","Literacy",-0.3843731724364,0.015895513817668
2,12022,"P_read_write","Literacy",-1.07688018280593,0.0152448546141386
2,12023,"P_read_write","Literacy",-1.31264829442016,0.0149622913450003
2,12024,"P_read_write","Literacy",-0.693377939537461,0.0159075353294611
2,12025,"P_read_write","Literacy",-0.79195377331088,0.0157165378332138
2,12026,"P_read_write","Literacy",-0.864357836824127,0.015202165581286
2,12027,"P_read_write","Literacy",-1.60572410968333,0.0111111532896757
2,12028,"P_read_write","Literacy",-1.92885929134727,0.0161343161016703
2,12029,"P_read_write","Literacy",0.570528262961052,0.00100477854721248
2,12030,"P_read_write","Literacy",-0.556095177312949,0.0158753413707018
2,12031,"P_read_write","Literacy",-0.662840994277522,0.0157004371285439
2,12032,"P_read_write","Literacy",-0.750618708840837,0.0171538684517145
2,12033,"P_read_write","Literacy",-0.841774081028407,0.0122557254508138
2,12034,"P_read_write","Literacy",-0.468695150815432,0.0112846652045846
2,12035,"P_read_write","Literacy",0.612031983140198,0.00474669924005866
2,12036,"P_read_write","Literacy",-1.08363163798385,0.0170416887849569
2,12037,"P_read_write","Literacy",-0.38602157306461,0.0119973868131638
2,12039,"P_read_write","Literacy",-0.341335726132014,0.0159616358578205
2,12040,"P_read_write","Literacy",-0.858849965488208,0.0170272495597601
2,12041,"P_read_write","Literacy",-0.953716816678445,0.0168776493519545
2,12042,"P_read_write","Literacy",-1.96911271250153,0.0157044976949692
2,12044,"P_read_write","Literacy",-0.287174932405603,0.0168862007558346
2,12045,"P_read_write","Literacy",-1.53897360244523,0.0160513464361429
2,12046,"P_read_write","Literacy",-1.03657304225005,0.0172298476099968
2,12047,"P_read_write","Literacy",-0.832832923761217,0.0157871935516596
2,12048,"P_read_write","Literacy",-0.0408087996010042,0.016434021294117
2,12049,"P_read_write","Literacy",0.373902548327564,0.00210508774034679
2,12050,"P_read_write","Literacy",0.12496239058168,0.0130444588139653
2,12051,"P_read_write","Literacy",-1.60121152533897,0.0167627185583115
2,12052,"P_read_write","Literacy",-1.49340714096258,0.0178022142499685
2,12053,"P_read_write","Literacy",-0.805986948108855,0.0154254240915179
2,12054,"P_read_write","Literacy",-1.03447964814897,0.0155841540545225
2,12055,"P_read_write","Literacy",0.264966439698188,0.00317659019492567
2,12056,"P_read_write","Literacy",-0.733778235089282,0.0160709340125322
2,12057,"P_read_write","Literacy",-0.176933471589691,0.0151289189234376
2,12058,"P_read_write","Literacy",-0.223431301623967,0.0116745177656412
2,12059,"P_read_write","Literacy",-0.809301662360414,0.0154818473383784
2,12060,"P_read_write","Literacy",0.0114309581028687,0.0122361369431019
2,12061,"P_read_write","Literacy",-0.371070829080842,0.0167135968804359
2,12063,"P_read_write","Literacy",-1.06891133145316,0.0163275375962257
2,12064,"P_read_write","Literacy",-0.954978697976554,0.010703457519412
2,12066,"P_read_write","Literacy",-0.940102662077289,0.0166622847318649
2,12067,"P_read_write","Literacy",-0.767962661546022,0.0158456023782492
2,12069,"P_read_write","Literacy",-3.1847350462798,0.0162995867431164
2,12070,"P_read_write","Literacy",-1.36552718601772,0.015202165581286
2,12072,"P_read_write","Literacy",-1.73378995202224,0.0173787213861942
2,12073,"P_read_write","Literacy",-1.32252318884839,0.0157165378332138
2,12074,"P_read_write","Literacy",-2.32865332175115,0.0163332521915436
2,12075,"P_read_write","Literacy",-0.630479293153621,0.0165432728827
2,12076,"P_read_write","Literacy",-1.79737604038746,0.0177826248109341
2,12077,"P_read_write","Literacy",-0.591863422170133,0.0153093915432692
2,12079,"P_read_write","Literacy",-3.33002116342531,0.0175225324928761
2,12080,"P_read_write","Literacy",-1.33177469785251,0.0149622913450003
2,12081,"P_read_write","Literacy",-0.711479294782459,0.0167536996304989
2,13001,"P_read_write","Literacy",-0.34307336705708,0.0115040158852935
2,13002,"P_read_write","Literacy",-1.00538047868817,0.0171659104526043
2,13003,"P_read_write","Literacy",0.809236386775606,-0.0212682206183672
2,13005,"P_read_write","Literacy",0.547283354893025,0.000591213174629956
2,13007,"P_read_write","Literacy",0.367579935138893,0.00247646030038595
2,13008,"P_read_write","Literacy",0.59351459989729,0.0012926374329254
2,13009,"P_read_write","Literacy",0.734293159551383,-0.0189146511256695
2,13013,"P_read_write","Literacy",1.10774598269533,-0.0259846895933151
2,13016,"P_read_write","Literacy",0.119080216085657,0.012682968750596
2,13017,"P_read_write","Literacy",0.240612421515686,0.00109109201002866
2,13019,"P_read_write","Literacy",0.368519275328964,0.00244748219847679
2,13021,"P_read_write","Literacy",0.843594448380973,-0.0206266958266497
2,13022,"P_read_write","Literacy",0.797415804440111,-0.0253729801625013
2,13023,"P_read_write","Literacy",0.68603748841489,-0.000581741915084422
2,13024,"P_read_write","Literacy",0.333719388703863,0.00203625997528434
2,13035,"P_read_write","Literacy",0.290335804870603,0.00193765631411225
2,13038,"P_read_write","Literacy",0.0536731309158695,0.0118734519928694
2,13041,"P_read_write","Literacy",0.818060023704074,-0.0212682206183672
2,13044,"P_read_write","Literacy",0.354199140100329,0.00138468947261572
2,13045,"P_read_write","Literacy",0.430570671778251,0.00247720815241337
2,13048,"P_read_write","Literacy",1.10378965668369,-0.0235711261630058
2,13050,"P_read_write","Literacy",0.838367908678518,-0.0212682206183672
2,13051,"P_read_write","Literacy",1.22114105727865,-0.0206820052117109
2,13052,"P_read_write","Literacy",0.825891835851158,-0.0225941520184278
2,13054,"P_read_write","Literacy",0.739456321945302,-0.0167966913431883
2,13056,"P_read_write","Literacy",0.674124312829367,0.00255145505070686
2,13057,"P_read_write","Literacy",0.116393267845657,0.0124345980584621
2,13061,"P_read_write","Literacy",0.928809079164368,-0.0214386265724897
2,13063,"P_read_write","Literacy",0.832967920388926,-0.0256539862602949
2,13064,"P_read_write","Literacy",0.877414933570706,-0.0234781689941883
2,13066,"P_read_write","Literacy",0.900080123971804,-0.0287305898964405
2,13067,"P_read_write","Literacy",0.673490510883661,0.00207565445452929
2,13069,"P_read_write","Literacy",1.17309396188703,-0.0248336270451546
2,13072,"P_read_write","Literacy",1.01267151433583,-0.0235883705317974
2,13074,"P_read_write","Literacy",0.815406227749915,-0.0293217599391937
2,13075,"P_read_write","Literacy",1.00730978867386,-0.0298869740217924
2,13076,"P_read_write","Literacy",1.00708181053412,-0.025887394323945
2,13077,"P_read_write","Literacy",0.721636444696926,-0.0106567312031984
2,13082,"P_read_write","Literacy",0.860428750142488,-0.0253729801625013
2,13083,"P_read_write","Literacy",0.978952117643603,-0.022346805781126
2,14001,"P_read_write","Literacy",0.339880092288109,0.00122391106560826
2,14002,"P_read_write","Literacy",0.954081839499375,-0.0220181774348021
2,14003,"P_read_write","Literacy",0.967576082476422,-0.0214899536222219
2,14005,"P_read_write","Literacy",0.853164452891779,-0.0222438033670187
2,14006,"P_read_write","Literacy",0.827777443743833,-0.0191995464265347
2,14007,"P_read_write","Literacy",0.744810554225909,-0.0128172282129526
2,14008,"P_read_write","Literacy",0.453176518103449,0.00111380300950259
2,14009,"P_read_write","Literacy",0.931034779375233,-0.021821329370141
2,14011,"P_read_write","Literacy",0.327598807177777,0.00117855449207127
2,14012,"P_read_write","Literacy",0.683466226851243,0.00169050239492208
2,14013,"P_read_write","Literacy",0.584519354228416,0.00145570817403495
2,14015,"P_read_write","Literacy",0.925132937587636,-0.0216840598732233
2,14016,"P_read_write","Literacy",0.207433437798312,0.00119510688818991
2,14017,"P_read_write","Literacy",0.653065580735391,0.00116081128362566
2,14019,"P_read_write","Literacy",-0.313497869008313,0.0153415584936738
2,14020,"P_read_write","Literacy",0.824261935732167,-0.0223008971661329
2,14021,"P_read_write","Literacy",0.59536752242321,0.000724829034879804
2,14022,"P_read_write","Literacy",0.640425598694276,0.00140243745408952
2,14024,"P_read_write","Literacy",0.720968354604822,-0.00922636222094297
2,14025,"P_read_write","Literacy",0.916029097671177,-0.020911967381835
2,14027,"P_read_write","Literacy",-0.414107703332043,0.0154254240915179
2,14028,"P_read_write","Literacy",0.424908439878495,-6.25511165708303e-05
2,14029,"P_read_write","Literacy",0.259348978432923,0.00072738277958706
2,14031,"P_read_write","Literacy",-0.176459689926809,0.0149427028372884
2,14033,"P_read_write","Literacy",0.375579279503239,0.000373671937268227
2,14035,"P_read_write","Literacy",0.567495672971606,0.000723411911167204
2,14036,"P_read_write","Literacy",0.995578908400678,-0.0235891193151474
2,14037,"P_read_write","Literacy",0.877772664710796,-0.0197570212185383
2,14038,"P_read_write","Literacy",0.20429271635746,-9.37667937250808e-05
2,14039,"P_read_write","Literacy",1.16814190154854,-0.0242742747068405
2,14040,"P_read_write","Literacy",0.426214901126701,0.00174959364812821
2,14041,"P_read_write","Literacy",0.645408131429815,0.00105837779119611
2,14042,"P_read_write","Literacy",0.209987899551397,0.000428262923378497
2,14043,"P_read_write","Literacy",0.502037808032069,9.72527923295274e-05
2,14044,"P_read_write","Literacy",1.09296583424786,-0.029394717887044
2,14046,"P_read_write","Literacy",0.702208919683093,-0.0141583206132054
2,14048,"P_read_write","Literacy",-0.0367584383530116,0.0102206049486995
2,14051,"P_read_write","Literacy",1.10329046039849,-0.028587294742465
2,14053,"P_read_write","Literacy",0.684612684308248,0.00102012930437922
2,14055,"P_read_write","Literacy",0.832401296040212,-0.0202787891030312
2,14058,"P_read_write","Literacy",0.883528770022842,-0.019177433103323
2,14060,"P_read_write","Literacy",0.368210911863375,-0.000508986588101834
2,14061,"P_read_write","Literacy",-1.5258152536375,0.0157978013157845
2,14062,"P_read_write","Literacy",0.62625995699319,0.0010879006003961
2,14063,"P_read_write","Literacy",0.915866920077872,-0.0210983231663704
2,14064,"P_read_write","Literacy",0.506890947490798,0.00158235954586416
2,14067,"P_read_write","Literacy",1.11290937391053,-0.024859955534339
2,14068,"P_read_write","Literacy",0.309815531025974,0.000424188183387741
2,14070,"P_read_write","Literacy",0.999431198037144,-0.0226007886230946
2,14071,"P_read_write","Literacy",0.288609278268947,0.000303100881865248
2,14072,"P_read_write","Literacy",0.576610514862293,0.000601427163928747
2,14073,"P_read_write","Literacy",0.767064432202652,-0.0192272420972586
2,14074,"P_read_write","Literacy",0.632645668163527,0.0017758016474545
2,14075,"P_read_write","Literacy",0.690507754223005,-0.00953609682619572
2,14076,"P_read_write","Literacy",0.536316420211219,0.000184120173798874
2,14077,"P_read_write","Literacy",0.821597212016086,-0.0185825265944004
2,14078,"P_read_write","Literacy",0.573866298429483,0.00171976420097053
2,14080,"P_read_write","Literacy",0.201923030875301,0.000270222895778716
2,14081,"P_read_write","Literacy",0.475044196275294,-0.000599294435232878
2,14083,"P_read_write","Literacy",0.928252657976877,-0.0225314926356077
2,14084,"P_read_write","Literacy",0.629435459267687,0.000533147540409118
2,14090,"P_read_write","Literacy",0.767448865342399,-0.013557625003159
2,14091,"P_read_write","Literacy",0.62370733611756,0.000121686520287767
2,14093,"P_read_write","Literacy",0.744760815489884,-0.0140357930213213
2,14094,"P_read_write","Literacy",0.848335139705885,-0.023292439058423
2,14095,"P_read_write","Literacy",0.652687313401324,0.00137514038942754
2,14097,"P_read_write","Literacy",1.1877306507337,-0.0247473977506161
2,14098,"P_read_write","Literacy",1.07349710388236,-0.0263365637511015
2,14100,"P_read_write","Literacy",0.455974327158517,0.000290044088615105
2,14101,"P_read_write","Literacy",1.08837665043594,-0.024443618953228
2,14104,"P_read_write","Literacy",0.591631751259348,0.000309543160255998
2,14105,"P_read_write","Literacy",0.481356553735694,0.00081406522076577
2,14109,"P_read_write","Literacy",0.221609063115884,0.000908646616153419
2,14110,"P_read_write","Literacy",0.827270194392813,-0.0187463406473398
2,14111,"P_read_write","Literacy",0.614440017831005,0.00128462736029178
2,14114,"P_read_write","Literacy",0.632816809984847,0.00107843452133238
2,14115,"P_read_write","Literacy",0.146221213480317,0.0116283930838108
2,14116,"P_read_write","Literacy",0.875887481477423,-0.0244477335363626
2,14117,"P_read_write","Literacy",0.399113306343131,7.45281286071986e-05
2,14118,"P_read_write","Literacy",0.502864628968198,-7.48599704820663e-05
2,14120,"P_read_write","Literacy",1.17024179334922,-0.0237870942801237
2,14123,"P_read_write","Literacy",0.305177339263091,0.000801269547082484
2,14124,"P_read_write","Literacy",0.641768584765297,0.0013551494339481
2,14125,"P_read_write","Literacy",0.372223210444675,0.000413645553635433
2,15001,"P_read_write","Literacy",0.191327228839009,0.0117192240431905
2,15002,"P_read_write","Literacy",1.1301933393665,-0.0255290027707815
2,15003,"P_read_write","Literacy",0.351812530089706,0.00177896383684129
2,15004,"P_read_write","Literacy",0.254326509169988,0.00347881717607379
2,15005,"P_read_write","Literacy",0.560445415346731,0.00383406900800765
2,15007,"P_read_write","Literacy",0.0278137078790527,0.0133386598899961
2,15008,"P_read_write","Literacy",-0.44839058684164,0.0115703493356705
2,15009,"P_read_write","Literacy",1.08533395417356,-0.0298200473189354
2,15010,"P_read_write","Literacy",0.880246822565428,-0.0287305898964405
2,15011,"P_read_write","Literacy",1.05280156062508,-0.0449370034039021
2,15014,"P_read_write","Literacy",0.566988601936264,0.0010250189807266
2,15015,"P_read_write","Literacy",0.727659250480347,-0.0116546219214797
2,15016,"P_read_write","Literacy",0.73687928625203,-0.0209570713341236
2,15017,"P_read_write","Literacy",1.07368348602511,-0.033739622682333
2,15018,"P_read_write","Literacy",0.946140136450821,-0.021386718377471
2,15020,"P_read_write","Literacy",1.27988920527751,-0.0235711261630058
2,15021,"P_read_write","Literacy",0.1345410552562,0.0127645283937454
2,15025,"P_read_write","Literacy",1.02845011101291,-0.0270135831087828
2,15026,"P_read_write","Literacy",0.258924267595321,0.00448314985260367
2,15032,"P_read_write","Literacy",-0.334540210490132,0.0134784104302526
2,15033,"P_read_write","Literacy",1.09736171046595,-0.0241204705089331
2,15035,"P_read_write","Literacy",1.17823887629971,-0.0252633411437273
2,15036,"P_read_write","Literacy",0.585985076114044,0.00507502537220716
2,15037,"P_read_write","Literacy",1.10562413435961,-0.0240706223994493
2,15039,"P_read_write","Literacy",1.09978348577119,-0.0260971933603287
2,15040,"P_read_write","Literacy",0.507022707315558,0.00127459038048983
2,15041,"P_read_write","Literacy",-0.0842515718704706,0.0132120419293642
2,15042,"P_read_write","Literacy",0.304568378855783,0.00502315117046237
2,15043,"P_read_write","Literacy",0.931257256527865,-0.031890019774437
2,15045,"P_read_write","Literacy",0.689911530502557,-0.0107453837990761
2,15046,"P_read_write","Literacy",0.686086861243022,-0.0186072196811438
2,15047,"P_read_write","Literacy",0.252245587889793,0.00367148616351187
2,15048,"P_read_write","Literacy",0.66878805126458,0.000500429829116911
2,15050,"P_read_write","Literacy",0.682877517126683,0.00575563730672002
2,15051,"P_read_write","Literacy",0.972206490193083,-0.022132346406579
2,15052,"P_read_write","Literacy",0.352850239720884,0.00279375095851719
2,15054,"P_read_write","Literacy",1.20085685324461,-0.023371571674943
2,15056,"P_read_write","Literacy",-0.125255180479329,0.0134044187143445
2,15057,"P_read_write","Literacy",1.08028386350297,-0.0262605622410774
2,15060,"P_read_write","Literacy",0.967917086987528,-0.0218893773853779
2,15062,"P_read_write","Literacy",1.00303082672734,-0.0259675346314907
2,15063,"P_read_write","Literacy",0.439965615645737,0.00238016596995294
2,15064,"P_read_write","Literacy",0.362035759555621,0.00290941004641354
2,15065,"P_read_write","Literacy",0.836008709807357,-0.0270916242152452
2,15066,"P_read_write","Literacy",-0.691353658737664,0.0109549956396222
2,15067,"P_read_write","Literacy",0.574929762822701,0.00470950920134783
2,15070,"P_read_write","Literacy",0.991311121590429,-0.0303781479597092
2,15071,"P_read_write","Literacy",0.669895740007268,0.00186721771024168
2,15073,"P_read_write","Literacy",1.14545986495419,-0.0248336270451546
2,15074,"P_read_write","Literacy",-0.183828548192468,0.0154106291010976
2,15076,"P_read_write","Literacy",1.06935066759036,-0.031372919678688
2,15077,"P_read_write","Literacy",0.0750927832175997,0.012474462389946
2,15078,"P_read_write","Literacy",0.118207141299662,0.0126185258850455
2,15079,"P_read_write","Literacy",0.902193395632655,-0.0254914779216051
2,15080,"P_read_write","Literacy",-0.714862626555874,0.0122503181919456
2,15081,"P_read_write","Literacy",1.22824384278535,-0.0249141026288271
2,15082,"P_read_write","Literacy",-0.133782360894265,0.0127625269815326
2,15084,"P_read_write","Literacy",0.907872077926704,-0.0344995371997356
2,15085,"P_read_write","Literacy",0.0389727864645188,0.012926883995533
2,15086,"P_read_write","Literacy",0.251064929898138,0.00281118205748498
2,15087,"P_read_write","Literacy",0.489571470416118,0.00482456712052226
2,15088,"P_read_write","Literacy",0.644572365849472,0.00140490266494453
2,15090,"P_read_write","Literacy",0.585590045044841,0.00323072401806712
2,15092,"P_read_write","Literacy",1.02646324455286,-0.0258354861289263
2,15093,"P_read_write","Literacy",1.02395455426966,-0.0286235436797142
2,15094,"P_read_write","Literacy",0.924805134621022,-0.0278372522443533
2,15095,"P_read_write","Literacy",0.983652529209208,-0.026626979932189
2,15096,"P_read_write","Literacy",0.993467140569731,-0.0299323480576277
2,15097,"P_read_write","Literacy",0.345136167457259,0.00254048546776175
2,15099,"P_read_write","Literacy",1.07141528380869,-0.0335588380694389
2,15100,"P_read_write","Literacy",1.06176832010679,-0.0399192236363888
2,15101,"P_read_write","Literacy",0.951383066765433,-0.0237324927002192
2,15102,"P_read_write","Literacy",0.510191498530079,0.00101691076997668
2,15103,"P_read_write","Literacy",1.13977047547368,-0.0290668494999409
2,15104,"P_read_write","Literacy",1.11648903949066,-0.0248819161206484
2,15105,"P_read_write","Literacy",-0.812809530627562,0.0122592533007264
2,15106,"P_read_write","Literacy",1.01744287183436,-0.0256650447845459
2,15107,"P_read_write","Literacy",0.636674713988339,0.0013440033653751
2,15109,"P_read_write","Literacy",1.1477000623327,-0.0258376281708479
2,15110,"P_read_write","Literacy",0.468540873031579,0.000797090295236558
2,15111,"P_read_write","Literacy",-0.110554192854667,0.0153869809582829
2,15112,"P_read_write","Literacy",0.259051383997381,0.005501011852175
2,15113,"P_read_write","Literacy",0.344060320947084,0.00289407675154507
2,15114,"P_read_write","Literacy",-0.255179690613449,0.0153869809582829
2,15115,"P_read_write","Literacy",0.823619930234571,-0.0264652762562037
2,15116,"P_read_write","Literacy",-0.007105677048847,0.0126755526289344
2,15117,"P_read_write","Literacy",-0.0110446951017885,0.0124533576890826
2,15118,"P_read_write","Literacy",0.838597309220779,-0.0224859695881605
2,15119,"P_read_write","Literacy",-0.0911208143452688,0.017161849886179
2,15120,"P_read_write","Literacy",1.10464538331264,-0.0255803298205137
2,15121,"P_read_write","Literacy",1.20883055416537,-0.0235419776290655
2,15123,"P_read_write","Literacy",-0.668801761666077,0.0122687201946974
2,15124,"P_read_write","Literacy",-0.566350756128792,0.0153910405933857
2,16003,"P_read_write","Literacy",0.13128746720659,0.0105189885944128
2,16007,"P_read_write","Literacy",0.127979039355706,0.0111536690965295
2,16013,"P_read_write","Literacy",-0.773793992367257,0.0150017738342285
2,16017,"P_read_write","Literacy",0.0446874555421699,0.0104299830272794
2,16018,"P_read_write","Literacy",0.152244031632454,0.0120605900883675
2,16020,"P_read_write","Literacy",-0.0653759039873666,0.0122751398012042
2,16022,"P_read_write","Literacy",0.302817950738262,0.000424138706875965
2,16031,"P_read_write","Literacy",-0.0834683888004557,0.0113576231524348
2,16034,"P_read_write","Literacy",0.288886396292647,0.000648980669211596
2,16038,"P_read_write","Literacy",-0.64873310624141,0.0132334735244513
2,16040,"P_read_write","Literacy",0.0194987334275795,0.0115780420601368
2,16041,"P_read_write","Literacy",0.211964382473093,0.00274785491637886
2,16046,"P_read_write","Literacy",-0.0464945124802323,0.0117552643641829
2,16047,"P_read_write","Literacy",0.0985616001173115,0.0119756571948528
2,16049,"P_read_write","Literacy",-0.39477332403762,0.0170522872358561
2,16050,"P_read_write","Literacy",0.145219687501497,0.0126841468736529
2,16057,"P_read_write","Literacy",-0.97070156224325,0.0150213623419404
2,16072,"P_read_write","Literacy",0.112116989910836,0.0108347777277231
2,16077,"P_read_write","Literacy",-1.03904272159822,0.0149258794263005
2,16078,"P_read_write","Literacy",-0.200400424935964,0.00978490430861712
2,16080,"P_read_write","Literacy",0.0669349059087132,0.01221320964396
2,16081,"P_read_write","Literacy",-1.1505053345562,0.0117183355614543
2,16088,"P_read_write","Literacy",0.891078178580944,-0.0211773794144392
2,16092,"P_read_write","Literacy",-1.19845416254863,0.0149977141991258
2,16093,"P_read_write","Literacy",0.143800768842937,0.0120848221704364
2,16098,"P_read_write","Literacy",0.376527476725775,0.00145277299452573
2,16099,"P_read_write","Literacy",-1.02794915804797,0.015202796086669
2,16101,"P_read_write","Literacy",-0.481807942544378,0.0152643574401736
2,16110,"P_read_write","Literacy",0.173861184523253,0.0103674484416842
2,16112,"P_read_write","Literacy",0.408865958674726,0.000855732301715761
2,17001,"P_read_write","Literacy",0.18313761133953,0.0116964597254992
2,17002,"P_read_write","Literacy",0.748185510316115,-0.0134277613833547
2,17003,"P_read_write","Literacy",-0.0742812744318871,0.0132670952007174
2,17004,"P_read_write","Literacy",0.351169247522027,0.00228040758520365
2,17005,"P_read_write","Literacy",0.133563593648028,0.0130477594211698
2,17006,"P_read_write","Literacy",0.781635615290647,-0.0216605383902788
2,17007,"P_read_write","Literacy",1.07019555097696,-0.02467405423522
2,17008,"P_read_write","Literacy",0.784436023837846,-0.0218974575400352
2,17009,"P_read_write","Literacy",0.905722989552114,-0.0270454548299313
2,17010,"P_read_write","Literacy",0.630528540554991,0.00239669205620885
2,17012,"P_read_write","Literacy",0.635284026927503,0.00056751212105155
2,17013,"P_read_write","Literacy",0.45186936214561,0.00247195735573769
2,17014,"P_read_write","Literacy",0.462780762316511,0.00172804435715079
2,17015,"P_read_write","Literacy",0.392709533753046,0.0019781831651926
2,17016,"P_read_write","Literacy",0.612037397546288,0.00369177735410631
2,17017,"P_read_write","Literacy",0.448032068548401,0.0018971759127453
2,17018,"P_read_write","Literacy",0.622885059654392,0.00159453239757568
2,17019,"P_read_write","Literacy",0.0524101405560908,0.0120144411921501
2,17020,"P_read_write","Literacy",0.873358885804836,-0.022745979949832
2,17021,"P_read_write","Literacy",0.488641564465331,0.0010450630215928
2,17022,"P_read_write","Literacy",0.77435681984156,-0.0442642793059349
2,17023,"P_read_write","Literacy",0.718429342410635,-0.0159911792725325
2,17024,"P_read_write","Literacy",0.460741794695393,0.00126743980217725
2,17025,"P_read_write","Literacy",0.450742234932625,0.00177661119960248
2,17026,"P_read_write","Literacy",0.737353464744598,-0.0168723501265049
2,17027,"P_read_write","Literacy",0.729054967486305,-0.0200357772409916
2,17028,"P_read_write","Literacy",0.645303400344999,-1.12927446025424e-05
2,17029,"P_read_write","Literacy",0.710083156531245,-0.0105092693120241
2,17030,"P_read_write","Literacy",0.653651585833721,0.00366594060324132
2,17032,"P_read_write","Literacy",0.85346087126843,-0.0248226914554834
2,17035,"P_read_write","Literacy",0.0573347918165739,0.0177740696817636
2,18001,"P_read_write","Literacy",0.517715755301117,-3.95520473830402e-05
2,18002,"P_read_write","Literacy",0.656689061466586,0.000984419486485422
2,18003,"P_read_write","Literacy",0.481816892664091,0.000157981339725666
2,18004,"P_read_write","Literacy",0.694620580586619,-0.00874278135597706
2,18005,"P_read_write","Literacy",-0.0785892595740512,0.0171338710933924
2,18006,"P_read_write","Literacy",0.809197678874149,-0.0191987976431847
2,18007,"P_read_write","Literacy",0.555442372185378,0.000746750156395137
2,18008,"P_read_write","Literacy",1.03043266800563,-0.0241978000849485
2,18009,"P_read_write","Literacy",-2.22491437093577,0.016597967594862
2,18010,"P_read_write","Literacy",0.458827335738394,0.000147438957355917
2,18011,"P_read_write","Literacy",0.42485786006968,0.000254796497756615
2,18012,"P_read_write","Literacy",0.623734266938492,0.00100903632119298
2,18013,"P_read_write","Literacy",0.68013604964134,0.000775447115302086
2,18014,"P_read_write","Literacy",0.364623282890618,0.000525581301189959
2,18015,"P_read_write","Literacy",0.601544163099972,0.000956922420300543
2,18016,"P_read_write","Literacy",0.469762718852552,-0.000313818920403719
2,18017,"P_read_write","Literacy",1.0779150737221,-0.0248444601893425
2,18018,"P_read_write","Literacy",0.734692140364379,-0.0118144759908319
2,18019,"P_read_write","Literacy",-0.270933070567703,0.0159812532365322
2,18020,"P_read_write","Literacy",1.03503962051098,-0.0242712609469891
2,19002,"P_read_write","Literacy",0.696414974341268,-0.0104109877720475
2,19003,"P_read_write","Literacy",0.836894974799852,-0.0195363685488701
2,19004,"P_read_write","Literacy",1.15938274377519,-0.0235711261630058
2,19005,"P_read_write","Literacy",0.925776732426366,-0.0195472855120897
2,19006,"P_read_write","Literacy",1.27881070876961,-0.0250632297247648
2,19007,"P_read_write","Literacy",0.218266079129722,0.000455279543530196
2,19008,"P_read_write","Literacy",0.853095858045905,-0.0195614863187075
2,19009,"P_read_write","Literacy",1.1579275528218,-0.0288053266704082
2,19010,"P_read_write","Literacy",1.2447400982207,-0.0241847913712263
2,19011,"P_read_write","Literacy",0.893690106426322,-0.0205328706651926
2,19012,"P_read_write","Literacy",1.20071792574805,-0.024243988096714
2,19013,"P_read_write","Literacy",0.846845291606021,-0.0205161720514297
2,19015,"P_read_write","Literacy",0.91320636565032,-0.0195363685488701
2,19016,"P_read_write","Literacy",0.631050186062469,0.000718384748324752
2,19017,"P_read_write","Literacy",0.456575913748734,0.000248071359237656
2,19018,"P_read_write","Literacy",1.25089621094929,-0.0205231700092554
2,19019,"P_read_write","Literacy",1.23073415727723,-0.0235419776290655
2,19020,"P_read_write","Literacy",0.987919319306971,-0.0248229969292879
2,19021,"P_read_write","Literacy",1.1885898344192,-0.0250632297247648
2,19022,"P_read_write","Literacy",0.880611302902374,-0.0200772099196911
2,19023,"P_read_write","Literacy",0.930597380294916,-0.0199486203491688
2,19025,"P_read_write","Literacy",1.25713995294929,-0.0238285381346941
2,19026,"P_read_write","Literacy",1.17306438725273,-0.0235419776290655
2,19027,"P_read_write","Literacy",1.04162831264297,-0.0244699809700251
2,19029,"P_read_write","Literacy",0.956741347739572,-0.0199925787746906
2,19030,"P_read_write","Literacy",0.649255203528944,0.00287298485636711
2,19031,"P_read_write","Literacy",1.24424898283095,-0.0205231700092554
2,19032,"P_read_write","Literacy",0.799639801890864,-0.0200764611363411
2,19033,"P_read_write","Literacy",1.08553143930173,-0.0235342308878899
2,19035,"P_read_write","Literacy",1.17300142944986,-0.0229753460735083
2,19037,"P_read_write","Literacy",0.801164739011587,-0.0305537451058626
2,19038,"P_read_write","Literacy",1.12184245337445,-0.0237836334854364
2,19039,"P_read_write","Literacy",1.15640270125137,-0.0237544849514961
2,19040,"P_read_write","Literacy",0.981937321014805,-0.0195837952196598
2,19041,"P_read_write","Literacy",1.24402932677663,-0.024243988096714
2,19042,"P_read_write","Literacy",0.897117818188899,-0.0202131606638432
2,19043,"P_read_write","Literacy",0.244093746515052,-0.000954819668550044
2,19044,"P_read_write","Literacy",1.08696250713307,-0.0231174305081367
2,19045,"P_read_write","Literacy",1.17331263875121,-0.024243988096714
2,19046,"P_read_write","Literacy",1.24547749435993,-0.0227916277945042
2,19047,"P_read_write","Literacy",0.94947157526991,-0.0201613120734692
2,19048,"P_read_write","Literacy",1.14543691067594,-0.0250632297247648
2,19049,"P_read_write","Literacy",1.10073775294184,-0.0231181792914867
2,19050,"P_read_write","Literacy",0.876256642343221,-0.0210125334560871
2,19051,"P_read_write","Literacy",0.984724998028777,-0.0250856522470713
2,20005,"P_read_write","Literacy",-0.160944816983085,0.0117836641147733
2,20008,"P_read_write","Literacy",0.232742574531523,0.00559578137472272
2,20010,"P_read_write","Literacy",0.610591563527695,0.000642578233964741
2,20012,"P_read_write","Literacy",-1.23187547417952,0.0166550204157829
2,20014,"P_read_write","Literacy",0.570641955181705,0.000827669049613178
2,20015,"P_read_write","Literacy",-2.73833112732243,0.0157871935516596
2,20017,"P_read_write","Literacy",-1.01812121217924,0.0151901245117188
2,20021,"P_read_write","Literacy",-0.0520285106704461,0.0115492660552263
2,20028,"P_read_write","Literacy",-0.638917910458986,0.0154768722131848
2,20036,"P_read_write","Literacy",-0.58035390689573,0.0165442731231451
2,20043,"P_read_write","Literacy",0.0139209726533517,0.013085288926959
2,20052,"P_read_write","Literacy",-0.030423631670326,0.0150108691304922
2,20053,"P_read_write","Literacy",-0.0187793664337054,0.0122631508857012
2,20057,"P_read_write","Literacy",0.098021496360399,0.0104740262031555
2,20059,"P_read_write","Literacy",-0.0406794145700073,0.0129285380244255
2,20061,"P_read_write","Literacy",-1.49156885578311,0.0154523849487305
2,20066,"P_read_write","Literacy",-0.568129217944557,0.0126552600413561
2,20070,"P_read_write","Literacy",-1.62718546723906,0.016352841630578
2,20071,"P_read_write","Literacy",-0.814541901448241,0.0159195773303509
2,20075,"P_read_write","Literacy",-0.0508801690454742,0.0107930777594447
2,20076,"P_read_write","Literacy",0.140983207976727,0.0130287986248732
2,20079,"P_read_write","Literacy",0.838770636182194,-0.0221654660999775
2,20080,"P_read_write","Literacy",-1.27773801492981,0.0147609896957874
2,20082,"P_read_write","Literacy",-0.561697231279098,0.0156819559633732
2,20085,"P_read_write","Literacy",-1.36763569572233,0.016597967594862
2,20090,"P_read_write","Literacy",-0.483597410457276,0.0164643097668886
2,20113,"P_read_write","Literacy",-0.0845839801229062,0.0150702269747853
2,20117,"P_read_write","Literacy",-0.739070843327059,0.016341233626008
2,20122,"P_read_write","Literacy",0.742961775220355,-0.0229526106268167
2,20124,"P_read_write","Literacy",-1.72735133881638,0.017083927989006
2,20125,"P_read_write","Literacy",-0.147679554011904,0.0159075353294611
2,20126,"P_read_write","Literacy",-1.63848933712391,0.0175434742122889
2,20130,"P_read_write","Literacy",-0.995507619944697,0.0158371962606907
2,20141,"P_read_write","Literacy",-0.138809004599361,0.0161171238869429
2,20143,"P_read_write","Literacy",-0.17953474996929,0.0112788621336222
2,20146,"P_read_write","Literacy",-1.5838441534979,0.0175225324928761
2,20148,"P_read_write","Literacy",-0.967902949221544,0.0162252429872751
2,20149,"P_read_write","Literacy",-0.415268865132717,0.0168530773371458
2,20153,"P_read_write","Literacy",0.0678890267162117,0.0170546844601631
2,20154,"P_read_write","Literacy",-0.58035390689573,0.0119640026241541
2,20159,"P_read_write","Literacy",-0.286792573087492,0.0178652424365282
2,20170,"P_read_write","Literacy",-2.64843621815336,0.0164574794471264
2,20185,"P_read_write","Literacy",-0.219524079420846,0.0161028932780027
2,20190,"P_read_write","Literacy",-0.679759721812602,0.0120555674657226
2,20198,"P_read_write","Literacy",-2.10657064978,0.0118849882856011
2,20202,"P_read_write","Literacy",-1.05907433786757,0.0162413455545902
2,20203,"P_read_write","Literacy",-1.40130706571517,0.0168937761336565
2,20204,"P_read_write","Literacy",0.316825231626123,0.00499337166547775
2,20207,"P_read_write","Literacy",-1.24194812893988,0.0159195773303509
2,20211,"P_read_write","Literacy",-1.16039083103679,0.0168539993464947
2,20213,"P_read_write","Literacy",-2.86803910965704,0.0125923836603761
2,20225,"P_read_write","Literacy",-1.93929526996949,0.0174608565866947
2,20229,"P_read_write","Literacy",-1.82257967505247,0.0175184719264507
2,20235,"P_read_write","Literacy",-1.56435787604515,0.0117834331467748
2,20253,"P_read_write","Literacy",-0.644774310609165,0.0156377963721752
2,20254,"P_read_write","Literacy",-0.163875614488853,0.0159420482814312
2,20263,"P_read_write","Literacy",-1.12912030847914,0.0157174915075302
2,20265,"P_read_write","Literacy",-0.755668693346606,0.0164779946208
2,20266,"P_read_write","Literacy",-0.708327099294662,0.01615184918046
2,20272,"P_read_write","Literacy",-2.17877860624635,0.0158808417618275
2,20277,"P_read_write","Literacy",-0.641973423804889,0.0159075353294611
2,20279,"P_read_write","Literacy",-0.492199670018243,0.014942703768611
2,20282,"P_read_write","Literacy",0.120859337566356,0.0117396535351872
2,20285,"P_read_write","Literacy",-0.779930843910506,0.0160927772521973
2,20291,"P_read_write","Literacy",0.360815330983529,0.00599541887640953
2,20300,"P_read_write","Literacy",-1.04528926923564,0.0168741587549448
2,20302,"P_read_write","Literacy",-2.02203414011861,0.0175225324928761
2,20306,"P_read_write","Literacy",-1.45412414773914,0.0162293035537004
2,20307,"P_read_write","Literacy",0.0451413977821611,0.0148773128166795
2,20308,"P_read_write","Literacy",0.178012871335839,0.0176809523254633
2,20316,"P_read_write","Literacy",0.737604811514632,-0.0283776894211769
2,20318,"P_read_write","Literacy",0.260299002102745,0.00484815472736955
2,20319,"P_read_write","Literacy",-0.670662883620981,0.0152962943539023
2,20324,"P_read_write","Literacy",-0.348602517740755,0.0163884870707989
2,20327,"P_read_write","Literacy",-0.46254447516891,0.0116099808365107
2,20334,"P_read_write","Literacy",-0.496693867233294,0.0163724590092897
2,20344,"P_read_write","Literacy",0.0239366210254249,0.0122240958735347
2,20345,"P_read_write","Literacy",-0.717678060002672,0.014984761364758
2,20353,"P_read_write","Literacy",-0.360077688178803,0.012884508818388
2,20357,"P_read_write","Literacy",0.279383079783764,0.00556715251877904
2,20364,"P_read_write","Literacy",-0.853510898285999,0.0172144770622253
2,20366,"P_read_write","Literacy",-0.867944994754891,0.0151540255174041
2,20367,"P_read_write","Literacy",-1.64915973283407,0.018074756488204
2,20386,"P_read_write","Literacy",-1.79416993481366,0.0168937761336565
2,20391,"P_read_write","Literacy",-2.86606201963746,0.0165939070284367
2,20398,"P_read_write","Literacy",-0.87936533879111,0.0148537466302514
2,20401,"P_read_write","Literacy",0.12186680671394,0.0153412539511919
2,20402,"P_read_write","Literacy",-0.962911996481558,0.0151390796527267
2,20407,"P_read_write","Literacy",-1.19206656721032,0.0165876299142838
2,20410,"P_read_write","Literacy",0.703711218958587,-0.0108309332281351
2,20412,"P_read_write","Literacy",-0.0907588386736196,0.0160731598734856
2,20413,"P_read_write","Literacy",0.50544914979702,0.00274892547167838
2,20414,"P_read_write","Literacy",-1.1892985214125,0.0158492363989353
2,20415,"P_read_write","Literacy",-1.02511396969785,0.0117859989404678
2,20418,"P_read_write","Literacy",0.0703029252098461,0.0135008869692683
2,20421,"P_read_write","Literacy",0.448832622451438,0.00121258699800819
2,20424,"P_read_write","Literacy",-1.09173236975637,0.0159034766256809
2,20427,"P_read_write","Literacy",-0.0601413617246803,0.0124122705310583
2,20428,"P_read_write","Literacy",-1.41453115734866,0.0176560059189796
2,20439,"P_read_write","Literacy",-0.939133381345027,0.0165083575993776
2,20440,"P_read_write","Literacy",-0.289916154578049,0.0129089085385203
2,20441,"P_read_write","Literacy",-1.45755564432927,0.0184939969331026
2,20448,"P_read_write","Literacy",-0.36561922819452,0.0177785642445087
2,20449,"P_read_write","Literacy",-0.747184632342371,0.0148611525073647
2,20450,"P_read_write","Literacy",-1.80859026180778,0.0175225324928761
2,20453,"P_read_write","Literacy",0.072902177181226,0.0146172195672989
2,20465,"P_read_write","Literacy",-0.843962822480616,0.0167273804545403
2,20466,"P_read_write","Literacy",-3.15533005615558,0.0168937761336565
2,20467,"P_read_write","Literacy",-0.626602057875382,0.0154478941112757
2,20470,"P_read_write","Literacy",-0.0911940505523902,0.0162012428045273
2,20472,"P_read_write","Literacy",0.149435585480326,0.0109678506851196
2,20474,"P_read_write","Literacy",-1.35914948049979,0.0146478079259396
2,20477,"P_read_write","Literacy",-1.65041831580751,0.011518725194037
2,20482,"P_read_write","Literacy",-0.526134402990192,0.0145966308191419
2,20485,"P_read_write","Literacy",-2.01520836440933,0.0157085936516523
2,20489,"P_read_write","Literacy",-0.678654670698926,0.0159075353294611
2,20495,"P_read_write","Literacy",-1.33936658470946,0.0165362916886806
2,20498,"P_read_write","Literacy",-0.847613615401533,0.0159195773303509
2,20505,"P_read_write","Literacy",-0.215700381105635,0.0128697138279676
2,20507,"P_read_write","Literacy",-1.41981295635806,0.0152703085914254
2,20508,"P_read_write","Literacy",0.217513478744483,0.00201063207350671
2,20509,"P_read_write","Literacy",-1.60273964637372,0.0168937761336565
2,20512,"P_read_write","Literacy",-1.73606077537605,0.0155882136896253
2,20513,"P_read_write","Literacy",-0.398706235036289,0.0165483336895704
2,20515,"P_read_write","Literacy",0.383149242808394,0.000853831588756293
2,20516,"P_read_write","Literacy",-0.474047993676771,0.0166233461350203
2,20525,"P_read_write","Literacy",-0.126386887209972,0.0111938724294305
2,20526,"P_read_write","Literacy",-1.32979279227891,0.0133582483977079
2,20533,"P_read_write","Literacy",0.205471393292861,0.00654188776388764
2,20534,"P_read_write","Literacy",-1.80327551871929,0.0151410307735205
2,20535,"P_read_write","Literacy",-1.19933037383524,0.0166765246540308
2,20543,"P_read_write","Literacy",-1.69565684754418,0.017594812437892
2,20557,"P_read_write","Literacy",0.1672371693955,0.0130402343347669
2,20563,"P_read_write","Literacy",-2.40078272964621,0.0148491114377975
2,21001,"P_read_write","Literacy",0.103755450330106,0.0135850831866264
2,21002,"P_read_write","Literacy",-0.151789213983833,0.0156652983278036
2,21004,"P_read_write","Literacy",0.340046873105782,0.0035395878367126
2,21005,"P_read_write","Literacy",-0.551554197485359,0.0165778212249279
2,21006,"P_read_write","Literacy",-2.79330096195354,0.0176167096942663
2,21007,"P_read_write","Literacy",-0.855508229711788,0.0154403438791633
2,21008,"P_read_write","Literacy",0.281373571308769,0.00439156452193856
2,21011,"P_read_write","Literacy",-0.123095355027212,0.0117730041965842
2,21012,"P_read_write","Literacy",0.0411934814676952,0.0117777297273278
2,21015,"P_read_write","Literacy",0.766234120196006,-0.0119109898805618
2,21016,"P_read_write","Literacy",-0.287628006773916,0.0129821505397558
2,21019,"P_read_write","Literacy",0.717068937062451,-0.0109029095619917
2,21022,"P_read_write","Literacy",0.0833775027553104,0.0131711317226291
2,21023,"P_read_write","Literacy",-0.609143419329237,0.0171498078852892
2,21025,"P_read_write","Literacy",-0.164039132026553,0.0159746315330267
2,21026,"P_read_write","Literacy",-0.221151600623168,0.0130381928756833
2,21031,"P_read_write","Literacy",-1.43384250402962,0.0117914145812392
2,21032,"P_read_write","Literacy",-0.719058125427345,0.0116248950362206
2,21039,"P_read_write","Literacy",-0.707030838115498,0.0168321002274752
2,21040,"P_read_write","Literacy",0.345980052069923,0.0054601994343102
2,21043,"P_read_write","Literacy",-0.54211162168673,0.0150898154824972
2,21044,"P_read_write","Literacy",0.300445280272275,0.00292176380753517
2,21045,"P_read_write","Literacy",0.040520568606487,0.0139144249260426
2,21046,"P_read_write","Literacy",0.345226606488988,0.00280708563514054
2,21047,"P_read_write","Literacy",-0.0859237235284868,0.0126453544944525
2,21048,"P_read_write","Literacy",0.8741923538959,-0.0480090118944645
2,21049,"P_read_write","Literacy",-2.47254537311449,0.0177826248109341
2,21050,"P_read_write","Literacy",-1.2657986465235,0.0177826248109341
2,21051,"P_read_write","Literacy",-0.0339813633914008,0.00989306811243296
2,21053,"P_read_write","Literacy",0.0991026469889354,0.013257727958262
2,21054,"P_read_write","Literacy",0.0406873690079615,0.0137458294630051
2,21056,"P_read_write","Literacy",-0.438205598358097,0.0109101310372353
2,21057,"P_read_write","Literacy",-1.07875834060775,0.0129434512928128
2,21058,"P_read_write","Literacy",-1.56345623776751,0.0153789995238185
2,21061,"P_read_write","Literacy",-1.94068024680574,0.0177826248109341
2,21062,"P_read_write","Literacy",-0.0292878030645712,0.0112967444583774
2,21063,"P_read_write","Literacy",0.138818394839274,0.0133221102878451
2,21065,"P_read_write","Literacy",-0.16157270049746,0.0153919942677021
2,21067,"P_read_write","Literacy",-0.228732177318674,0.0132944425567985
2,21069,"P_read_write","Literacy",0.343583173962311,0.00249831308610737
2,21070,"P_read_write","Literacy",-1.5428448790938,0.0117747588083148
2,21071,"P_read_write","Literacy",0.197365858335035,0.0167041663080454
2,21072,"P_read_write","Literacy",-2.20623350107696,0.0164770632982254
2,21073,"P_read_write","Literacy",-0.42055914599015,0.0126937869936228
2,21074,"P_read_write","Literacy",1.01609209347131,-0.025845954194665
2,21076,"P_read_write","Literacy",-0.0729101711737789,0.0129023641347885
2,21077,"P_read_write","Literacy",-2.39648962819412,0.0176271386444569
2,21078,"P_read_write","Literacy",-1.46383372910417,0.0177826248109341
2,21079,"P_read_write","Literacy",0.991864337218632,-0.0503919459879398
2,21081,"P_read_write","Literacy",-1.22221751159557,0.015478914603591
2,21083,"P_read_write","Literacy",-0.447983213853811,0.0120330974459648
2,21085,"P_read_write","Literacy",0.20568393836533,0.00106241065077484
2,21087,"P_read_write","Literacy",-0.765090284585247,0.0122200362384319
2,21089,"P_read_write","Literacy",-1.9077740232006,0.0139255672693253
2,21092,"P_read_write","Literacy",-0.471603530020706,0.0154564445838332
2,21093,"P_read_write","Literacy",-0.444226472560132,0.013929626904428
2,21094,"P_read_write","Literacy",0.51715496589489,0.00341876200400293
2,21096,"P_read_write","Literacy",0.508936556082495,0.00271785561926663
2,21098,"P_read_write","Literacy",0.154523693465649,0.013284832239151
2,21099,"P_read_write","Literacy",-0.283413252901458,0.0133266188204288
2,21101,"P_read_write","Literacy",-0.0485262330636142,0.0136833293363452
2,21103,"P_read_write","Literacy",0.0189151629051473,0.017877284437418
2,21104,"P_read_write","Literacy",0.284022258982595,0.00360019551590085
2,21106,"P_read_write","Literacy",0.320666477028577,0.00246148905716836
2,21107,"P_read_write","Literacy",-2.91460798766616,0.0164770632982254
2,21108,"P_read_write","Literacy",0.305802133690267,0.0050251092761755
2,21109,"P_read_write","Literacy",-1.16100418233881,0.0122240958735347
2,21110,"P_read_write","Literacy",-0.497172249028364,0.01352793071419
2,21114,"P_read_write","Literacy",1.0709714076433,-0.0246370360255241
2,21115,"P_read_write","Literacy",-0.574519244766579,0.0134704289957881
2,21116,"P_read_write","Literacy",-0.993042911790245,0.0153789995238185
2,21119,"P_read_write","Literacy",1.15836772558702,-0.0206169374287128
2,21121,"P_read_write","Literacy",-0.88475801201502,0.0119818579405546
2,21123,"P_read_write","Literacy",-2.17315289195433,0.0163332521915436
2,21126,"P_read_write","Literacy",0.800462295837315,-0.0559537038207054
2,21128,"P_read_write","Literacy",0.260561514732515,0.00313803111203015
2,21130,"P_read_write","Literacy",-0.144647442279533,0.0110770491883159
2,21132,"P_read_write","Literacy",0.929199841995303,-0.0222589615732431
2,21134,"P_read_write","Literacy",0.769395010892215,-0.0288801360875368
2,21137,"P_read_write","Literacy",-0.300083319739656,0.0153919942677021
2,21138,"P_read_write","Literacy",0.263986439410747,0.00349448248744011
2,21142,"P_read_write","Literacy",-0.0267559502963728,0.0135058937594295
2,21143,"P_read_write","Literacy",0.979691754582161,-0.0299124717712402
2,21144,"P_read_write","Literacy",0.559171457026698,0.00549747329205275
2,21149,"P_read_write","Literacy",0.226944162021224,0.00202627526596189
2,21150,"P_read_write","Literacy",-0.606724832060938,0.0127444714307785
2,21152,"P_read_write","Literacy",0.378096002237739,0.00327799981459975
2,21153,"P_read_write","Literacy",0.95239262828773,-0.0301905162632465
2,21154,"P_read_write","Literacy",0.560541526466166,0.00311653781682253
2,21158,"P_read_write","Literacy",-0.172720219485685,0.015058746561408
2,21159,"P_read_write","Literacy",-2.55402639622886,0.0144893750548363
2,21160,"P_read_write","Literacy",0.068983230464629,0.011290667578578
2,21161,"P_read_write","Literacy",0.345184127159416,0.00289037032052875
2,21162,"P_read_write","Literacy",-3.13559384402805,0.0163291916251183
2,21164,"P_read_write","Literacy",0.669698357951742,0.00382342492230237
2,21166,"P_read_write","Literacy",-0.411307457639625,0.0131961675360799
2,21167,"P_read_write","Literacy",-2.4787960694259,0.0166801027953625
2,21170,"P_read_write","Literacy",0.0520850958134813,0.0153077719733119
2,21172,"P_read_write","Literacy",-0.53575902054245,0.0132027612999082
2,21174,"P_read_write","Literacy",0.792310604948637,-0.0207095090299845
2,21175,"P_read_write","Literacy",0.550550141394948,0.00713331857696176
2,21176,"P_read_write","Literacy",0.274374325367099,0.00192365411203355
2,21177,"P_read_write","Literacy",-0.42350166594794,0.0134954648092389
2,21179,"P_read_write","Literacy",-0.300269070047087,0.0134663693606853
2,21180,"P_read_write","Literacy",0.649324978556614,0.00355424708686769
2,21182,"P_read_write","Literacy",0.755135032982658,-0.0375630520284176
2,21183,"P_read_write","Literacy",-1.8705650309599,0.0177785642445087
2,21184,"P_read_write","Literacy",-1.35158409258939,0.0172436032444239
2,21185,"P_read_write","Literacy",0.242556633422663,0.00421383697539568
2,21186,"P_read_write","Literacy",0.0993109032086071,0.012353053316474
2,21188,"P_read_write","Literacy",0.396760941188396,0.00334863574244082
2,21192,"P_read_write","Literacy",-0.184461244168683,0.0139100169762969
2,21193,"P_read_write","Literacy",0.286192552492633,0.00230601895600557
2,21195,"P_read_write","Literacy",-1.92065649497928,0.0171538684517145
2,21197,"P_read_write","Literacy",0.173259288715098,0.0147581696510315
2,21198,"P_read_write","Literacy",-1.52902325265581,0.0129069788381457
2,21199,"P_read_write","Literacy",-0.567140466789474,0.0153910405933857
2,21201,"P_read_write","Literacy",0.00474884195532346,0.0127004124224186
2,21202,"P_read_write","Literacy",-0.987129785609371,0.0150572322309017
2,21203,"P_read_write","Literacy",-0.212776643045389,0.0176078081130981
2,21204,"P_read_write","Literacy",0.676118163491903,0.0066932812333107
2,21205,"P_read_write","Literacy",0.299331482413865,0.00354033568874002
2,21206,"P_read_write","Literacy",-0.52542177933068,0.0117730041965842
2,21207,"P_read_write","Literacy",-0.100471614259952,0.0128480279818177
2,21208,"P_read_write","Literacy",0.140991204352599,0.0137136876583099
2,21212,"P_read_write","Literacy",-0.553454729266439,0.0159637555480003
2,21213,"P_read_write","Literacy",-0.902151384961756,0.0141406478360295
2,21216,"P_read_write","Literacy",-1.73992117373757,0.0162012428045273
2,22001,"P_read_write","Literacy",-0.287766762139155,0.0115195112302899
2,22016,"P_read_write","Literacy",0.937257818203564,-0.0215505361557007
2,23001,"P_read_write","Literacy",1.03607964824597,-0.0239431988447905
2,23002,"P_read_write","Literacy",0.0484546638630443,0.0176704451441765
2,23003,"P_read_write","Literacy",0.978087242286593,-0.03363998234272
2,23004,"P_read_write","Literacy",0.832382570832624,-0.0227309186011553
2,23005,"P_read_write","Literacy",1.16794002655638,-0.0204061269760132
2,23006,"P_read_write","Literacy",-0.0558867187382426,0.0133582483977079
2,23007,"P_read_write","Literacy",0.361124977703561,0.00658411206677556
2,23008,"P_read_write","Literacy",1.1803176897443,-0.0204061269760132
2,23009,"P_read_write","Literacy",0.81927634895413,-0.0401883684098721
2,23010,"P_read_write","Literacy",-0.105707601601133,0.0170416887849569
2,23011,"P_read_write","Literacy",0.966551700138364,-0.0190936736762524
2,24001,"P_read_write","Literacy",0.106997327265684,0.0131622515618801
2,24025,"P_read_write","Literacy",0.657475145000859,0.00176687876228243
2,24033,"P_read_write","Literacy",-0.146592814784504,0.0106390938162804
2,24044,"P_read_write","Literacy",0.278584808939836,0.00171412818599492
2,24046,"P_read_write","Literacy",0.259434426687135,0.0015766933793202
2,24049,"P_read_write","Literacy",0.146264844131343,0.0122970398515463
2,25001,"P_read_write","Literacy",1.06271661627907,-0.0248153116554022
2,25002,"P_read_write","Literacy",0.745714407534708,-0.011751526966691
2,25003,"P_read_write","Literacy",-0.130371518000922,0.0159141700714827
2,25004,"P_read_write","Literacy",0.544993926926628,-0.000131715903989971
2,25006,"P_read_write","Literacy",1.02747165784589,-0.0241978000849485
2,25007,"P_read_write","Literacy",-0.231728621792643,0.0116229755803943
2,25009,"P_read_write","Literacy",0.600157924654534,0.00112556293606758
2,25010,"P_read_write","Literacy",0.614996255549188,0.00127679528668523
2,25011,"P_read_write","Literacy",0.719191091523928,-0.00947323814034462
2,25012,"P_read_write","Literacy",1.12395770918374,-0.0235711261630058
2,25013,"P_read_write","Literacy",0.25833521773103,0.000113108777441084
2,25014,"P_read_write","Literacy",0.631835537780955,0.000718590919859707
2,25015,"P_read_write","Literacy",0.983538714332106,-0.0216891374439001
2,25016,"P_read_write","Literacy",0.420979653847116,-0.000162765209097415
2,25017,"P_read_write","Literacy",0.0146817188698004,0.00999225303530693
2,25018,"P_read_write","Literacy",0.616592360209027,0.000886883237399161
2,26001,"P_read_write","Literacy",1.05217328543465,-0.0262800455093384
2,26002,"P_read_write","Literacy",1.19439473122966,-0.0248928237706423
2,26003,"P_read_write","Literacy",0.139553816106612,0.0139473117887974
2,26004,"P_read_write","Literacy",0.89906393281692,-0.026978338137269
2,26006,"P_read_write","Literacy",1.03281818647693,-0.0239655468612909
2,26007,"P_read_write","Literacy",1.24432873219857,-0.0225678496062756
2,26008,"P_read_write","Literacy",0.875621691137512,-0.01878996565938
2,26010,"P_read_write","Literacy",0.94539249695203,-0.0215286947786808
2,26011,"P_read_write","Literacy",1.11255437625701,-0.0209011118859053
2,26013,"P_read_write","Literacy",0.987399280702042,-0.0242317132651806
2,26014,"P_read_write","Literacy",0.945914119783526,-0.0195167791098356
2,26015,"P_read_write","Literacy",1.0859206179061,-0.0238547157496214
2,26016,"P_read_write","Literacy",1.03120129309514,-0.0251953657716513
2,26017,"P_read_write","Literacy",0.999597852075461,-0.0242269486188889
2,26019,"P_read_write","Literacy",1.25858823906613,-0.0237870942801237
2,26020,"P_read_write","Literacy",0.90251346918155,-0.0222563836723566
2,26021,"P_read_write","Literacy",0.867210459203448,-0.0262825693935156
2,26022,"P_read_write","Literacy",0.861436081172729,-0.0187882389873266
2,26023,"P_read_write","Literacy",1.10275475784356,-0.0219333618879318
2,26024,"P_read_write","Literacy",1.05411418767896,-0.0273752771317959
2,26025,"P_read_write","Literacy",1.08932845623181,-0.0243669338524342
2,26026,"P_read_write","Literacy",0.847748569769456,-0.0484461560845375
2,26027,"P_read_write","Literacy",1.13808127766148,-0.0252219811081886
2,26028,"P_read_write","Literacy",0.990599797676985,-0.0221433565020561
2,26029,"P_read_write","Literacy",1.08753670732126,-0.0243266113102436
2,26030,"P_read_write","Literacy",1.1928608133893,-0.0250923782587051
2,26031,"P_read_write","Literacy",0.801488340737153,-0.0225628912448883
2,26032,"P_read_write","Literacy",1.21436837738148,-0.0222969818860292
2,26033,"P_read_write","Literacy",0.886545352830375,-0.0209228694438934
2,26034,"P_read_write","Literacy",1.22617545720035,-0.021940728649497
2,26035,"P_read_write","Literacy",1.04301109197041,-0.0260097272694111
2,26036,"P_read_write","Literacy",1.1732108411139,-0.023816242814064
2,26038,"P_read_write","Literacy",1.19544785949794,-0.0237800106406212
2,26039,"P_read_write","Literacy",1.1881684971493,-0.0269132629036903
2,26040,"P_read_write","Literacy",1.00181120830625,-0.0258654523640871
2,26041,"P_read_write","Literacy",1.2048757309529,-0.0251116920262575
2,26042,"P_read_write","Literacy",1.01215628613129,-0.0269542820751667
2,26043,"P_read_write","Literacy",1.25466651866463,-0.024621894583106
2,26045,"P_read_write","Literacy",1.09084207391456,-0.0229947436600924
2,26046,"P_read_write","Literacy",1.35225820450734,-0.0223929863423109
2,26047,"P_read_write","Literacy",0.935201256081785,-0.0217211432754993
2,26048,"P_read_write","Literacy",1.15686747642645,-0.0248678252100945
2,26050,"P_read_write","Literacy",0.951420136842546,-0.0191407520323992
2,26053,"P_read_write","Literacy",1.02504345596117,-0.0271716695278883
2,26055,"P_read_write","Literacy",1.06087636653497,-0.0261411592364311
2,26056,"P_read_write","Literacy",0.0365160499485026,0.0149076543748379
2,26058,"P_read_write","Literacy",1.18931401355305,-0.0224238950759172
2,26059,"P_read_write","Literacy",1.18450887090263,-0.0227910485118628
2,26060,"P_read_write","Literacy",0.684647069342933,0.00137700536288321
2,26063,"P_read_write","Literacy",1.04148640737767,-0.023793188855052
2,26064,"P_read_write","Literacy",1.00939701181563,-0.0246828682720661
2,26065,"P_read_write","Literacy",0.907797102884046,-0.0186408702284098
2,26066,"P_read_write","Literacy",0.963503066891576,-0.0193969085812569
2,26067,"P_read_write","Literacy",1.10187930723308,-0.0223326627165079
2,26070,"P_read_write","Literacy",0.984141612006381,-0.0235697701573372
2,26071,"P_read_write","Literacy",0.789010289945717,-0.023302873596549
2,26072,"P_read_write","Literacy",0.766349460548267,-0.0231639463454485
2,27001,"P_read_write","Literacy",0.253074899061047,0.00204149493947625
2,27002,"P_read_write","Literacy",0.616473934892473,0.00307209137827158
2,27003,"P_read_write","Literacy",0.641962212915058,0.00561803951859474
2,27004,"P_read_write","Literacy",0.969533011486455,-0.022004833444953
2,27005,"P_read_write","Literacy",0.653478594889132,0.00330260675400496
2,27006,"P_read_write","Literacy",0.62717086665533,0.00474799610674381
2,27007,"P_read_write","Literacy",0.714292775324482,-0.00805520918220282
2,27008,"P_read_write","Literacy",0.408067583727425,0.00487080309540033
2,27009,"P_read_write","Literacy",0.555189091772505,0.00242722244001925
2,27010,"P_read_write","Literacy",0.695439774146947,-0.0143538219854236
2,27011,"P_read_write","Literacy",0.315109031872865,0.00705737946555018
2,27012,"P_read_write","Literacy",0.635438599820989,0.00516586331650615
2,27013,"P_read_write","Literacy",0.677001333212841,0.00114984624087811
2,27014,"P_read_write","Literacy",0.974651496011264,-0.0374107211828232
2,27015,"P_read_write","Literacy",0.499510522412813,0.00492387590929866
2,27016,"P_read_write","Literacy",0.356673771058408,0.00261424481868744
2,27017,"P_read_write","Literacy",0.36473925198602,0.0018971759127453
2,28001,"P_read_write","Literacy",0.544436817213862,-0.000195108033949509
2,28002,"P_read_write","Literacy",0.5972173156636,0.000644155777990818
2,28003,"P_read_write","Literacy",1.03301910186276,-0.0250858962535858
2,28005,"P_read_write","Literacy",0.734403838958595,-0.0132750021293759
2,28007,"P_read_write","Literacy",0.827418705583991,-0.0191146954894066
2,28010,"P_read_write","Literacy",0.537096681171722,-0.000290355150355026
2,28014,"P_read_write","Literacy",1.07178841915572,-0.0259029995650053
2,28015,"P_read_write","Literacy",0.809880811388203,-0.0196746159344912
2,28016,"P_read_write","Literacy",0.682906472294381,0.00502757681533694
2,28018,"P_read_write","Literacy",0.734440147328855,-0.0116637954488397
2,28020,"P_read_write","Literacy",0.76967368428214,-0.0161138642579317
2,28022,"P_read_write","Literacy",1.09334614242032,-0.0256172511726618
2,28023,"P_read_write","Literacy",0.622866357122786,0.00240425067022443
2,28024,"P_read_write","Literacy",1.07209430063199,-0.0253182798624039
2,28025,"P_read_write","Literacy",1.04978567149645,-0.0225558634847403
2,28027,"P_read_write","Literacy",1.10698010139967,-0.0249395687133074
2,28030,"P_read_write","Literacy",0.668114457093182,0.0021789267193526
2,28032,"P_read_write","Literacy",1.1508339139817,-0.0254486314952374
2,28033,"P_read_write","Literacy",0.939659830359671,-0.0211142934858799
2,28034,"P_read_write","Literacy",0.632842528671462,0.00753854541108012
2,28035,"P_read_write","Literacy",0.706061783434196,-0.00849876645952463
2,28036,"P_read_write","Literacy",0.536575395387778,0.00600304268300533
2,28037,"P_read_write","Literacy",0.529656630629512,0.0013286197790876
2,28038,"P_read_write","Literacy",1.18682439789371,-0.0223692804574966
2,28040,"P_read_write","Literacy",0.9210347496012,-0.0194062367081642
2,28042,"P_read_write","Literacy",0.813955958515366,-0.0218017604202032
2,29003,"P_read_write","Literacy",0.551483842480559,0.001876947353594
2,29004,"P_read_write","Literacy",0.455578529228828,0.00530471280217171
2,29006,"P_read_write","Literacy",0.90795190356808,-0.0318845883011818
2,29007,"P_read_write","Literacy",-0.207572853537346,0.0153879346325994
2,29008,"P_read_write","Literacy",0.450306036648634,0.00528164766728878
2,29010,"P_read_write","Literacy",1.04971760850543,-0.0272707007825375
2,29012,"P_read_write","Literacy",0.731542147539026,-0.0203706678003073
2,29013,"P_read_write","Literacy",0.73840792368074,-0.0181596130132675
2,29014,"P_read_write","Literacy",0.632275297224865,0.00379916373640299
2,29015,"P_read_write","Literacy",0.946500322781336,-0.0248234402388334
2,29020,"P_read_write","Literacy",0.686715752807876,-0.0163329131901264
2,29021,"P_read_write","Literacy",0.714784255591399,-0.011873452924192
2,29023,"P_read_write","Literacy",0.950446861014525,-0.0277878921478987
2,29025,"P_read_write","Literacy",0.480252564270269,0.00555082596838474
2,29026,"P_read_write","Literacy",1.04799052840367,-0.0350257195532322
2,29030,"P_read_write","Literacy",0.295804637441872,0.0033376116771251
2,29031,"P_read_write","Literacy",0.904730223717474,-0.022119015455246
2,29033,"P_read_write","Literacy",1.20986697538848,-0.02353410795331
2,29034,"P_read_write","Literacy",0.434315079399117,0.00158941873814911
2,29037,"P_read_write","Literacy",0.0436194064776601,0.0170324575155973
2,29039,"P_read_write","Literacy",0.955957492635904,-0.0330970026552677
2,29040,"P_read_write","Literacy",0.856448051572982,-0.027951180934906
2,29045,"P_read_write","Literacy",0.754638303225883,-0.0280141513794661
2,29046,"P_read_write","Literacy",0.26991216519186,0.00343837984837592
2,29050,"P_read_write","Literacy",0.747054120018494,-0.0190331600606441
2,29052,"P_read_write","Literacy",0.569614904292844,0.00271628773771226
2,30003,"P_read_write","Literacy",0.00704201455094744,0.0121446074917912
2,30004,"P_read_write","Literacy",-0.136517822336531,0.011199438944459
2,30005,"P_read_write","Literacy",-0.89187041316886,0.0131787285208702
2,30006,"P_read_write","Literacy",-0.100293359395334,0.0133346002548933
2,30007,"P_read_write","Literacy",0.0117797518138282,0.0111558688804507
2,30008,"P_read_write","Literacy",-1.26044674883832,0.0133397514000535
2,30009,"P_read_write","Literacy",-0.477316288131503,0.0112211955711246
2,30010,"P_read_write","Literacy",-0.349881532804799,0.0183657146990299
2,30011,"P_read_write","Literacy",0.365927796065815,0.00176697457209229
2,30014,"P_read_write","Literacy",0.625160799573408,0.00317928125150502
2,30015,"P_read_write","Literacy",-0.56453467795089,0.0112897465005517
2,30016,"P_read_write","Literacy",0.783131634349825,-0.0191774927079678
2,30017,"P_read_write","Literacy",0.368999411420468,0.00101968040689826
2,30020,"P_read_write","Literacy",-1.92415393332538,0.0176388137042522
2,30021,"P_read_write","Literacy",0.484476937912773,0.000378707773052156
2,30022,"P_read_write","Literacy",-0.548086493536156,0.0178050957620144
2,30023,"P_read_write","Literacy",-0.785799304590986,0.0122545473277569
2,30024,"P_read_write","Literacy",-0.618035471757175,0.013357070274651
2,30025,"P_read_write","Literacy",-2.82393339886631,0.0142513941973448
2,30028,"P_read_write","Literacy",1.07697652512995,-0.0226729791611433
2,30031,"P_read_write","Literacy",-0.656923324654414,0.0132475066930056
2,30032,"P_read_write","Literacy",-0.509244431692602,0.0120024001225829
2,30037,"P_read_write","Literacy",-2.02254814485084,0.0164159499108791
2,30038,"P_read_write","Literacy",0.635286855240907,0.0026670265942812
2,30039,"P_read_write","Literacy",0.931100251119935,-0.022015668451786
2,30042,"P_read_write","Literacy",-0.383290949852347,0.0111348014324903
2,30043,"P_read_write","Literacy",-0.835296273418196,0.0148029532283545
2,30044,"P_read_write","Literacy",0.877926574847169,-0.0217969249933958
2,30046,"P_read_write","Literacy",-0.564888385134882,0.0148109346628189
2,30047,"P_read_write","Literacy",-1.08522193037718,0.0171538684517145
2,30048,"P_read_write","Literacy",0.670331364176621,0.00424180459231138
2,30049,"P_read_write","Literacy",-0.128968835345551,0.0122532211244106
2,30050,"P_read_write","Literacy",-1.64719677510498,0.0164995342493057
2,30052,"P_read_write","Literacy",0.0809579383583263,0.0115362713113427
2,30053,"P_read_write","Literacy",0.386592510294696,0.000625400978606194
2,30057,"P_read_write","Literacy",-0.845637091250778,0.0140551850199699
2,30059,"P_read_write","Literacy",0.0960194390537927,0.0144589729607105
2,30061,"P_read_write","Literacy",-0.0606973242388985,0.0159391649067402
2,30065,"P_read_write","Literacy",0.927914908499929,-0.0246307868510485
2,30066,"P_read_write","Literacy",-0.704138002265231,0.0170250162482262
2,30067,"P_read_write","Literacy",-2.52642382715696,0.0177785642445087
2,30068,"P_read_write","Literacy",0.824064461941988,-0.0223050061613321
2,30070,"P_read_write","Literacy",0.147639157071646,0.0124523499980569
2,30071,"P_read_write","Literacy",0.181662542826367,0.0129005629569292
2,30073,"P_read_write","Literacy",-0.767883765619913,0.0138172069564462
2,30075,"P_read_write","Literacy",-0.922875248459238,0.0114418650045991
2,30077,"P_read_write","Literacy",-0.156955988043266,0.0116594955325127
2,30079,"P_read_write","Literacy",-0.809917169942192,0.0151310414075851
2,30080,"P_read_write","Literacy",-0.00878495618032874,0.0133490888401866
2,30082,"P_read_write","Literacy",0.362087746306055,0.00446082977578044
2,30084,"P_read_write","Literacy",-0.517406734940907,0.0107254460453987
2,30087,"P_read_write","Literacy",1.00654675939831,-0.0237901769578457
2,30089,"P_read_write","Literacy",0.429294860212042,0.00332217896357179
2,30090,"P_read_write","Literacy",0.217774988477407,0.0015963549958542
2,30091,"P_read_write","Literacy",-0.219162791243744,0.0122781954705715
2,30092,"P_read_write","Literacy",-0.115605810031147,0.0148345828056335
2,30093,"P_read_write","Literacy",0.555969744409063,0.0019781831651926
2,30094,"P_read_write","Literacy",-0.354643777650706,0.0114078894257545
2,30095,"P_read_write","Literacy",-0.830404983681023,0.0118890479207039
2,30097,"P_read_write","Literacy",0.254507903627401,0.00178591744042933
2,30099,"P_read_write","Literacy",-0.318695193800004,0.0134704289957881
2,30100,"P_read_write","Literacy",0.248583870299134,0.0015963549958542
2,30101,"P_read_write","Literacy",0.101012138875126,0.0129632223397493
2,30102,"P_read_write","Literacy",0.568547143831742,0.00252698548138142
2,30104,"P_read_write","Literacy",-1.26837258179158,0.0177439022809267
2,30105,"P_read_write","Literacy",0.968136543080908,-0.0247478615492582
2,30107,"P_read_write","Literacy",-0.823719876365294,0.0177785642445087
2,30108,"P_read_write","Literacy",0.645483516701603,0.000583755725529045
2,30109,"P_read_write","Literacy",0.396796167295873,0.00153087207581848
2,30110,"P_read_write","Literacy",-4.1772101882298,0.0176388137042522
2,30111,"P_read_write","Literacy",0.246274992524447,0.00169681059196591
2,30112,"P_read_write","Literacy",0.295783090105239,0.00287702912464738
2,30114,"P_read_write","Literacy",0.377742079631916,0.000820622779428959
2,30115,"P_read_write","Literacy",0.526559404814521,0.00252052419818938
2,30116,"P_read_write","Literacy",0.057705099880922,0.012464358471334
2,30117,"P_read_write","Literacy",-0.274719467923073,0.0126932319253683
2,30118,"P_read_write","Literacy",1.09586267137824,-0.021964767947793
2,30122,"P_read_write","Literacy",-1.33901102634075,0.0174786262214184
2,30125,"P_read_write","Literacy",-0.00404997714145452,0.0123556889593601
2,30126,"P_read_write","Literacy",0.429973061730714,0.0013286197790876
2,30127,"P_read_write","Literacy",-1.91728538659095,0.0177826248109341
2,30128,"P_read_write","Literacy",0.38758941243462,0.00322638498619199
2,30130,"P_read_write","Literacy",-0.497376024680117,0.0117984069511294
2,30132,"P_read_write","Literacy",-0.0182480764187465,0.0153789995238185
2,30133,"P_read_write","Literacy",0.825441071340841,-0.0291634481400251
2,30134,"P_read_write","Literacy",0.446335586592312,0.00129546679090708
2,30136,"P_read_write","Literacy",0.488029956121749,0.00452605774626136
2,30138,"P_read_write","Literacy",1.0178510477581,-0.0233052484691143
2,30139,"P_read_write","Literacy",-0.511768256132409,0.012843856588006
2,30140,"P_read_write","Literacy",-0.631508736358593,0.0161468870937824
2,30141,"P_read_write","Literacy",-0.56756677216091,0.0163136422634125
2,30142,"P_read_write","Literacy",-0.395966589875326,0.0114765940234065
2,30143,"P_read_write","Literacy",-0.919932534724872,0.0133851645514369
2,30144,"P_read_write","Literacy",-0.410811346318726,0.0120014464482665
2,30145,"P_read_write","Literacy",0.320295861807745,0.00473043136298656
2,30147,"P_read_write","Literacy",-1.9711207634825,0.0175225324928761
2,30148,"P_read_write","Literacy",0.101570719434551,0.0117692407220602
2,30149,"P_read_write","Literacy",-2.21864981753784,0.0176388137042522
2,30156,"P_read_write","Literacy",-0.713396045044378,0.0177785642445087
2,30159,"P_read_write","Literacy",-3.76785600602934,0.0177785642445087
2,30162,"P_read_write","Literacy",-0.577329475106209,0.0128943827003241
2,30163,"P_read_write","Literacy",-0.37091314854708,0.0120555674657226
2,30164,"P_read_write","Literacy",0.445269425818676,0.00227093510329723
2,30165,"P_read_write","Literacy",-0.0724290208474394,0.0129064237698913
2,30166,"P_read_write","Literacy",-1.18394909334792,0.0129119902849197
2,30168,"P_read_write","Literacy",-1.48895950372316,0.0177785642445087
2,30172,"P_read_write","Literacy",-0.191238124276178,0.0117984069511294
2,30173,"P_read_write","Literacy",-0.41254237101065,0.0122586069628596
2,30174,"P_read_write","Literacy",0.241668352329214,0.000395526876673102
2,30177,"P_read_write","Literacy",-0.259051148669883,0.0153789995238185
2,30178,"P_read_write","Literacy",-0.260363794276844,0.0112068671733141
2,30179,"P_read_write","Literacy",0.539862965458029,0.00284475204534829
2,30181,"P_read_write","Literacy",-0.137473265566076,0.0112554337829351
2,30182,"P_read_write","Literacy",0.281481370866254,0.000983722391538322
2,30183,"P_read_write","Literacy",0.200588772995939,0.0136036444455385
2,30184,"P_read_write","Literacy",-2.11067826479063,0.0168897155672312
2,30186,"P_read_write","Literacy",0.415682273345832,0.0019781831651926
2,30187,"P_read_write","Literacy",-0.549369219215454,0.0134663693606853
2,30188,"P_read_write","Literacy",-0.354034672941693,0.0148029532283545
2,30191,"P_read_write","Literacy",0.665939133638022,0.000691311783157289
2,30192,"P_read_write","Literacy",0.256845750999955,0.00145741179585457
2,30193,"P_read_write","Literacy",1.08488229602341,-0.0232873763889074
2,30194,"P_read_write","Literacy",-0.0831082302995533,0.0153789995238185
2,30195,"P_read_write","Literacy",-1.65947087605189,0.0173787213861942
2,30196,"P_read_write","Literacy",0.333083632500791,-0.000126555183669552
2,30197,"P_read_write","Literacy",-0.441934725459201,0.0117788184434175
2,30200,"P_read_write","Literacy",0.175130138666328,0.0125902155414224
2,30201,"P_read_write","Literacy",-1.51879208762689,0.0175855346024036
2,30204,"P_read_write","Literacy",0.70218282168914,-0.0120262131094933
2,30209,"P_read_write","Literacy",-1.08150042446752,0.0183726567775011
2,30210,"P_read_write","Literacy",-0.0790110019194504,0.0134704289957881
2,30211,"P_read_write","Literacy",0.443892068112413,0.000176416971953586
2,31001,"P_read_write","Literacy",-0.62207513406452,0.0165038537234068
2,31002,"P_read_write","Literacy",0.286907859133118,0.00346364662982523
2,31003,"P_read_write","Literacy",-0.371911819413607,0.0177410207688808
2,31005,"P_read_write","Literacy",-0.0946606423477445,0.0140842469409108
2,31006,"P_read_write","Literacy",-0.171190806950676,0.0136307924985886
2,31007,"P_read_write","Literacy",0.44501731115743,0.00416938913986087
2,31008,"P_read_write","Literacy",-0.661088206827134,0.0160789713263512
2,31009,"P_read_write","Literacy",0.0275983437697161,0.0144039522856474
2,31010,"P_read_write","Literacy",-1.13808760393862,0.0174728985875845
2,31011,"P_read_write","Literacy",0.423557968671926,0.00684159621596336
2,31012,"P_read_write","Literacy",-0.00122098448808197,0.0118859419599175
2,31013,"P_read_write","Literacy",1.00861371330425,-0.0242056995630264
2,31014,"P_read_write","Literacy",-0.704520218312364,0.0172186177223921
2,31015,"P_read_write","Literacy",0.187326118793426,0.0168649107217789
2,31016,"P_read_write","Literacy",-0.48172404759494,0.0154014695435762
2,31017,"P_read_write","Literacy",-0.407315281930991,0.017483327537775
2,31018,"P_read_write","Literacy",-0.166031808691653,0.0165234431624413
2,31019,"P_read_write","Literacy",-1.41606168409897,0.0177826248109341
2,31020,"P_read_write","Literacy",0.558787378456852,0.00265279575251043
2,31021,"P_read_write","Literacy",-1.13570221430812,0.0177826248109341
2,31022,"P_read_write","Literacy",-0.98568149640035,0.0177785642445087
2,31023,"P_read_write","Literacy",0.170037608864492,0.0142579507082701
2,31024,"P_read_write","Literacy",-1.16114636074662,0.017202515155077
2,31025,"P_read_write","Literacy",0.448972108601738,0.00639574369415641
2,31026,"P_read_write","Literacy",0.0201552639224425,0.00998225342482328
2,31027,"P_read_write","Literacy",0.547910123161373,0.00290391314774752
2,31028,"P_read_write","Literacy",0.557593813708473,0.00151896255556494
2,31029,"P_read_write","Literacy",0.153864041931067,0.0141429863870144
2,31030,"P_read_write","Literacy",-0.548710891133646,0.0174953695386648
2,31031,"P_read_write","Literacy",-0.459005737675029,0.0155202178284526
2,31032,"P_read_write","Literacy",-0.486057816359488,0.0151310414075851
2,31033,"P_read_write","Literacy",-0.263339769554055,0.0148345828056335
2,31034,"P_read_write","Literacy",-0.464511875329043,0.016516849398613
2,31035,"P_read_write","Literacy",-0.520256312232398,0.0172316133975983
2,31036,"P_read_write","Literacy",-0.206085522471495,0.0181954223662615
2,31037,"P_read_write","Literacy",0.0138228279106135,0.0172391850501299
2,31038,"P_read_write","Literacy",0.0877896582670965,0.0148186068981886
2,31040,"P_read_write","Literacy",-0.100224160543755,0.0141813801601529
2,31041,"P_read_write","Literacy",0.929234491926689,-0.017374861985445
2,31042,"P_read_write","Literacy",-0.452670104349722,0.0165717583149672
2,31044,"P_read_write","Literacy",-0.144370965367692,0.0168959032744169
2,31045,"P_read_write","Literacy",0.502039678800593,0.00412816414609551
2,31046,"P_read_write","Literacy",-0.504477680510615,0.0148159479722381
2,31047,"P_read_write","Literacy",-0.445212004756481,0.0166028589010239
2,31048,"P_read_write","Literacy",-0.0317388015263868,0.0144208194687963
2,31049,"P_read_write","Literacy",-1.07880420278156,0.0161244161427021
2,31050,"P_read_write","Literacy",1.12863013034161,-0.0235711261630058
2,31052,"P_read_write","Literacy",0.29175610985625,0.00232897442765534
2,31053,"P_read_write","Literacy",0.203648074261581,0.00317659019492567
2,31054,"P_read_write","Literacy",-0.0260388048398844,0.0133969457820058
2,31055,"P_read_write","Literacy",0.452460406465601,0.00513658719137311
2,31056,"P_read_write","Literacy",-0.358591090990192,0.0134198097512126
2,31057,"P_read_write","Literacy",-0.34623009155694,0.0160949341952801
2,31058,"P_read_write","Literacy",-0.185850730433193,0.0169954989105463
2,31059,"P_read_write","Literacy",0.934645433746366,-0.0218694042414427
2,31060,"P_read_write","Literacy",-0.246558416210758,0.0138106131926179
2,31061,"P_read_write","Literacy",0.346900582532836,0.00428156927227974
2,31062,"P_read_write","Literacy",0.0310065160508037,0.0169715210795403
2,31063,"P_read_write","Literacy",0.382585228259075,0.00584768271073699
2,31065,"P_read_write","Literacy",0.911916204310344,-0.0328183397650719
2,31066,"P_read_write","Literacy",-0.435923820443482,0.016826193779707
2,31067,"P_read_write","Literacy",0.201057223741572,0.00430224137380719
2,31068,"P_read_write","Literacy",0.198925170183178,0.0110838832333684
2,31069,"P_read_write","Literacy",-0.457315770940889,0.0172065757215023
2,31070,"P_read_write","Literacy",0.361849276401678,0.00406720070168376
2,31071,"P_read_write","Literacy",0.0349221427974748,0.0169591549783945
2,31072,"P_read_write","Literacy",0.901765870911819,-0.0281828660517931
2,31073,"P_read_write","Literacy",-0.785304916644728,0.0177826248109341
2,31074,"P_read_write","Literacy",0.235401250975468,0.00340864597819746
2,31075,"P_read_write","Literacy",-1.12615923647581,0.0176271386444569
2,31076,"P_read_write","Literacy",-0.276813700004766,0.016516849398613
2,31077,"P_read_write","Literacy",-1.17468408285791,0.0169594790786505
2,31078,"P_read_write","Literacy",-0.573798639161367,0.0153321903198957
2,31079,"P_read_write","Literacy",-0.141820708978561,0.0152622014284134
2,31080,"P_read_write","Literacy",-0.369305660544223,0.0151949999853969
2,31081,"P_read_write","Literacy",-1.13126497503722,0.0176046676933765
2,31082,"P_read_write","Literacy",0.717257081747446,-0.00669293431565166
2,31083,"P_read_write","Literacy",0.535661537847963,0.000817554246168584
2,31084,"P_read_write","Literacy",-0.393149314520345,0.0179625768214464
2,31085,"P_read_write","Literacy",-0.822913360740417,0.0159690324217081
2,31086,"P_read_write","Literacy",-0.636330399492705,0.0156346224248409
2,31087,"P_read_write","Literacy",-0.487085309429999,0.0162161830812693
2,31088,"P_read_write","Literacy",-0.36561922819452,0.0153191955760121
2,31089,"P_read_write","Literacy",0.416819324393167,0.00419712113216519
2,31090,"P_read_write","Literacy",-0.636263268278403,0.0160962697118521
2,31091,"P_read_write","Literacy",-0.15862033194835,0.0183856524527073
2,31092,"P_read_write","Literacy",-0.29818189019583,0.0184899363666773
2,31093,"P_read_write","Literacy",0.688311822423016,-0.0142872259020805
2,31094,"P_read_write","Literacy",-0.439363438127392,0.0183461252599955
2,31096,"P_read_write","Literacy",-0.095693605483576,0.0129875736311078
2,31097,"P_read_write","Literacy",-0.345187016994541,0.0152031192556024
2,31098,"P_read_write","Literacy",-0.249320256004572,0.0151085713878274
2,31099,"P_read_write","Literacy",-0.968921421374083,0.01767847687006
2,31101,"P_read_write","Literacy",0.738800344950549,-0.0147047964856029
2,31102,"P_read_write","Literacy",0.0709309035510564,0.0111767183989286
2,31103,"P_read_write","Literacy",-0.0105912249345168,0.0172316133975983
2,31104,"P_read_write","Literacy",-0.837482556587798,0.0175121948122978
2,31105,"P_read_write","Literacy",0.801925945962761,-0.0307535082101822
2,32001,"P_read_write","Literacy",0.527449503078719,2.5088811526075e-05
2,32002,"P_read_write","Literacy",0.806534277580115,-0.0221820008009672
2,32003,"P_read_write","Literacy",0.867843680850157,-0.0187115874141455
2,32004,"P_read_write","Literacy",0.692267348590931,-0.00951978750526905
2,32005,"P_read_write","Literacy",0.848309204566713,-0.0212066955864429
2,32006,"P_read_write","Literacy",0.900266945204027,-0.0203368496149778
2,32007,"P_read_write","Literacy",0.795710440714121,-0.0227197743952274
2,32008,"P_read_write","Literacy",0.620589390639283,0.00171999947633594
2,32009,"P_read_write","Literacy",0.612170395273526,0.000979127245955169
2,32010,"P_read_write","Literacy",0.934871242206915,-0.0210831332951784
2,32011,"P_read_write","Literacy",0.568217669026811,0.000756726542022079
2,32012,"P_read_write","Literacy",0.519246557255394,0.00237787328660488
2,32013,"P_read_write","Literacy",0.805574557866489,-0.0199009962379932
2,32014,"P_read_write","Literacy",0.691340200864149,-0.00846666842699051
2,32015,"P_read_write","Literacy",0.49817224985389,0.000548753538168967
2,32016,"P_read_write","Literacy",0.435411908407827,0.001911950414069
2,32017,"P_read_write","Literacy",1.16510245722814,-0.0250553600490093
2,32018,"P_read_write","Literacy",0.547121840056835,-0.000152858934598044
2,32019,"P_read_write","Literacy",0.712968976226504,-0.00941203255206347
2,32020,"P_read_write","Literacy",0.907331994784319,-0.0189271178096533
2,32021,"P_read_write","Literacy",0.102025184252857,0.0114532932639122
2,32022,"P_read_write","Literacy",0.91076402322931,-0.0197781808674335
2,32023,"P_read_write","Literacy",0.613557622185638,0.000595549703575671
2,32024,"P_read_write","Literacy",0.77715770252293,-0.0205478593707085
2,32025,"P_read_write","Literacy",0.655011349039322,0.00075234001269564
2,32026,"P_read_write","Literacy",0.164068900759295,0.0105152064934373
2,32027,"P_read_write","Literacy",0.0942286837635466,0.0136681934818625
2,32028,"P_read_write","Literacy",0.283565013264303,0.00100531079806387
2,32029,"P_read_write","Literacy",0.94010792734991,-0.019830409437418
2,32030,"P_read_write","Literacy",0.763645378542333,-0.0135764656588435
2,32031,"P_read_write","Literacy",0.733970421574592,-0.010911637917161
2,32032,"P_read_write","Literacy",1.04381138406893,-0.0318181067705154
2,32033,"P_read_write","Literacy",0.318700078734561,-0.000489397963974625
2,32034,"P_read_write","Literacy",0.676612787474521,0.000660162186250091
2,32035,"P_read_write","Literacy",0.527076904740179,0.00190824898891151
2,32036,"P_read_write","Literacy",0.600173108286008,0.0014184657484293
2,32037,"P_read_write","Literacy",0.664381623499729,0.00282952189445496
2,32038,"P_read_write","Literacy",0.311790743061945,0.000838488747831434
2,32039,"P_read_write","Literacy",0.826502121772693,-0.0191403515636921
2,32040,"P_read_write","Literacy",0.78629567597682,-0.0223446860909462
2,32041,"P_read_write","Literacy",-0.588263642993872,0.0099508510902524
2,32042,"P_read_write","Literacy",0.843376021983327,-0.0197781808674335
2,32043,"P_read_write","Literacy",0.433789082164527,-0.000317845318932086
2,32044,"P_read_write","Literacy",0.645253509061458,0.00230414280667901
2,32045,"P_read_write","Literacy",0.835076758895274,-0.0198548901826143
2,32046,"P_read_write","Literacy",0.578589433390612,0.00012158764002379
2,32047,"P_read_write","Literacy",0.827524734353419,-0.0183685459196568
2,32048,"P_read_write","Literacy",0.782289090712284,-0.0208245404064655
2,32049,"P_read_write","Literacy",0.672759246536132,0.000906412489712238
2,32050,"P_read_write","Literacy",0.743423189196452,-0.0205877814441919
2,32051,"P_read_write","Literacy",0.565444112965332,0.00238655786961317
2,32052,"P_read_write","Literacy",0.875766653537491,-0.0224505551159382
2,32053,"P_read_write","Literacy",0.531691320735822,0.00143421057146043
2,32054,"P_read_write","Literacy",0.304450183391229,0.00255508278496563
2,32055,"P_read_write","Literacy",0.79248971428549,-0.0193564649671316
2,32056,"P_read_write","Literacy",1.16548374356,-0.0237870942801237
2,32057,"P_read_write","Literacy",0.559732275293266,0.00280993524938822
2,32058,"P_read_write","Literacy",0.645131912199588,0.00187073543202132
2,1001,"P_age_15_39","Population 15-39",1.12997789818565,-0.0075346203520894
2,1002,"P_age_15_39","Population 15-39",0.919342893403225,-0.0119294766336679
2,1003,"P_age_15_39","Population 15-39",0.255366543349024,-0.00787191186100245
2,1004,"P_age_15_39","Population 15-39",0.903444223404066,-0.0110925631597638
2,1005,"P_age_15_39","Population 15-39",1.25749797233283,-0.00468521099537611
2,1006,"P_age_15_39","Population 15-39",1.1541414032518,-0.00751717248931527
2,1007,"P_age_15_39","Population 15-39",1.03077747947585,-0.00963588152080774
2,1008,"P_age_15_39","Population 15-39",0.777201514810512,-0.0107875242829323
2,1009,"P_age_15_39","Population 15-39",1.03827371951746,-0.0141761712729931
2,1010,"P_age_15_39","Population 15-39",0.807263161830046,-0.0108211077749729
2,1011,"P_age_15_39","Population 15-39",1.71653163453583,-0.0446820929646492
2,2001,"P_age_15_39","Population 15-39",0.964063005852885,-0.00192571675870568
2,2002,"P_age_15_39","Population 15-39",1.04690321451465,-0.00666222581639886
2,2003,"P_age_15_39","Population 15-39",0.989735653188107,-0.0020074334461242
2,2004,"P_age_15_39","Population 15-39",1.64678035791215,-0.0139475064352155
2,2005,"P_age_15_39","Population 15-39",1.01836556071825,-0.00477172853425145
2,2006,"P_age_15_39","Population 15-39",1.96822971854635,-0.0540654882788658
2,3002,"P_age_15_39","Population 15-39",0.708288658025085,-0.00159691565204412
2,3008,"P_age_15_39","Population 15-39",2.2903722718854,-0.040309701114893
2,3009,"P_age_15_39","Population 15-39",0.293041219491446,-0.00423656357452273
2,4001,"P_age_15_39","Population 15-39",0.928632353840153,-0.00458560744300485
2,4002,"P_age_15_39","Population 15-39",0.718986529599275,-0.00370091036893427
2,4003,"P_age_15_39","Population 15-39",1.14999998752886,-0.0107790529727936
2,4004,"P_age_15_39","Population 15-39",0.645833130978664,-0.00633597373962402
2,4005,"P_age_15_39","Population 15-39",0.863664529199146,-0.00337915448471904
2,4006,"P_age_15_39","Population 15-39",0.744206284865478,-0.00402572378516197
2,4007,"P_age_15_39","Population 15-39",-0.535805041431919,0.0090942895039916
2,4008,"P_age_15_39","Population 15-39",0.801863633034653,-0.00516668939962983
2,4009,"P_age_15_39","Population 15-39",0.691713843161823,-0.00592102156952024
2,4010,"P_age_15_39","Population 15-39",0.546247316312826,-0.00314841186627746
2,4011,"P_age_15_39","Population 15-39",0.198652489219776,-0.00124420376960188
2,4012,"P_age_15_39","Population 15-39",0.460077588882537,-0.00187441566959023
2,5001,"P_age_15_39","Population 15-39",-1.81778015957678,0.0141683211550117
2,5002,"P_age_15_39","Population 15-39",1.20274008039278,-0.0086382981389761
2,5003,"P_age_15_39","Population 15-39",0.122011147869641,0.00720876641571522
2,5004,"P_age_15_39","Population 15-39",0.640879668396101,-0.00600433815270662
2,5005,"P_age_15_39","Population 15-39",-1.58358806540861,0.0173216909170151
2,5006,"P_age_15_39","Population 15-39",0.211690972985629,-0.00595305906608701
2,5007,"P_age_15_39","Population 15-39",-0.785248993049375,0.0125069571658969
2,5008,"P_age_15_39","Population 15-39",-0.590951562628308,0.0158357322216034
2,5009,"P_age_15_39","Population 15-39",0.271293023349168,-0.0054108239710331
2,5010,"P_age_15_39","Population 15-39",0.390758946447976,-0.00655905483290553
2,5011,"P_age_15_39","Population 15-39",-0.540809151298805,0.0178637988865376
2,5012,"P_age_15_39","Population 15-39",-1.03300960995942,0.0107386456802487
2,5013,"P_age_15_39","Population 15-39",-0.288211922917214,0.010870149359107
2,5014,"P_age_15_39","Population 15-39",0.0151687993463331,0.011876923032105
2,5015,"P_age_15_39","Population 15-39",-0.62046307820456,0.0150892175734043
2,5016,"P_age_15_39","Population 15-39",-1.70036527315751,0.0197143591940403
2,5017,"P_age_15_39","Population 15-39",0.530052154485318,-0.00889576971530914
2,5018,"P_age_15_39","Population 15-39",0.0767596266204832,0.00620397320017219
2,5019,"P_age_15_39","Population 15-39",-0.0621537500455946,0.0111182676628232
2,5020,"P_age_15_39","Population 15-39",-0.0851624267288146,0.00695891957730055
2,5021,"P_age_15_39","Population 15-39",-0.199868316657118,0.00857099611312151
2,5022,"P_age_15_39","Population 15-39",0.65264238645876,-0.00387366558425128
2,5023,"P_age_15_39","Population 15-39",-0.286218545467406,0.0175803266465664
2,5024,"P_age_15_39","Population 15-39",-0.285705864480841,0.0110536366701126
2,5025,"P_age_15_39","Population 15-39",0.973428905023933,-0.0038228880148381
2,5026,"P_age_15_39","Population 15-39",-0.522654555213215,0.0161733534187078
2,5027,"P_age_15_39","Population 15-39",1.95380139379724,-0.0330822952091694
2,5028,"P_age_15_39","Population 15-39",0.194480575540367,-0.00229193363338709
2,5029,"P_age_15_39","Population 15-39",-0.328287010507134,0.0167040172964334
2,5030,"P_age_15_39","Population 15-39",0.911000340238692,-0.00512259919196367
2,5031,"P_age_15_39","Population 15-39",-0.0281438194893337,0.00754767004400492
2,5032,"P_age_15_39","Population 15-39",-0.465984777396873,0.00853766966611147
2,5033,"P_age_15_39","Population 15-39",-0.102595172368754,0.00984291173517704
2,5034,"P_age_15_39","Population 15-39",0.188696555389346,-0.00751246092841029
2,5035,"P_age_15_39","Population 15-39",0.475802694494506,-0.00464290147647262
2,5036,"P_age_15_39","Population 15-39",-0.1428842237999,0.0116283325478435
2,5037,"P_age_15_39","Population 15-39",-0.137067609604043,0.0119152180850506
2,5038,"P_age_15_39","Population 15-39",-0.281463578059162,0.0106764733791351
2,6007,"P_age_15_39","Population 15-39",1.08693119310011,-0.00630626594647765
2,6009,"P_age_15_39","Population 15-39",0.68937904625847,-0.00611368054524064
2,7001,"P_age_15_39","Population 15-39",0.00234260461867244,0.00665857875719666
2,7002,"P_age_15_39","Population 15-39",0.187140766754299,-0.00191564089618623
2,7003,"P_age_15_39","Population 15-39",-0.0208590595146935,0.00940119288861752
2,7004,"P_age_15_39","Population 15-39",1.46862513142638,-0.00574563350528479
2,7005,"P_age_15_39","Population 15-39",1.05416547320039,-0.00541862286627293
2,7006,"P_age_15_39","Population 15-39",0.0964391696364973,0.00680730910971761
2,7007,"P_age_15_39","Population 15-39",1.09789722700258,-0.00506532099097967
2,7008,"P_age_15_39","Population 15-39",0.793274413432014,-0.00436577666550875
2,7009,"P_age_15_39","Population 15-39",-0.258052816834745,0.00672114128246903
2,7010,"P_age_15_39","Population 15-39",0.377065015075258,-0.00447877775877714
2,7011,"P_age_15_39","Population 15-39",-0.221539399491831,0.00659448094666004
2,7012,"P_age_15_39","Population 15-39",1.32068892141553,-0.00703619467094541
2,7013,"P_age_15_39","Population 15-39",1.00568596294746,-0.004700334277004
2,7014,"P_age_15_39","Population 15-39",1.15682805352821,-0.00546332262456417
2,7015,"P_age_15_39","Population 15-39",0.378796957839223,-0.00308620999567211
2,7016,"P_age_15_39","Population 15-39",-0.392864890344364,0.0113665889948606
2,7017,"P_age_15_39","Population 15-39",0.484999110318473,-0.00174941844306886
2,7018,"P_age_15_39","Population 15-39",0.701193354974445,-0.00291219167411327
2,7019,"P_age_15_39","Population 15-39",1.19808188455116,-0.00559964822605252
2,7020,"P_age_15_39","Population 15-39",0.440967571942465,-0.00322135514579713
2,7021,"P_age_15_39","Population 15-39",0.154623535416351,-0.00261985627003014
2,7022,"P_age_15_39","Population 15-39",0.566006608900437,-0.00143703469075263
2,7023,"P_age_15_39","Population 15-39",0.759992210639453,-0.00202141562476754
2,7024,"P_age_15_39","Population 15-39",-0.534512943814579,0.00658892234787345
2,7025,"P_age_15_39","Population 15-39",0.166723837426844,-0.000761957431677729
2,7026,"P_age_15_39","Population 15-39",1.09725956383965,-0.00483275996521115
2,7027,"P_age_15_39","Population 15-39",1.11066594858973,-0.00983736105263233
2,7029,"P_age_15_39","Population 15-39",0.236809459528913,-0.00264459103345871
2,7030,"P_age_15_39","Population 15-39",0.332277427189193,-0.00346876168623567
2,7031,"P_age_15_39","Population 15-39",0.521661709190836,-0.00234190048649907
2,7032,"P_age_15_39","Population 15-39",0.00590224339162917,0.00680729141458869
2,7033,"P_age_15_39","Population 15-39",0.98269269807055,-0.00321046006865799
2,7034,"P_age_15_39","Population 15-39",0.666109637893151,-0.00566150527447462
2,7035,"P_age_15_39","Population 15-39",0.296032272972884,-0.0044430224224925
2,7037,"P_age_15_39","Population 15-39",0.353433521014025,-0.00370436836965382
2,7038,"P_age_15_39","Population 15-39",0.437272899590375,-0.00203406624495983
2,7039,"P_age_15_39","Population 15-39",0.927143991534633,-0.00323327956721187
2,7040,"P_age_15_39","Population 15-39",0.48769396144369,-0.00423733377829194
2,7041,"P_age_15_39","Population 15-39",1.16026336402167,-0.00590149546042085
2,7042,"P_age_15_39","Population 15-39",0.342600698567025,-0.00268363393843174
2,7043,"P_age_15_39","Population 15-39",0.524416946269866,-0.00205563148483634
2,7044,"P_age_15_39","Population 15-39",1.6193289327732,-0.0253748763352633
2,7045,"P_age_15_39","Population 15-39",1.10233740122402,-0.00745973736047745
2,7046,"P_age_15_39","Population 15-39",-0.439518973843028,0.00986472796648741
2,7047,"P_age_15_39","Population 15-39",1.08810925937512,-0.00588580267503858
2,7048,"P_age_15_39","Population 15-39",-0.152907157505381,0.01006836630404
2,7049,"P_age_15_39","Population 15-39",0.300795629903729,-0.00128018925897777
2,7050,"P_age_15_39","Population 15-39",-0.993652508879138,0.0124289533123374
2,7051,"P_age_15_39","Population 15-39",0.109571049517183,0.00739638088271022
2,7052,"P_age_15_39","Population 15-39",1.50162548140969,-0.00613482296466827
2,7053,"P_age_15_39","Population 15-39",-0.383257943596,0.00638120248913765
2,7054,"P_age_15_39","Population 15-39",0.0701112892139316,0.0101250987499952
2,7057,"P_age_15_39","Population 15-39",0.165678057330314,-0.00485602533444762
2,7059,"P_age_15_39","Population 15-39",0.941684416950354,-0.00319263618439436
2,7061,"P_age_15_39","Population 15-39",1.04435924298307,-0.00642070546746254
2,7062,"P_age_15_39","Population 15-39",0.365801132443841,-0.00288225617259741
2,7064,"P_age_15_39","Population 15-39",0.193576569588265,-0.00152510881889611
2,7065,"P_age_15_39","Population 15-39",0.847333938352901,-0.00352643104270101
2,7066,"P_age_15_39","Population 15-39",0.794929591805711,-0.0021016770042479
2,7068,"P_age_15_39","Population 15-39",0.560848063068043,-0.00535906804725528
2,7069,"P_age_15_39","Population 15-39",-0.350208305813538,0.0114480089396238
2,7070,"P_age_15_39","Population 15-39",0.276717650928907,-0.00182706606574357
2,7071,"P_age_15_39","Population 15-39",0.365575204616134,-0.0046103554777801
2,7072,"P_age_15_39","Population 15-39",1.17422687148386,-0.00671597942709923
2,7073,"P_age_15_39","Population 15-39",1.41109344259158,-0.00724551687017083
2,7074,"P_age_15_39","Population 15-39",0.361031572538797,-0.00436268141493201
2,7075,"P_age_15_39","Population 15-39",1.12625169404806,-0.00562129402533174
2,7076,"P_age_15_39","Population 15-39",1.04150142680282,-0.00542268296703696
2,7077,"P_age_15_39","Population 15-39",0.559194923922113,-0.00250512245111167
2,7078,"P_age_15_39","Population 15-39",1.7808093188522,-0.0640439838171005
2,7079,"P_age_15_39","Population 15-39",1.03535531837131,-0.0104263909161091
2,7080,"P_age_15_39","Population 15-39",0.243204681988765,-0.00437337718904018
2,7081,"P_age_15_39","Population 15-39",0.910902614964782,-0.00306246476247907
2,7082,"P_age_15_39","Population 15-39",0.770893348508948,-0.00208557886071503
2,7083,"P_age_15_39","Population 15-39",0.602246803321961,-0.00433872640132904
2,7084,"P_age_15_39","Population 15-39",0.0233803612032513,0.00558821996673942
2,7085,"P_age_15_39","Population 15-39",0.964634638355479,-0.00441208574920893
2,7086,"P_age_15_39","Population 15-39",1.13864312748337,-0.00825087446719408
2,7087,"P_age_15_39","Population 15-39",0.947770048968009,-0.00462119048461318
2,7089,"P_age_15_39","Population 15-39",0.776614354195842,-0.00420120032504201
2,7090,"P_age_15_39","Population 15-39",-0.397221140909485,0.00749975023791194
2,7091,"P_age_15_39","Population 15-39",0.903851376292097,-0.00318119116127491
2,7092,"P_age_15_39","Population 15-39",0.00616165952628465,0.00643127644434571
2,7093,"P_age_15_39","Population 15-39",0.51663748101097,-0.00165276404004544
2,7094,"P_age_15_39","Population 15-39",1.16506507342506,-0.00458975089713931
2,7096,"P_age_15_39","Population 15-39",0.847313225588226,-0.00315328221768141
2,7097,"P_age_15_39","Population 15-39",-0.0453489108070817,0.00654873438179493
2,7098,"P_age_15_39","Population 15-39",0.687942646784717,-0.00264155212789774
2,7099,"P_age_15_39","Population 15-39",0.420017654641666,-0.00265875156037509
2,7100,"P_age_15_39","Population 15-39",0.395635735100314,-0.00159594125580043
2,7101,"P_age_15_39","Population 15-39",1.11446017350854,-0.0110648144036531
2,7102,"P_age_15_39","Population 15-39",0.227757916751901,-0.00206296914257109
2,7103,"P_age_15_39","Population 15-39",0.272036333500968,-0.00466650491580367
2,7104,"P_age_15_39","Population 15-39",0.876562905869885,-0.0088280588388443
2,7106,"P_age_15_39","Population 15-39",0.657760995475614,-0.00245985249057412
2,7107,"P_age_15_39","Population 15-39",0.292472404172966,-0.00232126121409237
2,7108,"P_age_15_39","Population 15-39",0.543754457288631,-0.00441803969442844
2,7109,"P_age_15_39","Population 15-39",0.795454743354987,-0.00297968392260373
2,7110,"P_age_15_39","Population 15-39",0.389410386258004,-0.00369656295515597
2,7111,"P_age_15_39","Population 15-39",1.48398288398351,-0.00619334215298295
2,7112,"P_age_15_39","Population 15-39",0.106793181920621,0.00465456629171968
2,7114,"P_age_15_39","Population 15-39",1.05082723408398,-0.00516000716015697
2,7115,"P_age_15_39","Population 15-39",0.76544012780273,-0.00207214709371328
2,7116,"P_age_15_39","Population 15-39",0.870263803664368,-0.00323976343497634
2,7117,"P_age_15_39","Population 15-39",0.784709026173154,-0.004447550047189
2,7120,"P_age_15_39","Population 15-39",1.33102353648243,-0.00759367644786835
2,7121,"P_age_15_39","Population 15-39",0.756443452917066,-0.00208937539719045
2,7122,"P_age_15_39","Population 15-39",0.0945534267118789,0.00989275425672531
2,7123,"P_age_15_39","Population 15-39",0.36599112954351,-0.0028187355492264
2,7124,"P_age_15_39","Population 15-39",0.554813021474112,-0.0027125128544867
2,7125,"P_age_15_39","Population 15-39",0.54724170476813,-0.00505276070907712
2,8002,"P_age_15_39","Population 15-39",0.27731004013391,-0.00424798065796494
2,8003,"P_age_15_39","Population 15-39",-1.13929407590627,0.00890591368079185
2,8004,"P_age_15_39","Population 15-39",2.90810473078632,-0.0459631532430649
2,8005,"P_age_15_39","Population 15-39",0.317406321219006,-0.00846496596932411
2,8006,"P_age_15_39","Population 15-39",-1.91726500016097,0.0231832936406136
2,8007,"P_age_15_39","Population 15-39",-0.17033526642211,0.0055456799454987
2,8008,"P_age_15_39","Population 15-39",-0.246727204271772,0.00467850780114532
2,8011,"P_age_15_39","Population 15-39",0.15056650081908,-0.00325248460285366
2,8012,"P_age_15_39","Population 15-39",-1.07971924626117,0.00716758565977216
2,8013,"P_age_15_39","Population 15-39",-0.252185617384308,0.00570843927562237
2,8014,"P_age_15_39","Population 15-39",-1.39728207655135,0.0170410610735416
2,8016,"P_age_15_39","Population 15-39",-0.709377009173524,0.0147377513349056
2,8017,"P_age_15_39","Population 15-39",0.83859707762607,-0.00368593097664416
2,8018,"P_age_15_39","Population 15-39",-1.02065695545114,0.0101159969344735
2,8019,"P_age_15_39","Population 15-39",0.887157867517566,-0.00503961136564612
2,8020,"P_age_15_39","Population 15-39",-0.379496697823335,0.00954937562346458
2,8021,"P_age_15_39","Population 15-39",0.254206041829283,-0.0041542244143784
2,8022,"P_age_15_39","Population 15-39",-2.82960168359349,0.0249856431037188
2,8023,"P_age_15_39","Population 15-39",-0.120175298091056,0.00610893033444881
2,8024,"P_age_15_39","Population 15-39",-1.00611244899531,0.0134505880996585
2,8026,"P_age_15_39","Population 15-39",-2.5016879218297,0.0221857912838459
2,8027,"P_age_15_39","Population 15-39",0.283805164077786,-0.00122320419177413
2,8029,"P_age_15_39","Population 15-39",0.300846804440858,-0.00159014668315649
2,8030,"P_age_15_39","Population 15-39",-0.234523059304069,0.00652408832684159
2,8032,"P_age_15_39","Population 15-39",0.42237476157555,-0.00445886887609959
2,8033,"P_age_15_39","Population 15-39",-1.63891318057043,0.0201457384973764
2,8034,"P_age_15_39","Population 15-39",-2.22315944928774,0.0228283312171698
2,8035,"P_age_15_39","Population 15-39",0.0593597567437885,0.0120418993756175
2,8036,"P_age_15_39","Population 15-39",-0.0874171509889953,0.00791831687092781
2,8037,"P_age_15_39","Population 15-39",1.22863119131009,-0.0068648518063128
2,8038,"P_age_15_39","Population 15-39",-0.797664121846116,0.0155848870053887
2,8039,"P_age_15_39","Population 15-39",-1.17872380089154,0.0124086001887918
2,8042,"P_age_15_39","Population 15-39",-1.97685839220636,0.019723292440176
2,8044,"P_age_15_39","Population 15-39",-1.23067307140588,0.0142389480024576
2,8045,"P_age_15_39","Population 15-39",0.131619198230497,0.00474510807543993
2,8046,"P_age_15_39","Population 15-39",-0.0755430430171854,0.00498454598709941
2,8048,"P_age_15_39","Population 15-39",-1.31109848288915,0.018009876832366
2,8049,"P_age_15_39","Population 15-39",-1.12770259870005,0.0112054198980331
2,8050,"P_age_15_39","Population 15-39",0.558406003817953,-0.00371461058966815
2,8052,"P_age_15_39","Population 15-39",-0.608011403551505,0.0128114875406027
2,8053,"P_age_15_39","Population 15-39",-0.768926272226642,0.0159725751727819
2,8054,"P_age_15_39","Population 15-39",-0.405062946059065,0.015385378152132
2,8055,"P_age_15_39","Population 15-39",-0.129114838415215,0.0122196841984987
2,8056,"P_age_15_39","Population 15-39",-1.35005472451564,0.0177735779434443
2,8057,"P_age_15_39","Population 15-39",-2.15142244296452,0.0164766870439053
2,8058,"P_age_15_39","Population 15-39",-1.02499249583616,0.0142964236438274
2,8059,"P_age_15_39","Population 15-39",-0.567246085176907,0.00952823460102081
2,8060,"P_age_15_39","Population 15-39",-0.157541678662146,0.00789356511086226
2,8061,"P_age_15_39","Population 15-39",-1.73582307610522,0.0189269483089447
2,8062,"P_age_15_39","Population 15-39",-0.405630838685133,0.0128167243674397
2,8064,"P_age_15_39","Population 15-39",-1.50183780977338,0.0161494240164757
2,8065,"P_age_15_39","Population 15-39",-0.295009909660853,0.00588736450299621
2,8067,"P_age_15_39","Population 15-39",-1.72944482136437,0.019921263679862
2,9004,"P_age_15_39","Population 15-39",1.03340971674569,-0.00701754121109843
2,9007,"P_age_15_39","Population 15-39",0.76328147985915,-0.00659806560724974
2,9008,"P_age_15_39","Population 15-39",0.385806871780891,-0.00543531868606806
2,9009,"P_age_15_39","Population 15-39",1.09511146095221,-0.010154876857996
2,9010,"P_age_15_39","Population 15-39",0.477104941728377,-0.00550833949819207
2,9011,"P_age_15_39","Population 15-39",0.982842207840715,-0.00837458483874798
2,9012,"P_age_15_39","Population 15-39",0.653077739618238,-0.00521240336820483
2,9013,"P_age_15_39","Population 15-39",0.815869878989068,-0.00649110088124871
2,9016,"P_age_15_39","Population 15-39",0.585575400396726,-0.00954213924705982
2,9017,"P_age_15_39","Population 15-39",0.149982989620898,-0.00232861121185124
2,10004,"P_age_15_39","Population 15-39",0.00250793972676087,0.0127352476119995
2,10005,"P_age_15_39","Population 15-39",0.906159011922182,-0.00369783467613161
2,10006,"P_age_15_39","Population 15-39",-0.879810553689623,0.0137632889673114
2,10007,"P_age_15_39","Population 15-39",0.575065114515986,-0.0116985077038407
2,10008,"P_age_15_39","Population 15-39",0.217245514106216,-0.00466919085010886
2,10009,"P_age_15_39","Population 15-39",-0.162481494701474,0.010120140388608
2,10010,"P_age_15_39","Population 15-39",-1.79331995850105,0.0200903099030256
2,10012,"P_age_15_39","Population 15-39",0.616243517372694,-0.00642402842640877
2,10013,"P_age_15_39","Population 15-39",-0.0637517189051836,0.0116013586521149
2,10014,"P_age_15_39","Population 15-39",0.0782871503697699,0.00547236436977983
2,10015,"P_age_15_39","Population 15-39",-0.869892109084497,0.0162497349083424
2,10016,"P_age_15_39","Population 15-39",-0.210709006543059,0.0135390618816018
2,10017,"P_age_15_39","Population 15-39",-1.70057947477941,0.015233626589179
2,10021,"P_age_15_39","Population 15-39",-0.427703334072173,0.0161623358726501
2,10022,"P_age_15_39","Population 15-39",-0.197637329111531,0.012438022531569
2,10023,"P_age_15_39","Population 15-39",0.591867878342716,-0.0099784517660737
2,10025,"P_age_15_39","Population 15-39",-2.37447590030404,0.0249858256429434
2,10027,"P_age_15_39","Population 15-39",-0.738592084612879,0.01563885435462
2,10031,"P_age_15_39","Population 15-39",-1.2122828837757,0.0175938680768013
2,10033,"P_age_15_39","Population 15-39",-0.455202031043655,0.0102188093587756
2,10036,"P_age_15_39","Population 15-39",-0.442102458320247,0.0113942818716168
2,10038,"P_age_15_39","Population 15-39",0.166529244957126,-0.00660663982853293
2,11001,"P_age_15_39","Population 15-39",0.655078493438195,-0.00873440410941839
2,11002,"P_age_15_39","Population 15-39",-0.209846340829409,0.00952462945133448
2,11008,"P_age_15_39","Population 15-39",0.27757917943062,-0.00630242051556706
2,11010,"P_age_15_39","Population 15-39",0.0878026601093192,0.0109289055690169
2,11012,"P_age_15_39","Population 15-39",0.483726996616339,-0.00624743942171335
2,11017,"P_age_15_39","Population 15-39",1.07480138819359,-0.0114338863641024
2,11018,"P_age_15_39","Population 15-39",0.226436251624219,-0.00499414233490825
2,11019,"P_age_15_39","Population 15-39",0.112584459551456,0.0116006676107645
2,11020,"P_age_15_39","Population 15-39",1.3695278655929,-0.0108133507892489
2,11021,"P_age_15_39","Population 15-39",-0.00206768935914552,0.00804788898676634
2,11022,"P_age_15_39","Population 15-39",1.38705332502052,-0.0154967848211527
2,11023,"P_age_15_39","Population 15-39",0.364096601656684,-0.00624945806339383
2,11024,"P_age_15_39","Population 15-39",0.319711995158502,-0.00630158837884665
2,11025,"P_age_15_39","Population 15-39",1.45448801563926,-0.0148302707821131
2,11026,"P_age_15_39","Population 15-39",0.975341486150247,-0.00781645718961954
2,11028,"P_age_15_39","Population 15-39",-0.0738924134912314,0.0111437877640128
2,11031,"P_age_15_39","Population 15-39",1.19992414462665,-0.0139302471652627
2,11037,"P_age_15_39","Population 15-39",1.33594073492709,-0.0138686820864677
2,11038,"P_age_15_39","Population 15-39",-0.100516245566474,0.00994857493788004
2,11039,"P_age_15_39","Population 15-39",0.131786908560789,0.00811541173607111
2,11041,"P_age_15_39","Population 15-39",0.475952529920818,-0.00643064826726913
2,11046,"P_age_15_39","Population 15-39",-0.190268420622759,0.00851992517709732
2,12001,"P_age_15_39","Population 15-39",0.254231732480752,-0.0018416183302179
2,12002,"P_age_15_39","Population 15-39",-0.254747215700902,0.00509115308523178
2,12003,"P_age_15_39","Population 15-39",-0.186654079371097,0.00870268791913986
2,12005,"P_age_15_39","Population 15-39",0.225336642634518,-0.00172529288101941
2,12006,"P_age_15_39","Population 15-39",-0.455038499967229,0.0081789568066597
2,12007,"P_age_15_39","Population 15-39",-0.0712042357324203,0.00589280901476741
2,12008,"P_age_15_39","Population 15-39",-0.379211771957293,0.00785659346729517
2,12009,"P_age_15_39","Population 15-39",-0.153578383927861,0.00555591797456145
2,12010,"P_age_15_39","Population 15-39",0.0679700070135323,0.00508479541167617
2,12011,"P_age_15_39","Population 15-39",-0.400941904521794,0.0117986565455794
2,12012,"P_age_15_39","Population 15-39",0.665196097452792,-0.00388351292349398
2,12013,"P_age_15_39","Population 15-39",-0.702597941501188,0.00908910483121872
2,12014,"P_age_15_39","Population 15-39",-1.10344172244644,0.00754160154610872
2,12015,"P_age_15_39","Population 15-39",-0.477654471523151,0.0113933328539133
2,12017,"P_age_15_39","Population 15-39",-0.0572761162380224,0.00868103001266718
2,12018,"P_age_15_39","Population 15-39",-0.505947955578555,0.00970822758972645
2,12019,"P_age_15_39","Population 15-39",0.226189634292992,-0.000453662447398528
2,12020,"P_age_15_39","Population 15-39",0.331081798743487,-0.00108129426371306
2,12021,"P_age_15_39","Population 15-39",-0.175032199837592,0.00953321345150471
2,12022,"P_age_15_39","Population 15-39",-0.757186879931537,0.0101516405120492
2,12023,"P_age_15_39","Population 15-39",-0.530905953087344,0.00634634448215365
2,12024,"P_age_15_39","Population 15-39",-0.0456080271313185,0.00568517250940204
2,12025,"P_age_15_39","Population 15-39",-0.31223453776275,0.0103948954492807
2,12026,"P_age_15_39","Population 15-39",-0.703782632035726,0.00791407562792301
2,12027,"P_age_15_39","Population 15-39",-0.833323061401322,0.0110864443704486
2,12028,"P_age_15_39","Population 15-39",0.0894042008482168,0.0058042942546308
2,12029,"P_age_15_39","Population 15-39",1.2595397123048,-0.00740443356335163
2,12030,"P_age_15_39","Population 15-39",0.150416275122307,-0.00163966836407781
2,12031,"P_age_15_39","Population 15-39",-1.00381564530892,0.0103170638903975
2,12032,"P_age_15_39","Population 15-39",0.241871608557706,-0.00386659009382129
2,12033,"P_age_15_39","Population 15-39",0.0476427365089559,0.00719058187678456
2,12034,"P_age_15_39","Population 15-39",-0.548127965601788,0.00837818998843431
2,12035,"P_age_15_39","Population 15-39",0.626564248115677,-0.00550759769976139
2,12036,"P_age_15_39","Population 15-39",0.413971920670963,-0.00302354362793267
2,12037,"P_age_15_39","Population 15-39",0.0358911915535702,0.00856761634349823
2,12039,"P_age_15_39","Population 15-39",0.0156911647263662,0.0101486872881651
2,12040,"P_age_15_39","Population 15-39",0.177492479767481,-0.00391563680022955
2,12041,"P_age_15_39","Population 15-39",-0.0878008023585363,0.00615263916552067
2,12042,"P_age_15_39","Population 15-39",-0.29814794520047,0.00650116102769971
2,12044,"P_age_15_39","Population 15-39",0.314327805801385,-0.00556232873350382
2,12045,"P_age_15_39","Population 15-39",0.0841253535004083,0.00549308024346828
2,12046,"P_age_15_39","Population 15-39",1.10041022243176,-0.0064159706234932
2,12047,"P_age_15_39","Population 15-39",-0.206530566817879,0.00487326504662633
2,12048,"P_age_15_39","Population 15-39",0.175729684960603,-0.00320535805076361
2,12049,"P_age_15_39","Population 15-39",-0.0132835842314279,0.010130905546248
2,12050,"P_age_15_39","Population 15-39",0.415877580311899,-0.00632065627723932
2,12051,"P_age_15_39","Population 15-39",0.0946833402527274,0.00522607751190662
2,12052,"P_age_15_39","Population 15-39",0.581552029857339,-0.00535208126530051
2,12053,"P_age_15_39","Population 15-39",-0.119844653720605,0.00854811538010836
2,12054,"P_age_15_39","Population 15-39",-0.609672896036023,0.00924715027213097
2,12055,"P_age_15_39","Population 15-39",0.256061369503753,-0.0030935131944716
2,12056,"P_age_15_39","Population 15-39",0.123312730868358,0.00901622511446476
2,12057,"P_age_15_39","Population 15-39",-0.263849858062437,0.0107439486309886
2,12058,"P_age_15_39","Population 15-39",-0.0730596383594954,0.00680914660915732
2,12059,"P_age_15_39","Population 15-39",-0.571001169328535,0.00818552263081074
2,12060,"P_age_15_39","Population 15-39",0.0953546933192632,0.00822489429265261
2,12061,"P_age_15_39","Population 15-39",0.240456389656264,-0.000623941246885806
2,12063,"P_age_15_39","Population 15-39",0.0157736100071674,0.00627665361389518
2,12064,"P_age_15_39","Population 15-39",-1.1388427914414,0.00960352551192045
2,12066,"P_age_15_39","Population 15-39",1.11320550567134,-0.00492378231137991
2,12067,"P_age_15_39","Population 15-39",-0.21874129210738,0.00703552598133683
2,12069,"P_age_15_39","Population 15-39",-0.847214849558931,0.00629329448565841
2,12070,"P_age_15_39","Population 15-39",-0.364430045676145,0.00979087967425585
2,12072,"P_age_15_39","Population 15-39",0.620073254318789,-0.00360144698061049
2,12073,"P_age_15_39","Population 15-39",-0.861167654306063,0.0107333743944764
2,12074,"P_age_15_39","Population 15-39",-0.408574615164894,0.00654667522758245
2,12075,"P_age_15_39","Population 15-39",0.667018582963459,-0.00635318271815777
2,12076,"P_age_15_39","Population 15-39",0.928690126791084,-0.00301029300317168
2,12077,"P_age_15_39","Population 15-39",-0.00188015018800202,0.00554140331223607
2,12079,"P_age_15_39","Population 15-39",0.53527226225205,-0.00136881147045642
2,12080,"P_age_15_39","Population 15-39",-0.689695382992009,0.00765724806115031
2,12081,"P_age_15_39","Population 15-39",0.533407077017751,-0.00275360816158354
2,13001,"P_age_15_39","Population 15-39",0.272625975305317,-0.00618543801829219
2,13002,"P_age_15_39","Population 15-39",0.694204564744493,-0.00469093816354871
2,13003,"P_age_15_39","Population 15-39",0.473961535446931,-0.00464031752198935
2,13005,"P_age_15_39","Population 15-39",0.291123577772019,-0.00697968481108546
2,13007,"P_age_15_39","Population 15-39",0.294609070326736,-0.0075147645547986
2,13008,"P_age_15_39","Population 15-39",0.255640169463737,-0.00432659033685923
2,13009,"P_age_15_39","Population 15-39",0.780954973265985,-0.0122344717383385
2,13013,"P_age_15_39","Population 15-39",1.18036227978488,-0.0126764988526702
2,13016,"P_age_15_39","Population 15-39",0.500432378917313,-0.00818789843469858
2,13017,"P_age_15_39","Population 15-39",-0.873851436499869,0.0147619852796197
2,13019,"P_age_15_39","Population 15-39",0.388185200640246,-0.00499953841790557
2,13021,"P_age_15_39","Population 15-39",0.0835183847214692,0.0150751182809472
2,13022,"P_age_15_39","Population 15-39",0.502217251143189,-0.0132595412433147
2,13023,"P_age_15_39","Population 15-39",0.452802464194484,-0.0068291537463665
2,13024,"P_age_15_39","Population 15-39",-0.250154399207324,0.0108798909932375
2,13035,"P_age_15_39","Population 15-39",0.286295358407647,-0.00729581015184522
2,13038,"P_age_15_39","Population 15-39",0.243361087398583,-0.00802167411893606
2,13041,"P_age_15_39","Population 15-39",0.514202699917272,-0.00776120647788048
2,13044,"P_age_15_39","Population 15-39",-0.841828153166409,0.0153261115774512
2,13045,"P_age_15_39","Population 15-39",0.376789409177947,-0.00726911518722773
2,13048,"P_age_15_39","Population 15-39",0.858844438315547,-0.00311464793048799
2,13050,"P_age_15_39","Population 15-39",0.210324225158394,-0.00555538572371006
2,13051,"P_age_15_39","Population 15-39",1.73168210437186,-0.0323667451739311
2,13052,"P_age_15_39","Population 15-39",0.93813048749823,-0.0103967785835266
2,13054,"P_age_15_39","Population 15-39",0.263317802562891,-0.00431082537397742
2,13056,"P_age_15_39","Population 15-39",0.81298621966757,-0.00812819134443998
2,13057,"P_age_15_39","Population 15-39",0.166885114755978,-0.00776429614052176
2,13061,"P_age_15_39","Population 15-39",0.310002363341445,-0.00545469764620066
2,13063,"P_age_15_39","Population 15-39",0.836303390934211,-0.0111362235620618
2,13064,"P_age_15_39","Population 15-39",-0.15403917186612,0.0131005486473441
2,13066,"P_age_15_39","Population 15-39",0.983175576350669,-0.0118126822635531
2,13067,"P_age_15_39","Population 15-39",0.827456060406068,-0.00976066384464502
2,13069,"P_age_15_39","Population 15-39",1.07583325553592,-0.0118117118254304
2,13072,"P_age_15_39","Population 15-39",-0.0124502870160293,0.00905815325677395
2,13074,"P_age_15_39","Population 15-39",0.754527069884486,-0.0110909156501293
2,13075,"P_age_15_39","Population 15-39",1.00061481443694,-0.0159572158008814
2,13076,"P_age_15_39","Population 15-39",0.413245570484447,-0.00661449041217566
2,13077,"P_age_15_39","Population 15-39",0.689841969053681,-0.00561820343136787
2,13082,"P_age_15_39","Population 15-39",0.703786746118372,-0.0137196192517877
2,13083,"P_age_15_39","Population 15-39",0.832746380671569,-0.00961803179234266
2,14001,"P_age_15_39","Population 15-39",0.580138940643707,-0.012370903044939
2,14002,"P_age_15_39","Population 15-39",0.388544696594433,-0.00525350589305162
2,14003,"P_age_15_39","Population 15-39",0.41615972259327,-0.00502699613571167
2,14005,"P_age_15_39","Population 15-39",0.700148386433705,-0.00850658863782883
2,14006,"P_age_15_39","Population 15-39",-0.110337311230417,0.00840837601572275
2,14007,"P_age_15_39","Population 15-39",-0.219504945429975,0.0140336686745286
2,14008,"P_age_15_39","Population 15-39",0.96569431052964,-0.00746708502992988
2,14009,"P_age_15_39","Population 15-39",0.720966358719604,-0.00529820704832673
2,14011,"P_age_15_39","Population 15-39",-0.465149453876571,0.0136367250233889
2,14012,"P_age_15_39","Population 15-39",-0.555758740400025,0.0105739515274763
2,14013,"P_age_15_39","Population 15-39",0.552892671122618,-0.00782700628042221
2,14015,"P_age_15_39","Population 15-39",0.513601435290022,-0.00537711987271905
2,14016,"P_age_15_39","Population 15-39",0.230664079946872,-0.00684129679575562
2,14017,"P_age_15_39","Population 15-39",-0.336126042410333,0.0132626397535205
2,14019,"P_age_15_39","Population 15-39",-0.0676652502789695,0.00554844504222274
2,14020,"P_age_15_39","Population 15-39",-0.384839720108362,0.0160407293587923
2,14021,"P_age_15_39","Population 15-39",-0.405203541638396,0.0116435661911964
2,14022,"P_age_15_39","Population 15-39",0.185210357246314,-0.00476384023204446
2,14024,"P_age_15_39","Population 15-39",-0.297085765990905,0.0159456450492144
2,14025,"P_age_15_39","Population 15-39",0.65620358889813,-0.00675224419683218
2,14027,"P_age_15_39","Population 15-39",-0.0266246568323501,0.00814961921423674
2,14028,"P_age_15_39","Population 15-39",-0.781686991977078,0.0133205382153392
2,14029,"P_age_15_39","Population 15-39",-0.285063298383726,0.0108565138652921
2,14031,"P_age_15_39","Population 15-39",-1.20508161324918,0.0102942883968353
2,14033,"P_age_15_39","Population 15-39",-0.39439166198303,0.0110537065193057
2,14035,"P_age_15_39","Population 15-39",0.187508877088902,-0.00436113262549043
2,14036,"P_age_15_39","Population 15-39",0.113369756084855,0.00848838966339827
2,14037,"P_age_15_39","Population 15-39",0.1163068695365,0.00882022734731436
2,14038,"P_age_15_39","Population 15-39",-0.85902960282139,0.0113633004948497
2,14039,"P_age_15_39","Population 15-39",0.601751206360165,-0.00368104712106287
2,14040,"P_age_15_39","Population 15-39",-0.325528361792297,0.0136714493855834
2,14041,"P_age_15_39","Population 15-39",-1.36874023316279,0.0147193241864443
2,14042,"P_age_15_39","Population 15-39",-0.290578062932271,0.0102642327547073
2,14043,"P_age_15_39","Population 15-39",-0.563691915359533,0.0118168406188488
2,14044,"P_age_15_39","Population 15-39",1.08128332047901,-0.0133725572377443
2,14046,"P_age_15_39","Population 15-39",0.555544003214695,-0.0103354696184397
2,14048,"P_age_15_39","Population 15-39",-0.213465905502259,0.00920029357075691
2,14051,"P_age_15_39","Population 15-39",1.44763609403497,-0.0134358135983348
2,14053,"P_age_15_39","Population 15-39",0.9506517104149,-0.00773741863667965
2,14055,"P_age_15_39","Population 15-39",0.0552057283066501,0.0119817722588778
2,14058,"P_age_15_39","Population 15-39",-0.535441389485021,0.00977346766740084
2,14060,"P_age_15_39","Population 15-39",-1.61521271977441,0.0170859210193157
2,14061,"P_age_15_39","Population 15-39",-0.453998573927596,0.00565702468156815
2,14062,"P_age_15_39","Population 15-39",-0.912576787919292,0.0117200529202819
2,14063,"P_age_15_39","Population 15-39",0.659973268131131,-0.00634336844086647
2,14064,"P_age_15_39","Population 15-39",0.668687144253987,-0.00671645905822515
2,14067,"P_age_15_39","Population 15-39",1.48436227080829,-0.0100450124591589
2,14068,"P_age_15_39","Population 15-39",-0.910184566982305,0.0130246551707387
2,14070,"P_age_15_39","Population 15-39",1.83150597367996,-0.0507716722786427
2,14071,"P_age_15_39","Population 15-39",-0.888785383767821,0.0132197951897979
2,14072,"P_age_15_39","Population 15-39",0.203623736246278,-0.00552963884547353
2,14073,"P_age_15_39","Population 15-39",0.884978703236827,-0.0101413168013096
2,14074,"P_age_15_39","Population 15-39",0.167055071079844,-0.00482983328402042
2,14075,"P_age_15_39","Population 15-39",-0.699318025849666,0.0172334276139736
2,14076,"P_age_15_39","Population 15-39",-0.457887417464075,0.0107821300625801
2,14077,"P_age_15_39","Population 15-39",-0.512351717466218,0.0107558062300086
2,14078,"P_age_15_39","Population 15-39",0.442232583239143,-0.00606294022873044
2,14080,"P_age_15_39","Population 15-39",-1.3090194966417,0.0135648213326931
2,14081,"P_age_15_39","Population 15-39",-1.421589780091,0.0155306765809655
2,14083,"P_age_15_39","Population 15-39",0.938444453621808,-0.00702675338834524
2,14084,"P_age_15_39","Population 15-39",-0.299941343931296,0.0115736396983266
2,14090,"P_age_15_39","Population 15-39",-0.603288262570039,0.0151450233533978
2,14091,"P_age_15_39","Population 15-39",-0.104154318363587,0.0108256591483951
2,14093,"P_age_15_39","Population 15-39",0.963673288491493,-0.00568712316453457
2,14094,"P_age_15_39","Population 15-39",0.882310341396006,-0.00645514251664281
2,14095,"P_age_15_39","Population 15-39",-0.285625587656436,0.0088173970580101
2,14097,"P_age_15_39","Population 15-39",1.62971655483918,-0.0180780421942472
2,14098,"P_age_15_39","Population 15-39",1.20732552826992,-0.00833967979997396
2,14100,"P_age_15_39","Population 15-39",-0.433668406117156,0.012000048533082
2,14101,"P_age_15_39","Population 15-39",1.41287662450699,-0.0121493749320507
2,14104,"P_age_15_39","Population 15-39",-1.55979238895866,0.0149323483929038
2,14105,"P_age_15_39","Population 15-39",0.172554917475446,-0.00485253147780895
2,14109,"P_age_15_39","Population 15-39",0.590011191183068,-0.0136418603360653
2,14110,"P_age_15_39","Population 15-39",-0.690399591145213,0.011001450009644
2,14111,"P_age_15_39","Population 15-39",-0.00720013359303072,0.0070382677949965
2,14114,"P_age_15_39","Population 15-39",-0.00879694456410256,0.00996856670826674
2,14115,"P_age_15_39","Population 15-39",-0.606367181180983,0.0106734093278646
2,14116,"P_age_15_39","Population 15-39",0.343415779714862,-0.00943978596478701
2,14117,"P_age_15_39","Population 15-39",-0.774899519274705,0.011351247318089
2,14118,"P_age_15_39","Population 15-39",-0.739028711966638,0.0112415114417672
2,14120,"P_age_15_39","Population 15-39",1.31234395426021,-0.00724782003089786
2,14123,"P_age_15_39","Population 15-39",0.315421095511123,-0.00674871215596795
2,14124,"P_age_15_39","Population 15-39",0.573628448831257,-0.0128256920725107
2,14125,"P_age_15_39","Population 15-39",-0.113444673062629,0.00908870249986649
2,15001,"P_age_15_39","Population 15-39",0.681586430694276,-0.00558843789622188
2,15002,"P_age_15_39","Population 15-39",1.35705308227639,-0.0113538475707173
2,15003,"P_age_15_39","Population 15-39",0.989827472713667,-0.00862515904009342
2,15004,"P_age_15_39","Population 15-39",0.420919481799081,-0.00755164213478565
2,15005,"P_age_15_39","Population 15-39",1.32371752356744,-0.0128302043303847
2,15007,"P_age_15_39","Population 15-39",1.03905441292709,-0.00787909608334303
2,15008,"P_age_15_39","Population 15-39",-0.623247603660091,0.0110841561108828
2,15009,"P_age_15_39","Population 15-39",0.785665566147565,-0.00643112696707249
2,15010,"P_age_15_39","Population 15-39",0.66346634899095,-0.0117101483047009
2,15011,"P_age_15_39","Population 15-39",1.1547516466842,-0.0201465710997581
2,15014,"P_age_15_39","Population 15-39",1.30304920578777,-0.00773047003895044
2,15015,"P_age_15_39","Population 15-39",0.833661040231857,-0.00985097605735064
2,15016,"P_age_15_39","Population 15-39",0.645743870179963,-0.0110818091779947
2,15017,"P_age_15_39","Population 15-39",0.618221899132378,-0.00926454365253448
2,15018,"P_age_15_39","Population 15-39",1.07516689844818,-0.0112296622246504
2,15020,"P_age_15_39","Population 15-39",0.452380912652597,-0.00451290141791105
2,15021,"P_age_15_39","Population 15-39",0.791159656700025,-0.00745407771319151
2,15025,"P_age_15_39","Population 15-39",1.19540482303902,-0.0109792854636908
2,15026,"P_age_15_39","Population 15-39",1.26518301798615,-0.011076889000833
2,15032,"P_age_15_39","Population 15-39",1.18939849087734,-0.00595952570438385
2,15033,"P_age_15_39","Population 15-39",0.586442095459032,-0.0131227001547813
2,15035,"P_age_15_39","Population 15-39",1.3321733921477,-0.0105845173820853
2,15036,"P_age_15_39","Population 15-39",0.887241320781675,-0.0101843774318695
2,15037,"P_age_15_39","Population 15-39",0.950403692245334,-0.00511636631563306
2,15039,"P_age_15_39","Population 15-39",1.10983934024817,-0.0131932301446795
2,15040,"P_age_15_39","Population 15-39",0.823522534778788,-0.0066472077742219
2,15041,"P_age_15_39","Population 15-39",0.37883997288071,-0.00407651392742991
2,15042,"P_age_15_39","Population 15-39",1.27467515285126,-0.0105579989030957
2,15043,"P_age_15_39","Population 15-39",1.3267148911597,-0.01723912358284
2,15045,"P_age_15_39","Population 15-39",0.954422793070814,-0.00791227631270885
2,15046,"P_age_15_39","Population 15-39",1.08097391354147,-0.0207418370991945
2,15047,"P_age_15_39","Population 15-39",0.852653265276492,-0.00496279681101441
2,15048,"P_age_15_39","Population 15-39",0.82626579494847,-0.00439262622967362
2,15050,"P_age_15_39","Population 15-39",0.955627725977816,-0.00913585722446442
2,15051,"P_age_15_39","Population 15-39",1.1705153890717,-0.0127028794959188
2,15052,"P_age_15_39","Population 15-39",0.57800400873814,-0.00903195608407259
2,15054,"P_age_15_39","Population 15-39",0.473601225352382,-0.00418147537857294
2,15056,"P_age_15_39","Population 15-39",0.498341725909226,-0.00335138128139079
2,15057,"P_age_15_39","Population 15-39",0.574508149462796,-0.0111889215186238
2,15060,"P_age_15_39","Population 15-39",1.09154004169742,-0.0120077366009355
2,15062,"P_age_15_39","Population 15-39",0.878840201202428,-0.0081330668181181
2,15063,"P_age_15_39","Population 15-39",0.954880466599112,-0.00850103236734867
2,15064,"P_age_15_39","Population 15-39",0.897158638513154,-0.0074458783492446
2,15065,"P_age_15_39","Population 15-39",0.933668925938672,-0.0112499119713902
2,15066,"P_age_15_39","Population 15-39",-0.0584711062943023,0.00908699911087751
2,15067,"P_age_15_39","Population 15-39",1.63230899744497,-0.0204800870269537
2,15070,"P_age_15_39","Population 15-39",1.04180277504305,-0.0126527147367597
2,15071,"P_age_15_39","Population 15-39",0.159300988908279,-0.00654611736536026
2,15073,"P_age_15_39","Population 15-39",1.4091060768576,-0.0117545509710908
2,15074,"P_age_15_39","Population 15-39",1.44976044986953,-0.00656257104128599
2,15076,"P_age_15_39","Population 15-39",1.27414111295688,-0.0114073231816292
2,15077,"P_age_15_39","Population 15-39",0.329487541330125,-0.00853913277387619
2,15078,"P_age_15_39","Population 15-39",0.603282813734132,-0.00830355193465948
2,15079,"P_age_15_39","Population 15-39",0.639444954063672,-0.0124393031001091
2,15080,"P_age_15_39","Population 15-39",-0.351760835302559,0.0100380117073655
2,15081,"P_age_15_39","Population 15-39",1.09330606722003,-0.0113625638186932
2,15082,"P_age_15_39","Population 15-39",0.580801529424616,-0.00655146175995469
2,15084,"P_age_15_39","Population 15-39",0.826401730543436,-0.011840614490211
2,15085,"P_age_15_39","Population 15-39",0.625017091953054,-0.00539005734026432
2,15086,"P_age_15_39","Population 15-39",0.58427422834505,-0.0089403260499239
2,15087,"P_age_15_39","Population 15-39",1.38525800853683,-0.00930783804506063
2,15088,"P_age_15_39","Population 15-39",0.963396436830198,-0.0068109231069684
2,15090,"P_age_15_39","Population 15-39",1.02784699028373,-0.0125838704407215
2,15092,"P_age_15_39","Population 15-39",0.75445121526377,-0.00841619726270437
2,15093,"P_age_15_39","Population 15-39",0.826238457924268,-0.0124840037897229
2,15094,"P_age_15_39","Population 15-39",0.937526263535372,-0.011245047673583
2,15095,"P_age_15_39","Population 15-39",1.03680249551273,-0.0104397581890225
2,15096,"P_age_15_39","Population 15-39",1.03873914676351,-0.0171870142221451
2,15097,"P_age_15_39","Population 15-39",0.430195174217865,-0.00600010761991143
2,15099,"P_age_15_39","Population 15-39",1.02450683082989,-0.013483271934092
2,15100,"P_age_15_39","Population 15-39",1.1837914855179,-0.018963199108839
2,15101,"P_age_15_39","Population 15-39",1.19932187976981,-0.0105301337316632
2,15102,"P_age_15_39","Population 15-39",0.449669119654104,-0.00459597259759903
2,15103,"P_age_15_39","Population 15-39",0.34021557486635,-0.0068191597238183
2,15104,"P_age_15_39","Population 15-39",0.25818807471479,-0.00463375728577375
2,15105,"P_age_15_39","Population 15-39",-0.529414587508481,0.0105074206367135
2,15106,"P_age_15_39","Population 15-39",1.04649983510259,-0.00779269263148308
2,15107,"P_age_15_39","Population 15-39",0.307771737636021,-0.00389243243262172
2,15109,"P_age_15_39","Population 15-39",0.80036366599824,-0.00951909553259611
2,15110,"P_age_15_39","Population 15-39",0.988342653857155,-0.00611561676487327
2,15111,"P_age_15_39","Population 15-39",1.31483409431404,-0.00717704417183995
2,15112,"P_age_15_39","Population 15-39",1.24785410238056,-0.0125442165881395
2,15113,"P_age_15_39","Population 15-39",0.986378127991085,-0.00692794611677527
2,15114,"P_age_15_39","Population 15-39",1.42720364176459,-0.00735962670296431
2,15115,"P_age_15_39","Population 15-39",1.10871112520913,-0.01123564876616
2,15116,"P_age_15_39","Population 15-39",0.672679771302507,-0.00761763891205192
2,15117,"P_age_15_39","Population 15-39",-0.162462319757486,0.00892932154238224
2,15118,"P_age_15_39","Population 15-39",1.31162585402937,-0.0108803147450089
2,15119,"P_age_15_39","Population 15-39",0.735961749031556,-0.00595124205574393
2,15120,"P_age_15_39","Population 15-39",1.28478633678757,-0.0102808447554708
2,15121,"P_age_15_39","Population 15-39",0.428140852546569,-0.00491082761436701
2,15123,"P_age_15_39","Population 15-39",-0.108667974568113,0.00718639930710196
2,15124,"P_age_15_39","Population 15-39",1.39706149306284,-0.00735556660220027
2,16003,"P_age_15_39","Population 15-39",0.0602972975251473,0.00997732765972614
2,16007,"P_age_15_39","Population 15-39",0.457954088541502,-0.00679308269172907
2,16013,"P_age_15_39","Population 15-39",-0.557258803065625,0.0113138910382986
2,16017,"P_age_15_39","Population 15-39",0.109067153492824,0.0110956029966474
2,16018,"P_age_15_39","Population 15-39",0.243030685977955,-0.00602591503411531
2,16020,"P_age_15_39","Population 15-39",0.29183778305197,-0.00477185333147645
2,16022,"P_age_15_39","Population 15-39",1.04680875355591,-0.0152947027236223
2,16031,"P_age_15_39","Population 15-39",-0.904782784439621,0.0136035652831197
2,16034,"P_age_15_39","Population 15-39",0.766548601876391,-0.00726976012811065
2,16038,"P_age_15_39","Population 15-39",-0.38528910749696,0.0083645461127162
2,16040,"P_age_15_39","Population 15-39",0.690543318669607,-0.00712005374953151
2,16041,"P_age_15_39","Population 15-39",0.565915805111903,-0.00829500705003738
2,16046,"P_age_15_39","Population 15-39",0.147665005362191,-0.00504324911162257
2,16047,"P_age_15_39","Population 15-39",0.106465483962916,0.011440291069448
2,16049,"P_age_15_39","Population 15-39",0.513856421467272,-0.00570671446621418
2,16050,"P_age_15_39","Population 15-39",0.50493198280071,-0.00796122755855322
2,16057,"P_age_15_39","Population 15-39",-0.603477417099046,0.00988097582012415
2,16072,"P_age_15_39","Population 15-39",0.322073568233807,-0.00598498992621899
2,16077,"P_age_15_39","Population 15-39",-0.671240953225721,0.0113692358136177
2,16078,"P_age_15_39","Population 15-39",-0.114103963928924,0.00952976290136576
2,16080,"P_age_15_39","Population 15-39",0.394948936628024,-0.00861686561256647
2,16081,"P_age_15_39","Population 15-39",-0.151390786186787,0.00763640599325299
2,16088,"P_age_15_39","Population 15-39",1.2473790140022,-0.0113054029643536
2,16092,"P_age_15_39","Population 15-39",-0.33662649319944,0.0128836175426841
2,16093,"P_age_15_39","Population 15-39",0.177750130639064,-0.00670979544520378
2,16098,"P_age_15_39","Population 15-39",0.481743034764448,-0.00691914791241288
2,16099,"P_age_15_39","Population 15-39",-0.601795354001348,0.0113149266690016
2,16101,"P_age_15_39","Population 15-39",-0.346411426538682,0.0094884941354394
2,16110,"P_age_15_39","Population 15-39",-0.0324227887496722,0.00917771458625793
2,16112,"P_age_15_39","Population 15-39",0.624457668971339,-0.00455984799191356
2,17001,"P_age_15_39","Population 15-39",-0.00750862817645143,0.0112246191129088
2,17002,"P_age_15_39","Population 15-39",0.093097348302484,0.00766795361414552
2,17003,"P_age_15_39","Population 15-39",0.52934323724087,-0.00641054706647992
2,17004,"P_age_15_39","Population 15-39",0.536417109015659,-0.00718072662129998
2,17005,"P_age_15_39","Population 15-39",0.282938696457867,-0.00511928461492062
2,17006,"P_age_15_39","Population 15-39",0.566337958859202,-0.0052508506923914
2,17007,"P_age_15_39","Population 15-39",0.154372524311732,-0.00442628748714924
2,17008,"P_age_15_39","Population 15-39",0.814940657946853,-0.0074749100022018
2,17009,"P_age_15_39","Population 15-39",0.715835069789664,-0.01028788741678
2,17010,"P_age_15_39","Population 15-39",0.639748072736121,-0.00784365460276604
2,17012,"P_age_15_39","Population 15-39",0.219425590741075,-0.00295444624498487
2,17013,"P_age_15_39","Population 15-39",0.284724481037865,-0.00303370598703623
2,17014,"P_age_15_39","Population 15-39",0.18792832737328,-0.00372446840628982
2,17015,"P_age_15_39","Population 15-39",0.153798707845305,-0.00503114052116871
2,17016,"P_age_15_39","Population 15-39",0.751797611332393,-0.00789762940257788
2,17017,"P_age_15_39","Population 15-39",0.14923084540001,-0.00105291628278792
2,17018,"P_age_15_39","Population 15-39",0.912487066509767,-0.00776732200756669
2,17019,"P_age_15_39","Population 15-39",0.0637692701806863,0.00889648590236902
2,17020,"P_age_15_39","Population 15-39",0.82652249211277,-0.00746492156758904
2,17021,"P_age_15_39","Population 15-39",0.149341594335161,-0.00160345993936062
2,17022,"P_age_15_39","Population 15-39",1.01061501941113,-0.0102979587391019
2,17023,"P_age_15_39","Population 15-39",0.779089744093953,-0.0111954212188721
2,17024,"P_age_15_39","Population 15-39",0.335325524772094,-0.00726033886894584
2,17025,"P_age_15_39","Population 15-39",0.25701623467513,-0.00367967248894274
2,17026,"P_age_15_39","Population 15-39",0.575396288723817,-0.0122225256636739
2,17027,"P_age_15_39","Population 15-39",0.683069326628786,-0.0110542681068182
2,17028,"P_age_15_39","Population 15-39",0.878929800580138,-0.00777524523437023
2,17029,"P_age_15_39","Population 15-39",0.485307354198353,-0.00665589747950435
2,17030,"P_age_15_39","Population 15-39",0.964510434135465,-0.0107119875028729
2,17032,"P_age_15_39","Population 15-39",0.183485025819015,-0.00434560189023614
2,17035,"P_age_15_39","Population 15-39",1.51992051283112,-0.0135185280814767
2,18001,"P_age_15_39","Population 15-39",-0.573309492454928,0.00924807041883469
2,18002,"P_age_15_39","Population 15-39",-0.621703533477134,0.00731473136693239
2,18003,"P_age_15_39","Population 15-39",-1.14457099516293,0.010477801784873
2,18004,"P_age_15_39","Population 15-39",-0.171639757064982,0.00877663586288691
2,18005,"P_age_15_39","Population 15-39",-0.378449578918207,0.0074275410734117
2,18006,"P_age_15_39","Population 15-39",-0.0133383926776065,0.00619182409718633
2,18007,"P_age_15_39","Population 15-39",-0.0799429935355272,0.00726259499788284
2,18008,"P_age_15_39","Population 15-39",0.8905085668584,-0.00394055899232626
2,18009,"P_age_15_39","Population 15-39",0.0903428349037766,0.00474761473014951
2,18010,"P_age_15_39","Population 15-39",-0.996397816030306,0.00978185050189495
2,18011,"P_age_15_39","Population 15-39",-0.0210107403258294,0.0100794741883874
2,18012,"P_age_15_39","Population 15-39",-0.498056231994121,0.0105831222608685
2,18013,"P_age_15_39","Population 15-39",-1.21507181075834,0.0112028243020177
2,18014,"P_age_15_39","Population 15-39",0.101065125519723,0.00693849241361022
2,18015,"P_age_15_39","Population 15-39",-0.526263249173782,0.0100151216611266
2,18016,"P_age_15_39","Population 15-39",-1.38469952948101,0.00979305151849985
2,18017,"P_age_15_39","Population 15-39",0.810480776359473,-0.00361764174886048
2,18018,"P_age_15_39","Population 15-39",-0.558857619665021,0.00715882424265146
2,18019,"P_age_15_39","Population 15-39",-0.0059762971221606,0.00537893688306212
2,18020,"P_age_15_39","Population 15-39",1.51221286767514,-0.00891309417784214
2,19002,"P_age_15_39","Population 15-39",-2.40383228724933,0.019981175661087
2,19003,"P_age_15_39","Population 15-39",-2.79399977780146,0.0231947470456362
2,19004,"P_age_15_39","Population 15-39",0.289720506361714,-0.00342855998314917
2,19005,"P_age_15_39","Population 15-39",-0.674560828953939,0.0144800106063485
2,19006,"P_age_15_39","Population 15-39",1.46970668200745,-0.00931032653898001
2,19007,"P_age_15_39","Population 15-39",-1.19506678217875,0.0142141096293926
2,19008,"P_age_15_39","Population 15-39",-1.10321739705374,0.00877457205206156
2,19009,"P_age_15_39","Population 15-39",1.09529378704045,-0.0146569041535258
2,19010,"P_age_15_39","Population 15-39",3.05046727383947,-0.0570626519620419
2,19011,"P_age_15_39","Population 15-39",-0.5999493282036,0.0114285685122013
2,19012,"P_age_15_39","Population 15-39",2.68383075556714,-0.0553135052323341
2,19013,"P_age_15_39","Population 15-39",-1.13069906686105,0.011446300894022
2,19015,"P_age_15_39","Population 15-39",-2.14483108762969,0.0215056091547012
2,19016,"P_age_15_39","Population 15-39",-0.224892233689617,0.00786404963582754
2,19017,"P_age_15_39","Population 15-39",-0.789174506501652,0.0138078229501843
2,19018,"P_age_15_39","Population 15-39",2.47362565049603,-0.0374783985316753
2,19019,"P_age_15_39","Population 15-39",0.492062868660746,-0.00427920464426279
2,19020,"P_age_15_39","Population 15-39",-0.669306457508484,0.011980970390141
2,19021,"P_age_15_39","Population 15-39",1.39553682526625,-0.00792100094258785
2,19022,"P_age_15_39","Population 15-39",-1.23341831652731,0.0139909908175468
2,19023,"P_age_15_39","Population 15-39",-2.13272221000737,0.0197859331965446
2,19025,"P_age_15_39","Population 15-39",3.06378149790041,-0.0428331382572651
2,19026,"P_age_15_39","Population 15-39",0.16242574491397,-0.00483757257461548
2,19027,"P_age_15_39","Population 15-39",-2.70882324475394,0.0197328384965658
2,19029,"P_age_15_39","Population 15-39",-0.80512219033526,0.00815349072217941
2,19030,"P_age_15_39","Population 15-39",-0.812969017309367,0.0151314539834857
2,19031,"P_age_15_39","Population 15-39",2.08248364685176,-0.0325565487146378
2,19032,"P_age_15_39","Population 15-39",-0.747682470931231,0.013964993879199
2,19033,"P_age_15_39","Population 15-39",0.32671657454236,-0.00371748465113342
2,19035,"P_age_15_39","Population 15-39",-0.975591611303373,0.0136364176869392
2,19037,"P_age_15_39","Population 15-39",0.143316038122607,-0.00974603556096554
2,19038,"P_age_15_39","Population 15-39",0.285663621669653,-0.00152316247113049
2,19039,"P_age_15_39","Population 15-39",0.152811525178359,-0.00213283719494939
2,19040,"P_age_15_39","Population 15-39",-1.6069238404287,0.0181688256561756
2,19041,"P_age_15_39","Population 15-39",3.42183349273849,-0.0570654012262821
2,19042,"P_age_15_39","Population 15-39",-1.98428447919437,0.0200960375368595
2,19043,"P_age_15_39","Population 15-39",-1.91267111365434,0.0181674938648939
2,19044,"P_age_15_39","Population 15-39",0.0737678804735949,0.0050003812648356
2,19045,"P_age_15_39","Population 15-39",2.58972731558624,-0.0555542260408401
2,19046,"P_age_15_39","Population 15-39",0.142520031120428,0.0064569441601634
2,19047,"P_age_15_39","Population 15-39",-0.131386773344222,0.00588664971292019
2,19048,"P_age_15_39","Population 15-39",0.890599244002875,-0.00635734852403402
2,19049,"P_age_15_39","Population 15-39",-0.268820247010843,0.00507955811917782
2,19050,"P_age_15_39","Population 15-39",-1.80334306278832,0.0167252477258444
2,19051,"P_age_15_39","Population 15-39",-1.71949876577035,0.0134375728666782
2,20005,"P_age_15_39","Population 15-39",-1.00580905635817,0.00543379317969084
2,20008,"P_age_15_39","Population 15-39",-2.82535787227399,0.0147204315289855
2,20010,"P_age_15_39","Population 15-39",-1.08198611025877,0.00581787154078484
2,20012,"P_age_15_39","Population 15-39",-0.330523004369813,0.00639649340882897
2,20014,"P_age_15_39","Population 15-39",-0.351343098589804,0.00522505631670356
2,20015,"P_age_15_39","Population 15-39",0.00177889900018662,0.00489599443972111
2,20017,"P_age_15_39","Population 15-39",-0.709963166974031,0.00891540013253689
2,20021,"P_age_15_39","Population 15-39",0.0208093705498947,0.00736185442656279
2,20028,"P_age_15_39","Population 15-39",-0.174074460621502,0.00836808886379004
2,20036,"P_age_15_39","Population 15-39",-0.26529445321585,0.00806413684040308
2,20043,"P_age_15_39","Population 15-39",0.717862147481371,-0.00369815761223435
2,20052,"P_age_15_39","Population 15-39",-1.2389774762791,0.0062279561534524
2,20053,"P_age_15_39","Population 15-39",-1.48960343047561,0.00959386583417654
2,20057,"P_age_15_39","Population 15-39",-0.421080775192556,0.00648187240585685
2,20059,"P_age_15_39","Population 15-39",0.920540806611093,-0.00491445232182741
2,20061,"P_age_15_39","Population 15-39",-0.778853393241927,0.00568816205486655
2,20066,"P_age_15_39","Population 15-39",-1.48868572628882,0.0158507712185383
2,20070,"P_age_15_39","Population 15-39",-0.693312326908261,0.00802126340568066
2,20071,"P_age_15_39","Population 15-39",-0.0156005475839627,0.00709541654214263
2,20075,"P_age_15_39","Population 15-39",-2.54291927999405,0.0135149033740163
2,20076,"P_age_15_39","Population 15-39",0.316824203105445,-0.00403145141899586
2,20079,"P_age_15_39","Population 15-39",0.0531322316913663,0.00521669210866094
2,20080,"P_age_15_39","Population 15-39",-2.06583179160587,0.0145508972927928
2,20082,"P_age_15_39","Population 15-39",-0.124340714154991,0.00742915784940124
2,20085,"P_age_15_39","Population 15-39",-0.0120441705416047,0.00545274978503585
2,20090,"P_age_15_39","Population 15-39",0.133954791182206,0.00662920856848359
2,20113,"P_age_15_39","Population 15-39",0.551176091058082,-0.00339630991220474
2,20117,"P_age_15_39","Population 15-39",-0.417517556786572,0.00839957688003778
2,20122,"P_age_15_39","Population 15-39",-2.35606011765157,0.0194930657744408
2,20124,"P_age_15_39","Population 15-39",0.753183841667752,-0.00433874316513538
2,20125,"P_age_15_39","Population 15-39",-0.116865778745176,0.00696224858984351
2,20126,"P_age_15_39","Population 15-39",0.520632653863485,-0.00400405842810869
2,20130,"P_age_15_39","Population 15-39",-0.753781604756057,0.00861733313649893
2,20141,"P_age_15_39","Population 15-39",-0.115460722383127,0.00577173149213195
2,20143,"P_age_15_39","Population 15-39",-0.913476379421424,0.00645526172593236
2,20146,"P_age_15_39","Population 15-39",1.28014387323926,-0.00677907979115844
2,20148,"P_age_15_39","Population 15-39",0.113969966206492,0.0055049229413271
2,20149,"P_age_15_39","Population 15-39",0.402109582842691,-0.00152137200348079
2,20153,"P_age_15_39","Population 15-39",0.441986392362391,-0.00454428093507886
2,20154,"P_age_15_39","Population 15-39",-0.158683049175632,0.00650189118459821
2,20159,"P_age_15_39","Population 15-39",0.522684558959417,-0.00657426845282316
2,20170,"P_age_15_39","Population 15-39",1.22805667700907,-0.00731699820607901
2,20185,"P_age_15_39","Population 15-39",0.217112243205583,-0.00107622484210879
2,20190,"P_age_15_39","Population 15-39",-0.338925597155432,0.00932626891881227
2,20198,"P_age_15_39","Population 15-39",-1.07018764238815,0.00802137143909931
2,20202,"P_age_15_39","Population 15-39",-0.0238746793585254,0.0055053704418242
2,20203,"P_age_15_39","Population 15-39",0.812542004008709,-0.00554098188877106
2,20204,"P_age_15_39","Population 15-39",-2.38714975515455,0.0167734138667583
2,20207,"P_age_15_39","Population 15-39",-0.0965782460440529,0.00593827525153756
2,20211,"P_age_15_39","Population 15-39",-0.175691826698321,0.00539876567199826
2,20213,"P_age_15_39","Population 15-39",-1.27107149161042,0.00557092158123851
2,20225,"P_age_15_39","Population 15-39",0.226468090973861,-0.00233737449161708
2,20229,"P_age_15_39","Population 15-39",0.498457607805525,-0.00101175101008266
2,20235,"P_age_15_39","Population 15-39",-0.826964304676034,0.0090334378182888
2,20253,"P_age_15_39","Population 15-39",-1.97355811270746,0.0103491265326738
2,20254,"P_age_15_39","Population 15-39",-0.212422317123276,0.00962845981121063
2,20263,"P_age_15_39","Population 15-39",-0.299703728666372,0.00563097791746259
2,20265,"P_age_15_39","Population 15-39",-0.390556864443818,0.00903572700917721
2,20266,"P_age_15_39","Population 15-39",0.386866213129761,-0.00411842204630375
2,20272,"P_age_15_39","Population 15-39",-0.154167428695942,0.004244280513376
2,20277,"P_age_15_39","Population 15-39",-0.123675631261539,0.0066558769904077
2,20279,"P_age_15_39","Population 15-39",0.974192775450627,-0.00548963248729706
2,20282,"P_age_15_39","Population 15-39",-1.16866077012702,0.00919902510941029
2,20285,"P_age_15_39","Population 15-39",0.257491741754246,-0.00283601693809032
2,20291,"P_age_15_39","Population 15-39",-0.157276560960374,0.00928267277777195
2,20300,"P_age_15_39","Population 15-39",0.546843628899008,-0.00433452241122723
2,20302,"P_age_15_39","Population 15-39",0.389561043578397,-0.00155643548350781
2,20306,"P_age_15_39","Population 15-39",0.0603596400004041,0.00459078745916486
2,20307,"P_age_15_39","Population 15-39",-0.549277816097917,0.0106432400643826
2,20308,"P_age_15_39","Population 15-39",0.195083119531047,-0.00234088813886046
2,20316,"P_age_15_39","Population 15-39",0.255467607890709,-0.00471717910841107
2,20318,"P_age_15_39","Population 15-39",1.1351142296167,-0.0076892520301044
2,20319,"P_age_15_39","Population 15-39",-0.572721486685024,0.00849251635372639
2,20324,"P_age_15_39","Population 15-39",0.756711723797391,-0.0060062506236136
2,20327,"P_age_15_39","Population 15-39",-0.61753788997081,0.00767560349777341
2,20334,"P_age_15_39","Population 15-39",0.496325392285744,-0.00279868789948523
2,20344,"P_age_15_39","Population 15-39",-0.0493885822457459,0.00865861959755421
2,20345,"P_age_15_39","Population 15-39",-0.47024615864079,0.00926844868808985
2,20353,"P_age_15_39","Population 15-39",0.627951103917601,-0.00579423829913139
2,20357,"P_age_15_39","Population 15-39",-1.40366689093741,0.0130547927692533
2,20364,"P_age_15_39","Population 15-39",0.789111700830999,-0.00314587191678584
2,20366,"P_age_15_39","Population 15-39",-1.43003290672843,0.00707222800701857
2,20367,"P_age_15_39","Population 15-39",0.678459591523084,-0.00561594031751156
2,20386,"P_age_15_39","Population 15-39",0.48313273101164,-0.00194400234613568
2,20391,"P_age_15_39","Population 15-39",-0.0304930512305579,0.00477270921692252
2,20398,"P_age_15_39","Population 15-39",-0.333169167316725,0.00750035094097257
2,20401,"P_age_15_39","Population 15-39",0.893024392394561,-0.00595467956736684
2,20402,"P_age_15_39","Population 15-39",-1.58382395417905,0.00924159958958626
2,20407,"P_age_15_39","Population 15-39",-0.143948817000258,0.00581219466403127
2,20410,"P_age_15_39","Population 15-39",-1.04165281094502,0.0125168189406395
2,20412,"P_age_15_39","Population 15-39",-0.323034158790359,0.00675904424861073
2,20413,"P_age_15_39","Population 15-39",1.94873537824786,-0.052854984998703
2,20414,"P_age_15_39","Population 15-39",-0.473775599267694,0.00853322818875313
2,20415,"P_age_15_39","Population 15-39",-0.372460578900257,0.00782682094722986
2,20418,"P_age_15_39","Population 15-39",-0.498310990728983,0.00688463216647506
2,20421,"P_age_15_39","Population 15-39",-0.387610239765071,0.00924164522439241
2,20424,"P_age_15_39","Population 15-39",-0.138381309079026,0.00563614396378398
2,20427,"P_age_15_39","Population 15-39",0.362671039295768,-0.0032046630512923
2,20428,"P_age_15_39","Population 15-39",0.176827133247626,-0.000979662174358964
2,20439,"P_age_15_39","Population 15-39",0.525623701300538,-0.00374555611051619
2,20440,"P_age_15_39","Population 15-39",-1.4275391741187,0.0128111848607659
2,20441,"P_age_15_39","Population 15-39",0.251610937113735,-0.00044688317575492
2,20448,"P_age_15_39","Population 15-39",0.35955281192042,-0.00181091937702149
2,20449,"P_age_15_39","Population 15-39",-1.53758511069603,0.0128356162458658
2,20450,"P_age_15_39","Population 15-39",0.324317150401587,-0.00170422834344208
2,20453,"P_age_15_39","Population 15-39",-0.865214270491254,0.0105038490146399
2,20465,"P_age_15_39","Population 15-39",-0.112170504625292,0.0057188724167645
2,20466,"P_age_15_39","Population 15-39",1.0235595927322,-0.0029588786419481
2,20467,"P_age_15_39","Population 15-39",-0.157495042634471,0.00717199454084039
2,20470,"P_age_15_39","Population 15-39",-0.580915207237407,0.00815175008028746
2,20472,"P_age_15_39","Population 15-39",-1.0984743160948,0.00778202200308442
2,20474,"P_age_15_39","Population 15-39",-1.55393273904474,0.011412831954658
2,20477,"P_age_15_39","Population 15-39",-0.599031210485199,0.00614227494224906
2,20482,"P_age_15_39","Population 15-39",0.526939204807184,-0.00290962029248476
2,20485,"P_age_15_39","Population 15-39",-1.44799387697444,0.00675285886973143
2,20489,"P_age_15_39","Population 15-39",0.0754599381134694,0.00678898161277175
2,20495,"P_age_15_39","Population 15-39",-0.000561397873621494,0.00483975792303681
2,20498,"P_age_15_39","Population 15-39",-0.0185576371970962,0.00699601834639907
2,20505,"P_age_15_39","Population 15-39",-1.11533781479264,0.0100724929943681
2,20507,"P_age_15_39","Population 15-39",-1.77754490085479,0.0110393445938826
2,20508,"P_age_15_39","Population 15-39",-1.25391183449409,0.00543038919568062
2,20509,"P_age_15_39","Population 15-39",0.454619000019067,-0.00108129426371306
2,20512,"P_age_15_39","Population 15-39",-0.372244022732732,0.00638509634882212
2,20513,"P_age_15_39","Population 15-39",-0.209551123195344,0.00694371992722154
2,20515,"P_age_15_39","Population 15-39",0.202383854748818,-0.000138211282319389
2,20516,"P_age_15_39","Population 15-39",0.282938696457867,-0.00285413675010204
2,20525,"P_age_15_39","Population 15-39",-0.706223205156581,0.0116459047421813
2,20526,"P_age_15_39","Population 15-39",0.689598334319213,-0.00385808292776346
2,20533,"P_age_15_39","Population 15-39",0.304132581902997,-0.00162559014279395
2,20534,"P_age_15_39","Population 15-39",-1.33375390794555,0.00704659381881356
2,20535,"P_age_15_39","Population 15-39",-0.221807605757838,0.00612182868644595
2,20543,"P_age_15_39","Population 15-39",0.877270039759252,-0.00515059195458889
2,20557,"P_age_15_39","Population 15-39",-0.584379066919609,0.00895881839096546
2,20563,"P_age_15_39","Population 15-39",-1.34268550846273,0.00789715815335512
2,21001,"P_age_15_39","Population 15-39",1.12400106375085,-0.00614827312529087
2,21002,"P_age_15_39","Population 15-39",0.00382594768423672,0.010161966085434
2,21004,"P_age_15_39","Population 15-39",1.40810397862228,-0.00895985029637814
2,21005,"P_age_15_39","Population 15-39",0.73997087340687,-0.00479766447097063
2,21006,"P_age_15_39","Population 15-39",0.186364224168236,-0.00227842456661165
2,21007,"P_age_15_39","Population 15-39",-1.01234363897166,0.00969909876585007
2,21008,"P_age_15_39","Population 15-39",0.501746489339336,-0.0106390044093132
2,21011,"P_age_15_39","Population 15-39",-0.801228387003996,0.00950951781123877
2,21012,"P_age_15_39","Population 15-39",0.0366999973591765,0.00943494960665703
2,21015,"P_age_15_39","Population 15-39",1.72247883167683,-0.0461057275533676
2,21016,"P_age_15_39","Population 15-39",0.361032337572282,-0.00496779987588525
2,21019,"P_age_15_39","Population 15-39",0.64874960661824,-0.00481959991157055
2,21022,"P_age_15_39","Population 15-39",0.180783449635938,-0.00271260947920382
2,21023,"P_age_15_39","Population 15-39",0.556857485585581,-0.00489479536190629
2,21025,"P_age_15_39","Population 15-39",0.0731417600118214,0.00816983450204134
2,21026,"P_age_15_39","Population 15-39",0.352800747862423,-0.00374959944747388
2,21031,"P_age_15_39","Population 15-39",-0.727737003826801,0.0107718305662274
2,21032,"P_age_15_39","Population 15-39",-0.9337871060769,0.00828676763921976
2,21039,"P_age_15_39","Population 15-39",0.244536801712542,-0.00233159982599318
2,21040,"P_age_15_39","Population 15-39",1.50434412352553,-0.0133044524118304
2,21043,"P_age_15_39","Population 15-39",0.399522529070735,-0.00309460121206939
2,21044,"P_age_15_39","Population 15-39",0.513103799100458,-0.00798745453357697
2,21045,"P_age_15_39","Population 15-39",0.641290026154135,-0.00982585735619068
2,21046,"P_age_15_39","Population 15-39",1.22313804154205,-0.00909565947949886
2,21047,"P_age_15_39","Population 15-39",0.104342890806857,0.00615737913176417
2,21048,"P_age_15_39","Population 15-39",0.890437403236919,-0.0117892669513822
2,21049,"P_age_15_39","Population 15-39",1.12612164610944,-0.0050458568148315
2,21050,"P_age_15_39","Population 15-39",1.24348521067094,-0.004727300722152
2,21051,"P_age_15_39","Population 15-39",-0.156254801881423,0.0101082343608141
2,21053,"P_age_15_39","Population 15-39",0.673374610380101,-0.00947016663849354
2,21054,"P_age_15_39","Population 15-39",1.67637872805003,-0.0750471577048302
2,21056,"P_age_15_39","Population 15-39",-1.21845881300566,0.00987241044640541
2,21057,"P_age_15_39","Population 15-39",-0.0419542737323502,0.0058430964127183
2,21058,"P_age_15_39","Population 15-39",0.433091063736824,-0.00192851014435291
2,21061,"P_age_15_39","Population 15-39",1.07159172897858,-0.00483275996521115
2,21062,"P_age_15_39","Population 15-39",-0.0530146445340665,0.010582659393549
2,21063,"P_age_15_39","Population 15-39",0.293520019316031,-0.00682041794061661
2,21065,"P_age_15_39","Population 15-39",1.06214905766354,-0.00914051104336977
2,21067,"P_age_15_39","Population 15-39",0.916174129880175,-0.00935205072164536
2,21069,"P_age_15_39","Population 15-39",0.191024472160485,-0.00326090189628303
2,21070,"P_age_15_39","Population 15-39",-1.10205940773855,0.00817571766674519
2,21071,"P_age_15_39","Population 15-39",0.613366006749367,-0.00271444884128869
2,21072,"P_age_15_39","Population 15-39",-0.58629448849119,0.0060994285158813
2,21073,"P_age_15_39","Population 15-39",-0.148454386077175,0.00854368880391121
2,21074,"P_age_15_39","Population 15-39",1.6108086178756,-0.0187331549823284
2,21076,"P_age_15_39","Population 15-39",0.543190500966605,-0.00459526013582945
2,21077,"P_age_15_39","Population 15-39",1.10799607477395,-0.0085627855733037
2,21078,"P_age_15_39","Population 15-39",1.35608453179319,-0.00542125198990107
2,21079,"P_age_15_39","Population 15-39",0.536885810915165,-0.0115620363503695
2,21081,"P_age_15_39","Population 15-39",-0.369281523609184,0.00955143291503191
2,21083,"P_age_15_39","Population 15-39",-0.392129835317391,0.00851915311068296
2,21085,"P_age_15_39","Population 15-39",0.438211388909871,-0.00514494208618999
2,21087,"P_age_15_39","Population 15-39",-0.243736042238288,0.00654619606211782
2,21089,"P_age_15_39","Population 15-39",-0.512963012819659,0.00822054222226143
2,21092,"P_age_15_39","Population 15-39",-0.43225482325016,0.0105948876589537
2,21093,"P_age_15_39","Population 15-39",-0.523983118565118,0.00984017178416252
2,21094,"P_age_15_39","Population 15-39",0.727665304641892,-0.00832039956003428
2,21096,"P_age_15_39","Population 15-39",0.748787289862354,-0.0106047503650188
2,21098,"P_age_15_39","Population 15-39",0.453946202176457,-0.00313224410638213
2,21099,"P_age_15_39","Population 15-39",0.520547334537972,-0.00652835285291076
2,21101,"P_age_15_39","Population 15-39",-0.511981557565556,0.00885391514748335
2,21103,"P_age_15_39","Population 15-39",1.27562926591202,-0.011451194062829
2,21104,"P_age_15_39","Population 15-39",1.49431567951131,-0.00866606459021568
2,21106,"P_age_15_39","Population 15-39",1.39847366992235,-0.00823852512985468
2,21107,"P_age_15_39","Population 15-39",-1.05414186368675,0.00576862832531333
2,21108,"P_age_15_39","Population 15-39",1.01470311798627,-0.00957878958433867
2,21109,"P_age_15_39","Population 15-39",-0.234177755237931,0.00717936595901847
2,21110,"P_age_15_39","Population 15-39",1.22783067164418,-0.00716533046215773
2,21114,"P_age_15_39","Population 15-39",1.04194768427402,-0.0101154567673802
2,21115,"P_age_15_39","Population 15-39",1.2969947307926,-0.00725826434791088
2,21116,"P_age_15_39","Population 15-39",0.331985835710461,-0.00173965026624501
2,21119,"P_age_15_39","Population 15-39",1.65381536546902,-0.0421975515782833
2,21121,"P_age_15_39","Population 15-39",-0.281819933757662,0.00463878875598311
2,21123,"P_age_15_39","Population 15-39",-1.20818857188807,0.00716364430263638
2,21126,"P_age_15_39","Population 15-39",0.77634388125968,-0.0131909251213074
2,21128,"P_age_15_39","Population 15-39",0.778141273155144,-0.00837581418454647
2,21130,"P_age_15_39","Population 15-39",-0.344092532510428,0.0117828194051981
2,21132,"P_age_15_39","Population 15-39",0.827949868843638,-0.0088773462921381
2,21134,"P_age_15_39","Population 15-39",0.6550017316325,-0.0100936163216829
2,21137,"P_age_15_39","Population 15-39",0.781744617050468,-0.006369071546942
2,21138,"P_age_15_39","Population 15-39",0.179877474239527,-0.00590637978166342
2,21142,"P_age_15_39","Population 15-39",1.08171399814668,-0.0115006165578961
2,21143,"P_age_15_39","Population 15-39",1.41229604421411,-0.015886539593339
2,21144,"P_age_15_39","Population 15-39",1.30245203770807,-0.0114330388605595
2,21149,"P_age_15_39","Population 15-39",1.87150235845018,-0.0691042393445969
2,21150,"P_age_15_39","Population 15-39",-0.746675314687369,0.0110419057309628
2,21152,"P_age_15_39","Population 15-39",0.237782264218585,-0.00772401876747608
2,21153,"P_age_15_39","Population 15-39",0.905970074497274,-0.0109699610620737
2,21154,"P_age_15_39","Population 15-39",1.38031924958769,-0.0101824812591076
2,21158,"P_age_15_39","Population 15-39",-0.72211667241113,0.00932502560317516
2,21159,"P_age_15_39","Population 15-39",-2.25092967111643,0.00957196671515703
2,21160,"P_age_15_39","Population 15-39",-0.667649343289923,0.0107907205820084
2,21161,"P_age_15_39","Population 15-39",1.28200370840831,-0.0115406718105078
2,21162,"P_age_15_39","Population 15-39",-0.380023749033458,0.00760862277820706
2,21164,"P_age_15_39","Population 15-39",1.24867012689739,-0.00929562002420425
2,21166,"P_age_15_39","Population 15-39",0.271827642187812,-0.00175603909883648
2,21167,"P_age_15_39","Population 15-39",-0.219050360465913,0.00547878863289952
2,21170,"P_age_15_39","Population 15-39",0.536734034474843,-0.00676761195063591
2,21172,"P_age_15_39","Population 15-39",0.151862904334342,-0.00101192283909768
2,21174,"P_age_15_39","Population 15-39",1.035068513521,-0.00845193117856979
2,21175,"P_age_15_39","Population 15-39",1.14293940821086,-0.00908784009516239
2,21176,"P_age_15_39","Population 15-39",0.118236366690363,0.0102377403527498
2,21177,"P_age_15_39","Population 15-39",0.662045322554914,-0.00379028008319438
2,21179,"P_age_15_39","Population 15-39",0.884318241559152,-0.00735654355958104
2,21180,"P_age_15_39","Population 15-39",0.923097644144989,-0.00859926547855139
2,21182,"P_age_15_39","Population 15-39",1.45242966720388,-0.016129182651639
2,21183,"P_age_15_39","Population 15-39",0.485700191138851,-0.0017828163690865
2,21184,"P_age_15_39","Population 15-39",-0.227992232074542,0.005583924241364
2,21185,"P_age_15_39","Population 15-39",0.446561258999383,-0.00624039396643639
2,21186,"P_age_15_39","Population 15-39",0.530716593820197,-0.00565837463364005
2,21188,"P_age_15_39","Population 15-39",0.442384633644158,-0.00308722862973809
2,21192,"P_age_15_39","Population 15-39",-0.117706780571441,0.00808763690292835
2,21193,"P_age_15_39","Population 15-39",0.357362528808434,-0.00949618872255087
2,21195,"P_age_15_39","Population 15-39",0.488804099982092,-0.000982792931608856
2,21197,"P_age_15_39","Population 15-39",0.61017851799796,-0.0037818041164428
2,21198,"P_age_15_39","Population 15-39",0.20181110829544,-0.00445349467918277
2,21199,"P_age_15_39","Population 15-39",1.35424924230995,-0.0090813273563981
2,21201,"P_age_15_39","Population 15-39",-0.1759949143559,0.00711792940273881
2,21202,"P_age_15_39","Population 15-39",0.464939399936759,-0.00276047852821648
2,21203,"P_age_15_39","Population 15-39",0.849912607771399,-0.00665319990366697
2,21204,"P_age_15_39","Population 15-39",0.947834373810437,-0.00459610763937235
2,21205,"P_age_15_39","Population 15-39",1.0763594150685,-0.00778260687366128
2,21206,"P_age_15_39","Population 15-39",-0.318808829749392,0.00900320801883936
2,21207,"P_age_15_39","Population 15-39",0.713708488638111,-0.00306640728376806
2,21208,"P_age_15_39","Population 15-39",0.702780476382906,-0.00347602320834994
2,21212,"P_age_15_39","Population 15-39",0.395238416510958,-0.00263158627785742
2,21213,"P_age_15_39","Population 15-39",-0.0272313490620221,0.00731562683358788
2,21216,"P_age_15_39","Population 15-39",-0.984675210534124,0.00876569095999002
2,22001,"P_age_15_39","Population 15-39",0.791850626672462,-0.00713669415563345
2,22016,"P_age_15_39","Population 15-39",1.09935674030894,-0.0109868040308356
2,23001,"P_age_15_39","Population 15-39",1.24826650970465,-0.00832620076835155
2,23002,"P_age_15_39","Population 15-39",0.887038328451064,-0.00478485319763422
2,23003,"P_age_15_39","Population 15-39",1.814778852539,-0.0514542423188686
2,23004,"P_age_15_39","Population 15-39",1.11867758600369,-0.00833453703671694
2,23005,"P_age_15_39","Population 15-39",2.36609227255512,-0.0458769164979458
2,23006,"P_age_15_39","Population 15-39",0.880288562078091,-0.00479329284280539
2,23007,"P_age_15_39","Population 15-39",0.779511052686017,-0.00502856448292732
2,23008,"P_age_15_39","Population 15-39",3.78159891446255,-0.0588011033833027
2,23009,"P_age_15_39","Population 15-39",2.92640066422358,-0.069817304611206
2,23010,"P_age_15_39","Population 15-39",0.862169090333895,-0.00439904863014817
2,23011,"P_age_15_39","Population 15-39",2.14198979664963,-0.0458549000322819
2,24001,"P_age_15_39","Population 15-39",0.203177440006487,-0.00735800247639418
2,24025,"P_age_15_39","Population 15-39",0.244114521321187,-0.00732558127492666
2,24033,"P_age_15_39","Population 15-39",-1.39074883533103,0.0164091754704714
2,24044,"P_age_15_39","Population 15-39",-0.290636799928777,0.0148397721350193
2,24046,"P_age_15_39","Population 15-39",0.602522008610523,-0.0102596888318658
2,24049,"P_age_15_39","Population 15-39",-0.262589648901617,0.00803868100047112
2,25001,"P_age_15_39","Population 15-39",0.519733276880877,-0.00484980503097177
2,25002,"P_age_15_39","Population 15-39",-0.795851537833012,0.0104051176458597
2,25003,"P_age_15_39","Population 15-39",-0.515539666271546,0.0137060265988111
2,25004,"P_age_15_39","Population 15-39",-0.935453801306026,0.0102108577266335
2,25006,"P_age_15_39","Population 15-39",1.07125398995639,-0.00718166865408421
2,25007,"P_age_15_39","Population 15-39",-0.592078146802051,0.00963327940553427
2,25009,"P_age_15_39","Population 15-39",0.18528479035211,-0.0021887244656682
2,25010,"P_age_15_39","Population 15-39",-0.133807204890944,0.00789849273860455
2,25011,"P_age_15_39","Population 15-39",0.0490680946886378,0.0100406771525741
2,25012,"P_age_15_39","Population 15-39",0.684330104395573,-0.0034666417632252
2,25013,"P_age_15_39","Population 15-39",-1.25003111426924,0.0115182725712657
2,25014,"P_age_15_39","Population 15-39",-0.373596586425634,0.0101765589788556
2,25015,"P_age_15_39","Population 15-39",0.0303234484362325,0.00729081826284528
2,25016,"P_age_15_39","Population 15-39",-0.933687375174668,0.0132533023133874
2,25017,"P_age_15_39","Population 15-39",-0.459913513018201,0.012275418266654
2,25018,"P_age_15_39","Population 15-39",0.623110910228455,-0.00662079593166709
2,26001,"P_age_15_39","Population 15-39",-0.908912336974406,0.0139766540378332
2,26002,"P_age_15_39","Population 15-39",0.873700401274973,-0.00448141805827618
2,26003,"P_age_15_39","Population 15-39",-0.712387129046899,0.00963542610406876
2,26004,"P_age_15_39","Population 15-39",0.530404075057267,-0.0107391122728586
2,26006,"P_age_15_39","Population 15-39",-2.03636803376179,0.0192985683679581
2,26007,"P_age_15_39","Population 15-39",-1.8836294501124,0.0205040853470564
2,26008,"P_age_15_39","Population 15-39",-2.74842343780845,0.0232828129082918
2,26010,"P_age_15_39","Population 15-39",-1.62725041309868,0.0200665220618248
2,26011,"P_age_15_39","Population 15-39",-2.20860792830193,0.0233299881219864
2,26013,"P_age_15_39","Population 15-39",-0.714152492918926,0.00852315034717321
2,26014,"P_age_15_39","Population 15-39",-2.15034594005371,0.0218025408685207
2,26015,"P_age_15_39","Population 15-39",-1.96330755311009,0.0239752288907766
2,26016,"P_age_15_39","Population 15-39",-0.619952769855625,0.0131391976028681
2,26017,"P_age_15_39","Population 15-39",0.697368345211602,-0.00295835873112082
2,26019,"P_age_15_39","Population 15-39",0.441741938318413,-0.00304148602299392
2,26020,"P_age_15_39","Population 15-39",-0.293884031075422,0.0176855642348528
2,26021,"P_age_15_39","Population 15-39",-2.02603420698953,0.0225997362285852
2,26022,"P_age_15_39","Population 15-39",-1.72374359282688,0.0221160892397165
2,26023,"P_age_15_39","Population 15-39",-1.31304722735504,0.0110370805487037
2,26024,"P_age_15_39","Population 15-39",-1.75762976887875,0.0209994297474623
2,26025,"P_age_15_39","Population 15-39",0.139070856979637,0.00611748732626438
2,26026,"P_age_15_39","Population 15-39",0.29816448332352,-0.00252425484359264
2,26027,"P_age_15_39","Population 15-39",0.447893063405304,-0.00497671542689204
2,26028,"P_age_15_39","Population 15-39",-2.64120071515364,0.0160712152719498
2,26029,"P_age_15_39","Population 15-39",0.245699376059494,0.00055441161384806
2,26030,"P_age_15_39","Population 15-39",1.1571531229756,-0.0066581410355866
2,26031,"P_age_15_39","Population 15-39",-1.22115596956962,0.017068337649107
2,26032,"P_age_15_39","Population 15-39",-2.08764724866503,0.0162645019590855
2,26033,"P_age_15_39","Population 15-39",-0.300934887231366,0.0104443868622184
2,26034,"P_age_15_39","Population 15-39",-2.90254083665446,0.0157350581139326
2,26035,"P_age_15_39","Population 15-39",-0.146761310115702,0.012479979544878
2,26036,"P_age_15_39","Population 15-39",0.566096919035606,-0.00329914130270481
2,26038,"P_age_15_39","Population 15-39",0.286061720799927,-0.00228823162615299
2,26039,"P_age_15_39","Population 15-39",0.142285437220851,0.00783232320100069
2,26040,"P_age_15_39","Population 15-39",-2.64340920916404,0.0266252942383289
2,26041,"P_age_15_39","Population 15-39",0.419667313243565,-0.00265008700080216
2,26042,"P_age_15_39","Population 15-39",0.347046163408542,-0.00315558630973101
2,26043,"P_age_15_39","Population 15-39",1.27571581032494,-0.00664446363225579
2,26045,"P_age_15_39","Population 15-39",-1.74158014433335,0.0220782719552517
2,26046,"P_age_15_39","Population 15-39",-0.882583709610364,0.00636216532438993
2,26047,"P_age_15_39","Population 15-39",-0.26076844275438,0.00652952399104834
2,26048,"P_age_15_39","Population 15-39",0.695656448392587,-0.00485720625147223
2,26050,"P_age_15_39","Population 15-39",-2.72532332411641,0.0233520921319723
2,26053,"P_age_15_39","Population 15-39",-2.19602400106984,0.0160622838884592
2,26055,"P_age_15_39","Population 15-39",0.717396324795723,-0.00434407265856862
2,26056,"P_age_15_39","Population 15-39",1.88009043825631,-0.0742597058415413
2,26058,"P_age_15_39","Population 15-39",-0.190478603234294,0.00610518269240856
2,26059,"P_age_15_39","Population 15-39",-0.423888525617312,0.0163338258862495
2,26060,"P_age_15_39","Population 15-39",-0.37327512504157,0.0172341223806143
2,26063,"P_age_15_39","Population 15-39",-2.52536700304132,0.0228756424039602
2,26064,"P_age_15_39","Population 15-39",-1.75106825760353,0.0173799488693476
2,26065,"P_age_15_39","Population 15-39",-1.32141852613583,0.0206090770661831
2,26066,"P_age_15_39","Population 15-39",-1.96076503927744,0.0149390213191509
2,26067,"P_age_15_39","Population 15-39",-2.48094893666649,0.0218794457614422
2,26070,"P_age_15_39","Population 15-39",0.0426515417512646,0.0119505599141121
2,26071,"P_age_15_39","Population 15-39",-0.215456949083023,0.0125486487522721
2,26072,"P_age_15_39","Population 15-39",-0.265483861032969,0.0121529418975115
2,27001,"P_age_15_39","Population 15-39",-0.317256675023397,0.0107547733932734
2,27002,"P_age_15_39","Population 15-39",0.292734833919252,-0.00341535685583949
2,27003,"P_age_15_39","Population 15-39",0.73792273403319,-0.00530818523839116
2,27004,"P_age_15_39","Population 15-39",0.769284131589481,-0.00757363112643361
2,27005,"P_age_15_39","Population 15-39",0.618722830651984,-0.0061404756270349
2,27006,"P_age_15_39","Population 15-39",0.436316651672665,-0.00356396962888539
2,27007,"P_age_15_39","Population 15-39",0.0619878561129249,0.008589425124228
2,27008,"P_age_15_39","Population 15-39",0.464165749487417,-0.00568101834505796
2,27009,"P_age_15_39","Population 15-39",0.0547736756463613,0.00869845598936081
2,27010,"P_age_15_39","Population 15-39",0.906647240267547,-0.00614111451432109
2,27011,"P_age_15_39","Population 15-39",0.239174819003052,-0.00455135526135564
2,27012,"P_age_15_39","Population 15-39",0.655598801498449,-0.00354497716762125
2,27013,"P_age_15_39","Population 15-39",1.34729183912944,-0.00762337865307927
2,27014,"P_age_15_39","Population 15-39",0.725467322088181,-0.005440728738904
2,27015,"P_age_15_39","Population 15-39",0.376993443091311,-0.0033225673250854
2,27016,"P_age_15_39","Population 15-39",0.808622610824308,-0.00515153724700212
2,27017,"P_age_15_39","Population 15-39",0.166269728024138,-0.00203216797672212
2,28001,"P_age_15_39","Population 15-39",-1.49938449212512,0.0151146585121751
2,28002,"P_age_15_39","Population 15-39",-0.94259398804413,0.0139707494527102
2,28003,"P_age_15_39","Population 15-39",0.992401836234243,-0.0086930338293314
2,28005,"P_age_15_39","Population 15-39",-1.82876106510988,0.022688327357173
2,28007,"P_age_15_39","Population 15-39",-0.372126264436739,0.0148526597768068
2,28010,"P_age_15_39","Population 15-39",-1.77778029338729,0.0170133728533983
2,28014,"P_age_15_39","Population 15-39",-0.964891010420537,0.0126572186127305
2,28015,"P_age_15_39","Population 15-39",-0.257623423699643,0.00837821420282125
2,28016,"P_age_15_39","Population 15-39",-1.86134528856916,0.0239865258336067
2,28018,"P_age_15_39","Population 15-39",-1.09225123392264,0.0175204575061798
2,28020,"P_age_15_39","Population 15-39",-2.38802558926551,0.0261492021381855
2,28022,"P_age_15_39","Population 15-39",0.839757046723859,-0.00809841509908438
2,28023,"P_age_15_39","Population 15-39",-1.43084113617435,0.0178998094052076
2,28024,"P_age_15_39","Population 15-39",-0.55082877675138,0.0150522002950311
2,28025,"P_age_15_39","Population 15-39",0.083752808039254,0.00832454487681389
2,28027,"P_age_15_39","Population 15-39",0.765485145887969,-0.00659684604033828
2,28030,"P_age_15_39","Population 15-39",-0.822194998059104,0.0139458086341619
2,28032,"P_age_15_39","Population 15-39",1.50336551130127,-0.00674419896677136
2,28033,"P_age_15_39","Population 15-39",0.485776523905497,-0.00581470550969243
2,28034,"P_age_15_39","Population 15-39",-2.19161975499186,0.0209294594824314
2,28035,"P_age_15_39","Population 15-39",-0.600733280759258,0.0156150739639997
2,28036,"P_age_15_39","Population 15-39",-0.285881297514008,0.0137964924797416
2,28037,"P_age_15_39","Population 15-39",-0.508869605532439,0.0142501480877399
2,28038,"P_age_15_39","Population 15-39",-0.217987188780476,0.007571866735816
2,28040,"P_age_15_39","Population 15-39",-0.133275276592357,0.00783825945109129
2,28042,"P_age_15_39","Population 15-39",-2.18618589273429,0.0251137875020504
2,29003,"P_age_15_39","Population 15-39",0.767390490211051,-0.0118739027529955
2,29004,"P_age_15_39","Population 15-39",0.632529979226669,-0.0076506482437253
2,29006,"P_age_15_39","Population 15-39",0.698926573683167,-0.0128894755616784
2,29007,"P_age_15_39","Population 15-39",1.34725064362705,-0.0112119559198618
2,29008,"P_age_15_39","Population 15-39",1.33242143874757,-0.0139534175395966
2,29010,"P_age_15_39","Population 15-39",0.806712371320756,-0.00599623285233974
2,29012,"P_age_15_39","Population 15-39",0.376011266741456,-0.0104438345879316
2,29013,"P_age_15_39","Population 15-39",1.20266729365971,-0.0105632673949003
2,29014,"P_age_15_39","Population 15-39",0.470702495388157,-0.00879423599690199
2,29015,"P_age_15_39","Population 15-39",0.573091945839201,-0.010007563047111
2,29020,"P_age_15_39","Population 15-39",0.414467023979396,-0.0108934659510851
2,29021,"P_age_15_39","Population 15-39",0.397905356836859,-0.0102145355194807
2,29023,"P_age_15_39","Population 15-39",0.749161016473179,-0.00822738371789455
2,29025,"P_age_15_39","Population 15-39",1.51286178148251,-0.0138299260288477
2,29026,"P_age_15_39","Population 15-39",1.11989416757932,-0.0113599561154842
2,29030,"P_age_15_39","Population 15-39",0.72914864253831,-0.00868645682930946
2,29031,"P_age_15_39","Population 15-39",1.22845373714116,-0.0109771089628339
2,29033,"P_age_15_39","Population 15-39",0.756351426625703,-0.00642326148226857
2,29034,"P_age_15_39","Population 15-39",0.782160337796609,-0.00891640037298203
2,29037,"P_age_15_39","Population 15-39",0.572221138721916,-0.0089462548494339
2,29039,"P_age_15_39","Population 15-39",1.23125893659278,-0.0184388011693954
2,29040,"P_age_15_39","Population 15-39",0.358430520721737,-0.0102729396894574
2,29045,"P_age_15_39","Population 15-39",0.785311037741881,-0.0113948844373226
2,29046,"P_age_15_39","Population 15-39",1.15482728678539,-0.0102276522666216
2,29050,"P_age_15_39","Population 15-39",0.893911223861854,-0.00681103533133864
2,29052,"P_age_15_39","Population 15-39",0.526931725054131,-0.0102822026237845
2,30003,"P_age_15_39","Population 15-39",0.0862654907351544,0.00595646584406495
2,30004,"P_age_15_39","Population 15-39",-0.987201092642203,0.0115500846877694
2,30005,"P_age_15_39","Population 15-39",-1.19486658894024,0.0124877095222473
2,30006,"P_age_15_39","Population 15-39",1.20244379533023,-0.00720790913328528
2,30007,"P_age_15_39","Population 15-39",-0.502841749050286,0.0119656194001436
2,30008,"P_age_15_39","Population 15-39",0.269817604583141,-0.00388045585714281
2,30009,"P_age_15_39","Population 15-39",-1.04590229798591,0.0125147365033627
2,30010,"P_age_15_39","Population 15-39",0.785971140163967,-0.00622109929099679
2,30011,"P_age_15_39","Population 15-39",-0.228150454438883,0.00732043664902449
2,30014,"P_age_15_39","Population 15-39",0.448266066335807,-0.00794453546404839
2,30015,"P_age_15_39","Population 15-39",-1.05210360513406,0.0120176849886775
2,30016,"P_age_15_39","Population 15-39",0.0662687767255628,0.00775131117552519
2,30017,"P_age_15_39","Population 15-39",-0.940224870601456,0.0111735332757235
2,30020,"P_age_15_39","Population 15-39",1.62849530552547,-0.0264220684766769
2,30021,"P_age_15_39","Population 15-39",-0.175950847393372,0.0108359362930059
2,30022,"P_age_15_39","Population 15-39",1.36400002569166,-0.0129228346049786
2,30023,"P_age_15_39","Population 15-39",-0.0500956049984899,0.00899058114737272
2,30024,"P_age_15_39","Population 15-39",1.1055517204234,-0.0111335087567568
2,30025,"P_age_15_39","Population 15-39",-0.540761794175379,0.00634914124384522
2,30028,"P_age_15_39","Population 15-39",-0.0858690592110994,0.00931907724589109
2,30031,"P_age_15_39","Population 15-39",0.65914715344294,-0.00429652212187648
2,30032,"P_age_15_39","Population 15-39",-0.141367361412514,0.00896949879825115
2,30037,"P_age_15_39","Population 15-39",0.0409877929348846,0.0065994500182569
2,30038,"P_age_15_39","Population 15-39",0.367213099952975,-0.00687275547534227
2,30039,"P_age_15_39","Population 15-39",0.293264386995637,-0.00433527119457722
2,30042,"P_age_15_39","Population 15-39",-1.08273300262817,0.00979797821491957
2,30043,"P_age_15_39","Population 15-39",0.63885543890338,-0.00322809815406799
2,30044,"P_age_15_39","Population 15-39",0.270060476868696,-0.00479971524327993
2,30046,"P_age_15_39","Population 15-39",0.293822732210586,-0.00394309172406793
2,30047,"P_age_15_39","Population 15-39",1.26330160680518,-0.00491604628041387
2,30048,"P_age_15_39","Population 15-39",0.604335750512144,-0.00547797465696931
2,30049,"P_age_15_39","Population 15-39",0.241287552014709,-0.00542407622560859
2,30050,"P_age_15_39","Population 15-39",-0.507564623820776,0.00893494673073292
2,30052,"P_age_15_39","Population 15-39",-0.0257655449060015,0.0100033301860094
2,30053,"P_age_15_39","Population 15-39",0.0841203032455815,0.0104254633188248
2,30057,"P_age_15_39","Population 15-39",0.48842326838124,-0.00510101625695825
2,30059,"P_age_15_39","Population 15-39",0.209122155957814,-0.00398234883323312
2,30061,"P_age_15_39","Population 15-39",0.0689724334895681,0.00672087678685784
2,30065,"P_age_15_39","Population 15-39",0.773038510152794,-0.00944049283862114
2,30066,"P_age_15_39","Population 15-39",-0.208952551692724,0.00860566459596157
2,30067,"P_age_15_39","Population 15-39",0.801773728677379,-0.00284755881875753
2,30068,"P_age_15_39","Population 15-39",0.173620696994619,-0.00512116588652134
2,30070,"P_age_15_39","Population 15-39",-0.314412223667971,0.0109318336471915
2,30071,"P_age_15_39","Population 15-39",1.03883529544814,-0.00763048464432359
2,30073,"P_age_15_39","Population 15-39",-0.753360231549678,0.00867102388292551
2,30075,"P_age_15_39","Population 15-39",-1.38030407611897,0.0129238031804562
2,30077,"P_age_15_39","Population 15-39",0.0517590353555384,0.00881077256053686
2,30079,"P_age_15_39","Population 15-39",0.835570946325547,-0.00476093916222453
2,30080,"P_age_15_39","Population 15-39",0.846884434658536,-0.00664689298719168
2,30082,"P_age_15_39","Population 15-39",0.275790854215775,-0.00542911654338241
2,30084,"P_age_15_39","Population 15-39",-1.57928706783615,0.0151521824300289
2,30087,"P_age_15_39","Population 15-39",0.70426842257224,-0.00724134221673012
2,30089,"P_age_15_39","Population 15-39",-0.566869238986974,0.00804720167070627
2,30090,"P_age_15_39","Population 15-39",-0.18881097755904,0.010300955735147
2,30091,"P_age_15_39","Population 15-39",-0.157099771026601,0.0072581791318953
2,30092,"P_age_15_39","Population 15-39",1.07288330192768,-0.011963720433414
2,30093,"P_age_15_39","Population 15-39",0.567975510447889,-0.0146230319514871
2,30094,"P_age_15_39","Population 15-39",-0.42859008800229,0.0104391481727362
2,30095,"P_age_15_39","Population 15-39",-1.18044093147004,0.00988307502120733
2,30097,"P_age_15_39","Population 15-39",-1.05623359704618,0.00881791114807129
2,30099,"P_age_15_39","Population 15-39",0.938500649983464,-0.00661067757755518
2,30100,"P_age_15_39","Population 15-39",-0.202447934613753,0.0106739113107324
2,30101,"P_age_15_39","Population 15-39",1.17129792528158,-0.00799803622066975
2,30102,"P_age_15_39","Population 15-39",0.374163356790298,-0.00597556354478002
2,30104,"P_age_15_39","Population 15-39",0.924573680623865,-0.00425347033888102
2,30105,"P_age_15_39","Population 15-39",1.39973783606379,-0.0117944609373808
2,30107,"P_age_15_39","Population 15-39",1.16967416497219,-0.008918272331357
2,30108,"P_age_15_39","Population 15-39",-0.320278032618361,0.00672374339774251
2,30109,"P_age_15_39","Population 15-39",-0.195630449854555,0.00961878057569265
2,30110,"P_age_15_39","Population 15-39",1.22447039387736,-0.00417452957481146
2,30111,"P_age_15_39","Population 15-39",0.152338103849319,-0.00314544094726443
2,30112,"P_age_15_39","Population 15-39",0.514884484318751,-0.00855049025267363
2,30114,"P_age_15_39","Population 15-39",-1.35678483521413,0.0143547812476754
2,30115,"P_age_15_39","Population 15-39",0.19029320870149,0.0001012744178297
2,30116,"P_age_15_39","Population 15-39",0.183795805164599,-0.00162732496391982
2,30117,"P_age_15_39","Population 15-39",-0.0969345862351161,0.00709512736648321
2,30118,"P_age_15_39","Population 15-39",-0.321537008938058,0.00966435205191374
2,30122,"P_age_15_39","Population 15-39",0.996766533182562,-0.00610666815191507
2,30125,"P_age_15_39","Population 15-39",0.397061568841351,-0.0064995507709682
2,30126,"P_age_15_39","Population 15-39",-0.454130089903446,0.0121706705540419
2,30127,"P_age_15_39","Population 15-39",1.21435842681556,-0.0054027340374887
2,30128,"P_age_15_39","Population 15-39",1.12854164344797,-0.0124905062839389
2,30130,"P_age_15_39","Population 15-39",-0.888218044240285,0.00758329359814525
2,30132,"P_age_15_39","Population 15-39",1.0488123891743,-0.0104496357962489
2,30133,"P_age_15_39","Population 15-39",0.0252788486552733,0.0157723762094975
2,30134,"P_age_15_39","Population 15-39",-0.321821715115432,0.0103886444121599
2,30136,"P_age_15_39","Population 15-39",1.13292706608382,-0.0149471471086144
2,30138,"P_age_15_39","Population 15-39",-0.243876201024852,0.0101892631500959
2,30139,"P_age_15_39","Population 15-39",-1.29555446535516,0.0120669417083263
2,30140,"P_age_15_39","Population 15-39",2.37855902043548,-0.0931387841701508
2,30141,"P_age_15_39","Population 15-39",0.0297180433237046,0.00912221428006887
2,30142,"P_age_15_39","Population 15-39",-0.340068595949645,0.0110108917579055
2,30143,"P_age_15_39","Population 15-39",-0.667344888393448,0.00859370082616806
2,30144,"P_age_15_39","Population 15-39",-0.0643158509781441,0.0072761201299727
2,30145,"P_age_15_39","Population 15-39",0.382323932783885,-0.00336168357171118
2,30147,"P_age_15_39","Population 15-39",1.33293782601122,-0.00570676429197192
2,30148,"P_age_15_39","Population 15-39",-0.0967947169206815,0.0086625823751092
2,30149,"P_age_15_39","Population 15-39",0.803092793725042,-0.00265713292174041
2,30156,"P_age_15_39","Population 15-39",1.14277458226357,-0.00884672813117504
2,30159,"P_age_15_39","Population 15-39",1.44255383444692,-0.0066139604896307
2,30162,"P_age_15_39","Population 15-39",1.03740739921818,-0.00688035087659955
2,30163,"P_age_15_39","Population 15-39",-0.50624585599896,0.0105851152911782
2,30164,"P_age_15_39","Population 15-39",0.216454074043789,-0.00329704233445227
2,30165,"P_age_15_39","Population 15-39",0.701456616953103,-0.00692252302542329
2,30166,"P_age_15_39","Population 15-39",0.239586502646821,-0.00184827006887645
2,30168,"P_age_15_39","Population 15-39",1.5470323871625,-0.00977755431085825
2,30172,"P_age_15_39","Population 15-39",-0.685775103299212,0.0107074789702892
2,30173,"P_age_15_39","Population 15-39",-0.153872712468959,0.00766759598627687
2,30174,"P_age_15_39","Population 15-39",-0.203993819166665,0.00914441049098969
2,30177,"P_age_15_39","Population 15-39",1.20952178691372,-0.00821689143776894
2,30178,"P_age_15_39","Population 15-39",-1.0622600423517,0.0125210303813219
2,30179,"P_age_15_39","Population 15-39",0.142310523082335,0.00880045164376497
2,30181,"P_age_15_39","Population 15-39",-0.866809895143511,0.0116237374022603
2,30182,"P_age_15_39","Population 15-39",1.67482178152646,-0.0691164508461952
2,30183,"P_age_15_39","Population 15-39",0.584368686719214,-0.013626990839839
2,30184,"P_age_15_39","Population 15-39",1.05592060991871,-0.00494285998865962
2,30186,"P_age_15_39","Population 15-39",0.255234034897305,-0.00572163704782724
2,30187,"P_age_15_39","Population 15-39",0.94250480164113,-0.00486502703279257
2,30188,"P_age_15_39","Population 15-39",0.693276690264593,-0.00649002799764276
2,30191,"P_age_15_39","Population 15-39",-0.918184449760162,0.011249084956944
2,30192,"P_age_15_39","Population 15-39",-0.71511700371518,0.0120284399017692
2,30193,"P_age_15_39","Population 15-39",0.650378841052356,-0.00766258360818028
2,30194,"P_age_15_39","Population 15-39",0.903765524544632,-0.0058134850114584
2,30195,"P_age_15_39","Population 15-39",1.4316968436617,-0.00817716121673584
2,30196,"P_age_15_39","Population 15-39",-0.496099614920151,0.012311645783484
2,30197,"P_age_15_39","Population 15-39",-1.15354231280699,0.00987094454467297
2,30200,"P_age_15_39","Population 15-39",0.351643288384612,-0.00689108856022358
2,30201,"P_age_15_39","Population 15-39",0.685291712716817,-0.00500325160101056
2,30204,"P_age_15_39","Population 15-39",-0.352988321189914,0.0122133251279593
2,30209,"P_age_15_39","Population 15-39",0.971909910364169,-0.00575389433652163
2,30210,"P_age_15_39","Population 15-39",0.244009634196654,-0.00137127679772675
2,30211,"P_age_15_39","Population 15-39",-0.376418296126907,0.0126218544319272
2,31001,"P_age_15_39","Population 15-39",0.988049224747318,-0.00669013755396008
2,31002,"P_age_15_39","Population 15-39",1.34793196022089,-0.0125803053379059
2,31003,"P_age_15_39","Population 15-39",1.36065288013813,-0.0074771367944777
2,31005,"P_age_15_39","Population 15-39",0.538191547322022,-0.00693806260824203
2,31006,"P_age_15_39","Population 15-39",0.178886456066869,-0.00116395892109722
2,31007,"P_age_15_39","Population 15-39",0.925010845568722,-0.00719168176874518
2,31008,"P_age_15_39","Population 15-39",-0.446235939405357,0.00883529335260391
2,31009,"P_age_15_39","Population 15-39",-0.292022769222305,0.00847650971263647
2,31010,"P_age_15_39","Population 15-39",1.05484327994466,-0.00643834751099348
2,31011,"P_age_15_39","Population 15-39",0.875737522615734,-0.00466916291043162
2,31012,"P_age_15_39","Population 15-39",-1.24801142328597,0.00856413319706917
2,31013,"P_age_15_39","Population 15-39",0.882641052965343,-0.0038361472543329
2,31014,"P_age_15_39","Population 15-39",1.22576627272439,-0.0105478214100003
2,31015,"P_age_15_39","Population 15-39",1.6434326204915,-0.0233482494950294
2,31016,"P_age_15_39","Population 15-39",1.26084092570963,-0.00841358862817287
2,31017,"P_age_15_39","Population 15-39",0.778410632140524,-0.00501844054087996
2,31018,"P_age_15_39","Population 15-39",0.605866923677916,-0.00692864740267396
2,31019,"P_age_15_39","Population 15-39",1.50268278611537,-0.00618340447545052
2,31020,"P_age_15_39","Population 15-39",0.904962191988515,-0.00594524387270212
2,31021,"P_age_15_39","Population 15-39",1.36782420063756,-0.00759235071018338
2,31022,"P_age_15_39","Population 15-39",0.347198875464137,-0.00325171020813286
2,31023,"P_age_15_39","Population 15-39",0.54319974339816,-0.00618398794904351
2,31024,"P_age_15_39","Population 15-39",0.502495224508986,-0.00364776654168963
2,31025,"P_age_15_39","Population 15-39",0.762252724342218,-0.0066097560338676
2,31026,"P_age_15_39","Population 15-39",-0.0113015530552563,0.00975827313959599
2,31027,"P_age_15_39","Population 15-39",-0.391370777364847,0.00898965913802385
2,31028,"P_age_15_39","Population 15-39",0.220494014278001,-0.00276087038218975
2,31029,"P_age_15_39","Population 15-39",-0.253693963605034,0.00802151206880808
2,31030,"P_age_15_39","Population 15-39",0.40722370504154,-0.00279694609344006
2,31031,"P_age_15_39","Population 15-39",-0.107024062346302,0.00749170733615756
2,31032,"P_age_15_39","Population 15-39",1.28705226516989,-0.0106881130486727
2,31033,"P_age_15_39","Population 15-39",1.11574392554101,-0.0111755430698395
2,31034,"P_age_15_39","Population 15-39",0.95464647748952,-0.00644889799878001
2,31035,"P_age_15_39","Population 15-39",0.784139585388109,-0.00535545405000448
2,31036,"P_age_15_39","Population 15-39",1.51276289315094,-0.0126767875626683
2,31037,"P_age_15_39","Population 15-39",0.935059423403365,-0.00494497362524271
2,31038,"P_age_15_39","Population 15-39",1.21960510398844,-0.0114693827927113
2,31040,"P_age_15_39","Population 15-39",0.658393231036118,-0.00655760429799557
2,31041,"P_age_15_39","Population 15-39",2.07111883407643,-0.0462535582482815
2,31042,"P_age_15_39","Population 15-39",0.0749688047085226,0.00769427651539445
2,31044,"P_age_15_39","Population 15-39",1.2491239907657,-0.0121042309328914
2,31045,"P_age_15_39","Population 15-39",0.386683047055427,-0.00592157756909728
2,31046,"P_age_15_39","Population 15-39",0.674342010728501,-0.00494342437013984
2,31047,"P_age_15_39","Population 15-39",0.865629411736233,-0.0045336140319705
2,31048,"P_age_15_39","Population 15-39",1.38538154076798,-0.0118968216702342
2,31049,"P_age_15_39","Population 15-39",1.86724819333292,-0.0751314982771873
2,31050,"P_age_15_39","Population 15-39",0.972174330231344,-0.00248019141145051
2,31052,"P_age_15_39","Population 15-39",0.859478640735786,-0.00687638716772199
2,31053,"P_age_15_39","Population 15-39",0.722610446692353,-0.00545683596283197
2,31054,"P_age_15_39","Population 15-39",0.567276311196351,-0.0135037787258625
2,31055,"P_age_15_39","Population 15-39",1.47842357949565,-0.0105721792206168
2,31056,"P_age_15_39","Population 15-39",0.917627497072931,-0.0046479357406497
2,31057,"P_age_15_39","Population 15-39",0.00119108190408196,0.00901487004011869
2,31058,"P_age_15_39","Population 15-39",0.736092311300123,-0.00439045717939734
2,31059,"P_age_15_39","Population 15-39",0.642332125819308,-0.00572412554174662
2,31060,"P_age_15_39","Population 15-39",-0.644083830782142,0.0103716664016247
2,31061,"P_age_15_39","Population 15-39",0.601858259356523,-0.00430860789492726
2,31062,"P_age_15_39","Population 15-39",0.973467957915653,-0.00570951355621219
2,31063,"P_age_15_39","Population 15-39",1.29128607677807,-0.0125124892219901
2,31065,"P_age_15_39","Population 15-39",0.257451817861566,-0.00396175449714065
2,31066,"P_age_15_39","Population 15-39",1.02319776807812,-0.00862700399011374
2,31067,"P_age_15_39","Population 15-39",1.18125919625439,-0.0130275608971715
2,31068,"P_age_15_39","Population 15-39",-0.540060098226727,0.00971994642168283
2,31069,"P_age_15_39","Population 15-39",0.818058161641877,-0.00460588978603482
2,31070,"P_age_15_39","Population 15-39",-0.311702883428858,0.0104038957506418
2,31071,"P_age_15_39","Population 15-39",0.518352034770602,-0.00479367095977068
2,31072,"P_age_15_39","Population 15-39",-0.364166271952117,0.0144231952726841
2,31073,"P_age_15_39","Population 15-39",1.14964070092505,-0.00498597230762243
2,31074,"P_age_15_39","Population 15-39",0.127798512457585,0.0100127607584
2,31075,"P_age_15_39","Population 15-39",1.25592028719887,-0.00953294243663549
2,31076,"P_age_15_39","Population 15-39",1.16961376351094,-0.0116082774475217
2,31077,"P_age_15_39","Population 15-39",0.3935165690875,-0.00349606527015567
2,31078,"P_age_15_39","Population 15-39",-0.0926705558043033,0.00978673994541168
2,31079,"P_age_15_39","Population 15-39",1.20216814549519,-0.00966989528387785
2,31080,"P_age_15_39","Population 15-39",1.60365451838328,-0.0178947690874338
2,31081,"P_age_15_39","Population 15-39",0.796204967238444,-0.00477441167458892
2,31082,"P_age_15_39","Population 15-39",-0.568390727759281,0.00784723646938801
2,31083,"P_age_15_39","Population 15-39",0.236996841041129,-0.0032380074262619
2,31084,"P_age_15_39","Population 15-39",0.529330451360306,-0.00534265115857124
2,31085,"P_age_15_39","Population 15-39",1.28549720796889,-0.012159738689661
2,31086,"P_age_15_39","Population 15-39",0.213217054543414,-0.00379825429990888
2,31087,"P_age_15_39","Population 15-39",1.05366374046328,-0.0115722706541419
2,31088,"P_age_15_39","Population 15-39",-0.204577562976381,0.00975401513278484
2,31089,"P_age_15_39","Population 15-39",1.02320686060447,-0.00543007627129555
2,31090,"P_age_15_39","Population 15-39",1.65287523753051,-0.0636855959892273
2,31091,"P_age_15_39","Population 15-39",1.08639482192126,-0.0125024896115065
2,31092,"P_age_15_39","Population 15-39",1.19295631786491,-0.00825185142457485
2,31093,"P_age_15_39","Population 15-39",0.699744241988159,-0.00711773196235299
2,31094,"P_age_15_39","Population 15-39",1.17781977629053,-0.00822340790182352
2,31096,"P_age_15_39","Population 15-39",0.955089364678074,-0.00515684252604842
2,31097,"P_age_15_39","Population 15-39",-0.493383795157574,0.00914425868541002
2,31098,"P_age_15_39","Population 15-39",0.874002434426938,-0.00505177304148674
2,31099,"P_age_15_39","Population 15-39",1.58306851407122,-0.0135257355868816
2,31101,"P_age_15_39","Population 15-39",1.81314449031288,-0.0506884418427944
2,31102,"P_age_15_39","Population 15-39",1.4668697362508,-0.00735951913520694
2,31103,"P_age_15_39","Population 15-39",0.839859693023963,-0.00654581096023321
2,31104,"P_age_15_39","Population 15-39",0.761406638661684,-0.00450900150462985
2,31105,"P_age_15_39","Population 15-39",0.832564848047108,-0.00774765247479081
2,32001,"P_age_15_39","Population 15-39",-0.938154816636852,0.0113699538633227
2,32002,"P_age_15_39","Population 15-39",-0.814659431161079,0.0176064129918814
2,32003,"P_age_15_39","Population 15-39",-1.3646485859695,0.0169459152966738
2,32004,"P_age_15_39","Population 15-39",-0.617418012325299,0.0171706974506378
2,32005,"P_age_15_39","Population 15-39",0.866430132998804,-0.00757554126903415
2,32006,"P_age_15_39","Population 15-39",-0.616364501772173,0.017482090741396
2,32007,"P_age_15_39","Population 15-39",-0.737923447932126,0.0111460695043206
2,32008,"P_age_15_39","Population 15-39",0.210251474609349,-0.00716363079845905
2,32009,"P_age_15_39","Population 15-39",-0.693524440195516,0.0124764544889331
2,32010,"P_age_15_39","Population 15-39",0.532537895596623,-0.00792897399514914
2,32011,"P_age_15_39","Population 15-39",-0.955063336004501,0.012727078050375
2,32012,"P_age_15_39","Population 15-39",-0.0825857784460737,0.010743829421699
2,32013,"P_age_15_39","Population 15-39",0.0346920971960298,0.0121893007308245
2,32014,"P_age_15_39","Population 15-39",-0.60087230750303,0.0157284401357174
2,32015,"P_age_15_39","Population 15-39",-2.04919622119491,0.0205649267882109
2,32016,"P_age_15_39","Population 15-39",-0.115075437563715,0.01066754758358
2,32017,"P_age_15_39","Population 15-39",1.38572754525328,-0.00956234615296125
2,32018,"P_age_15_39","Population 15-39",-1.13047353447294,0.0143262557685375
2,32019,"P_age_15_39","Population 15-39",-0.131392751460605,0.0129925953224301
2,32020,"P_age_15_39","Population 15-39",-0.248329636688213,0.00780497258529067
2,32021,"P_age_15_39","Population 15-39",-0.29986916457279,0.0124938357621431
2,32022,"P_age_15_39","Population 15-39",-0.114014380058649,0.012929068878293
2,32023,"P_age_15_39","Population 15-39",-0.747052734652415,0.00869638007134199
2,32024,"P_age_15_39","Population 15-39",0.382153601696995,-0.00757330749183893
2,32025,"P_age_15_39","Population 15-39",-0.103931132767388,0.00906281545758247
2,32026,"P_age_15_39","Population 15-39",-0.696868230973836,0.0151040097698569
2,32027,"P_age_15_39","Population 15-39",-0.61015776443703,0.0154366120696068
2,32028,"P_age_15_39","Population 15-39",-1.13938353571706,0.0124339163303375
2,32029,"P_age_15_39","Population 15-39",0.0902990057219269,0.0106590548530221
2,32030,"P_age_15_39","Population 15-39",-0.984968246788929,0.0165417864918709
2,32031,"P_age_15_39","Population 15-39",-1.33353100406776,0.0185524020344019
2,32032,"P_age_15_39","Population 15-39",0.597886967954668,-0.011653846129775
2,32033,"P_age_15_39","Population 15-39",-1.6525675059529,0.0167355928570032
2,32034,"P_age_15_39","Population 15-39",-0.909311183046157,0.00879310350865126
2,32035,"P_age_15_39","Population 15-39",-0.136733171081042,0.0109267085790634
2,32036,"P_age_15_39","Population 15-39",0.165474064770111,-0.00404663756489754
2,32037,"P_age_15_39","Population 15-39",0.221432563042665,-0.00897946581244469
2,32038,"P_age_15_39","Population 15-39",-0.362856322691951,0.0154388975352049
2,32039,"P_age_15_39","Population 15-39",0.0506333040907483,0.00863079726696014
2,32040,"P_age_15_39","Population 15-39",-0.323705059556694,0.0172260608524084
2,32041,"P_age_15_39","Population 15-39",-1.91937101586848,0.0204989369958639
2,32042,"P_age_15_39","Population 15-39",-0.195461878861594,0.012929068878293
2,32043,"P_age_15_39","Population 15-39",-0.694802891269621,0.0147851472720504
2,32044,"P_age_15_39","Population 15-39",-0.0923511827548854,0.0117266373708844
2,32045,"P_age_15_39","Population 15-39",-0.82069373098268,0.0161628667265177
2,32046,"P_age_15_39","Population 15-39",-1.93382286281267,0.0187945775687695
2,32047,"P_age_15_39","Population 15-39",-0.657676227220965,0.0107662370428443
2,32048,"P_age_15_39","Population 15-39",0.236188505627732,-0.00472362479194999
2,32049,"P_age_15_39","Population 15-39",-0.841344132505208,0.0127949463203549
2,32050,"P_age_15_39","Population 15-39",0.321100187184452,-0.0133728869259357
2,32051,"P_age_15_39","Population 15-39",-0.329112698740849,0.014509417116642
2,32052,"P_age_15_39","Population 15-39",0.395854180590395,-0.00836860295385122
2,32053,"P_age_15_39","Population 15-39",-0.473197280475829,0.011453646235168
2,32054,"P_age_15_39","Population 15-39",-0.139188323775833,0.0097659919410944
2,32055,"P_age_15_39","Population 15-39",-0.609399789420397,0.0169104915112257
2,32056,"P_age_15_39","Population 15-39",0.873505953541319,-0.00378965865820646
2,32057,"P_age_15_39","Population 15-39",0.607072135718758,-0.00894367322325706
2,32058,"P_age_15_39","Population 15-39",-1.20459315229229,0.0121088968589902
2,1001,"P_age_00_14","Population 0-14",-0.500255719921474,-0.00409963680431247
2,1002,"P_age_00_14","Population 0-14",0.907849378533434,0.0134973907843232
2,1003,"P_age_00_14","Population 0-14",0.25958407732722,0.00086453789845109
2,1004,"P_age_00_14","Population 0-14",0.661036646909662,0.0110875423997641
2,1005,"P_age_00_14","Population 0-14",0.439146529756564,0.00955809745937586
2,1006,"P_age_00_14","Population 0-14",0.482167987386955,0.00850004144012928
2,1007,"P_age_00_14","Population 0-14",0.76479808166862,0.00341994408518076
2,1008,"P_age_00_14","Population 0-14",0.948254667548256,0.0126869650557637
2,1009,"P_age_00_14","Population 0-14",0.680466010635722,0.0124314185231924
2,1010,"P_age_00_14","Population 0-14",0.542928935465577,0.0106196561828256
2,1011,"P_age_00_14","Population 0-14",1.13603298888894,0.0202256143093109
2,2001,"P_age_00_14","Population 0-14",-0.953374865108597,-0.0106203639879823
2,2002,"P_age_00_14","Population 0-14",-1.18980383683278,-0.0107934828847647
2,2003,"P_age_00_14","Population 0-14",-0.87835609954247,-0.0105955069884658
2,2004,"P_age_00_14","Population 0-14",-0.94093689035539,-0.0110642183572054
2,2005,"P_age_00_14","Population 0-14",-0.988516402495427,-0.0132803227752447
2,2006,"P_age_00_14","Population 0-14",0.72160066434095,0.0117096686735749
2,3002,"P_age_00_14","Population 0-14",-0.222857029162738,-0.00462361518293619
2,3008,"P_age_00_14","Population 0-14",-0.166663681681091,-0.00524574844166636
2,3009,"P_age_00_14","Population 0-14",-0.55490830119234,-0.00557768158614635
2,4001,"P_age_00_14","Population 0-14",-0.340698045372202,-0.00448131188750267
2,4002,"P_age_00_14","Population 0-14",-1.07461518349479,-0.0161248110234737
2,4003,"P_age_00_14","Population 0-14",-0.621953028273129,-0.00584153877571225
2,4004,"P_age_00_14","Population 0-14",0.23558910536939,0.00367643753997982
2,4005,"P_age_00_14","Population 0-14",-0.178816891333276,-0.00725172366946936
2,4006,"P_age_00_14","Population 0-14",0.789284390877571,0.0138677060604095
2,4007,"P_age_00_14","Population 0-14",0.123912483003784,0.00197283900342882
2,4008,"P_age_00_14","Population 0-14",-0.0759535089425972,-0.00612767320126295
2,4009,"P_age_00_14","Population 0-14",0.584632640023865,0.0115617709234357
2,4010,"P_age_00_14","Population 0-14",1.81640063225306,0.0181390829384327
2,4011,"P_age_00_14","Population 0-14",1.03022815302594,0.01738590747118
2,4012,"P_age_00_14","Population 0-14",-0.691229308885059,-0.00427113007754087
2,5001,"P_age_00_14","Population 0-14",-1.6416524550457,-0.025429043918848
2,5002,"P_age_00_14","Population 0-14",0.0995551323020238,0.00392409646883607
2,5003,"P_age_00_14","Population 0-14",-0.0477837753742035,-0.00498685380443931
2,5004,"P_age_00_14","Population 0-14",-0.0617779259313253,-0.00499974563717842
2,5005,"P_age_00_14","Population 0-14",0.0537258664219117,0.00336842332035303
2,5006,"P_age_00_14","Population 0-14",-0.00394663615953231,-0.00561979040503502
2,5007,"P_age_00_14","Population 0-14",0.303694084246591,0.00174247333779931
2,5008,"P_age_00_14","Population 0-14",0.146758300967334,0.000770171929616481
2,5009,"P_age_00_14","Population 0-14",0.203475220215359,0.00366278132423759
2,5010,"P_age_00_14","Population 0-14",-0.166304017733534,-0.00424727937206626
2,5011,"P_age_00_14","Population 0-14",0.12852347945039,0.00491453753784299
2,5012,"P_age_00_14","Population 0-14",-0.554667497618187,-0.00534699717536569
2,5013,"P_age_00_14","Population 0-14",1.47352859307714,0.00770669104531407
2,5014,"P_age_00_14","Population 0-14",-0.0275124771878114,-0.00569232972338796
2,5015,"P_age_00_14","Population 0-14",-0.0551190711166711,0.000955554482061416
2,5016,"P_age_00_14","Population 0-14",-0.959259743972285,-0.0107809221372008
2,5017,"P_age_00_14","Population 0-14",-0.107764518236877,-0.0068941586650908
2,5018,"P_age_00_14","Population 0-14",-0.514449868050702,-0.00291205057874322
2,5019,"P_age_00_14","Population 0-14",-0.112965250240286,-0.0037787645123899
2,5020,"P_age_00_14","Population 0-14",-0.0132340567812244,-0.00284127425402403
2,5021,"P_age_00_14","Population 0-14",-0.730827440094673,-0.00402546394616365
2,5022,"P_age_00_14","Population 0-14",0.284795278060001,0.00398357678204775
2,5023,"P_age_00_14","Population 0-14",0.296598215369823,0.00156443961896002
2,5024,"P_age_00_14","Population 0-14",-0.249900871929201,-0.00367852998897433
2,5025,"P_age_00_14","Population 0-14",-0.176012847449739,-0.00498741632327437
2,5026,"P_age_00_14","Population 0-14",-0.311939600827059,-0.000186280973139219
2,5027,"P_age_00_14","Population 0-14",0.0872350137883321,0.00192523933947086
2,5028,"P_age_00_14","Population 0-14",-0.412402483023964,-0.00476710172370076
2,5029,"P_age_00_14","Population 0-14",-0.26169590793209,-0.000378622411517426
2,5030,"P_age_00_14","Population 0-14",-0.330116184850269,-0.00350127345882356
2,5031,"P_age_00_14","Population 0-14",-0.477387795109804,-0.0030351912137121
2,5032,"P_age_00_14","Population 0-14",-0.77732169477832,-0.00238275900483131
2,5033,"P_age_00_14","Population 0-14",0.168229661827432,0.00204003159888089
2,5034,"P_age_00_14","Population 0-14",0.509022400976898,0.0110848266631365
2,5035,"P_age_00_14","Population 0-14",-0.651301903544689,-0.00389943458139896
2,5036,"P_age_00_14","Population 0-14",0.139572886974394,0.00142861879430711
2,5037,"P_age_00_14","Population 0-14",0.192535601782821,0.00125151686370373
2,5038,"P_age_00_14","Population 0-14",0.108213254037349,0.00197781762108207
2,6007,"P_age_00_14","Population 0-14",-0.717389663768218,-0.00593355717137456
2,6009,"P_age_00_14","Population 0-14",-0.149248235688929,-0.00670086778700352
2,7001,"P_age_00_14","Population 0-14",1.45131331667244,0.0144982226192951
2,7002,"P_age_00_14","Population 0-14",0.601480770815208,0.0124198701232672
2,7003,"P_age_00_14","Population 0-14",0.472579803675911,0.00888183154165745
2,7004,"P_age_00_14","Population 0-14",1.85873648680185,0.0236840546131134
2,7005,"P_age_00_14","Population 0-14",1.91660787831889,0.0210528057068586
2,7006,"P_age_00_14","Population 0-14",1.32361271662753,0.0167593583464622
2,7007,"P_age_00_14","Population 0-14",1.76645566010272,0.0265727657824755
2,7008,"P_age_00_14","Population 0-14",1.31662940161811,0.0184400342404842
2,7009,"P_age_00_14","Population 0-14",-0.432107129374008,-0.00498789874836802
2,7010,"P_age_00_14","Population 0-14",1.69912708799835,0.0201012659817934
2,7011,"P_age_00_14","Population 0-14",1.38289731754637,0.0162530969828367
2,7012,"P_age_00_14","Population 0-14",0.897520262146101,0.0144245466217399
2,7013,"P_age_00_14","Population 0-14",2.3407646330071,0.0243285242468119
2,7014,"P_age_00_14","Population 0-14",2.58119307228083,0.0270268004387617
2,7015,"P_age_00_14","Population 0-14",0.778786123365954,0.00493849813938141
2,7016,"P_age_00_14","Population 0-14",-0.36367914879516,-0.00573555240407586
2,7017,"P_age_00_14","Population 0-14",0.410823581713722,0.012635225430131
2,7018,"P_age_00_14","Population 0-14",1.4519537632624,0.0205899830907583
2,7019,"P_age_00_14","Population 0-14",0.0953827492620053,0.00362672586925328
2,7020,"P_age_00_14","Population 0-14",0.871020419136796,0.0125160533934832
2,7021,"P_age_00_14","Population 0-14",0.568955631495356,0.00919699296355247
2,7022,"P_age_00_14","Population 0-14",4.06569579614621,0.0272294078022242
2,7023,"P_age_00_14","Population 0-14",2.86937240345088,0.0236090552061796
2,7024,"P_age_00_14","Population 0-14",4.72579277969865,0.0223008263856173
2,7025,"P_age_00_14","Population 0-14",1.15637777059288,0.0181815400719643
2,7026,"P_age_00_14","Population 0-14",3.04675480851089,0.0252186860889196
2,7027,"P_age_00_14","Population 0-14",0.189430133717257,0.00397313013672829
2,7029,"P_age_00_14","Population 0-14",0.703198734044441,0.0108028724789619
2,7030,"P_age_00_14","Population 0-14",1.20877675963837,0.0177999213337898
2,7031,"P_age_00_14","Population 0-14",3.12833128171267,0.0251755975186825
2,7032,"P_age_00_14","Population 0-14",0.996596305950657,0.0153285637497902
2,7033,"P_age_00_14","Population 0-14",1.6648518046494,0.0200996976345778
2,7034,"P_age_00_14","Population 0-14",0.857466808469379,0.0148987611755729
2,7035,"P_age_00_14","Population 0-14",0.812634045514538,0.0136566879227757
2,7037,"P_age_00_14","Population 0-14",0.375115721900983,0.00401036953553557
2,7038,"P_age_00_14","Population 0-14",2.13776602730322,0.0242538098245859
2,7039,"P_age_00_14","Population 0-14",2.10257736377752,0.0198427308350801
2,7040,"P_age_00_14","Population 0-14",0.222041387741128,0.00472562434151769
2,7041,"P_age_00_14","Population 0-14",0.67275394204906,0.0169145185500383
2,7042,"P_age_00_14","Population 0-14",2.05553142612221,0.020710164681077
2,7043,"P_age_00_14","Population 0-14",1.02412718318637,0.0158602874726057
2,7044,"P_age_00_14","Population 0-14",1.22329945038,0.0263051614165306
2,7045,"P_age_00_14","Population 0-14",0.750199692408217,0.0120973950251937
2,7046,"P_age_00_14","Population 0-14",0.107577662275709,0.00346347060985863
2,7047,"P_age_00_14","Population 0-14",2.88601471632843,0.023399256169796
2,7048,"P_age_00_14","Population 0-14",0.267694664390612,0.00302699534222484
2,7049,"P_age_00_14","Population 0-14",4.0150193260889,0.0244695525616407
2,7050,"P_age_00_14","Population 0-14",-0.485909806723727,-0.00645926967263222
2,7051,"P_age_00_14","Population 0-14",0.577306626840375,0.010886812582612
2,7052,"P_age_00_14","Population 0-14",1.56408690078808,0.0240398403257132
2,7053,"P_age_00_14","Population 0-14",1.58149945705557,0.0134244225919247
2,7054,"P_age_00_14","Population 0-14",0.292783344886428,0.00310500734485686
2,7057,"P_age_00_14","Population 0-14",1.55718970729807,0.0218081399798393
2,7059,"P_age_00_14","Population 0-14",2.49749342612577,0.0234766360372305
2,7061,"P_age_00_14","Population 0-14",1.02417732627051,0.0208662319928408
2,7062,"P_age_00_14","Population 0-14",1.45212187163226,0.0177742261439562
2,7064,"P_age_00_14","Population 0-14",3.4394511647448,0.0238758139312267
2,7065,"P_age_00_14","Population 0-14",1.17255869076408,0.0182364657521248
2,7066,"P_age_00_14","Population 0-14",3.29112278535232,0.0274174120277166
2,7068,"P_age_00_14","Population 0-14",0.133414711036539,0.00406045466661453
2,7069,"P_age_00_14","Population 0-14",0.177899843747912,0.00182050699368119
2,7070,"P_age_00_14","Population 0-14",1.92821612951596,0.0222566798329353
2,7071,"P_age_00_14","Population 0-14",0.519748938563431,0.00930738262832165
2,7072,"P_age_00_14","Population 0-14",2.48763841314413,0.0194108840078115
2,7073,"P_age_00_14","Population 0-14",1.71089739095679,0.0198515988886356
2,7074,"P_age_00_14","Population 0-14",0.827758734968468,0.011815114878118
2,7075,"P_age_00_14","Population 0-14",0.808039994395248,0.0201332774013281
2,7076,"P_age_00_14","Population 0-14",1.79991524369303,0.0243708658963442
2,7077,"P_age_00_14","Population 0-14",1.41805590930673,0.0225050263106823
2,7078,"P_age_00_14","Population 0-14",0.262060246506417,0.00215332885272801
2,7079,"P_age_00_14","Population 0-14",0.563439874066505,0.0123522216454148
2,7080,"P_age_00_14","Population 0-14",2.01802374491445,0.0209761764854193
2,7081,"P_age_00_14","Population 0-14",3.03865355171419,0.0261472072452307
2,7082,"P_age_00_14","Population 0-14",3.21250415208833,0.0272433720529079
2,7083,"P_age_00_14","Population 0-14",0.519657578282154,0.0114760249853134
2,7084,"P_age_00_14","Population 0-14",1.47544988968291,0.0212658774107695
2,7085,"P_age_00_14","Population 0-14",1.23437035136717,0.0187017396092415
2,7086,"P_age_00_14","Population 0-14",0.490540748810674,0.0142821501940489
2,7087,"P_age_00_14","Population 0-14",1.03806231475189,0.0177142824977636
2,7089,"P_age_00_14","Population 0-14",0.0449126514367406,-0.00428726384416223
2,7090,"P_age_00_14","Population 0-14",1.72873556822881,0.0145404068753123
2,7091,"P_age_00_14","Population 0-14",0.925186531615644,0.0159022528678179
2,7092,"P_age_00_14","Population 0-14",0.805133297131882,0.0132112056016922
2,7093,"P_age_00_14","Population 0-14",3.13899165550878,0.0244583375751972
2,7094,"P_age_00_14","Population 0-14",1.95375074768907,0.0249715093523264
2,7096,"P_age_00_14","Population 0-14",1.81917482700727,0.0231607910245657
2,7097,"P_age_00_14","Population 0-14",-0.00957326632660263,-0.00455104978755116
2,7098,"P_age_00_14","Population 0-14",1.21392129649276,0.0198513939976692
2,7099,"P_age_00_14","Population 0-14",0.708093116611819,0.0141426445916295
2,7100,"P_age_00_14","Population 0-14",1.9203665968174,0.019344974309206
2,7101,"P_age_00_14","Population 0-14",-0.757050585151007,-0.0064142495393753
2,7102,"P_age_00_14","Population 0-14",0.237207594269293,0.00388697814196348
2,7103,"P_age_00_14","Population 0-14",0.839810661133891,0.0129735302180052
2,7104,"P_age_00_14","Population 0-14",0.0411603871110347,-0.00543536571785808
2,7106,"P_age_00_14","Population 0-14",0.465365658277343,0.0119875445961952
2,7107,"P_age_00_14","Population 0-14",0.702532627517212,0.011505545116961
2,7108,"P_age_00_14","Population 0-14",0.191111362810821,0.00458431104198098
2,7109,"P_age_00_14","Population 0-14",1.55370817291691,0.0239173509180546
2,7110,"P_age_00_14","Population 0-14",1.83060840434367,0.0187473073601723
2,7111,"P_age_00_14","Population 0-14",1.98634012204444,0.0262431260198355
2,7112,"P_age_00_14","Population 0-14",3.92380624356982,0.0264360941946507
2,7114,"P_age_00_14","Population 0-14",2.2715569152023,0.0236439853906631
2,7115,"P_age_00_14","Population 0-14",2.81944531942325,0.0224527101963758
2,7116,"P_age_00_14","Population 0-14",2.37467563157517,0.0224385671317577
2,7117,"P_age_00_14","Population 0-14",2.02306011246801,0.0228566490113735
2,7120,"P_age_00_14","Population 0-14",1.70576090989147,0.0234127081930637
2,7121,"P_age_00_14","Population 0-14",3.16276326674313,0.0230504386126995
2,7122,"P_age_00_14","Population 0-14",0.203292681396494,0.00255996407940984
2,7123,"P_age_00_14","Population 0-14",0.0194087524908601,-0.00418896833434701
2,7124,"P_age_00_14","Population 0-14",1.52600712452045,0.0193024333566427
2,7125,"P_age_00_14","Population 0-14",1.90929714069257,0.0227807890623808
2,8002,"P_age_00_14","Population 0-14",-0.278961747062054,-0.0055176168680191
2,8003,"P_age_00_14","Population 0-14",-1.06157887670823,-0.0108391959220171
2,8004,"P_age_00_14","Population 0-14",-0.297109922274685,-0.0101343337446451
2,8005,"P_age_00_14","Population 0-14",0.660970823888657,0.0104239992797375
2,8006,"P_age_00_14","Population 0-14",-0.877285258904307,-0.00801193714141846
2,8007,"P_age_00_14","Population 0-14",1.40687964014336,0.0183875896036625
2,8008,"P_age_00_14","Population 0-14",2.51024677161743,0.0192908644676208
2,8011,"P_age_00_14","Population 0-14",-0.644557204369756,-0.00667895935475826
2,8012,"P_age_00_14","Population 0-14",1.20564459342471,0.0151194240897894
2,8013,"P_age_00_14","Population 0-14",0.00454207319495452,-0.00274153659120202
2,8014,"P_age_00_14","Population 0-14",-0.843937172796158,-0.00479567237198353
2,8016,"P_age_00_14","Population 0-14",-0.732979133176535,-0.00655625108629465
2,8017,"P_age_00_14","Population 0-14",-0.3031317177474,-0.00587147893384099
2,8018,"P_age_00_14","Population 0-14",-0.85644260171999,-0.0147766172885895
2,8019,"P_age_00_14","Population 0-14",-1.16946914871903,-0.0109993312507868
2,8020,"P_age_00_14","Population 0-14",0.57427201382424,0.00821038149297237
2,8021,"P_age_00_14","Population 0-14",-0.602538415319327,-0.00291736982762814
2,8022,"P_age_00_14","Population 0-14",-2.43577536879639,-0.0156960915774107
2,8023,"P_age_00_14","Population 0-14",1.72992282478775,0.0156184891238809
2,8024,"P_age_00_14","Population 0-14",-1.62699344290563,-0.0148868234828115
2,8026,"P_age_00_14","Population 0-14",-2.15413450769239,-0.0143790459260345
2,8027,"P_age_00_14","Population 0-14",1.32670291367952,0.0190985482186079
2,8029,"P_age_00_14","Population 0-14",2.15873505314715,0.0191632751375437
2,8030,"P_age_00_14","Population 0-14",1.82571809965034,0.0171688850969076
2,8032,"P_age_00_14","Population 0-14",-0.583683252608148,-0.00286896037869155
2,8033,"P_age_00_14","Population 0-14",-0.66848954518014,-0.00555086974054575
2,8034,"P_age_00_14","Population 0-14",-1.42961349563621,-0.00944817066192627
2,8035,"P_age_00_14","Population 0-14",0.833835571517766,0.013118539005518
2,8036,"P_age_00_14","Population 0-14",0.0201264674107233,-0.00258839689195156
2,8037,"P_age_00_14","Population 0-14",-0.535927639919472,-0.00605979980900884
2,8038,"P_age_00_14","Population 0-14",-0.642870302601261,-0.00495335552841425
2,8039,"P_age_00_14","Population 0-14",-0.605068396533401,-0.00575092993676662
2,8042,"P_age_00_14","Population 0-14",-2.42751477049109,-0.0259809028357267
2,8044,"P_age_00_14","Population 0-14",-0.635806484224264,-0.00443027773872018
2,8045,"P_age_00_14","Population 0-14",-0.325809888515704,-0.00504851341247559
2,8046,"P_age_00_14","Population 0-14",1.94834033571846,0.0204731449484825
2,8048,"P_age_00_14","Population 0-14",-0.561512539756287,-0.00476030306890607
2,8049,"P_age_00_14","Population 0-14",-0.11815273085688,-0.00346138933673501
2,8050,"P_age_00_14","Population 0-14",-0.338603758306692,-0.00429786648601294
2,8052,"P_age_00_14","Population 0-14",-0.46324291996679,-0.00563775934278965
2,8053,"P_age_00_14","Population 0-14",-0.412052935384564,-0.00475340941920877
2,8054,"P_age_00_14","Population 0-14",0.468931246843436,0.00719978520646691
2,8055,"P_age_00_14","Population 0-14",-0.890763084724699,-0.0112054198980331
2,8056,"P_age_00_14","Population 0-14",-1.7522731647455,-0.0140294143930078
2,8057,"P_age_00_14","Population 0-14",-1.62240829722716,-0.0200393982231617
2,8058,"P_age_00_14","Population 0-14",-1.36944706751703,-0.0131306070834398
2,8059,"P_age_00_14","Population 0-14",-0.3246264281281,-0.00417472003027797
2,8060,"P_age_00_14","Population 0-14",-0.21620073466232,-0.00215492537245154
2,8061,"P_age_00_14","Population 0-14",-1.91332195312938,-0.0232334583997726
2,8062,"P_age_00_14","Population 0-14",-0.585398138361343,-0.00658506108447909
2,8064,"P_age_00_14","Population 0-14",-1.19765731336941,-0.0107722729444504
2,8065,"P_age_00_14","Population 0-14",1.54732114078074,0.0182224698364735
2,8067,"P_age_00_14","Population 0-14",-0.85577732894194,-0.00629751617088914
2,9004,"P_age_00_14","Population 0-14",-1.53445727768072,-0.0152695262804627
2,9007,"P_age_00_14","Population 0-14",-1.7239445553867,-0.0157986991107464
2,9008,"P_age_00_14","Population 0-14",-1.91784208227447,-0.0240362267941236
2,9009,"P_age_00_14","Population 0-14",-0.86206920235371,-0.0155490897595882
2,9010,"P_age_00_14","Population 0-14",-2.1893529703679,-0.0395277738571167
2,9011,"P_age_00_14","Population 0-14",-1.39626534364597,-0.0139214498922229
2,9012,"P_age_00_14","Population 0-14",-2.07012626075134,-0.0396490953862667
2,9013,"P_age_00_14","Population 0-14",-1.6879981865139,-0.0169874262064695
2,9016,"P_age_00_14","Population 0-14",-2.79010095212487,-0.0389729663729668
2,9017,"P_age_00_14","Population 0-14",-2.26372326990373,-0.0412345863878727
2,10004,"P_age_00_14","Population 0-14",0.300924560305214,0.00214947736822069
2,10005,"P_age_00_14","Population 0-14",-0.261984096629875,-0.00306418212130666
2,10006,"P_age_00_14","Population 0-14",0.581364097888659,-0.000517149223014712
2,10007,"P_age_00_14","Population 0-14",-0.0453731634158653,-0.00377289112657309
2,10008,"P_age_00_14","Population 0-14",-0.276873021353465,-0.00573950028046966
2,10009,"P_age_00_14","Population 0-14",0.426504736270164,0.00681314198300242
2,10010,"P_age_00_14","Population 0-14",-0.537008503722151,-0.0057387538254261
2,10012,"P_age_00_14","Population 0-14",-0.139787545176574,-0.00530993612483144
2,10013,"P_age_00_14","Population 0-14",1.09029936108221,0.0134444404393435
2,10014,"P_age_00_14","Population 0-14",3.7474483708557,0.0190906170755625
2,10015,"P_age_00_14","Population 0-14",0.272400749135942,0.00122798909433186
2,10016,"P_age_00_14","Population 0-14",0.0959987013461219,0.00194678152911365
2,10017,"P_age_00_14","Population 0-14",-0.78661517655208,-0.00439395383000374
2,10021,"P_age_00_14","Population 0-14",0.350064021702535,0.00203280383720994
2,10022,"P_age_00_14","Population 0-14",-0.0738169664691108,-0.00426428252831101
2,10023,"P_age_00_14","Population 0-14",1.61516111463964,0.0218413732945919
2,10025,"P_age_00_14","Population 0-14",-1.23640747849997,-0.00957988295704126
2,10027,"P_age_00_14","Population 0-14",0.0830982729577625,0.00311342300847173
2,10031,"P_age_00_14","Population 0-14",0.323514042424487,-0.000266901479335502
2,10033,"P_age_00_14","Population 0-14",0.445287637690112,0.00825621467083693
2,10036,"P_age_00_14","Population 0-14",0.434458598934092,0.00731483846902847
2,10038,"P_age_00_14","Population 0-14",0.117138282284335,0.00229695672169328
2,11001,"P_age_00_14","Population 0-14",0.0217575488765622,-0.00350114260800183
2,11002,"P_age_00_14","Population 0-14",-0.760038342372006,-0.00657226331532001
2,11008,"P_age_00_14","Population 0-14",0.243206424154952,0.000481018825666979
2,11010,"P_age_00_14","Population 0-14",0.0952683643269738,0.000955297669861466
2,11012,"P_age_00_14","Population 0-14",-0.0191916535671658,-0.00381084228865802
2,11017,"P_age_00_14","Population 0-14",-0.388787025968256,-0.00632501766085625
2,11018,"P_age_00_14","Population 0-14",-0.338716811969193,-0.00641863653436303
2,11019,"P_age_00_14","Population 0-14",0.0949528459217712,0.00120655505452305
2,11020,"P_age_00_14","Population 0-14",-0.341326371929826,-0.00539786508306861
2,11021,"P_age_00_14","Population 0-14",-1.59438947453194,-0.0145279765129089
2,11022,"P_age_00_14","Population 0-14",0.312795983181103,0.00138778041582555
2,11023,"P_age_00_14","Population 0-14",-0.147450742884936,-0.00524974055588245
2,11024,"P_age_00_14","Population 0-14",-0.265613422708128,-0.00609345734119415
2,11025,"P_age_00_14","Population 0-14",0.464559590934276,0.0111340843141079
2,11026,"P_age_00_14","Population 0-14",0.413497424417586,0.011350086890161
2,11028,"P_age_00_14","Population 0-14",-0.89859879808741,-0.0100424215197563
2,11031,"P_age_00_14","Population 0-14",0.158609098206178,0.00205533672124147
2,11037,"P_age_00_14","Population 0-14",0.378735903999821,0.00305174314416945
2,11038,"P_age_00_14","Population 0-14",-0.563663692150671,-0.00641116360202432
2,11039,"P_age_00_14","Population 0-14",-0.696508333798418,-0.00661239819601178
2,11041,"P_age_00_14","Population 0-14",-1.18814030957464,-0.0119978673756123
2,11046,"P_age_00_14","Population 0-14",-0.490591533270975,-0.00642857840284705
2,12001,"P_age_00_14","Population 0-14",-0.748324345880586,-0.00450379587709904
2,12002,"P_age_00_14","Population 0-14",1.89264695149784,0.0146604496985674
2,12003,"P_age_00_14","Population 0-14",0.969923706476614,0.0102677308022976
2,12005,"P_age_00_14","Population 0-14",1.03599837661085,0.0155494073405862
2,12006,"P_age_00_14","Population 0-14",0.68649682741086,0.00762686412781477
2,12007,"P_age_00_14","Population 0-14",0.515223463882054,0.00657777022570372
2,12008,"P_age_00_14","Population 0-14",0.497714494858701,0.00756111927330494
2,12009,"P_age_00_14","Population 0-14",2.2730253315218,0.012858054600656
2,12010,"P_age_00_14","Population 0-14",2.68599556215892,0.0175815019756556
2,12011,"P_age_00_14","Population 0-14",-0.0323509940166119,-0.0035946830175817
2,12012,"P_age_00_14","Population 0-14",1.69191705227897,0.018753319978714
2,12013,"P_age_00_14","Population 0-14",0.329394666214027,0.00187679869122803
2,12014,"P_age_00_14","Population 0-14",-1.16174548488493,-0.0115473913028836
2,12015,"P_age_00_14","Population 0-14",-0.602403127588124,-0.00688503868877888
2,12017,"P_age_00_14","Population 0-14",0.385775602717332,0.00176454754546285
2,12018,"P_age_00_14","Population 0-14",0.444856514395357,0.00716941058635712
2,12019,"P_age_00_14","Population 0-14",1.60401855438721,0.0174089502543211
2,12020,"P_age_00_14","Population 0-14",2.54360805231749,0.016792044043541
2,12021,"P_age_00_14","Population 0-14",-0.017308384556777,-0.00346950278617442
2,12022,"P_age_00_14","Population 0-14",0.346706843169609,0.00167340529151261
2,12023,"P_age_00_14","Population 0-14",1.01267927308821,0.0133451139554381
2,12024,"P_age_00_14","Population 0-14",1.6147512758028,0.0136852469295263
2,12025,"P_age_00_14","Population 0-14",1.27800766793804,0.012395428493619
2,12026,"P_age_00_14","Population 0-14",-0.0639684826295453,-0.00359262805432081
2,12027,"P_age_00_14","Population 0-14",-0.0399875503717847,-0.00369464699178934
2,12028,"P_age_00_14","Population 0-14",1.55025629910599,0.015415646135807
2,12029,"P_age_00_14","Population 0-14",-0.0705409728426066,-0.00466196658089757
2,12030,"P_age_00_14","Population 0-14",0.955469233229107,0.010940152220428
2,12031,"P_age_00_14","Population 0-14",0.903300972341943,0.00965430587530136
2,12032,"P_age_00_14","Population 0-14",2.44637286536141,0.018348840996623
2,12033,"P_age_00_14","Population 0-14",0.72107583854311,0.00848016794770956
2,12034,"P_age_00_14","Population 0-14",-0.09179458204386,-0.00449785823002458
2,12035,"P_age_00_14","Population 0-14",-0.341487071972515,-0.00522228144109249
2,12036,"P_age_00_14","Population 0-14",1.16998179695996,0.0170210618525743
2,12037,"P_age_00_14","Population 0-14",-0.398867957715816,-0.00648881541565061
2,12039,"P_age_00_14","Population 0-14",0.09920810408453,0.00139379338361323
2,12040,"P_age_00_14","Population 0-14",1.42317121723214,0.0163958892226219
2,12041,"P_age_00_14","Population 0-14",2.31129455741212,0.0150909321382642
2,12042,"P_age_00_14","Population 0-14",1.68986272837915,0.0146554103121161
2,12044,"P_age_00_14","Population 0-14",0.140529465354517,0.000651789072435349
2,12045,"P_age_00_14","Population 0-14",1.61624460691044,0.0141586028039455
2,12046,"P_age_00_14","Population 0-14",0.815645502112743,0.0128474067896605
2,12047,"P_age_00_14","Population 0-14",1.26992832261499,0.0152973858639598
2,12048,"P_age_00_14","Population 0-14",0.269203998030169,0.0012667856644839
2,12049,"P_age_00_14","Population 0-14",0.370898486790014,0.00063154345843941
2,12050,"P_age_00_14","Population 0-14",0.104970301413726,0.00133082550019026
2,12051,"P_age_00_14","Population 0-14",1.35850761192415,0.0135408863425255
2,12052,"P_age_00_14","Population 0-14",1.69134492995755,0.0193126499652863
2,12053,"P_age_00_14","Population 0-14",0.513810331721322,0.00731320399791002
2,12054,"P_age_00_14","Population 0-14",1.7588140898935,0.012412192299962
2,12055,"P_age_00_14","Population 0-14",-0.546939065284017,-0.00591430207714438
2,12056,"P_age_00_14","Population 0-14",0.826325758668561,0.010923127643764
2,12057,"P_age_00_14","Population 0-14",-0.259343008682581,-0.00486953696236014
2,12058,"P_age_00_14","Population 0-14",0.62446278750021,0.008022784255445
2,12059,"P_age_00_14","Population 0-14",-0.0210559485362947,-0.00294460984878242
2,12060,"P_age_00_14","Population 0-14",0.498823083661324,0.00701367668807507
2,12061,"P_age_00_14","Population 0-14",0.0647659550382002,0.00176915666088462
2,12063,"P_age_00_14","Population 0-14",1.66755869971512,0.0149699039757252
2,12064,"P_age_00_14","Population 0-14",0.0360918759140571,-0.0029801088385284
2,12066,"P_age_00_14","Population 0-14",1.54284055679085,0.0129529824480414
2,12067,"P_age_00_14","Population 0-14",0.379647857488606,0.000367387605365366
2,12069,"P_age_00_14","Population 0-14",2.23640511838416,0.013519998639822
2,12070,"P_age_00_14","Population 0-14",0.045597025476633,-0.00300874398089945
2,12072,"P_age_00_14","Population 0-14",2.14914144893054,0.0181119367480278
2,12073,"P_age_00_14","Population 0-14",0.475958044030737,0.00654735928401351
2,12074,"P_age_00_14","Population 0-14",1.53156282694062,0.0125142494216561
2,12075,"P_age_00_14","Population 0-14",0.68016739439371,0.0103886378929019
2,12076,"P_age_00_14","Population 0-14",3.00288169313274,0.0190175846219063
2,12077,"P_age_00_14","Population 0-14",0.577164734997828,0.00868580769747496
2,12079,"P_age_00_14","Population 0-14",2.59524279551483,0.021178811788559
2,12080,"P_age_00_14","Population 0-14",0.508945305303507,0.00761471781879663
2,12081,"P_age_00_14","Population 0-14",1.60889052795759,0.0159187484532595
2,13001,"P_age_00_14","Population 0-14",0.368114680066382,0.00396748492494226
2,13002,"P_age_00_14","Population 0-14",1.33549937644004,0.0173092689365149
2,13003,"P_age_00_14","Population 0-14",-0.474050842377804,-0.00211720773950219
2,13005,"P_age_00_14","Population 0-14",-0.774773854974885,-0.00753962155431509
2,13007,"P_age_00_14","Population 0-14",-0.170206059306146,-0.00490371324121952
2,13008,"P_age_00_14","Population 0-14",-0.656226151143962,-0.00555193843320012
2,13009,"P_age_00_14","Population 0-14",-0.262504281148227,-0.0103239081799984
2,13013,"P_age_00_14","Population 0-14",0.0258868927389404,-0.00206878548488021
2,13016,"P_age_00_14","Population 0-14",0.0591094643828266,0.00341244647279382
2,13017,"P_age_00_14","Population 0-14",-0.43467000165242,-0.0062425578944385
2,13019,"P_age_00_14","Population 0-14",-0.272503973466259,-0.00625152373686433
2,13021,"P_age_00_14","Population 0-14",-0.647910811639168,-0.00605302304029465
2,13022,"P_age_00_14","Population 0-14",-0.866264405585832,-0.0136120310053229
2,13023,"P_age_00_14","Population 0-14",-0.841038274608899,-0.00459922989830375
2,13024,"P_age_00_14","Population 0-14",0.339674861743545,0.000748886435758322
2,13035,"P_age_00_14","Population 0-14",0.410455673418018,0.00925531517714262
2,13038,"P_age_00_14","Population 0-14",-0.0808638327034038,-0.00555587280541658
2,13041,"P_age_00_14","Population 0-14",-0.721015938824271,-0.00534299295395613
2,13044,"P_age_00_14","Population 0-14",-0.811671149999045,-0.00525514362379909
2,13045,"P_age_00_14","Population 0-14",-0.201442919836855,-0.00512759061530232
2,13048,"P_age_00_14","Population 0-14",-1.53696126045991,-0.0209424644708633
2,13050,"P_age_00_14","Population 0-14",-0.853438737464444,-0.0018686760449782
2,13051,"P_age_00_14","Population 0-14",-1.07447206033874,-0.00988615769892931
2,13052,"P_age_00_14","Population 0-14",-0.714754936850081,-0.00761999981477857
2,13054,"P_age_00_14","Population 0-14",-0.530212250677692,-0.0021794403437525
2,13056,"P_age_00_14","Population 0-14",-0.462517462765724,-0.00697439489886165
2,13057,"P_age_00_14","Population 0-14",-0.0959215427921,-0.0056534125469625
2,13061,"P_age_00_14","Population 0-14",-1.25840423537874,-0.00847683101892471
2,13063,"P_age_00_14","Population 0-14",-0.443400650479124,-0.0100251063704491
2,13064,"P_age_00_14","Population 0-14",-0.870015247767162,-0.0122089050710201
2,13066,"P_age_00_14","Population 0-14",-0.451548701732458,-0.0115082496777177
2,13067,"P_age_00_14","Population 0-14",-0.259423132660211,-0.00874362513422966
2,13069,"P_age_00_14","Population 0-14",-0.032092779396936,-0.00214837468229234
2,13072,"P_age_00_14","Population 0-14",-1.18934893919154,-0.00875886809080839
2,13074,"P_age_00_14","Population 0-14",-0.778858569402334,-0.00954798422753811
2,13075,"P_age_00_14","Population 0-14",-0.384762852635815,-0.0108614889904857
2,13076,"P_age_00_14","Population 0-14",-0.964595547886265,-0.00674274796620011
2,13077,"P_age_00_14","Population 0-14",-0.491616472268377,-0.0054527884349227
2,13082,"P_age_00_14","Population 0-14",-0.733579827877858,-0.0088000250980258
2,13083,"P_age_00_14","Population 0-14",-0.794327976657096,-0.0047265375033021
2,14001,"P_age_00_14","Population 0-14",0.334948344463843,0.000304435699945316
2,14002,"P_age_00_14","Population 0-14",0.472011366207807,0.0084014842286706
2,14003,"P_age_00_14","Population 0-14",-0.48713448885207,-0.00381132587790489
2,14005,"P_age_00_14","Population 0-14",0.272224412320506,0.00406662188470364
2,14006,"P_age_00_14","Population 0-14",-0.676165044664534,-0.00472377520054579
2,14007,"P_age_00_14","Population 0-14",-0.0565437076529933,-0.00492027029395103
2,14008,"P_age_00_14","Population 0-14",-0.102512084697193,-0.00842764414846897
2,14009,"P_age_00_14","Population 0-14",0.356857614473729,0.00371409626677632
2,14011,"P_age_00_14","Population 0-14",-0.0816337285085248,-0.00405911449342966
2,14012,"P_age_00_14","Population 0-14",-0.972027383605181,-0.0109955780208111
2,14013,"P_age_00_14","Population 0-14",0.0665713854978634,0.00102720409631729
2,14015,"P_age_00_14","Population 0-14",-0.494505529034811,-0.00473040947690606
2,14016,"P_age_00_14","Population 0-14",0.595284258317696,0.00646144384518266
2,14017,"P_age_00_14","Population 0-14",-0.0513420101362307,-0.00337434443645179
2,14019,"P_age_00_14","Population 0-14",2.78256324543315,0.0159431993961334
2,14020,"P_age_00_14","Population 0-14",0.195021610111046,0.00110317184589803
2,14021,"P_age_00_14","Population 0-14",-0.159229308365899,-0.0046163834631443
2,14022,"P_age_00_14","Population 0-14",0.182400878446547,0.00210760324262083
2,14024,"P_age_00_14","Population 0-14",-0.342624067313919,-0.00627495255321264
2,14025,"P_age_00_14","Population 0-14",-0.529528808074212,-0.00431027682498097
2,14027,"P_age_00_14","Population 0-14",0.482469018548251,0.00762077514082193
2,14028,"P_age_00_14","Population 0-14",-0.748349342453381,-0.00572705082595348
2,14029,"P_age_00_14","Population 0-14",-0.16507553489027,-0.0038682920858264
2,14031,"P_age_00_14","Population 0-14",1.52970136035766,0.0118527449667454
2,14033,"P_age_00_14","Population 0-14",0.246371431453431,0.00191411166451871
2,14035,"P_age_00_14","Population 0-14",0.146337003190831,0.00114212604239583
2,14036,"P_age_00_14","Population 0-14",-0.074621554872899,-0.0040468224324286
2,14037,"P_age_00_14","Population 0-14",-0.285704333466589,-0.00415019365027547
2,14038,"P_age_00_14","Population 0-14",-0.595291905913123,-0.00561582809314132
2,14039,"P_age_00_14","Population 0-14",-1.79024252490593,-0.0135569181293249
2,14040,"P_age_00_14","Population 0-14",0.29099117035717,0.000676351948641241
2,14041,"P_age_00_14","Population 0-14",-0.823703116163689,-0.00503924209624529
2,14042,"P_age_00_14","Population 0-14",0.812118995255435,0.0113131143152714
2,14043,"P_age_00_14","Population 0-14",0.0740367188506832,0.00129507994279265
2,14044,"P_age_00_14","Population 0-14",0.650128576909949,0.0129548478871584
2,14046,"P_age_00_14","Population 0-14",0.16122097085527,0.000913753116037697
2,14048,"P_age_00_14","Population 0-14",0.089824109409447,-8.18562184576876e-05
2,14051,"P_age_00_14","Population 0-14",0.975022741526364,0.0149416960775852
2,14053,"P_age_00_14","Population 0-14",0.179823298560004,0.00274774921126664
2,14055,"P_age_00_14","Population 0-14",0.452806022026108,0.00854887161403894
2,14058,"P_age_00_14","Population 0-14",-0.5916754109394,-0.00488697364926338
2,14060,"P_age_00_14","Population 0-14",-0.289336308459126,-0.000144083329360001
2,14061,"P_age_00_14","Population 0-14",3.46100622084604,0.0167931877076626
2,14062,"P_age_00_14","Population 0-14",-0.613879353353221,-0.00485599506646395
2,14063,"P_age_00_14","Population 0-14",-0.297738887207022,-0.004013039637357
2,14064,"P_age_00_14","Population 0-14",0.98091328852139,0.0195912346243858
2,14067,"P_age_00_14","Population 0-14",-0.653540511002807,-0.00617020996287465
2,14068,"P_age_00_14","Population 0-14",0.0840224691558802,0.00110102887265384
2,14070,"P_age_00_14","Population 0-14",0.135624200883687,0.00167529529426247
2,14071,"P_age_00_14","Population 0-14",0.268864344062906,0.00110595463775098
2,14072,"P_age_00_14","Population 0-14",0.568929262757701,0.00669689103960991
2,14073,"P_age_00_14","Population 0-14",0.334532941998292,0.00364359491504729
2,14074,"P_age_00_14","Population 0-14",-0.0581460236362636,-0.00520889181643724
2,14075,"P_age_00_14","Population 0-14",-0.10487206059164,-0.00472507579252124
2,14076,"P_age_00_14","Population 0-14",0.628102182178901,0.00709614809602499
2,14077,"P_age_00_14","Population 0-14",-0.680766794900901,-0.00460159732028842
2,14078,"P_age_00_14","Population 0-14",0.0224146704501055,-0.00258082966320217
2,14080,"P_age_00_14","Population 0-14",-0.494209861584174,-0.00519512733444571
2,14081,"P_age_00_14","Population 0-14",-0.816836021700577,-0.00581790925934911
2,14083,"P_age_00_14","Population 0-14",-0.00285635121831144,-0.00445628492161632
2,14084,"P_age_00_14","Population 0-14",-0.257438312091116,-0.00425240071490407
2,14090,"P_age_00_14","Population 0-14",-0.789561932396567,-0.0061506275087595
2,14091,"P_age_00_14","Population 0-14",0.0676697489461147,0.000747319660149515
2,14093,"P_age_00_14","Population 0-14",-0.161366820896332,-0.00707572465762496
2,14094,"P_age_00_14","Population 0-14",0.273508515548366,0.00325469463132322
2,14095,"P_age_00_14","Population 0-14",-0.655837539970146,-0.00570627301931381
2,14097,"P_age_00_14","Population 0-14",0.474353135928085,0.0095543647184968
2,14098,"P_age_00_14","Population 0-14",-0.430234521902847,-0.00618714652955532
2,14100,"P_age_00_14","Population 0-14",0.346450770853681,0.00119447777979076
2,14101,"P_age_00_14","Population 0-14",-0.127579249011883,-0.00581967877224088
2,14104,"P_age_00_14","Population 0-14",-0.64012771080298,-0.00507384026423097
2,14105,"P_age_00_14","Population 0-14",0.10294447265273,0.00127506186254323
2,14109,"P_age_00_14","Population 0-14",0.24787260934489,-0.000821470515802503
2,14110,"P_age_00_14","Population 0-14",-0.389451476356106,-0.00484359404072165
2,14111,"P_age_00_14","Population 0-14",0.00813830374721848,-0.000466374767711386
2,14114,"P_age_00_14","Population 0-14",-0.0766116028448837,-0.00455473596230149
2,14115,"P_age_00_14","Population 0-14",0.432931870151584,0.00842719152569771
2,14116,"P_age_00_14","Population 0-14",0.319286870477256,0.00194140255916864
2,14117,"P_age_00_14","Population 0-14",-0.580601227206826,-0.00512295542284846
2,14118,"P_age_00_14","Population 0-14",-0.767875246155889,-0.00647610193118453
2,14120,"P_age_00_14","Population 0-14",-1.08970174085071,-0.011301226913929
2,14123,"P_age_00_14","Population 0-14",0.0496621456624791,-0.00351422838866711
2,14124,"P_age_00_14","Population 0-14",0.19037057780128,0.00236782804131508
2,14125,"P_age_00_14","Population 0-14",0.62591637807818,0.00861681159585714
2,15001,"P_age_00_14","Population 0-14",0.491171408502922,0.0111972959712148
2,15002,"P_age_00_14","Population 0-14",-0.961748653384166,-0.00958093069493771
2,15003,"P_age_00_14","Population 0-14",0.263389783385035,0.0055650407448411
2,15004,"P_age_00_14","Population 0-14",0.467295958011168,0.00267127272672951
2,15005,"P_age_00_14","Population 0-14",0.179354411198217,0.00353648187592626
2,15007,"P_age_00_14","Population 0-14",0.827916788368668,0.0160816162824631
2,15008,"P_age_00_14","Population 0-14",0.286258576022826,0.00108050554990768
2,15009,"P_age_00_14","Population 0-14",-0.754676208340906,-0.00646584248170257
2,15010,"P_age_00_14","Population 0-14",-0.3576157249302,-0.0086407633498311
2,15011,"P_age_00_14","Population 0-14",-0.343737899422004,-0.0131438849493861
2,15014,"P_age_00_14","Population 0-14",0.240323496694471,0.00316910678520799
2,15015,"P_age_00_14","Population 0-14",-0.0763320537877721,-0.00795614067465067
2,15016,"P_age_00_14","Population 0-14",-0.263046967807223,-0.0101613132283092
2,15017,"P_age_00_14","Population 0-14",-0.337763375483115,-0.00823870114982128
2,15018,"P_age_00_14","Population 0-14",-0.359709714390418,-0.00523406360298395
2,15020,"P_age_00_14","Population 0-14",-1.83300771257413,-0.0241683777421713
2,15021,"P_age_00_14","Population 0-14",1.1863683851064,0.018948420882225
2,15025,"P_age_00_14","Population 0-14",-0.243718599049818,-0.00571143114939332
2,15026,"P_age_00_14","Population 0-14",0.418337186190665,0.0126057164743543
2,15032,"P_age_00_14","Population 0-14",1.47165599242137,0.0206865444779396
2,15033,"P_age_00_14","Population 0-14",-1.29836285292611,-0.00968666560947895
2,15035,"P_age_00_14","Population 0-14",0.146630108055438,0.00491981906816363
2,15036,"P_age_00_14","Population 0-14",-0.146184975323624,-0.00829218700528145
2,15037,"P_age_00_14","Population 0-14",-1.21052464850358,-0.0105522815138102
2,15039,"P_age_00_14","Population 0-14",-0.788472231306951,-0.00483701983466744
2,15040,"P_age_00_14","Population 0-14",0.230061568677616,0.00319511233828962
2,15041,"P_age_00_14","Population 0-14",1.09570146963798,0.0211626533418894
2,15042,"P_age_00_14","Population 0-14",0.0557980648136717,0.00542266806587577
2,15043,"P_age_00_14","Population 0-14",0.185592561175158,0.00224876636639237
2,15045,"P_age_00_14","Population 0-14",-0.332387769700977,-0.00710371742025018
2,15046,"P_age_00_14","Population 0-14",-0.366325484591509,-0.0122349271550775
2,15047,"P_age_00_14","Population 0-14",0.615825566289259,0.0111423991620541
2,15048,"P_age_00_14","Population 0-14",-0.189893512703095,-0.00547256274148822
2,15050,"P_age_00_14","Population 0-14",0.0308470687939741,-0.00612661987543106
2,15051,"P_age_00_14","Population 0-14",-0.420077762144134,-0.0056999996304512
2,15052,"P_age_00_14","Population 0-14",0.157445488773138,0.000942107639275491
2,15054,"P_age_00_14","Population 0-14",-1.54935627554834,-0.0130788935348392
2,15056,"P_age_00_14","Population 0-14",0.649191174760941,0.00995292980223894
2,15057,"P_age_00_14","Population 0-14",-1.52520919775257,-0.0135569181293249
2,15060,"P_age_00_14","Population 0-14",-0.714346361131894,-0.00378789380192757
2,15062,"P_age_00_14","Population 0-14",-0.654545876204773,-0.00504511315375566
2,15063,"P_age_00_14","Population 0-14",0.742676530484964,0.0109779518097639
2,15064,"P_age_00_14","Population 0-14",0.238229618552263,0.00484318938106298
2,15065,"P_age_00_14","Population 0-14",-0.480570929069586,-0.00992154330015182
2,15066,"P_age_00_14","Population 0-14",1.12004263606412,0.0141950417309999
2,15067,"P_age_00_14","Population 0-14",0.00548844212327903,-0.0069275195710361
2,15070,"P_age_00_14","Population 0-14",-0.390895148272183,-0.00958817731589079
2,15071,"P_age_00_14","Population 0-14",-0.172276756040666,-0.00479266792535782
2,15073,"P_age_00_14","Population 0-14",-0.113731761069176,-0.00402657687664032
2,15074,"P_age_00_14","Population 0-14",1.16086462474009,0.0213620513677597
2,15076,"P_age_00_14","Population 0-14",-0.269614691792008,-0.00561601715162396
2,15077,"P_age_00_14","Population 0-14",0.72800674775945,0.00720497826114297
2,15078,"P_age_00_14","Population 0-14",0.524194861759803,0.0142556484788656
2,15079,"P_age_00_14","Population 0-14",-0.100324878898262,-0.00691777700558305
2,15080,"P_age_00_14","Population 0-14",1.02668393978961,0.0136119285598397
2,15081,"P_age_00_14","Population 0-14",-0.825458864713834,-0.00446380069479346
2,15082,"P_age_00_14","Population 0-14",0.988936497762117,0.0149346925318241
2,15084,"P_age_00_14","Population 0-14",-0.17760588087403,-0.00868506170809269
2,15085,"P_age_00_14","Population 0-14",0.20446498272152,0.0043102647177875
2,15086,"P_age_00_14","Population 0-14",0.951612500358467,0.0148992231115699
2,15087,"P_age_00_14","Population 0-14",0.643998966536604,0.0145264100283384
2,15088,"P_age_00_14","Population 0-14",0.181878592516777,0.00397891690954566
2,15090,"P_age_00_14","Population 0-14",0.184881266351153,0.00337740499526262
2,15092,"P_age_00_14","Population 0-14",-0.705775957988653,-0.00596949318423867
2,15093,"P_age_00_14","Population 0-14",-0.336841805481321,-0.00771454116329551
2,15094,"P_age_00_14","Population 0-14",-0.304533329629968,-0.0100693982094526
2,15095,"P_age_00_14","Population 0-14",-0.784388143895234,-0.00583427865058184
2,15096,"P_age_00_14","Population 0-14",-0.558308019107758,-0.0112778060138226
2,15097,"P_age_00_14","Population 0-14",1.20454236337945,0.019693786278367
2,15099,"P_age_00_14","Population 0-14",-0.967322814147869,-0.0118152610957623
2,15100,"P_age_00_14","Population 0-14",-0.489147466062372,-0.0119999861344695
2,15101,"P_age_00_14","Population 0-14",-0.035449982919619,-0.00511004962027073
2,15102,"P_age_00_14","Population 0-14",-0.370198038250384,-0.00759208528324962
2,15103,"P_age_00_14","Population 0-14",-1.0001401337113,-0.0103928539901972
2,15104,"P_age_00_14","Population 0-14",-2.00532525721354,-0.0408591777086258
2,15105,"P_age_00_14","Population 0-14",0.418083283440039,0.00780849577859044
2,15106,"P_age_00_14","Population 0-14",-0.827556320934943,-0.004429682623595
2,15107,"P_age_00_14","Population 0-14",-0.520679035345753,-0.0052993893623352
2,15109,"P_age_00_14","Population 0-14",-1.22414622903934,-0.0111047197133303
2,15110,"P_age_00_14","Population 0-14",0.020070665282437,-0.00388977350667119
2,15111,"P_age_00_14","Population 0-14",1.10511581778112,0.0219259280711412
2,15112,"P_age_00_14","Population 0-14",0.477319706378398,0.0135573856532574
2,15113,"P_age_00_14","Population 0-14",1.01351518047342,0.0181313902139664
2,15114,"P_age_00_14","Population 0-14",1.39145396042046,0.0214185826480389
2,15115,"P_age_00_14","Population 0-14",-0.155933166179538,-0.00828924681991339
2,15116,"P_age_00_14","Population 0-14",1.07615885005956,0.0210307110100985
2,15117,"P_age_00_14","Population 0-14",0.592793424694495,0.000897981517482549
2,15118,"P_age_00_14","Population 0-14",-0.207525033768559,-0.00773870991542935
2,15119,"P_age_00_14","Population 0-14",1.16342729028505,0.0184762291610241
2,15120,"P_age_00_14","Population 0-14",0.0258402005131271,-0.00393491890281439
2,15121,"P_age_00_14","Population 0-14",-1.6398124910131,-0.0141939027234912
2,15123,"P_age_00_14","Population 0-14",1.15420827798836,0.0135123208165169
2,15124,"P_age_00_14","Population 0-14",1.60293633432224,0.0242777187377214
2,16003,"P_age_00_14","Population 0-14",0.278389673990484,0.000911331619136035
2,16007,"P_age_00_14","Population 0-14",0.423300660893676,0.00617189100012183
2,16013,"P_age_00_14","Population 0-14",1.24383932712,0.0124328033998609
2,16017,"P_age_00_14","Population 0-14",0.886969838738983,0.0109692458063364
2,16018,"P_age_00_14","Population 0-14",-0.0875355913200636,-0.00556520791724324
2,16020,"P_age_00_14","Population 0-14",-0.138786873505408,-0.00562289590016007
2,16022,"P_age_00_14","Population 0-14",-0.540140163325271,-0.00727621139958501
2,16031,"P_age_00_14","Population 0-14",0.556323554480994,0.0066252606920898
2,16034,"P_age_00_14","Population 0-14",0.306693452617599,0.00196628994308412
2,16038,"P_age_00_14","Population 0-14",-0.189383887493145,-0.0041422275826335
2,16040,"P_age_00_14","Population 0-14",0.0923004148964109,0.000794612627942115
2,16041,"P_age_00_14","Population 0-14",0.410070526733297,0.0096286665648222
2,16046,"P_age_00_14","Population 0-14",0.44091027502908,0.00838994048535824
2,16047,"P_age_00_14","Population 0-14",0.729719034577876,0.0120474277064204
2,16049,"P_age_00_14","Population 0-14",1.27088064137738,0.0182786975055933
2,16050,"P_age_00_14","Population 0-14",0.586292857275043,0.0113295232877135
2,16057,"P_age_00_14","Population 0-14",1.47092319504701,0.0132973985746503
2,16072,"P_age_00_14","Population 0-14",-0.148456546543555,-0.00512170512229204
2,16077,"P_age_00_14","Population 0-14",-0.0810277541530019,-0.0051339790225029
2,16078,"P_age_00_14","Population 0-14",-0.967011871140067,-0.00978104956448078
2,16080,"P_age_00_14","Population 0-14",0.923654920743258,0.0100939916446805
2,16081,"P_age_00_14","Population 0-14",0.971137731609321,0.00960682891309261
2,16088,"P_age_00_14","Population 0-14",-0.0545432116906178,-0.00481418054550886
2,16092,"P_age_00_14","Population 0-14",0.859885771550283,0.00991333834826946
2,16093,"P_age_00_14","Population 0-14",0.722119235884051,0.00934208650141954
2,16098,"P_age_00_14","Population 0-14",0.11255380905752,0.00168406125158072
2,16099,"P_age_00_14","Population 0-14",0.65399573505302,0.007015535607934
2,16101,"P_age_00_14","Population 0-14",1.10119244858646,0.0125855468213558
2,16110,"P_age_00_14","Population 0-14",-0.0745617952757583,-0.00510749174281955
2,16112,"P_age_00_14","Population 0-14",0.132544960704419,0.00240608910098672
2,17001,"P_age_00_14","Population 0-14",-0.228833624979695,-0.0055191800929606
2,17002,"P_age_00_14","Population 0-14",-0.345774689599317,-0.00345027376897633
2,17003,"P_age_00_14","Population 0-14",0.16956309483641,0.00374636170454323
2,17004,"P_age_00_14","Population 0-14",-0.261525277868527,-0.00529746990650892
2,17005,"P_age_00_14","Population 0-14",-0.901065816471804,-0.0102180149406195
2,17006,"P_age_00_14","Population 0-14",-0.936961063116345,-0.0125066125765443
2,17007,"P_age_00_14","Population 0-14",-1.68277039287502,-0.0121428547427058
2,17008,"P_age_00_14","Population 0-14",-0.740431508204243,-0.00589677412062883
2,17009,"P_age_00_14","Population 0-14",-0.422341618344416,-0.00525573827326298
2,17010,"P_age_00_14","Population 0-14",-0.331648116045909,-0.00750660011544824
2,17012,"P_age_00_14","Population 0-14",-1.11764571467891,-0.0106111066415906
2,17013,"P_age_00_14","Population 0-14",-0.670577530283192,-0.00499924411997199
2,17014,"P_age_00_14","Population 0-14",-0.682858796539506,-0.00507944542914629
2,17015,"P_age_00_14","Population 0-14",-0.530037306473282,-0.00818340014666319
2,17016,"P_age_00_14","Population 0-14",0.0035495481847028,-0.00582821015268564
2,17017,"P_age_00_14","Population 0-14",-0.517453611901053,-0.00560384336858988
2,17018,"P_age_00_14","Population 0-14",-0.619381673107976,-0.006008539814502
2,17019,"P_age_00_14","Population 0-14",-0.486570803981464,-0.00677775824442506
2,17020,"P_age_00_14","Population 0-14",-0.837240656145298,-0.00537912920117378
2,17021,"P_age_00_14","Population 0-14",-0.881795017300072,-0.010927714407444
2,17022,"P_age_00_14","Population 0-14",0.438617530669238,0.0145185720175505
2,17023,"P_age_00_14","Population 0-14",0.278693819784271,0.00424752198159695
2,17024,"P_age_00_14","Population 0-14",-0.68951894854975,-0.00816152803599834
2,17025,"P_age_00_14","Population 0-14",-0.986197214428658,-0.0116258971393108
2,17026,"P_age_00_14","Population 0-14",-0.49092517833748,-0.00621970929205418
2,17027,"P_age_00_14","Population 0-14",0.0112184208397919,-0.00493791839107871
2,17028,"P_age_00_14","Population 0-14",-0.600767245817066,-0.005856994073838
2,17029,"P_age_00_14","Population 0-14",-0.661082226685034,-0.00493394443765283
2,17030,"P_age_00_14","Population 0-14",-0.104383365439415,-0.00768501730635762
2,17032,"P_age_00_14","Population 0-14",-0.663860826451941,-0.00493061123415828
2,17035,"P_age_00_14","Population 0-14",-0.139214754947089,-0.00889914389699697
2,18001,"P_age_00_14","Population 0-14",-0.206860971857845,-0.00385284842923284
2,18002,"P_age_00_14","Population 0-14",-0.663276438703223,-0.00448177848011255
2,18003,"P_age_00_14","Population 0-14",-0.545400664013005,-0.00525922933593392
2,18004,"P_age_00_14","Population 0-14",-0.205462717689954,-0.00424602814018726
2,18005,"P_age_00_14","Population 0-14",2.30922905400355,0.0178085919469595
2,18006,"P_age_00_14","Population 0-14",-0.147522302191164,-0.0039323060773313
2,18007,"P_age_00_14","Population 0-14",0.947566276972811,0.0100040445104241
2,18008,"P_age_00_14","Population 0-14",-0.148613132363456,-0.00419364171102643
2,18009,"P_age_00_14","Population 0-14",3.51211183773547,0.0180544573813677
2,18010,"P_age_00_14","Population 0-14",-0.179435774034397,-0.00451306765899062
2,18011,"P_age_00_14","Population 0-14",0.358365378302162,0.00359416846185923
2,18012,"P_age_00_14","Population 0-14",-0.293656044739583,-0.00477470736950636
2,18013,"P_age_00_14","Population 0-14",-0.948739571802404,-0.0100395455956459
2,18014,"P_age_00_14","Population 0-14",-0.196141454121347,-0.00349168665707111
2,18015,"P_age_00_14","Population 0-14",-0.547580007125538,-0.00617578253149986
2,18016,"P_age_00_14","Population 0-14",-0.679998225824718,-0.00407649856060743
2,18017,"P_age_00_14","Population 0-14",-0.759086680158704,-0.00284326588734984
2,18018,"P_age_00_14","Population 0-14",-0.923200173770232,-0.00905077531933784
2,18019,"P_age_00_14","Population 0-14",1.39781466243951,0.0165194999426603
2,18020,"P_age_00_14","Population 0-14",0.291141865409712,0.00173873943276703
2,19002,"P_age_00_14","Population 0-14",-1.83184056141093,-0.0130431596189737
2,19003,"P_age_00_14","Population 0-14",-1.38906108964775,-0.00503881089389324
2,19004,"P_age_00_14","Population 0-14",-0.719087795024971,-0.00519537646323442
2,19005,"P_age_00_14","Population 0-14",-0.0458646892260648,-0.00314635247923434
2,19006,"P_age_00_14","Population 0-14",-0.529783131107121,-0.00430768076330423
2,19007,"P_age_00_14","Population 0-14",-0.329686240617704,-0.00454165181145072
2,19008,"P_age_00_14","Population 0-14",-0.511211908834968,-0.0042976182885468
2,19009,"P_age_00_14","Population 0-14",-0.503084637700814,-0.0085681602358818
2,19010,"P_age_00_14","Population 0-14",1.23450190653734,0.0244164317846298
2,19011,"P_age_00_14","Population 0-14",-0.700296853718527,-0.00544363632798195
2,19012,"P_age_00_14","Population 0-14",0.807014046720365,0.0152361476793885
2,19013,"P_age_00_14","Population 0-14",-0.689873912151118,-0.00582475448027253
2,19015,"P_age_00_14","Population 0-14",-1.22054508686385,-0.0098262345418334
2,19016,"P_age_00_14","Population 0-14",-0.599733042435055,-0.00528875924646854
2,19017,"P_age_00_14","Population 0-14",0.103936361560066,0.0011844732798636
2,19018,"P_age_00_14","Population 0-14",0.871072086596129,0.0143692651763558
2,19019,"P_age_00_14","Population 0-14",-2.4571350186255,-0.0393198654055595
2,19020,"P_age_00_14","Population 0-14",-0.235524341735041,-0.0047312811948359
2,19021,"P_age_00_14","Population 0-14",-0.258480573533993,-0.00348536367528141
2,19022,"P_age_00_14","Population 0-14",-1.04830133470626,-0.0109294038265944
2,19023,"P_age_00_14","Population 0-14",-1.80460719632431,-0.00986799690872431
2,19025,"P_age_00_14","Population 0-14",0.630651289644575,0.0173714812844992
2,19026,"P_age_00_14","Population 0-14",-1.75561267324814,-0.0140550760552287
2,19027,"P_age_00_14","Population 0-14",-1.79825398214529,-0.0124220587313175
2,19029,"P_age_00_14","Population 0-14",-0.829127501952282,-0.0053897313773632
2,19030,"P_age_00_14","Population 0-14",-0.575445912951604,-0.00496181286871433
2,19031,"P_age_00_14","Population 0-14",0.443109584957779,0.01202433090657
2,19032,"P_age_00_14","Population 0-14",-0.155916143611153,-0.00441085174679756
2,19033,"P_age_00_14","Population 0-14",-0.646294269668547,-0.00539730815216899
2,19035,"P_age_00_14","Population 0-14",-1.70023009345575,-0.0161400679498911
2,19037,"P_age_00_14","Population 0-14",0.0490322356629544,-0.0076893400400877
2,19038,"P_age_00_14","Population 0-14",-0.866563262638233,-0.00911655183881521
2,19039,"P_age_00_14","Population 0-14",-1.83114949465965,-0.0140550760552287
2,19040,"P_age_00_14","Population 0-14",-1.87714166195289,-0.0151639087125659
2,19041,"P_age_00_14","Population 0-14",0.817770810554378,0.0185570772737265
2,19042,"P_age_00_14","Population 0-14",-1.62808988214256,-0.0128850750625134
2,19043,"P_age_00_14","Population 0-14",-0.578610463619061,-0.00526056019589305
2,19044,"P_age_00_14","Population 0-14",-1.12653423743392,-0.0110912583768368
2,19045,"P_age_00_14","Population 0-14",0.504783202140967,0.0126138618215919
2,19046,"P_age_00_14","Population 0-14",-2.56936121346416,-0.0403385609388351
2,19047,"P_age_00_14","Population 0-14",-0.724199324953423,-0.00465168850496411
2,19048,"P_age_00_14","Population 0-14",-0.962254325668853,-0.00862474367022514
2,19049,"P_age_00_14","Population 0-14",-1.36818357629544,-0.0119614703580737
2,19050,"P_age_00_14","Population 0-14",-1.46405021963338,-0.0109603246673942
2,19051,"P_age_00_14","Population 0-14",-1.61349581611018,-0.0162542816251516
2,20005,"P_age_00_14","Population 0-14",-1.41287430655637,-0.0195067450404167
2,20008,"P_age_00_14","Population 0-14",-1.34407559383924,-0.018170028924942
2,20010,"P_age_00_14","Population 0-14",-1.34666919216028,-0.0194944813847542
2,20012,"P_age_00_14","Population 0-14",2.39180846840083,0.0169680714607239
2,20014,"P_age_00_14","Population 0-14",-0.835350882982597,-0.00317730568349361
2,20015,"P_age_00_14","Population 0-14",0.466136042518632,0.00776530429720879
2,20017,"P_age_00_14","Population 0-14",-0.218902656766323,-0.00445448653772473
2,20021,"P_age_00_14","Population 0-14",-0.0777291379806574,-0.00436119874939322
2,20028,"P_age_00_14","Population 0-14",0.219969112108299,0.000817110762000084
2,20036,"P_age_00_14","Population 0-14",0.589884619204323,0.0075646135956049
2,20043,"P_age_00_14","Population 0-14",-0.437229552564894,-0.00577618833631277
2,20052,"P_age_00_14","Population 0-14",-0.647378198124202,-0.00374347600154579
2,20053,"P_age_00_14","Population 0-14",-1.72868289509345,-0.0216824468225241
2,20057,"P_age_00_14","Population 0-14",-0.113715056552249,-0.00402852054685354
2,20059,"P_age_00_14","Population 0-14",0.275385882432415,0.00368556403554976
2,20061,"P_age_00_14","Population 0-14",0.87286693502943,0.00828568357974291
2,20066,"P_age_00_14","Population 0-14",-0.688265564549129,-0.00612443499267101
2,20070,"P_age_00_14","Population 0-14",0.68646272320739,0.00803650915622711
2,20071,"P_age_00_14","Population 0-14",0.609444479443553,0.00769932614639401
2,20075,"P_age_00_14","Population 0-14",-1.414215454585,-0.012452750466764
2,20076,"P_age_00_14","Population 0-14",0.24175202481756,-8.21467547211796e-05
2,20079,"P_age_00_14","Population 0-14",-0.89507935651606,-0.0127970399335027
2,20080,"P_age_00_14","Population 0-14",-1.04569958290892,-0.0103376116603613
2,20082,"P_age_00_14","Population 0-14",0.190495799203842,0.00169985007960349
2,20085,"P_age_00_14","Population 0-14",2.56380826827484,0.0175487119704485
2,20090,"P_age_00_14","Population 0-14",0.206835624698786,0.002574079670012
2,20113,"P_age_00_14","Population 0-14",0.652633536561473,0.00857938546687365
2,20117,"P_age_00_14","Population 0-14",0.530614741796187,0.00786994490772486
2,20122,"P_age_00_14","Population 0-14",-0.176994379238528,-0.00350454449653625
2,20124,"P_age_00_14","Population 0-14",-0.0516019308747985,-0.00776843912899494
2,20125,"P_age_00_14","Population 0-14",0.829467480056731,0.00994531530886889
2,20126,"P_age_00_14","Population 0-14",1.06880983721208,0.0163001921027899
2,20130,"P_age_00_14","Population 0-14",0.295748547715472,0.00160511978901923
2,20141,"P_age_00_14","Population 0-14",1.05351409286871,0.0154582113027573
2,20143,"P_age_00_14","Population 0-14",-0.4543116170189,-0.00348241976462305
2,20146,"P_age_00_14","Population 0-14",1.04532733248115,0.02056691236794
2,20148,"P_age_00_14","Population 0-14",2.06395619350289,0.0175898969173431
2,20149,"P_age_00_14","Population 0-14",1.03733485837024,0.0132810277864337
2,20153,"P_age_00_14","Population 0-14",1.0405684012143,0.0175044760107994
2,20154,"P_age_00_14","Population 0-14",0.562800243051349,0.00805004872381687
2,20159,"P_age_00_14","Population 0-14",1.38260542809269,0.0193839985877275
2,20170,"P_age_00_14","Population 0-14",-0.254219086106251,-0.00531226303428411
2,20185,"P_age_00_14","Population 0-14",0.273864660483721,0.000995819340460002
2,20190,"P_age_00_14","Population 0-14",0.379150256895562,0.00171498360577971
2,20198,"P_age_00_14","Population 0-14",-0.250345535128877,-0.00321087054908276
2,20202,"P_age_00_14","Population 0-14",1.53952232365894,0.0143839623779058
2,20203,"P_age_00_14","Population 0-14",1.03555704159251,0.0186183787882328
2,20204,"P_age_00_14","Population 0-14",-1.10535334615492,-0.00884917192161083
2,20207,"P_age_00_14","Population 0-14",1.19876078762929,0.0137393195182085
2,20211,"P_age_00_14","Population 0-14",2.68604747724403,0.0186669211834669
2,20213,"P_age_00_14","Population 0-14",2.84786052283504,0.0172541867941618
2,20225,"P_age_00_14","Population 0-14",0.592838392627048,0.00736607052385807
2,20229,"P_age_00_14","Population 0-14",2.70718350963669,0.0200022552162409
2,20235,"P_age_00_14","Population 0-14",0.302707949798846,-0.000965843384619802
2,20253,"P_age_00_14","Population 0-14",-0.352528794010219,-0.00455396343022585
2,20254,"P_age_00_14","Population 0-14",0.216469410173504,0.000871128577273339
2,20263,"P_age_00_14","Population 0-14",1.52619275298205,0.0158153045922518
2,20265,"P_age_00_14","Population 0-14",0.0557371261543409,0.00221444806084037
2,20266,"P_age_00_14","Population 0-14",0.0933126613688482,0.00151228928007185
2,20272,"P_age_00_14","Population 0-14",2.42293420175216,0.0147232003509998
2,20277,"P_age_00_14","Population 0-14",0.684403848899919,0.00794378202408552
2,20279,"P_age_00_14","Population 0-14",-0.10538507077782,-0.0047023082152009
2,20282,"P_age_00_14","Population 0-14",-0.629266196721313,-0.00432713236659765
2,20285,"P_age_00_14","Population 0-14",0.380416124415904,0.00159215100575238
2,20291,"P_age_00_14","Population 0-14",0.753674163775218,0.00855909939855337
2,20300,"P_age_00_14","Population 0-14",0.256896158574549,0.000598297803662717
2,20302,"P_age_00_14","Population 0-14",1.62796446917946,0.018344834446907
2,20306,"P_age_00_14","Population 0-14",2.00379570613059,0.0198005978018045
2,20307,"P_age_00_14","Population 0-14",-0.195477646651799,-0.00428035203367472
2,20308,"P_age_00_14","Population 0-14",0.219688961025214,0.00556397158652544
2,20316,"P_age_00_14","Population 0-14",-1.24761614574792,-0.0171986073255539
2,20318,"P_age_00_14","Population 0-14",0.0364266159862962,-0.00406952854245901
2,20319,"P_age_00_14","Population 0-14",-0.281937475122558,-0.00459021329879761
2,20324,"P_age_00_14","Population 0-14",0.429846873240928,0.0114871012046933
2,20327,"P_age_00_14","Population 0-14",0.19978829728988,0.0023832069709897
2,20334,"P_age_00_14","Population 0-14",0.18929005476802,0.00206179497763515
2,20344,"P_age_00_14","Population 0-14",0.932661217953122,0.0110767362639308
2,20345,"P_age_00_14","Population 0-14",0.233326578169843,0.00210233498364687
2,20353,"P_age_00_14","Population 0-14",0.561450196397289,0.00811943225562572
2,20357,"P_age_00_14","Population 0-14",-2.32713168513317,-0.0253013763576746
2,20364,"P_age_00_14","Population 0-14",1.03458426757779,0.0178500358015299
2,20366,"P_age_00_14","Population 0-14",2.0222137684514,0.0150009803473949
2,20367,"P_age_00_14","Population 0-14",-0.0924487207490877,-0.00550989061594009
2,20386,"P_age_00_14","Population 0-14",1.60189244400154,0.0188282039016485
2,20391,"P_age_00_14","Population 0-14",1.91319721943333,0.0238506905734539
2,20398,"P_age_00_14","Population 0-14",-0.704635314142668,-0.00535797933116555
2,20401,"P_age_00_14","Population 0-14",0.588447908071581,0.0110746938735247
2,20402,"P_age_00_14","Population 0-14",0.697030444070225,0.00733108865097165
2,20407,"P_age_00_14","Population 0-14",1.19503398105099,0.0161893479526043
2,20410,"P_age_00_14","Population 0-14",0.806676975785298,0.00945064052939415
2,20412,"P_age_00_14","Population 0-14",1.11914085113481,0.0150508610531688
2,20413,"P_age_00_14","Population 0-14",-0.25782982889218,-0.0047405157238245
2,20414,"P_age_00_14","Population 0-14",0.0586388459123911,0.00139529653824866
2,20415,"P_age_00_14","Population 0-14",0.86494819887723,0.00893783569335938
2,20418,"P_age_00_14","Population 0-14",-0.60565213227663,-0.0039718383923173
2,20421,"P_age_00_14","Population 0-14",-0.748049672097965,-0.00521182687953115
2,20424,"P_age_00_14","Population 0-14",1.12570511517409,0.0146364644169807
2,20427,"P_age_00_14","Population 0-14",-0.290911676396729,-0.00478537427261472
2,20428,"P_age_00_14","Population 0-14",1.88622985441171,0.0196127630770206
2,20439,"P_age_00_14","Population 0-14",0.933636947574601,0.0124363247305155
2,20440,"P_age_00_14","Population 0-14",-1.48106763558498,-0.0197924412786961
2,20441,"P_age_00_14","Population 0-14",1.54295305613509,0.0182533077895641
2,20448,"P_age_00_14","Population 0-14",3.2120499587039,0.0256409794092178
2,20449,"P_age_00_14","Population 0-14",-0.387436161467589,-0.00627601053565741
2,20450,"P_age_00_14","Population 0-14",3.41712461576576,0.0241695959120989
2,20453,"P_age_00_14","Population 0-14",-0.292961511227407,-0.00451931264251471
2,20465,"P_age_00_14","Population 0-14",1.42773271578472,0.0189682580530643
2,20466,"P_age_00_14","Population 0-14",1.8333242730041,0.0188283789902925
2,20467,"P_age_00_14","Population 0-14",0.327124067322839,0.00166997150518
2,20470,"P_age_00_14","Population 0-14",-0.970960159666453,-0.0147255547344685
2,20472,"P_age_00_14","Population 0-14",-0.999784806622554,-0.0188394412398338
2,20474,"P_age_00_14","Population 0-14",0.266145026815953,0.000523117545526475
2,20477,"P_age_00_14","Population 0-14",-0.290462144737951,-0.00514460122212768
2,20482,"P_age_00_14","Population 0-14",0.296784489021521,0.00357408565469086
2,20485,"P_age_00_14","Population 0-14",2.08543039183635,0.0137932952493429
2,20489,"P_age_00_14","Population 0-14",0.801410091350446,0.010478955693543
2,20495,"P_age_00_14","Population 0-14",1.51238908117126,0.0162637494504452
2,20498,"P_age_00_14","Population 0-14",0.609076707455617,0.00957709737122059
2,20505,"P_age_00_14","Population 0-14",-1.08636632839649,-0.0203546397387981
2,20507,"P_age_00_14","Population 0-14",1.1033026200505,0.0113365482538939
2,20508,"P_age_00_14","Population 0-14",-1.23867419489158,-0.0193668659776449
2,20509,"P_age_00_14","Population 0-14",2.22403257135943,0.0176798608154058
2,20512,"P_age_00_14","Population 0-14",1.41055458843145,0.0148318195715547
2,20513,"P_age_00_14","Population 0-14",0.499534517064894,0.00813512969762087
2,20515,"P_age_00_14","Population 0-14",-0.477791934010153,-0.00429512048140168
2,20516,"P_age_00_14","Population 0-14",1.30162624644163,0.0171461515128613
2,20525,"P_age_00_14","Population 0-14",-0.4467875441054,-0.00632119784131646
2,20526,"P_age_00_14","Population 0-14",0.805839582645426,0.0133420936763287
2,20533,"P_age_00_14","Population 0-14",0.168431124708041,0.000976132228970528
2,20534,"P_age_00_14","Population 0-14",0.889077733863299,0.0100247487425804
2,20535,"P_age_00_14","Population 0-14",1.43645091062505,0.0171959344297647
2,20543,"P_age_00_14","Population 0-14",0.909948131950131,0.0133795728906989
2,20557,"P_age_00_14","Population 0-14",-1.04237189001793,-0.019307691603899
2,20563,"P_age_00_14","Population 0-14",-1.30198734007861,-0.00684391753748059
2,21001,"P_age_00_14","Population 0-14",1.24553296930761,0.020669249817729
2,21002,"P_age_00_14","Population 0-14",-0.403687991211322,-0.00495278323069215
2,21004,"P_age_00_14","Population 0-14",1.18852174795842,0.0202929731458426
2,21005,"P_age_00_14","Population 0-14",-1.21107745601432,-0.0187271405011415
2,21006,"P_age_00_14","Population 0-14",0.650727211092184,0.0103678125888109
2,21007,"P_age_00_14","Population 0-14",0.725425757906919,0.00846921652555466
2,21008,"P_age_00_14","Population 0-14",0.473260979026854,0.0124265281483531
2,21011,"P_age_00_14","Population 0-14",0.556145527449239,0.00626493664458394
2,21012,"P_age_00_14","Population 0-14",-0.41257603916094,-0.0053661810234189
2,21015,"P_age_00_14","Population 0-14",0.134047101837435,0.00437963753938675
2,21016,"P_age_00_14","Population 0-14",0.37811679866268,0.00147486780770123
2,21019,"P_age_00_14","Population 0-14",-0.325768141990061,-0.00279569998383522
2,21022,"P_age_00_14","Population 0-14",0.334372239683807,-0.000479517038911581
2,21023,"P_age_00_14","Population 0-14",1.34503483857835,0.0196550991386175
2,21025,"P_age_00_14","Population 0-14",0.203039578318106,0.00369764608331025
2,21026,"P_age_00_14","Population 0-14",-0.188203041942884,-0.00408886140212417
2,21031,"P_age_00_14","Population 0-14",0.348719177461607,0.00116247730329633
2,21032,"P_age_00_14","Population 0-14",-0.3145438175232,-0.0038442921359092
2,21039,"P_age_00_14","Population 0-14",0.562129851916623,0.00824790075421333
2,21040,"P_age_00_14","Population 0-14",0.919201191655391,0.0152883362025023
2,21043,"P_age_00_14","Population 0-14",0.491847331461218,0.00968076754361391
2,21044,"P_age_00_14","Population 0-14",0.6512561579282,0.0103430449962616
2,21045,"P_age_00_14","Population 0-14",0.0702476559712996,0.00181422336027026
2,21046,"P_age_00_14","Population 0-14",1.11328540793355,0.0196220595389605
2,21047,"P_age_00_14","Population 0-14",-0.024346808796659,-0.00316463783383369
2,21048,"P_age_00_14","Population 0-14",0.0569589708093195,0.00400685286149383
2,21049,"P_age_00_14","Population 0-14",1.64333727739107,0.0208135992288589
2,21050,"P_age_00_14","Population 0-14",1.55288873378184,0.0205790791660547
2,21051,"P_age_00_14","Population 0-14",-0.110122933407384,-0.00529753929004073
2,21053,"P_age_00_14","Population 0-14",0.466726096126892,0.0114730577915907
2,21054,"P_age_00_14","Population 0-14",1.08118792969115,0.0211155209690332
2,21056,"P_age_00_14","Population 0-14",-0.728089212416752,-0.00648239068686962
2,21057,"P_age_00_14","Population 0-14",1.06277699172299,0.0144553883001208
2,21058,"P_age_00_14","Population 0-14",1.90253649350882,0.0195602402091026
2,21061,"P_age_00_14","Population 0-14",1.46867233806417,0.020929018035531
2,21062,"P_age_00_14","Population 0-14",0.297799884203391,0.00105216959491372
2,21063,"P_age_00_14","Population 0-14",0.539657526323659,0.00987162627279758
2,21065,"P_age_00_14","Population 0-14",0.952343780173008,0.0162338726222515
2,21067,"P_age_00_14","Population 0-14",0.578904013026047,0.00995784532278776
2,21069,"P_age_00_14","Population 0-14",0.553305793648535,0.0060638184659183
2,21070,"P_age_00_14","Population 0-14",-0.451017255920703,-0.00444406317546964
2,21071,"P_age_00_14","Population 0-14",0.292718537358292,0.00315059279091656
2,21072,"P_age_00_14","Population 0-14",0.412729143859512,0.00778326625004411
2,21073,"P_age_00_14","Population 0-14",0.301059925277486,0.00125096563715488
2,21074,"P_age_00_14","Population 0-14",0.11167200230335,0.0016777814598754
2,21076,"P_age_00_14","Population 0-14",-0.0137139169183079,-0.00526521587744355
2,21077,"P_age_00_14","Population 0-14",0.167223976302212,0.000608994625508785
2,21078,"P_age_00_14","Population 0-14",1.32260155380184,0.0232247915118933
2,21079,"P_age_00_14","Population 0-14",0.30022982687498,0.0018481727456674
2,21081,"P_age_00_14","Population 0-14",0.362898951936735,0.00031709746690467
2,21083,"P_age_00_14","Population 0-14",0.523284832482338,0.00896715745329857
2,21085,"P_age_00_14","Population 0-14",0.0858711318958544,0.000987783540040255
2,21087,"P_age_00_14","Population 0-14",0.448718363350878,0.00818061735481024
2,21089,"P_age_00_14","Population 0-14",0.645066426742129,0.00768595281988382
2,21092,"P_age_00_14","Population 0-14",0.670726893333542,0.00685257697477937
2,21093,"P_age_00_14","Population 0-14",0.496665515714676,0.00693339109420776
2,21094,"P_age_00_14","Population 0-14",0.779012959937514,0.00517905363813043
2,21096,"P_age_00_14","Population 0-14",0.365571872291371,0.00291695236228406
2,21098,"P_age_00_14","Population 0-14",0.197834420855841,0.00147365941666067
2,21099,"P_age_00_14","Population 0-14",0.848458421207077,0.0132860206067562
2,21101,"P_age_00_14","Population 0-14",-0.402569156608163,-0.00560794631019235
2,21103,"P_age_00_14","Population 0-14",0.675950513682938,0.01015196274966
2,21104,"P_age_00_14","Population 0-14",1.08184600996266,0.0225135292857885
2,21106,"P_age_00_14","Population 0-14",0.401582103625122,0.000523423252161592
2,21107,"P_age_00_14","Population 0-14",1.05039583459094,0.0149971824139357
2,21108,"P_age_00_14","Population 0-14",0.719165921364143,0.0119738569483161
2,21109,"P_age_00_14","Population 0-14",0.976823678373287,0.0108498679473996
2,21110,"P_age_00_14","Population 0-14",1.16369673439299,0.0204400755465031
2,21114,"P_age_00_14","Population 0-14",-1.25814166118229,-0.0171175003051758
2,21115,"P_age_00_14","Population 0-14",1.28922351178995,0.0227955467998981
2,21116,"P_age_00_14","Population 0-14",1.78815151758437,0.020048625767231
2,21119,"P_age_00_14","Population 0-14",-1.5601009238936,-0.0178511813282967
2,21121,"P_age_00_14","Population 0-14",-0.00441336985858998,-0.00496120890602469
2,21123,"P_age_00_14","Population 0-14",0.562697376122684,0.00901850126683712
2,21126,"P_age_00_14","Population 0-14",0.787389140414405,0.000899952021427453
2,21128,"P_age_00_14","Population 0-14",0.944088974947834,0.0123512120917439
2,21130,"P_age_00_14","Population 0-14",-0.346243967710037,-0.00521456822752953
2,21132,"P_age_00_14","Population 0-14",-0.280306400472106,-0.00677665835246444
2,21134,"P_age_00_14","Population 0-14",-0.0891548321844848,-0.00812790263444185
2,21137,"P_age_00_14","Population 0-14",0.900595451712873,0.0130448592826724
2,21138,"P_age_00_14","Population 0-14",0.575190298808833,0.0071741659194231
2,21142,"P_age_00_14","Population 0-14",0.215938102941311,0.00163111987058073
2,21143,"P_age_00_14","Population 0-14",0.107986749148024,0.00288178166374564
2,21144,"P_age_00_14","Population 0-14",0.829696072726697,0.0193796660751104
2,21149,"P_age_00_14","Population 0-14",0.451319724399286,0.0128650004044175
2,21150,"P_age_00_14","Population 0-14",0.432901559847648,0.00732613541185856
2,21152,"P_age_00_14","Population 0-14",0.199367172169882,0.00113118090666831
2,21153,"P_age_00_14","Population 0-14",0.449631629937825,0.0117765758186579
2,21154,"P_age_00_14","Population 0-14",0.550119542784465,0.012404028326273
2,21158,"P_age_00_14","Population 0-14",-0.952170081642537,-0.0143450824543834
2,21159,"P_age_00_14","Population 0-14",-1.52742498729038,-0.0308639891445637
2,21160,"P_age_00_14","Population 0-14",0.191023185315918,0.00139927316922694
2,21161,"P_age_00_14","Population 0-14",0.386708929264087,0.00108260929118842
2,21162,"P_age_00_14","Population 0-14",0.410695232047893,0.00669428938999772
2,21164,"P_age_00_14","Population 0-14",0.773195676095812,0.0064478269778192
2,21166,"P_age_00_14","Population 0-14",0.0956584203631272,4.8976933612721e-05
2,21167,"P_age_00_14","Population 0-14",1.24241179858721,0.0149853304028511
2,21170,"P_age_00_14","Population 0-14",0.727972043801803,0.0099916085600853
2,21172,"P_age_00_14","Population 0-14",0.167980995566881,0.0016514693852514
2,21174,"P_age_00_14","Population 0-14",-0.443362150350147,-0.00490907439962029
2,21175,"P_age_00_14","Population 0-14",0.281571581180358,0.00430340645834804
2,21176,"P_age_00_14","Population 0-14",0.13438909575471,0.001559819560498
2,21177,"P_age_00_14","Population 0-14",1.72586749149962,0.0179233569651842
2,21179,"P_age_00_14","Population 0-14",0.544587162623347,0.0108482176437974
2,21180,"P_age_00_14","Population 0-14",0.458214241713455,0.0123142879456282
2,21182,"P_age_00_14","Population 0-14",0.895736023000717,0.0151422973722219
2,21183,"P_age_00_14","Population 0-14",1.30293761122302,0.0198487285524607
2,21184,"P_age_00_14","Population 0-14",1.02202487440874,0.0146563230082393
2,21185,"P_age_00_14","Population 0-14",0.767108577843404,0.00180256529711187
2,21186,"P_age_00_14","Population 0-14",0.287360338078084,0.00432180287316442
2,21188,"P_age_00_14","Population 0-14",0.710927579845507,0.010770027525723
2,21192,"P_age_00_14","Population 0-14",-0.746844418370107,-0.00587990554049611
2,21193,"P_age_00_14","Population 0-14",0.284211349214102,-0.000823064183350652
2,21195,"P_age_00_14","Population 0-14",1.64299051724552,0.0183473862707615
2,21197,"P_age_00_14","Population 0-14",0.363951109323544,0.00596370501443744
2,21198,"P_age_00_14","Population 0-14",0.056854940721038,8.23693408165127e-05
2,21199,"P_age_00_14","Population 0-14",1.09136598981036,0.0194277614355087
2,21201,"P_age_00_14","Population 0-14",0.513097680635028,0.0082238856703043
2,21202,"P_age_00_14","Population 0-14",0.6835494104737,0.00908360816538334
2,21203,"P_age_00_14","Population 0-14",0.776729466331504,0.00350460154004395
2,21204,"P_age_00_14","Population 0-14",0.0634289257759515,0.00436222460120916
2,21205,"P_age_00_14","Population 0-14",1.16315212125087,0.0202851295471191
2,21206,"P_age_00_14","Population 0-14",0.766246108617874,5.56562627025414e-05
2,21207,"P_age_00_14","Population 0-14",0.446865002536511,0.0109356632456183
2,21208,"P_age_00_14","Population 0-14",0.41369993459621,0.00988852605223656
2,21212,"P_age_00_14","Population 0-14",0.82415625243326,0.0142092453315854
2,21213,"P_age_00_14","Population 0-14",0.698003656541594,0.00873605068773031
2,21216,"P_age_00_14","Population 0-14",-0.178115267545386,-0.00393984094262123
2,22001,"P_age_00_14","Population 0-14",0.89477818604554,0.0147922411561012
2,22016,"P_age_00_14","Population 0-14",-0.49578467520352,-0.00632290868088603
2,23001,"P_age_00_14","Population 0-14",-0.688792562184067,-0.00348162720911205
2,23002,"P_age_00_14","Population 0-14",0.653991027891444,0.0116322515532374
2,23003,"P_age_00_14","Population 0-14",-0.262726783132774,-0.0113822687417269
2,23004,"P_age_00_14","Population 0-14",-0.865193494521988,-0.0150676015764475
2,23005,"P_age_00_14","Population 0-14",-0.889883947330979,-0.0154839120805264
2,23006,"P_age_00_14","Population 0-14",0.73849257037188,0.0109231071546674
2,23007,"P_age_00_14","Population 0-14",0.485246684606949,0.0107761304825544
2,23008,"P_age_00_14","Population 0-14",-0.489717627823737,-0.00733404932543635
2,23009,"P_age_00_14","Population 0-14",0.195597228726711,0.00181375292595476
2,23010,"P_age_00_14","Population 0-14",0.564000171689084,0.0111999306827784
2,23011,"P_age_00_14","Population 0-14",-0.695938769519435,-0.00556542072445154
2,24001,"P_age_00_14","Population 0-14",0.44571318599717,0.00506292469799519
2,24025,"P_age_00_14","Population 0-14",0.853093898528756,0.0116495089605451
2,24033,"P_age_00_14","Population 0-14",0.0891692778064003,0.000956781965214759
2,24044,"P_age_00_14","Population 0-14",0.498713278667286,0.0073223328217864
2,24046,"P_age_00_14","Population 0-14",0.651068800629748,0.0102096581831574
2,24049,"P_age_00_14","Population 0-14",0.986290664032712,0.0151557819917798
2,25001,"P_age_00_14","Population 0-14",-0.845931639411612,-0.00491080991923809
2,25002,"P_age_00_14","Population 0-14",-1.20212037045218,-0.0108349705114961
2,25003,"P_age_00_14","Population 0-14",0.601060515793128,0.00679408572614193
2,25004,"P_age_00_14","Population 0-14",-0.280807295169537,-0.00417497148737311
2,25006,"P_age_00_14","Population 0-14",-0.639739090541979,-0.00633182190358639
2,25007,"P_age_00_14","Population 0-14",0.182096934842615,0.00115300668403506
2,25009,"P_age_00_14","Population 0-14",-0.059608558275589,-0.00280482834205031
2,25010,"P_age_00_14","Population 0-14",-0.57448728768317,-0.00399779481813312
2,25011,"P_age_00_14","Population 0-14",-0.764518360684664,-0.00465106498450041
2,25012,"P_age_00_14","Population 0-14",-1.02064407745195,-0.0103101562708616
2,25013,"P_age_00_14","Population 0-14",-0.786671678393574,-0.00596284680068493
2,25014,"P_age_00_14","Population 0-14",-0.203963134599377,-0.00435032555833459
2,25015,"P_age_00_14","Population 0-14",-0.681958713185489,-0.00451422017067671
2,25016,"P_age_00_14","Population 0-14",-0.468705651402224,-0.00581861566752195
2,25017,"P_age_00_14","Population 0-14",-0.0999138996197709,-0.00516796018928289
2,25018,"P_age_00_14","Population 0-14",-0.282175098182132,-0.00652177492156625
2,26001,"P_age_00_14","Population 0-14",-1.04448101645575,-0.0129608558490872
2,26002,"P_age_00_14","Population 0-14",-0.0124760288390754,-0.00511092087253928
2,26003,"P_age_00_14","Population 0-14",-0.498674656590979,-0.00489045726135373
2,26004,"P_age_00_14","Population 0-14",0.324089236214275,0.00183352176100016
2,26006,"P_age_00_14","Population 0-14",-1.24580537202376,-0.00956520531326532
2,26007,"P_age_00_14","Population 0-14",-1.51119068218198,-0.0246215425431728
2,26008,"P_age_00_14","Population 0-14",-1.71703553038246,-0.0084953373298049
2,26010,"P_age_00_14","Population 0-14",-0.534611940551068,-0.00142749049700797
2,26011,"P_age_00_14","Population 0-14",-1.45984245564047,-0.00959123484790325
2,26013,"P_age_00_14","Population 0-14",-0.626235164055875,-0.000561109278351068
2,26014,"P_age_00_14","Population 0-14",-1.2318628162285,-0.00669674435630441
2,26015,"P_age_00_14","Population 0-14",0.0118068592010049,-0.00262487935833633
2,26016,"P_age_00_14","Population 0-14",-0.380824980294676,-0.00656380737200379
2,26017,"P_age_00_14","Population 0-14",-0.222959391752663,-0.0050243716686964
2,26019,"P_age_00_14","Population 0-14",-0.014745160149965,-0.00182736141141504
2,26020,"P_age_00_14","Population 0-14",-0.0368912649061697,-0.00380870094522834
2,26021,"P_age_00_14","Population 0-14",-1.53236024174189,-0.0225561261177063
2,26022,"P_age_00_14","Population 0-14",-1.23730753913603,-0.012356948107481
2,26023,"P_age_00_14","Population 0-14",-1.17526070446959,-0.009529959410429
2,26024,"P_age_00_14","Population 0-14",-0.834680487304278,-0.0053267078474164
2,26025,"P_age_00_14","Population 0-14",-0.533652842749039,-0.00516901724040508
2,26026,"P_age_00_14","Population 0-14",-0.533994359589127,-0.00327661307528615
2,26027,"P_age_00_14","Population 0-14",0.494084753041758,0.0126887038350105
2,26028,"P_age_00_14","Population 0-14",-1.28938237695103,-0.00497122434899211
2,26029,"P_age_00_14","Population 0-14",-0.678899176294036,-0.00354932411573827
2,26030,"P_age_00_14","Population 0-14",-0.897056584742496,-0.00904645584523678
2,26031,"P_age_00_14","Population 0-14",-1.28494006136691,-0.00974372588098049
2,26032,"P_age_00_14","Population 0-14",-1.71144326794721,-0.0131051121279597
2,26033,"P_age_00_14","Population 0-14",-0.90732531906055,-0.0132632274180651
2,26034,"P_age_00_14","Population 0-14",-1.35067276257363,-0.00955749582499266
2,26035,"P_age_00_14","Population 0-14",0.0334805484960368,-0.00260893977247179
2,26036,"P_age_00_14","Population 0-14",-0.330893239084988,-0.00562277249991894
2,26038,"P_age_00_14","Population 0-14",-1.20846161908099,-0.0116104204207659
2,26039,"P_age_00_14","Population 0-14",0.484783756166406,0.0106038097292185
2,26040,"P_age_00_14","Population 0-14",-0.864003064263864,-0.00347751565277576
2,26041,"P_age_00_14","Population 0-14",0.0667956685705749,0.00482210470363498
2,26042,"P_age_00_14","Population 0-14",-0.83257465951444,-0.0043313386850059
2,26043,"P_age_00_14","Population 0-14",-0.230100985070093,-0.0038784509524703
2,26045,"P_age_00_14","Population 0-14",-1.02839671577386,-0.0103392861783504
2,26046,"P_age_00_14","Population 0-14",-1.77663939362652,-0.00811232719570398
2,26047,"P_age_00_14","Population 0-14",-0.656756583734646,-0.00466419290751219
2,26048,"P_age_00_14","Population 0-14",-0.0386122027242499,-0.00425586244091392
2,26050,"P_age_00_14","Population 0-14",-1.54248411043627,-0.0127130355685949
2,26053,"P_age_00_14","Population 0-14",-0.416471222181042,0.00188135472126305
2,26055,"P_age_00_14","Population 0-14",-0.486612227912058,-0.00625826325267553
2,26056,"P_age_00_14","Population 0-14",0.800186654166381,0.0151854790747166
2,26058,"P_age_00_14","Population 0-14",-0.476065475727482,-0.00453364429995418
2,26059,"P_age_00_14","Population 0-14",0.184898911391677,0.00153604545630515
2,26060,"P_age_00_14","Population 0-14",-0.377890880626417,-0.00508317863568664
2,26063,"P_age_00_14","Population 0-14",-2.06109603925645,-0.0100686941295862
2,26064,"P_age_00_14","Population 0-14",-0.639242223739082,-0.00487335165962577
2,26065,"P_age_00_14","Population 0-14",-1.19112813494952,-0.0095007661730051
2,26066,"P_age_00_14","Population 0-14",-1.81629046222951,-0.0124876722693443
2,26067,"P_age_00_14","Population 0-14",-0.939504650117428,-0.00803449470549822
2,26070,"P_age_00_14","Population 0-14",0.676654602369626,0.0105041330680251
2,26071,"P_age_00_14","Population 0-14",-0.342805672424574,-0.00511167943477631
2,26072,"P_age_00_14","Population 0-14",-0.297408854296359,-0.00464027654379606
2,27001,"P_age_00_14","Population 0-14",0.278097200685202,0.00273608276620507
2,27002,"P_age_00_14","Population 0-14",0.504377050429248,0.0121420817449689
2,27003,"P_age_00_14","Population 0-14",0.561275336249336,0.012139274738729
2,27004,"P_age_00_14","Population 0-14",-0.850103802087406,-0.00321587570942938
2,27005,"P_age_00_14","Population 0-14",0.146163353910215,0.0037109199911356
2,27006,"P_age_00_14","Population 0-14",0.364617806517766,0.00500877946615219
2,27007,"P_age_00_14","Population 0-14",-0.276007394331317,-0.00512024946510792
2,27008,"P_age_00_14","Population 0-14",0.76812474997955,0.00505327293649316
2,27009,"P_age_00_14","Population 0-14",-0.571782584900707,-0.00671042688190937
2,27010,"P_age_00_14","Population 0-14",0.131001972677025,0.00419030711054802
2,27011,"P_age_00_14","Population 0-14",0.11166392379632,0.00316930422559381
2,27012,"P_age_00_14","Population 0-14",0.099955752190172,0.00475060101598501
2,27013,"P_age_00_14","Population 0-14",-0.178872248189521,-0.00330510200001299
2,27014,"P_age_00_14","Population 0-14",-0.213471317009783,-0.00596408592537045
2,27015,"P_age_00_14","Population 0-14",0.208707516554167,0.006200036033988
2,27016,"P_age_00_14","Population 0-14",-0.169951266011439,-0.00740164844319224
2,27017,"P_age_00_14","Population 0-14",0.030772685645159,-0.00294793793000281
2,28001,"P_age_00_14","Population 0-14",-0.332508640613954,-0.00493355980142951
2,28002,"P_age_00_14","Population 0-14",-0.236408306695533,-0.00492093106731772
2,28003,"P_age_00_14","Population 0-14",-0.325879017000075,-0.00567735685035586
2,28005,"P_age_00_14","Population 0-14",-0.841996129738446,-0.00473358249291778
2,28007,"P_age_00_14","Population 0-14",-0.951687906545199,-0.0103329075500369
2,28010,"P_age_00_14","Population 0-14",-0.840692809387141,-0.0055982805788517
2,28014,"P_age_00_14","Population 0-14",-2.18523530126582,-0.0181034002453089
2,28015,"P_age_00_14","Population 0-14",-0.435573526777571,-0.00486419349908829
2,28016,"P_age_00_14","Population 0-14",-0.882239101191737,-0.00814513769000769
2,28018,"P_age_00_14","Population 0-14",-0.638341647405305,-0.00574780022725463
2,28020,"P_age_00_14","Population 0-14",-1.15150900098471,-0.00988966226577759
2,28022,"P_age_00_14","Population 0-14",-0.495797088297563,-0.00588486157357693
2,28023,"P_age_00_14","Population 0-14",-0.607010259709516,-0.00432424573227763
2,28024,"P_age_00_14","Population 0-14",-2.32298205867497,-0.0185847859829664
2,28025,"P_age_00_14","Population 0-14",-1.93156467595326,-0.0196739267557859
2,28027,"P_age_00_14","Population 0-14",-0.223379047020565,-0.00518747232854366
2,28030,"P_age_00_14","Population 0-14",-0.227943105887376,-0.00434842519462109
2,28032,"P_age_00_14","Population 0-14",-0.344694209730183,-0.00618868786841631
2,28033,"P_age_00_14","Population 0-14",-0.190412772600422,-0.00550098856911063
2,28034,"P_age_00_14","Population 0-14",-1.08161312432767,-0.00562621839344501
2,28035,"P_age_00_14","Population 0-14",-0.0242601011538513,-0.00266044260933995
2,28036,"P_age_00_14","Population 0-14",-0.0560212899590489,-0.00139764591585845
2,28037,"P_age_00_14","Population 0-14",-0.445884868632001,-0.00658064242452383
2,28038,"P_age_00_14","Population 0-14",-1.76930699669591,-0.0129229556769133
2,28040,"P_age_00_14","Population 0-14",-0.448144930932749,-0.00452064443379641
2,28042,"P_age_00_14","Population 0-14",-0.713966980265744,-0.00502792233601213
2,29003,"P_age_00_14","Population 0-14",0.206801686336434,0.0031437654979527
2,29004,"P_age_00_14","Population 0-14",0.255697175004003,0.00155842385720462
2,29006,"P_age_00_14","Population 0-14",0.0517424907151541,0.00429874565452337
2,29007,"P_age_00_14","Population 0-14",0.580791150905241,0.0129453772678971
2,29008,"P_age_00_14","Population 0-14",0.35625064052791,0.00278302212245762
2,29010,"P_age_00_14","Population 0-14",-0.599503420641442,-0.00447887042537332
2,29012,"P_age_00_14","Population 0-14",0.363019075428786,0.000769968028180301
2,29013,"P_age_00_14","Population 0-14",0.226136334338336,0.00523239420726895
2,29014,"P_age_00_14","Population 0-14",0.0172105852756128,-0.00258058216422796
2,29015,"P_age_00_14","Population 0-14",-0.528922388446647,-0.00460389908403158
2,29020,"P_age_00_14","Population 0-14",0.119942710101418,0.00382836814969778
2,29021,"P_age_00_14","Population 0-14",-0.0770947934350909,-0.00469019822776318
2,29023,"P_age_00_14","Population 0-14",-0.193672588766701,-0.00771227618679404
2,29025,"P_age_00_14","Population 0-14",0.38017174276285,0.00240112165920436
2,29026,"P_age_00_14","Population 0-14",-0.303971748442578,-0.00383521802723408
2,29030,"P_age_00_14","Population 0-14",0.72713307857901,0.0114284427836537
2,29031,"P_age_00_14","Population 0-14",-0.193249475825092,-0.00675031682476401
2,29033,"P_age_00_14","Population 0-14",-1.31480810339216,-0.00965086556971073
2,29034,"P_age_00_14","Population 0-14",0.41783774317096,0.01106848847121
2,29037,"P_age_00_14","Population 0-14",0.517502936408917,0.00760580692440271
2,29039,"P_age_00_14","Population 0-14",0.176859735967764,0.00382861727848649
2,29040,"P_age_00_14","Population 0-14",-0.519138021509195,-0.00774613628163934
2,29045,"P_age_00_14","Population 0-14",0.424458186456686,0.0115398894995451
2,29046,"P_age_00_14","Population 0-14",0.693054723605598,0.0164764877408743
2,29050,"P_age_00_14","Population 0-14",-0.0873910392042513,-0.00662468792870641
2,29052,"P_age_00_14","Population 0-14",0.0601796689180747,0.00110865582246333
2,30003,"P_age_00_14","Population 0-14",-0.69338962116143,-0.0038166765589267
2,30004,"P_age_00_14","Population 0-14",-1.69979628035438,-0.0158356837928295
2,30005,"P_age_00_14","Population 0-14",-1.04095945075502,-0.0110654942691326
2,30006,"P_age_00_14","Population 0-14",0.552086466143666,0.0129272229969501
2,30007,"P_age_00_14","Population 0-14",-0.799476075687817,-0.00177778396755457
2,30008,"P_age_00_14","Population 0-14",1.21289156173374,0.0184051562100649
2,30009,"P_age_00_14","Population 0-14",-1.36114312788521,-0.0114568397402763
2,30010,"P_age_00_14","Population 0-14",0.913273053249839,0.013909806497395
2,30011,"P_age_00_14","Population 0-14",-1.68924967129296,-0.0152345327660441
2,30014,"P_age_00_14","Population 0-14",-0.891345986718748,-0.0111862840130925
2,30015,"P_age_00_14","Population 0-14",-1.36730432076832,-0.0130792148411274
2,30016,"P_age_00_14","Population 0-14",-1.28064033052315,-0.0101339370012283
2,30017,"P_age_00_14","Population 0-14",-1.21897716587395,-0.0115021262317896
2,30020,"P_age_00_14","Population 0-14",0.952202142771627,0.0195238646119833
2,30021,"P_age_00_14","Population 0-14",-0.80195791981374,-0.00672669103369117
2,30022,"P_age_00_14","Population 0-14",0.245922922102911,0.00259351497516036
2,30023,"P_age_00_14","Population 0-14",0.123883490341601,0.00180525705218315
2,30024,"P_age_00_14","Population 0-14",0.148403697020574,0.00253670336678624
2,30025,"P_age_00_14","Population 0-14",2.00157498906697,0.0188959203660488
2,30028,"P_age_00_14","Population 0-14",-2.27015298908914,-0.0179291218519211
2,30031,"P_age_00_14","Population 0-14",0.0528935166694425,0.00205723498947918
2,30032,"P_age_00_14","Population 0-14",-0.29089670980384,-0.00556915579363704
2,30037,"P_age_00_14","Population 0-14",0.714613587237147,0.00901198945939541
2,30038,"P_age_00_14","Population 0-14",-1.32635007493719,-0.0098499646410346
2,30039,"P_age_00_14","Population 0-14",-1.27656200211462,-0.0107134385034442
2,30042,"P_age_00_14","Population 0-14",-0.438426255252126,-0.00651649618521333
2,30043,"P_age_00_14","Population 0-14",-0.0965811269926461,-0.00589735107496381
2,30044,"P_age_00_14","Population 0-14",-1.03834634452063,-0.00937939062714577
2,30046,"P_age_00_14","Population 0-14",-0.347947449046672,-0.00708135683089495
2,30047,"P_age_00_14","Population 0-14",1.21628475050708,0.0221932511776686
2,30048,"P_age_00_14","Population 0-14",-0.932231383496432,-0.015198259614408
2,30049,"P_age_00_14","Population 0-14",-0.90774509246185,-0.0107674598693848
2,30050,"P_age_00_14","Population 0-14",0.298903291039046,0.00172745180316269
2,30052,"P_age_00_14","Population 0-14",-0.281314946188651,-0.00557005684822798
2,30053,"P_age_00_14","Population 0-14",-0.27083600711849,-0.00603333674371243
2,30057,"P_age_00_14","Population 0-14",0.696924610175818,0.0116708958521485
2,30059,"P_age_00_14","Population 0-14",-0.641474556496296,-0.00698895659297705
2,30061,"P_age_00_14","Population 0-14",0.705966949431248,0.010552279651165
2,30065,"P_age_00_14","Population 0-14",-1.10903112282919,-0.0120904808863997
2,30066,"P_age_00_14","Population 0-14",-0.124981693221989,-0.00423658965155482
2,30067,"P_age_00_14","Population 0-14",2.36161014129556,0.0226597655564547
2,30068,"P_age_00_14","Population 0-14",-1.09363083951521,-0.00913533940911293
2,30070,"P_age_00_14","Population 0-14",0.179922101245396,0.000525893177837133
2,30071,"P_age_00_14","Population 0-14",-0.197515079747416,-0.00704538589343429
2,30073,"P_age_00_14","Population 0-14",-0.332396570639176,-0.00446594413369894
2,30075,"P_age_00_14","Population 0-14",-1.00679974049048,-0.0104621509090066
2,30077,"P_age_00_14","Population 0-14",-0.52275415753913,-0.00656121782958508
2,30079,"P_age_00_14","Population 0-14",0.230426689479471,0.00295674777589738
2,30080,"P_age_00_14","Population 0-14",0.255882071947248,0.00236521777696908
2,30082,"P_age_00_14","Population 0-14",-0.536254342377011,-0.0107746236026287
2,30084,"P_age_00_14","Population 0-14",-1.41110811455943,-0.0120527110993862
2,30087,"P_age_00_14","Population 0-14",-1.59111519383971,-0.0139413634315133
2,30089,"P_age_00_14","Population 0-14",-1.16010240152015,-0.00954945478588343
2,30090,"P_age_00_14","Population 0-14",-0.97556747125974,-0.012317294254899
2,30091,"P_age_00_14","Population 0-14",0.13347216476061,0.00201652944087982
2,30092,"P_age_00_14","Population 0-14",-0.40516071485628,-0.0102215623483062
2,30093,"P_age_00_14","Population 0-14",-0.908021535973655,-0.0127205708995461
2,30094,"P_age_00_14","Population 0-14",-0.431494437317335,-0.00687132030725479
2,30095,"P_age_00_14","Population 0-14",-0.624624892242566,-0.0054682963527739
2,30097,"P_age_00_14","Population 0-14",-1.90058810419209,-0.015556481666863
2,30099,"P_age_00_14","Population 0-14",0.538839275337959,0.00945541635155678
2,30100,"P_age_00_14","Population 0-14",-1.26442988608948,-0.0124198812991381
2,30101,"P_age_00_14","Population 0-14",0.348612930100304,0.00207205326296389
2,30102,"P_age_00_14","Population 0-14",-0.615055589429139,-0.0050866799429059
2,30104,"P_age_00_14","Population 0-14",0.113332660282976,0.0028407983481884
2,30105,"P_age_00_14","Population 0-14",-1.21492216199626,-0.0127283232286572
2,30107,"P_age_00_14","Population 0-14",1.27641291930767,0.0190286003053188
2,30108,"P_age_00_14","Population 0-14",-1.17011631982553,-0.017472056671977
2,30109,"P_age_00_14","Population 0-14",-0.811797380079087,-0.00509950751438737
2,30110,"P_age_00_14","Population 0-14",1.47101669536024,0.0242470763623714
2,30111,"P_age_00_14","Population 0-14",-0.324411082301354,-0.00615693349391222
2,30112,"P_age_00_14","Population 0-14",-0.838227949209068,-0.00571146188303828
2,30114,"P_age_00_14","Population 0-14",-1.40097880945692,-0.0123862847685814
2,30115,"P_age_00_14","Population 0-14",-0.654158407744408,-0.00401340052485466
2,30116,"P_age_00_14","Population 0-14",-0.495373711827603,-0.0062324502505362
2,30117,"P_age_00_14","Population 0-14",-0.392982126969551,-0.00559321232140064
2,30118,"P_age_00_14","Population 0-14",-1.76509927359533,-0.0135366776958108
2,30122,"P_age_00_14","Population 0-14",-0.169376985483693,-0.00786665361374617
2,30125,"P_age_00_14","Population 0-14",-0.445812402879118,-0.00715983100235462
2,30126,"P_age_00_14","Population 0-14",-1.34339503868863,-0.0133403027430177
2,30127,"P_age_00_14","Population 0-14",2.53233361657164,0.0237072333693504
2,30128,"P_age_00_14","Population 0-14",0.428651947098266,0.0122207393869758
2,30130,"P_age_00_14","Population 0-14",-0.0612156881948536,-0.00453724106773734
2,30132,"P_age_00_14","Population 0-14",0.685532020585163,0.0123422220349312
2,30133,"P_age_00_14","Population 0-14",-0.497795121632936,-0.00648581655696034
2,30134,"P_age_00_14","Population 0-14",-1.16472758533357,-0.0118634141981602
2,30136,"P_age_00_14","Population 0-14",-0.0541134196683935,-0.0113686863332987
2,30138,"P_age_00_14","Population 0-14",-1.43856504710299,-0.00930121168494225
2,30139,"P_age_00_14","Population 0-14",-1.38124092672953,-0.0122198248282075
2,30140,"P_age_00_14","Population 0-14",0.331203642947446,5.91516800341196e-06
2,30141,"P_age_00_14","Population 0-14",-0.433031102936105,-0.00694735441356897
2,30142,"P_age_00_14","Population 0-14",-0.468406335447004,-0.00641016475856304
2,30143,"P_age_00_14","Population 0-14",-0.869250568005951,-0.00965001154690981
2,30144,"P_age_00_14","Population 0-14",0.0305513536356171,-0.00255893962457776
2,30145,"P_age_00_14","Population 0-14",-0.6635985430454,-0.0074818329885602
2,30147,"P_age_00_14","Population 0-14",1.40936833373461,0.0235144197940826
2,30148,"P_age_00_14","Population 0-14",-0.958488764520411,-0.0112842349335551
2,30149,"P_age_00_14","Population 0-14",1.09632352376649,0.0188203137367964
2,30156,"P_age_00_14","Population 0-14",1.07171881990234,0.0201104804873466
2,30159,"P_age_00_14","Population 0-14",2.09612861602774,0.0244967974722385
2,30162,"P_age_00_14","Population 0-14",-0.501220351818868,-0.00723149301484227
2,30163,"P_age_00_14","Population 0-14",0.378833327704964,0.00109430856537074
2,30164,"P_age_00_14","Population 0-14",-0.882195866639629,-0.0101805767044425
2,30165,"P_age_00_14","Population 0-14",0.0473971512923373,-0.00511443242430687
2,30166,"P_age_00_14","Population 0-14",-1.0343983195226,-0.0107217906042933
2,30168,"P_age_00_14","Population 0-14",0.935308741898846,0.0221092663705349
2,30172,"P_age_00_14","Population 0-14",-0.318122741532563,-0.00505212089046836
2,30173,"P_age_00_14","Population 0-14",0.0893619465641988,0.00185921438969672
2,30174,"P_age_00_14","Population 0-14",-0.941533866126452,-0.0094032995402813
2,30177,"P_age_00_14","Population 0-14",1.22961697237005,0.020659426227212
2,30178,"P_age_00_14","Population 0-14",-1.91119842123232,-0.0157626196742058
2,30179,"P_age_00_14","Population 0-14",-0.283508728837372,-0.00492618186399341
2,30181,"P_age_00_14","Population 0-14",-1.13622098756356,-0.0130287576466799
2,30182,"P_age_00_14","Population 0-14",-0.224802581735765,-0.00906313583254814
2,30183,"P_age_00_14","Population 0-14",-0.33259998953625,-0.00729606160894036
2,30184,"P_age_00_14","Population 0-14",1.03437609835501,0.023161169141531
2,30186,"P_age_00_14","Population 0-14",-0.772806338676895,-0.00721978629007936
2,30187,"P_age_00_14","Population 0-14",1.09899739600371,0.0230124201625586
2,30188,"P_age_00_14","Population 0-14",-0.560043639544212,-0.00749610457569361
2,30191,"P_age_00_14","Population 0-14",-1.66489867026138,-0.0133380079641938
2,30192,"P_age_00_14","Population 0-14",-1.09064709201437,-0.0131313437595963
2,30193,"P_age_00_14","Population 0-14",-1.75687871342499,-0.0166734457015991
2,30194,"P_age_00_14","Population 0-14",1.48742639903228,0.0173426941037178
2,30195,"P_age_00_14","Population 0-14",0.838907185988255,0.0186916831880808
2,30196,"P_age_00_14","Population 0-14",-0.998843899092121,-0.0106131955981255
2,30197,"P_age_00_14","Population 0-14",-0.515323441815705,-0.00619056122377515
2,30200,"P_age_00_14","Population 0-14",-1.04127535990916,-0.0109404744580388
2,30201,"P_age_00_14","Population 0-14",0.283170362248853,0.00336604309268296
2,30204,"P_age_00_14","Population 0-14",-1.01077439548272,-0.010431538335979
2,30209,"P_age_00_14","Population 0-14",0.18588315116145,0.00393389537930489
2,30210,"P_age_00_14","Population 0-14",1.11518185108968,0.0162528920918703
2,30211,"P_age_00_14","Population 0-14",-1.27571561720568,-0.0131223211064935
2,31001,"P_age_00_14","Population 0-14",-0.466119029767092,-0.00538881123065948
2,31002,"P_age_00_14","Population 0-14",-0.8628103099583,-0.0201667621731758
2,31003,"P_age_00_14","Population 0-14",0.410501629581886,0.012133183889091
2,31005,"P_age_00_14","Population 0-14",-1.29604242445865,-0.0191863160580397
2,31006,"P_age_00_14","Population 0-14",-0.480981724332591,-0.00494926888495684
2,31007,"P_age_00_14","Population 0-14",-0.856665251371287,-0.0154879540205002
2,31008,"P_age_00_14","Population 0-14",-0.487955486439289,-0.00454331422224641
2,31009,"P_age_00_14","Population 0-14",-1.43057725970748,-0.0204992052167654
2,31010,"P_age_00_14","Population 0-14",1.13971454583197,0.0228203292936087
2,31011,"P_age_00_14","Population 0-14",0.0755738092953291,0.00289754290133715
2,31012,"P_age_00_14","Population 0-14",-0.391192128820983,-0.00437169941142201
2,31013,"P_age_00_14","Population 0-14",-1.08252098631163,-0.0203284900635481
2,31014,"P_age_00_14","Population 0-14",-0.247792515630271,-0.00463731680065393
2,31015,"P_age_00_14","Population 0-14",-0.630724128701683,-0.00841950625181198
2,31016,"P_age_00_14","Population 0-14",0.387639277486118,0.00212005316279829
2,31017,"P_age_00_14","Population 0-14",0.250510066961973,0.00126808462664485
2,31018,"P_age_00_14","Population 0-14",-0.513631376254612,-0.00552530633285642
2,31019,"P_age_00_14","Population 0-14",1.39140881528781,0.0198644530028105
2,31020,"P_age_00_14","Population 0-14",-1.00128937630563,-0.0204517431557178
2,31021,"P_age_00_14","Population 0-14",1.12301986351007,0.022765951231122
2,31022,"P_age_00_14","Population 0-14",0.86305776689365,0.0157351028174162
2,31023,"P_age_00_14","Population 0-14",-0.977024512696028,-0.0198624301701784
2,31024,"P_age_00_14","Population 0-14",-0.494738601686742,-0.00642849411815405
2,31025,"P_age_00_14","Population 0-14",0.436964946653049,0.0107749393209815
2,31026,"P_age_00_14","Population 0-14",-1.52974681745605,-0.0238696541637182
2,31027,"P_age_00_14","Population 0-14",-1.48052552141861,-0.0194142330437899
2,31028,"P_age_00_14","Population 0-14",-0.516138993907605,-0.00616609351709485
2,31029,"P_age_00_14","Population 0-14",-1.27439506073715,-0.0194929111748934
2,31030,"P_age_00_14","Population 0-14",0.0663373041684526,0.000859617895912379
2,31031,"P_age_00_14","Population 0-14",-0.936463871446602,-0.0132993636652827
2,31032,"P_age_00_14","Population 0-14",0.155201578942858,0.00252910424023867
2,31033,"P_age_00_14","Population 0-14",-0.334752802613604,-0.00639853114262223
2,31034,"P_age_00_14","Population 0-14",-0.406169217408698,-0.00479997182264924
2,31035,"P_age_00_14","Population 0-14",-0.85182389252553,-0.00463284831494093
2,31036,"P_age_00_14","Population 0-14",-0.578758137182753,-0.00902072247117758
2,31037,"P_age_00_14","Population 0-14",-0.821834716058957,-0.00474994955584407
2,31038,"P_age_00_14","Population 0-14",-0.224998849018629,-0.00820921082049608
2,31040,"P_age_00_14","Population 0-14",-0.445932776268743,-0.00578656839206815
2,31041,"P_age_00_14","Population 0-14",-0.123866788826131,-0.00695891305804253
2,31042,"P_age_00_14","Population 0-14",0.0882326662424447,0.000982606201432645
2,31044,"P_age_00_14","Population 0-14",-0.128704001643954,-0.00738484878093004
2,31045,"P_age_00_14","Population 0-14",-0.927354143902635,-0.0107162557542324
2,31046,"P_age_00_14","Population 0-14",-0.117082717152508,-0.00442465813830495
2,31047,"P_age_00_14","Population 0-14",-0.364994043947736,-0.00726188439875841
2,31048,"P_age_00_14","Population 0-14",-0.504971318948986,-0.00879104062914848
2,31049,"P_age_00_14","Population 0-14",1.44199278235039,0.0199565477669239
2,31050,"P_age_00_14","Population 0-14",-1.69710467674839,-0.0227274224162102
2,31052,"P_age_00_14","Population 0-14",-0.707893812667193,-0.00652586668729782
2,31053,"P_age_00_14","Population 0-14",-0.817268046898395,-0.00552197499200702
2,31054,"P_age_00_14","Population 0-14",-1.09618710995407,-0.0200029071420431
2,31055,"P_age_00_14","Population 0-14",-0.44459345022061,-0.00833562482148409
2,31056,"P_age_00_14","Population 0-14",0.468393487710241,0.0111024081707001
2,31057,"P_age_00_14","Population 0-14",-0.639896764552225,-0.00532477675005794
2,31058,"P_age_00_14","Population 0-14",0.660543739847417,0.0092313177883625
2,31059,"P_age_00_14","Population 0-14",-0.928749367494491,-0.0128474254161119
2,31060,"P_age_00_14","Population 0-14",-0.36419676391209,-0.00566556584089994
2,31061,"P_age_00_14","Population 0-14",-0.772320649110947,-0.00447259144857526
2,31062,"P_age_00_14","Population 0-14",-0.176012795198427,-0.00566154485568404
2,31063,"P_age_00_14","Population 0-14",-0.546260211708715,-0.00844239816069603
2,31065,"P_age_00_14","Population 0-14",-0.859295053035418,-0.0136818736791611
2,31066,"P_age_00_14","Population 0-14",-0.13895606097843,-0.00844392273575068
2,31067,"P_age_00_14","Population 0-14",-0.862041404656291,-0.015843341127038
2,31068,"P_age_00_14","Population 0-14",-1.45382289334335,-0.0193899925798178
2,31069,"P_age_00_14","Population 0-14",0.00516209179413895,-0.00315850181505084
2,31070,"P_age_00_14","Population 0-14",-0.701686486420113,-0.00516590196639299
2,31071,"P_age_00_14","Population 0-14",0.506991551546459,0.00732717011123896
2,31072,"P_age_00_14","Population 0-14",-1.45742889261896,-0.0155337927863002
2,31073,"P_age_00_14","Population 0-14",2.64962090519293,0.0236715823411942
2,31074,"P_age_00_14","Population 0-14",-1.49172795712978,-0.0192015003412962
2,31075,"P_age_00_14","Population 0-14",0.335774380894873,0.00149244477506727
2,31076,"P_age_00_14","Population 0-14",-0.591793923727996,-0.0058841216377914
2,31077,"P_age_00_14","Population 0-14",-0.676802778729924,-0.00591967767104506
2,31078,"P_age_00_14","Population 0-14",-0.972293074705913,-0.0136341163888574
2,31079,"P_age_00_14","Population 0-14",0.00556689178716184,-0.00755453389137983
2,31080,"P_age_00_14","Population 0-14",-0.41879532187104,-0.0084828520193696
2,31081,"P_age_00_14","Population 0-14",0.47224873709801,0.0077503016218543
2,31082,"P_age_00_14","Population 0-14",-1.65957737403747,-0.0226945076137781
2,31083,"P_age_00_14","Population 0-14",-0.843802362142141,-0.00437216321006417
2,31084,"P_age_00_14","Population 0-14",-0.593871267737986,-0.00588509067893028
2,31085,"P_age_00_14","Population 0-14",0.205536557149833,0.0031386804766953
2,31086,"P_age_00_14","Population 0-14",-0.738698193640859,-0.00443922029808164
2,31087,"P_age_00_14","Population 0-14",0.0669886690106081,0.0031267253216356
2,31088,"P_age_00_14","Population 0-14",-0.102858894822259,-0.00356795405969024
2,31089,"P_age_00_14","Population 0-14",-0.477854715096143,-0.00550388963893056
2,31090,"P_age_00_14","Population 0-14",-0.694024172440445,-0.00994399655610323
2,31091,"P_age_00_14","Population 0-14",0.0523513434363709,0.00350433238781989
2,31092,"P_age_00_14","Population 0-14",1.01243380097302,0.0212941020727158
2,31093,"P_age_00_14","Population 0-14",-1.35103853538098,-0.0199647825211287
2,31094,"P_age_00_14","Population 0-14",0.60770732100112,0.0133434142917395
2,31096,"P_age_00_14","Population 0-14",-0.00683383686853054,-0.00369623629376292
2,31097,"P_age_00_14","Population 0-14",-0.0986126852234766,-0.00368672120384872
2,31098,"P_age_00_14","Population 0-14",0.466033775344145,0.0105425948277116
2,31099,"P_age_00_14","Population 0-14",0.163626907457177,0.00311475247144699
2,31101,"P_age_00_14","Population 0-14",-0.490552058541459,-0.00792971346527338
2,31102,"P_age_00_14","Population 0-14",-0.110625359295404,-0.00554310064762831
2,31103,"P_age_00_14","Population 0-14",-0.110156178871917,-0.00468346802517772
2,31104,"P_age_00_14","Population 0-14",0.816899272318705,0.0141263101249933
2,31105,"P_age_00_14","Population 0-14",-1.08726727730483,-0.0246378127485514
2,32001,"P_age_00_14","Population 0-14",-0.320856607361918,-0.00501705147325993
2,32002,"P_age_00_14","Population 0-14",0.5473613937263,0.00624842662364244
2,32003,"P_age_00_14","Population 0-14",-0.977381498195951,-0.0107039157301188
2,32004,"P_age_00_14","Population 0-14",0.420953877319343,0.00647948123514652
2,32005,"P_age_00_14","Population 0-14",0.815266814144412,0.0129619706422091
2,32006,"P_age_00_14","Population 0-14",0.219248564258665,0.00243714940734208
2,32007,"P_age_00_14","Population 0-14",-0.35466100416849,-0.00474644592031837
2,32008,"P_age_00_14","Population 0-14",0.842318480976739,0.0115762082859874
2,32009,"P_age_00_14","Population 0-14",-0.00352658787090064,-0.00178679218515754
2,32010,"P_age_00_14","Population 0-14",0.346943866475006,0.00247355131432414
2,32011,"P_age_00_14","Population 0-14",-0.531623667632346,-0.00625245831906796
2,32012,"P_age_00_14","Population 0-14",0.977332917377894,0.00916820857673883
2,32013,"P_age_00_14","Population 0-14",0.41266288465365,0.0073424237780273
2,32014,"P_age_00_14","Population 0-14",-0.0931093408886675,-0.0047748377546668
2,32015,"P_age_00_14","Population 0-14",-1.18645925768117,-0.0060818181373179
2,32016,"P_age_00_14","Population 0-14",0.690845147430196,0.00734078092500567
2,32017,"P_age_00_14","Population 0-14",-0.0958681851164476,-0.00344243226572871
2,32018,"P_age_00_14","Population 0-14",-0.494596907490458,-0.00590913090854883
2,32019,"P_age_00_14","Population 0-14",0.271821145789869,0.00142289837822318
2,32020,"P_age_00_14","Population 0-14",-0.631196239742175,-0.00409790920093656
2,32021,"P_age_00_14","Population 0-14",0.985144333881019,0.0122538926079869
2,32022,"P_age_00_14","Population 0-14",0.152448814041516,0.00147889018990099
2,32023,"P_age_00_14","Population 0-14",-0.699377600948783,-0.00425900891423225
2,32024,"P_age_00_14","Population 0-14",1.08649172399769,0.0125591978430748
2,32025,"P_age_00_14","Population 0-14",0.887511596233363,0.0103552499786019
2,32026,"P_age_00_14","Population 0-14",0.685214525717329,0.00649996101856232
2,32027,"P_age_00_14","Population 0-14",0.501960122877674,-0.000419975141994655
2,32028,"P_age_00_14","Population 0-14",-0.212707146130904,-0.00520934071391821
2,32029,"P_age_00_14","Population 0-14",1.13078653244487,0.0143071804195642
2,32030,"P_age_00_14","Population 0-14",-0.896919854420752,-0.00918927788734436
2,32031,"P_age_00_14","Population 0-14",-0.684546577493102,-0.00547648826614022
2,32032,"P_age_00_14","Population 0-14",-0.261827011014826,-0.00616288231685758
2,32033,"P_age_00_14","Population 0-14",-0.728706091393689,-0.00586439250037074
2,32034,"P_age_00_14","Population 0-14",-0.315404044485952,-0.00475841294974089
2,32035,"P_age_00_14","Population 0-14",0.924401201227631,0.012512693181634
2,32036,"P_age_00_14","Population 0-14",1.02668735429919,0.016961932182312
2,32037,"P_age_00_14","Population 0-14",0.754202497226279,0.00197403645142913
2,32038,"P_age_00_14","Population 0-14",0.921606042338749,0.0103343166410923
2,32039,"P_age_00_14","Population 0-14",-0.165698136521652,-0.004197942558676
2,32040,"P_age_00_14","Population 0-14",0.819273928559729,0.00925184413790703
2,32041,"P_age_00_14","Population 0-14",-0.271131588240875,-0.0042693386785686
2,32042,"P_age_00_14","Population 0-14",0.301379612428583,0.00154972961172462
2,32043,"P_age_00_14","Population 0-14",-0.789657661341798,-0.00622282829135656
2,32044,"P_age_00_14","Population 0-14",0.141834485009325,0.00150662963278592
2,32045,"P_age_00_14","Population 0-14",-0.179661858641438,-0.0049440530128777
2,32046,"P_age_00_14","Population 0-14",-1.3331259386114,-0.00963192619383335
2,32047,"P_age_00_14","Population 0-14",-0.342902091995828,-0.00464608520269394
2,32048,"P_age_00_14","Population 0-14",0.0552160079277817,0.00107283028773963
2,32049,"P_age_00_14","Population 0-14",0.129594676760546,0.0014918006490916
2,32050,"P_age_00_14","Population 0-14",0.596988050890401,0.00215200008824468
2,32051,"P_age_00_14","Population 0-14",0.562666547849231,0.00738799246028066
2,32052,"P_age_00_14","Population 0-14",0.501832965904813,0.00393794616684318
2,32053,"P_age_00_14","Population 0-14",1.09811639800896,0.0125017259269953
2,32054,"P_age_00_14","Population 0-14",1.17414174418798,0.013480219990015
2,32055,"P_age_00_14","Population 0-14",-0.426675039924746,-0.00623762886971235
2,32056,"P_age_00_14","Population 0-14",-1.01515370507303,-0.00952589977532625
2,32057,"P_age_00_14","Population 0-14",1.05591650364302,0.0191423706710339
2,32058,"P_age_00_14","Population 0-14",-0.378467887309515,-0.00533297006040812
2,1001,"P_educational_lag","Educational lag",-1.63058900688665,-0.0269631743431091
2,1002,"P_educational_lag","Educational lag",-0.396423464084687,0.007708421908319
2,1003,"P_educational_lag","Educational lag",-0.105441344237069,0.00607228744775057
2,1004,"P_educational_lag","Educational lag",-0.988421569981566,-0.00162187148816884
2,1005,"P_educational_lag","Educational lag",-0.888082907965146,0.00185568514280021
2,1006,"P_educational_lag","Educational lag",-1.07872636579634,-0.000834429985843599
2,1007,"P_educational_lag","Educational lag",-0.988421569981566,0.000138122384669259
2,1008,"P_educational_lag","Educational lag",-1.10882796440127,-0.000471828097943217
2,1009,"P_educational_lag","Educational lag",-0.536897590907675,0.00766600156202912
2,1010,"P_educational_lag","Educational lag",-0.446592795092897,0.00776095222681761
2,1011,"P_educational_lag","Educational lag",-0.777710379747084,-0.00200256542302668
2,2001,"P_educational_lag","Educational lag",-1.27940368982918,-0.00120679149404168
2,2002,"P_educational_lag","Educational lag",-1.48008101386202,-0.0283733643591404
2,2003,"P_educational_lag","Educational lag",-1.26936982362754,-0.00121937482617795
2,2004,"P_educational_lag","Educational lag",-1.18909889401441,-0.00100168061908334
2,2005,"P_educational_lag","Educational lag",-1.12889569680455,0.000266692135483027
2,2006,"P_educational_lag","Educational lag",0.155439177005624,0.00643200660124421
2,3002,"P_educational_lag","Educational lag",-0.747608781142157,-0.00169117609038949
2,3008,"P_educational_lag","Educational lag",-1.30950528843411,0.00166332221124321
2,3009,"P_educational_lag","Educational lag",-1.23926822502262,-0.000704619800671935
2,4001,"P_educational_lag","Educational lag",-0.727541048738873,0.00130288046784699
2,4002,"P_educational_lag","Educational lag",-1.46001328145874,-0.0275905840098858
2,4003,"P_educational_lag","Educational lag",-1.15899729540948,0.00167057639919221
2,4004,"P_educational_lag","Educational lag",-0.556965323310959,0.00789633858948946
2,4005,"P_educational_lag","Educational lag",-1.05865863339306,0.00287784985266626
2,4006,"P_educational_lag","Educational lag",0.777538881507428,0.00923426169902086
2,4007,"P_educational_lag","Educational lag",-0.506795992302749,0.00754335662350059
2,4008,"P_educational_lag","Educational lag",-0.356287999278119,0.00732448603957891
2,4009,"P_educational_lag","Educational lag",-0.436558928891255,0.00778903253376484
2,4010,"P_educational_lag","Educational lag",-0.566999189512601,0.0097777247428894
2,4011,"P_educational_lag","Educational lag",-0.0352042808255745,0.00787293910980225
2,4012,"P_educational_lag","Educational lag",-0.384382824642717,0.00708467001095414
2,5001,"P_educational_lag","Educational lag",-1.17906502781276,-0.00265665957704186
2,5002,"P_educational_lag","Educational lag",-1.26936982362754,-0.00253550289198756
2,5003,"P_educational_lag","Educational lag",-1.20916662641769,-0.00234411400742829
2,5004,"P_educational_lag","Educational lag",-0.807811978352009,-0.00318307033739984
2,5005,"P_educational_lag","Educational lag",-0.0552720132288585,0.00631635216996074
2,5006,"P_educational_lag","Educational lag",-1.33960688703904,-0.0027171652764082
2,5007,"P_educational_lag","Educational lag",-0.898116774166788,-0.0024177236482501
2,5008,"P_educational_lag","Educational lag",-0.797778112150368,-0.00284442794509232
2,5009,"P_educational_lag","Educational lag",-0.918184506570072,-0.00131891458295286
2,5010,"P_educational_lag","Educational lag",-1.54028421107188,-0.027016568928957
2,5011,"P_educational_lag","Educational lag",-0.928218372771714,-0.00049963709898293
2,5012,"P_educational_lag","Educational lag",-0.245915471060057,0.00858824420720339
2,5013,"P_educational_lag","Educational lag",-0.316152534471551,0.00585915334522724
2,5014,"P_educational_lag","Educational lag",0.115303712199056,0.00716493371874094
2,5015,"P_educational_lag","Educational lag",-0.767676513545441,-0.00334191299043596
2,5016,"P_educational_lag","Educational lag",-1.11886183060291,-0.00386506598442793
2,5017,"P_educational_lag","Educational lag",-0.968353837578282,-0.00116587220691144
2,5018,"P_educational_lag","Educational lag",-1.70082607029815,-0.024451969191432
2,5019,"P_educational_lag","Educational lag",-1.24930209122426,-0.00390120060183108
2,5020,"P_educational_lag","Educational lag",-1.14896342920784,-0.00245482777245343
2,5021,"P_educational_lag","Educational lag",-1.52021647866859,-0.0363818407058716
2,5022,"P_educational_lag","Educational lag",-1.29947142223247,-0.000462609546957538
2,5023,"P_educational_lag","Educational lag",-0.376355731681403,0.0064687361009419
2,5024,"P_educational_lag","Educational lag",-1.29947142223247,-0.00147255114279687
2,5025,"P_educational_lag","Educational lag",-1.29947142223247,-0.000981446239165962
2,5026,"P_educational_lag","Educational lag",-0.556965323310959,0.00648780632764101
2,5027,"P_educational_lag","Educational lag",-1.47004714766038,-0.0189792048186064
2,5028,"P_educational_lag","Educational lag",-1.38977621804725,-0.00138350331690162
2,5029,"P_educational_lag","Educational lag",-1.12889569680455,-0.00168396346271038
2,5030,"P_educational_lag","Educational lag",-1.74096153510472,-0.0289564039558172
2,5031,"P_educational_lag","Educational lag",-1.66069060549158,-0.0254633650183678
2,5032,"P_educational_lag","Educational lag",-1.51018261246695,-0.0237740594893694
2,5033,"P_educational_lag","Educational lag",-0.777710379747084,-0.00111718336120248
2,5034,"P_educational_lag","Educational lag",-1.3797423518456,-0.00126034370623529
2,5035,"P_educational_lag","Educational lag",-1.59045354208009,-0.026644192636013
2,5036,"P_educational_lag","Educational lag",-0.265983203463341,0.00836732517927885
2,5037,"P_educational_lag","Educational lag",-0.918184506570072,-0.00254685967229307
2,5038,"P_educational_lag","Educational lag",-0.807811978352009,-0.00437286263331771
2,6007,"P_educational_lag","Educational lag",-1.17906502781276,-0.000895193661563098
2,6009,"P_educational_lag","Educational lag",-0.165644541446921,0.00679736770689487
2,7001,"P_educational_lag","Educational lag",0.406285832046674,0.00981076993048191
2,7002,"P_educational_lag","Educational lag",0.677200219491008,0.0094072725623846
2,7003,"P_educational_lag","Educational lag",0.566827691272946,0.00672137644141912
2,7004,"P_educational_lag","Educational lag",1.74079003686506,0.00794772151857615
2,7005,"P_educational_lag","Educational lag",0.707301818095935,0.00957611761987209
2,7006,"P_educational_lag","Educational lag",0.576861557474588,0.0085480222478509
2,7007,"P_educational_lag","Educational lag",2.38295747377015,0.00736522767692804
2,7008,"P_educational_lag","Educational lag",0.998283937943553,0.00926367193460464
2,7009,"P_educational_lag","Educational lag",-0.255949337261699,0.00519893644377589
2,7010,"P_educational_lag","Educational lag",1.00831780414519,0.0094274552538991
2,7011,"P_educational_lag","Educational lag",0.516658360264736,0.0085971113294363
2,7012,"P_educational_lag","Educational lag",0.00493118398099336,0.00858390238136053
2,7013,"P_educational_lag","Educational lag",0.165473043207266,0.00976470950990915
2,7014,"P_educational_lag","Educational lag",1.52004498042894,0.00805603340268135
2,7015,"P_educational_lag","Educational lag",-0.145576809043637,0.00966701470315456
2,7016,"P_educational_lag","Educational lag",0.326014902433538,0.00884220562875271
2,7017,"P_educational_lag","Educational lag",0.0952359797957717,0.00881046708673239
2,7018,"P_educational_lag","Educational lag",0.83774207871728,0.00954652111977339
2,7019,"P_educational_lag","Educational lag",0.265811705223686,0.00437796814367175
2,7020,"P_educational_lag","Educational lag",0.68723408569265,0.00927672348916531
2,7021,"P_educational_lag","Educational lag",0.0249989163842773,0.00810984522104263
2,7022,"P_educational_lag","Educational lag",2.39299133997179,0.00759387295693159
2,7023,"P_educational_lag","Educational lag",2.97495557966703,0.00759845320135355
2,7024,"P_educational_lag","Educational lag",0.727369550499218,0.00889890640974045
2,7025,"P_educational_lag","Educational lag",0.0551005149892034,0.0103176748380065
2,7026,"P_educational_lag","Educational lag",2.54349933299642,0.00789464265108109
2,7027,"P_educational_lag","Educational lag",-0.597100788117527,0.00888000894337893
2,7029,"P_educational_lag","Educational lag",0.115303712199056,0.00733147840946913
2,7030,"P_educational_lag","Educational lag",0.877877543523848,0.00936147663742304
2,7031,"P_educational_lag","Educational lag",1.29929992399281,0.00923484377563
2,7032,"P_educational_lag","Educational lag",0.225676240417118,0.00980015285313129
2,7033,"P_educational_lag","Educational lag",0.677200219491008,0.00952442828565836
2,7034,"P_educational_lag","Educational lag",0.476522895458168,0.00894187763333321
2,7035,"P_educational_lag","Educational lag",-0.0251704146239327,0.00973486434668303
2,7037,"P_educational_lag","Educational lag",0.00493118398099336,0.00861100107431412
2,7038,"P_educational_lag","Educational lag",0.88791140972549,0.00951381120830774
2,7039,"P_educational_lag","Educational lag",0.998283937943553,0.00946855638176203
2,7040,"P_educational_lag","Educational lag",-0.135542942841995,0.006997961550951
2,7041,"P_educational_lag","Educational lag",1.30933379019446,0.00655908696353436
2,7042,"P_educational_lag","Educational lag",0.215642374215476,0.00999363046139479
2,7043,"P_educational_lag","Educational lag",-0.546931457109317,0.00888274237513542
2,7044,"P_educational_lag","Educational lag",0.48655676165981,0.00932540651410818
2,7045,"P_educational_lag","Educational lag",0.827708212515638,0.00955868512392044
2,7046,"P_educational_lag","Educational lag",0.145405310803982,0.00813223980367184
2,7047,"P_educational_lag","Educational lag",0.396251965845032,0.00980856083333492
2,7048,"P_educational_lag","Educational lag",-0.0653058794305006,0.00874062441289425
2,7049,"P_educational_lag","Educational lag",0.978216205540268,0.00941547751426697
2,7050,"P_educational_lag","Educational lag",0.275845571425328,0.00888365507125854
2,7051,"P_educational_lag","Educational lag",0.68723408569265,0.00669026048853993
2,7052,"P_educational_lag","Educational lag",1.11869033236326,0.00898178201168776
2,7053,"P_educational_lag","Educational lag",0.606963156079514,0.00853234902024269
2,7054,"P_educational_lag","Educational lag",0.326014902433538,0.00791457388550043
2,7057,"P_educational_lag","Educational lag",0.0249989163842773,0.00966998096555471
2,7059,"P_educational_lag","Educational lag",0.707301818095935,0.00951381120830774
2,7061,"P_educational_lag","Educational lag",0.526692226466378,0.00948057696223259
2,7062,"P_educational_lag","Educational lag",0.165473043207266,0.0101864924654365
2,7064,"P_educational_lag","Educational lag",0.356116501038464,0.0099068945273757
2,7065,"P_educational_lag","Educational lag",0.0350327825859195,0.0096821840852499
2,7066,"P_educational_lag","Educational lag",2.55353319919806,0.00789464265108109
2,7068,"P_educational_lag","Educational lag",0.0450666487875616,0.00726452423259616
2,7069,"P_educational_lag","Educational lag",0.265811705223686,0.00789944361895323
2,7070,"P_educational_lag","Educational lag",-0.0352042808255745,0.00999493058770895
2,7071,"P_educational_lag","Educational lag",0.466489029256526,0.00928768794983625
2,7072,"P_educational_lag","Educational lag",0.877877543523848,0.00964439939707518
2,7073,"P_educational_lag","Educational lag",0.0551005149892034,0.0101638175547123
2,7074,"P_educational_lag","Educational lag",-0.225847738656773,0.00696116127073765
2,7075,"P_educational_lag","Educational lag",1.88126416368805,0.00753301195800304
2,7076,"P_educational_lag","Educational lag",0.556793825071304,0.00953365582972765
2,7077,"P_educational_lag","Educational lag",0.546759958869662,0.00952303875237703
2,7078,"P_educational_lag","Educational lag",-0.125509076640353,0.00675502978265285
2,7079,"P_educational_lag","Educational lag",0.978216205540268,0.00951377768069506
2,7080,"P_educational_lag","Educational lag",0.356116501038464,0.00975907035171986
2,7081,"P_educational_lag","Educational lag",1.46987564942073,0.00913651008158922
2,7082,"P_educational_lag","Educational lag",2.66390572741613,0.00789464265108109
2,7083,"P_educational_lag","Educational lag",1.07855486755669,0.00904557947069407
2,7084,"P_educational_lag","Educational lag",0.727369550499218,0.00887965504080057
2,7085,"P_educational_lag","Educational lag",0.827708212515638,0.00976257678121328
2,7086,"P_educational_lag","Educational lag",-0.0151365484222906,0.00890459213405848
2,7087,"P_educational_lag","Educational lag",0.998283937943553,0.00766807189211249
2,7089,"P_educational_lag","Educational lag",-0.306118668269909,0.00667852722108364
2,7090,"P_educational_lag","Educational lag",0.245743972820402,0.0100237298756838
2,7091,"P_educational_lag","Educational lag",-0.637236252924095,0.0086435517296195
2,7092,"P_educational_lag","Educational lag",0.968182339338626,0.00709042651578784
2,7093,"P_educational_lag","Educational lag",1.53007884663058,0.00805603340268135
2,7094,"P_educational_lag","Educational lag",2.08194148772089,0.00766599737107754
2,7096,"P_educational_lag","Educational lag",0.667166353289366,0.0095668900758028
2,7097,"P_educational_lag","Educational lag",-0.376355731681403,0.00745147885754704
2,7098,"P_educational_lag","Educational lag",1.5100111142273,0.00895391870290041
2,7099,"P_educational_lag","Educational lag",0.897945275927133,0.00674188369885087
2,7100,"P_educational_lag","Educational lag",1.10865646616161,0.00926374364644289
2,7101,"P_educational_lag","Educational lag",-1.22923435882097,-0.001332922372967
2,7102,"P_educational_lag","Educational lag",-0.436558928891255,0.00835874304175377
2,7103,"P_educational_lag","Educational lag",0.0651343811908456,0.00964992493391037
2,7104,"P_educational_lag","Educational lag",0.9380807407337,0.00510103208944201
2,7106,"P_educational_lag","Educational lag",1.65048524105028,0.00569108687341213
2,7107,"P_educational_lag","Educational lag",0.396251965845032,0.00956364907324314
2,7108,"P_educational_lag","Educational lag",-0.185712273850205,0.00722552044317126
2,7109,"P_educational_lag","Educational lag",1.02838553654848,0.00951381120830774
2,7110,"P_educational_lag","Educational lag",1.27923219158953,0.00952607113867998
2,7111,"P_educational_lag","Educational lag",3.1354974388933,0.00765676982700825
2,7112,"P_educational_lag","Educational lag",1.630417508647,0.00563131738454103
2,7114,"P_educational_lag","Educational lag",0.988250071741911,0.00929415598511696
2,7115,"P_educational_lag","Educational lag",1.80099323407491,0.00766575988382101
2,7116,"P_educational_lag","Educational lag",0.998283937943553,0.00924246665090322
2,7117,"P_educational_lag","Educational lag",1.18892739577475,0.00915526039898396
2,7120,"P_educational_lag","Educational lag",1.33943538879938,0.00871716905385256
2,7121,"P_educational_lag","Educational lag",1.99163669190611,0.00760089792311192
2,7122,"P_educational_lag","Educational lag",0.476522895458168,0.0070327646099031
2,7123,"P_educational_lag","Educational lag",0.215642374215476,0.00990981701761484
2,7124,"P_educational_lag","Educational lag",0.827708212515638,0.00921200960874557
2,7125,"P_educational_lag","Educational lag",0.759477922344473,0.00925444439053535
2,8002,"P_educational_lag","Educational lag",-1.3797423518456,-0.00282662850804627
2,8003,"P_educational_lag","Educational lag",-0.988421569981566,-0.00280820718035102
2,8004,"P_educational_lag","Educational lag",-1.60048740828173,-0.0207663606852293
2,8005,"P_educational_lag","Educational lag",-0.0151365484222906,0.00596931669861078
2,8006,"P_educational_lag","Educational lag",0.476522895458168,0.00531066581606865
2,8007,"P_educational_lag","Educational lag",2.47326226958493,0.00377461104653776
2,8008,"P_educational_lag","Educational lag",3.58702141796719,0.00566455442458391
2,8011,"P_educational_lag","Educational lag",-1.27940368982918,-0.00271706352941692
2,8012,"P_educational_lag","Educational lag",2.92478624865882,0.00317403231747448
2,8013,"P_educational_lag","Educational lag",-0.727541048738873,-0.00425792066380382
2,8014,"P_educational_lag","Educational lag",-0.346254133076477,0.00649919407442212
2,8016,"P_educational_lag","Educational lag",-0.757642647343799,-0.00664853630587459
2,8017,"P_educational_lag","Educational lag",-1.03859090098978,-0.000740956515073776
2,8018,"P_educational_lag","Educational lag",1.25916445918625,0.00424556620419025
2,8019,"P_educational_lag","Educational lag",-1.96170659154084,-0.0285438280552626
2,8020,"P_educational_lag","Educational lag",0.546759958869662,0.00714712496846914
2,8021,"P_educational_lag","Educational lag",-1.56035194347516,-0.0238100495189428
2,8022,"P_educational_lag","Educational lag",1.01835167034684,0.00691749900579453
2,8023,"P_educational_lag","Educational lag",0.115303712199056,0.00766168488189578
2,8024,"P_educational_lag","Educational lag",-0.0452381470272167,0.00675601325929165
2,8026,"P_educational_lag","Educational lag",0.53672609266802,0.00734037160873413
2,8027,"P_educational_lag","Educational lag",0.9380807407337,0.00760351680219173
2,8029,"P_educational_lag","Educational lag",1.01835167034684,0.00954705011099577
2,8030,"P_educational_lag","Educational lag",1.08858873375833,0.00702296383678913
2,8032,"P_educational_lag","Educational lag",-1.49011488006367,-0.023812310770154
2,8033,"P_educational_lag","Educational lag",0.88791140972549,0.00521892635151744
2,8034,"P_educational_lag","Educational lag",0.0450666487875616,0.00676970509812236
2,8035,"P_educational_lag","Educational lag",0.998283937943553,0.00470110634341836
2,8036,"P_educational_lag","Educational lag",-1.24930209122426,-0.00123928813263774
2,8037,"P_educational_lag","Educational lag",-1.35967461944232,-0.000953193404711783
2,8038,"P_educational_lag","Educational lag",-0.155610675245279,0.00633807200938463
2,8039,"P_educational_lag","Educational lag",-0.757642647343799,-0.00612606015056372
2,8042,"P_educational_lag","Educational lag",1.04845326895176,0.0079495320096612
2,8044,"P_educational_lag","Educational lag",-0.566999189512601,0.00638518249616027
2,8045,"P_educational_lag","Educational lag",-0.807811978352009,-0.00108965765684843
2,8046,"P_educational_lag","Educational lag",1.97156895950283,0.00594323873519897
2,8048,"P_educational_lag","Educational lag",0.205608508013834,0.006104099098593
2,8049,"P_educational_lag","Educational lag",0.857809811120565,0.00686435028910637
2,8050,"P_educational_lag","Educational lag",-1.39981008424889,-0.000871930504217744
2,8052,"P_educational_lag","Educational lag",-0.597100788117527,0.00657756580039859
2,8053,"P_educational_lag","Educational lag",0.28587943762697,0.00569619797170162
2,8054,"P_educational_lag","Educational lag",1.02838553654848,0.00480421632528305
2,8055,"P_educational_lag","Educational lag",-0.817845844553652,-0.00581485871225595
2,8056,"P_educational_lag","Educational lag",0.928046874532058,0.00519377924501896
2,8057,"P_educational_lag","Educational lag",0.727369550499218,0.00566925341263413
2,8058,"P_educational_lag","Educational lag",-0.928218372771714,-0.00427181785926223
2,8059,"P_educational_lag","Educational lag",-1.33960688703904,-0.00261863833293319
2,8060,"P_educational_lag","Educational lag",-1.56035194347516,-0.025714373216033
2,8061,"P_educational_lag","Educational lag",0.596929289877872,0.00664930557832122
2,8062,"P_educational_lag","Educational lag",-0.998455436183208,-0.00532815093174577
2,8064,"P_educational_lag","Educational lag",0.747437282902502,0.00539562804624438
2,8065,"P_educational_lag","Educational lag",2.06187375531761,0.00348506239242852
2,8067,"P_educational_lag","Educational lag",0.346082634836822,0.00615498097613454
2,9004,"P_educational_lag","Educational lag",-1.67072447169322,-0.0309382863342762
2,9007,"P_educational_lag","Educational lag",-1.55031807727352,-0.0286165401339531
2,9008,"P_educational_lag","Educational lag",-1.4499794152571,-0.036106713116169
2,9009,"P_educational_lag","Educational lag",-1.50014874626531,-0.0896100848913193
2,9010,"P_educational_lag","Educational lag",-1.67072447169322,-0.0509369522333145
2,9011,"P_educational_lag","Educational lag",-1.66069060549158,-0.0299394894391298
2,9012,"P_educational_lag","Educational lag",-1.69079220409651,-0.0512025617063046
2,9013,"P_educational_lag","Educational lag",-1.60048740828173,-0.0503327287733555
2,9016,"P_educational_lag","Educational lag",-2.12224845076711,-0.0562178716063499
2,9017,"P_educational_lag","Educational lag",-1.85133406332278,-0.0503237992525101
2,10004,"P_educational_lag","Educational lag",-0.95831997137664,-0.00159769156016409
2,10005,"P_educational_lag","Educational lag",-1.70082607029815,-0.027878176420927
2,10006,"P_educational_lag","Educational lag",-0.306118668269909,0.00840800628066063
2,10007,"P_educational_lag","Educational lag",-1.31953915463575,-0.00059358892031014
2,10008,"P_educational_lag","Educational lag",-0.95831997137664,-0.00284077064134181
2,10009,"P_educational_lag","Educational lag",0.78757274770907,0.00687278667464852
2,10010,"P_educational_lag","Educational lag",-0.787744245948725,-0.00378947029821575
2,10012,"P_educational_lag","Educational lag",-1.17906502781276,-0.00265730149112642
2,10013,"P_educational_lag","Educational lag",-0.486728259899465,0.00759885460138321
2,10014,"P_educational_lag","Educational lag",0.827708212515638,0.00857784878462553
2,10015,"P_educational_lag","Educational lag",-0.456626661294539,0.00666565960273147
2,10016,"P_educational_lag","Educational lag",-0.938252238973356,-0.00179306278005242
2,10017,"P_educational_lag","Educational lag",-0.627202386722453,0.00533063383772969
2,10021,"P_educational_lag","Educational lag",-0.817845844553652,-0.00156673137098551
2,10022,"P_educational_lag","Educational lag",-0.998455436183208,-0.00150455581024289
2,10023,"P_educational_lag","Educational lag",-1.20916662641769,-0.000188231148058549
2,10025,"P_educational_lag","Educational lag",0.4363874306516,0.0064155119471252
2,10027,"P_educational_lag","Educational lag",0.0952359797957717,0.00637107482179999
2,10031,"P_educational_lag","Educational lag",-0.516829858504391,0.00631520291790366
2,10033,"P_educational_lag","Educational lag",-0.637236252924095,0.00888912286609411
2,10036,"P_educational_lag","Educational lag",-0.817845844553652,-0.00207896274514496
2,10038,"P_educational_lag","Educational lag",-1.38977621804725,-0.00330117461271584
2,11001,"P_educational_lag","Educational lag",-0.245915471060057,0.00765200285241008
2,11002,"P_educational_lag","Educational lag",-0.235881604858415,0.00703463656827807
2,11008,"P_educational_lag","Educational lag",0.155439177005624,0.00544422585517168
2,11010,"P_educational_lag","Educational lag",-0.245915471060057,0.00619740039110184
2,11012,"P_educational_lag","Educational lag",-0.135542942841995,0.00751230167225003
2,11017,"P_educational_lag","Educational lag",-1.26936982362754,0.000746278383303434
2,11018,"P_educational_lag","Educational lag",-0.787744245948725,-0.00274493475444615
2,11019,"P_educational_lag","Educational lag",0.33604876863518,0.00559381302446127
2,11020,"P_educational_lag","Educational lag",-0.777710379747084,-0.000501641246955842
2,11021,"P_educational_lag","Educational lag",-0.235881604858415,0.00516038248315454
2,11022,"P_educational_lag","Educational lag",0.215642374215476,0.00758831948041916
2,11023,"P_educational_lag","Educational lag",0.366150367240106,0.00733966985717416
2,11024,"P_educational_lag","Educational lag",-0.536897590907675,0.00779197365045547
2,11025,"P_educational_lag","Educational lag",0.195574641812192,0.00723753543570638
2,11026,"P_educational_lag","Educational lag",-0.376355731681403,0.00740901799872518
2,11028,"P_educational_lag","Educational lag",-0.617168520520811,0.00710146548226476
2,11031,"P_educational_lag","Educational lag",-0.195746140051847,0.00790898501873016
2,11037,"P_educational_lag","Educational lag",-0.908150640368429,-0.002039355924353
2,11038,"P_educational_lag","Educational lag",-0.276017069664983,0.00706026377156377
2,11039,"P_educational_lag","Educational lag",-0.255949337261699,0.00654477206990123
2,11041,"P_educational_lag","Educational lag",-0.135542942841995,0.00639733579009771
2,11046,"P_educational_lag","Educational lag",0.446421296853242,0.00504763144999743
2,12001,"P_educational_lag","Educational lag",-0.938252238973356,-0.000770838465541601
2,12002,"P_educational_lag","Educational lag",1.2491305929846,0.00813745800405741
2,12003,"P_educational_lag","Educational lag",0.476522895458168,0.0089260283857584
2,12005,"P_educational_lag","Educational lag",0.33604876863518,0.00950125325471163
2,12006,"P_educational_lag","Educational lag",0.18554077561055,0.00869478564709425
2,12007,"P_educational_lag","Educational lag",-0.376355731681403,0.00745416525751352
2,12008,"P_educational_lag","Educational lag",1.06852100135505,0.00682579539716244
2,12009,"P_educational_lag","Educational lag",1.34946925500102,0.00816720817238092
2,12010,"P_educational_lag","Educational lag",1.38960471980759,0.0079235415905714
2,12011,"P_educational_lag","Educational lag",-0.587066921915885,0.00863043405115604
2,12012,"P_educational_lag","Educational lag",-0.0352042808255745,0.00952923484146595
2,12013,"P_educational_lag","Educational lag",0.0149650501826355,0.00853564403951168
2,12014,"P_educational_lag","Educational lag",-0.807811978352009,0.00012720373342745
2,12015,"P_educational_lag","Educational lag",-0.516829858504391,0.00815228279680014
2,12017,"P_educational_lag","Educational lag",0.295913303828612,0.00790179613977671
2,12018,"P_educational_lag","Educational lag",-0.105441344237069,0.00853029265999794
2,12019,"P_educational_lag","Educational lag",1.98160282570447,0.00742649752646685
2,12020,"P_educational_lag","Educational lag",1.86119643128477,0.00738820247352123
2,12021,"P_educational_lag","Educational lag",-0.195746140051847,0.00852997787296772
2,12022,"P_educational_lag","Educational lag",0.697267951894292,0.00681735668331385
2,12023,"P_educational_lag","Educational lag",0.667166353289366,0.00668832566589117
2,12024,"P_educational_lag","Educational lag",0.807640480112355,0.00860558170825243
2,12025,"P_educational_lag","Educational lag",-0.296084802068267,0.0103890923783183
2,12026,"P_educational_lag","Educational lag",1.2491305929846,0.00544482376426458
2,12027,"P_educational_lag","Educational lag",1.2491305929846,0.0055065480992198
2,12028,"P_educational_lag","Educational lag",0.215642374215476,0.00950055569410324
2,12029,"P_educational_lag","Educational lag",-1.11886183060291,0.00180107075721025
2,12030,"P_educational_lag","Educational lag",-0.336220266874835,0.00856599770486355
2,12031,"P_educational_lag","Educational lag",0.707301818095935,0.00896512437611818
2,12032,"P_educational_lag","Educational lag",0.616997022281156,0.0092239873483777
2,12033,"P_educational_lag","Educational lag",-0.125509076640353,0.0103545663878322
2,12034,"P_educational_lag","Educational lag",0.265811705223686,0.00786780286580324
2,12035,"P_educational_lag","Educational lag",-0.827879710755294,-0.000438184215454385
2,12036,"P_educational_lag","Educational lag",-0.336220266874835,0.00974069442600012
2,12037,"P_educational_lag","Educational lag",0.63706475468444,0.00740917678922415
2,12039,"P_educational_lag","Educational lag",-0.155610675245279,0.00846095196902752
2,12040,"P_educational_lag","Educational lag",-0.0452381470272167,0.00974173471331596
2,12041,"P_educational_lag","Educational lag",-0.577033055714243,0.0106865549460053
2,12042,"P_educational_lag","Educational lag",0.948114606935343,0.00830336008220911
2,12044,"P_educational_lag","Educational lag",-0.416491196487971,0.00975336972624063
2,12045,"P_educational_lag","Educational lag",0.657132487087724,0.00860558170825243
2,12046,"P_educational_lag","Educational lag",-0.185712273850205,0.0086185410618782
2,12047,"P_educational_lag","Educational lag",1.64045137484864,0.0013199532404542
2,12048,"P_educational_lag","Educational lag",0.0249989163842773,0.00800400972366333
2,12049,"P_educational_lag","Educational lag",0.0952359797957717,0.00761632015928626
2,12050,"P_educational_lag","Educational lag",-0.486728259899465,0.00704058120027184
2,12051,"P_educational_lag","Educational lag",0.88791140972549,0.00859881937503815
2,12052,"P_educational_lag","Educational lag",-0.00510268222064844,0.0100066075101495
2,12053,"P_educational_lag","Educational lag",-0.0954074780354267,0.00851980689913034
2,12054,"P_educational_lag","Educational lag",0.928046874532058,0.00890181306749582
2,12055,"P_educational_lag","Educational lag",-0.466660527496181,0.00701967068016529
2,12056,"P_educational_lag","Educational lag",-0.456626661294539,0.0104245897382498
2,12057,"P_educational_lag","Educational lag",0.0450666487875616,0.00862852483987808
2,12058,"P_educational_lag","Educational lag",-0.426525062689613,0.00933534651994705
2,12059,"P_educational_lag","Educational lag",0.606963156079514,0.00668738270178437
2,12060,"P_educational_lag","Educational lag",0.38621809964339,0.00791621953248978
2,12061,"P_educational_lag","Educational lag",-0.787744245948725,0.00174948351923376
2,12063,"P_educational_lag","Educational lag",0.326014902433538,0.0100829675793648
2,12064,"P_educational_lag","Educational lag",0.356116501038464,0.00687157781794667
2,12066,"P_educational_lag","Educational lag",-0.245915471060057,0.00856444425880909
2,12067,"P_educational_lag","Educational lag",-0.0954074780354267,0.0076495767571032
2,12069,"P_educational_lag","Educational lag",1.8210609664782,0.00506192352622747
2,12070,"P_educational_lag","Educational lag",0.9380807407337,0.00872725155204535
2,12072,"P_educational_lag","Educational lag",1.11869033236326,0.00930648110806942
2,12073,"P_educational_lag","Educational lag",1.38960471980759,0.00554637610912323
2,12074,"P_educational_lag","Educational lag",1.21902899437968,0.00807261560112238
2,12075,"P_educational_lag","Educational lag",-0.296084802068267,0.00968552008271217
2,12076,"P_educational_lag","Educational lag",0.546759958869662,0.00949397124350071
2,12077,"P_educational_lag","Educational lag",-0.506795992302749,0.00759782176464796
2,12079,"P_educational_lag","Educational lag",1.72072230446178,0.00769923161715269
2,12080,"P_educational_lag","Educational lag",0.73740341670086,0.00676326639950275
2,12081,"P_educational_lag","Educational lag",-0.95831997137664,0.00185189791955054
2,13001,"P_educational_lag","Educational lag",0.215642374215476,0.00704097514972091
2,13002,"P_educational_lag","Educational lag",0.757471149104145,0.00900320429354906
2,13003,"P_educational_lag","Educational lag",-1.41987781665217,-0.0323111303150654
2,13005,"P_educational_lag","Educational lag",-0.998455436183208,-0.00494478968903422
2,13007,"P_educational_lag","Educational lag",-1.17906502781276,-0.00213285838253796
2,13008,"P_educational_lag","Educational lag",-1.28943755603083,-0.00228061550296843
2,13009,"P_educational_lag","Educational lag",-1.26936982362754,-0.00172711652703583
2,13013,"P_educational_lag","Educational lag",-1.55031807727352,-0.0289176404476166
2,13016,"P_educational_lag","Educational lag",-0.566999189512601,0.00562963588163257
2,13017,"P_educational_lag","Educational lag",-0.637236252924095,0.0069131962954998
2,13019,"P_educational_lag","Educational lag",-1.08876023199799,-0.00338341877795756
2,13021,"P_educational_lag","Educational lag",-1.53025034487023,-0.0402163937687874
2,13022,"P_educational_lag","Educational lag",-1.12889569680455,-0.00589166162535548
2,13023,"P_educational_lag","Educational lag",-1.39981008424889,-0.00199326244182885
2,13024,"P_educational_lag","Educational lag",-0.105441344237069,0.00633565243333578
2,13035,"P_educational_lag","Educational lag",-0.777710379747084,-0.00215154653415084
2,13038,"P_educational_lag","Educational lag",-0.737574914940515,-0.00520965736359358
2,13041,"P_educational_lag","Educational lag",-1.22923435882097,-0.00245500216260552
2,13044,"P_educational_lag","Educational lag",-0.496762126101107,0.00689636263996363
2,13045,"P_educational_lag","Educational lag",-0.837913576956935,-0.00254144635982811
2,13048,"P_educational_lag","Educational lag",-1.69079220409651,-0.0286541786044836
2,13050,"P_educational_lag","Educational lag",-1.53025034487023,-0.0322991497814655
2,13051,"P_educational_lag","Educational lag",-1.8814356619277,-0.0194215066730976
2,13052,"P_educational_lag","Educational lag",-1.20916662641769,-0.00226088683120906
2,13054,"P_educational_lag","Educational lag",-1.49011488006367,-0.03148103505373
2,13056,"P_educational_lag","Educational lag",-1.00848930238485,-0.00205838703550398
2,13057,"P_educational_lag","Educational lag",-0.466660527496181,0.0058807572349906
2,13061,"P_educational_lag","Educational lag",-1.56035194347516,-0.0288313496857882
2,13063,"P_educational_lag","Educational lag",-1.02855703478813,-0.00518396869301796
2,13064,"P_educational_lag","Educational lag",-0.998455436183208,-0.00364254368469119
2,13066,"P_educational_lag","Educational lag",-1.20916662641769,-0.0023931129835546
2,13067,"P_educational_lag","Educational lag",-1.10882796440127,-0.00178641802631319
2,13069,"P_educational_lag","Educational lag",-1.5703858096768,-0.0294890720397234
2,13072,"P_educational_lag","Educational lag",-1.5703858096768,-0.0287257041782141
2,13074,"P_educational_lag","Educational lag",-1.1389295630062,0.000268060801317915
2,13075,"P_educational_lag","Educational lag",-1.2593359574259,-0.00531501648947597
2,13076,"P_educational_lag","Educational lag",-1.43994554905546,-0.0302237011492252
2,13077,"P_educational_lag","Educational lag",-1.02855703478813,-0.0021671534050256
2,13082,"P_educational_lag","Educational lag",-1.24930209122426,-0.00517676444724202
2,13083,"P_educational_lag","Educational lag",-1.60048740828173,-0.0306066535413265
2,14001,"P_educational_lag","Educational lag",-0.0552720132288585,0.00572821637615561
2,14002,"P_educational_lag","Educational lag",-1.09879409819963,-0.00232425448484719
2,14003,"P_educational_lag","Educational lag",-1.36970848564396,-0.0028674672357738
2,14005,"P_educational_lag","Educational lag",-1.10882796440127,0.000134525034809485
2,14006,"P_educational_lag","Educational lag",-1.00848930238485,0.000222173926886171
2,14007,"P_educational_lag","Educational lag",-0.707473316335589,0.00404854770749807
2,14008,"P_educational_lag","Educational lag",-0.105441344237069,0.0059295273385942
2,14009,"P_educational_lag","Educational lag",-0.998455436183208,-0.00179564720019698
2,14011,"P_educational_lag","Educational lag",0.145405310803982,0.00838484521955252
2,14012,"P_educational_lag","Educational lag",-0.245915471060057,0.00635067420080304
2,14013,"P_educational_lag","Educational lag",-0.276017069664983,0.00608317879959941
2,14015,"P_educational_lag","Educational lag",-1.01852316858649,-0.00281938258558512
2,14016,"P_educational_lag","Educational lag",0.38621809964339,0.00773824006319046
2,14017,"P_educational_lag","Educational lag",-0.607134654319169,0.00792568270117044
2,14019,"P_educational_lag","Educational lag",0.717335684297576,0.00876197125762701
2,14020,"P_educational_lag","Educational lag",-0.135542942841995,0.00873831193894148
2,14021,"P_educational_lag","Educational lag",-0.316152534471551,0.00590109918266535
2,14022,"P_educational_lag","Educational lag",-0.466660527496181,0.00811246503144503
2,14024,"P_educational_lag","Educational lag",-1.10882796440127,-0.00410545710474253
2,14025,"P_educational_lag","Educational lag",-1.05865863339306,-0.0027103004977107
2,14027,"P_educational_lag","Educational lag",0.13537144460234,0.00833257101476192
2,14028,"P_educational_lag","Educational lag",0.305947170030254,0.00629277527332306
2,14029,"P_educational_lag","Educational lag",0.225676240417118,0.00580040691420436
2,14031,"P_educational_lag","Educational lag",0.616997022281156,0.00711515825241804
2,14033,"P_educational_lag","Educational lag",0.747437282902502,0.00472413748502731
2,14035,"P_educational_lag","Educational lag",-0.215813872455131,0.005874989554286
2,14036,"P_educational_lag","Educational lag",-1.33960688703904,-0.00127182528376579
2,14037,"P_educational_lag","Educational lag",-0.817845844553652,-0.000232249876717106
2,14038,"P_educational_lag","Educational lag",-0.0552720132288585,0.00690792175009847
2,14039,"P_educational_lag","Educational lag",-1.63058900688665,-0.0276844091713428
2,14040,"P_educational_lag","Educational lag",0.155439177005624,0.00989875383675098
2,14041,"P_educational_lag","Educational lag",0.406285832046674,0.00638778693974018
2,14042,"P_educational_lag","Educational lag",-0.145576809043637,0.00641135731711984
2,14043,"P_educational_lag","Educational lag",-0.105441344237069,0.00885642785578966
2,14044,"P_educational_lag","Educational lag",-0.827879710755294,-0.00369298085570335
2,14046,"P_educational_lag","Educational lag",0.0852021135941295,0.00587381701916456
2,14048,"P_educational_lag","Educational lag",1.16885966337147,0.00370506825856864
2,14051,"P_educational_lag","Educational lag",-1.19913276021605,-0.00402722414582968
2,14053,"P_educational_lag","Educational lag",-0.235881604858415,0.00559441465884447
2,14055,"P_educational_lag","Educational lag",-0.857981309360219,-0.00256960280239582
2,14058,"P_educational_lag","Educational lag",-0.837913576956935,-0.0023911742027849
2,14060,"P_educational_lag","Educational lag",0.416319698248316,0.00636215973645449
2,14061,"P_educational_lag","Educational lag",1.7508239030667,0.00511361192911863
2,14062,"P_educational_lag","Educational lag",-0.115475210438711,0.00629450101405382
2,14063,"P_educational_lag","Educational lag",-0.898116774166788,-0.00294482451863587
2,14064,"P_educational_lag","Educational lag",0.205608508013834,0.0070293415337801
2,14067,"P_educational_lag","Educational lag",-1.20916662641769,-0.00137430697213858
2,14068,"P_educational_lag","Educational lag",0.315981036231896,0.00835117325186729
2,14070,"P_educational_lag","Educational lag",-0.627202386722453,0.00417560432106256
2,14071,"P_educational_lag","Educational lag",0.516658360264736,0.00696443440392613
2,14072,"P_educational_lag","Educational lag",0.707301818095935,0.00739938393235207
2,14073,"P_educational_lag","Educational lag",-0.406457330286329,0.0076671508140862
2,14074,"P_educational_lag","Educational lag",-0.0853736118337846,0.00550915021449327
2,14075,"P_educational_lag","Educational lag",-0.817845844553652,-0.00140038155950606
2,14076,"P_educational_lag","Educational lag",0.38621809964339,0.00812953338027
2,14077,"P_educational_lag","Educational lag",-0.968353837578282,-0.00180973624810576
2,14078,"P_educational_lag","Educational lag",0.125337578400697,0.00562903750687838
2,14080,"P_educational_lag","Educational lag",-0.255949337261699,0.00690792175009847
2,14081,"P_educational_lag","Educational lag",0.606963156079514,0.00505648367106915
2,14083,"P_educational_lag","Educational lag",-0.857981309360219,-0.00221684412099421
2,14084,"P_educational_lag","Educational lag",-0.737574914940515,-0.00331444479525089
2,14090,"P_educational_lag","Educational lag",-0.356287999278119,0.00709936022758484
2,14091,"P_educational_lag","Educational lag",-0.175678407648563,0.00645626988261938
2,14093,"P_educational_lag","Educational lag",-0.677371717730664,0.00379554415121675
2,14094,"P_educational_lag","Educational lag",-0.797778112150368,0.000853743753395975
2,14095,"P_educational_lag","Educational lag",-0.577033055714243,0.00650058221071959
2,14097,"P_educational_lag","Educational lag",-1.12889569680455,-0.0021699455101043
2,14098,"P_educational_lag","Educational lag",-1.30950528843411,-0.00055111781693995
2,14100,"P_educational_lag","Educational lag",0.0350327825859195,0.00865343026816845
2,14101,"P_educational_lag","Educational lag",-1.19913276021605,-0.00138504873029888
2,14104,"P_educational_lag","Educational lag",-0.225847738656773,0.00716679124161601
2,14105,"P_educational_lag","Educational lag",-0.0151365484222906,0.0055017857812345
2,14109,"P_educational_lag","Educational lag",0.0350327825859195,0.00765315210446715
2,14110,"P_educational_lag","Educational lag",-0.938252238973356,-0.00183536391705275
2,14111,"P_educational_lag","Educational lag",0.0852021135941295,0.00514503056183457
2,14114,"P_educational_lag","Educational lag",-0.536897590907675,0.00649376586079597
2,14115,"P_educational_lag","Educational lag",0.305947170030254,0.00600709347054362
2,14116,"P_educational_lag","Educational lag",-0.175678407648563,0.00590123049914837
2,14117,"P_educational_lag","Educational lag",1.04845326895176,0.00566276721656322
2,14118,"P_educational_lag","Educational lag",0.0149650501826355,0.00707373302429914
2,14120,"P_educational_lag","Educational lag",-1.47004714766038,-0.0305896122008562
2,14123,"P_educational_lag","Educational lag",0.13537144460234,0.00563963688910007
2,14124,"P_educational_lag","Educational lag",-0.115475210438711,0.0057642525061965
2,14125,"P_educational_lag","Educational lag",0.526692226466378,0.00511663919314742
2,15001,"P_educational_lag","Educational lag",-0.587066921915885,0.008880365639925
2,15002,"P_educational_lag","Educational lag",-1.58041967587844,-0.0309286285191774
2,15003,"P_educational_lag","Educational lag",-0.918184506570072,-0.00120662548579276
2,15004,"P_educational_lag","Educational lag",-0.587066921915885,0.00565011287108064
2,15005,"P_educational_lag","Educational lag",-0.868015175561862,0.00204500090330839
2,15007,"P_educational_lag","Educational lag",-0.587066921915885,0.0098067969083786
2,15008,"P_educational_lag","Educational lag",-0.426525062689613,0.00857472326606512
2,15009,"P_educational_lag","Educational lag",-1.68075833789486,-0.0654103457927704
2,15010,"P_educational_lag","Educational lag",-1.27940368982918,-0.00161080691032112
2,15011,"P_educational_lag","Educational lag",-1.4499794152571,-0.101104870438576
2,15014,"P_educational_lag","Educational lag",-0.938252238973356,0.00248061213642359
2,15015,"P_educational_lag","Educational lag",-1.09879409819963,0.00211086357012391
2,15016,"P_educational_lag","Educational lag",-1.28943755603083,-0.00208518630824983
2,15017,"P_educational_lag","Educational lag",-1.761029267508,-0.084576241672039
2,15018,"P_educational_lag","Educational lag",-1.5703858096768,-0.0457926169037819
2,15020,"P_educational_lag","Educational lag",-2.11221458456547,-0.0426819361746311
2,15021,"P_educational_lag","Educational lag",-0.306118668269909,0.00951339490711689
2,15025,"P_educational_lag","Educational lag",-1.41987781665217,-0.0606799088418484
2,15026,"P_educational_lag","Educational lag",-0.717507182537231,-0.000823758426122367
2,15032,"P_educational_lag","Educational lag",0.0852021135941295,0.00975371338427067
2,15033,"P_educational_lag","Educational lag",-1.69079220409651,-0.0298631116747856
2,15035,"P_educational_lag","Educational lag",-1.52021647866859,-0.0257645137608051
2,15036,"P_educational_lag","Educational lag",-1.1389295630062,0.000985604128800333
2,15037,"P_educational_lag","Educational lag",-1.56035194347516,-0.029759306460619
2,15039,"P_educational_lag","Educational lag",-1.58041967587844,-0.0380216464400291
2,15040,"P_educational_lag","Educational lag",-1.29947142223247,-0.00141631881706417
2,15041,"P_educational_lag","Educational lag",1.18892739577475,0.00905606616288424
2,15042,"P_educational_lag","Educational lag",-0.928218372771714,0.0011900004465133
2,15043,"P_educational_lag","Educational lag",-1.2593359574259,0.00242002005688846
2,15045,"P_educational_lag","Educational lag",-1.18909889401441,0.00031488316017203
2,15046,"P_educational_lag","Educational lag",-1.41987781665217,-0.0969728752970695
2,15047,"P_educational_lag","Educational lag",-0.687405583932305,0.00871473643928766
2,15048,"P_educational_lag","Educational lag",-1.35967461944232,0.000248674856266007
2,15050,"P_educational_lag","Educational lag",-1.11886183060291,0.00262158084660769
2,15051,"P_educational_lag","Educational lag",-1.85133406332278,-0.047148410230875
2,15052,"P_educational_lag","Educational lag",-0.466660527496181,0.00969137344509363
2,15054,"P_educational_lag","Educational lag",-1.9516727253392,-0.0389356315135956
2,15056,"P_educational_lag","Educational lag",-0.376355731681403,0.00958231836557388
2,15057,"P_educational_lag","Educational lag",-1.55031807727352,-0.028297558426857
2,15060,"P_educational_lag","Educational lag",-1.52021647866859,-0.033456064760685
2,15062,"P_educational_lag","Educational lag",-1.69079220409651,-0.0546669661998749
2,15063,"P_educational_lag","Educational lag",-0.767676513545441,-0.00165662937797606
2,15064,"P_educational_lag","Educational lag",-1.15899729540948,0.00014207127969712
2,15065,"P_educational_lag","Educational lag",-1.31953915463575,-0.00184964807704091
2,15066,"P_educational_lag","Educational lag",0.225676240417118,0.00755770038813353
2,15067,"P_educational_lag","Educational lag",-1.14896342920784,0.0004138779186178
2,15070,"P_educational_lag","Educational lag",-1.28943755603083,-0.00169848627410829
2,15071,"P_educational_lag","Educational lag",-1.19913276021605,-0.00179730891250074
2,15073,"P_educational_lag","Educational lag",-1.85133406332278,-0.0331138744950294
2,15074,"P_educational_lag","Educational lag",-0.326186400673193,0.00976873468607664
2,15076,"P_educational_lag","Educational lag",-1.51018261246695,-0.0459108129143715
2,15077,"P_educational_lag","Educational lag",-0.456626661294539,0.0101411137729883
2,15078,"P_educational_lag","Educational lag",-0.0653058794305006,0.00834043230861425
2,15079,"P_educational_lag","Educational lag",-1.33960688703904,-0.00355417584069073
2,15080,"P_educational_lag","Educational lag",-0.286050935866625,0.010489396750927
2,15081,"P_educational_lag","Educational lag",-1.83126633091949,-0.0314996503293514
2,15082,"P_educational_lag","Educational lag",-0.647270119125737,0.00792437326163054
2,15084,"P_educational_lag","Educational lag",-1.29947142223247,0.000396475399611518
2,15085,"P_educational_lag","Educational lag",-0.436558928891255,0.00849759858101606
2,15086,"P_educational_lag","Educational lag",-0.657303985327379,0.0086068557575345
2,15087,"P_educational_lag","Educational lag",-0.717507182537231,0.000590477138757706
2,15088,"P_educational_lag","Educational lag",-0.978387703779924,0.00268800277262926
2,15090,"P_educational_lag","Educational lag",-0.918184506570072,0.00100282160565257
2,15092,"P_educational_lag","Educational lag",-1.67072447169322,-0.0338726192712784
2,15093,"P_educational_lag","Educational lag",-1.58041967587844,-0.0691713467240334
2,15094,"P_educational_lag","Educational lag",-1.23926822502262,0.000262469460722059
2,15095,"P_educational_lag","Educational lag",-1.47004714766038,-0.0425235889852047
2,15096,"P_educational_lag","Educational lag",-1.34964075324068,-0.00498135341331363
2,15097,"P_educational_lag","Educational lag",-0.797778112150368,-0.000850281852763146
2,15099,"P_educational_lag","Educational lag",-1.50014874626531,-0.0859068185091019
2,15100,"P_educational_lag","Educational lag",-1.6406228730883,-0.0948068276047707
2,15101,"P_educational_lag","Educational lag",-1.30950528843411,0.00158424885012209
2,15102,"P_educational_lag","Educational lag",-1.0686924995947,-0.00323164346627891
2,15103,"P_educational_lag","Educational lag",-1.78109699991128,-0.0656547397375107
2,15104,"P_educational_lag","Educational lag",-1.69079220409651,-0.0519172884523869
2,15105,"P_educational_lag","Educational lag",-0.115475210438711,0.0077717611566186
2,15106,"P_educational_lag","Educational lag",-1.46001328145874,-0.0402387790381908
2,15107,"P_educational_lag","Educational lag",-0.868015175561862,-0.00216606468893588
2,15109,"P_educational_lag","Educational lag",-1.60048740828173,-0.0260991174727678
2,15110,"P_educational_lag","Educational lag",-0.868015175561862,0.000473365769721568
2,15111,"P_educational_lag","Educational lag",-0.195746140051847,0.00973695330321789
2,15112,"P_educational_lag","Educational lag",-0.697439450133947,0.0092543251812458
2,15113,"P_educational_lag","Educational lag",0.616997022281156,0.00916710216552019
2,15114,"P_educational_lag","Educational lag",0.275845571425328,0.00982058141380548
2,15115,"P_educational_lag","Educational lag",-1.1389295630062,0.000423592748120427
2,15116,"P_educational_lag","Educational lag",0.155439177005624,0.00579064572229981
2,15117,"P_educational_lag","Educational lag",-0.00510268222064844,0.0105917733162642
2,15118,"P_educational_lag","Educational lag",-1.30950528843411,-0.00116761843673885
2,15119,"P_educational_lag","Educational lag",-0.205780006253489,0.0094428788870573
2,15120,"P_educational_lag","Educational lag",-1.35967461944232,-0.00207124324515462
2,15121,"P_educational_lag","Educational lag",-1.86136792952442,-0.0283765867352486
2,15123,"P_educational_lag","Educational lag",0.115303712199056,0.0100006749853492
2,15124,"P_educational_lag","Educational lag",0.265811705223686,0.0098113538697362
2,16003,"P_educational_lag","Educational lag",0.18554077561055,0.00776835903525352
2,16007,"P_educational_lag","Educational lag",-0.0753397456321428,0.00973894726485014
2,16013,"P_educational_lag","Educational lag",0.867843677322206,0.00689041893929243
2,16017,"P_educational_lag","Educational lag",0.275845571425328,0.00757179968059063
2,16018,"P_educational_lag","Educational lag",0.556793825071304,0.00918992049992085
2,16020,"P_educational_lag","Educational lag",0.546759958869662,0.00699966493993998
2,16022,"P_educational_lag","Educational lag",0.125337578400697,0.0103528006002307
2,16031,"P_educational_lag","Educational lag",0.63706475468444,0.00445004506036639
2,16034,"P_educational_lag","Educational lag",0.446421296853242,0.00922631099820137
2,16038,"P_educational_lag","Educational lag",0.155439177005624,0.00688716303557158
2,16040,"P_educational_lag","Educational lag",0.727369550499218,0.00942172203212976
2,16041,"P_educational_lag","Educational lag",0.556793825071304,0.00922631099820137
2,16046,"P_educational_lag","Educational lag",0.426353564449958,0.00764965685084462
2,16047,"P_educational_lag","Educational lag",0.155439177005624,0.00983564648777246
2,16049,"P_educational_lag","Educational lag",1.0584871351534,0.00931851472705603
2,16050,"P_educational_lag","Educational lag",0.376184233441748,0.00956631544977427
2,16057,"P_educational_lag","Educational lag",0.556793825071304,0.00714537501335144
2,16072,"P_educational_lag","Educational lag",0.38621809964339,0.00753508089110255
2,16077,"P_educational_lag","Educational lag",0.797606613910713,0.00681618321686983
2,16078,"P_educational_lag","Educational lag",0.0852021135941295,0.00832015369087458
2,16080,"P_educational_lag","Educational lag",0.496590627861452,0.00922631099820137
2,16081,"P_educational_lag","Educational lag",1.47990951562237,0.00794599112123251
2,16088,"P_educational_lag","Educational lag",-0.737574914940515,-0.00355935166589916
2,16092,"P_educational_lag","Educational lag",1.0584871351534,0.00716684013605118
2,16093,"P_educational_lag","Educational lag",-0.165644541446921,0.0097746467217803
2,16098,"P_educational_lag","Educational lag",0.155439177005624,0.00776842702180147
2,16099,"P_educational_lag","Educational lag",1.00831780414519,0.00681634433567524
2,16101,"P_educational_lag","Educational lag",1.22906286058132,0.00818419735878706
2,16110,"P_educational_lag","Educational lag",0.496590627861452,0.00460375798866153
2,16112,"P_educational_lag","Educational lag",-0.376355731681403,0.00844191946089268
2,17001,"P_educational_lag","Educational lag",-0.265983203463341,0.00879433564841747
2,17002,"P_educational_lag","Educational lag",-0.757642647343799,-0.000832375197205693
2,17003,"P_educational_lag","Educational lag",0.0249989163842773,0.0098929088562727
2,17004,"P_educational_lag","Educational lag",-0.476694393697823,0.00806167535483837
2,17005,"P_educational_lag","Educational lag",-0.165644541446921,0.00842082127928734
2,17006,"P_educational_lag","Educational lag",-1.1389295630062,-0.00293469452299178
2,17007,"P_educational_lag","Educational lag",-1.65065673928994,-0.027862997725606
2,17008,"P_educational_lag","Educational lag",-1.19913276021605,-0.00212767696939409
2,17009,"P_educational_lag","Educational lag",-1.41987781665217,-0.0629348084330559
2,17010,"P_educational_lag","Educational lag",-0.787744245948725,-0.00292751472443342
2,17012,"P_educational_lag","Educational lag",-1.08876023199799,-0.00235787429846823
2,17013,"P_educational_lag","Educational lag",-0.587066921915885,0.00690074916929007
2,17014,"P_educational_lag","Educational lag",-0.265983203463341,0.00683084782212973
2,17015,"P_educational_lag","Educational lag",-0.777710379747084,-0.0064939740113914
2,17016,"P_educational_lag","Educational lag",-1.01852316858649,0.00179163017310202
2,17017,"P_educational_lag","Educational lag",-0.888082907965146,0.000113254849566147
2,17018,"P_educational_lag","Educational lag",-0.827879710755294,-0.00282934214919806
2,17019,"P_educational_lag","Educational lag",-0.386389597883045,0.00813881400972605
2,17020,"P_educational_lag","Educational lag",-1.26936982362754,-0.00269665289670229
2,17021,"P_educational_lag","Educational lag",-0.486728259899465,0.0069123413413763
2,17022,"P_educational_lag","Educational lag",-0.847947443158578,0.00248160283081234
2,17023,"P_educational_lag","Educational lag",-0.536897590907675,0.0100264139473438
2,17024,"P_educational_lag","Educational lag",-0.95831997137664,-0.00441232090815902
2,17025,"P_educational_lag","Educational lag",-0.556965323310959,0.00609606178477407
2,17026,"P_educational_lag","Educational lag",-0.918184506570072,0.00227770721539855
2,17027,"P_educational_lag","Educational lag",-0.807811978352009,4.12210138165392e-05
2,17028,"P_educational_lag","Educational lag",-0.918184506570072,-0.00223636487498879
2,17029,"P_educational_lag","Educational lag",-1.04862476719142,-0.000830532517284155
2,17030,"P_educational_lag","Educational lag",-0.847947443158578,0.000793718965724111
2,17032,"P_educational_lag","Educational lag",-1.07872636579634,-0.00266109430231154
2,17035,"P_educational_lag","Educational lag",-0.597100788117527,0.00992617476731539
2,18001,"P_educational_lag","Educational lag",-1.02855703478813,-0.000917867640964687
2,18002,"P_educational_lag","Educational lag",-0.998455436183208,-0.00153718958608806
2,18003,"P_educational_lag","Educational lag",-0.506795992302749,0.00655337050557137
2,18004,"P_educational_lag","Educational lag",-0.617168520520811,0.00523380609229207
2,18005,"P_educational_lag","Educational lag",-0.265983203463341,0.0108670359477401
2,18006,"P_educational_lag","Educational lag",-1.02855703478813,8.732097921893e-05
2,18007,"P_educational_lag","Educational lag",-0.978387703779924,0.00164705817587674
2,18008,"P_educational_lag","Educational lag",-1.49011488006367,-0.0278889834880829
2,18009,"P_educational_lag","Educational lag",1.70065457205849,0.00563131738454103
2,18010,"P_educational_lag","Educational lag",-0.667337851529021,0.00519513012841344
2,18011,"P_educational_lag","Educational lag",-0.978387703779924,-0.00287418183870614
2,18012,"P_educational_lag","Educational lag",-0.386389597883045,0.00635130004957318
2,18013,"P_educational_lag","Educational lag",-0.396423464084687,0.00691887876018882
2,18014,"P_educational_lag","Educational lag",-0.727541048738873,-0.00401918543502688
2,18015,"P_educational_lag","Educational lag",-0.747608781142157,-0.00475175026804209
2,18016,"P_educational_lag","Educational lag",-0.938252238973356,-0.00157443154603243
2,18017,"P_educational_lag","Educational lag",-1.62055514068501,-0.0283555258065462
2,18018,"P_educational_lag","Educational lag",-1.05865863339306,-0.00183489534538239
2,18019,"P_educational_lag","Educational lag",0.988250071741911,0.00861108768731356
2,18020,"P_educational_lag","Educational lag",-0.898116774166788,-0.000647331704385579
2,19002,"P_educational_lag","Educational lag",-0.526863724706033,0.00527584599331021
2,19003,"P_educational_lag","Educational lag",0.13537144460234,0.0058689615689218
2,19004,"P_educational_lag","Educational lag",-0.898116774166788,-0.000765235745348036
2,19005,"P_educational_lag","Educational lag",-0.396423464084687,0.00664588110521436
2,19006,"P_educational_lag","Educational lag",-1.91153726053263,-0.0321228951215744
2,19007,"P_educational_lag","Educational lag",-0.00510268222064844,0.00938362162560225
2,19008,"P_educational_lag","Educational lag",-1.02855703478813,-0.00240526534616947
2,19009,"P_educational_lag","Educational lag",-1.17906502781276,-0.00201055174693465
2,19010,"P_educational_lag","Educational lag",-1.29947142223247,-0.0033036598470062
2,19011,"P_educational_lag","Educational lag",-0.396423464084687,0.00528348097577691
2,19012,"P_educational_lag","Educational lag",-1.21920049261933,-0.00255065830424428
2,19013,"P_educational_lag","Educational lag",-0.0352042808255745,0.00573617126792669
2,19015,"P_educational_lag","Educational lag",0.28587943762697,0.00572772696614265
2,19016,"P_educational_lag","Educational lag",-0.195746140051847,0.00495837489143014
2,19017,"P_educational_lag","Educational lag",-0.0954074780354267,0.0076526221819222
2,19018,"P_educational_lag","Educational lag",-1.47004714766038,-0.0132979396730661
2,19019,"P_educational_lag","Educational lag",-2.21255324658189,-0.0574121214449406
2,19020,"P_educational_lag","Educational lag",0.0350327825859195,0.00506074074655771
2,19021,"P_educational_lag","Educational lag",-1.43994554905546,-0.0317772813141346
2,19022,"P_educational_lag","Educational lag",-0.506795992302749,0.00599675392732024
2,19023,"P_educational_lag","Educational lag",0.0751682473924874,0.00553241185843945
2,19025,"P_educational_lag","Educational lag",-1.48008101386202,-0.02391860447824
2,19026,"P_educational_lag","Educational lag",-1.59045354208009,-0.02436313778162
2,19027,"P_educational_lag","Educational lag",0.195574641812192,0.00508642755448818
2,19029,"P_educational_lag","Educational lag",-0.908150640368429,-0.00239640334621072
2,19030,"P_educational_lag","Educational lag",0.00493118398099336,0.00952970422804356
2,19031,"P_educational_lag","Educational lag",-1.52021647866859,-0.0203589722514153
2,19032,"P_educational_lag","Educational lag",-0.486728259899465,0.00565537950024009
2,19033,"P_educational_lag","Educational lag",-0.968353837578282,-0.00062829302623868
2,19035,"P_educational_lag","Educational lag",-0.777710379747084,-0.00498065026476979
2,19037,"P_educational_lag","Educational lag",-0.486728259899465,0.00491408910602331
2,19038,"P_educational_lag","Educational lag",-1.14896342920784,-0.000986524042673409
2,19039,"P_educational_lag","Educational lag",-1.56035194347516,-0.0294041763991117
2,19040,"P_educational_lag","Educational lag",-0.637236252924095,0.00687233684584498
2,19041,"P_educational_lag","Educational lag",-1.23926822502262,-0.00260865804739296
2,19042,"P_educational_lag","Educational lag",-0.245915471060057,0.00574871059507132
2,19043,"P_educational_lag","Educational lag",0.958148473136985,0.00740626966580749
2,19044,"P_educational_lag","Educational lag",-1.08876023199799,-0.000682619749568403
2,19045,"P_educational_lag","Educational lag",-1.16903116161112,-0.00260865804739296
2,19046,"P_educational_lag","Educational lag",-1.83126633091949,-0.0435610115528107
2,19047,"P_educational_lag","Educational lag",-1.10882796440127,-0.00052815314847976
2,19048,"P_educational_lag","Educational lag",-1.61052127448337,-0.0321802087128162
2,19049,"P_educational_lag","Educational lag",-1.2593359574259,-0.00118248001672328
2,19050,"P_educational_lag","Educational lag",0.145405310803982,0.00472351023927331
2,19051,"P_educational_lag","Educational lag",-0.928218372771714,-0.00276314420625567
2,20005,"P_educational_lag","Educational lag",-0.145576809043637,0.00562475249171257
2,20008,"P_educational_lag","Educational lag",0.817674346313996,0.00767304003238678
2,20010,"P_educational_lag","Educational lag",-0.617168520520811,0.00465720845386386
2,20012,"P_educational_lag","Educational lag",1.39963858600923,0.0080991443246603
2,20014,"P_educational_lag","Educational lag",-1.00848930238485,0.000254907237831503
2,20015,"P_educational_lag","Educational lag",2.41305907237508,0.00324673671275377
2,20017,"P_educational_lag","Educational lag",1.38960471980759,0.00548091996461153
2,20021,"P_educational_lag","Educational lag",0.115303712199056,0.00792602729052305
2,20028,"P_educational_lag","Educational lag",0.68723408569265,0.00868815556168556
2,20036,"P_educational_lag","Educational lag",1.07855486755669,0.00716701243072748
2,20043,"P_educational_lag","Educational lag",-0.276017069664983,0.00885389838367701
2,20052,"P_educational_lag","Educational lag",-0.326186400673193,0.00753970630466938
2,20053,"P_educational_lag","Educational lag",-0.225847738656773,0.00782434549182653
2,20057,"P_educational_lag","Educational lag",-0.255949337261699,0.00738800037652254
2,20059,"P_educational_lag","Educational lag",0.245743972820402,0.00792443659156561
2,20061,"P_educational_lag","Educational lag",1.65048524105028,-0.00245031877420843
2,20066,"P_educational_lag","Educational lag",0.426353564449958,0.00891455821692944
2,20070,"P_educational_lag","Educational lag",0.48655676165981,0.00920036621391773
2,20071,"P_educational_lag","Educational lag",0.897945275927133,0.00866889301687479
2,20075,"P_educational_lag","Educational lag",0.476522895458168,0.00486016040667892
2,20076,"P_educational_lag","Educational lag",0.4363874306516,0.0100774802267551
2,20079,"P_educational_lag","Educational lag",-1.08876023199799,-0.000444023404270411
2,20080,"P_educational_lag","Educational lag",1.4397740508158,0.00609791791066527
2,20082,"P_educational_lag","Educational lag",0.476522895458168,0.00671653682366014
2,20085,"P_educational_lag","Educational lag",1.45984178321909,0.00839168671518564
2,20090,"P_educational_lag","Educational lag",-0.145576809043637,0.00818868260830641
2,20113,"P_educational_lag","Educational lag",1.04845326895176,0.00763011677190661
2,20117,"P_educational_lag","Educational lag",0.978216205540268,0.00702697038650513
2,20122,"P_educational_lag","Educational lag",-0.938252238973356,0.000525991141330451
2,20124,"P_educational_lag","Educational lag",1.44980791701744,0.00920973159372807
2,20125,"P_educational_lag","Educational lag",0.606963156079514,0.00891738291829824
2,20126,"P_educational_lag","Educational lag",1.04845326895176,0.00925958249717951
2,20130,"P_educational_lag","Educational lag",0.78757274770907,0.00680871121585369
2,20141,"P_educational_lag","Educational lag",0.63706475468444,0.00670630345121026
2,20143,"P_educational_lag","Educational lag",0.315981036231896,0.00690521625801921
2,20146,"P_educational_lag","Educational lag",0.13537144460234,0.00956929847598076
2,20148,"P_educational_lag","Educational lag",0.727369550499218,0.00875646527856588
2,20149,"P_educational_lag","Educational lag",1.79095936787327,0.00661059515550733
2,20153,"P_educational_lag","Educational lag",0.376184233441748,0.00952153000980616
2,20154,"P_educational_lag","Educational lag",1.13875806476654,0.00569832231849432
2,20159,"P_educational_lag","Educational lag",0.396251965845032,0.00980697572231293
2,20170,"P_educational_lag","Educational lag",1.5100111142273,0.00894627533853054
2,20185,"P_educational_lag","Educational lag",-0.526863724706033,0.00673634419217706
2,20190,"P_educational_lag","Educational lag",0.426353564449958,0.00791042484343052
2,20198,"P_educational_lag","Educational lag",1.25916445918625,0.00516088772565126
2,20202,"P_educational_lag","Educational lag",0.918013008330416,0.00860456936061382
2,20203,"P_educational_lag","Educational lag",0.827708212515638,0.00942450948059559
2,20204,"P_educational_lag","Educational lag",-0.316152534471551,0.00928440410643816
2,20207,"P_educational_lag","Educational lag",1.02838553654848,0.00880099274218082
2,20211,"P_educational_lag","Educational lag",1.00831780414519,0.00891288928687572
2,20213,"P_educational_lag","Educational lag",1.58024817763879,0.00510553456842899
2,20225,"P_educational_lag","Educational lag",0.63706475468444,0.00759019795805216
2,20229,"P_educational_lag","Educational lag",1.68058683965521,0.00769923161715269
2,20235,"P_educational_lag","Educational lag",1.29929992399281,0.00542520917952061
2,20253,"P_educational_lag","Educational lag",1.76085776926835,0.00226102559827268
2,20254,"P_educational_lag","Educational lag",0.727369550499218,0.00892414152622223
2,20263,"P_educational_lag","Educational lag",1.77089163546999,0.00327387941069901
2,20265,"P_educational_lag","Educational lag",0.918013008330416,0.00710567645728588
2,20266,"P_educational_lag","Educational lag",1.15882579716983,0.00706163188442588
2,20272,"P_educational_lag","Educational lag",1.54011271283222,0.00599773414433002
2,20277,"P_educational_lag","Educational lag",0.9380807407337,0.00842590909451246
2,20279,"P_educational_lag","Educational lag",0.456455163054884,0.00993286911398172
2,20282,"P_educational_lag","Educational lag",-0.0251704146239327,0.00917101372033358
2,20285,"P_educational_lag","Educational lag",-0.0352042808255745,0.00784141849726439
2,20291,"P_educational_lag","Educational lag",0.416319698248316,0.010106448084116
2,20300,"P_educational_lag","Educational lag",0.978216205540268,0.00729322992265224
2,20302,"P_educational_lag","Educational lag",1.23909672678296,0.00904866028577089
2,20306,"P_educational_lag","Educational lag",1.84112869888148,0.00515394378453493
2,20307,"P_educational_lag","Educational lag",-0.296084802068267,0.00863679870963097
2,20308,"P_educational_lag","Educational lag",-0.316152534471551,0.0102337691932917
2,20316,"P_educational_lag","Educational lag",-0.556965323310959,0.00855699833482504
2,20318,"P_educational_lag","Educational lag",-0.245915471060057,0.00672181881964207
2,20319,"P_educational_lag","Educational lag",0.346082634836822,0.0086396737024188
2,20324,"P_educational_lag","Educational lag",0.23571010661876,0.0096050975844264
2,20327,"P_educational_lag","Educational lag",1.08858873375833,0.0054594618268311
2,20334,"P_educational_lag","Educational lag",0.747437282902502,0.00728923361748457
2,20344,"P_educational_lag","Educational lag",0.677200219491008,0.00671017216518521
2,20345,"P_educational_lag","Educational lag",0.115303712199056,0.00786498095840216
2,20353,"P_educational_lag","Educational lag",0.847775944918922,0.00943614449352026
2,20357,"P_educational_lag","Educational lag",0.326014902433538,0.010095676407218
2,20364,"P_educational_lag","Educational lag",0.817674346313996,0.00897413678467274
2,20366,"P_educational_lag","Educational lag",1.22906286058132,0.00763099920004606
2,20367,"P_educational_lag","Educational lag",1.42974018461416,0.00939619075506926
2,20386,"P_educational_lag","Educational lag",1.49997724802565,0.00876669865101576
2,20391,"P_educational_lag","Educational lag",2.36288974136687,0.00564054492861032
2,20398,"P_educational_lag","Educational lag",1.41970631841252,0.00588597822934389
2,20401,"P_educational_lag","Educational lag",0.0551005149892034,0.00977772939950228
2,20402,"P_educational_lag","Educational lag",0.326014902433538,0.00787890050560236
2,20407,"P_educational_lag","Educational lag",1.34946925500102,0.00653514545410872
2,20410,"P_educational_lag","Educational lag",-0.496762126101107,0.00919771939516068
2,20412,"P_educational_lag","Educational lag",1.15882579716983,0.00624749204143882
2,20413,"P_educational_lag","Educational lag",-0.316152534471551,0.00528050726279616
2,20414,"P_educational_lag","Educational lag",0.576861557474588,0.00671018846333027
2,20415,"P_educational_lag","Educational lag",1.01835167034684,0.00866552721709013
2,20418,"P_educational_lag","Educational lag",-0.115475210438711,0.0075649400241673
2,20421,"P_educational_lag","Educational lag",-0.566999189512601,0.00753145478665829
2,20424,"P_educational_lag","Educational lag",0.9380807407337,0.00860558170825243
2,20427,"P_educational_lag","Educational lag",-0.145576809043637,0.00834177248179913
2,20428,"P_educational_lag","Educational lag",0.456455163054884,0.00954705011099577
2,20439,"P_educational_lag","Educational lag",1.17889352957311,0.0091148754581809
2,20440,"P_educational_lag","Educational lag",0.918013008330416,0.00769866816699505
2,20441,"P_educational_lag","Educational lag",1.64045137484864,0.0081110242754221
2,20448,"P_educational_lag","Educational lag",0.747437282902502,0.00931840017437935
2,20449,"P_educational_lag","Educational lag",1.26919832538789,0.00598730240017176
2,20450,"P_educational_lag","Educational lag",1.48994338182401,0.00923484377563
2,20453,"P_educational_lag","Educational lag",-0.366321865479761,0.00917101372033358
2,20465,"P_educational_lag","Educational lag",1.00831780414519,0.0089025478810072
2,20466,"P_educational_lag","Educational lag",2.28261881175373,0.00742649752646685
2,20467,"P_educational_lag","Educational lag",0.466489029256526,0.00665938435122371
2,20470,"P_educational_lag","Educational lag",1.38960471980759,0.006349993404001
2,20472,"P_educational_lag","Educational lag",-0.306118668269909,0.00664025079458952
2,20474,"P_educational_lag","Educational lag",0.105269845997413,0.00806077942252159
2,20477,"P_educational_lag","Educational lag",2.23244948074552,0.00221807416528463
2,20482,"P_educational_lag","Educational lag",0.0149650501826355,0.00662073725834489
2,20485,"P_educational_lag","Educational lag",1.55014657903386,0.00245255208574235
2,20489,"P_educational_lag","Educational lag",0.657132487087724,0.00669090868905187
2,20495,"P_educational_lag","Educational lag",1.91136576229298,0.00408280920237303
2,20498,"P_educational_lag","Educational lag",0.797606613910713,0.00676961475983262
2,20505,"P_educational_lag","Educational lag",-0.0753397456321428,0.00853967387229204
2,20507,"P_educational_lag","Educational lag",0.948114606935343,0.00677559990435839
2,20508,"P_educational_lag","Educational lag",-0.536897590907675,0.00726089300587773
2,20509,"P_educational_lag","Educational lag",2.06187375531761,0.00738820247352123
2,20512,"P_educational_lag","Educational lag",1.41970631841252,0.00783152133226395
2,20513,"P_educational_lag","Educational lag",0.616997022281156,0.00706658000126481
2,20515,"P_educational_lag","Educational lag",-0.276017069664983,0.0068318210542202
2,20516,"P_educational_lag","Educational lag",0.958148473136985,0.00942450948059559
2,20525,"P_educational_lag","Educational lag",0.506624494063094,0.0073388391174376
2,20526,"P_educational_lag","Educational lag",1.17889352957311,0.00709250709041953
2,20533,"P_educational_lag","Educational lag",0.4363874306516,0.00807180535048246
2,20534,"P_educational_lag","Educational lag",1.84112869888148,0.00328403082676232
2,20535,"P_educational_lag","Educational lag",0.305947170030254,0.00973431300371885
2,20543,"P_educational_lag","Educational lag",1.42974018461416,0.00908597558736801
2,20557,"P_educational_lag","Educational lag",-0.777710379747084,-0.000428747123805806
2,20563,"P_educational_lag","Educational lag",2.58363479780299,-0.00215084245428443
2,21001,"P_educational_lag","Educational lag",0.155439177005624,0.00930491369217634
2,21002,"P_educational_lag","Educational lag",0.255777839022044,0.00859005469828844
2,21004,"P_educational_lag","Educational lag",0.165473043207266,0.00929008703678846
2,21005,"P_educational_lag","Educational lag",1.0584871351534,0.00783953536301851
2,21006,"P_educational_lag","Educational lag",0.677200219491008,0.00924092903733253
2,21007,"P_educational_lag","Educational lag",1.13875806476654,0.00757163343951106
2,21008,"P_educational_lag","Educational lag",-0.898116774166788,0.00124457781203091
2,21011,"P_educational_lag","Educational lag",0.968182339338626,0.0069002965465188
2,21012,"P_educational_lag","Educational lag",0.195574641812192,0.0105834025889635
2,21015,"P_educational_lag","Educational lag",-0.918184506570072,0.00107781554106623
2,21016,"P_educational_lag","Educational lag",0.225676240417118,0.00775338988751173
2,21019,"P_educational_lag","Educational lag",-0.386389597883045,0.0046856552362442
2,21022,"P_educational_lag","Educational lag",0.576861557474588,0.00918486155569553
2,21023,"P_educational_lag","Educational lag",0.897945275927133,0.00915472116321325
2,21025,"P_educational_lag","Educational lag",0.125337578400697,0.00787132885307074
2,21026,"P_educational_lag","Educational lag",0.0651343811908456,0.0100001003593206
2,21031,"P_educational_lag","Educational lag",1.44980791701744,0.00542520917952061
2,21032,"P_educational_lag","Educational lag",0.817674346313996,0.00728867389261723
2,21039,"P_educational_lag","Educational lag",0.516658360264736,0.0072507681325078
2,21040,"P_educational_lag","Educational lag",-0.245915471060057,0.00985695421695709
2,21043,"P_educational_lag","Educational lag",0.0852021135941295,0.00982283148914576
2,21044,"P_educational_lag","Educational lag",-0.356287999278119,0.00721360696479678
2,21045,"P_educational_lag","Educational lag",-0.426525062689613,0.00879401061683893
2,21046,"P_educational_lag","Educational lag",0.376184233441748,0.00931169558316469
2,21047,"P_educational_lag","Educational lag",-0.195746140051847,0.00774673651903868
2,21048,"P_educational_lag","Educational lag",-0.817845844553652,-0.00111437006853521
2,21049,"P_educational_lag","Educational lag",0.88791140972549,0.00939563754945993
2,21050,"P_educational_lag","Educational lag",1.44980791701744,0.00913651008158922
2,21051,"P_educational_lag","Educational lag",0.13537144460234,0.00553497252985835
2,21053,"P_educational_lag","Educational lag",-0.175678407648563,0.00721360696479678
2,21054,"P_educational_lag","Educational lag",0.18554077561055,0.00802176352590322
2,21056,"P_educational_lag","Educational lag",1.2491305929846,0.00568838277831674
2,21057,"P_educational_lag","Educational lag",0.627030888482798,0.00864026881754398
2,21058,"P_educational_lag","Educational lag",1.28926605779117,0.00919238198548555
2,21061,"P_educational_lag","Educational lag",1.95150122709954,0.00790387019515038
2,21062,"P_educational_lag","Educational lag",0.275845571425328,0.0082098301500082
2,21063,"P_educational_lag","Educational lag",-0.235881604858415,0.0074565913528204
2,21065,"P_educational_lag","Educational lag",0.757471149104145,0.0092652877792716
2,21067,"P_educational_lag","Educational lag",0.13537144460234,0.00747937057167292
2,21069,"P_educational_lag","Educational lag",0.606963156079514,0.00918486155569553
2,21070,"P_educational_lag","Educational lag",1.20899512817804,0.00597075000405312
2,21071,"P_educational_lag","Educational lag",-0.647270119125737,0.00632767658680677
2,21072,"P_educational_lag","Educational lag",1.66051910725193,0.00356088043190539
2,21073,"P_educational_lag","Educational lag",0.265811705223686,0.00982100237160921
2,21074,"P_educational_lag","Educational lag",-0.817845844553652,-0.000882520049344748
2,21076,"P_educational_lag","Educational lag",0.23571010661876,0.00772735010832548
2,21077,"P_educational_lag","Educational lag",1.85116256508312,0.00757547374814749
2,21078,"P_educational_lag","Educational lag",1.78092550167163,0.00791448727250099
2,21079,"P_educational_lag","Educational lag",-0.687405583932305,0.0072162807919085
2,21081,"P_educational_lag","Educational lag",0.968182339338626,0.00688751880079508
2,21083,"P_educational_lag","Educational lag",0.125337578400697,0.0100828073918819
2,21085,"P_educational_lag","Educational lag",-0.456626661294539,0.00634599663317204
2,21087,"P_educational_lag","Educational lag",0.88791140972549,0.00866889301687479
2,21089,"P_educational_lag","Educational lag",0.747437282902502,0.00890662148594856
2,21092,"P_educational_lag","Educational lag",0.867843677322206,0.00669095199555159
2,21093,"P_educational_lag","Educational lag",1.21902899437968,0.00768573768436909
2,21094,"P_educational_lag","Educational lag",-0.757642647343799,-0.0020830447319895
2,21096,"P_educational_lag","Educational lag",-0.215813872455131,0.0101932277902961
2,21098,"P_educational_lag","Educational lag",-0.125509076640353,0.00781763158738613
2,21099,"P_educational_lag","Educational lag",0.58689542367623,0.00922631099820137
2,21101,"P_educational_lag","Educational lag",0.526692226466378,0.00760432425886393
2,21103,"P_educational_lag","Educational lag",0.68723408569265,0.0094775939360261
2,21104,"P_educational_lag","Educational lag",-0.165644541446921,0.00853152200579643
2,21106,"P_educational_lag","Educational lag",-0.0352042808255745,0.00624437024816871
2,21107,"P_educational_lag","Educational lag",1.85116256508312,0.00534800067543983
2,21108,"P_educational_lag","Educational lag",-0.556965323310959,0.0085932957008481
2,21109,"P_educational_lag","Educational lag",0.225676240417118,0.00984931271523237
2,21110,"P_educational_lag","Educational lag",1.0584871351534,0.00915227644145489
2,21114,"P_educational_lag","Educational lag",-1.50014874626531,-0.0271828006953001
2,21115,"P_educational_lag","Educational lag",0.807640480112355,0.0069400854408741
2,21116,"P_educational_lag","Educational lag",1.25916445918625,0.0089120315387845
2,21119,"P_educational_lag","Educational lag",-1.27940368982918,-0.000691385532263666
2,21121,"P_educational_lag","Educational lag",1.57021431143715,-0.00216137687675655
2,21123,"P_educational_lag","Educational lag",1.53007884663058,0.00378518202342093
2,21126,"P_educational_lag","Educational lag",-0.0954074780354267,0.0097444299608469
2,21128,"P_educational_lag","Educational lag",-0.426525062689613,0.00750391744077206
2,21130,"P_educational_lag","Educational lag",0.295913303828612,0.00863188225775957
2,21132,"P_educational_lag","Educational lag",-1.19913276021605,-0.00161881209351122
2,21134,"P_educational_lag","Educational lag",-0.536897590907675,0.00746472831815481
2,21137,"P_educational_lag","Educational lag",1.18892739577475,0.00932548567652702
2,21138,"P_educational_lag","Educational lag",-0.406457330286329,0.00988368224352598
2,21142,"P_educational_lag","Educational lag",0.18554077561055,0.00743792112916708
2,21143,"P_educational_lag","Educational lag",-1.04862476719142,-0.000838286243379116
2,21144,"P_educational_lag","Educational lag",0.596929289877872,0.00943909026682377
2,21149,"P_educational_lag","Educational lag",0.205608508013834,0.00784268602728844
2,21150,"P_educational_lag","Educational lag",0.667166353289366,0.00669339671730995
2,21152,"P_educational_lag","Educational lag",0.0249989163842773,0.00726947840303183
2,21153,"P_educational_lag","Educational lag",-0.737574914940515,-0.00184521218761802
2,21154,"P_educational_lag","Educational lag",-0.546931457109317,0.00731039326637983
2,21158,"P_educational_lag","Educational lag",-0.145576809043637,0.00922817084938288
2,21159,"P_educational_lag","Educational lag",2.45319453718164,0.00154964998364449
2,21160,"P_educational_lag","Educational lag",0.125337578400697,0.008144854567945
2,21161,"P_educational_lag","Educational lag",-0.0954074780354267,0.00744028016924858
2,21162,"P_educational_lag","Educational lag",1.3193676563961,0.00738012790679932
2,21164,"P_educational_lag","Educational lag",-0.255949337261699,0.00727345515042543
2,21166,"P_educational_lag","Educational lag",0.897945275927133,0.0091728838160634
2,21167,"P_educational_lag","Educational lag",1.28926605779117,0.00820550322532654
2,21170,"P_educational_lag","Educational lag",0.245743972820402,0.0084225507453084
2,21172,"P_educational_lag","Educational lag",0.416319698248316,0.00763323483988643
2,21174,"P_educational_lag","Educational lag",-1.16903116161112,-0.00218303059227765
2,21175,"P_educational_lag","Educational lag",0.0952359797957717,0.00944253616034985
2,21176,"P_educational_lag","Educational lag",-0.115475210438711,0.0086161196231842
2,21177,"P_educational_lag","Educational lag",0.255777839022044,0.00935558974742889
2,21179,"P_educational_lag","Educational lag",-0.165644541446921,0.00898942165076733
2,21180,"P_educational_lag","Educational lag",-0.727541048738873,-0.00052114634308964
2,21182,"P_educational_lag","Educational lag",-0.215813872455131,0.00975631549954414
2,21183,"P_educational_lag","Educational lag",1.00831780414519,0.00922929402440786
2,21184,"P_educational_lag","Educational lag",1.36953698740431,0.0080353207886219
2,21185,"P_educational_lag","Educational lag",0.807640480112355,0.00942172203212976
2,21186,"P_educational_lag","Educational lag",-0.727541048738873,-0.00244220998138189
2,21188,"P_educational_lag","Educational lag",0.616997022281156,0.00892989989370108
2,21192,"P_educational_lag","Educational lag",0.13537144460234,0.0087722884491086
2,21193,"P_educational_lag","Educational lag",0.295913303828612,0.00792199280112982
2,21195,"P_educational_lag","Educational lag",1.80099323407491,0.00734574068337679
2,21197,"P_educational_lag","Educational lag",-0.336220266874835,0.0086435517296195
2,21198,"P_educational_lag","Educational lag",0.797606613910713,0.00753785669803619
2,21199,"P_educational_lag","Educational lag",0.466489029256526,0.00928272027522326
2,21201,"P_educational_lag","Educational lag",0.978216205540268,0.00861200876533985
2,21202,"P_educational_lag","Educational lag",0.918013008330416,0.00933926273137331
2,21203,"P_educational_lag","Educational lag",0.73740341670086,0.00918486155569553
2,21204,"P_educational_lag","Educational lag",-0.998455436183208,0.00313756125979125
2,21205,"P_educational_lag","Educational lag",0.205608508013834,0.00712612783536315
2,21206,"P_educational_lag","Educational lag",1.08858873375833,0.005439686588943
2,21207,"P_educational_lag","Educational lag",-0.205780006253489,0.00833309441804886
2,21208,"P_educational_lag","Educational lag",-0.456626661294539,0.00836159102618694
2,21212,"P_educational_lag","Educational lag",0.647098620886082,0.00931019522249699
2,21213,"P_educational_lag","Educational lag",0.315981036231896,0.00833338592201471
2,21216,"P_educational_lag","Educational lag",0.958148473136985,0.00708268070593476
2,22001,"P_educational_lag","Educational lag",-0.0853736118337846,0.00958231836557388
2,22016,"P_educational_lag","Educational lag",-1.39981008424889,-0.000595356104895473
2,23001,"P_educational_lag","Educational lag",-1.4499794152571,-0.0484540462493896
2,23002,"P_educational_lag","Educational lag",-0.677371717730664,0.00894290953874588
2,23003,"P_educational_lag","Educational lag",-0.757642647343799,-0.0042089344933629
2,23004,"P_educational_lag","Educational lag",-0.827879710755294,-0.000883974193129689
2,23005,"P_educational_lag","Educational lag",-1.21920049261933,-0.000218809087527916
2,23006,"P_educational_lag","Educational lag",-0.597100788117527,0.00820538587868214
2,23007,"P_educational_lag","Educational lag",-0.536897590907675,0.00820538587868214
2,23008,"P_educational_lag","Educational lag",-1.38977621804725,-0.000506268930621445
2,23009,"P_educational_lag","Educational lag",-0.697439450133947,0.00370119349099696
2,23010,"P_educational_lag","Educational lag",-0.0653058794305006,0.00820538587868214
2,23011,"P_educational_lag","Educational lag",-0.767676513545441,-0.00013405604113359
2,24001,"P_educational_lag","Educational lag",-0.436558928891255,0.0075549241155386
2,24025,"P_educational_lag","Educational lag",-0.516829858504391,0.00751057639718056
2,24033,"P_educational_lag","Educational lag",0.677200219491008,0.00478615239262581
2,24044,"P_educational_lag","Educational lag",-0.195746140051847,0.00921103823930025
2,24046,"P_educational_lag","Educational lag",0.115303712199056,0.00753524154424667
2,24049,"P_educational_lag","Educational lag",0.616997022281156,0.00632806727662683
2,25001,"P_educational_lag","Educational lag",-1.40984395045053,-0.000859152525663376
2,25002,"P_educational_lag","Educational lag",-0.697439450133947,0.00395869603380561
2,25003,"P_educational_lag","Educational lag",0.63706475468444,0.00721991807222366
2,25004,"P_educational_lag","Educational lag",-0.657303985327379,0.00662249000743032
2,25006,"P_educational_lag","Educational lag",-1.2593359574259,-0.00074648903682828
2,25007,"P_educational_lag","Educational lag",0.516658360264736,0.00692466180771589
2,25009,"P_educational_lag","Educational lag",-0.466660527496181,0.00709702027961612
2,25010,"P_educational_lag","Educational lag",-0.466660527496181,0.00746782030910254
2,25011,"P_educational_lag","Educational lag",-0.888082907965146,-0.00122815975919366
2,25012,"P_educational_lag","Educational lag",-1.48008101386202,-0.0268869735300541
2,25013,"P_educational_lag","Educational lag",0.155439177005624,0.00758588267490268
2,25014,"P_educational_lag","Educational lag",-0.667337851529021,0.00695832772180438
2,25015,"P_educational_lag","Educational lag",-1.33960688703904,-0.00254900846630335
2,25016,"P_educational_lag","Educational lag",-0.195746140051847,0.00923273805528879
2,25017,"P_educational_lag","Educational lag",0.175506909408907,0.00831619556993246
2,25018,"P_educational_lag","Educational lag",-0.195746140051847,0.00711975945159793
2,26001,"P_educational_lag","Educational lag",-0.918184506570072,-0.00429110880941153
2,26002,"P_educational_lag","Educational lag",-1.28943755603083,-0.000550660653971136
2,26003,"P_educational_lag","Educational lag",0.0852021135941295,0.00917101372033358
2,26004,"P_educational_lag","Educational lag",-0.356287999278119,0.00813966244459152
2,26006,"P_educational_lag","Educational lag",-0.396423464084687,0.00635871011763811
2,26007,"P_educational_lag","Educational lag",-1.40984395045053,-0.00377007015049458
2,26008,"P_educational_lag","Educational lag",-0.00510268222064844,0.00732725393027067
2,26010,"P_educational_lag","Educational lag",-0.546931457109317,0.00693878438323736
2,26011,"P_educational_lag","Educational lag",-0.607134654319169,0.00673313671723008
2,26013,"P_educational_lag","Educational lag",-1.12889569680455,-0.00261265994049609
2,26014,"P_educational_lag","Educational lag",-0.767676513545441,-0.0064757727086544
2,26015,"P_educational_lag","Educational lag",-0.486728259899465,0.00650965748354793
2,26016,"P_educational_lag","Educational lag",-0.978387703779924,-0.0036423469427973
2,26017,"P_educational_lag","Educational lag",-0.807811978352009,-0.00128377415239811
2,26019,"P_educational_lag","Educational lag",-1.66069060549158,-0.0279338825494051
2,26020,"P_educational_lag","Educational lag",-0.205780006253489,0.0087517648935318
2,26021,"P_educational_lag","Educational lag",0.13537144460234,0.00880483537912369
2,26022,"P_educational_lag","Educational lag",-0.0352042808255745,0.00688401376828551
2,26023,"P_educational_lag","Educational lag",-1.41987781665217,-0.0288840979337692
2,26024,"P_educational_lag","Educational lag",-1.05865863339306,-0.00488293217495084
2,26025,"P_educational_lag","Educational lag",-1.20916662641769,0.000350463844370097
2,26026,"P_educational_lag","Educational lag",-1.15899729540948,0.00126389507204294
2,26027,"P_educational_lag","Educational lag",-1.17906502781276,-0.00267345434986055
2,26028,"P_educational_lag","Educational lag",-0.878049041763504,-0.00255453982390463
2,26029,"P_educational_lag","Educational lag",-1.09879409819963,0.000588624796364456
2,26030,"P_educational_lag","Educational lag",-1.60048740828173,-0.0269684288650751
2,26031,"P_educational_lag","Educational lag",-0.446592795092897,0.00706723518669605
2,26032,"P_educational_lag","Educational lag",-1.04862476719142,-0.00269365636631846
2,26033,"P_educational_lag","Educational lag",-1.21920049261933,-0.000489884056150913
2,26034,"P_educational_lag","Educational lag",-1.16903116161112,-0.00350567628629506
2,26035,"P_educational_lag","Educational lag",-0.837913576956935,-0.00253354362212121
2,26036,"P_educational_lag","Educational lag",-1.31953915463575,-0.000859152525663376
2,26038,"P_educational_lag","Educational lag",-1.29947142223247,-0.000761703820899129
2,26039,"P_educational_lag","Educational lag",-1.12889569680455,-0.00402586022391915
2,26040,"P_educational_lag","Educational lag",0.275845571425328,0.00656198151409626
2,26041,"P_educational_lag","Educational lag",-1.56035194347516,-0.0451337620615959
2,26042,"P_educational_lag","Educational lag",-1.28943755603083,0.000899996259249747
2,26043,"P_educational_lag","Educational lag",-1.59045354208009,-0.0277742221951485
2,26045,"P_educational_lag","Educational lag",-0.376355731681403,0.0083989379927516
2,26046,"P_educational_lag","Educational lag",-1.1389295630062,-0.00227813655510545
2,26047,"P_educational_lag","Educational lag",-0.767676513545441,-0.00251419399864972
2,26048,"P_educational_lag","Educational lag",-1.00848930238485,0.00177664018701762
2,26050,"P_educational_lag","Educational lag",0.0350327825859195,0.00712310709059238
2,26053,"P_educational_lag","Educational lag",-1.42991168285381,-0.0261300560086966
2,26055,"P_educational_lag","Educational lag",-0.918184506570072,0.000760184018872678
2,26056,"P_educational_lag","Educational lag",1.45984178321909,0.00733095686882734
2,26058,"P_educational_lag","Educational lag",-1.23926822502262,-0.000552308047190309
2,26059,"P_educational_lag","Educational lag",-1.00848930238485,-0.0021998886950314
2,26060,"P_educational_lag","Educational lag",-0.105441344237069,0.00695153279229999
2,26063,"P_educational_lag","Educational lag",-0.577033055714243,0.00807115808129311
2,26064,"P_educational_lag","Educational lag",-0.386389597883045,0.00548873655498028
2,26065,"P_educational_lag","Educational lag",-0.0753397456321428,0.0071667181327939
2,26066,"P_educational_lag","Educational lag",-0.687405583932305,0.00395479146391153
2,26067,"P_educational_lag","Educational lag",-0.637236252924095,0.006407062523067
2,26070,"P_educational_lag","Educational lag",-0.747608781142157,-0.00328833749517798
2,26071,"P_educational_lag","Educational lag",-1.01852316858649,-0.000835976912640035
2,26072,"P_educational_lag","Educational lag",-0.536897590907675,0.00942888390272856
2,27001,"P_educational_lag","Educational lag",-0.466660527496181,0.00869589112699032
2,27002,"P_educational_lag","Educational lag",-0.777710379747084,-0.000986084924079478
2,27003,"P_educational_lag","Educational lag",-1.3797423518456,0.0030215522274375
2,27004,"P_educational_lag","Educational lag",-1.5703858096768,-0.0286639370024204
2,27005,"P_educational_lag","Educational lag",-0.747608781142157,-0.0020154700614512
2,27006,"P_educational_lag","Educational lag",-1.0686924995947,-0.000180968374479562
2,27007,"P_educational_lag","Educational lag",-0.95831997137664,0.00123799149878323
2,27008,"P_educational_lag","Educational lag",-0.386389597883045,0.00838936399668455
2,27009,"P_educational_lag","Educational lag",-0.857981309360219,0.00146654364652932
2,27010,"P_educational_lag","Educational lag",-1.41987781665217,-0.0842741131782532
2,27011,"P_educational_lag","Educational lag",-0.546931457109317,0.00815105810761452
2,27012,"P_educational_lag","Educational lag",-1.22923435882097,0.00170977902598679
2,27013,"P_educational_lag","Educational lag",-1.51018261246695,-0.0297115817666054
2,27014,"P_educational_lag","Educational lag",-1.31953915463575,-0.0023015127517283
2,27015,"P_educational_lag","Educational lag",-0.898116774166788,0.00146362488158047
2,27016,"P_educational_lag","Educational lag",-0.396423464084687,0.00701464479789138
2,27017,"P_educational_lag","Educational lag",-0.817845844553652,0.000597500998992473
2,28001,"P_educational_lag","Educational lag",-0.225847738656773,0.00685319909825921
2,28002,"P_educational_lag","Educational lag",-0.446592795092897,0.00534812221303582
2,28003,"P_educational_lag","Educational lag",-1.17906502781276,-0.00291035557165742
2,28005,"P_educational_lag","Educational lag",0.48655676165981,0.00516752526164055
2,28007,"P_educational_lag","Educational lag",-0.286050935866625,0.00707390112802386
2,28010,"P_educational_lag","Educational lag",-0.00510268222064844,0.00842712633311749
2,28014,"P_educational_lag","Educational lag",-0.777710379747084,-0.00716309202834964
2,28015,"P_educational_lag","Educational lag",-0.546931457109317,0.00534804444760084
2,28016,"P_educational_lag","Educational lag",-0.406457330286329,0.0092006754130125
2,28018,"P_educational_lag","Educational lag",-0.566999189512601,0.00682962639257312
2,28020,"P_educational_lag","Educational lag",-0.225847738656773,0.00857292488217354
2,28022,"P_educational_lag","Educational lag",-1.22923435882097,-0.00280282064341009
2,28023,"P_educational_lag","Educational lag",0.4363874306516,0.00878118351101875
2,28024,"P_educational_lag","Educational lag",-0.857981309360219,-0.00441075023263693
2,28025,"P_educational_lag","Educational lag",-0.737574914940515,-0.00172661675605923
2,28027,"P_educational_lag","Educational lag",-1.28943755603083,-0.00262989662587643
2,28030,"P_educational_lag","Educational lag",-0.717507182537231,-0.000449913350166753
2,28032,"P_educational_lag","Educational lag",-1.33960688703904,-0.000738211092539132
2,28033,"P_educational_lag","Educational lag",-0.687405583932305,0.00354929035529494
2,28034,"P_educational_lag","Educational lag",0.13537144460234,0.00899260491132736
2,28035,"P_educational_lag","Educational lag",-0.717507182537231,-0.00079406303120777
2,28036,"P_educational_lag","Educational lag",-0.0653058794305006,0.00914332363754511
2,28037,"P_educational_lag","Educational lag",0.0249989163842773,0.00950249750167131
2,28038,"P_educational_lag","Educational lag",-1.74096153510472,-0.0269430000334978
2,28040,"P_educational_lag","Educational lag",-0.968353837578282,-0.00196467922069132
2,28042,"P_educational_lag","Educational lag",0.797606613910713,0.00749115319922566
2,29003,"P_educational_lag","Educational lag",-0.647270119125737,0.00607714802026749
2,29004,"P_educational_lag","Educational lag",-0.476694393697823,0.00997333507984877
2,29006,"P_educational_lag","Educational lag",-1.28943755603083,0.000922469305805862
2,29007,"P_educational_lag","Educational lag",-0.566999189512601,0.00976554304361343
2,29008,"P_educational_lag","Educational lag",-0.536897590907675,0.0100024025887251
2,29010,"P_educational_lag","Educational lag",-1.5703858096768,-0.0421792753040791
2,29012,"P_educational_lag","Educational lag",-0.777710379747084,-0.000307230249745771
2,29013,"P_educational_lag","Educational lag",-0.968353837578282,0.00314765400253236
2,29014,"P_educational_lag","Educational lag",-1.10882796440127,0.000495659536682069
2,29015,"P_educational_lag","Educational lag",-1.55031807727352,-0.0429593734443188
2,29020,"P_educational_lag","Educational lag",-0.988421569981566,0.00307309371419251
2,29021,"P_educational_lag","Educational lag",-1.18909889401441,-0.000153725064592436
2,29023,"P_educational_lag","Educational lag",-1.1389295630062,0.0022669886238873
2,29025,"P_educational_lag","Educational lag",-0.597100788117527,0.0101085472851992
2,29026,"P_educational_lag","Educational lag",-1.6406228730883,-0.0313080586493015
2,29030,"P_educational_lag","Educational lag",-0.667337851529021,0.00638955505564809
2,29031,"P_educational_lag","Educational lag",-1.32957302083739,-0.00179601227864623
2,29033,"P_educational_lag","Educational lag",-2.11221458456547,-0.0405951961874962
2,29034,"P_educational_lag","Educational lag",-0.546931457109317,0.00973894726485014
2,29037,"P_educational_lag","Educational lag",-0.0251704146239327,0.00973650254309177
2,29039,"P_educational_lag","Educational lag",-1.23926822502262,-0.000180729577550665
2,29040,"P_educational_lag","Educational lag",-1.29947142223247,-0.00378395547159016
2,29045,"P_educational_lag","Educational lag",-0.777710379747084,-0.000896880286745727
2,29046,"P_educational_lag","Educational lag",-0.607134654319169,0.00987132452428341
2,29050,"P_educational_lag","Educational lag",-1.35967461944232,0.000253310863627121
2,29052,"P_educational_lag","Educational lag",-0.747608781142157,0.000357784301741049
2,30003,"P_educational_lag","Educational lag",-0.0452381470272167,0.00741956802085042
2,30004,"P_educational_lag","Educational lag",0.747437282902502,0.00512331258505583
2,30005,"P_educational_lag","Educational lag",0.58689542367623,0.00613392423838377
2,30006,"P_educational_lag","Educational lag",0.58689542367623,0.00892745517194271
2,30007,"P_educational_lag","Educational lag",1.13875806476654,0.00381719716824591
2,30008,"P_educational_lag","Educational lag",1.04845326895176,0.0092239873483777
2,30009,"P_educational_lag","Educational lag",0.998283937943553,0.00539562804624438
2,30010,"P_educational_lag","Educational lag",1.07855486755669,0.00919670145958662
2,30011,"P_educational_lag","Educational lag",-0.95831997137664,-0.00219776155427098
2,30014,"P_educational_lag","Educational lag",-0.326186400673193,0.00529965618625283
2,30015,"P_educational_lag","Educational lag",0.777538881507428,0.00522353267297149
2,30016,"P_educational_lag","Educational lag",-0.396423464084687,0.00522260135039687
2,30017,"P_educational_lag","Educational lag",-0.245915471060057,0.00692076561972499
2,30020,"P_educational_lag","Educational lag",2.05183988911596,0.00719165708869696
2,30021,"P_educational_lag","Educational lag",-0.406457330286329,0.0081685483455658
2,30022,"P_educational_lag","Educational lag",0.88791140972549,0.0094732353463769
2,30023,"P_educational_lag","Educational lag",1.2491305929846,0.00575677398592234
2,30024,"P_educational_lag","Educational lag",1.33943538879938,0.00886558648198843
2,30025,"P_educational_lag","Educational lag",2.24248334694716,0.00154917489271611
2,30028,"P_educational_lag","Educational lag",-1.09879409819963,-0.0021605787333101
2,30031,"P_educational_lag","Educational lag",1.96153509330119,0.00395124778151512
2,30032,"P_educational_lag","Educational lag",0.576861557474588,0.00728853698819876
2,30037,"P_educational_lag","Educational lag",1.11869033236326,0.00793976243585348
2,30038,"P_educational_lag","Educational lag",-0.296084802068267,0.00465748412534595
2,30039,"P_educational_lag","Educational lag",-1.09879409819963,-0.00154527137055993
2,30042,"P_educational_lag","Educational lag",1.00831780414519,0.00739572290331125
2,30043,"P_educational_lag","Educational lag",2.07190762151925,0.00530288089066744
2,30044,"P_educational_lag","Educational lag",-0.777710379747084,-0.00226651807315648
2,30046,"P_educational_lag","Educational lag",1.3193676563961,0.00722501426935196
2,30047,"P_educational_lag","Educational lag",1.53007884663058,0.00705425161868334
2,30048,"P_educational_lag","Educational lag",-0.647270119125737,0.00538637489080429
2,30049,"P_educational_lag","Educational lag",1.3193676563961,0.00754038291051984
2,30050,"P_educational_lag","Educational lag",0.757471149104145,0.00900495517998934
2,30052,"P_educational_lag","Educational lag",0.105269845997413,0.00752595765516162
2,30053,"P_educational_lag","Educational lag",0.396251965845032,0.0065387268550694
2,30057,"P_educational_lag","Educational lag",1.1287241985649,0.00921563152223825
2,30059,"P_educational_lag","Educational lag",0.13537144460234,0.00851953495293856
2,30061,"P_educational_lag","Educational lag",0.797606613910713,0.00670368643477559
2,30065,"P_educational_lag","Educational lag",-0.928218372771714,-0.00294238468632102
2,30066,"P_educational_lag","Educational lag",0.13537144460234,0.00831979513168335
2,30067,"P_educational_lag","Educational lag",1.35950312120267,0.0090394327417016
2,30068,"P_educational_lag","Educational lag",-0.707473316335589,0.00371880712918937
2,30070,"P_educational_lag","Educational lag",0.777538881507428,0.00687043461948633
2,30071,"P_educational_lag","Educational lag",0.28587943762697,0.00667023146525025
2,30073,"P_educational_lag","Educational lag",0.606963156079514,0.00756287481635809
2,30075,"P_educational_lag","Educational lag",0.78757274770907,0.00743779866024852
2,30077,"P_educational_lag","Educational lag",1.25916445918625,0.00630849879235029
2,30079,"P_educational_lag","Educational lag",1.52004498042894,0.00577244255691767
2,30080,"P_educational_lag","Educational lag",0.657132487087724,0.00919316057115793
2,30082,"P_educational_lag","Educational lag",0.225676240417118,0.00854293536394835
2,30084,"P_educational_lag","Educational lag",1.03841940275012,0.00518107088282704
2,30087,"P_educational_lag","Educational lag",-1.21920049261933,-0.00294238468632102
2,30089,"P_educational_lag","Educational lag",-0.396423464084687,0.0078990226611495
2,30090,"P_educational_lag","Educational lag",0.456455163054884,0.00736845843493938
2,30091,"P_educational_lag","Educational lag",1.06852100135505,0.00667407503351569
2,30092,"P_educational_lag","Educational lag",0.867843677322206,0.0100390650331974
2,30093,"P_educational_lag","Educational lag",-0.456626661294539,0.00638267071917653
2,30094,"P_educational_lag","Educational lag",0.928046874532058,0.00511235510930419
2,30095,"P_educational_lag","Educational lag",0.928046874532058,0.00650379527360201
2,30097,"P_educational_lag","Educational lag",-0.145576809043637,0.00743977259844542
2,30099,"P_educational_lag","Educational lag",0.315981036231896,0.00933775398880243
2,30100,"P_educational_lag","Educational lag",0.83774207871728,0.00736845843493938
2,30101,"P_educational_lag","Educational lag",0.998283937943553,0.00626458041369915
2,30102,"P_educational_lag","Educational lag",-0.336220266874835,0.00684191379696131
2,30104,"P_educational_lag","Educational lag",1.11869033236326,0.00693471683189273
2,30105,"P_educational_lag","Educational lag",-0.396423464084687,0.0046716695651412
2,30107,"P_educational_lag","Educational lag",1.46987564942073,0.00918420031666756
2,30108,"P_educational_lag","Educational lag",-0.446592795092897,0.00759573094546795
2,30109,"P_educational_lag","Educational lag",-0.516829858504391,0.00758822308853269
2,30110,"P_educational_lag","Educational lag",2.79434598803747,0.00790387019515038
2,30111,"P_educational_lag","Educational lag",0.125337578400697,0.00822256878018379
2,30112,"P_educational_lag","Educational lag",0.406285832046674,0.00437477696686983
2,30114,"P_educational_lag","Educational lag",0.245743972820402,0.00775293121114373
2,30115,"P_educational_lag","Educational lag",0.0350327825859195,0.00594451650977135
2,30116,"P_educational_lag","Educational lag",-0.00510268222064844,0.00673400145024061
2,30117,"P_educational_lag","Educational lag",0.616997022281156,0.00726826209574938
2,30118,"P_educational_lag","Educational lag",-1.67072447169322,-0.029678750783205
2,30122,"P_educational_lag","Educational lag",1.64045137484864,0.00566987413913012
2,30125,"P_educational_lag","Educational lag",0.697267951894292,0.00556928431615233
2,30126,"P_educational_lag","Educational lag",0.265811705223686,0.00691224168986082
2,30127,"P_educational_lag","Educational lag",2.67393959361777,0.00692772027105093
2,30128,"P_educational_lag","Educational lag",-0.105441344237069,0.00995024293661118
2,30130,"P_educational_lag","Educational lag",1.17889352957311,0.00450315978378057
2,30132,"P_educational_lag","Educational lag",0.4363874306516,0.00980070326477289
2,30133,"P_educational_lag","Educational lag",-0.707473316335589,0.00598831567913294
2,30134,"P_educational_lag","Educational lag",0.406285832046674,0.00479525234550238
2,30136,"P_educational_lag","Educational lag",-0.356287999278119,0.00784731283783913
2,30138,"P_educational_lag","Educational lag",-1.46001328145874,-0.0260097570717335
2,30139,"P_educational_lag","Educational lag",0.747437282902502,0.00598407303914428
2,30140,"P_educational_lag","Educational lag",1.3193676563961,0.0067484388127923
2,30141,"P_educational_lag","Educational lag",1.1287241985649,0.0065929158590734
2,30142,"P_educational_lag","Educational lag",0.948114606935343,0.00516759464517236
2,30143,"P_educational_lag","Educational lag",1.55014657903386,-0.000960241770371795
2,30144,"P_educational_lag","Educational lag",0.667166353289366,0.00664844783023
2,30145,"P_educational_lag","Educational lag",-0.00510268222064844,0.00701334234327078
2,30147,"P_educational_lag","Educational lag",2.42309293857672,0.0078055365011096
2,30148,"P_educational_lag","Educational lag",0.988250071741911,0.00736845843493938
2,30149,"P_educational_lag","Educational lag",1.32940152259774,0.00739315804094076
2,30156,"P_educational_lag","Educational lag",1.4397740508158,0.00928006041795015
2,30159,"P_educational_lag","Educational lag",1.88126416368805,0.00765676982700825
2,30162,"P_educational_lag","Educational lag",1.83109483267984,0.007368303835392
2,30163,"P_educational_lag","Educational lag",1.1287241985649,0.00766996713355184
2,30164,"P_educational_lag","Educational lag",0.446421296853242,0.00638692686334252
2,30165,"P_educational_lag","Educational lag",1.2491305929846,0.0091510321944952
2,30166,"P_educational_lag","Educational lag",1.61034977624372,0.00295001151971519
2,30168,"P_educational_lag","Educational lag",1.58024817763879,0.00744294002652168
2,30172,"P_educational_lag","Educational lag",0.667166353289366,0.00739572290331125
2,30173,"P_educational_lag","Educational lag",0.847775944918922,0.00671653682366014
2,30174,"P_educational_lag","Educational lag",0.00493118398099336,0.00761647196486592
2,30177,"P_educational_lag","Educational lag",0.877877543523848,0.0094634871929884
2,30178,"P_educational_lag","Educational lag",0.33604876863518,0.00917904917150736
2,30179,"P_educational_lag","Educational lag",0.627030888482798,0.00751290656626225
2,30181,"P_educational_lag","Educational lag",0.677200219491008,0.00740511016920209
2,30182,"P_educational_lag","Educational lag",0.0149650501826355,0.00861331075429916
2,30183,"P_educational_lag","Educational lag",0.406285832046674,0.00843834318220615
2,30184,"P_educational_lag","Educational lag",1.86119643128477,0.00732816383242607
2,30186,"P_educational_lag","Educational lag",0.376184233441748,0.006224709097296
2,30187,"P_educational_lag","Educational lag",1.28926605779117,0.00873621460050344
2,30188,"P_educational_lag","Educational lag",1.39963858600923,0.0080910911783576
2,30191,"P_educational_lag","Educational lag",-0.255949337261699,0.00503122061491013
2,30192,"P_educational_lag","Educational lag",0.265811705223686,0.00861821789294481
2,30193,"P_educational_lag","Educational lag",-1.05865863339306,-0.00305504840798676
2,30194,"P_educational_lag","Educational lag",0.616997022281156,0.00970705319195986
2,30195,"P_educational_lag","Educational lag",1.19896126197639,0.0092359995469451
2,30196,"P_educational_lag","Educational lag",0.326014902433538,0.00653343368321657
2,30197,"P_educational_lag","Educational lag",1.00831780414519,0.00739572290331125
2,30200,"P_educational_lag","Educational lag",1.00831780414519,0.00570611003786325
2,30201,"P_educational_lag","Educational lag",0.998283937943553,0.00743148103356361
2,30204,"P_educational_lag","Educational lag",-0.526863724706033,0.00765496119856834
2,30209,"P_educational_lag","Educational lag",0.918013008330416,0.00754773523658514
2,30210,"P_educational_lag","Educational lag",0.897945275927133,0.00950807239860296
2,30211,"P_educational_lag","Educational lag",-0.0653058794305006,0.00690920650959015
2,31001,"P_educational_lag","Educational lag",0.677200219491008,0.00820473860949278
2,31002,"P_educational_lag","Educational lag",-0.617168520520811,0.00908571109175682
2,31003,"P_educational_lag","Educational lag",0.33604876863518,0.00799029227346182
2,31005,"P_educational_lag","Educational lag",-0.105441344237069,0.00873021874576807
2,31006,"P_educational_lag","Educational lag",0.446421296853242,0.00790878478437662
2,31007,"P_educational_lag","Educational lag",0.0450666487875616,0.00815112236887217
2,31008,"P_educational_lag","Educational lag",0.546759958869662,0.00764252385124564
2,31009,"P_educational_lag","Educational lag",-0.265983203463341,0.00755300745368004
2,31010,"P_educational_lag","Educational lag",0.847775944918922,0.0079921456053853
2,31011,"P_educational_lag","Educational lag",1.00831780414519,0.00731544755399227
2,31012,"P_educational_lag","Educational lag",0.305947170030254,0.00852597691118717
2,31013,"P_educational_lag","Educational lag",-1.02855703478813,-0.00306155951693654
2,31014,"P_educational_lag","Educational lag",-0.446592795092897,0.0105599081143737
2,31015,"P_educational_lag","Educational lag",0.53672609266802,0.00842270255088806
2,31016,"P_educational_lag","Educational lag",0.667166353289366,0.00954529084265232
2,31017,"P_educational_lag","Educational lag",0.526692226466378,0.0098166735842824
2,31018,"P_educational_lag","Educational lag",-0.0753397456321428,0.00871737487614155
2,31019,"P_educational_lag","Educational lag",0.556793825071304,0.0095668900758028
2,31020,"P_educational_lag","Educational lag",-0.998455436183208,-0.000787839293479919
2,31021,"P_educational_lag","Educational lag",-0.0251704146239327,0.0100795263424516
2,31022,"P_educational_lag","Educational lag",0.366150367240106,0.00988529529422522
2,31023,"P_educational_lag","Educational lag",-0.627202386722453,0.0078430874273181
2,31024,"P_educational_lag","Educational lag",1.03841940275012,0.00814950373023748
2,31025,"P_educational_lag","Educational lag",-0.0251704146239327,0.00988093111664057
2,31026,"P_educational_lag","Educational lag",-0.276017069664983,0.00757554499432445
2,31027,"P_educational_lag","Educational lag",-0.807811978352009,0.000557961757294834
2,31028,"P_educational_lag","Educational lag",-0.536897590907675,0.00866025499999523
2,31029,"P_educational_lag","Educational lag",0.346082634836822,0.00881010107696056
2,31030,"P_educational_lag","Educational lag",0.717335684297576,0.00797693990170956
2,31031,"P_educational_lag","Educational lag",0.506624494063094,0.00767113082110882
2,31032,"P_educational_lag","Educational lag",0.657132487087724,0.0100755430757999
2,31033,"P_educational_lag","Educational lag",0.28587943762697,0.00879690609872341
2,31034,"P_educational_lag","Educational lag",0.356116501038464,0.0106366397812963
2,31035,"P_educational_lag","Educational lag",0.797606613910713,0.00810741726309061
2,31036,"P_educational_lag","Educational lag",0.175506909408907,0.00845244433730841
2,31037,"P_educational_lag","Educational lag",0.707301818095935,0.00810497254133224
2,31038,"P_educational_lag","Educational lag",-0.145576809043637,0.00945748668164015
2,31040,"P_educational_lag","Educational lag",-0.286050935866625,0.00777437165379524
2,31041,"P_educational_lag","Educational lag",-0.797778112150368,-0.00193312810733914
2,31042,"P_educational_lag","Educational lag",0.18554077561055,0.00815146043896675
2,31044,"P_educational_lag","Educational lag",0.215642374215476,0.00827236287295818
2,31045,"P_educational_lag","Educational lag",-0.546931457109317,0.00914900843054056
2,31046,"P_educational_lag","Educational lag",0.958148473136985,0.00972097180783749
2,31047,"P_educational_lag","Educational lag",0.63706475468444,0.00970367714762688
2,31048,"P_educational_lag","Educational lag",0.145405310803982,0.0106347529217601
2,31049,"P_educational_lag","Educational lag",1.32940152259774,0.00767390336841345
2,31050,"P_educational_lag","Educational lag",-1.36970848564396,-0.00113973510451615
2,31052,"P_educational_lag","Educational lag",-0.546931457109317,0.00782975275069475
2,31053,"P_educational_lag","Educational lag",-0.225847738656773,0.0104708559811115
2,31054,"P_educational_lag","Educational lag",-0.316152534471551,0.00897752959281206
2,31055,"P_educational_lag","Educational lag",0.426353564449958,0.00875545665621758
2,31056,"P_educational_lag","Educational lag",0.546759958869662,0.00927370879799128
2,31057,"P_educational_lag","Educational lag",0.38621809964339,0.00897383783012629
2,31058,"P_educational_lag","Educational lag",0.00493118398099336,0.00978935975581408
2,31059,"P_educational_lag","Educational lag",-0.617168520520811,0.00699117640033364
2,31060,"P_educational_lag","Educational lag",-0.286050935866625,0.00962915271520615
2,31061,"P_educational_lag","Educational lag",-0.0853736118337846,0.00857381895184517
2,31062,"P_educational_lag","Educational lag",0.326014902433538,0.00796621479094028
2,31063,"P_educational_lag","Educational lag",-0.526863724706033,0.0108092715963721
2,31065,"P_educational_lag","Educational lag",-0.165644541446921,0.00895373895764351
2,31066,"P_educational_lag","Educational lag",0.315981036231896,0.00826335232704878
2,31067,"P_educational_lag","Educational lag",0.0651343811908456,0.00903825368732214
2,31068,"P_educational_lag","Educational lag",-0.245915471060057,0.00914139579981565
2,31069,"P_educational_lag","Educational lag",0.68723408569265,0.00797693990170956
2,31070,"P_educational_lag","Educational lag",-0.336220266874835,0.00958706624805927
2,31071,"P_educational_lag","Educational lag",-0.0653058794305006,0.00818154122680426
2,31072,"P_educational_lag","Educational lag",-0.516829858504391,0.00948078278452158
2,31073,"P_educational_lag","Educational lag",0.948114606935343,0.0095668900758028
2,31074,"P_educational_lag","Educational lag",-0.215813872455131,0.00851213652640581
2,31075,"P_educational_lag","Educational lag",1.01835167034684,0.00946035142987967
2,31076,"P_educational_lag","Educational lag",0.73740341670086,0.0103525072336197
2,31077,"P_educational_lag","Educational lag",0.396251965845032,0.00850329361855984
2,31078,"P_educational_lag","Educational lag",0.00493118398099336,0.00945513788610697
2,31079,"P_educational_lag","Educational lag",0.0651343811908456,0.010004848241806
2,31080,"P_educational_lag","Educational lag",1.35950312120267,0.00978446286171675
2,31081,"P_educational_lag","Educational lag",0.215642374215476,0.0100611373782158
2,31082,"P_educational_lag","Educational lag",-0.697439450133947,0.00622533448040485
2,31083,"P_educational_lag","Educational lag",-0.165644541446921,0.00842155795544386
2,31084,"P_educational_lag","Educational lag",0.677200219491008,0.00841545220464468
2,31085,"P_educational_lag","Educational lag",0.315981036231896,0.0103730857372284
2,31086,"P_educational_lag","Educational lag",0.28587943762697,0.00824777688831091
2,31087,"P_educational_lag","Educational lag",1.04845326895176,0.00762064196169376
2,31088,"P_educational_lag","Educational lag",0.0450666487875616,0.00880566705018282
2,31089,"P_educational_lag","Educational lag",-0.607134654319169,0.00898790638893843
2,31090,"P_educational_lag","Educational lag",0.998283937943553,0.00850033853203058
2,31091,"P_educational_lag","Educational lag",-0.255949337261699,0.0102868480607867
2,31092,"P_educational_lag","Educational lag",0.255777839022044,0.0101450430229306
2,31093,"P_educational_lag","Educational lag",-0.888082907965146,-0.00155513384379447
2,31094,"P_educational_lag","Educational lag",0.406285832046674,0.00989868957549334
2,31096,"P_educational_lag","Educational lag",0.125337578400697,0.00987390242516994
2,31097,"P_educational_lag","Educational lag",0.245743972820402,0.00796086061745882
2,31098,"P_educational_lag","Educational lag",-0.0452381470272167,0.0102868480607867
2,31099,"P_educational_lag","Educational lag",0.58689542367623,0.00942615233361721
2,31101,"P_educational_lag","Educational lag",-0.948286105174998,0.00028269411996007
2,31102,"P_educational_lag","Educational lag",-0.717507182537231,0.000662429491057992
2,31103,"P_educational_lag","Educational lag",0.0852021135941295,0.010501591488719
2,31104,"P_educational_lag","Educational lag",0.0952359797957717,0.0100713213905692
2,31105,"P_educational_lag","Educational lag",-0.988421569981566,-0.0014210045337677
2,32001,"P_educational_lag","Educational lag",0.155439177005624,0.00636215973645449
2,32002,"P_educational_lag","Educational lag",0.145405310803982,0.00607245275750756
2,32003,"P_educational_lag","Educational lag",0.496590627861452,0.00525691267102957
2,32004,"P_educational_lag","Educational lag",-0.316152534471551,0.00646723574027419
2,32005,"P_educational_lag","Educational lag",-0.566999189512601,0.00573247391730547
2,32006,"P_educational_lag","Educational lag",-0.918184506570072,-0.00112677435390651
2,32007,"P_educational_lag","Educational lag",-1.02855703478813,-0.000898622092790902
2,32008,"P_educational_lag","Educational lag",-0.466660527496181,0.00664730928838253
2,32009,"P_educational_lag","Educational lag",-0.556965323310959,0.00637286202982068
2,32010,"P_educational_lag","Educational lag",-0.757642647343799,-0.00341982999816537
2,32011,"P_educational_lag","Educational lag",0.0852021135941295,0.00715523213148117
2,32012,"P_educational_lag","Educational lag",-0.556965323310959,0.00827371887862682
2,32013,"P_educational_lag","Educational lag",-0.476694393697823,0.00646008364856243
2,32014,"P_educational_lag","Educational lag",-0.366321865479761,0.00643045920878649
2,32015,"P_educational_lag","Educational lag",0.968182339338626,0.00542508298531175
2,32016,"P_educational_lag","Educational lag",0.0149650501826355,0.00837079714983702
2,32017,"P_educational_lag","Educational lag",-1.62055514068501,-0.0257551372051239
2,32018,"P_educational_lag","Educational lag",0.115303712199056,0.00649577286094427
2,32019,"P_educational_lag","Educational lag",-0.657303985327379,0.00288659706711769
2,32020,"P_educational_lag","Educational lag",-0.566999189512601,0.00533533608540893
2,32021,"P_educational_lag","Educational lag",-0.336220266874835,0.0108781531453133
2,32022,"P_educational_lag","Educational lag",-0.697439450133947,0.00412051007151604
2,32023,"P_educational_lag","Educational lag",-0.426525062689613,0.00502119865268469
2,32024,"P_educational_lag","Educational lag",-0.797778112150368,5.92029900872149e-05
2,32025,"P_educational_lag","Educational lag",-0.687405583932305,0.00664074998348951
2,32026,"P_educational_lag","Educational lag",0.28587943762697,0.00785938464105129
2,32027,"P_educational_lag","Educational lag",-0.336220266874835,0.00935857743024826
2,32028,"P_educational_lag","Educational lag",0.807640480112355,0.00490226177498698
2,32029,"P_educational_lag","Educational lag",0.155439177005624,0.00774632021784782
2,32030,"P_educational_lag","Educational lag",-0.115475210438711,0.0072476458735764
2,32031,"P_educational_lag","Educational lag",-0.105441344237069,0.00689636263996363
2,32032,"P_educational_lag","Educational lag",-1.10882796440127,-0.00264837872236967
2,32033,"P_educational_lag","Educational lag",0.0952359797957717,0.00725024379789829
2,32034,"P_educational_lag","Educational lag",-0.446592795092897,0.00502119865268469
2,32035,"P_educational_lag","Educational lag",-0.556965323310959,0.00817538611590862
2,32036,"P_educational_lag","Educational lag",-0.526863724706033,0.00770193990319967
2,32037,"P_educational_lag","Educational lag",0.0952359797957717,0.00580879580229521
2,32038,"P_educational_lag","Educational lag",-0.657303985327379,0.00564939482137561
2,32039,"P_educational_lag","Educational lag",-0.847947443158578,-0.00182886514812708
2,32040,"P_educational_lag","Educational lag",-0.928218372771714,0.00125166249927133
2,32041,"P_educational_lag","Educational lag",0.205608508013834,0.006438332144171
2,32042,"P_educational_lag","Educational lag",-0.446592795092897,0.00683046784251928
2,32043,"P_educational_lag","Educational lag",-0.155610675245279,0.00734857749193907
2,32044,"P_educational_lag","Educational lag",-0.225847738656773,0.00678993295878172
2,32045,"P_educational_lag","Educational lag",-0.145576809043637,0.00551085732877254
2,32046,"P_educational_lag","Educational lag",0.707301818095935,0.005125199444592
2,32047,"P_educational_lag","Educational lag",-0.607134654319169,0.00552531611174345
2,32048,"P_educational_lag","Educational lag",-0.647270119125737,0.00352737354114652
2,32049,"P_educational_lag","Educational lag",-0.456626661294539,0.00636045774444938
2,32050,"P_educational_lag","Educational lag",-0.717507182537231,-0.00293998303823173
2,32051,"P_educational_lag","Educational lag",-0.115475210438711,0.00821810029447079
2,32052,"P_educational_lag","Educational lag",-1.10882796440127,-0.000811169156804681
2,32053,"P_educational_lag","Educational lag",-0.105441344237069,0.00841003935784101
2,32054,"P_educational_lag","Educational lag",-0.456626661294539,0.00830748584121466
2,32055,"P_educational_lag","Educational lag",-0.326186400673193,0.00704280938953161
2,32056,"P_educational_lag","Educational lag",-1.68075833789486,-0.0272498466074467
2,32057,"P_educational_lag","Educational lag",-0.878049041763504,-0.000520666711963713
2,32058,"P_educational_lag","Educational lag",-0.235881604858415,0.00530341267585754
2,1001,"P_university_studies","University degree",2.42766213613266,0.0161884501576424
2,1002,"P_university_studies","University degree",-0.376123167184477,-0.0141653306782246
2,1003,"P_university_studies","University degree",-0.193424148859571,-0.00403454666957259
2,1004,"P_university_studies","University degree",-0.0190920205882421,-0.00553988944739103
2,1005,"P_university_studies","University degree",2.05898167105794,0.0119167668744922
2,1006,"P_university_studies","University degree",1.0623065687247,0.0145350191742182
2,1007,"P_university_studies","University degree",0.793387547486197,0.0154148600995541
2,1008,"P_university_studies","University degree",0.272869675354415,-0.00492196856066585
2,1009,"P_university_studies","University degree",-0.314858141330898,-0.00538700446486473
2,1010,"P_university_studies","University degree",-0.21058831739187,-0.00355283659882843
2,1011,"P_university_studies","University degree",0.264023609190722,-0.00610241107642651
2,2001,"P_university_studies","University degree",1.92398229646352,0.0143985832110047
2,2002,"P_university_studies","University degree",2.15771102920104,0.0141612961888313
2,2003,"P_university_studies","University degree",1.0503561331354,0.0143040744587779
2,2004,"P_university_studies","University degree",1.42281314969703,0.0145267248153687
2,2005,"P_university_studies","University degree",0.775682861391711,0.0146060278639197
2,2006,"P_university_studies","University degree",0.0689660163177724,-0.002170923165977
2,3002,"P_university_studies","University degree",0.820954629204053,0.0130591643974185
2,3008,"P_university_studies","University degree",1.38738278075011,0.0144435660913587
2,3009,"P_university_studies","University degree",1.39450219187854,0.0142457196488976
2,4001,"P_university_studies","University degree",1.60974250901741,0.0103695932775736
2,4002,"P_university_studies","University degree",2.75188389729288,0.0154043575748801
2,4003,"P_university_studies","University degree",2.34848836006926,0.0168829336762428
2,4004,"P_university_studies","University degree",0.0644522273422876,-0.00236445944756269
2,4005,"P_university_studies","University degree",1.51298898348354,0.0100339921191335
2,4006,"P_university_studies","University degree",-0.0966718068518501,-0.00224124756641686
2,4007,"P_university_studies","University degree",0.407046143459671,0.00499285943806171
2,4008,"P_university_studies","University degree",0.529415350593212,0.0071953572332859
2,4009,"P_university_studies","University degree",0.258715243669821,-0.0027031630743295
2,4010,"P_university_studies","University degree",-0.653687867998614,-0.0065478989854455
2,4011,"P_university_studies","University degree",-0.423052909067394,-0.00684646749868989
2,4012,"P_university_studies","University degree",1.23134183100307,0.00832514464855194
2,5001,"P_university_studies","University degree",-0.0982134136879294,-0.00442820182070136
2,5002,"P_university_studies","University degree",0.368007810514992,0.012797855772078
2,5003,"P_university_studies","University degree",0.450702726107436,0.00551123963668942
2,5004,"P_university_studies","University degree",2.16736563174208,0.0122575759887695
2,5005,"P_university_studies","University degree",-0.494651081956339,-0.00730420928448439
2,5006,"P_university_studies","University degree",0.406338624512173,0.0104809962213039
2,5007,"P_university_studies","University degree",0.485415521980004,0.00660514086484909
2,5008,"P_university_studies","University degree",-0.63769104947609,-0.00896087661385536
2,5009,"P_university_studies","University degree",0.901450455555236,0.0124468980357051
2,5010,"P_university_studies","University degree",0.896207506227343,0.0132760880514979
2,5011,"P_university_studies","University degree",-0.301038567499096,-0.00256137573160231
2,5012,"P_university_studies","University degree",-0.82749746142828,-0.00832720287144184
2,5013,"P_university_studies","University degree",-0.461233816583253,-0.00644715875387192
2,5014,"P_university_studies","University degree",-0.727368487265455,-0.00979584828019142
2,5015,"P_university_studies","University degree",-0.438092411728728,-0.0081962700933218
2,5016,"P_university_studies","University degree",0.133405903817406,-0.00406543398275971
2,5017,"P_university_studies","University degree",0.546505446205493,0.0129466531798244
2,5018,"P_university_studies","University degree",2.42015672630564,0.00961255095899105
2,5019,"P_university_studies","University degree",0.290733019421851,-0.00333233363926411
2,5020,"P_university_studies","University degree",0.340815284221381,0.00719303078949451
2,5021,"P_university_studies","University degree",0.391567342023611,0.00622764369472861
2,5022,"P_university_studies","University degree",0.380939989642649,0.0113150058314204
2,5023,"P_university_studies","University degree",-0.0258699700492917,-0.000603093532845378
2,5024,"P_university_studies","University degree",0.773007074499515,0.0084313154220581
2,5025,"P_university_studies","University degree",1.51858185906335,0.0123237855732441
2,5026,"P_university_studies","University degree",-0.750890029028795,-0.00763271795585752
2,5027,"P_university_studies","University degree",2.03016916360244,0.0124670108780265
2,5028,"P_university_studies","University degree",1.20239507413382,0.0130753563717008
2,5029,"P_university_studies","University degree",0.00476020305798869,-0.00285677541978657
2,5030,"P_university_studies","University degree",2.69632365894128,0.0129111744463444
2,5031,"P_university_studies","University degree",1.38195503216927,0.01051617693156
2,5032,"P_university_studies","University degree",1.50044877501327,0.00966943334788084
2,5033,"P_university_studies","University degree",0.469130693159517,0.00755167100578547
2,5034,"P_university_studies","University degree",0.167033517203885,-0.00446481863036752
2,5035,"P_university_studies","University degree",3.12861083138681,0.0147356763482094
2,5036,"P_university_studies","University degree",-0.637446665973876,-0.00831575598567724
2,5037,"P_university_studies","University degree",-0.504766661262481,-0.00987719465047121
2,5038,"P_university_studies","University degree",-0.00509265874990127,-0.00200906908139586
2,6007,"P_university_studies","University degree",1.63836363733722,0.0154924094676971
2,6009,"P_university_studies","University degree",0.351873706947608,0.00693813199177384
2,7001,"P_university_studies","University degree",-0.557464656669869,-0.00630353018641472
2,7002,"P_university_studies","University degree",-0.0266884961850765,-0.00260712136514485
2,7003,"P_university_studies","University degree",-0.304358629717437,-0.00182042177766562
2,7004,"P_university_studies","University degree",-0.690670969615134,-0.00650224974378943
2,7005,"P_university_studies","University degree",-0.839162513583761,-0.00638439785689116
2,7006,"P_university_studies","University degree",-0.65970027849798,-0.00608145911246538
2,7007,"P_university_studies","University degree",-0.891458214492224,-0.00754416547715664
2,7008,"P_university_studies","University degree",-0.402963452438821,-0.0073303165845573
2,7009,"P_university_studies","University degree",0.638981522551987,0.00766156334429979
2,7010,"P_university_studies","University degree",-0.931138079815688,-0.00883581209927797
2,7011,"P_university_studies","University degree",-0.757031430674828,-0.00625489978119731
2,7012,"P_university_studies","University degree",0.681599603295715,0.00909795984625816
2,7013,"P_university_studies","University degree",-0.107162475234934,-0.00217220769263804
2,7014,"P_university_studies","University degree",-0.849645724445471,-0.0067112073302269
2,7015,"P_university_studies","University degree",0.146300295657714,-0.00254145101644099
2,7016,"P_university_studies","University degree",-0.180044557510629,-0.00286108674481511
2,7017,"P_university_studies","University degree",0.457510547328408,0.00614292686805129
2,7018,"P_university_studies","University degree",-0.268787685371658,-0.00295640015974641
2,7019,"P_university_studies","University degree",1.18561530856851,0.00907013565301895
2,7020,"P_university_studies","University degree",-0.446753151863749,-0.00765170902013779
2,7021,"P_university_studies","University degree",0.225553589411587,-0.00251338933594525
2,7022,"P_university_studies","University degree",-1.04171884479978,-0.00750146340578794
2,7023,"P_university_studies","University degree",-1.05323748768712,-0.00784361828118563
2,7024,"P_university_studies","University degree",-0.963556838903971,-0.00663053290918469
2,7025,"P_university_studies","University degree",-0.0915357086855496,-0.00219313241541386
2,7026,"P_university_studies","University degree",-0.982561283457716,-0.0075801657512784
2,7027,"P_university_studies","University degree",1.11416057671088,0.00886458810418844
2,7029,"P_university_studies","University degree",-0.550266858561999,-0.00859269499778748
2,7030,"P_university_studies","University degree",-0.570885561677686,-0.00790571048855782
2,7031,"P_university_studies","University degree",-0.665560681602375,-0.0066027999855578
2,7032,"P_university_studies","University degree",0.0138154356344758,-0.00162663345690817
2,7033,"P_university_studies","University degree",-0.881304980211592,-0.00620277086272836
2,7034,"P_university_studies","University degree",-0.163980703269191,-0.00389443663880229
2,7035,"P_university_studies","University degree",-0.174307579747817,-0.00294061726890504
2,7037,"P_university_studies","University degree",0.587218813189739,0.00844467710703611
2,7038,"P_university_studies","University degree",-0.933635930531223,-0.00787070207297802
2,7039,"P_university_studies","University degree",-0.851602564107612,-0.00636744871735573
2,7040,"P_university_studies","University degree",0.505770719359395,0.0086485855281353
2,7041,"P_university_studies","University degree",-0.824769535017028,-0.00760966911911964
2,7042,"P_university_studies","University degree",-0.507658108900742,-0.00714531121775508
2,7043,"P_university_studies","University degree",0.570337080072722,0.00536793982610106
2,7044,"P_university_studies","University degree",-0.468918299349714,-0.00759596424177289
2,7045,"P_university_studies","University degree",-0.614893289176059,-0.00793325155973434
2,7046,"P_university_studies","University degree",0.082342250881213,-0.00130290014203638
2,7047,"P_university_studies","University degree",-0.367599071160922,-0.00688665453344584
2,7048,"P_university_studies","University degree",0.19356573644658,-0.00134817243088037
2,7049,"P_university_studies","University degree",-0.856424482087771,-0.00657637231051922
2,7050,"P_university_studies","University degree",0.1864491877872,-0.00288475165143609
2,7051,"P_university_studies","University degree",-0.142482490855667,-0.00195212638936937
2,7052,"P_university_studies","University degree",-0.624602001624954,-0.00689429836347699
2,7053,"P_university_studies","University degree",-0.533615751160581,-0.00563397584483027
2,7054,"P_university_studies","University degree",-0.213091238220653,-0.00109372613951564
2,7057,"P_university_studies","University degree",-0.229562335627014,-0.0027545306365937
2,7059,"P_university_studies","University degree",-0.358732599933581,-0.00697698909789324
2,7061,"P_university_studies","University degree",0.0858498220153319,-0.00211948365904391
2,7062,"P_university_studies","University degree",-0.327578683838943,-0.00662279035896063
2,7064,"P_university_studies","University degree",-0.618212569620705,-0.00654762936756015
2,7065,"P_university_studies","University degree",0.258799881400325,-0.00323082064278424
2,7066,"P_university_studies","University degree",-0.99524500104128,-0.0077605964615941
2,7068,"P_university_studies","University degree",1.00210019181498,0.00879253819584846
2,7069,"P_university_studies","University degree",-0.0249176866155666,-0.00207113334909081
2,7070,"P_university_studies","University degree",-0.856620914144292,-0.0064411130733788
2,7071,"P_university_studies","University degree",-0.281786946981609,-0.00365201733075082
2,7072,"P_university_studies","University degree",-0.422424053278353,-0.00740054622292519
2,7073,"P_university_studies","University degree",-0.0411861650325947,-0.00264872121624649
2,7074,"P_university_studies","University degree",0.764743447343294,0.00991816073656082
2,7075,"P_university_studies","University degree",-0.215432709990353,-0.00356742925941944
2,7076,"P_university_studies","University degree",-0.772627424719054,-0.00639283424243331
2,7077,"P_university_studies","University degree",-0.62234547649915,-0.00690250657498837
2,7078,"P_university_studies","University degree",1.91933435889063,0.00847769062966108
2,7079,"P_university_studies","University degree",-0.0577071442494973,-0.00390546326525509
2,7080,"P_university_studies","University degree",-0.750003723086185,-0.00698345201089978
2,7081,"P_university_studies","University degree",-0.661530846304045,-0.00668658968061209
2,7082,"P_university_studies","University degree",-0.977949423007833,-0.0077605964615941
2,7083,"P_university_studies","University degree",-0.47549879566207,-0.00876134168356657
2,7084,"P_university_studies","University degree",-0.266153088490456,-0.00113629712723196
2,7085,"P_university_studies","University degree",-0.618383898819364,-0.00692538265138865
2,7086,"P_university_studies","University degree",1.04179733964611,0.0072493739426136
2,7087,"P_university_studies","University degree",-0.460335880862931,-0.00786558166146278
2,7089,"P_university_studies","University degree",1.41999538643011,0.010412790812552
2,7090,"P_university_studies","University degree",-0.162467574781827,-0.00137264269869775
2,7091,"P_university_studies","University degree",0.471863882101576,0.00687629636377096
2,7092,"P_university_studies","University degree",-0.237122949212392,-0.00142521073576063
2,7093,"P_university_studies","University degree",-1.01943123612311,-0.00772398663684726
2,7094,"P_university_studies","University degree",-0.67585638506124,-0.00671197567135096
2,7096,"P_university_studies","University degree",-0.721670017221134,-0.00628365809097886
2,7097,"P_university_studies","University degree",0.50769438466662,0.00569812674075365
2,7098,"P_university_studies","University degree",-0.937585768401812,-0.00754598574712873
2,7099,"P_university_studies","University degree",-0.688401961279919,-0.00743807386606932
2,7100,"P_university_studies","University degree",-0.704729468424763,-0.00649258214980364
2,7101,"P_university_studies","University degree",3.43942036943592,0.0155170112848282
2,7102,"P_university_studies","University degree",0.415887441409001,0.00764055969193578
2,7103,"P_university_studies","University degree",-0.360645513651875,-0.00905472040176392
2,7104,"P_university_studies","University degree",-0.438155377933203,-0.0104144047945738
2,7106,"P_university_studies","University degree",-0.234556367467852,-0.00263115204870701
2,7107,"P_university_studies","University degree",0.0824910080836841,-0.00310841714963317
2,7108,"P_university_studies","University degree",0.646722799994518,0.00954455602914095
2,7109,"P_university_studies","University degree",0.255821849437067,-0.00255552609451115
2,7110,"P_university_studies","University degree",-0.905195203918554,-0.00770203210413456
2,7111,"P_university_studies","University degree",-1.0234231496206,-0.00761866709217429
2,7112,"P_university_studies","University degree",-1.03275722989829,-0.00676903547719121
2,7114,"P_university_studies","University degree",-0.682347186321004,-0.0069611961953342
2,7115,"P_university_studies","University degree",-0.969726124178548,-0.00737578421831131
2,7116,"P_university_studies","University degree",-0.756322790506507,-0.0072882641106844
2,7117,"P_university_studies","University degree",-0.936754078236808,-0.00829574465751648
2,7120,"P_university_studies","University degree",-0.991263929358536,-0.00818121992051601
2,7121,"P_university_studies","University degree",-1.01119697018073,-0.00784438662230968
2,7122,"P_university_studies","University degree",-0.188327842204102,-0.00192988209892064
2,7123,"P_university_studies","University degree",0.0539314872170591,-0.00381790963001549
2,7124,"P_university_studies","University degree",-0.451141467261574,-0.00738262478262186
2,7125,"P_university_studies","University degree",-0.923618200986038,-0.00786271225661039
2,8002,"P_university_studies","University degree",0.731032642177551,0.0153103498741984
2,8003,"P_university_studies","University degree",0.641239258574274,0.00918149668723345
2,8004,"P_university_studies","University degree",-0.231093412450064,-0.0173289906233549
2,8005,"P_university_studies","University degree",-0.188349952068057,-0.00379858119413257
2,8006,"P_university_studies","University degree",-0.482227201246773,-0.00683653960004449
2,8007,"P_university_studies","University degree",-0.58701453997854,-0.00754511449486017
2,8008,"P_university_studies","University degree",-0.894541758671452,-0.00556637533009052
2,8011,"P_university_studies","University degree",0.790464310789404,0.0156835000962019
2,8012,"P_university_studies","University degree",-0.878648198782566,-0.00689795985817909
2,8013,"P_university_studies","University degree",0.36948044026416,0.00561381550505757
2,8014,"P_university_studies","University degree",-0.25159581146182,-0.00234792265109718
2,8016,"P_university_studies","University degree",-0.271801604791152,-0.00628893356770277
2,8017,"P_university_studies","University degree",0.988347282345828,0.0150874350219965
2,8018,"P_university_studies","University degree",-0.89980659408677,-0.0118004763498902
2,8019,"P_university_studies","University degree",3.33105049690793,0.0148306954652071
2,8020,"P_university_studies","University degree",-0.022129164765704,-0.00105820107273757
2,8021,"P_university_studies","University degree",1.67974883730788,0.0152952391654253
2,8022,"P_university_studies","University degree",-0.564794709870843,-0.00594023941084743
2,8023,"P_university_studies","University degree",-0.753950395901134,-0.00771566480398178
2,8024,"P_university_studies","University degree",-0.288678070425947,-0.00443025818094611
2,8026,"P_university_studies","University degree",-0.630978678091868,-0.00642634136602283
2,8027,"P_university_studies","University degree",0.18663728275817,-0.00193284417036921
2,8029,"P_university_studies","University degree",-0.582774708354948,-0.00683428486809134
2,8030,"P_university_studies","University degree",-0.328955122551776,-0.00775046460330486
2,8032,"P_university_studies","University degree",1.78169056875552,0.0156671144068241
2,8033,"P_university_studies","University degree",-0.963795693736726,-0.0108897965401411
2,8034,"P_university_studies","University degree",-0.383665309509541,-0.0068189655430615
2,8035,"P_university_studies","University degree",-0.741640800905463,-0.0086486442014575
2,8036,"P_university_studies","University degree",0.825758484140703,0.00984593573957682
2,8037,"P_university_studies","University degree",1.53774268118754,0.0143433101475239
2,8038,"P_university_studies","University degree",-0.486126696274902,-0.0086448285728693
2,8039,"P_university_studies","University degree",0.13495374393706,-0.00493718264624476
2,8042,"P_university_studies","University degree",-0.800421375265023,-0.00566221494227648
2,8044,"P_university_studies","University degree",-0.42153405619207,-0.00824084226042032
2,8045,"P_university_studies","University degree",0.415428541350618,0.00745556829497218
2,8046,"P_university_studies","University degree",-0.721471628254669,-0.00598510215058923
2,8048,"P_university_studies","University degree",-0.433128700576267,-0.0075044222176075
2,8049,"P_university_studies","University degree",-0.545094766208922,-0.00636255973950028
2,8050,"P_university_studies","University degree",1.61487336239548,0.015656054019928
2,8052,"P_university_studies","University degree",0.0608334517884463,-0.00247510732151568
2,8053,"P_university_studies","University degree",-0.487276741495633,-0.00777521822601557
2,8054,"P_university_studies","University degree",-0.835510649912178,-0.00751393102109432
2,8055,"P_university_studies","University degree",-0.0688234091515241,-0.00494531728327274
2,8056,"P_university_studies","University degree",-0.690314052650409,-0.00666494574397802
2,8057,"P_university_studies","University degree",-0.503110191734912,-0.00553690642118454
2,8058,"P_university_studies","University degree",-0.271883448547196,-0.00540288258343935
2,8059,"P_university_studies","University degree",0.890907106710812,0.0103251654654741
2,8060,"P_university_studies","University degree",0.548636419081126,0.00863271951675415
2,8061,"P_university_studies","University degree",-0.814744073696995,-0.00714061176404357
2,8062,"P_university_studies","University degree",0.155489840916057,-0.0051265568472445
2,8064,"P_university_studies","University degree",-0.805178725669996,-0.00725688738748431
2,8065,"P_university_studies","University degree",-0.684596455007971,-0.00603031553328037
2,8067,"P_university_studies","University degree",-0.708519576615747,-0.00700707174837589
2,9004,"P_university_studies","University degree",3.49146499596516,0.0153555441647768
2,9007,"P_university_studies","University degree",1.46089055706015,0.0159747321158648
2,9008,"P_university_studies","University degree",2.25139923300731,0.0147623037919402
2,9009,"P_university_studies","University degree",0.589284401231338,0.0168252512812614
2,9010,"P_university_studies","University degree",3.09004297381264,0.014311789534986
2,9011,"P_university_studies","University degree",1.32676140634416,0.0164897050708532
2,9012,"P_university_studies","University degree",3.31785364667302,0.0146690495312214
2,9013,"P_university_studies","University degree",2.08362412418073,0.0158787537366152
2,9016,"P_university_studies","University degree",6.35470347203479,0.0134359821677208
2,9017,"P_university_studies","University degree",2.97794174660523,0.0143413310870528
2,10004,"P_university_studies","University degree",-0.21194701380297,-0.00171333993785083
2,10005,"P_university_studies","University degree",2.27790899331116,0.0164739992469549
2,10006,"P_university_studies","University degree",-0.775848630250818,-0.00710505852475762
2,10007,"P_university_studies","University degree",1.42146954286612,0.0144534464925528
2,10008,"P_university_studies","University degree",0.374394004842821,0.0125297056511045
2,10009,"P_university_studies","University degree",-0.630009862152578,-0.00844876188784838
2,10010,"P_university_studies","University degree",-0.223482075725908,-0.00381559319794178
2,10012,"P_university_studies","University degree",1.56003172728801,0.0146755892783403
2,10013,"P_university_studies","University degree",-0.383704451009381,-0.00914943404495716
2,10014,"P_university_studies","University degree",-0.567917571325207,-0.00569372670724988
2,10015,"P_university_studies","University degree",0.091093155215566,-0.000814241822808981
2,10016,"P_university_studies","University degree",0.0782884753451904,-0.00172064534854144
2,10017,"P_university_studies","University degree",0.376653510996608,0.00477566476911306
2,10021,"P_university_studies","University degree",-0.00243194589594815,-0.00166611780878156
2,10022,"P_university_studies","University degree",0.141695556170404,-0.00319648301228881
2,10023,"P_university_studies","University degree",-0.234959307438971,-0.00364193762652576
2,10025,"P_university_studies","University degree",-0.376676683728657,-0.00668468186631799
2,10027,"P_university_studies","University degree",-0.77528684882925,-0.00698581291362643
2,10031,"P_university_studies","University degree",-0.442726292229367,-0.00767950573936105
2,10033,"P_university_studies","University degree",-0.0335147736745734,-0.00108907814137638
2,10036,"P_university_studies","University degree",0.449967890468616,0.00674169464036822
2,10038,"P_university_studies","University degree",0.271880970674216,-0.00482018990442157
2,11001,"P_university_studies","University degree",-0.306958861290445,-0.00421019364148378
2,11002,"P_university_studies","University degree",0.167027252698878,-0.00257350387983024
2,11008,"P_university_studies","University degree",-0.488603758467067,-0.0124327791854739
2,11010,"P_university_studies","University degree",-0.370492051262677,-0.00863116234540939
2,11012,"P_university_studies","University degree",-0.179642481974357,-0.00304962671361864
2,11017,"P_university_studies","University degree",1.10880604583035,0.0161185152828693
2,11018,"P_university_studies","University degree",-0.162170468593692,-0.00576371653005481
2,11019,"P_university_studies","University degree",-0.556476554687124,-0.00862622354179621
2,11020,"P_university_studies","University degree",1.44075712263539,0.0154895270243287
2,11021,"P_university_studies","University degree",0.542329345642728,0.00579168647527695
2,11022,"P_university_studies","University degree",-0.55813902038042,-0.0126365581527352
2,11023,"P_university_studies","University degree",-0.101819537821729,-0.00350438337773085
2,11024,"P_university_studies","University degree",-0.175275620240223,-0.00305154896341264
2,11025,"P_university_studies","University degree",-0.436728703521066,-0.0138960964977741
2,11026,"P_university_studies","University degree",-0.203252077945781,-0.00256206118501723
2,11028,"P_university_studies","University degree",0.0508301641506289,-0.00267018401063979
2,11031,"P_university_studies","University degree",0.156625885593212,-0.00406703446060419
2,11037,"P_university_studies","University degree",0.165805597887978,-0.00524138938635588
2,11038,"P_university_studies","University degree",-0.075321812486525,-0.00252486043609679
2,11039,"P_university_studies","University degree",-0.316337911848306,-0.00865514669567347
2,11041,"P_university_studies","University degree",-0.0635358631003482,-0.00344313960522413
2,11046,"P_university_studies","University degree",-0.120422599212316,-0.00242541986517608
2,12001,"P_university_studies","University degree",1.50813948061031,0.0133482851088047
2,12002,"P_university_studies","University degree",-0.931749455315467,-0.00693691382184625
2,12003,"P_university_studies","University degree",-0.111187232442733,-0.00143070239573717
2,12005,"P_university_studies","University degree",-0.246201052795625,-0.00211815163493156
2,12006,"P_university_studies","University degree",0.557797402504366,0.00607497757300735
2,12007,"P_university_studies","University degree",0.959788449726136,0.00665192632004619
2,12008,"P_university_studies","University degree",-0.471257236406638,-0.00569241400808096
2,12009,"P_university_studies","University degree",-0.526431848378681,-0.00574865145608783
2,12010,"P_university_studies","University degree",-0.912587533013978,-0.0066976579837501
2,12011,"P_university_studies","University degree",0.283254021552266,-0.00118164962623268
2,12012,"P_university_studies","University degree",-0.0825737118372738,-0.00207159901037812
2,12013,"P_university_studies","University degree",-0.0552726832221107,-0.00159688550047576
2,12014,"P_university_studies","University degree",0.972774615801468,0.00662737246602774
2,12015,"P_university_studies","University degree",-0.023135347396995,-0.00332526164129376
2,12017,"P_university_studies","University degree",-0.0220990465352575,-0.00182475859764963
2,12018,"P_university_studies","University degree",0.151129321534206,-0.0015297494828701
2,12019,"P_university_studies","University degree",-0.749634220857848,-0.00660585518926382
2,12020,"P_university_studies","University degree",-0.836625263757174,-0.00642120465636253
2,12021,"P_university_studies","University degree",0.11497925150402,-0.00232234806753695
2,12022,"P_university_studies","University degree",-0.198402691018235,-0.00149510439950973
2,12023,"P_university_studies","University degree",-0.0967724217040032,-0.00097852130420506
2,12024,"P_university_studies","University degree",-0.40750442964387,-0.0059379218146205
2,12025,"P_university_studies","University degree",-0.319674695551285,-0.00547597277909517
2,12026,"P_university_studies","University degree",-0.737496926501302,-0.00532748829573393
2,12027,"P_university_studies","University degree",-0.49289672470695,-0.00686114141717553
2,12028,"P_university_studies","University degree",-0.0664430677972897,-0.000943150196690112
2,12029,"P_university_studies","University degree",2.85233942110622,0.0129861840978265
2,12030,"P_university_studies","University degree",0.344216474303422,0.00856686569750309
2,12031,"P_university_studies","University degree",-0.588483775944121,-0.00603819265961647
2,12032,"P_university_studies","University degree",-0.906387072931628,-0.00876006577163935
2,12033,"P_university_studies","University degree",0.15848427967391,-0.00149680906906724
2,12034,"P_university_studies","University degree",0.140756040515015,-0.00274034915491939
2,12035,"P_university_studies","University degree",1.99332791182443,0.0127543658018112
2,12036,"P_university_studies","University degree",-0.159018170691464,-0.00219667167402804
2,12037,"P_university_studies","University degree",-0.312048281350402,-0.00385751808062196
2,12039,"P_university_studies","University degree",0.0484249219838456,-0.00203909538686275
2,12040,"P_university_studies","University degree",-0.652915887931391,-0.00815571285784245
2,12041,"P_university_studies","University degree",-0.0065661327156311,-0.00183148041833192
2,12042,"P_university_studies","University degree",-0.43079275857634,-0.00583014078438282
2,12044,"P_university_studies","University degree",0.238081218394894,-0.00346459029242396
2,12045,"P_university_studies","University degree",-0.494908093496904,-0.00613408675417304
2,12046,"P_university_studies","University degree",0.735644639341553,0.00819873809814453
2,12047,"P_university_studies","University degree",-0.999000113306128,-0.00698768347501755
2,12048,"P_university_studies","University degree",0.152224821947638,-0.00368607207201421
2,12049,"P_university_studies","University degree",-0.361632586840244,-0.00573888653889298
2,12050,"P_university_studies","University degree",1.0873698455108,0.010220143944025
2,12051,"P_university_studies","University degree",-0.661693257313379,-0.00535217951983213
2,12052,"P_university_studies","University degree",-0.230459499338935,-0.00255552609451115
2,12053,"P_university_studies","University degree",-0.254319622970646,-0.00188633159268647
2,12054,"P_university_studies","University degree",-0.658342433455488,-0.005471829790622
2,12055,"P_university_studies","University degree",0.33451995251773,0.000629122136160731
2,12056,"P_university_studies","University degree",-0.0244111009750646,-0.00205458607524633
2,12057,"P_university_studies","University degree",0.24147815245913,-0.00241238530725241
2,12058,"P_university_studies","University degree",0.420414966027264,0.00618110364302993
2,12059,"P_university_studies","University degree",0.0645535395189712,-0.00228559272363782
2,12060,"P_university_studies","University degree",-0.780998432288306,-0.00584552716463804
2,12061,"P_university_studies","University degree",1.67588509412219,0.00915412325412035
2,12063,"P_university_studies","University degree",-0.449431461090179,-0.00611469289287925
2,12064,"P_university_studies","University degree",0.381770625568496,0.00417578965425491
2,12066,"P_university_studies","University degree",0.86572053276981,0.00612876005470753
2,12067,"P_university_studies","University degree",0.784134012455499,0.00627770321443677
2,12069,"P_university_studies","University degree",-0.767074955726067,-0.00538521818816662
2,12070,"P_university_studies","University degree",-0.603045876065324,-0.00636816583573818
2,12072,"P_university_studies","University degree",-0.559297508867084,-0.00687812548130751
2,12073,"P_university_studies","University degree",-0.686088626073637,-0.00639203889295459
2,12074,"P_university_studies","University degree",-0.663127404513757,-0.00552020687609911
2,12075,"P_university_studies","University degree",0.267808013762188,-0.00308617064729333
2,12076,"P_university_studies","University degree",-0.857973529665423,-0.00660203164443374
2,12077,"P_university_studies","University degree",0.358571040053819,0.00462189316749573
2,12079,"P_university_studies","University degree",-0.907570109717474,-0.00775488931685686
2,12080,"P_university_studies","University degree",-0.185421573600012,-0.00101776467636228
2,12081,"P_university_studies","University degree",0.435740225404227,0.00542935682460666
2,13001,"P_university_studies","University degree",-0.631461191044278,-0.0122637404128909
2,13002,"P_university_studies","University degree",-0.783164581954328,-0.00944938231259584
2,13003,"P_university_studies","University degree",1.0058953578782,0.0159288998693228
2,13005,"P_university_studies","University degree",-0.360085478705038,-0.0161605048924685
2,13007,"P_university_studies","University degree",-0.464478609839343,-0.0130678750574589
2,13008,"P_university_studies","University degree",0.368110101284187,0.0112941171973944
2,13009,"P_university_studies","University degree",-0.265049479444343,-0.0101440642029047
2,13013,"P_university_studies","University degree",0.512206734567832,0.0161916352808475
2,13016,"P_university_studies","University degree",-0.373104620390919,-0.0128159457817674
2,13017,"P_university_studies","University degree",-0.453238807776238,-0.00779047096148133
2,13019,"P_university_studies","University degree",-0.147586942454207,-0.00571009051054716
2,13021,"P_university_studies","University degree",0.0899682913876684,-0.0141901588067412
2,13022,"P_university_studies","University degree",0.190777434384607,-0.00901064183562994
2,13023,"P_university_studies","University degree",1.64755739501339,0.0159571897238493
2,13024,"P_university_studies","University degree",-0.544962724301819,-0.0090689342468977
2,13035,"P_university_studies","University degree",-0.568427652253341,-0.0128913866356015
2,13038,"P_university_studies","University degree",-0.348335341403531,-0.0131738996133208
2,13041,"P_university_studies","University degree",0.733980058292975,0.0174839608371258
2,13044,"P_university_studies","University degree",-0.39054557876059,-0.00799588672816753
2,13045,"P_university_studies","University degree",-0.491521329230125,-0.01347123272717
2,13048,"P_university_studies","University degree",3.4531672588075,0.0145542733371258
2,13050,"P_university_studies","University degree",1.17601800079664,0.0170248430222273
2,13051,"P_university_studies","University degree",3.43264729478224,0.0166388172656298
2,13052,"P_university_studies","University degree",0.406685824734076,0.0123986266553402
2,13054,"P_university_studies","University degree",0.567484165872811,0.0140134682878852
2,13056,"P_university_studies","University degree",0.70162254135335,0.0146430563181639
2,13057,"P_university_studies","University degree",-0.622627237008816,-0.0127594480291009
2,13061,"P_university_studies","University degree",1.23664964251545,0.0157698486000299
2,13063,"P_university_studies","University degree",0.231266646192216,-0.0095400707796216
2,13064,"P_university_studies","University degree",-0.0791495592848151,-0.00502098118886352
2,13066,"P_university_studies","University degree",-0.214813095195504,-0.00953837111592293
2,13067,"P_university_studies","University degree",0.115693430382172,-0.00615145498886704
2,13069,"P_university_studies","University degree",1.11544208177216,0.0165327526628971
2,13072,"P_university_studies","University degree",1.06791225196926,0.011035954579711
2,13074,"P_university_studies","University degree",0.339564156102071,-0.00118379888590425
2,13075,"P_university_studies","University degree",0.282388573452861,-0.00961626786738634
2,13076,"P_university_studies","University degree",1.27242120396525,0.0168440286070108
2,13077,"P_university_studies","University degree",1.04911982075542,0.0157273542135954
2,13082,"P_university_studies","University degree",0.0193949085542913,-0.00894979760050774
2,13083,"P_university_studies","University degree",2.26339703577512,0.0175947155803442
2,14001,"P_university_studies","University degree",-0.41051134363385,-0.0129419527947903
2,14002,"P_university_studies","University degree",0.673399955321319,0.0125480908900499
2,14003,"P_university_studies","University degree",0.940178078844321,0.0135774910449982
2,14005,"P_university_studies","University degree",0.410954800121784,0.0132863149046898
2,14006,"P_university_studies","University degree",0.654556407606146,0.0107454368844628
2,14007,"P_university_studies","University degree",-0.0423844012925753,-0.00205628271214664
2,14008,"P_university_studies","University degree",0.269184741995364,-0.00478991959244013
2,14009,"P_university_studies","University degree",0.602253849398054,0.0154183497652411
2,14011,"P_university_studies","University degree",-0.404738117649073,-0.00713482033461332
2,14012,"P_university_studies","University degree",-0.0289821946225484,-0.00256830197758973
2,14013,"P_university_studies","University degree",0.247715306803574,-0.00245180469937623
2,14015,"P_university_studies","University degree",1.73150239342605,0.0163173284381628
2,14016,"P_university_studies","University degree",-0.473519583573345,-0.0123324543237686
2,14017,"P_university_studies","University degree",-0.178827653721674,-0.00132475676946342
2,14019,"P_university_studies","University degree",-0.121296819984409,-0.000827954499982297
2,14020,"P_university_studies","University degree",-0.284820086425668,-0.00193085439968854
2,14021,"P_university_studies","University degree",0.306223932848602,0.00106249074451625
2,14022,"P_university_studies","University degree",0.286554394461763,-0.00128240569029003
2,14024,"P_university_studies","University degree",0.197933288628276,-0.00530246365815401
2,14025,"P_university_studies","University degree",2.01544093093203,0.0167980808764696
2,14027,"P_university_studies","University degree",-0.313742199818507,-0.00190380727872252
2,14028,"P_university_studies","University degree",-0.502527387422912,-0.00732552772387862
2,14029,"P_university_studies","University degree",-0.423149505569748,-0.00856638886034489
2,14031,"P_university_studies","University degree",-0.621048485331715,-0.00651904987171292
2,14033,"P_university_studies","University degree",-0.302859954140588,-0.00193290424067527
2,14035,"P_university_studies","University degree",-0.288224230990597,-0.00335263996385038
2,14036,"P_university_studies","University degree",0.7118831587978,0.00976307224482298
2,14037,"P_university_studies","University degree",1.0765190246872,0.0110460668802261
2,14038,"P_university_studies","University degree",-0.309388658495838,-0.00264285178855062
2,14039,"P_university_studies","University degree",2.70868982511157,0.0145019274204969
2,14040,"P_university_studies","University degree",-0.67555355737347,-0.00822344981133938
2,14041,"P_university_studies","University degree",-0.204605331511982,-0.00227263243868947
2,14042,"P_university_studies","University degree",-0.157009403595952,-0.000899114704225212
2,14043,"P_university_studies","University degree",0.105934869957417,-0.00135316280648112
2,14044,"P_university_studies","University degree",0.201392087069213,-0.00639503868296742
2,14046,"P_university_studies","University degree",-0.252153285976022,-0.00422753160819411
2,14048,"P_university_studies","University degree",-0.423715642587615,-0.00824512913823128
2,14051,"P_university_studies","University degree",0.0676437488553495,-0.00530109787359834
2,14053,"P_university_studies","University degree",0.677205156255898,0.0133491056039929
2,14055,"P_university_studies","University degree",0.191282253057013,-0.00244298414327204
2,14058,"P_university_studies","University degree",0.666546123059876,0.00925501435995102
2,14060,"P_university_studies","University degree",-0.466414142317207,-0.00700228335335851
2,14061,"P_university_studies","University degree",-0.169737323439927,-0.00184662430547178
2,14062,"P_university_studies","University degree",-0.475070597963775,-0.0070205177180469
2,14063,"P_university_studies","University degree",1.27441562089214,0.0150297367945313
2,14064,"P_university_studies","University degree",-0.313684732850069,-0.00249987072311342
2,14067,"P_university_studies","University degree",1.74205217223532,0.0148230465129018
2,14068,"P_university_studies","University degree",-0.0381928243889539,-0.00134483363945037
2,14070,"P_university_studies","University degree",0.0554244733409436,-0.00490888440981507
2,14071,"P_university_studies","University degree",-0.652004457124622,-0.00779607053846121
2,14072,"P_university_studies","University degree",-0.507481396549262,-0.0125321745872498
2,14073,"P_university_studies","University degree",0.0832071628522116,-0.00386366853490472
2,14074,"P_university_studies","University degree",-0.28458173966329,-0.00441475166007876
2,14075,"P_university_studies","University degree",0.331988163828777,0.00108474167063832
2,14076,"P_university_studies","University degree",-0.399660767217685,-0.00755434576421976
2,14077,"P_university_studies","University degree",0.79885568587406,0.0106288576498628
2,14078,"P_university_studies","University degree",-0.139242720811906,-0.00300563592463732
2,14080,"P_university_studies","University degree",-0.328553572278302,-0.00813574437052011
2,14081,"P_university_studies","University degree",-0.372397740863883,-0.00758538208901882
2,14083,"P_university_studies","University degree",0.394378220070414,0.0118972165510058
2,14084,"P_university_studies","University degree",0.00210360166797837,-0.00288308155722916
2,14090,"P_university_studies","University degree",0.185525961742875,-0.00322940014302731
2,14091,"P_university_studies","University degree",-0.321746981209322,-0.00890789180994034
2,14093,"P_university_studies","University degree",0.836646455719515,0.0139581356197596
2,14094,"P_university_studies","University degree",0.628868446324569,0.0149095049127936
2,14095,"P_university_studies","University degree",0.106156100222127,-0.00243316683918238
2,14097,"P_university_studies","University degree",1.62131824063996,0.0126799130812287
2,14098,"P_university_studies","University degree",1.85918259610804,0.0164431035518646
2,14100,"P_university_studies","University degree",-0.0375552096811601,-0.00110844941809773
2,14101,"P_university_studies","University degree",1.04106051518821,0.0149119682610035
2,14104,"P_university_studies","University degree",-0.22762887834294,-0.00246050185523927
2,14105,"P_university_studies","University degree",-0.218375033848693,-0.00194263213779777
2,14109,"P_university_studies","University degree",-0.427062136293988,-0.0128757664933801
2,14110,"P_university_studies","University degree",0.586324832138495,0.0100137870758772
2,14111,"P_university_studies","University degree",0.0104499804775262,-0.00114287983160466
2,14114,"P_university_studies","University degree",0.172878373134656,-0.00143438985105604
2,14115,"P_university_studies","University degree",-0.203415907536023,-0.000868206610903144
2,14116,"P_university_studies","University degree",-0.339703103411535,-0.0129705369472504
2,14117,"P_university_studies","University degree",-0.63858018556601,-0.00757272215560079
2,14118,"P_university_studies","University degree",0.121666416875864,-0.0027472076471895
2,14120,"P_university_studies","University degree",3.86935648265592,0.0152216916903853
2,14123,"P_university_studies","University degree",-0.681000379636997,-0.0125249717384577
2,14124,"P_university_studies","University degree",-0.0813871330004157,-0.00336153223179281
2,14125,"P_university_studies","University degree",-0.597462188802128,-0.00859010685235262
2,15001,"P_university_studies","University degree",-0.0235622809710767,-0.00221673306077719
2,15002,"P_university_studies","University degree",0.597977815490641,0.015612268820405
2,15003,"P_university_studies","University degree",-0.368436882790004,-0.0124901412054896
2,15004,"P_university_studies","University degree",0.137883904089911,-0.00259953201748431
2,15005,"P_university_studies","University degree",0.093920607442358,-0.00473646633327007
2,15007,"P_university_studies","University degree",-0.428899554522714,-0.0083432188257575
2,15008,"P_university_studies","University degree",0.174279765337611,-0.00122883473522961
2,15009,"P_university_studies","University degree",0.55726380344682,0.0159511566162109
2,15010,"P_university_studies","University degree",0.308601113548456,-0.000299435429042205
2,15011,"P_university_studies","University degree",0.147718990311545,-0.0193062014877796
2,15014,"P_university_studies","University degree",1.22943758075122,0.0113149853423238
2,15015,"P_university_studies","University degree",-0.299396742611903,-0.00799253303557634
2,15016,"P_university_studies","University degree",-0.0794147552422465,-0.00883451383560896
2,15017,"P_university_studies","University degree",0.419412093693172,0.0124906040728092
2,15018,"P_university_studies","University degree",2.29693889034781,0.0163059774786234
2,15020,"P_university_studies","University degree",2.92083108349441,0.0147327622398734
2,15021,"P_university_studies","University degree",-0.38492548936889,-0.0111611010506749
2,15025,"P_university_studies","University degree",0.557864259009499,0.0159994531422853
2,15026,"P_university_studies","University degree",-0.483883772691005,-0.0132579607889056
2,15032,"P_university_studies","University degree",-0.611858992613406,-0.00734299095347524
2,15033,"P_university_studies","University degree",1.05420993085033,0.0159747321158648
2,15035,"P_university_studies","University degree",0.546220350504004,0.0146034136414528
2,15036,"P_university_studies","University degree",-0.420964202723288,-0.0150549998506904
2,15037,"P_university_studies","University degree",3.3332317954336,0.0149139650166035
2,15039,"P_university_studies","University degree",0.911627726901267,0.0176369175314903
2,15040,"P_university_studies","University degree",0.550982927129393,0.0122908977791667
2,15041,"P_university_studies","University degree",-0.615374500180934,-0.00725594023242593
2,15042,"P_university_studies","University degree",-0.0323540679159657,-0.00430974829941988
2,15043,"P_university_studies","University degree",0.125494211262771,-0.00644949171692133
2,15045,"P_university_studies","University degree",0.341220891905832,0.0105418274179101
2,15046,"P_university_studies","University degree",0.252242497338744,-0.0191454812884331
2,15047,"P_university_studies","University degree",-0.391100521862961,-0.00829043425619602
2,15048,"P_university_studies","University degree",0.594155757732697,0.0103823151439428
2,15050,"P_university_studies","University degree",-0.133087651880153,-0.00575571600347757
2,15051,"P_university_studies","University degree",1.43118201371543,0.0179499257355928
2,15052,"P_university_studies","University degree",-0.208211849283415,-0.00341360154561698
2,15054,"P_university_studies","University degree",4.55085808687368,0.013920996338129
2,15056,"P_university_studies","University degree",-0.486590156588143,-0.00828851107507944
2,15057,"P_university_studies","University degree",2.19680037411714,0.0144388414919376
2,15060,"P_university_studies","University degree",0.664892810610665,0.0168907940387726
2,15062,"P_university_studies","University degree",1.27722922771975,0.0174345169216394
2,15063,"P_university_studies","University degree",-0.459705068163945,-0.0128095559775829
2,15064,"P_university_studies","University degree",-0.18532872408231,-0.00344469933770597
2,15065,"P_university_studies","University degree",0.147975964716484,-0.00837491825222969
2,15066,"P_university_studies","University degree",-0.350465631946424,-0.00765856262296438
2,15067,"P_university_studies","University degree",0.0921222935778459,-0.00543411541730165
2,15070,"P_university_studies","University degree",0.297051792232875,-0.00967500731348991
2,15071,"P_university_studies","University degree",-0.0766065226274006,-0.00497692171484232
2,15073,"P_university_studies","University degree",2.56561670194226,0.0150994285941124
2,15074,"P_university_studies","University degree",-0.314351433142831,-0.00273664924316108
2,15076,"P_university_studies","University degree",1.40145896959651,0.0166248306632042
2,15077,"P_university_studies","University degree",0.205968065014276,-0.00267378403805196
2,15078,"P_university_studies","University degree",-0.181521027221053,-0.00313752354122698
2,15079,"P_university_studies","University degree",0.304651090549895,-0.00616739317774773
2,15080,"P_university_studies","University degree",-0.133831354681198,-0.00170526804868132
2,15081,"P_university_studies","University degree",2.17990180205688,0.0160780400037766
2,15082,"P_university_studies","University degree",0.934289208944517,0.0080807963386178
2,15084,"P_university_studies","University degree",-0.102927821692984,-0.00761100929230452
2,15085,"P_university_studies","University degree",-0.0444387529190184,-0.00219559576362371
2,15086,"P_university_studies","University degree",-0.440662208593234,-0.0110180424526334
2,15087,"P_university_studies","University degree",-0.0423908058126468,-0.00339377415366471
2,15088,"P_university_studies","University degree",0.590789044640806,0.0124547053128481
2,15090,"P_university_studies","University degree",0.261048933600347,-0.00585384992882609
2,15092,"P_university_studies","University degree",0.69813216525187,0.0164501089602709
2,15093,"P_university_studies","University degree",0.261684474489744,-0.0183454528450966
2,15094,"P_university_studies","University degree",0.0610440963366897,-0.00937648117542267
2,15095,"P_university_studies","University degree",0.643484526654018,0.0168809276074171
2,15096,"P_university_studies","University degree",0.177544237724632,-0.010817582719028
2,15097,"P_university_studies","University degree",0.0291170964215044,-0.00249448581598699
2,15099,"P_university_studies","University degree",1.59780287989524,0.0166073217988014
2,15100,"P_university_studies","University degree",-0.0243543420592268,-0.0186351612210274
2,15101,"P_university_studies","University degree",0.724778056507857,0.016728226095438
2,15102,"P_university_studies","University degree",0.121667848247932,-0.00575669668614864
2,15103,"P_university_studies","University degree",1.01537139444987,0.0149917080998421
2,15104,"P_university_studies","University degree",2.46949435413682,0.0137529661878943
2,15105,"P_university_studies","University degree",0.334392624084327,0.00195507751777768
2,15106,"P_university_studies","University degree",2.36514425218977,0.0157924480736256
2,15107,"P_university_studies","University degree",0.374218614657162,0.0105491671711206
2,15109,"P_university_studies","University degree",1.14453845395193,0.0163253303617239
2,15110,"P_university_studies","University degree",0.631313791528824,0.013467675074935
2,15111,"P_university_studies","University degree",-0.743651369078831,-0.00745391612872481
2,15112,"P_university_studies","University degree",-0.294461441313558,-0.00389506784267724
2,15113,"P_university_studies","University degree",-0.48615806817657,-0.0111611010506749
2,15114,"P_university_studies","University degree",-0.719692435799003,-0.00731706479564309
2,15115,"P_university_studies","University degree",0.594680244807966,0.0161182079464197
2,15116,"P_university_studies","University degree",0.281564885602618,-0.00201782491058111
2,15117,"P_university_studies","University degree",-0.199236118030215,-0.000767715973779559
2,15118,"P_university_studies","University degree",1.25130119561998,0.0163769870996475
2,15119,"P_university_studies","University degree",-0.534892673273012,-0.00798521284013987
2,15120,"P_university_studies","University degree",0.508934231808022,0.013198422268033
2,15121,"P_university_studies","University degree",2.9533972820206,0.0153019595891237
2,15123,"P_university_studies","University degree",-0.0951424857186676,-0.000856144586578012
2,15124,"P_university_studies","University degree",-0.882413434631647,-0.00731706479564309
2,16003,"P_university_studies","University degree",-0.554772748102161,-0.00918336678296328
2,16007,"P_university_studies","University degree",-0.233220000571056,-0.00219646631740034
2,16013,"P_university_studies","University degree",-0.418862654742212,-0.00653601530939341
2,16017,"P_university_studies","University degree",-0.691153036114797,-0.00853614509105682
2,16018,"P_university_studies","University degree",-0.729275361218048,-0.0117018781602383
2,16020,"P_university_studies","University degree",-0.310648953200549,-0.00438857963308692
2,16022,"P_university_studies","University degree",-0.398763000945849,-0.0133312931284308
2,16031,"P_university_studies","University degree",-0.647698568924786,-0.00711192050948739
2,16034,"P_university_studies","University degree",0.125092859596124,-0.00296439602971077
2,16038,"P_university_studies","University degree",0.584304055794189,0.00655875029042363
2,16040,"P_university_studies","University degree",-0.634426200093696,-0.0101123228669167
2,16041,"P_university_studies","University degree",-0.403357003973559,-0.0127052618190646
2,16046,"P_university_studies","University degree",-0.258887459961279,-0.00240413588471711
2,16047,"P_university_studies","University degree",-0.449480307779534,-0.00808966346085072
2,16049,"P_university_studies","University degree",-0.723684985140933,-0.0102387918159366
2,16050,"P_university_studies","University degree",0.0549506125767464,-0.00259849545545876
2,16057,"P_university_studies","University degree",-0.298703176756904,-0.00157476228196174
2,16072,"P_university_studies","University degree",-0.231811792880436,-0.00333377975039184
2,16077,"P_university_studies","University degree",-0.137314032567432,-0.0020755163859576
2,16078,"P_university_studies","University degree",-0.36030560177794,-0.00827153399586678
2,16080,"P_university_studies","University degree",-0.622866454120233,-0.0118425032123923
2,16081,"P_university_studies","University degree",-0.848966479325667,-0.0068369316868484
2,16088,"P_university_studies","University degree",1.58699339927561,0.0158906411379576
2,16092,"P_university_studies","University degree",-0.327849079334156,-0.00674577802419662
2,16093,"P_university_studies","University degree",-0.423462613086459,-0.0118671264499426
2,16098,"P_university_studies","University degree",-0.0691611875149827,-0.00207601091824472
2,16099,"P_university_studies","University degree",-0.517244074627232,-0.00771327503025532
2,16101,"P_university_studies","University degree",-0.650975531810804,-0.00642862310633063
2,16110,"P_university_studies","University degree",-0.180607928612064,-0.00187397876288742
2,16112,"P_university_studies","University degree",0.709922890141996,0.0110526392236352
2,17001,"P_university_studies","University degree",0.0685205842505834,-0.0032466861885041
2,17002,"P_university_studies","University degree",1.04430060267281,0.0110944788902998
2,17003,"P_university_studies","University degree",-0.0898059024861295,-0.00451033934950829
2,17004,"P_university_studies","University degree",0.266053430535639,-0.00472627719864249
2,17005,"P_university_studies","University degree",-0.208679051079734,-0.00472484203055501
2,17006,"P_university_studies","University degree",1.51526286249994,0.0155430445447564
2,17007,"P_university_studies","University degree",3.33424677123095,0.0153019595891237
2,17008,"P_university_studies","University degree",1.81891899244281,0.0164814796298742
2,17009,"P_university_studies","University degree",0.799012805331784,0.0178639534860849
2,17010,"P_university_studies","University degree",0.374868915857533,0.00943401642143726
2,17012,"P_university_studies","University degree",1.21961961446573,0.0133661767467856
2,17013,"P_university_studies","University degree",0.567609541247372,0.0109488712623715
2,17014,"P_university_studies","University degree",0.707689235885398,0.0115288682281971
2,17015,"P_university_studies","University degree",0.198632279035441,-0.00732471281662583
2,17016,"P_university_studies","University degree",-0.292446232012191,-0.00684716599062085
2,17017,"P_university_studies","University degree",0.58235919567234,0.0130265578627586
2,17018,"P_university_studies","University degree",0.587346345181387,0.0140107627958059
2,17019,"P_university_studies","University degree",0.136980353462955,-0.00329476036131382
2,17020,"P_university_studies","University degree",1.01449571713601,0.0162171088159084
2,17021,"P_university_studies","University degree",0.409056305891941,0.00817347038537264
2,17022,"P_university_studies","University degree",-0.321780387180514,-0.0135461892932653
2,17023,"P_university_studies","University degree",-0.302864451264883,-0.00530536752194166
2,17024,"P_university_studies","University degree",0.288035836082335,-0.00590595183894038
2,17025,"P_university_studies","University degree",0.609892833320603,0.0110273202881217
2,17026,"P_university_studies","University degree",0.537180634154787,0.0135586792603135
2,17027,"P_university_studies","University degree",-0.243563401990582,-0.00762243894860148
2,17028,"P_university_studies","University degree",0.634966517709703,0.0132730891928077
2,17029,"P_university_studies","University degree",0.659007317302029,0.0160797517746687
2,17030,"P_university_studies","University degree",0.0854123167537971,-0.00706806825473905
2,17032,"P_university_studies","University degree",0.679855320941628,0.0159887298941612
2,17035,"P_university_studies","University degree",-0.248057877139663,-0.0054010353051126
2,18001,"P_university_studies","University degree",1.05098119861489,0.00748508889228106
2,18002,"P_university_studies","University degree",0.83083476190266,0.00838654302060604
2,18003,"P_university_studies","University degree",0.00623799108313145,-0.00216254498809576
2,18004,"P_university_studies","University degree",0.461571230365923,0.0060629965737462
2,18005,"P_university_studies","University degree",-0.280870227786636,-0.00108094478491694
2,18006,"P_university_studies","University degree",0.966628669717601,0.0102558871731162
2,18007,"P_university_studies","University degree",0.598721566430461,0.0071407612413168
2,18008,"P_university_studies","University degree",2.79181538467728,0.0146933570504189
2,18009,"P_university_studies","University degree",-0.600389663223992,-0.00575939705595374
2,18010,"P_university_studies","University degree",-0.10856397815707,-0.00178896216675639
2,18011,"P_university_studies","University degree",0.252123836360423,-0.00202690646983683
2,18012,"P_university_studies","University degree",-0.0389997939179636,-0.00214890763163567
2,18013,"P_university_studies","University degree",0.213318396330072,-0.00184377818368375
2,18014,"P_university_studies","University degree",-0.154391186964249,-0.0023273634724319
2,18015,"P_university_studies","University degree",0.0835739870517646,-0.00430475454777479
2,18016,"P_university_studies","University degree",0.577116814381983,0.00680530164390802
2,18017,"P_university_studies","University degree",3.16944473923728,0.0169606823474169
2,18018,"P_university_studies","University degree",0.81021361292462,0.00763207487761974
2,18019,"P_university_studies","University degree",-0.672481272028312,-0.00593973277136683
2,18020,"P_university_studies","University degree",1.3109540866568,0.0132343359291553
2,19002,"P_university_studies","University degree",-0.20750115826577,-0.00235510640777647
2,19003,"P_university_studies","University degree",-0.678704837209391,-0.00626076944172382
2,19004,"P_university_studies","University degree",0.487604332905256,0.0116995191201568
2,19005,"P_university_studies","University degree",0.11482596196718,-0.00191493972670287
2,19006,"P_university_studies","University degree",3.14924475639554,0.0138796223327518
2,19007,"P_university_studies","University degree",-0.181843517397492,-0.00184817239642143
2,19008,"P_university_studies","University degree",0.382064749353255,0.00747670093551278
2,19009,"P_university_studies","University degree",0.339070488845499,-0.00280845980159938
2,19010,"P_university_studies","University degree",-0.176755605043946,-0.00428654812276363
2,19011,"P_university_studies","University degree",-0.11887625043189,-0.00227798614650965
2,19012,"P_university_studies","University degree",-0.198034035894786,-0.00502927042543888
2,19013,"P_university_studies","University degree",-0.0775725869543519,-0.0021154722198844
2,19015,"P_university_studies","University degree",-0.705622188102581,-0.00805207714438438
2,19016,"P_university_studies","University degree",-0.459682673593525,-0.00885012093931437
2,19017,"P_university_studies","University degree",-0.0524223641147532,-0.000836368650197983
2,19018,"P_university_studies","University degree",1.36473123592526,0.0110711734741926
2,19019,"P_university_studies","University degree",7.57623715064874,0.0126427095383406
2,19020,"P_university_studies","University degree",-0.0278484386002632,-0.00249138264916837
2,19021,"P_university_studies","University degree",1.97235357278558,0.0143533404916525
2,19022,"P_university_studies","University degree",0.0461390407331618,-0.00268687377683818
2,19023,"P_university_studies","University degree",-0.213409144072847,-0.002931775059551
2,19025,"P_university_studies","University degree",0.0810918127968481,-0.0132097732275724
2,19026,"P_university_studies","University degree",2.98333648436544,0.0133801242336631
2,19027,"P_university_studies","University degree",-0.624046056960999,-0.00650595221668482
2,19029,"P_university_studies","University degree",0.491968375495228,0.00797007791697979
2,19030,"P_university_studies","University degree",-0.576060105394689,-0.00733602419495583
2,19031,"P_university_studies","University degree",0.520266952020967,0.0132896555587649
2,19032,"P_university_studies","University degree",-0.234876065045225,-0.00178415921982378
2,19033,"P_university_studies","University degree",0.867565216102353,0.0150364879518747
2,19035,"P_university_studies","University degree",-0.233372357591069,-0.00426111742854118
2,19037,"P_university_studies","University degree",-0.32036958673551,-0.0146874897181988
2,19038,"P_university_studies","University degree",1.34945544670355,0.0131112430244684
2,19039,"P_university_studies","University degree",3.82606149784975,0.0139493877068162
2,19040,"P_university_studies","University degree",0.0123906089260364,-0.00216515338979661
2,19041,"P_university_studies","University degree",-0.1957464788646,-0.00502927042543888
2,19042,"P_university_studies","University degree",-0.542484898353615,-0.00704176304861903
2,19043,"P_university_studies","University degree",-0.692958085969227,-0.00680497661232948
2,19044,"P_university_studies","University degree",1.0396681740376,0.0100622223690152
2,19045,"P_university_studies","University degree",-0.0843514709953196,-0.0044216332025826
2,19046,"P_university_studies","University degree",4.317484372095,0.0101302275434136
2,19047,"P_university_studies","University degree",0.641938717715561,0.00930415466427803
2,19048,"P_university_studies","University degree",2.40382373120298,0.0139316897839308
2,19049,"P_university_studies","University degree",2.30313891828151,0.00765828648582101
2,19050,"P_university_studies","University degree",-0.743444121202502,-0.00674713822081685
2,19051,"P_university_studies","University degree",0.0519941852953919,-0.00445826025679708
2,20005,"P_university_studies","University degree",1.19628224890206,0.00483491737395525
2,20008,"P_university_studies","University degree",-0.684976220285448,-0.00590303400531411
2,20010,"P_university_studies","University degree",1.32431082226586,0.00638328772038221
2,20012,"P_university_studies","University degree",-0.688934755457159,-0.00525241252034903
2,20014,"P_university_studies","University degree",1.51547319043258,0.00864593405276537
2,20015,"P_university_studies","University degree",-1.04211814204108,-0.00708830775693059
2,20017,"P_university_studies","University degree",-0.973869928300099,-0.00952641665935516
2,20021,"P_university_studies","University degree",0.242752282660192,-0.00210952549241483
2,20028,"P_university_studies","University degree",-0.561519968520489,-0.00679076043888927
2,20036,"P_university_studies","University degree",-0.809973382387193,-0.00581199210137129
2,20043,"P_university_studies","University degree",1.13956499511029,0.0106904078274965
2,20052,"P_university_studies","University degree",0.862229451091439,0.0069352425634861
2,20053,"P_university_studies","University degree",0.966016094186948,0.00605862308293581
2,20057,"P_university_studies","University degree",0.519068200263484,0.00477691041305661
2,20059,"P_university_studies","University degree",0.192843661571589,-0.00293360324576497
2,20061,"P_university_studies","University degree",-0.643249868661103,-0.00672107096761465
2,20066,"P_university_studies","University degree",-0.0232389531799647,-0.00316811283119023
2,20070,"P_university_studies","University degree",0.0850231461225983,-0.00175855087582022
2,20071,"P_university_studies","University degree",-0.687667792844511,-0.00634992681443691
2,20075,"P_university_studies","University degree",0.486070312464927,0.00422936864197254
2,20076,"P_university_studies","University degree",-0.673382179011323,-0.008562414906919
2,20079,"P_university_studies","University degree",1.58413762425712,0.0105101326480508
2,20080,"P_university_studies","University degree",-0.718010077238618,-0.00582818360999227
2,20082,"P_university_studies","University degree",-0.61378496981965,-0.00569669529795647
2,20085,"P_university_studies","University degree",-0.890702330243113,-0.00588551722466946
2,20090,"P_university_studies","University degree",0.116509408876482,-0.00174485391471535
2,20113,"P_university_studies","University degree",-0.897831906905289,-0.00789253134280443
2,20117,"P_university_studies","University degree",-0.726378759705072,-0.00578014692291617
2,20122,"P_university_studies","University degree",-0.996386625414994,-0.0106221018359065
2,20124,"P_university_studies","University degree",-0.530647894083737,-0.00940429046750069
2,20125,"P_university_studies","University degree",-0.880601655801807,-0.00538831669837236
2,20126,"P_university_studies","University degree",-0.846137366448701,-0.00674975058063865
2,20130,"P_university_studies","University degree",-0.443389401507106,-0.00570141337811947
2,20141,"P_university_studies","University degree",-0.10160264087194,-0.00100406212732196
2,20143,"P_university_studies","University degree",0.570533791609212,0.00476693036034703
2,20146,"P_university_studies","University degree",-1.04600516720111,-0.0077600278891623
2,20148,"P_university_studies","University degree",-1.03021048421709,-0.00695259915664792
2,20149,"P_university_studies","University degree",-0.474347007130013,-0.00828204490244389
2,20153,"P_university_studies","University degree",-0.159039663278793,-0.00292186578735709
2,20154,"P_university_studies","University degree",-0.968432666672225,-0.00712414877489209
2,20159,"P_university_studies","University degree",-1.0061172298655,-0.00871814135462046
2,20170,"P_university_studies","University degree",-0.946815303640276,-0.00993212126195431
2,20185,"P_university_studies","University degree",0.713086439726248,0.00827303435653448
2,20190,"P_university_studies","University degree",-0.399352694466608,-0.00614271266385913
2,20198,"P_university_studies","University degree",-0.514222701262386,-0.00606403173878789
2,20202,"P_university_studies","University degree",-0.749507392792619,-0.00632147863507271
2,20203,"P_university_studies","University degree",-1.08063737890305,-0.00904383324086666
2,20204,"P_university_studies","University degree",-0.863698332994677,-0.0058221728540957
2,20207,"P_university_studies","University degree",-0.846454021655539,-0.00556450104340911
2,20211,"P_university_studies","University degree",-1.05235372773551,-0.0064491257071495
2,20213,"P_university_studies","University degree",-0.92576556071306,-0.00662477361038327
2,20225,"P_university_studies","University degree",-0.703178874217062,-0.00741853890940547
2,20229,"P_university_studies","University degree",-1.05631027656386,-0.00786499492824078
2,20235,"P_university_studies","University degree",-0.943495014894617,-0.00925544928759336
2,20253,"P_university_studies","University degree",-0.821515143164422,-0.00478411000221968
2,20254,"P_university_studies","University degree",-0.843426198795252,-0.00666008796542883
2,20263,"P_university_studies","University degree",-0.998563015023545,-0.00653930520638824
2,20265,"P_university_studies","University degree",-0.445805965638525,-0.00525642558932304
2,20266,"P_university_studies","University degree",-0.793895692236787,-0.00772107020020485
2,20272,"P_university_studies","University degree",-0.858088918995104,-0.00523369247093797
2,20277,"P_university_studies","University degree",-0.65625695859853,-0.00587592320516706
2,20279,"P_university_studies","University degree",-0.705961204595314,-0.0085567981004715
2,20282,"P_university_studies","University degree",-0.533007481024361,-0.00586793199181557
2,20285,"P_university_studies","University degree",-0.433924172777964,-0.00809715874493122
2,20291,"P_university_studies","University degree",-0.959316685025669,-0.00761192152276635
2,20300,"P_university_studies","University degree",-0.106096603686923,-0.00363659067079425
2,20302,"P_university_studies","University degree",-0.857192542971069,-0.00667152553796768
2,20306,"P_university_studies","University degree",-1.01857621735793,-0.00670336512848735
2,20307,"P_university_studies","University degree",-0.103783284710285,-0.00262347259558737
2,20308,"P_university_studies","University degree",0.241936401818824,-0.00271460344083607
2,20316,"P_university_studies","University degree",-0.756342089478661,-0.0086789084598422
2,20318,"P_university_studies","University degree",0.69954409475744,0.0102302609011531
2,20319,"P_university_studies","University degree",-0.99573654235204,-0.00987227633595467
2,20324,"P_university_studies","University degree",-0.086091273417531,-0.00273963483050466
2,20327,"P_university_studies","University degree",-0.0408576586096833,-0.00122801121324301
2,20334,"P_university_studies","University degree",-0.266029884449696,-0.00305093359202147
2,20344,"P_university_studies","University degree",-0.997369250855696,-0.00758101930841804
2,20345,"P_university_studies","University degree",0.0359667458360786,-0.00145802134647965
2,20353,"P_university_studies","University degree",-0.920107910698869,-0.00930325128138065
2,20357,"P_university_studies","University degree",-0.918444743142244,-0.0089748203754425
2,20364,"P_university_studies","University degree",-0.485715633779626,-0.00775922695174813
2,20366,"P_university_studies","University degree",-0.945278800889666,-0.00630271667614579
2,20367,"P_university_studies","University degree",-0.683628962609895,-0.00811154954135418
2,20386,"P_university_studies","University degree",-0.941540427714495,-0.00779932457953691
2,20391,"P_university_studies","University degree",-1.06838624872384,-0.00694797886535525
2,20398,"P_university_studies","University degree",-0.578339364675581,-0.00675984611734748
2,20401,"P_university_studies","University degree",-0.0475497227207384,-0.00273963483050466
2,20402,"P_university_studies","University degree",0.0429235503742211,-0.00168135447893292
2,20407,"P_university_studies","University degree",-0.867468686958241,-0.00518482457846403
2,20410,"P_university_studies","University degree",-0.776546781942996,-0.00530376844108105
2,20412,"P_university_studies","University degree",-0.71960744610529,-0.00513654248788953
2,20413,"P_university_studies","University degree",0.95000081912082,0.00994632579386234
2,20414,"P_university_studies","University degree",-0.371778055511345,-0.00626958766952157
2,20415,"P_university_studies","University degree",-0.699993407186413,-0.00617064395919442
2,20418,"P_university_studies","University degree",0.92147317217451,0.00733921397477388
2,20421,"P_university_studies","University degree",0.549893142301403,0.00607345905154943
2,20424,"P_university_studies","University degree",-0.986258301712206,-0.00694262096658349
2,20427,"P_university_studies","University degree",0.010959340699439,-0.00384769402444363
2,20428,"P_university_studies","University degree",-0.893201227633141,-0.00681335292756557
2,20439,"P_university_studies","University degree",-0.701709632612368,-0.00831269472837448
2,20440,"P_university_studies","University degree",-0.28581195987507,-0.0025487276725471
2,20441,"P_university_studies","University degree",-0.407931065445248,-0.00703461840748787
2,20448,"P_university_studies","University degree",-1.06392542807957,-0.00786993373185396
2,20449,"P_university_studies","University degree",-0.901092987021656,-0.00988247338682413
2,20450,"P_university_studies","University degree",-0.908387713239265,-0.00786499492824078
2,20453,"P_university_studies","University degree",-0.114771121001607,-0.0022825610358268
2,20465,"P_university_studies","University degree",-0.89568225591015,-0.00580184813588858
2,20466,"P_university_studies","University degree",-0.950658620306185,-0.00754818692803383
2,20467,"P_university_studies","University degree",0.0640812941545,-0.00148624670691788
2,20470,"P_university_studies","University degree",-0.868600177019651,-0.00552781857550144
2,20472,"P_university_studies","University degree",0.902430798942958,0.0069436589255929
2,20474,"P_university_studies","University degree",0.0324904442743481,-0.00188311783131212
2,20477,"P_university_studies","University degree",-1.08063737890305,-0.00967993959784508
2,20482,"P_university_studies","University degree",0.489270502533385,0.00786874443292618
2,20485,"P_university_studies","University degree",-0.900703953242115,-0.00650136033073068
2,20489,"P_university_studies","University degree",-0.750027399110776,-0.0057509676553309
2,20495,"P_university_studies","University degree",-0.998903856525981,-0.00658885156735778
2,20498,"P_university_studies","University degree",-0.911285332956087,-0.00740813696756959
2,20505,"P_university_studies","University degree",0.217648059307758,-0.00240127672441304
2,20507,"P_university_studies","University degree",-0.5967429757085,-0.00525434967130423
2,20508,"P_university_studies","University degree",0.648185474645162,0.00433355011045933
2,20509,"P_university_studies","University degree",-0.742366221700345,-0.00642120465636253
2,20512,"P_university_studies","University degree",-1.00568405186716,-0.00676333857700229
2,20513,"P_university_studies","University degree",-0.369095572653184,-0.0062603522092104
2,20515,"P_university_studies","University degree",1.16571148509399,0.00991204008460045
2,20516,"P_university_studies","University degree",-0.875707680678419,-0.00777581706643105
2,20525,"P_university_studies","University degree",-0.160028854160612,-0.00363259622827172
2,20526,"P_university_studies","University degree",-0.218378742047247,-0.0028003784827888
2,20533,"P_university_studies","University degree",-0.651772918697863,-0.00841828435659409
2,20534,"P_university_studies","University degree",-1.02580961780295,-0.00621378049254417
2,20535,"P_university_studies","University degree",-0.956341919347017,-0.00707060331478715
2,20543,"P_university_studies","University degree",-0.73371843515933,-0.00768275745213032
2,20557,"P_university_studies","University degree",1.33711685717397,0.00814657378941774
2,20563,"P_university_studies","University degree",-1.06959004116115,-0.00887876283377409
2,21001,"P_university_studies","University degree",-0.549816205775968,-0.00808615330606699
2,21002,"P_university_studies","University degree",-0.684668024986805,-0.00638755410909653
2,21004,"P_university_studies","University degree",-0.344440645261043,-0.00793389044702053
2,21005,"P_university_studies","University degree",-0.999995411760551,-0.0110667077824473
2,21006,"P_university_studies","University degree",-0.712540996706172,-0.00845874380320311
2,21007,"P_university_studies","University degree",-1.01974076376549,-0.00755797838792205
2,21008,"P_university_studies","University degree",-0.525810263745188,-0.013775778003037
2,21011,"P_university_studies","University degree",-0.751770695582765,-0.00640841480344534
2,21012,"P_university_studies","University degree",-0.590245200790812,-0.00703211734071374
2,21015,"P_university_studies","University degree",0.498781357192804,0.0140571212396026
2,21016,"P_university_studies","University degree",-0.580216874388473,-0.00778194284066558
2,21019,"P_university_studies","University degree",1.19844565218224,0.01280811522156
2,21022,"P_university_studies","University degree",-0.880358143473869,-0.00848161336034536
2,21023,"P_university_studies","University degree",-0.942353417891236,-0.00848216563463211
2,21025,"P_university_studies","University degree",-0.118800270666252,-0.00141383311711252
2,21026,"P_university_studies","University degree",-0.635479536855038,-0.00847834907472134
2,21031,"P_university_studies","University degree",-0.880668812967972,-0.0057136625982821
2,21032,"P_university_studies","University degree",-0.851736860284746,-0.00536970607936382
2,21039,"P_university_studies","University degree",-0.342443671339996,-0.00774723663926125
2,21040,"P_university_studies","University degree",-0.604131864532034,-0.009092777967453
2,21043,"P_university_studies","University degree",-0.185930896823838,-0.0029786906670779
2,21044,"P_university_studies","University degree",-0.577297767310817,-0.00916493870317936
2,21045,"P_university_studies","University degree",0.230457597480774,-0.00357203301973641
2,21046,"P_university_studies","University degree",-0.628779947003088,-0.00882343295961618
2,21047,"P_university_studies","University degree",0.522274425558845,0.00632627680897713
2,21048,"P_university_studies","University degree",-0.527633799989261,-0.0152762020006776
2,21049,"P_university_studies","University degree",-0.992496576314697,-0.00766472471877933
2,21050,"P_university_studies","University degree",-0.984073715720865,-0.00766472471877933
2,21051,"P_university_studies","University degree",-0.238202782105263,-0.00228098896332085
2,21053,"P_university_studies","University degree",-0.210736373968866,-0.00299983308650553
2,21054,"P_university_studies","University degree",-0.532089656838209,-0.00790983159095049
2,21056,"P_university_studies","University degree",-0.965760165045066,-0.00970870535820723
2,21057,"P_university_studies","University degree",-0.8626147731979,-0.00754436664283276
2,21058,"P_university_studies","University degree",-0.910738523656099,-0.00757572799921036
2,21061,"P_university_studies","University degree",-0.980771309567081,-0.0075801657512784
2,21062,"P_university_studies","University degree",-0.649417679376254,-0.00701156910508871
2,21063,"P_university_studies","University degree",-0.47858816215728,-0.00983236916363239
2,21065,"P_university_studies","University degree",-0.76366777140385,-0.00863114185631275
2,21067,"P_university_studies","University degree",-0.439011672788523,-0.00944858603179455
2,21069,"P_university_studies","University degree",-0.674794463643508,-0.00904667191207409
2,21070,"P_university_studies","University degree",-0.826309983496658,-0.00579758873209357
2,21071,"P_university_studies","University degree",0.898234335678667,0.00930014252662659
2,21072,"P_university_studies","University degree",-0.484286978800776,-0.00580385979264975
2,21073,"P_university_studies","University degree",-0.510730717600923,-0.00654477160423994
2,21074,"P_university_studies","University degree",0.944296181811816,0.0141361355781555
2,21076,"P_university_studies","University degree",-0.614072429410036,-0.00864876434206963
2,21077,"P_university_studies","University degree",-0.843099041220797,-0.008316520601511
2,21078,"P_university_studies","University degree",-0.82153928283418,-0.0064221303910017
2,21079,"P_university_studies","University degree",-0.428634207547071,-0.013920659199357
2,21081,"P_university_studies","University degree",-0.968981813866172,-0.0103439735248685
2,21083,"P_university_studies","University degree",-0.805689078926053,-0.00565779116004705
2,21085,"P_university_studies","University degree",0.787035205719846,0.0106356982141733
2,21087,"P_university_studies","University degree",-0.89446589498903,-0.00625127600505948
2,21089,"P_university_studies","University degree",-0.738093380493983,-0.00570821017026901
2,21092,"P_university_studies","University degree",-0.841302771878799,-0.00623716507107019
2,21093,"P_university_studies","University degree",-0.852304070384661,-0.0061952150426805
2,21094,"P_university_studies","University degree",0.0604298635943464,-0.00442790100350976
2,21096,"P_university_studies","University degree",-0.611901173320376,-0.0106476983055472
2,21098,"P_university_studies","University degree",-0.57321864217133,-0.00781702250242233
2,21099,"P_university_studies","University degree",-0.857402475890689,-0.00930630229413509
2,21101,"P_university_studies","University degree",-0.587204057794139,-0.00678401114419103
2,21103,"P_university_studies","University degree",-0.79655941032565,-0.00984623748809099
2,21104,"P_university_studies","University degree",-0.512299879346487,-0.00894328486174345
2,21106,"P_university_studies","University degree",2.13792890467412,0.00879519339650869
2,21107,"P_university_studies","University degree",-0.744163755441635,-0.00524166692048311
2,21108,"P_university_studies","University degree",-0.312766908801456,-0.00411376031115651
2,21109,"P_university_studies","University degree",-0.56148009531128,-0.0061259251087904
2,21110,"P_university_studies","University degree",-0.770812230236869,-0.00779818976297975
2,21114,"P_university_studies","University degree",2.89159202386146,0.0137356240302324
2,21115,"P_university_studies","University degree",-0.719179504917892,-0.00788518786430359
2,21116,"P_university_studies","University degree",-0.921134822711607,-0.00813914369791746
2,21119,"P_university_studies","University degree",4.83908664053792,0.0142045095562935
2,21121,"P_university_studies","University degree",-0.950678933080925,-0.0108535652980208
2,21123,"P_university_studies","University degree",-1.01174078662435,-0.00700177205726504
2,21126,"P_university_studies","University degree",-0.688323636468276,-0.0140618197619915
2,21128,"P_university_studies","University degree",-0.697266187864985,-0.0100669339299202
2,21130,"P_university_studies","University degree",-0.523457971341802,-0.00642543425783515
2,21132,"P_university_studies","University degree",0.750493736095672,0.0160845723003149
2,21134,"P_university_studies","University degree",-0.496564346812607,-0.012381199747324
2,21137,"P_university_studies","University degree",-0.782267409302349,-0.00931672099977732
2,21138,"P_university_studies","University degree",-0.682328078666093,-0.0113815199583769
2,21142,"P_university_studies","University degree",-0.557858482045463,-0.0102252326905727
2,21143,"P_university_studies","University degree",-0.229874411185943,-0.00699252123013139
2,21144,"P_university_studies","University degree",-0.461976591818887,-0.0120191816240549
2,21149,"P_university_studies","University degree",-0.563179655231114,-0.00844491273164749
2,21150,"P_university_studies","University degree",-0.898003153305256,-0.00691682565957308
2,21152,"P_university_studies","University degree",-0.856305572438296,-0.0120258191600442
2,21153,"P_university_studies","University degree",-0.00438944725992733,-0.00582178495824337
2,21154,"P_university_studies","University degree",0.280607823914156,-0.00241265050135553
2,21158,"P_university_studies","University degree",-0.511551214263049,-0.00668829353526235
2,21159,"P_university_studies","University degree",-0.92646135511823,-0.00910645443946123
2,21160,"P_university_studies","University degree",-0.640297015890049,-0.00655469298362732
2,21161,"P_university_studies","University degree",-0.356159414236904,-0.0104065956547856
2,21162,"P_university_studies","University degree",-0.785602367858086,-0.00562365166842937
2,21164,"P_university_studies","University degree",0.119425311974859,-0.00304999458603561
2,21166,"P_university_studies","University degree",-0.628398224403049,-0.00873809214681387
2,21167,"P_university_studies","University degree",-0.892920322755803,-0.00603620521724224
2,21170,"P_university_studies","University degree",-0.72609531337553,-0.010327355004847
2,21172,"P_university_studies","University degree",-0.133837867582281,-0.00277789775282145
2,21174,"P_university_studies","University degree",1.03106558251606,0.0156430117785931
2,21175,"P_university_studies","University degree",-0.255516247544463,-0.0041235014796257
2,21176,"P_university_studies","University degree",-0.226382333034943,-0.00175212870817631
2,21177,"P_university_studies","University degree",-0.65682834178002,-0.00687547726556659
2,21179,"P_university_studies","University degree",-0.665539167008749,-0.00886929780244827
2,21180,"P_university_studies","University degree",-0.643067908908147,-0.0107519114390016
2,21182,"P_university_studies","University degree",-0.791968227129798,-0.0128620425239205
2,21183,"P_university_studies","University degree",-0.895576569156738,-0.00726133119314909
2,21184,"P_university_studies","University degree",-0.86218496188789,-0.00565870944410563
2,21185,"P_university_studies","University degree",-0.838640447063603,-0.00901415757834911
2,21186,"P_university_studies","University degree",0.285760841346688,-0.00338421855121851
2,21188,"P_university_studies","University degree",-0.900292953739864,-0.00862079858779907
2,21192,"P_university_studies","University degree",-0.154266637926135,-0.0029874958563596
2,21193,"P_university_studies","University degree",-1.00842709357846,-0.0132844345644116
2,21195,"P_university_studies","University degree",-1.03912076420475,-0.00795307289808989
2,21197,"P_university_studies","University degree",0.430539618942203,0.00686644809320569
2,21198,"P_university_studies","University degree",-0.954454484244102,-0.0118783302605152
2,21199,"P_university_studies","University degree",-0.691659190569421,-0.00849350821226835
2,21201,"P_university_studies","University degree",-0.917627772851644,-0.00780612975358963
2,21202,"P_university_studies","University degree",-0.745819566155694,-0.00722455745562911
2,21203,"P_university_studies","University degree",-0.610204012912131,-0.00968049094080925
2,21204,"P_university_studies","University degree",0.732744227300743,0.00942922569811344
2,21205,"P_university_studies","University degree",-0.6566824445709,-0.0081969378516078
2,21206,"P_university_studies","University degree",-0.837527604037805,-0.00677804881706834
2,21207,"P_university_studies","University degree",0.391134984309981,0.00692506926134229
2,21208,"P_university_studies","University degree",0.765881269166456,0.00920392572879791
2,21212,"P_university_studies","University degree",-0.649519091131431,-0.00781318079680204
2,21213,"P_university_studies","University degree",-0.799427368442684,-0.00616559572517872
2,21216,"P_university_studies","University degree",-0.458031244608243,-0.00572279654443264
2,22001,"P_university_studies","University degree",-0.524750010679834,-0.0111621720716357
2,22016,"P_university_studies","University degree",1.37763553032406,0.0172738786786795
2,23001,"P_university_studies","University degree",1.07101558819924,0.0150053333491087
2,23002,"P_university_studies","University degree",0.208942914179317,-0.00313025689683855
2,23003,"P_university_studies","University degree",-0.0305140474426408,-0.00968138035386801
2,23004,"P_university_studies","University degree",2.01453268292348,0.0159593354910612
2,23005,"P_university_studies","University degree",1.91454864126874,0.0139056295156479
2,23006,"P_university_studies","University degree",-0.00501089435406513,-0.00285521522164345
2,23007,"P_university_studies","University degree",-0.113718629694681,-0.00243695848621428
2,23008,"P_university_studies","University degree",1.90701639751352,0.0133946724236012
2,23009,"P_university_studies","University degree",0.505832298479473,0.0114675583317876
2,23010,"P_university_studies","University degree",-0.0564291866032617,-0.00243695848621428
2,23011,"P_university_studies","University degree",2.18053598364483,0.0130788050591946
2,24001,"P_university_studies","University degree",-0.66233298820169,-0.011561936698854
2,24025,"P_university_studies","University degree",-0.437805813272246,-0.0119568519294262
2,24033,"P_university_studies","University degree",-0.853501104825757,-0.00607990706339478
2,24044,"P_university_studies","University degree",-0.693408384453879,-0.00796010065823793
2,24046,"P_university_studies","University degree",-0.844833964159306,-0.0125237442553043
2,24049,"P_university_studies","University degree",-0.96436448045027,-0.00890608504414558
2,25001,"P_university_studies","University degree",2.55102617092342,0.0152220204472542
2,25002,"P_university_studies","University degree",0.804352591993442,0.00754527701064944
2,25003,"P_university_studies","University degree",-0.458459048256285,-0.00709014013409615
2,25004,"P_university_studies","University degree",0.62633861482064,0.0077470880933106
2,25006,"P_university_studies","University degree",3.36553872402302,0.0144901806488633
2,25007,"P_university_studies","University degree",-0.256969691791445,-0.000994428293779492
2,25009,"P_university_studies","University degree",0.942969343779082,0.00860029365867376
2,25010,"P_university_studies","University degree",0.473925117022586,0.00460981670767069
2,25011,"P_university_studies","University degree",1.47282118560691,0.0115953171625733
2,25012,"P_university_studies","University degree",2.7117485944643,0.0151300160214305
2,25013,"P_university_studies","University degree",0.138519660916096,-0.00176847924012691
2,25014,"P_university_studies","University degree",0.525711586308433,0.00583018967881799
2,25015,"P_university_studies","University degree",2.3882909111852,0.0100638102740049
2,25016,"P_university_studies","University degree",-0.0301352221091167,-0.00198945542797446
2,25017,"P_university_studies","University degree",0.0110725075306804,-0.00198914017528296
2,25018,"P_university_studies","University degree",0.548470491603101,0.00932306982576847
2,26001,"P_university_studies","University degree",-0.179091859533287,-0.00452082976698875
2,26002,"P_university_studies","University degree",0.70609810497864,0.0143469525501132
2,26003,"P_university_studies","University degree",0.205503610704115,-0.00193868565838784
2,26004,"P_university_studies","University degree",0.130291123350313,-0.00456898007541895
2,26006,"P_university_studies","University degree",-0.0890516406512524,-0.00187203369569033
2,26007,"P_university_studies","University degree",0.0398909136365054,-0.00462230015546083
2,26008,"P_university_studies","University degree",-0.20960162628783,-0.00192724575754255
2,26010,"P_university_studies","University degree",-0.0105113561408556,-0.0022599995136261
2,26011,"P_university_studies","University degree",-0.511830554355144,-0.00646799150854349
2,26013,"P_university_studies","University degree",0.34374279151515,0.00699508748948574
2,26014,"P_university_studies","University degree",0.131544535998311,-0.00470844842493534
2,26015,"P_university_studies","University degree",-0.374703990730286,-0.00578710110858083
2,26016,"P_university_studies","University degree",0.159924502400222,-0.00474694930016994
2,26017,"P_university_studies","University degree",1.30748650632804,0.0135844079777598
2,26019,"P_university_studies","University degree",1.50864358572855,0.0142690613865852
2,26020,"P_university_studies","University degree",-0.249787396844606,-0.00205351272597909
2,26021,"P_university_studies","University degree",-0.461561105782872,-0.0073258257471025
2,26022,"P_university_studies","University degree",-0.61845414608222,-0.00654757721349597
2,26023,"P_university_studies","University degree",0.344394792701951,0.00726264761760831
2,26024,"P_university_studies","University degree",0.197948923689549,-0.00445965770632029
2,26025,"P_university_studies","University degree",0.664420237764989,0.0114431800320745
2,26026,"P_university_studies","University degree",0.651527811637144,0.0115545764565468
2,26027,"P_university_studies","University degree",0.935997241426166,0.0127566615119576
2,26028,"P_university_studies","University degree",0.418800585467915,0.00496844993904233
2,26029,"P_university_studies","University degree",1.54034675230919,0.0135112293064594
2,26030,"P_university_studies","University degree",3.37075631384462,0.01456612162292
2,26031,"P_university_studies","University degree",-0.368421702983997,-0.00748621905222535
2,26032,"P_university_studies","University degree",0.344319903898478,0.00647570006549358
2,26033,"P_university_studies","University degree",0.955678050337922,0.00755054829642177
2,26034,"P_university_studies","University degree",0.779586060492212,0.0079461857676506
2,26035,"P_university_studies","University degree",0.239208290967296,-0.00314728659577668
2,26036,"P_university_studies","University degree",1.27490725394165,0.015219465829432
2,26038,"P_university_studies","University degree",1.94329655061532,0.013666769489646
2,26039,"P_university_studies","University degree",0.114317921985537,-0.0038108117878437
2,26040,"P_university_studies","University degree",-0.593293207138845,-0.00601678900420666
2,26041,"P_university_studies","University degree",0.909708367951251,0.0138948056846857
2,26042,"P_university_studies","University degree",1.9547521127279,0.014843700453639
2,26043,"P_university_studies","University degree",1.54093682777673,0.0149778127670288
2,26045,"P_university_studies","University degree",-0.443149801761203,-0.00598586397245526
2,26046,"P_university_studies","University degree",0.971361064706901,0.00830438639968634
2,26047,"P_university_studies","University degree",0.859350004174531,0.00888786185532808
2,26048,"P_university_studies","University degree",1.08926359875907,0.0136226452887058
2,26050,"P_university_studies","University degree",-0.133675241323857,-0.00214734487235546
2,26053,"P_university_studies","University degree",1.1185013613959,0.00608807196840644
2,26055,"P_university_studies","University degree",0.758550858913317,0.0145099051296711
2,26056,"P_university_studies","University degree",-0.798313648741036,-0.00778342504054308
2,26058,"P_university_studies","University degree",1.31386182816984,0.0100535331293941
2,26059,"P_university_studies","University degree",-0.68697917785614,-0.00913972686976194
2,26060,"P_university_studies","University degree",-0.722138809109938,-0.00773525144904852
2,26063,"P_university_studies","University degree",-0.520205371626994,-0.00644273590296507
2,26064,"P_university_studies","University degree",-0.453194991313717,-0.00686814030632377
2,26065,"P_university_studies","University degree",-0.413609085588091,-0.00656374637037516
2,26066,"P_university_studies","University degree",0.550200242924318,0.00572101352736354
2,26067,"P_university_studies","University degree",-0.349147456554895,-0.00679845549166203
2,26070,"P_university_studies","University degree",0.307824045075251,0.00348575925454497
2,26071,"P_university_studies","University degree",0.166088482919412,-0.00385921588167548
2,26072,"P_university_studies","University degree",0.0170129810962136,-0.00202717445790768
2,27001,"P_university_studies","University degree",0.271006001688031,-0.000362563732778654
2,27002,"P_university_studies","University degree",0.507892424833281,0.00935541186481714
2,27003,"P_university_studies","University degree",0.287240640059664,-0.00381587725132704
2,27004,"P_university_studies","University degree",2.79801623097014,0.0156526155769825
2,27005,"P_university_studies","University degree",0.683120875213217,0.0101089207455516
2,27006,"P_university_studies","University degree",0.392762019865396,0.0095440624281764
2,27007,"P_university_studies","University degree",1.52423572784559,0.00917785335332155
2,27008,"P_university_studies","University degree",0.242231864136587,-0.00334858638234437
2,27009,"P_university_studies","University degree",0.505232401326575,0.00639017205685377
2,27010,"P_university_studies","University degree",0.845290929350083,0.0138495257124305
2,27011,"P_university_studies","University degree",-0.179619181982362,-0.00322824949398637
2,27012,"P_university_studies","University degree",0.547948880475748,0.00950634945183992
2,27013,"P_university_studies","University degree",2.01538612287441,0.0120609709993005
2,27014,"P_university_studies","University degree",1.5589981878039,0.0144730843603611
2,27015,"P_university_studies","University degree",0.323236820743882,0.000398713833419606
2,27016,"P_university_studies","University degree",0.851006855889356,0.0108280070126057
2,27017,"P_university_studies","University degree",0.538518461581995,0.00916844327002764
2,28001,"P_university_studies","University degree",-0.142292669628251,-0.00154336111154407
2,28002,"P_university_studies","University degree",0.328314048902783,0.00139684742316604
2,28003,"P_university_studies","University degree",0.979358280883027,0.0159078761935234
2,28005,"P_university_studies","University degree",-0.582259480291527,-0.00677945651113987
2,28007,"P_university_studies","University degree",-0.129647170380375,-0.00176293321419507
2,28010,"P_university_studies","University degree",-0.80011319922189,-0.00730558345094323
2,28014,"P_university_studies","University degree",-0.167588499331392,-0.00341513426974416
2,28015,"P_university_studies","University degree",0.511025194485249,0.00571634620428085
2,28016,"P_university_studies","University degree",-0.43023927421637,-0.00679168989881873
2,28018,"P_university_studies","University degree",0.114606585595437,-0.00211785151623189
2,28020,"P_university_studies","University degree",-0.637395316480876,-0.00690447399392724
2,28022,"P_university_studies","University degree",1.29143430056967,0.0166488811373711
2,28023,"P_university_studies","University degree",-0.473137072322643,-0.00579314678907394
2,28024,"P_university_studies","University degree",0.129760913262478,-0.0036201192997396
2,28025,"P_university_studies","University degree",0.487057246738547,0.0065036560408771
2,28027,"P_university_studies","University degree",1.37473190123774,0.0145920272916555
2,28030,"P_university_studies","University degree",-0.0632201864860226,-0.0025869042146951
2,28032,"P_university_studies","University degree",1.44847830832892,0.0148230465129018
2,28033,"P_university_studies","University degree",0.674705869491956,0.0135094290599227
2,28034,"P_university_studies","University degree",-0.642531186331847,-0.00620276108384132
2,28035,"P_university_studies","University degree",0.260687380596579,-0.00286591495387256
2,28036,"P_university_studies","University degree",-0.901627372254155,-0.00996027886867523
2,28037,"P_university_studies","University degree",0.132444833819518,-0.00229840981774032
2,28038,"P_university_studies","University degree",3.5864758070936,0.0110619217157364
2,28040,"P_university_studies","University degree",1.00488295131602,0.0105872489511967
2,28042,"P_university_studies","University degree",-0.541871018537257,-0.00620902143418789
2,29003,"P_university_studies","University degree",-0.471744290771015,-0.013554397970438
2,29004,"P_university_studies","University degree",-0.56228255162389,-0.00951631460338831
2,29006,"P_university_studies","University degree",0.0731963969245772,-0.00652786064893007
2,29007,"P_university_studies","University degree",-0.462456224697201,-0.00937093980610371
2,29008,"P_university_studies","University degree",-0.5650132087415,-0.0103123635053635
2,29010,"P_university_studies","University degree",1.46188216767184,0.015566467307508
2,29012,"P_university_studies","University degree",-0.690277208470419,-0.0120606627315283
2,29013,"P_university_studies","University degree",0.346445912978785,0.0117174843326211
2,29014,"P_university_studies","University degree",-0.474781152030023,-0.0136477230116725
2,29015,"P_university_studies","University degree",0.723487930479794,0.0157032664865255
2,29020,"P_university_studies","University degree",-0.46381011837156,-0.0143681466579437
2,29021,"P_university_studies","University degree",-0.356901194512843,-0.0122424960136414
2,29023,"P_university_studies","University degree",0.400233546872289,0.00932130124419928
2,29025,"P_university_studies","University degree",-0.292744438102549,-0.00426465459167957
2,29026,"P_university_studies","University degree",1.12711555986362,0.0166124738752842
2,29030,"P_university_studies","University degree",-0.714508722883351,-0.00938080903142691
2,29031,"P_university_studies","University degree",0.523102459240092,0.0131920780986547
2,29033,"P_university_studies","University degree",4.38921508904724,0.0155985206365585
2,29034,"P_university_studies","University degree",-0.39981256500268,-0.0103795900940895
2,29037,"P_university_studies","University degree",-0.415559251290564,-0.0101834256201982
2,29039,"P_university_studies","University degree",0.0405400826129052,-0.00630960892885923
2,29040,"P_university_studies","University degree",-0.0611039597548095,-0.00759675167500973
2,29045,"P_university_studies","University degree",-0.665533127655666,-0.0113083701580763
2,29046,"P_university_studies","University degree",-0.986032117417463,-0.0095137907192111
2,29050,"P_university_studies","University degree",0.539952332740888,0.012531247921288
2,29052,"P_university_studies","University degree",-0.520697093664465,-0.0134727256372571
2,30003,"P_university_studies","University degree",1.00291302189591,0.00730548147112131
2,30004,"P_university_studies","University degree",-0.0708839726054022,-0.00259786238893867
2,30005,"P_university_studies","University degree",-0.347513079698861,-0.00588908651843667
2,30006,"P_university_studies","University degree",-0.438203023766448,-0.0085352947935462
2,30007,"P_university_studies","University degree",-0.687247054455602,-0.00679612206295133
2,30008,"P_university_studies","University degree",-0.602505990358934,-0.00794155243784189
2,30009,"P_university_studies","University degree",-0.43460068512832,-0.00580883165821433
2,30010,"P_university_studies","University degree",-0.294073950037885,-0.00454391166567802
2,30011,"P_university_studies","University degree",2.42692208362611,0.00839445181190968
2,30014,"P_university_studies","University degree",0.337358977993559,0.00100991071667522
2,30015,"P_university_studies","University degree",-0.0297438171510939,-0.00329520367085934
2,30016,"P_university_studies","University degree",1.13702688373718,0.0080539844930172
2,30017,"P_university_studies","University degree",-0.131385087138027,-0.00176394963636994
2,30020,"P_university_studies","University degree",-0.724478812509482,-0.00774891348555684
2,30021,"P_university_studies","University degree",0.0806757262640085,-0.00310209859162569
2,30022,"P_university_studies","University degree",-0.513101449217954,-0.0101962350308895
2,30023,"P_university_studies","University degree",-0.74055064128273,-0.00661169923841953
2,30024,"P_university_studies","University degree",-0.844521895064726,-0.00900278799235821
2,30025,"P_university_studies","University degree",-0.956281743265901,-0.00726788444444537
2,30028,"P_university_studies","University degree",4.08463280072098,0.00988320540636778
2,30031,"P_university_studies","University degree",-0.876017732620817,-0.00916155241429806
2,30032,"P_university_studies","University degree",0.159927857260173,-0.00316541572101414
2,30037,"P_university_studies","University degree",-0.824937990743479,-0.00556169776245952
2,30038,"P_university_studies","University degree",1.88873844738687,0.0111244060099125
2,30039,"P_university_studies","University degree",2.3910790746075,0.0148371588438749
2,30042,"P_university_studies","University degree",-0.132255267966642,-0.00279427669011056
2,30043,"P_university_studies","University degree",-0.897952785705712,-0.00867215823382139
2,30044,"P_university_studies","University degree",1.88579473108009,0.0147206541150808
2,30046,"P_university_studies","University degree",-0.730131939954598,-0.00831684935837984
2,30047,"P_university_studies","University degree",-0.351298846047483,-0.00758754089474678
2,30048,"P_university_studies","University degree",1.35503867252221,0.0114843361079693
2,30049,"P_university_studies","University degree",-0.625626533519152,-0.00993266701698303
2,30050,"P_university_studies","University degree",-0.402870479960935,-0.00603174138814211
2,30052,"P_university_studies","University degree",-0.29738364811566,-0.00315355090424418
2,30053,"P_university_studies","University degree",0.0897538396125358,-0.00255694752559066
2,30057,"P_university_studies","University degree",-0.909196292116269,-0.00900635123252869
2,30059,"P_university_studies","University degree",-0.0524193394867945,-0.00445744441822171
2,30061,"P_university_studies","University degree",0.20541007500257,-0.00124400074128062
2,30065,"P_university_studies","University degree",2.63089036979248,0.0164106395095587
2,30066,"P_university_studies","University degree",-0.133400886483228,-0.00261105108074844
2,30067,"P_university_studies","University degree",-0.795934714551944,-0.00660203164443374
2,30068,"P_university_studies","University degree",2.38195856213951,0.0135030774399638
2,30070,"P_university_studies","University degree",-0.656755963619935,-0.00577805750072002
2,30071,"P_university_studies","University degree",0.686688415019104,0.0105799408629537
2,30073,"P_university_studies","University degree",-0.215092828512615,-0.00252531771548092
2,30075,"P_university_studies","University degree",-0.381496330108826,-0.00721881398931146
2,30077,"P_university_studies","University degree",0.000272555224957446,-0.00298217334784567
2,30079,"P_university_studies","University degree",-0.871438254299166,-0.00913041643798351
2,30080,"P_university_studies","University degree",-0.658620661954515,-0.00849123112857342
2,30082,"P_university_studies","University degree",0.263372753431671,-0.0057720416225493
2,30084,"P_university_studies","University degree",-0.315707345069687,-0.00547214364632964
2,30087,"P_university_studies","University degree",3.70128556793827,0.0157639849931002
2,30089,"P_university_studies","University degree",1.08694951561377,0.00623385421931744
2,30090,"P_university_studies","University degree",-0.429453836060787,-0.00731612229719758
2,30091,"P_university_studies","University degree",-0.304116018822432,-0.00168763741385192
2,30092,"P_university_studies","University degree",0.218818461453363,-0.00720740295946598
2,30093,"P_university_studies","University degree",-0.0860671671698364,-0.00600331975147128
2,30094,"P_university_studies","University degree",-0.312066745183592,-0.00379130593501031
2,30095,"P_university_studies","University degree",-0.360014819649353,-0.00572261260822415
2,30097,"P_university_studies","University degree",0.936644879864622,0.00753925181925297
2,30099,"P_university_studies","University degree",-0.380330577206043,-0.00887308456003666
2,30100,"P_university_studies","University degree",-0.478988978658296,-0.00731790345162153
2,30101,"P_university_studies","University degree",0.735846247279086,0.0106208631768823
2,30102,"P_university_studies","University degree",0.893644424584312,0.0109645565971732
2,30104,"P_university_studies","University degree",-0.383381449461619,-0.00824227184057236
2,30105,"P_university_studies","University degree",1.63030506623016,0.0136145567521453
2,30107,"P_university_studies","University degree",-1.02438406392394,-0.00830701179802418
2,30108,"P_university_studies","University degree",1.77802708287089,0.00749732088297606
2,30109,"P_university_studies","University degree",0.653315101172185,0.00781262200325727
2,30110,"P_university_studies","University degree",-1.02492581067534,-0.0075801657512784
2,30111,"P_university_studies","University degree",0.168506676342031,-0.00457836640998721
2,30112,"P_university_studies","University degree",0.335013945742573,-0.000602200976572931
2,30114,"P_university_studies","University degree",-0.0250459236339493,-0.00252382061444223
2,30115,"P_university_studies","University degree",1.19532114039315,0.00981817580759525
2,30116,"P_university_studies","University degree",0.547326373228261,0.00874399580061436
2,30117,"P_university_studies","University degree",-0.443623959747947,-0.00746353203430772
2,30118,"P_university_studies","University degree",3.68580224283281,0.0109177595004439
2,30122,"P_university_studies","University degree",-0.524243455022911,-0.0101955886930227
2,30125,"P_university_studies","University degree",-0.297780804694435,-0.00465488387271762
2,30126,"P_university_studies","University degree",-0.118771877041779,-0.00281990063376725
2,30127,"P_university_studies","University degree",-1.03146401652433,-0.00850089453160763
2,30128,"P_university_studies","University degree",0.232004511685489,-0.00349125103093684
2,30130,"P_university_studies","University degree",-0.216226276996902,-0.00264286692254245
2,30132,"P_university_studies","University degree",-0.327860278751226,-0.00912053231149912
2,30133,"P_university_studies","University degree",-0.0203574897985714,-0.0038042776286602
2,30134,"P_university_studies","University degree",0.426081046928846,0.00500264158472419
2,30136,"P_university_studies","University degree",-0.165247738777697,-0.00658314349129796
2,30138,"P_university_studies","University degree",2.28545476406195,0.010725156404078
2,30139,"P_university_studies","University degree",-0.153380544619368,-0.00269910856150091
2,30140,"P_university_studies","University degree",-0.817320170551662,-0.00866928230971098
2,30141,"P_university_studies","University degree",0.143549127983771,-0.00320615968666971
2,30142,"P_university_studies","University degree",-0.580041866287143,-0.00706798629835248
2,30143,"P_university_studies","University degree",-0.337755059528693,-0.00690520834177732
2,30144,"P_university_studies","University degree",-0.103008390459206,-0.00197955383919179
2,30145,"P_university_studies","University degree",1.25791366556868,0.0104785216972232
2,30147,"P_university_studies","University degree",-0.983825968556182,-0.00773259159177542
2,30148,"P_university_studies","University degree",-0.290996218134265,-0.00303549133241177
2,30149,"P_university_studies","University degree",-0.688023359172768,-0.00675160903483629
2,30156,"P_university_studies","University degree",-0.882558850590564,-0.0070042060688138
2,30159,"P_university_studies","University degree",-0.890081721863963,-0.00678478134796023
2,30162,"P_university_studies","University degree",-0.941988835445632,-0.0106810284778476
2,30163,"P_university_studies","University degree",-0.862320942234427,-0.00613413844257593
2,30164,"P_university_studies","University degree",0.41453226201675,0.00829794071614742
2,30165,"P_university_studies","University degree",-0.769343824458836,-0.0087934248149395
2,30166,"P_university_studies","University degree",-0.749287903776144,-0.00816390477120876
2,30168,"P_university_studies","University degree",-0.378682137363565,-0.00776785984635353
2,30172,"P_university_studies","University degree",-0.284738375395102,-0.0031811015214771
2,30173,"P_university_studies","University degree",-0.471410446033113,-0.00608364818617702
2,30174,"P_university_studies","University degree",0.431807038598127,0.00595754338428378
2,30177,"P_university_studies","University degree",-0.731050828007662,-0.00733178434893489
2,30178,"P_university_studies","University degree",0.272890668123728,-0.002136564347893
2,30179,"P_university_studies","University degree",-0.63437289795447,-0.00922807399183512
2,30181,"P_university_studies","University degree",-0.158610248357205,-0.00303486571647227
2,30182,"P_university_studies","University degree",0.0301952188749555,-0.00684498576447368
2,30183,"P_university_studies","University degree",-0.0837704813775713,-0.00531226536259055
2,30184,"P_university_studies","University degree",-0.896510432219709,-0.00714122503995895
2,30186,"P_university_studies","University degree",0.0784343665025792,-0.00532264029607177
2,30187,"P_university_studies","University degree",-0.96123384375862,-0.00836176611483097
2,30188,"P_university_studies","University degree",-0.684104478797771,-0.00876628793776035
2,30191,"P_university_studies","University degree",0.967538821270828,0.00757344206795096
2,30192,"P_university_studies","University degree",0.182159610654566,-0.0029152340721339
2,30193,"P_university_studies","University degree",2.53638475722015,0.0150841977447271
2,30194,"P_university_studies","University degree",-0.647936717905571,-0.00837477948516607
2,30195,"P_university_studies","University degree",-0.908101147654688,-0.00812911335378885
2,30196,"P_university_studies","University degree",0.090302664689312,-0.00308677088469267
2,30197,"P_university_studies","University degree",-0.38059780021849,-0.00632512476295233
2,30200,"P_university_studies","University degree",-0.749230423741468,-0.0103352153673768
2,30201,"P_university_studies","University degree",-0.0929419561652802,-0.00383453792892396
2,30204,"P_university_studies","University degree",1.28462345348288,0.0082173440605402
2,30209,"P_university_studies","University degree",-0.352979038638103,-0.00839665625244379
2,30210,"P_university_studies","University degree",-0.465095316777146,-0.00665102945640683
2,30211,"P_university_studies","University degree",0.109659361147935,-0.00303563405759633
2,31001,"P_university_studies","University degree",-0.803458831106664,-0.00884889531880617
2,31002,"P_university_studies","University degree",-0.155175719560717,-0.00550078274682164
2,31003,"P_university_studies","University degree",0.103231500372785,-0.00280790333636105
2,31005,"P_university_studies","University degree",-0.756940696374869,-0.00809952337294817
2,31006,"P_university_studies","University degree",-0.459966993573051,-0.00809750705957413
2,31007,"P_university_studies","University degree",-0.433848610856886,-0.00891033187508583
2,31008,"P_university_studies","University degree",-0.77762588491451,-0.00564051046967506
2,31009,"P_university_studies","University degree",0.363741429119522,0.00439850986003876
2,31010,"P_university_studies","University degree",-0.885794122409717,-0.00628924276679754
2,31011,"P_university_studies","University degree",-0.692368385984118,-0.00754506606608629
2,31012,"P_university_studies","University degree",-0.68946024863281,-0.00521439872682095
2,31013,"P_university_studies","University degree",4.04407584761757,0.0139227844774723
2,31014,"P_university_studies","University degree",-0.623242790679126,-0.00885924976319075
2,31015,"P_university_studies","University degree",-0.59578641480083,-0.0104729691520333
2,31016,"P_university_studies","University degree",-1.00087873227392,-0.00957384053617716
2,31017,"P_university_studies","University degree",-0.882802754768125,-0.00753200566396117
2,31018,"P_university_studies","University degree",-0.293514563451568,-0.00446993159130216
2,31019,"P_university_studies","University degree",-0.954996724624252,-0.00729108834639192
2,31020,"P_university_studies","University degree",0.718142442811866,0.00968376640230417
2,31021,"P_university_studies","University degree",-0.330263145338267,-0.00669679185375571
2,31022,"P_university_studies","University degree",-0.959821486780735,-0.00839881412684917
2,31023,"P_university_studies","University degree",0.0308774589142171,-0.00356421386823058
2,31024,"P_university_studies","University degree",-0.724493549301227,-0.00833188369870186
2,31025,"P_university_studies","University degree",-0.161870811600676,-0.0035743797197938
2,31026,"P_university_studies","University degree",0.0661568024971669,-0.00245298747904599
2,31027,"P_university_studies","University degree",1.52029365874794,0.00740282097831368
2,31028,"P_university_studies","University degree",-0.0734520467894847,-0.00354645890183747
2,31029,"P_university_studies","University degree",-0.0265520255107386,-0.00195763725787401
2,31030,"P_university_studies","University degree",-0.765478707117443,-0.00682266987860203
2,31031,"P_university_studies","University degree",-0.728974254972847,-0.00552805047482252
2,31032,"P_university_studies","University degree",-0.544460042303295,-0.00881784036755562
2,31033,"P_university_studies","University degree",-0.0393320075766531,-0.00474414927884936
2,31034,"P_university_studies","University degree",-0.637098303681962,-0.00907367654144764
2,31035,"P_university_studies","University degree",-0.653791104350875,-0.00855612941086292
2,31036,"P_university_studies","University degree",-0.686210550860856,-0.0102774752303958
2,31037,"P_university_studies","University degree",-0.743440722054879,-0.00769736059010029
2,31038,"P_university_studies","University degree",-0.0149239293547447,-0.0055912584066391
2,31040,"P_university_studies","University degree",-0.00877662328173482,-0.00381276290863752
2,31041,"P_university_studies","University degree",0.37401139511394,0.00962607003748417
2,31042,"P_university_studies","University degree",-0.90719556914748,-0.00941110122948885
2,31044,"P_university_studies","University degree",-0.726286317854019,-0.00981023721396923
2,31045,"P_university_studies","University degree",-0.340791763030061,-0.0084462882950902
2,31046,"P_university_studies","University degree",-0.650826894130032,-0.00834998488426208
2,31047,"P_university_studies","University degree",-0.324724033067135,-0.00870399922132492
2,31048,"P_university_studies","University degree",-0.171037604961354,-0.00553273130208254
2,31049,"P_university_studies","University degree",-0.9374399802614,-0.00729108834639192
2,31050,"P_university_studies","University degree",3.76205848458109,0.0139792505651712
2,31052,"P_university_studies","University degree",0.157982748467169,-0.0043025123886764
2,31053,"P_university_studies","University degree",0.0695175071823299,-0.0038020508363843
2,31054,"P_university_studies","University degree",-0.515851067098444,-0.0101006170734763
2,31055,"P_university_studies","University degree",-0.736545988752627,-0.00999983306974173
2,31056,"P_university_studies","University degree",-0.0688096235819597,-0.00263311993330717
2,31057,"P_university_studies","University degree",-0.303148621464051,-0.00343076535500586
2,31058,"P_university_studies","University degree",-0.0628695113323123,-0.00270409625954926
2,31059,"P_university_studies","University degree",0.72912958989348,0.0116357915103436
2,31060,"P_university_studies","University degree",-0.699368119305783,-0.00686280801892281
2,31061,"P_university_studies","University degree",-0.538404894750267,-0.00867270771414042
2,31062,"P_university_studies","University degree",-0.390696894332606,-0.00976989977061749
2,31063,"P_university_studies","University degree",-0.602453957845496,-0.0108542032539845
2,31065,"P_university_studies","University degree",-0.359822061681626,-0.0101878652349114
2,31066,"P_university_studies","University degree",-0.575457283054787,-0.0096043162047863
2,31067,"P_university_studies","University degree",-0.687472090846888,-0.00946246366947889
2,31068,"P_university_studies","University degree",-0.295066155782369,-0.00198973971419036
2,31069,"P_university_studies","University degree",-0.730922056373806,-0.0076843025162816
2,31070,"P_university_studies","University degree",-0.0167779174997402,-0.00213632360100746
2,31071,"P_university_studies","University degree",-0.875986722172574,-0.0072449678555131
2,31072,"P_university_studies","University degree",-0.539960323191221,-0.00623980397358537
2,31073,"P_university_studies","University degree",-0.978931578889177,-0.00721751432865858
2,31074,"P_university_studies","University degree",-0.333537013176177,-0.0058883992023766
2,31075,"P_university_studies","University degree",-0.476505548806606,-0.00865075457841158
2,31076,"P_university_studies","University degree",-0.557569068020842,-0.00952739454805851
2,31077,"P_university_studies","University degree",-0.916594912811954,-0.0113113410770893
2,31078,"P_university_studies","University degree",-0.517976380642232,-0.00648967269808054
2,31079,"P_university_studies","University degree",0.109453440663922,-0.00490148412063718
2,31080,"P_university_studies","University degree",-0.783484451180817,-0.00961313024163246
2,31081,"P_university_studies","University degree",-0.87156116097984,-0.00723378220573068
2,31082,"P_university_studies","University degree",0.546467306542316,0.00483541842550039
2,31083,"P_university_studies","University degree",-0.376780626758126,-0.00827604718506336
2,31084,"P_university_studies","University degree",-0.275156117041929,-0.00424735341221094
2,31085,"P_university_studies","University degree",-0.689036860273146,-0.00838194414973259
2,31086,"P_university_studies","University degree",-0.638848236290297,-0.00849671475589275
2,31087,"P_university_studies","University degree",-0.753402456440265,-0.0095670148730278
2,31088,"P_university_studies","University degree",-0.721901450017669,-0.00651664705947042
2,31089,"P_university_studies","University degree",0.775818251006718,0.0109175406396389
2,31090,"P_university_studies","University degree",-0.758007410901587,-0.0103319305926561
2,31091,"P_university_studies","University degree",-0.487598700082465,-0.00923380069434643
2,31092,"P_university_studies","University degree",-0.942310083504155,-0.00753168575465679
2,31093,"P_university_studies","University degree",0.884424435402329,0.0146755455061793
2,31094,"P_university_studies","University degree",-0.756359658205728,-0.00729067716747522
2,31096,"P_university_studies","University degree",0.2620347304235,-0.00351325608789921
2,31097,"P_university_studies","University degree",-0.598764027131515,-0.00574715901166201
2,31098,"P_university_studies","University degree",-0.323712999972946,-0.00770543748512864
2,31099,"P_university_studies","University degree",-0.814813285288506,-0.00822973996400833
2,31101,"P_university_studies","University degree",0.439875182444299,0.0102684916928411
2,31102,"P_university_studies","University degree",0.8504633842569,0.0123648261651397
2,31103,"P_university_studies","University degree",-0.698030074016237,-0.00885181967169046
2,31104,"P_university_studies","University degree",-0.895890575768214,-0.00744673749431968
2,31105,"P_university_studies","University degree",0.462096423018084,0.0095703387632966
2,32001,"P_university_studies","University degree",-0.179820516216578,-0.00203607766889036
2,32002,"P_university_studies","University degree",-0.595892639333121,-0.00805138144642115
2,32003,"P_university_studies","University degree",0.0609936320469786,-0.00206104083918035
2,32004,"P_university_studies","University degree",-0.377836550359659,-0.00877540558576584
2,32005,"P_university_studies","University degree",0.44335275500721,0.0117654222995043
2,32006,"P_university_studies","University degree",-0.165273070088428,-0.00221349066123366
2,32007,"P_university_studies","University degree",0.493394939188183,0.0077888984233141
2,32008,"P_university_studies","University degree",-0.242232151420258,-0.00223856884986162
2,32009,"P_university_studies","University degree",-0.202406938494937,-0.00122780876699835
2,32010,"P_university_studies","University degree",0.673561526927967,0.0149095049127936
2,32011,"P_university_studies","University degree",-0.113723830745395,-0.0028330443892628
2,32012,"P_university_studies","University degree",-0.656039590163833,-0.00825829152017832
2,32013,"P_university_studies","University degree",0.208923653443103,-0.00140889105387032
2,32014,"P_university_studies","University degree",-0.247479418383588,-0.00245593651197851
2,32015,"P_university_studies","University degree",-0.401215611941617,-0.00668661948293447
2,32016,"P_university_studies","University degree",-0.725587669919848,-0.00856902170926332
2,32017,"P_university_studies","University degree",3.37556530312539,0.0152098378166556
2,32018,"P_university_studies","University degree",-0.333502548977187,-0.00843093171715736
2,32019,"P_university_studies","University degree",0.326469479727905,0.00322537124156952
2,32020,"P_university_studies","University degree",1.01872023155178,0.00823589786887169
2,32021,"P_university_studies","University degree",-0.516976882836218,-0.00704186130315065
2,32022,"P_university_studies","University degree",0.301590599204439,-0.00137201824691147
2,32023,"P_university_studies","University degree",1.2648203762106,0.00814388133585453
2,32024,"P_university_studies","University degree",0.573561928196767,0.0127965388819575
2,32025,"P_university_studies","University degree",0.0521256415599209,-0.000409218046115711
2,32026,"P_university_studies","University degree",-0.673624462837741,-0.00795980729162693
2,32027,"P_university_studies","University degree",-0.680725378361399,-0.00785165559500456
2,32028,"P_university_studies","University degree",-0.265963911084761,-0.00326598039828241
2,32029,"P_university_studies","University degree",-0.233202648881092,-0.000711248605512083
2,32030,"P_university_studies","University degree",-0.405873576133496,-0.00849999208003283
2,32031,"P_university_studies","University degree",-0.149057863414427,-0.00272426498122513
2,32032,"P_university_studies","University degree",1.17065151912154,0.01448705047369
2,32033,"P_university_studies","University degree",-0.0301160350939978,-0.00256882421672344
2,32034,"P_university_studies","University degree",0.475540903234145,0.00526508968323469
2,32035,"P_university_studies","University degree",-0.466177161458165,-0.00893318746238947
2,32036,"P_university_studies","University degree",0.106635853172298,-0.00206020590849221
2,32037,"P_university_studies","University degree",-0.663281977292781,-0.0126503007486463
2,32038,"P_university_studies","University degree",-0.466508342608915,-0.00805396493524313
2,32039,"P_university_studies","University degree",0.677978551052928,0.00961913540959358
2,32040,"P_university_studies","University degree",-0.472725146492835,-0.00931655243039131
2,32041,"P_university_studies","University degree",-0.713354126897977,-0.00581951485946774
2,32042,"P_university_studies","University degree",0.173441229151206,-0.00113725417759269
2,32043,"P_university_studies","University degree",-0.486144928216739,-0.0077206171117723
2,32044,"P_university_studies","University degree",0.0610297060065807,-0.00122281478252262
2,32045,"P_university_studies","University degree",0.313130065825225,0.00177327520214021
2,32046,"P_university_studies","University degree",-0.63935732542214,-0.00723361596465111
2,32047,"P_university_studies","University degree",0.45101573267026,0.00629591662436724
2,32048,"P_university_studies","University degree",0.739669515383355,0.0146483946591616
2,32049,"P_university_studies","University degree",0.129090115809866,-0.00134363223332912
2,32050,"P_university_studies","University degree",-0.338846074921293,-0.0157110895961523
2,32051,"P_university_studies","University degree",-0.543022968127899,-0.0082537392154336
2,32052,"P_university_studies","University degree",0.456504991601497,0.0134360389783978
2,32053,"P_university_studies","University degree",0.18696801621832,-0.000958657066803426
2,32054,"P_university_studies","University degree",-0.339725129376483,-0.00874595250934362
2,32055,"P_university_studies","University degree",0.0149134362383053,-0.00305738719180226
2,32056,"P_university_studies","University degree",3.82977835175496,0.0160547625273466
2,32057,"P_university_studies","University degree",-0.393783989090287,-0.0127483690157533
2,32058,"P_university_studies","University degree",0.31967272217266,0.00253237481229007
2,1001,"P_internet","Internet",2.23749302391582,-0.00553146051242948
2,1002,"P_internet","Internet",0.502590617638602,-0.00868446659296751
2,1003,"P_internet","Internet",0.843941735681447,-0.00745586166158319
2,1004,"P_internet","Internet",0.958004004660118,-0.0104249101132154
2,1005,"P_internet","Internet",1.84683278664874,-0.00703090243041515
2,1006,"P_internet","Internet",1.51691979462647,-0.0069535281509161
2,1007,"P_internet","Internet",1.08136048335137,-0.0110032260417938
2,1008,"P_internet","Internet",0.201064982297663,-0.000155559129780158
2,1009,"P_internet","Internet",0.608734869080791,-0.0123531641438603
2,1010,"P_internet","Internet",-0.094656107348887,0.00253462558612227
2,1011,"P_internet","Internet",1.23715266418663,-0.00725907925516367
2,2001,"P_internet","Internet",2.22660830864893,-0.00433433568105102
2,2002,"P_internet","Internet",2.33779319050744,-0.00433433568105102
2,2003,"P_internet","Internet",2.16837602546176,-0.00433433568105102
2,2004,"P_internet","Internet",2.61321608307675,-9.92958666756749e-05
2,2005,"P_internet","Internet",2.37864931876219,-0.00427218480035663
2,2006,"P_internet","Internet",0.495613898021991,-0.00156701495870948
2,3002,"P_internet","Internet",1.33052268688075,-0.00808528997004032
2,3008,"P_internet","Internet",2.00703499082315,-0.000397237308789045
2,3009,"P_internet","Internet",0.999960032293206,-0.00724351266399026
2,4001,"P_internet","Internet",0.175813424115516,-0.00100619567092508
2,4002,"P_internet","Internet",1.90306798175752,-0.00582504784688354
2,4003,"P_internet","Internet",1.57881778997243,-0.00465739890933037
2,4004,"P_internet","Internet",0.0667472864727532,-0.00140278215985745
2,4005,"P_internet","Internet",0.148474259518333,-0.00164108572062105
2,4006,"P_internet","Internet",-0.696856664078744,0.00774372974410653
2,4007,"P_internet","Internet",-0.155077848170476,0.00118916679639369
2,4008,"P_internet","Internet",-0.640677476510606,0.00765308272093534
2,4009,"P_internet","Internet",-0.223756844141652,0.00224616075865924
2,4010,"P_internet","Internet",-1.03602053345411,0.00763843581080437
2,4011,"P_internet","Internet",-0.915830419510289,0.00664971908554435
2,4012,"P_internet","Internet",-0.262441717044412,0.00155731767881662
2,5001,"P_internet","Internet",-0.906553980148254,-0.00190306396689266
2,5002,"P_internet","Internet",1.06146884692115,-0.00798593647778034
2,5003,"P_internet","Internet",1.29597786026095,-0.00754963140934706
2,5004,"P_internet","Internet",0.757253230726134,-0.00768934562802315
2,5005,"P_internet","Internet",-0.667060365809855,0.00666241021826863
2,5006,"P_internet","Internet",0.760305453211927,-0.00720652006566525
2,5007,"P_internet","Internet",-0.0589672726918705,0.00106138945557177
2,5008,"P_internet","Internet",-0.0791736208579073,0.00187563605140895
2,5009,"P_internet","Internet",0.387138874859099,-0.00372505816631019
2,5010,"P_internet","Internet",1.61057660045345,-0.00442462274804711
2,5011,"P_internet","Internet",-0.705809735677964,0.00989527814090252
2,5012,"P_internet","Internet",-0.55551292818736,0.00607604207471013
2,5013,"P_internet","Internet",-0.64669045177352,0.0070049618370831
2,5014,"P_internet","Internet",0.529536999093733,-0.00880922470241785
2,5015,"P_internet","Internet",-0.84399539660434,0.00713877659291029
2,5016,"P_internet","Internet",-0.988768957176576,0.00446919957175851
2,5017,"P_internet","Internet",0.54383496177652,-0.00821607746183872
2,5018,"P_internet","Internet",2.09562361346769,-0.00504713971167803
2,5019,"P_internet","Internet",1.27114732683418,-0.00932170543819666
2,5020,"P_internet","Internet",0.853409511328699,-0.00712765054777265
2,5021,"P_internet","Internet",-0.278252613121203,0.000550815195310861
2,5022,"P_internet","Internet",1.13980554122956,-0.00803395267575979
2,5023,"P_internet","Internet",0.0736165661202644,-0.00186472001951188
2,5024,"P_internet","Internet",0.571762259401723,-0.00770492386072874
2,5025,"P_internet","Internet",2.22746690844293,-0.00541847059503198
2,5026,"P_internet","Internet",-0.37807661689005,0.000719010538887233
2,5027,"P_internet","Internet",1.60628736658314,0.000281807238934562
2,5028,"P_internet","Internet",1.78800279781344,-0.00394030194729567
2,5029,"P_internet","Internet",-0.822299195352178,0.00711617572233081
2,5030,"P_internet","Internet",2.30567296187001,-0.00442462274804711
2,5031,"P_internet","Internet",0.48495518129295,-0.00674731843173504
2,5032,"P_internet","Internet",1.65944649600559,-0.00367365218698978
2,5033,"P_internet","Internet",0.337389245142333,-0.00444303220137954
2,5034,"P_internet","Internet",0.110204771013786,-0.00133406615350395
2,5035,"P_internet","Internet",2.03626805160768,-0.00551854772493243
2,5036,"P_internet","Internet",-0.93203206640551,0.00759996892884374
2,5037,"P_internet","Internet",0.143805031616173,-0.00127742846962065
2,5038,"P_internet","Internet",0.572070248145925,-0.0076525118201971
2,6007,"P_internet","Internet",1.77222718271767,-0.00532818352803588
2,6009,"P_internet","Internet",0.430824314533285,-0.00652300845831633
2,7001,"P_internet","Internet",-0.150424448047319,0.00203603832051158
2,7002,"P_internet","Internet",-0.946238315366162,0.0085799740627408
2,7003,"P_internet","Internet",-0.946171822538973,0.00673458259552717
2,7004,"P_internet","Internet",-1.27529251631031,0.00923769176006317
2,7005,"P_internet","Internet",-1.0800879968473,0.00861102249473333
2,7006,"P_internet","Internet",-0.531548604969882,0.00723353074863553
2,7007,"P_internet","Internet",-1.48473946166512,0.0140873081982136
2,7008,"P_internet","Internet",-0.466979717354048,0.00558573473244905
2,7009,"P_internet","Internet",0.109603081495293,-0.00192686601076275
2,7010,"P_internet","Internet",-0.938931046698574,0.00911118276417255
2,7011,"P_internet","Internet",-0.8905538171326,0.00765540217980742
2,7012,"P_internet","Internet",0.468063319599681,-0.0112556777894497
2,7013,"P_internet","Internet",-0.622791208909899,0.00894487462937832
2,7014,"P_internet","Internet",-1.20492398940964,0.0143120335415006
2,7015,"P_internet","Internet",-0.580753476033305,0.00786585360765457
2,7016,"P_internet","Internet",-1.0481590952955,0.00695369066670537
2,7017,"P_internet","Internet",-0.32704410294061,0.0016981951193884
2,7018,"P_internet","Internet",-1.26473429150542,0.00868548545986414
2,7019,"P_internet","Internet",0.323698422733943,-0.00266093527898192
2,7020,"P_internet","Internet",-1.02198812220864,0.00758001813665032
2,7021,"P_internet","Internet",-0.875782730856794,0.0067831315100193
2,7022,"P_internet","Internet",-1.4633999490275,0.0143120335415006
2,7023,"P_internet","Internet",-1.44499089834543,0.00911118276417255
2,7024,"P_internet","Internet",-1.51098510029123,0.00885271560400724
2,7025,"P_internet","Internet",-0.636560282789634,0.00813421048223972
2,7026,"P_internet","Internet",-1.4625839800683,0.0143120335415006
2,7027,"P_internet","Internet",0.117671540343478,-0.00169247749727219
2,7029,"P_internet","Internet",-0.897605957664387,0.00746291130781174
2,7030,"P_internet","Internet",-0.641990089997307,0.0077128978446126
2,7031,"P_internet","Internet",-1.36019526522578,0.0143704507499933
2,7032,"P_internet","Internet",-0.614523401720659,0.00740641402080655
2,7033,"P_internet","Internet",-1.20872860457732,0.0133733171969652
2,7034,"P_internet","Internet",-0.66583497283187,0.00787660945206881
2,7035,"P_internet","Internet",-1.10098734397695,0.00765540217980742
2,7037,"P_internet","Internet",-0.922514401504599,0.00749725941568613
2,7038,"P_internet","Internet",-1.47378055031845,0.00916959997266531
2,7039,"P_internet","Internet",-1.32512285244215,0.00861102249473333
2,7040,"P_internet","Internet",-0.125885409737523,0.00178943655919284
2,7041,"P_internet","Internet",-1.22400733752696,0.00794532708823681
2,7042,"P_internet","Internet",-0.408365334326886,-0.000443176773842424
2,7043,"P_internet","Internet",-0.0726221123701795,0.00138152751605958
2,7044,"P_internet","Internet",-1.25983459625334,0.00984285492449999
2,7045,"P_internet","Internet",-1.05648260604632,0.00855260528624058
2,7046,"P_internet","Internet",-0.6800476755279,0.00708657037466764
2,7047,"P_internet","Internet",-1.24271954481352,0.00903671979904175
2,7048,"P_internet","Internet",-0.736486426667359,0.00749930692836642
2,7049,"P_internet","Internet",-1.35902506887841,0.0132477302104235
2,7050,"P_internet","Internet",-0.997725758647789,0.00695369066670537
2,7051,"P_internet","Internet",-0.651087517156372,0.0067831315100193
2,7052,"P_internet","Internet",-1.12756557059687,0.00921635050326586
2,7053,"P_internet","Internet",-0.913418660001754,0.00865044165402651
2,7054,"P_internet","Internet",-0.179388433784035,0.00149761943612248
2,7057,"P_internet","Internet",-0.429215686750619,0.00168127624783665
2,7059,"P_internet","Internet",-1.13170332208747,0.00916959997266531
2,7061,"P_internet","Internet",-0.301616313187068,0.00180853914935142
2,7062,"P_internet","Internet",-0.812657047684403,0.00819170661270618
2,7064,"P_internet","Internet",-1.42973063962702,0.0139206862077117
2,7065,"P_internet","Internet",-0.592140046777269,0.00777131551876664
2,7066,"P_internet","Internet",-1.49554221045386,0.0143120335415006
2,7068,"P_internet","Internet",-0.154420802935806,0.0007102289237082
2,7069,"P_internet","Internet",-0.77596720417174,0.00642633391544223
2,7070,"P_internet","Internet",-1.1228610287298,0.00871983543038368
2,7071,"P_internet","Internet",-0.579605926715658,0.00748345302417874
2,7072,"P_internet","Internet",-1.17746807042877,0.00875028315931559
2,7073,"P_internet","Internet",-1.19476941840633,0.00852555874735117
2,7074,"P_internet","Internet",0.197954707606692,-0.00260152411647141
2,7075,"P_internet","Internet",-1.21228760022484,0.00868548545986414
2,7076,"P_internet","Internet",-1.47833097833096,0.00861102249473333
2,7077,"P_internet","Internet",-1.26086586092724,0.0087439026683569
2,7078,"P_internet","Internet",0.391895815784505,0.00165310141164809
2,7079,"P_internet","Internet",-0.228915766675232,0.001416269922629
2,7080,"P_internet","Internet",-1.17565982352782,0.00876658596098423
2,7081,"P_internet","Internet",-1.29084517675388,0.0143704507499933
2,7082,"P_internet","Internet",-1.35381544242278,0.0143120335415006
2,7083,"P_internet","Internet",-0.780821669144449,0.00802956521511078
2,7084,"P_internet","Internet",-0.745769197477565,0.00829413812607527
2,7085,"P_internet","Internet",-0.91841904390332,0.00819170661270618
2,7086,"P_internet","Internet",0.00893713086962078,0.00134797405917197
2,7087,"P_internet","Internet",-0.0901833007481292,0.00242738542146981
2,7089,"P_internet","Internet",0.347554549821061,-0.00272965244948864
2,7090,"P_internet","Internet",-1.22551533079829,0.00806611776351929
2,7091,"P_internet","Internet",-0.87657645055626,0.00851786322891712
2,7092,"P_internet","Internet",-0.830049820775075,0.00665025180205703
2,7093,"P_internet","Internet",-1.46114070202816,0.00911118276417255
2,7094,"P_internet","Internet",-1.21676018956947,0.0087439026683569
2,7096,"P_internet","Internet",-1.42260379855267,0.0142375705763698
2,7097,"P_internet","Internet",-0.0760567847290635,0.00171283155214041
2,7098,"P_internet","Internet",-1.28362312762852,0.0137534560635686
2,7099,"P_internet","Internet",-0.733647684548295,0.0078388936817646
2,7100,"P_internet","Internet",-1.01027196242436,0.00911118276417255
2,7101,"P_internet","Internet",1.7849619272827,-0.00464448612183332
2,7102,"P_internet","Internet",-0.678544783147653,0.00740250339731574
2,7103,"P_internet","Internet",-0.959668843284745,0.00740641402080655
2,7104,"P_internet","Internet",-0.630359370040516,0.00716706179082394
2,7106,"P_internet","Internet",-1.19697206830606,0.00710969138890505
2,7107,"P_internet","Internet",-0.310398496268304,0.00212090229615569
2,7108,"P_internet","Internet",-0.354563896400072,0.000873940531164408
2,7109,"P_internet","Internet",-0.771300191463062,0.00916959997266531
2,7110,"P_internet","Internet",-1.36708006154915,0.00819170661270618
2,7111,"P_internet","Internet",-1.22913084299293,0.0135061973705888
2,7112,"P_internet","Internet",-1.49091109565955,0.0140535663813353
2,7114,"P_internet","Internet",-1.15992314445426,0.00763843581080437
2,7115,"P_internet","Internet",-0.858038674302212,0.00902505312114954
2,7116,"P_internet","Internet",-1.32401434286646,0.00778099009767175
2,7117,"P_internet","Internet",-0.56617534775058,0.00918876472860575
2,7120,"P_internet","Internet",-1.02341946961721,0.0092471819370985
2,7121,"P_internet","Internet",-1.3866826434458,0.0143120335415006
2,7122,"P_internet","Internet",-1.12919729714912,0.00739481905475259
2,7123,"P_internet","Internet",-0.497121822527221,0.00755797978490591
2,7124,"P_internet","Internet",-0.910865082673387,0.0077128978446126
2,7125,"P_internet","Internet",-1.23178198520579,0.0090834703296423
2,8002,"P_internet","Internet",0.681970380611378,-0.0073180147446692
2,8003,"P_internet","Internet",0.714142333371515,-0.0057541630230844
2,8004,"P_internet","Internet",0.297672671538859,0.0021289880387485
2,8005,"P_internet","Internet",0.564446106961237,-0.00646141218021512
2,8006,"P_internet","Internet",0.3172160390531,-0.00265562161803246
2,8007,"P_internet","Internet",-0.838738372805403,0.00761814182624221
2,8008,"P_internet","Internet",-1.48406049521457,0.00829413812607527
2,8011,"P_internet","Internet",1.1437971925482,-0.00736035639420152
2,8012,"P_internet","Internet",-0.572924688330191,0.00669781817123294
2,8013,"P_internet","Internet",0.400644713746562,-0.0037729712203145
2,8014,"P_internet","Internet",-0.444735365380935,0.00100531440693885
2,8016,"P_internet","Internet",0.806085767536638,-0.0063784378580749
2,8017,"P_internet","Internet",1.26787898470961,-0.00822431687265635
2,8018,"P_internet","Internet",-0.266977246324121,0.000720543146599084
2,8019,"P_internet","Internet",2.40456904807101,-0.00416737981140614
2,8020,"P_internet","Internet",-0.989745088102405,0.00717662600800395
2,8021,"P_internet","Internet",1.79144179678345,-0.00413066614419222
2,8022,"P_internet","Internet",0.699791700242543,-0.00506979646161199
2,8023,"P_internet","Internet",-0.334060091896218,0.000859949155710638
2,8024,"P_internet","Internet",0.482921058141358,-0.00259814877063036
2,8026,"P_internet","Internet",1.44516612917473,-0.00375341111794114
2,8027,"P_internet","Internet",-0.991892319291221,0.00816841796040535
2,8029,"P_internet","Internet",-1.02768432962781,0.00845784973353148
2,8030,"P_internet","Internet",-1.02057228339824,0.00747366715222597
2,8032,"P_internet","Internet",1.88108637338405,-0.00544117344543338
2,8033,"P_internet","Internet",-0.308667072658751,0.00101714674383402
2,8034,"P_internet","Internet",0.452759617565772,-0.00603056373074651
2,8035,"P_internet","Internet",-0.210211652333568,0.000720520445611328
2,8036,"P_internet","Internet",0.835858243360151,-0.00739538902416825
2,8037,"P_internet","Internet",2.05892545049832,-0.00541847059503198
2,8038,"P_internet","Internet",-0.0365202739888258,0.0022001345641911
2,8039,"P_internet","Internet",1.52167815756137,-0.00446173036471009
2,8042,"P_internet","Internet",-0.949822961764991,0.000638169178273529
2,8044,"P_internet","Internet",-0.177163837650028,0.00120628636796027
2,8045,"P_internet","Internet",0.986388860063214,-0.00712765054777265
2,8046,"P_internet","Internet",-1.29341581023063,0.0126929376274347
2,8048,"P_internet","Internet",-0.230266934850008,0.00166985928080976
2,8049,"P_internet","Internet",-0.836915023434431,0.00645716581493616
2,8050,"P_internet","Internet",1.53309727353082,-0.00544117344543338
2,8052,"P_internet","Internet",0.852654539284275,-0.00678968382999301
2,8053,"P_internet","Internet",0.385866325578238,-0.00265562161803246
2,8054,"P_internet","Internet",0.0206155669578759,0.00144513649865985
2,8055,"P_internet","Internet",0.753364768493792,-0.0100710708647966
2,8056,"P_internet","Internet",0.420439393250426,-0.00380081753246486
2,8057,"P_internet","Internet",-0.438399161470928,0.00419384008273482
2,8058,"P_internet","Internet",0.221632836128375,-0.00125543877948076
2,8059,"P_internet","Internet",0.86170912777638,-0.00693837553262711
2,8060,"P_internet","Internet",0.756663361556349,-0.00674801133573055
2,8061,"P_internet","Internet",-1.33279863085831,-0.000206205120775849
2,8062,"P_internet","Internet",0.882208687567881,-0.00684972060844302
2,8064,"P_internet","Internet",0.736468824763813,-0.00810778047889471
2,8065,"P_internet","Internet",-1.3048834358521,0.00796744599938393
2,8067,"P_internet","Internet",-0.49572673136819,0.00594836659729481
2,9004,"P_internet","Internet",2.78845042417804,-0.019328273832798
2,9007,"P_internet","Internet",2.3629910960191,-0.00325319380499423
2,9008,"P_internet","Internet",2.65395919158788,-0.00325319380499423
2,9009,"P_internet","Internet",1.31925598003733,-0.0112781543284655
2,9010,"P_internet","Internet",2.8123236916683,-0.0187325496226549
2,9011,"P_internet","Internet",2.26040835793851,-0.0066984761506319
2,9012,"P_internet","Internet",2.6930976821523,-0.00318996538408101
2,9013,"P_internet","Internet",2.20816410061934,-0.00251360633410513
2,9016,"P_internet","Internet",3.31729962300417,-0.0181464999914169
2,9017,"P_internet","Internet",2.70336939857788,-0.00261399568989873
2,10004,"P_internet","Internet",-0.181532773609649,0.00145582749973983
2,10005,"P_internet","Internet",1.70312333967448,-0.00553146051242948
2,10006,"P_internet","Internet",-0.842563416780187,0.0073297806084156
2,10007,"P_internet","Internet",1.2270017994954,-0.00907985121011734
2,10008,"P_internet","Internet",0.733708201731779,-0.0073065971955657
2,10009,"P_internet","Internet",-0.706342810854518,0.00665813777595758
2,10010,"P_internet","Internet",-0.337651142666783,0.00186421896796674
2,10012,"P_internet","Internet",1.04842881290567,-0.00822431687265635
2,10013,"P_internet","Internet",-0.0516540736557099,0.00148102594539523
2,10014,"P_internet","Internet",-1.37859343655358,0.00889946613460779
2,10015,"P_internet","Internet",-0.564850635683727,0.00656178593635559
2,10016,"P_internet","Internet",-0.222592286244222,0.00186421896796674
2,10017,"P_internet","Internet",-0.315026787686612,0.00075133889913559
2,10021,"P_internet","Internet",-0.657808276186656,0.00735227297991514
2,10022,"P_internet","Internet",-0.102910323829674,0.00150982278864831
2,10023,"P_internet","Internet",-0.44659643025805,0.00420296564698219
2,10025,"P_internet","Internet",-0.462021180358977,0.00130691064987332
2,10027,"P_internet","Internet",-1.07487337445442,0.00666843773797154
2,10031,"P_internet","Internet",-0.173192589783538,0.00130691064987332
2,10033,"P_internet","Internet",-0.750477710986286,0.00679101748391986
2,10036,"P_internet","Internet",-0.723475173338632,0.00620454316958785
2,10038,"P_internet","Internet",0.491761710213985,-0.00840789824724197
2,11001,"P_internet","Internet",0.294928188735251,-0.00443098461255431
2,11002,"P_internet","Internet",0.579343389707651,-0.00659294053912163
2,11008,"P_internet","Internet",0.320006280831915,-0.00304507650434971
2,11010,"P_internet","Internet",-0.166236563630474,0.00137752830050886
2,11012,"P_internet","Internet",0.295048841332174,-0.00383027037605643
2,11017,"P_internet","Internet",1.33707639036775,-0.00959262903779745
2,11018,"P_internet","Internet",0.024434650272761,0.00240436987951398
2,11019,"P_internet","Internet",-0.508740646967938,0.00663805147632957
2,11020,"P_internet","Internet",1.83514184136457,-0.00672132056206465
2,11021,"P_internet","Internet",1.29272683692178,-0.00388259813189507
2,11022,"P_internet","Internet",-0.534106904379466,0.00760447653010488
2,11023,"P_internet","Internet",0.032705259970645,-0.000867194379679859
2,11024,"P_internet","Internet",0.336014867080115,-0.00404635444283485
2,11025,"P_internet","Internet",0.315072365636667,-0.00459905294701457
2,11026,"P_internet","Internet",0.0838593055264249,-0.000838258012663573
2,11028,"P_internet","Internet",0.607991326402585,-0.00773585774004459
2,11031,"P_internet","Internet",0.902067391716782,-0.00921397283673286
2,11037,"P_internet","Internet",0.51267493396855,-0.00977196358144283
2,11038,"P_internet","Internet",0.449706825715232,-0.00679487828165293
2,11039,"P_internet","Internet",0.286539764849919,-0.00380766089074314
2,11041,"P_internet","Internet",0.786262105403848,-0.00769827328622341
2,11046,"P_internet","Internet",0.381311322902295,-0.00357134826481342
2,12001,"P_internet","Internet",1.18189163028213,-0.0112177934497595
2,12002,"P_internet","Internet",-0.78234016099685,0.00740588130429387
2,12003,"P_internet","Internet",-0.744148122926349,0.00727255176752806
2,12005,"P_internet","Internet",-0.532003131932282,0.00701386388391256
2,12006,"P_internet","Internet",-0.602084391375445,0.0070942547172308
2,12007,"P_internet","Internet",0.0633596615923501,-0.00186764181125909
2,12008,"P_internet","Internet",-0.835777084320565,0.00659004552289844
2,12009,"P_internet","Internet",-1.33646065661876,0.00817799381911755
2,12010,"P_internet","Internet",-1.13189389110461,0.007454430218786
2,12011,"P_internet","Internet",-0.302542820525391,0.00146771699655801
2,12012,"P_internet","Internet",-1.05780419855531,0.0077128978446126
2,12013,"P_internet","Internet",-1.09086414710279,0.00642633391544223
2,12014,"P_internet","Internet",-0.0285162161834559,0.00127599947154522
2,12015,"P_internet","Internet",-0.144599811911159,0.00163142860401422
2,12017,"P_internet","Internet",-0.473138321534418,0.00649506924673915
2,12018,"P_internet","Internet",-0.367713023505741,0.00143045664299279
2,12019,"P_internet","Internet",-0.521869790212429,0.00723353074863553
2,12020,"P_internet","Internet",-1.23308935055191,0.0091579332947731
2,12021,"P_internet","Internet",-0.0611174654748889,0.00146771699655801
2,12022,"P_internet","Internet",-0.156594511885233,0.00143045664299279
2,12023,"P_internet","Internet",-0.62544303447265,0.00664926925674081
2,12024,"P_internet","Internet",-1.31979831353985,0.00740588130429387
2,12025,"P_internet","Internet",-1.3010354627456,0.00710884016007185
2,12026,"P_internet","Internet",-1.02719856316438,0.00642633391544223
2,12027,"P_internet","Internet",-0.742001169071456,0.00659004552289844
2,12028,"P_internet","Internet",-0.394741369363503,0.0021689182613045
2,12029,"P_internet","Internet",1.69474505384734,-0.00700282352045178
2,12030,"P_internet","Internet",-0.60829164230414,0.00740250339731574
2,12031,"P_internet","Internet",-1.27380318889089,0.00721332803368568
2,12032,"P_internet","Internet",-1.02959625083723,0.007454430218786
2,12033,"P_internet","Internet",-0.256587581082974,0.00211296370252967
2,12034,"P_internet","Internet",-0.245364305270222,0.00143045664299279
2,12035,"P_internet","Internet",1.30326939426731,-0.0142409969121218
2,12036,"P_internet","Internet",-1.17893020768046,0.00766434893012047
2,12037,"P_internet","Internet",-0.732653837908495,0.00659004552289844
2,12039,"P_internet","Internet",-0.504404643850589,0.00633135763928294
2,12040,"P_internet","Internet",-0.862174389486437,0.00760685326531529
2,12041,"P_internet","Internet",-1.32631726749031,0.00806611776351929
2,12042,"P_internet","Internet",-0.626511446017179,0.007454430218786
2,12044,"P_internet","Internet",0.00206791236571297,0.00209099985659122
2,12045,"P_internet","Internet",-0.222735788037422,0.00224629254080355
2,12046,"P_internet","Internet",-0.386473678851965,0.00233713770285249
2,12047,"P_internet","Internet",-1.24991080230072,0.00727255176752806
2,12048,"P_internet","Internet",0.655422986971662,-0.0097542442381382
2,12049,"P_internet","Internet",-0.170693047132946,0.00148968072608113
2,12050,"P_internet","Internet",0.66314366268699,-0.0119603909552097
2,12051,"P_internet","Internet",-0.813613365614574,0.00740588130429387
2,12052,"P_internet","Internet",-1.12889405752395,0.0102847553789616
2,12053,"P_internet","Internet",-0.855888333989215,0.00664926925674081
2,12054,"P_internet","Internet",-1.03206458915839,0.0071568563580513
2,12055,"P_internet","Internet",0.49566604566232,-0.00692678801715374
2,12056,"P_internet","Internet",-0.701047729930591,0.00740641402080655
2,12057,"P_internet","Internet",0.136109646914603,-0.0020930957980454
2,12058,"P_internet","Internet",-0.222708773222812,0.00194534112233669
2,12059,"P_internet","Internet",-0.24824948006603,0.00143045664299279
2,12060,"P_internet","Internet",-1.09026104881323,0.00664926925674081
2,12061,"P_internet","Internet",0.217016670215841,-0.000839455635286868
2,12063,"P_internet","Internet",-0.993840842239584,0.00806611776351929
2,12064,"P_internet","Internet",-0.540913054658921,0.00629389332607388
2,12066,"P_internet","Internet",-0.203096861485443,0.00233713770285249
2,12067,"P_internet","Internet",-0.166189280552788,0.0012628345284611
2,12069,"P_internet","Internet",-1.1590997642172,0.00651305401697755
2,12070,"P_internet","Internet",-0.870840126538468,0.00704961642622948
2,12072,"P_internet","Internet",-1.29829981580972,0.00832458678632975
2,12073,"P_internet","Internet",-0.207140781048761,0.00129757693503052
2,12074,"P_internet","Internet",-1.13755360448733,0.00572825642302632
2,12075,"P_internet","Internet",0.418701312280467,-0.0117633994668722
2,12076,"P_internet","Internet",-1.30703670696312,0.00868548545986414
2,12077,"P_internet","Internet",-0.131286287606566,0.00115834700409323
2,12079,"P_internet","Internet",-1.06412927180523,0.00911118276417255
2,12080,"P_internet","Internet",-0.840636654503676,0.00645716581493616
2,12081,"P_internet","Internet",-1.22317229439999,0.0077118300832808
2,13001,"P_internet","Internet",0.263899135013206,-0.00419754488393664
2,13002,"P_internet","Internet",-1.0873980785694,0.00787660945206881
2,13003,"P_internet","Internet",0.663706259004939,-0.007623256649822
2,13005,"P_internet","Internet",1.0333620529927,-0.0115096783265471
2,13007,"P_internet","Internet",-0.404487796605322,0.00237867794930935
2,13008,"P_internet","Internet",0.843488020975355,-0.00718546053394675
2,13009,"P_internet","Internet",-0.117335841605154,0.00308721093460917
2,13013,"P_internet","Internet",0.952384153036203,-0.0125418864190578
2,13016,"P_internet","Internet",0.171661288788571,-0.000646619766484946
2,13017,"P_internet","Internet",-0.358524834557521,0.00144075637217611
2,13019,"P_internet","Internet",-0.623459138266911,0.00768135767430067
2,13021,"P_internet","Internet",0.676041562506559,-0.0108249597251415
2,13022,"P_internet","Internet",0.425955998010147,-0.0121296551078558
2,13023,"P_internet","Internet",0.648192958381686,-0.0105730490759015
2,13024,"P_internet","Internet",-0.275356638345626,0.00168978131841868
2,13035,"P_internet","Internet",-0.3354001442761,0.00281543261371553
2,13038,"P_internet","Internet",-0.123457595265036,0.00247260835021734
2,13041,"P_internet","Internet",0.626147076862112,-0.00771204847842455
2,13044,"P_internet","Internet",-0.653896190085412,0.00659431796520948
2,13045,"P_internet","Internet",-0.304206144745553,0.00257488340139389
2,13048,"P_internet","Internet",2.26388611017306,-0.00338766863569617
2,13050,"P_internet","Internet",0.783931869390861,-0.0073180147446692
2,13051,"P_internet","Internet",2.29879001915143,0.000871849828399718
2,13052,"P_internet","Internet",0.615176303936872,-0.0102430712431669
2,13054,"P_internet","Internet",0.123634112522085,-0.00128011859487742
2,13056,"P_internet","Internet",0.967902411900831,-0.0122226923704147
2,13057,"P_internet","Internet",-0.660013630596982,0.00723157357424498
2,13061,"P_internet","Internet",1.38484306571465,-0.00728298211470246
2,13063,"P_internet","Internet",0.604125725707431,-0.00871164444833994
2,13064,"P_internet","Internet",0.0716478060415766,-0.00130478187929839
2,13066,"P_internet","Internet",1.20335284993531,-0.013742433860898
2,13067,"P_internet","Internet",-0.08820962001175,0.00275770481675863
2,13069,"P_internet","Internet",1.51588026586168,-0.00591533491387963
2,13072,"P_internet","Internet",1.12425639362625,-0.00728298211470246
2,13074,"P_internet","Internet",0.346378218133813,-0.00565646961331367
2,13075,"P_internet","Internet",1.03248037345178,-0.0149294510483742
2,13076,"P_internet","Internet",1.20604883464247,-0.00805665552616119
2,13077,"P_internet","Internet",1.30319964680538,-0.00847414135932922
2,13082,"P_internet","Internet",1.46688612650759,-0.0159967727959156
2,13083,"P_internet","Internet",1.36688068779061,-0.0129175623878837
2,14001,"P_internet","Internet",0.995258971011733,-0.00932860840111971
2,14002,"P_internet","Internet",1.43707333461147,-0.00803395267575979
2,14003,"P_internet","Internet",0.957241714455612,-0.0071420450694859
2,14005,"P_internet","Internet",1.15624382845436,-0.00913138035684824
2,14006,"P_internet","Internet",1.3215585090228,-0.00766685651615262
2,14007,"P_internet","Internet",0.488901220044455,-0.00843095406889915
2,14008,"P_internet","Internet",1.46241938209877,-0.00874030869454145
2,14009,"P_internet","Internet",1.17840601520457,-0.00822431687265635
2,14011,"P_internet","Internet",-0.372139406404962,0.0012202023062855
2,14012,"P_internet","Internet",-0.327410630234064,0.00181457144208252
2,14013,"P_internet","Internet",1.01069824412083,-0.00839570164680481
2,14015,"P_internet","Internet",1.8437732263696,-0.00513890851289034
2,14016,"P_internet","Internet",0.729761313140282,-0.00861800089478493
2,14017,"P_internet","Internet",0.533760180482988,-0.00639957142993808
2,14019,"P_internet","Internet",-0.252447998145126,0.00219975016079843
2,14020,"P_internet","Internet",-0.12933803139016,0.00138115452136844
2,14021,"P_internet","Internet",0.610651346330082,-0.00603873608633876
2,14022,"P_internet","Internet",0.694368516177295,-0.00716928578913212
2,14024,"P_internet","Internet",0.8038624542964,-0.00855369679629803
2,14025,"P_internet","Internet",1.60363057156001,-0.00506153423339128
2,14027,"P_internet","Internet",-0.443792954535293,0.00127942627295852
2,14028,"P_internet","Internet",0.0869644020834304,-0.0022406461648643
2,14029,"P_internet","Internet",0.294050020744386,-0.00344398291781545
2,14031,"P_internet","Internet",-0.47144810254305,0.00642141327261925
2,14033,"P_internet","Internet",0.771765913476232,-0.00711419899016619
2,14035,"P_internet","Internet",0.603131033715244,-0.00735359638929367
2,14036,"P_internet","Internet",1.1513737617657,-0.00736035639420152
2,14037,"P_internet","Internet",1.77363014962157,-0.00399537617340684
2,14038,"P_internet","Internet",0.331621145523129,-0.0037042279727757
2,14039,"P_internet","Internet",2.71503523684005,-0.00300802942365408
2,14040,"P_internet","Internet",-0.335829794206205,0.00204445701092482
2,14041,"P_internet","Internet",0.221041642554485,-0.00248115742579103
2,14042,"P_internet","Internet",-0.572961533241174,0.00659004552289844
2,14043,"P_internet","Internet",0.59282887170186,-0.00592447677627206
2,14044,"P_internet","Internet",1.20402975674395,-0.0103351203724742
2,14046,"P_internet","Internet",1.43491676662614,-0.00874030869454145
2,14048,"P_internet","Internet",0.606569779696581,-0.00665616849437356
2,14051,"P_internet","Internet",0.646197756218837,-0.00949077773839235
2,14053,"P_internet","Internet",1.30612731977121,-0.0140311131253839
2,14055,"P_internet","Internet",0.980148966303651,-0.00914475973695517
2,14058,"P_internet","Internet",1.05638605658796,-0.00728298211470246
2,14060,"P_internet","Internet",0.0743555482709928,-0.0022406461648643
2,14061,"P_internet","Internet",-1.12886480631193,0.00756959291175008
2,14062,"P_internet","Internet",-0.133178409507517,0.000687843363266438
2,14063,"P_internet","Internet",1.91133943736874,-0.00544117344543338
2,14064,"P_internet","Internet",0.183355259278724,-0.000661831814795732
2,14067,"P_internet","Internet",2.3458084230075,-0.00436247186735272
2,14068,"P_internet","Internet",0.566710065552022,-0.00639957142993808
2,14070,"P_internet","Internet",0.975216558943318,-0.00205895188264549
2,14071,"P_internet","Internet",-0.939186907996664,0.00645716581493616
2,14072,"P_internet","Internet",0.662200399196604,-0.0107916090637445
2,14073,"P_internet","Internet",1.47910172037006,-0.00972474552690983
2,14074,"P_internet","Internet",1.09851156531426,-0.00767216086387634
2,14075,"P_internet","Internet",0.378208287277387,-0.00258126808330417
2,14076,"P_internet","Internet",-0.447637834280326,0.00114415283314884
2,14077,"P_internet","Internet",1.12961631650007,-0.00766685651615262
2,14078,"P_internet","Internet",1.5524406038568,-0.00633074948564172
2,14080,"P_internet","Internet",0.0880367116729093,-0.00194505194667727
2,14081,"P_internet","Internet",0.268652790451596,-0.00330527266487479
2,14083,"P_internet","Internet",1.43693624728711,-0.00814694259315729
2,14084,"P_internet","Internet",0.293117602109809,-0.00321808364242315
2,14090,"P_internet","Internet",0.47522977006121,-0.00675685796886683
2,14091,"P_internet","Internet",1.42279148298768,-0.007798973005265
2,14093,"P_internet","Internet",1.85217861003202,-0.00559956301003695
2,14094,"P_internet","Internet",1.39085643981336,-0.0111286165192723
2,14095,"P_internet","Internet",1.49172371669151,-0.00680512515828013
2,14097,"P_internet","Internet",1.96109763672613,-0.00164359982591122
2,14098,"P_internet","Internet",2.23958275016276,-0.00560883479192853
2,14100,"P_internet","Internet",0.0209299387576946,0.000905045482795686
2,14101,"P_internet","Internet",2.06431740027938,-0.00697714602574706
2,14104,"P_internet","Internet",0.628507821289356,-0.00833528209477663
2,14105,"P_internet","Internet",0.340259793154135,-0.00373028684407473
2,14109,"P_internet","Internet",0.331695756425798,-0.00550260115414858
2,14110,"P_internet","Internet",1.41043211134437,-0.00766685651615262
2,14111,"P_internet","Internet",1.21643860365946,-0.00787634775042534
2,14114,"P_internet","Internet",1.15636991161297,-0.00704508367925882
2,14115,"P_internet","Internet",0.50200275779347,-0.00633634347468615
2,14116,"P_internet","Internet",1.87501283285777,-0.00626375526189804
2,14117,"P_internet","Internet",0.164919232712014,-0.00265982933342457
2,14118,"P_internet","Internet",0.675639412052287,-0.00745436642318964
2,14120,"P_internet","Internet",2.80514991743719,-0.0209979005157948
2,14123,"P_internet","Internet",-0.0237846173183011,0.00115175603423268
2,14124,"P_internet","Internet",1.03355516636907,-0.00997971557080746
2,14125,"P_internet","Internet",0.643955379637174,-0.00791287608444691
2,15001,"P_internet","Internet",-0.566502850840401,0.00778004433959723
2,15002,"P_internet","Internet",1.27693852358978,-0.00968443881720304
2,15003,"P_internet","Internet",-0.606129654976135,0.00866143871098757
2,15004,"P_internet","Internet",-0.268507926508753,0.00199717283248901
2,15005,"P_internet","Internet",-0.0469925778950931,0.00247081625275314
2,15007,"P_internet","Internet",-0.745365272736895,0.00807758141309023
2,15008,"P_internet","Internet",-0.595115406144179,0.00659004552289844
2,15009,"P_internet","Internet",0.765900705474038,-0.00947722792625427
2,15010,"P_internet","Internet",0.620186360868674,-0.0106101827695966
2,15011,"P_internet","Internet",1.03585538031188,-0.0177670735865831
2,15014,"P_internet","Internet",0.642493302014522,-0.00849193893373013
2,15015,"P_internet","Internet",-0.332078012048164,0.00343391532078385
2,15016,"P_internet","Internet",0.362800154212802,-0.00547943031415343
2,15017,"P_internet","Internet",0.582317425231406,-0.0115087106823921
2,15018,"P_internet","Internet",1.51237842529122,-0.0110127553343773
2,15020,"P_internet","Internet",2.72647210801438,-0.00338766863569617
2,15021,"P_internet","Internet",-0.5758405942376,0.00800929218530655
2,15025,"P_internet","Internet",1.45831722633851,-0.0110653890296817
2,15026,"P_internet","Internet",-0.386700337067588,0.00314439833164215
2,15032,"P_internet","Internet",-1.0450033700399,0.0077128978446126
2,15033,"P_internet","Internet",2.11751907891833,-0.00661924481391907
2,15035,"P_internet","Internet",1.18455662191381,-0.00992188416421413
2,15036,"P_internet","Internet",-0.123041377294395,0.00314116245135665
2,15037,"P_internet","Internet",2.3678735378365,-0.00464448612183332
2,15039,"P_internet","Internet",1.88576155858041,-0.00465739890933037
2,15040,"P_internet","Internet",0.897951601493934,-0.0124093322083354
2,15041,"P_internet","Internet",-1.31590705485713,0.00774372974410653
2,15042,"P_internet","Internet",0.157255410450669,-0.00115847319830209
2,15043,"P_internet","Internet",0.28141750211366,-0.00377773144282401
2,15045,"P_internet","Internet",0.0265720236542494,0.00197024550288916
2,15046,"P_internet","Internet",0.829580979639946,-0.0162999145686626
2,15047,"P_internet","Internet",-0.758893499719333,0.00852169282734394
2,15048,"P_internet","Internet",0.300690816282433,-0.00432027550414205
2,15050,"P_internet","Internet",0.127497248961739,-0.000834993028547615
2,15051,"P_internet","Internet",1.3856855073298,-0.0143321789801121
2,15052,"P_internet","Internet",-0.205746716990075,0.00414235051721334
2,15054,"P_internet","Internet",2.5982083368381,-0.00346504291519523
2,15056,"P_internet","Internet",-0.765556209910142,0.00802956521511078
2,15057,"P_internet","Internet",2.22166879236305,-0.00440218579024076
2,15060,"P_internet","Internet",1.63691672232646,-0.00562311010435224
2,15062,"P_internet","Internet",1.46666745847074,-0.010859239846468
2,15063,"P_internet","Internet",-0.25434728955428,0.00352482590824366
2,15064,"P_internet","Internet",0.361519094191119,-0.00284630479291081
2,15065,"P_internet","Internet",0.404434434108089,-0.004062928725034
2,15066,"P_internet","Internet",-0.945483525069697,0.00758042559027672
2,15067,"P_internet","Internet",0.416364543999033,0.0016426503425464
2,15070,"P_internet","Internet",1.44721032194855,-0.0126470969989896
2,15071,"P_internet","Internet",0.00474853824848061,0.00170610554050654
2,15073,"P_internet","Internet",1.97131800935344,-0.00696277432143688
2,15074,"P_internet","Internet",-0.72116637460954,0.0089076142758131
2,15076,"P_internet","Internet",1.60313736201282,-0.00677520874887705
2,15077,"P_internet","Internet",-0.134680130062192,0.00262045580893755
2,15078,"P_internet","Internet",-0.505702311933407,0.00685153156518936
2,15079,"P_internet","Internet",-0.181868113738755,0.00279131671413779
2,15080,"P_internet","Internet",-0.768642244247623,0.00727255176752806
2,15081,"P_internet","Internet",2.12569601773783,-0.00590242212638259
2,15082,"P_internet","Internet",0.196063526980662,0.00108074187301099
2,15084,"P_internet","Internet",0.0726503188054843,-0.000984317506663501
2,15085,"P_internet","Internet",0.0565620613202518,-0.000646619766484946
2,15086,"P_internet","Internet",-0.592990073003991,0.0101209627464414
2,15087,"P_internet","Internet",0.0450848224658639,-0.00083175691543147
2,15088,"P_internet","Internet",0.806980403911965,-0.0132795050740242
2,15090,"P_internet","Internet",0.476187690065977,-0.0132200792431831
2,15092,"P_internet","Internet",1.04709523389444,-0.00993803050369024
2,15093,"P_internet","Internet",0.665924000884918,-0.0102183548733592
2,15094,"P_internet","Internet",0.1824305851266,-0.000106081832200289
2,15095,"P_internet","Internet",1.32934029356252,-0.0108450939878821
2,15096,"P_internet","Internet",0.556358625721012,-0.00866322126239538
2,15097,"P_internet","Internet",-0.439208612465913,0.00349223101511598
2,15099,"P_internet","Internet",1.51094832969976,-0.010897726751864
2,15100,"P_internet","Internet",0.818234287988161,-0.0159661471843719
2,15101,"P_internet","Internet",0.865056760252605,-0.00863086245954037
2,15102,"P_internet","Internet",-0.224763364896805,0.00172925088554621
2,15103,"P_internet","Internet",1.39248128339091,-0.0126841077581048
2,15104,"P_internet","Internet",2.44093470763789,-0.00299787009134889
2,15105,"P_internet","Internet",-1.02502451001574,0.00645676860585809
2,15106,"P_internet","Internet",1.74289170976328,-0.00668492075055838
2,15107,"P_internet","Internet",1.00805457029058,-0.00680582132190466
2,15109,"P_internet","Internet",2.21973635326759,-0.00568633805960417
2,15110,"P_internet","Internet",0.613699854762686,-0.00796925835311413
2,15111,"P_internet","Internet",-1.25215229807793,0.00884919706732035
2,15112,"P_internet","Internet",-0.46695599587976,0.00300121889449656
2,15113,"P_internet","Internet",-0.36187340101631,0.00264951447024941
2,15114,"P_internet","Internet",-1.13704904281681,0.00884919706732035
2,15115,"P_internet","Internet",1.03504073098871,-0.0118277631700039
2,15116,"P_internet","Internet",-0.011740802202243,0.00198297807946801
2,15117,"P_internet","Internet",-0.480334623537181,0.00737854745239019
2,15118,"P_internet","Internet",1.16120618832702,-0.0109495278447866
2,15119,"P_internet","Internet",-0.84290354686552,0.00787660945206881
2,15120,"P_internet","Internet",1.26758766685299,-0.00988771580159664
2,15121,"P_internet","Internet",2.65909415929177,-0.00377154303714633
2,15123,"P_internet","Internet",-0.473837761163261,0.00717757549136877
2,15124,"P_internet","Internet",-1.16178768183929,0.00927489437162876
2,16003,"P_internet","Internet",-0.308529375020263,0.00176743557676673
2,16007,"P_internet","Internet",-0.465474486371212,0.00186946534086019
2,16013,"P_internet","Internet",-0.572194643803607,0.00656493846327066
2,16017,"P_internet","Internet",-0.729420011067522,0.00752157671377063
2,16018,"P_internet","Internet",-0.231349168214592,0.00197636475786567
2,16020,"P_internet","Internet",-0.0342315000702986,0.00225471146404743
2,16022,"P_internet","Internet",0.310724077142654,-0.00372442463412881
2,16031,"P_internet","Internet",-0.816664460589884,0.0066003454849124
2,16034,"P_internet","Internet",0.253720055634264,-0.00434407964348793
2,16038,"P_internet","Internet",0.296977281972549,-0.00370627036318183
2,16040,"P_internet","Internet",-0.147894363325441,0.00282142776995897
2,16041,"P_internet","Internet",0.110673572483286,-0.000569245021324605
2,16046,"P_internet","Internet",-0.564169408434418,0.00633962685242295
2,16047,"P_internet","Internet",-0.131532742325904,0.0022846139036119
2,16049,"P_internet","Internet",-0.762443723952342,0.00774372974410653
2,16050,"P_internet","Internet",0.195923067221965,-0.000569245021324605
2,16057,"P_internet","Internet",-0.827457361163549,0.00689879013225436
2,16072,"P_internet","Internet",0.113100499532099,-0.00155709218233824
2,16077,"P_internet","Internet",-0.260687064475101,0.00143045664299279
2,16078,"P_internet","Internet",0.371111284169275,-0.00358164822682738
2,16080,"P_internet","Internet",-0.618343172760844,0.00782806053757668
2,16081,"P_internet","Internet",-1.33924932908249,0.00727255176752806
2,16088,"P_internet","Internet",1.52949128689253,-0.00579821923747659
2,16092,"P_internet","Internet",-1.11804024602922,0.00664926925674081
2,16093,"P_internet","Internet",-0.348647269432235,0.00180332048330456
2,16098,"P_internet","Internet",0.14471588114349,-0.00126990245189518
2,16099,"P_internet","Internet",-0.746579368172028,0.00659004552289844
2,16101,"P_internet","Internet",-0.859381587529589,0.00713967205956578
2,16110,"P_internet","Internet",-0.0446488240972172,0.00115445256233215
2,16112,"P_internet","Internet",0.669331711158538,-0.00828265212476254
2,17001,"P_internet","Internet",0.638663495009135,-0.00940143782645464
2,17002,"P_internet","Internet",0.779172134932018,-0.00665896339341998
2,17003,"P_internet","Internet",0.342503447020062,-0.00367006473243237
2,17004,"P_internet","Internet",0.698589038661232,-0.0124246412888169
2,17005,"P_internet","Internet",0.0454744973812558,-0.000964806182309985
2,17006,"P_internet","Internet",1.72919656074376,-0.00564233493059874
2,17007,"P_internet","Internet",2.57619477335906,-0.00299787009134889
2,17008,"P_internet","Internet",1.9254196721677,-0.00592809915542603
2,17009,"P_internet","Internet",1.02613773151301,-0.0143903214484453
2,17010,"P_internet","Internet",0.604012003653802,-0.0102134542539716
2,17012,"P_internet","Internet",1.54277528837287,-0.00738192768767476
2,17013,"P_internet","Internet",0.381469648373124,-0.00321899447590113
2,17014,"P_internet","Internet",1.03223034828258,-0.0109604904428124
2,17015,"P_internet","Internet",1.0917076414473,-0.012911356985569
2,17016,"P_internet","Internet",0.0898709844327585,0.000120617536595091
2,17017,"P_internet","Internet",1.12607505962158,-0.0112177934497595
2,17018,"P_internet","Internet",1.3469304101572,-0.0142409969121218
2,17019,"P_internet","Internet",0.128780172460948,-0.00175924401264638
2,17020,"P_internet","Internet",1.78575607330454,-0.0101001411676407
2,17021,"P_internet","Internet",0.503381758087719,-0.00686587393283844
2,17022,"P_internet","Internet",0.125919571784171,0.000149676299770363
2,17023,"P_internet","Internet",-0.15140271260443,0.0015903830062598
2,17024,"P_internet","Internet",1.18077802576144,-0.0144166024401784
2,17025,"P_internet","Internet",1.02424647515866,-0.00858438108116388
2,17026,"P_internet","Internet",0.714747806501058,-0.0137822320684791
2,17027,"P_internet","Internet",-0.085515949786306,0.00268703559413552
2,17028,"P_internet","Internet",1.25118306470507,-0.00956330168992281
2,17029,"P_internet","Internet",1.10726565094644,-0.00938432663679123
2,17030,"P_internet","Internet",0.719645744014779,-0.0148612130433321
2,17032,"P_internet","Internet",0.556348189798111,-0.00715663935989141
2,17035,"P_internet","Internet",0.0101084414890398,0.00156922603491694
2,18001,"P_internet","Internet",0.222750229308672,-0.00243452982977033
2,18002,"P_internet","Internet",0.311086659832268,-0.00377159705385566
2,18003,"P_internet","Internet",0.481724863197287,-0.00612978078424931
2,18004,"P_internet","Internet",0.586432767254813,-0.00587624963372946
2,18005,"P_internet","Internet",-1.13653121500379,0.00813421048223972
2,18006,"P_internet","Internet",0.793286724582733,-0.00701574981212616
2,18007,"P_internet","Internet",-0.296724490033679,0.00230848789215088
2,18008,"P_internet","Internet",1.92976283189139,-0.00461498694494367
2,18009,"P_internet","Internet",-1.36248704656817,0.00885271560400724
2,18010,"P_internet","Internet",-0.422680785202125,0.00208040373399854
2,18011,"P_internet","Internet",-0.0906226416588856,0.00230502244085073
2,18012,"P_internet","Internet",0.0238063644087226,0.0007308428757824
2,18013,"P_internet","Internet",0.0380423566471643,-0.00265982933342457
2,18014,"P_internet","Internet",-0.307959834135257,0.00137592584360391
2,18015,"P_internet","Internet",-0.00389779833088105,0.00137592584360391
2,18016,"P_internet","Internet",0.143675434102749,-0.00251302169635892
2,18017,"P_internet","Internet",2.16606835536505,-0.00444732513278723
2,18018,"P_internet","Internet",0.401600370877056,-0.0038051507435739
2,18019,"P_internet","Internet",-0.927927918710066,0.00768623407930136
2,18020,"P_internet","Internet",1.59232773557842,-0.00638853572309017
2,19002,"P_internet","Internet",0.48773266649669,-0.00147510704118758
2,19003,"P_internet","Internet",-0.279832132460178,0.00155467621516436
2,19004,"P_internet","Internet",1.85416331456741,-0.00455451058223844
2,19005,"P_internet","Internet",0.6548567074528,-0.00746619887650013
2,19006,"P_internet","Internet",3.03522602682833,-0.0200790911912918
2,19007,"P_internet","Internet",-0.749667844326988,0.00645716581493616
2,19008,"P_internet","Internet",0.586982385983194,-0.00617731502279639
2,19009,"P_internet","Internet",1.50237678016152,-0.00794304627925158
2,19010,"P_internet","Internet",1.36112071914875,-0.00370390200987458
2,19011,"P_internet","Internet",0.697281190448936,-0.00523432902991772
2,19012,"P_internet","Internet",1.34274133960624,-0.00370390200987458
2,19013,"P_internet","Internet",0.541084995120929,-0.00509832752868533
2,19015,"P_internet","Internet",-1.27555725549132,0.00385259836912155
2,19016,"P_internet","Internet",-0.298627490447467,0.00145545892883092
2,19017,"P_internet","Internet",-0.504001503318704,0.00616556825116277
2,19018,"P_internet","Internet",1.94566146174659,-0.00106936122756451
2,19019,"P_internet","Internet",3.54369899812037,-0.0170867815613747
2,19020,"P_internet","Internet",0.369104301485202,-0.00301294215023518
2,19021,"P_internet","Internet",2.43868836962388,-0.00541847059503198
2,19022,"P_internet","Internet",-0.023734623727851,0.00144362659193575
2,19023,"P_internet","Internet",1.09933691925561,-0.00323350634425879
2,19025,"P_internet","Internet",1.8536075826006,-0.00216491892933846
2,19026,"P_internet","Internet",2.84128420680434,-0.0168195553123951
2,19027,"P_internet","Internet",0.610932896355826,-0.00148693926166743
2,19029,"P_internet","Internet",1.21476678552699,-0.00728298211470246
2,19030,"P_internet","Internet",-0.84937956375831,0.00886074732989073
2,19031,"P_internet","Internet",1.91020775621854,-0.00106936122756451
2,19032,"P_internet","Internet",0.173358791722041,-0.00202442100271583
2,19033,"P_internet","Internet",1.46669045070939,-0.00775439012795687
2,19035,"P_internet","Internet",0.209013609780441,0.00179735524579883
2,19037,"P_internet","Internet",0.116300744511085,-0.00366417644545436
2,19038,"P_internet","Internet",1.59335749426854,-0.00356066273525357
2,19039,"P_internet","Internet",2.86639894467457,-0.0171768739819527
2,19040,"P_internet","Internet",0.528745149603198,-0.00148693926166743
2,19041,"P_internet","Internet",1.22435440824626,-0.00370390200987458
2,19042,"P_internet","Internet",0.488676089297015,-0.00184425979387015
2,19043,"P_internet","Internet",-1.27901761248292,0.00612183474004269
2,19044,"P_internet","Internet",1.65691921603616,-0.00466750049963593
2,19045,"P_internet","Internet",1.13707104895417,-0.00370390200987458
2,19046,"P_internet","Internet",3.14116536586156,-0.0168195553123951
2,19047,"P_internet","Internet",1.2440097476486,-0.00754963140934706
2,19048,"P_internet","Internet",2.78244153992704,-0.00397701561450958
2,19049,"P_internet","Internet",2.07910196451259,-0.00421548122540116
2,19050,"P_internet","Internet",-0.757826716614075,0.00383076816797256
2,19051,"P_internet","Internet",0.15690683413382,0.00188757968135178
2,20005,"P_internet","Internet",0.0758395635453769,-0.00315542425960302
2,20008,"P_internet","Internet",-1.31707889097496,0.00728754233568907
2,20010,"P_internet","Internet",0.24803322988764,-0.00386393209919333
2,20012,"P_internet","Internet",-1.35209508255191,0.00885271560400724
2,20014,"P_internet","Internet",1.27476237787143,-0.00763339409604669
2,20015,"P_internet","Internet",-0.0962427260772531,0.00205373927019536
2,20017,"P_internet","Internet",-1.21386678389104,0.00642633391544223
2,20021,"P_internet","Internet",-0.0661931861490578,0.00188045355025679
2,20028,"P_internet","Internet",-0.283221188886229,0.00205373927019536
2,20036,"P_internet","Internet",0.498343760212049,-0.0079871779307723
2,20043,"P_internet","Internet",0.770346131520467,-0.0117475437000394
2,20052,"P_internet","Internet",-0.554710457099312,0.00645968364551663
2,20053,"P_internet","Internet",-0.0938899123680259,0.00329059176146984
2,20057,"P_internet","Internet",-0.267557022872704,0.00146380660589784
2,20059,"P_internet","Internet",0.170963336239475,-0.00119252770673484
2,20061,"P_internet","Internet",-0.817302424532712,0.00450120912864804
2,20066,"P_internet","Internet",-0.809310869191846,0.00728754233568907
2,20070,"P_internet","Internet",-0.350420279667256,0.00171057193074375
2,20071,"P_internet","Internet",-0.740927179996212,0.00710884016007185
2,20075,"P_internet","Internet",-1.1671023046515,0.00657073361799121
2,20076,"P_internet","Internet",0.459388605096021,-0.00842747557908297
2,20079,"P_internet","Internet",1.41526951388605,-0.00778271863237023
2,20080,"P_internet","Internet",-0.295034042735462,0.00143045664299279
2,20082,"P_internet","Internet",-1.02167753794652,0.00642633391544223
2,20085,"P_internet","Internet",-1.34423511065749,0.00885271560400724
2,20090,"P_internet","Internet",-0.467755244307248,0.00480699865147471
2,20113,"P_internet","Internet",-0.400605786425507,0.0014530336484313
2,20117,"P_internet","Internet",-1.39089348779485,0.00734676606953144
2,20122,"P_internet","Internet",-1.08426031062915,0.00731716863811016
2,20124,"P_internet","Internet",-0.459963987557566,0.00150113366544247
2,20125,"P_internet","Internet",-1.13662753592448,0.00697596045210958
2,20126,"P_internet","Internet",-1.37214768540787,0.00766434893012047
2,20130,"P_internet","Internet",-1.30298596663452,0.00629345420747995
2,20141,"P_internet","Internet",-0.975987640875176,0.00664971908554435
2,20143,"P_internet","Internet",-0.364126269054973,0.00126654154155403
2,20146,"P_internet","Internet",-0.634923230124683,0.00868548545986414
2,20148,"P_internet","Internet",-1.10091734610672,0.00740588130429387
2,20149,"P_internet","Internet",-0.909126653914125,0.0074153239838779
2,20153,"P_internet","Internet",-0.529731459150369,0.00749199837446213
2,20154,"P_internet","Internet",-0.710613700521931,0.00642633391544223
2,20159,"P_internet","Internet",-0.992996867715026,0.00766434893012047
2,20170,"P_internet","Internet",-0.723238186341651,0.00736730778589845
2,20185,"P_internet","Internet",-0.380057791924965,0.00135931896511465
2,20190,"P_internet","Internet",-0.244320588449079,0.00126674503553659
2,20198,"P_internet","Internet",-1.12699450740443,0.00662730587646365
2,20202,"P_internet","Internet",-0.200411626272505,0.00224629254080355
2,20203,"P_internet","Internet",-0.56669034798047,0.00782806053757668
2,20204,"P_internet","Internet",-0.45059331636665,0.00143045664299279
2,20207,"P_internet","Internet",-1.13250373173856,0.00740588130429387
2,20211,"P_internet","Internet",-1.45277322526818,0.0089208073914051
2,20213,"P_internet","Internet",-1.18777401504349,0.00692579057067633
2,20225,"P_internet","Internet",-1.22197052175692,0.00739481905475259
2,20229,"P_internet","Internet",-1.43767397745887,0.00702234590426087
2,20235,"P_internet","Internet",-0.67366184096241,0.00659004552289844
2,20253,"P_internet","Internet",-1.41244570691191,0.00695369066670537
2,20254,"P_internet","Internet",-0.000877078824562027,0.00225471146404743
2,20263,"P_internet","Internet",-0.804888145933617,0.00469376286491752
2,20265,"P_internet","Internet",-1.14940591935234,0.00695369066670537
2,20266,"P_internet","Internet",-0.194516468562742,0.00170058163348585
2,20272,"P_internet","Internet",-0.176630257057084,0.00247571407817304
2,20277,"P_internet","Internet",-1.00327672414925,0.00715738907456398
2,20279,"P_internet","Internet",0.965785838002532,-0.0120661379769444
2,20282,"P_internet","Internet",-0.831405868097206,0.00649442616850138
2,20285,"P_internet","Internet",-1.04052614657109,0.00673458259552717
2,20291,"P_internet","Internet",-1.17993434030109,0.00710884016007185
2,20300,"P_internet","Internet",-0.662465026867085,0.00699305022135377
2,20302,"P_internet","Internet",-1.35077815675833,0.00868548545986414
2,20306,"P_internet","Internet",-1.08234981064389,0.00889946613460779
2,20307,"P_internet","Internet",-0.298798840627704,0.00126674503553659
2,20308,"P_internet","Internet",0.0680274601926636,-0.00137185154017061
2,20316,"P_internet","Internet",0.205578173406991,-0.00212392723187804
2,20318,"P_internet","Internet",0.712365807659777,-0.0120377652347088
2,20319,"P_internet","Internet",-1.24678728508327,0.00662730587646365
2,20324,"P_internet","Internet",0.107907824607582,-0.00101130327675492
2,20327,"P_internet","Internet",-0.614437109024052,0.00642633391544223
2,20334,"P_internet","Internet",-0.32663725340409,0.00199717283248901
2,20344,"P_internet","Internet",-0.741891185191887,0.0064855576492846
2,20345,"P_internet","Internet",-0.923714695874845,0.00642633391544223
2,20353,"P_internet","Internet",0.234523763894314,-0.00101924198679626
2,20357,"P_internet","Internet",-1.38041652878485,0.00520086893811822
2,20364,"P_internet","Internet",-0.562234512936764,0.0077128978446126
2,20366,"P_internet","Internet",-1.21370734291407,0.007454430218786
2,20367,"P_internet","Internet",-0.800510941002835,0.0082765705883503
2,20386,"P_internet","Internet",-0.808543124304783,0.0077128978446126
2,20391,"P_internet","Internet",-1.23187264518243,0.00842701829969883
2,20398,"P_internet","Internet",-0.613404841202394,0.00659004552289844
2,20401,"P_internet","Internet",-0.0550301558578964,0.00259109702892601
2,20402,"P_internet","Internet",-0.769277685035151,0.00659004552289844
2,20407,"P_internet","Internet",-0.725808950632057,0.00730995554476976
2,20410,"P_internet","Internet",-0.763748222168316,0.00695369066670537
2,20412,"P_internet","Internet",-0.0662951770451058,0.00119456637185067
2,20413,"P_internet","Internet",1.05740122663871,-0.0042487159371376
2,20414,"P_internet","Internet",-0.370566938213636,0.00126674503553659
2,20415,"P_internet","Internet",-1.23872185749933,0.00710884016007185
2,20418,"P_internet","Internet",0.571882834026528,-0.00586355850100517
2,20421,"P_internet","Internet",0.20997564772275,-0.00192686601076275
2,20424,"P_internet","Internet",-1.08597310170725,0.00710884016007185
2,20427,"P_internet","Internet",-0.256216715398436,0.00172618438955396
2,20428,"P_internet","Internet",-1.29310123699349,0.00829413812607527
2,20439,"P_internet","Internet",-0.672768465603782,0.00766434893012047
2,20440,"P_internet","Internet",-0.877670522219968,0.00739859230816364
2,20441,"P_internet","Internet",-0.511795641671049,0.00781837850809097
2,20448,"P_internet","Internet",-1.20361964433315,0.0135061973705888
2,20449,"P_internet","Internet",0.662951969076311,-0.00788688939064741
2,20450,"P_internet","Internet",-1.16642054668693,0.00911118276417255
2,20453,"P_internet","Internet",-0.327239210495966,0.00113386532757431
2,20465,"P_internet","Internet",-1.36260761031053,0.0124611342325807
2,20466,"P_internet","Internet",-0.890240984019973,0.0077128978446126
2,20467,"P_internet","Internet",-0.536356070144901,0.00633135763928294
2,20470,"P_internet","Internet",0.211767670252702,-0.00250435527414083
2,20472,"P_internet","Internet",-0.0509983500203926,0.00146380660589784
2,20474,"P_internet","Internet",-1.02525145038945,0.00645716581493616
2,20477,"P_internet","Internet",-1.24355659558228,0.00659004552289844
2,20482,"P_internet","Internet",-0.187195737644362,0.0010785604827106
2,20485,"P_internet","Internet",-1.29557373582833,0.00697596045210958
2,20489,"P_internet","Internet",-0.294628057062696,0.0015749940648675
2,20495,"P_internet","Internet",-1.04101752354912,0.00730995554476976
2,20498,"P_internet","Internet",-0.980832690181732,0.0066017028875649
2,20505,"P_internet","Internet",0.0528991460606134,-0.00230338331311941
2,20507,"P_internet","Internet",-1.33337355294136,0.00629345420747995
2,20508,"P_internet","Internet",0.245033822573258,-0.00453492533415556
2,20509,"P_internet","Internet",-0.984189349304945,0.0091579332947731
2,20512,"P_internet","Internet",-1.42134186694267,0.00710884016007185
2,20513,"P_internet","Internet",-0.586417684817154,0.00721388636156917
2,20515,"P_internet","Internet",0.601694146135261,-0.00834935065358877
2,20516,"P_internet","Internet",-1.27024699911772,0.00740588130429387
2,20525,"P_internet","Internet",-0.624754752709988,0.00642633391544223
2,20526,"P_internet","Internet",-0.274649818291197,0.00180410267785192
2,20533,"P_internet","Internet",0.603707001410005,-0.00709023280069232
2,20534,"P_internet","Internet",-1.36062326405422,0.00721332803368568
2,20535,"P_internet","Internet",-1.40033248533572,0.00676207896322012
2,20543,"P_internet","Internet",-1.35713647227081,0.00766434893012047
2,20557,"P_internet","Internet",0.520251325364745,-0.00771209597587585
2,20563,"P_internet","Internet",-0.786348551639033,0.00659004552289844
2,21001,"P_internet","Internet",-0.258975444100669,0.00210345489904284
2,21002,"P_internet","Internet",-1.102376835616,0.00645716581493616
2,21004,"P_internet","Internet",-0.457772672616084,0.00190248305443674
2,21005,"P_internet","Internet",-1.38581645674034,0.00674321874976158
2,21006,"P_internet","Internet",-1.01362566264594,0.00833094958215952
2,21007,"P_internet","Internet",-1.28466106105012,0.00721332803368568
2,21008,"P_internet","Internet",0.0851179437961039,-0.000249510514549911
2,21011,"P_internet","Internet",0.0574714299382769,-0.00220130197703838
2,21012,"P_internet","Internet",-0.65175319373622,0.00741429999470711
2,21015,"P_internet","Internet",0.975284879908151,-0.00790201406925917
2,21016,"P_internet","Internet",-0.309380883839127,0.00161526817828417
2,21019,"P_internet","Internet",1.07432727994715,-0.0105581739917397
2,21022,"P_internet","Internet",-0.739150685136752,0.00727255176752806
2,21023,"P_internet","Internet",-0.992663657963688,0.00787660945206881
2,21025,"P_internet","Internet",-1.01268897495375,0.00673458259552717
2,21026,"P_internet","Internet",0.561376884309917,-0.00961439684033394
2,21031,"P_internet","Internet",-1.01319391829499,0.00659004552289844
2,21032,"P_internet","Internet",-0.557841167777556,0.00645716581493616
2,21039,"P_internet","Internet",-1.16892032600254,0.00673458259552717
2,21040,"P_internet","Internet",-0.811679129794695,0.00848829746246338
2,21043,"P_internet","Internet",-0.949589704527813,0.00869588647037745
2,21044,"P_internet","Internet",-0.336162523671734,0.00255338102579117
2,21045,"P_internet","Internet",-0.0895161090410104,0.00282142776995897
2,21046,"P_internet","Internet",0.26912220503998,-0.00342107703909278
2,21047,"P_internet","Internet",-0.111283327747008,0.00146380660589784
2,21048,"P_internet","Internet",0.316108325634445,-0.00300592929124832
2,21049,"P_internet","Internet",-1.43142905040276,0.0087439026683569
2,21050,"P_internet","Internet",-1.0881130428396,0.00916959997266531
2,21051,"P_internet","Internet",0.366456170903324,-0.00304107274860144
2,21053,"P_internet","Internet",-0.211671306650107,0.00275435298681259
2,21054,"P_internet","Internet",-0.643583799139857,0.00470042089000344
2,21056,"P_internet","Internet",-0.330048869015015,0.00126674503553659
2,21057,"P_internet","Internet",-0.574776338214295,0.00772254867479205
2,21058,"P_internet","Internet",-0.922686862927755,0.00911118276417255
2,21061,"P_internet","Internet",-1.19563178616086,0.0138863362371922
2,21062,"P_internet","Internet",-0.0624862121551451,0.00143045664299279
2,21063,"P_internet","Internet",-0.455234671760902,0.00256296014413238
2,21065,"P_internet","Internet",-0.768691746445445,0.00884919706732035
2,21067,"P_internet","Internet",-0.361199012875365,0.00286944350227714
2,21069,"P_internet","Internet",-0.227777551573726,0.00211296370252967
2,21070,"P_internet","Internet",-0.743593459570218,0.00450120912864804
2,21071,"P_internet","Internet",0.304475734907772,-0.00255932938307524
2,21072,"P_internet","Internet",-1.21514802801668,0.00807075295597315
2,21073,"P_internet","Internet",-0.453113727497342,0.00209099985659122
2,21074,"P_internet","Internet",0.955690833321963,-0.00314780883491039
2,21076,"P_internet","Internet",-0.781422781444889,0.0070415991358459
2,21077,"P_internet","Internet",-0.0713503018611128,0.0012521087191999
2,21078,"P_internet","Internet",-0.462690172717166,0.001416269922629
2,21079,"P_internet","Internet",-0.0945546173816259,0.00252486160025001
2,21081,"P_internet","Internet",-0.617842941796384,0.00642633391544223
2,21083,"P_internet","Internet",-1.08035704833519,0.00721332803368568
2,21085,"P_internet","Internet",0.612446068714738,-0.0112263197079301
2,21087,"P_internet","Internet",-1.11836446884887,0.00704961642622948
2,21089,"P_internet","Internet",-1.22355298047646,0.00770985288545489
2,21092,"P_internet","Internet",-0.780484461050214,0.00659004552289844
2,21093,"P_internet","Internet",-1.07889867814651,0.00787356495857239
2,21094,"P_internet","Internet",-0.00232521065710154,0.0034371514339
2,21096,"P_internet","Internet",0.518061127275687,-0.0120433755218983
2,21098,"P_internet","Internet",-0.297962621636324,0.00161154929082841
2,21099,"P_internet","Internet",-0.818166219289192,0.0080290324985981
2,21101,"P_internet","Internet",-1.11635389967175,0.0114815859124064
2,21103,"P_internet","Internet",-0.0336232737957545,0.00286944350227714
2,21104,"P_internet","Internet",0.139516017638454,-0.00128721783403307
2,21106,"P_internet","Internet",1.07968825292029,-0.0153502952307463
2,21107,"P_internet","Internet",-1.26755076989224,0.0081299776211381
2,21108,"P_internet","Internet",-0.0805418666093767,0.0024993154220283
2,21109,"P_internet","Internet",-0.983364380680481,0.00710884016007185
2,21110,"P_internet","Internet",-0.748635482826599,0.00787660945206881
2,21114,"P_internet","Internet",2.06414825239076,-0.00576371233910322
2,21115,"P_internet","Internet",-0.73958047642638,0.00807758141309023
2,21116,"P_internet","Internet",-0.795941608285695,0.00927489437162876
2,21119,"P_internet","Internet",2.59977980204995,0.00167219620198011
2,21121,"P_internet","Internet",-0.863727483008815,0.00659004552289844
2,21123,"P_internet","Internet",-0.986408397582518,0.00708657037466764
2,21126,"P_internet","Internet",-0.359026149839276,0.00206343526951969
2,21128,"P_internet","Internet",-0.459729518106381,0.00280236871913075
2,21130,"P_internet","Internet",-0.484789837608696,0.00649506924673915
2,21132,"P_internet","Internet",0.96745829674046,-0.0133129684254527
2,21134,"P_internet","Internet",-0.154350451330201,0.00275435298681259
2,21137,"P_internet","Internet",-0.554196307831314,0.0086892694234848
2,21138,"P_internet","Internet",-0.168769239943612,0.00231393566355109
2,21142,"P_internet","Internet",-0.117584836869257,0.00282142776995897
2,21143,"P_internet","Internet",0.403291546849958,-0.00284205144271255
2,21144,"P_internet","Internet",0.27054098289437,-0.00472210254520178
2,21149,"P_internet","Internet",-0.140314844069318,-0.00204179296270013
2,21150,"P_internet","Internet",-1.33962371731172,0.00642633391544223
2,21152,"P_internet","Internet",-0.594963344807464,0.0074731488712132
2,21153,"P_internet","Internet",-0.225200504637842,0.00338760297745466
2,21154,"P_internet","Internet",0.404503553305469,-0.00348815135657787
2,21158,"P_internet","Internet",-1.18830386110855,0.00642633391544223
2,21159,"P_internet","Internet",-1.00896030653624,-0.00194321700837463
2,21160,"P_internet","Internet",-0.712196373524556,0.00645716581493616
2,21161,"P_internet","Internet",0.214492053639332,-0.000521229114383459
2,21162,"P_internet","Internet",-1.33240013325753,0.00770985288545489
2,21164,"P_internet","Internet",0.0769326210106001,-0.00128721783403307
2,21166,"P_internet","Internet",0.0305654380402713,-0.00113596126902848
2,21167,"P_internet","Internet",-0.883177215545495,0.00862799026072025
2,21170,"P_internet","Internet",-0.113571546324551,0.00245129968971014
2,21172,"P_internet","Internet",-0.60639212483194,0.00659004552289844
2,21174,"P_internet","Internet",0.612069807247445,-0.00697452155873179
2,21175,"P_internet","Internet",0.0495256425478258,-0.000789174227975309
2,21176,"P_internet","Internet",0.323278477808252,-0.0030513727106154
2,21177,"P_internet","Internet",-0.605707162774273,0.00787660945206881
2,21179,"P_internet","Internet",-0.790359620819802,0.0080290324985981
2,21180,"P_internet","Internet",-0.469058450654246,0.00850176531821489
2,21182,"P_internet","Internet",0.330102139279129,-0.00478052021935582
2,21183,"P_internet","Internet",-1.30416349118298,0.0087439026683569
2,21184,"P_internet","Internet",-0.440040996799749,0.00181784888263792
2,21185,"P_internet","Internet",-0.546494978737408,0.00768506806343794
2,21186,"P_internet","Internet",-0.538775115278389,0.00846404861658812
2,21188,"P_internet","Internet",-0.851693917019146,0.00782859325408936
2,21192,"P_internet","Internet",-0.194684820462614,0.00088631734251976
2,21193,"P_internet","Internet",-1.12502179649535,0.00704948464408517
2,21195,"P_internet","Internet",-1.17444198262627,0.0077128978446126
2,21197,"P_internet","Internet",-0.0984714923171967,0.00153448351193219
2,21198,"P_internet","Internet",-1.13616234776146,0.00709816534072161
2,21199,"P_internet","Internet",-0.402668005904253,0.00154914963059127
2,21201,"P_internet","Internet",-0.522853495989285,0.0071183517575264
2,21202,"P_internet","Internet",-0.827884044787467,0.00863746926188469
2,21203,"P_internet","Internet",-0.617385850168347,0.0080290324985981
2,21204,"P_internet","Internet",-0.621448607010044,0.00888592191040516
2,21205,"P_internet","Internet",-0.547896458561562,0.00765570998191833
2,21206,"P_internet","Internet",-0.424521742808954,0.00143045664299279
2,21207,"P_internet","Internet",-0.558944720065482,0.00769823137670755
2,21208,"P_internet","Internet",-0.00859493351987949,0.00265380553901196
2,21212,"P_internet","Internet",-0.961717584245136,0.00848829746246338
2,21213,"P_internet","Internet",-1.29236391862191,0.00818839482963085
2,21216,"P_internet","Internet",-1.2359784399968,0.0114815859124064
2,22001,"P_internet","Internet",-0.894322641527454,0.00807758141309023
2,22016,"P_internet","Internet",1.38486132801877,-0.00822431687265635
2,23001,"P_internet","Internet",2.43032319320967,-0.00460763648152351
2,23002,"P_internet","Internet",0.0517361666778601,-0.00132931966800243
2,23003,"P_internet","Internet",1.40702970541858,-0.0104193706065416
2,23004,"P_internet","Internet",1.72024301009282,-0.00464448612183332
2,23005,"P_internet","Internet",1.94951728058712,0.000179103575646877
2,23006,"P_internet","Internet",-0.4204948671653,0.00245821732096374
2,23007,"P_internet","Internet",-0.363598467373969,0.00183493446093053
2,23008,"P_internet","Internet",1.52262800604955,-0.000397237308789045
2,23009,"P_internet","Internet",1.00645378980617,-0.00624857237562537
2,23010,"P_internet","Internet",-0.481505709215453,0.00689954776316881
2,23011,"P_internet","Internet",1.42401057424787,-0.00458426214754581
2,24001,"P_internet","Internet",-0.564283074953948,0.00748382369056344
2,24025,"P_internet","Internet",-0.161101075925481,0.0025100321508944
2,24033,"P_internet","Internet",-0.51439461896631,0.00650536920875311
2,24044,"P_internet","Internet",-0.506738445825836,0.00718644401058555
2,24046,"P_internet","Internet",-0.793024932193264,0.0079913167282939
2,24049,"P_internet","Internet",-0.289461432117948,0.00237228814512491
2,25001,"P_internet","Internet",1.54507119926447,-0.00551854772493243
2,25002,"P_internet","Internet",0.430586654395718,-0.00625570677220821
2,25003,"P_internet","Internet",-0.942727426103358,0.00645716581493616
2,25004,"P_internet","Internet",0.572701959734601,-0.00609984062612057
2,25006,"P_internet","Internet",1.98955029870247,-0.00551854772493243
2,25007,"P_internet","Internet",-0.0254281360595407,0.00142117438372225
2,25009,"P_internet","Internet",0.954485254798108,-0.00622974429279566
2,25010,"P_internet","Internet",-0.111027096221594,0.00143025314901024
2,25011,"P_internet","Internet",0.764181917835205,-0.00680582132190466
2,25012,"P_internet","Internet",2.02351135873286,-0.00452469987794757
2,25013,"P_internet","Internet",-0.179738522423403,0.000948044995311648
2,25014,"P_internet","Internet",0.384312059108387,-0.00377143849618733
2,25015,"P_internet","Internet",1.4058909529265,-0.00728298211470246
2,25016,"P_internet","Internet",-0.995239414096402,0.0061708614230156
2,25017,"P_internet","Internet",-0.430732342051119,0.00149854889605194
2,25018,"P_internet","Internet",0.149549912372728,-0.00258197844959795
2,26001,"P_internet","Internet",0.277173557142046,-0.00199768878519535
2,26002,"P_internet","Internet",2.3676514906339,-0.00580234499648213
2,26003,"P_internet","Internet",-0.415993665250778,0.00101127312518656
2,26004,"P_internet","Internet",1.17252395624968,-0.00977751147001982
2,26006,"P_internet","Internet",-0.67857540599581,0.0060745095834136
2,26007,"P_internet","Internet",-0.498469030391543,0.000976906856521964
2,26008,"P_internet","Internet",1.34321343834272,-0.00649159867316484
2,26010,"P_internet","Internet",0.239566468705539,-0.00182400469202548
2,26011,"P_internet","Internet",-0.923805241698062,0.00618555909022689
2,26013,"P_internet","Internet",2.2033352222813,-0.00348328799009323
2,26014,"P_internet","Internet",0.994919006406795,-0.0063784378580749
2,26015,"P_internet","Internet",-0.0189249282136868,0.00129604432731867
2,26016,"P_internet","Internet",1.13648903365218,-0.00818817596882582
2,26017,"P_internet","Internet",1.6766260994961,-0.00580234499648213
2,26019,"P_internet","Internet",2.67491284584896,-0.00541847059503198
2,26020,"P_internet","Internet",0.11659614664821,-0.00196243124082685
2,26021,"P_internet","Internet",-0.854243958115628,0.000350548187270761
2,26022,"P_internet","Internet",-0.493527556949403,0.00590215902775526
2,26023,"P_internet","Internet",0.682410354274287,-0.0057541630230844
2,26024,"P_internet","Internet",1.53334116638927,-0.00780019536614418
2,26025,"P_internet","Internet",1.29184349416265,-0.00939212087541819
2,26026,"P_internet","Internet",-0.247345039959003,0.0012516105780378
2,26027,"P_internet","Internet",1.1982278867834,-0.00803395267575979
2,26028,"P_internet","Internet",-0.673481598595017,0.00618938682600856
2,26029,"P_internet","Internet",1.83052542639002,-0.0040459418669343
2,26030,"P_internet","Internet",2.43248993795877,-0.00433433568105102
2,26031,"P_internet","Internet",0.338700414742476,-0.00338772311806679
2,26032,"P_internet","Internet",1.38154854346979,-0.00292207696475089
2,26033,"P_internet","Internet",0.204328581585852,-0.00238191662356257
2,26034,"P_internet","Internet",1.91502526913872,-0.00312596745789051
2,26035,"P_internet","Internet",1.26003195545753,-0.00906755216419697
2,26036,"P_internet","Internet",1.93946151046661,-0.00551854772493243
2,26038,"P_internet","Internet",1.39331254189711,-0.00636650854721665
2,26039,"P_internet","Internet",1.12580391466646,-0.0103988759219646
2,26040,"P_internet","Internet",-0.598920834802255,0.00665660528466105
2,26041,"P_internet","Internet",2.52233409681678,-0.00336862402036786
2,26042,"P_internet","Internet",1.07339776871896,-0.00967425387352705
2,26043,"P_internet","Internet",2.45945934811434,-0.00541847059503198
2,26045,"P_internet","Internet",0.379886334204089,-0.00336487451568246
2,26046,"P_internet","Internet",0.0917376363767462,0.00065346178598702
2,26047,"P_internet","Internet",1.23058427108918,-0.00902533065527678
2,26048,"P_internet","Internet",2.44332331615879,-0.00474634626880288
2,26050,"P_internet","Internet",-0.0353865453693324,0.00398449553176761
2,26053,"P_internet","Internet",-0.36887189280426,0.00208877865225077
2,26055,"P_internet","Internet",2.16749947861781,-0.00465605920180678
2,26056,"P_internet","Internet",-0.24543040655397,-0.00221193325705826
2,26058,"P_internet","Internet",1.76025249521325,-0.00474487477913499
2,26059,"P_internet","Internet",-0.0555421033952244,0.0014406715054065
2,26060,"P_internet","Internet",-1.1155014740354,0.00660014804452658
2,26063,"P_internet","Internet",1.35607721498308,-0.0038802232593298
2,26064,"P_internet","Internet",-0.761990833843469,0.00612305849790573
2,26065,"P_internet","Internet",-1.19235254942417,0.0060315104201436
2,26066,"P_internet","Internet",0.679876037180967,-0.0025903198402375
2,26067,"P_internet","Internet",0.369941826369321,-0.00396379083395004
2,26070,"P_internet","Internet",1.17325460491994,-0.0105885630473495
2,26071,"P_internet","Internet",0.301099649900833,-0.00249438965693116
2,26072,"P_internet","Internet",-0.345591586442873,0.00069457374047488
2,27001,"P_internet","Internet",-0.371752760061261,0.00154660188127309
2,27002,"P_internet","Internet",0.0587154346925439,-0.00312054436653852
2,27003,"P_internet","Internet",-0.463116986481597,0.00281419488601387
2,27004,"P_internet","Internet",1.5449000942196,-0.00568633805960417
2,27005,"P_internet","Internet",-0.177682223216121,0.00125553563702852
2,27006,"P_internet","Internet",-0.390744136026551,0.00187549798283726
2,27007,"P_internet","Internet",0.226360122406169,-0.00146273791324347
2,27008,"P_internet","Internet",-0.426573318252167,0.00129055057186633
2,27009,"P_internet","Internet",-0.412670649525822,0.00151395343709737
2,27010,"P_internet","Internet",-0.191795943954528,0.00228750891983509
2,27011,"P_internet","Internet",-1.05563845106399,0.00732035702094436
2,27012,"P_internet","Internet",-0.376810600999537,0.00170148664619774
2,27013,"P_internet","Internet",0.944440647031392,-0.0075555182993412
2,27014,"P_internet","Internet",0.549434796443177,-0.00689147179946303
2,27015,"P_internet","Internet",-0.560507929768982,0.00820987299084663
2,27016,"P_internet","Internet",0.367901353819142,-0.00455256924033165
2,27017,"P_internet","Internet",-0.056981513008607,0.00176422309596092
2,28001,"P_internet","Internet",-0.243383107797287,0.00130691064987332
2,28002,"P_internet","Internet",-0.273965662319383,0.00141167000401765
2,28003,"P_internet","Internet",1.42611427208864,-0.00995094329118729
2,28005,"P_internet","Internet",-1.10747126886926,0.00666241021826863
2,28007,"P_internet","Internet",-0.0192917993697912,0.000641635910142213
2,28010,"P_internet","Internet",-1.28894941450863,0.00692369975149632
2,28014,"P_internet","Internet",0.446997175693202,-0.00410902965813875
2,28015,"P_internet","Internet",1.44361819864065,-0.00860738661140203
2,28016,"P_internet","Internet",0.0817653239090793,-0.00189212372060865
2,28018,"P_internet","Internet",-0.176627967818138,0.00144562066998333
2,28020,"P_internet","Internet",0.57100674940578,-0.00692904088646173
2,28022,"P_internet","Internet",1.67210342607971,-0.00591533491387963
2,28023,"P_internet","Internet",-0.971470011525577,0.00658984808251262
2,28024,"P_internet","Internet",0.546116220080392,-0.00409618020057678
2,28025,"P_internet","Internet",1.796466812021,-0.00276776496320963
2,28027,"P_internet","Internet",1.7706530541129,-0.00560883479192853
2,28030,"P_internet","Internet",-0.259638218322685,0.00214363168925047
2,28032,"P_internet","Internet",1.45569358124549,-0.00803395267575979
2,28033,"P_internet","Internet",1.16089961766565,-0.00985080376267433
2,28034,"P_internet","Internet",-1.17921297418343,0.00767927337437868
2,28035,"P_internet","Internet",0.224680528938968,-0.0012470408109948
2,28036,"P_internet","Internet",-1.40488325390128,0.00747830141335726
2,28037,"P_internet","Internet",0.65004053800904,-0.00872492231428623
2,28038,"P_internet","Internet",2.49382746523293,-0.00261399568989873
2,28040,"P_internet","Internet",1.31322851822803,-0.00728298211470246
2,28042,"P_internet","Internet",-0.363034959511474,0.00138115452136844
2,29003,"P_internet","Internet",-0.65681234673769,0.00813549943268299
2,29004,"P_internet","Internet",-1.11412544924693,0.00900215283036232
2,29006,"P_internet","Internet",0.440189381267863,-0.0136724570766091
2,29007,"P_internet","Internet",-0.563331470129788,0.00888645742088556
2,29008,"P_internet","Internet",-0.774674407943922,0.00905016902834177
2,29010,"P_internet","Internet",0.95382274141807,-0.00848313048481941
2,29012,"P_internet","Internet",-0.80421389354269,0.0083770751953125
2,29013,"P_internet","Internet",0.101110826235358,-0.00142935861367732
2,29014,"P_internet","Internet",0.188842050080894,7.16931826900691e-05
2,29015,"P_internet","Internet",0.149443211736372,0.000844216207042336
2,29020,"P_internet","Internet",0.168467927793989,-0.000259810243733227
2,29021,"P_internet","Internet",0.22694800412837,8.46522743813694e-06
2,29023,"P_internet","Internet",0.353364190628744,-0.00357093615457416
2,29025,"P_internet","Internet",0.524166491645125,-0.0131538305431604
2,29026,"P_internet","Internet",0.85436448802625,-0.0123143848031759
2,29030,"P_internet","Internet",-0.922975898276828,0.00858978554606438
2,29031,"P_internet","Internet",0.282460438091722,-0.0034428290091455
2,29033,"P_internet","Internet",2.11203522693578,-0.00551854772493243
2,29034,"P_internet","Internet",-0.653788580709264,0.00798101630061865
2,29037,"P_internet","Internet",-0.263621306171151,0.00417167227715254
2,29039,"P_internet","Internet",0.329041163133334,-0.00327798421494663
2,29040,"P_internet","Internet",-0.352350607345076,0.00248306756839156
2,29045,"P_internet","Internet",0.400623965870817,-0.00412590196356177
2,29046,"P_internet","Internet",-0.27629651762171,0.00259013078175485
2,29050,"P_internet","Internet",0.49590439632994,-0.0115609969943762
2,29052,"P_internet","Internet",-0.402078560252087,0.00277789682149887
2,30003,"P_internet","Internet",0.206225762699264,-0.00209057750180364
2,30004,"P_internet","Internet",0.297327308907363,0.000135620604851283
2,30005,"P_internet","Internet",-0.557414369719738,0.00716496258974075
2,30006,"P_internet","Internet",-0.565054129448898,0.00791386980563402
2,30007,"P_internet","Internet",-0.491145778000715,0.00670634116977453
2,30008,"P_internet","Internet",-0.413427246643813,0.0021689182613045
2,30009,"P_internet","Internet",0.494283939385213,-0.0064169317483902
2,30010,"P_internet","Internet",-0.17620182326764,0.00256317760795355
2,30011,"P_internet","Internet",1.02308154310725,-0.00593400374054909
2,30014,"P_internet","Internet",0.769272490795477,-0.0116684986278415
2,30015,"P_internet","Internet",0.0770677405206399,-0.00180160591844469
2,30016,"P_internet","Internet",1.18519881710618,-0.0087859183549881
2,30017,"P_internet","Internet",-0.22932934369097,0.00144562066998333
2,30020,"P_internet","Internet",-0.794300848298961,0.00401533348485827
2,30021,"P_internet","Internet",0.104603472827303,-0.00175924401264638
2,30022,"P_internet","Internet",-0.147231527959822,0.00175012170802802
2,30023,"P_internet","Internet",-0.509236877233509,0.00633135763928294
2,30024,"P_internet","Internet",-0.498242161819488,0.00747481407597661
2,30025,"P_internet","Internet",-0.717787867418389,0.00842701829969883
2,30028,"P_internet","Internet",2.56426013996337,-0.00299787009134889
2,30031,"P_internet","Internet",-0.960986297774169,0.00715676182880998
2,30032,"P_internet","Internet",0.335655209747302,-0.0032150843180716
2,30037,"P_internet","Internet",-1.29016913728688,0.00837900210171938
2,30038,"P_internet","Internet",1.72274820375864,-0.00830530840903521
2,30039,"P_internet","Internet",1.71298683167389,-0.00423630606383085
2,30042,"P_internet","Internet",-0.12095059533864,0.00126674503553659
2,30043,"P_internet","Internet",-0.79083641246807,0.00762489438056946
2,30044,"P_internet","Internet",1.66211459586393,-0.00381692522205412
2,30046,"P_internet","Internet",-0.590000966984393,0.00725028198212385
2,30047,"P_internet","Internet",-0.480129513673651,0.00755041604861617
2,30048,"P_internet","Internet",0.954163622616108,-0.0128652779385448
2,30049,"P_internet","Internet",-0.184295207389863,0.00143045664299279
2,30050,"P_internet","Internet",-0.0900981933399056,0.00150959985330701
2,30052,"P_internet","Internet",-0.448847410137367,0.00163142860401422
2,30053,"P_internet","Internet",0.66845241565719,-0.00946851260960102
2,30057,"P_internet","Internet",-0.883860778592642,0.00753146922215819
2,30059,"P_internet","Internet",-0.378017400712607,0.00133631436619908
2,30061,"P_internet","Internet",0.377745877277762,-0.00282049784436822
2,30065,"P_internet","Internet",1.61661595048647,-0.0101633695885539
2,30066,"P_internet","Internet",-0.656120523133639,0.00708657037466764
2,30067,"P_internet","Internet",-1.2121698199749,0.0143120335415006
2,30068,"P_internet","Internet",1.79426263953335,-0.00375369726680219
2,30070,"P_internet","Internet",0.0901986154192908,-0.00225680693984032
2,30071,"P_internet","Internet",0.0827066700706928,-0.00143752445001155
2,30073,"P_internet","Internet",-0.223880422656326,0.00108728930354118
2,30075,"P_internet","Internet",-0.177682513788474,0.00146771699655801
2,30077,"P_internet","Internet",0.0302774241820396,0.00163142860401422
2,30079,"P_internet","Internet",-0.864726744503688,0.00765328668057919
2,30080,"P_internet","Internet",-0.230873714433241,0.00243778713047504
2,30082,"P_internet","Internet",0.0738037412747529,-0.00246582925319672
2,30084,"P_internet","Internet",-0.7625164870841,0.00688133807852864
2,30087,"P_internet","Internet",2.34652578612638,-0.00339190382510424
2,30089,"P_internet","Internet",0.300036303739222,-0.00376313365995884
2,30090,"P_internet","Internet",0.0523527679432081,-0.00175924401264638
2,30091,"P_internet","Internet",0.124396582791698,-0.00196021609008312
2,30092,"P_internet","Internet",0.392998826755209,-0.00464763911440969
2,30093,"P_internet","Internet",0.480381607790112,-0.0116287404671311
2,30094,"P_internet","Internet",-0.338380907279072,0.00143045664299279
2,30095,"P_internet","Internet",-0.280919641003162,0.00113386532757431
2,30097,"P_internet","Internet",0.72220836218218,-0.00438108434900641
2,30099,"P_internet","Internet",-0.403988952310472,0.00262835738249123
2,30100,"P_internet","Internet",0.022811933258513,0.00163142860401422
2,30101,"P_internet","Internet",0.379970661891133,-0.00268163671717048
2,30102,"P_internet","Internet",0.960107318249802,-0.0116075845435262
2,30104,"P_internet","Internet",-0.960714965461585,0.00699305022135377
2,30105,"P_internet","Internet",1.26626875220945,-0.0140626011416316
2,30107,"P_internet","Internet",-0.761810917949262,0.00832458678632975
2,30108,"P_internet","Internet",1.37910738230231,-0.00873299036175013
2,30109,"P_internet","Internet",0.480668568183325,-0.00686587393283844
2,30110,"P_internet","Internet",-1.45435942939804,0.00868548545986414
2,30111,"P_internet","Internet",0.030157472773228,0.00163142860401422
2,30112,"P_internet","Internet",0.324722306589588,-0.00291588203981519
2,30114,"P_internet","Internet",-0.107357252662464,0.00160959863569587
2,30115,"P_internet","Internet",0.483408604332405,-0.00694324821233749
2,30116,"P_internet","Internet",-0.0632830288622621,0.00154911994468421
2,30117,"P_internet","Internet",-0.493169007493807,0.00669604120776057
2,30118,"P_internet","Internet",2.21049851290872,-0.00299787009134889
2,30122,"P_internet","Internet",-1.10686371999853,0.00765328668057919
2,30125,"P_internet","Internet",-0.296190963852932,0.00214922055602074
2,30126,"P_internet","Internet",0.369164126293927,-0.0030513727106154
2,30127,"P_internet","Internet",-1.15572443980303,0.00868548545986414
2,30128,"P_internet","Internet",0.816889186492926,-0.0137912416830659
2,30130,"P_internet","Internet",0.332914189691064,-0.00325234467163682
2,30132,"P_internet","Internet",-0.437315267131946,0.00191383308265358
2,30133,"P_internet","Internet",0.930447852633746,-0.0117729576304555
2,30134,"P_internet","Internet",0.672274080466226,-0.00857408158481121
2,30136,"P_internet","Internet",0.618421919152375,-0.0155482636764646
2,30138,"P_internet","Internet",1.61928538204128,-0.00829101540148258
2,30139,"P_internet","Internet",-0.0503468750240806,0.000377868767827749
2,30140,"P_internet","Internet",-0.465131092675933,-0.00649434560909867
2,30141,"P_internet","Internet",0.00723165570779796,0.00108728930354118
2,30142,"P_internet","Internet",-0.565857115489495,0.00648518279194832
2,30143,"P_internet","Internet",-0.563232145992366,0.00729784229770303
2,30144,"P_internet","Internet",-0.45185103916513,0.00126674503553659
2,30145,"P_internet","Internet",0.0920618450043438,-0.00237498385831714
2,30147,"P_internet","Internet",-0.979464570756313,0.0140500478446484
2,30148,"P_internet","Internet",-0.0128596611461681,0.00163142860401422
2,30149,"P_internet","Internet",-0.46048670983189,0.000925866945181042
2,30156,"P_internet","Internet",0.249446333727831,-0.00484027341008186
2,30159,"P_internet","Internet",-0.189571792093309,0.00134628848172724
2,30162,"P_internet","Internet",-0.402510298039913,0.00242835190147161
2,30163,"P_internet","Internet",-0.747891565433467,0.00704961642622948
2,30164,"P_internet","Internet",0.444673209423833,-0.00686587393283844
2,30165,"P_internet","Internet",0.175477963382055,-0.00100839068181813
2,30166,"P_internet","Internet",-0.465185412877506,0.00114416505675763
2,30168,"P_internet","Internet",-1.12248251599991,0.0138863362371922
2,30172,"P_internet","Internet",-0.700311459975478,0.00642633391544223
2,30173,"P_internet","Internet",-0.676530023445998,0.00662730587646365
2,30174,"P_internet","Internet",0.594036974502916,-0.00686587393283844
2,30177,"P_internet","Internet",-0.535071018960486,0.00750166410580277
2,30178,"P_internet","Internet",0.268196217702762,-3.83907026844099e-05
2,30179,"P_internet","Internet",-0.821746535150244,0.00665813777595758
2,30181,"P_internet","Internet",0.118581254507005,-0.00175924401264638
2,30182,"P_internet","Internet",0.892865652448545,-0.00844270922243595
2,30183,"P_internet","Internet",0.439839405379544,-0.0116390399634838
2,30184,"P_internet","Internet",-1.21869441383377,0.0077128978446126
2,30186,"P_internet","Internet",0.698070061292373,-0.00939113833010197
2,30187,"P_internet","Internet",-0.757907152426624,0.0077128978446126
2,30188,"P_internet","Internet",-0.0706264653735932,0.00155752117279917
2,30191,"P_internet","Internet",1.47592935631324,-0.00641659926623106
2,30192,"P_internet","Internet",0.212686498178827,-0.00175924401264638
2,30193,"P_internet","Internet",2.01509061961175,-0.00219719554297626
2,30194,"P_internet","Internet",-0.0947863993190168,0.00248901569284499
2,30195,"P_internet","Internet",-1.41045900724391,0.00855260528624058
2,30196,"P_internet","Internet",1.07254291719613,-0.0117672476917505
2,30197,"P_internet","Internet",-0.385501779961006,0.00126674503553659
2,30200,"P_internet","Internet",-0.100216119018414,0.00156634394079447
2,30201,"P_internet","Internet",-0.659110140740084,0.00699305022135377
2,30204,"P_internet","Internet",0.938480645688877,-0.00896480865776539
2,30209,"P_internet","Internet",-1.07877344611808,0.00765328668057919
2,30210,"P_internet","Internet",-0.521452250081485,0.00717802532017231
2,30211,"P_internet","Internet",0.378228237481536,-0.0030513727106154
2,31001,"P_internet","Internet",-0.461878770736379,0.00146190181840211
2,31002,"P_internet","Internet",0.279591721583267,-0.00478051882237196
2,31003,"P_internet","Internet",0.121649806822489,-0.0012773914495483
2,31005,"P_internet","Internet",0.254828418072635,-0.00446768943220377
2,31006,"P_internet","Internet",-0.0440410415345101,0.00133483728859574
2,31007,"P_internet","Internet",-0.119212242307694,0.00146190181840211
2,31008,"P_internet","Internet",0.122893235480604,-0.00263723498210311
2,31009,"P_internet","Internet",0.155608886697658,-0.00197952776215971
2,31010,"P_internet","Internet",-1.04320127424154,0.0123243369162083
2,31011,"P_internet","Internet",-0.00387684514725738,0.00162320700474083
2,31012,"P_internet","Internet",0.0641543842712908,-0.00225680693984032
2,31013,"P_internet","Internet",1.81109733476227,-0.00576371233910322
2,31014,"P_internet","Internet",0.686885263878428,-0.0103903971612453
2,31015,"P_internet","Internet",0.18876096693148,0.00344962859526277
2,31016,"P_internet","Internet",-0.292763218110689,-0.00195707543753088
2,31017,"P_internet","Internet",-1.15728244175438,0.00814369041472673
2,31018,"P_internet","Internet",0.116269978620553,-0.00237876735627651
2,31019,"P_internet","Internet",-0.0333495338836713,0.00121340877376497
2,31020,"P_internet","Internet",0.61627925095922,-0.0126301338896155
2,31021,"P_internet","Internet",0.351732015989248,-0.0050771115347743
2,31022,"P_internet","Internet",-1.47084912263053,0.00855260528624058
2,31023,"P_internet","Internet",-0.423830917135824,0.00137658847961575
2,31024,"P_internet","Internet",-0.321197060198108,0.000569602125324309
2,31025,"P_internet","Internet",0.231128457357912,-0.000770217040553689
2,31026,"P_internet","Internet",0.425863157338479,-0.00456946436315775
2,31027,"P_internet","Internet",0.489774540301192,-0.00720219034701586
2,31028,"P_internet","Internet",0.903328200864855,-0.00805485155433416
2,31029,"P_internet","Internet",0.102648881236071,-0.00243626302108169
2,31030,"P_internet","Internet",0.341692122450443,-0.00367089593783021
2,31031,"P_internet","Internet",-0.896027745340052,0.00715466262772679
2,31032,"P_internet","Internet",0.46987631101987,-0.0112409293651581
2,31033,"P_internet","Internet",-0.483715328532349,0.00747364014387131
2,31034,"P_internet","Internet",-0.255433336821239,0.00183615938294679
2,31035,"P_internet","Internet",-0.655576989596165,0.0074131297878921
2,31036,"P_internet","Internet",-0.278147596458216,0.00152112601790577
2,31037,"P_internet","Internet",-0.297299804782071,0.00101190491113812
2,31038,"P_internet","Internet",-0.0444785498200183,0.0021444084122777
2,31040,"P_internet","Internet",-0.0320944980380342,0.00121287687215954
2,31041,"P_internet","Internet",1.07491704421919,-0.0046027097851038
2,31042,"P_internet","Internet",-0.451233670519513,0.00088631734251976
2,31044,"P_internet","Internet",-0.359141499771225,0.00152112601790577
2,31045,"P_internet","Internet",0.723144476919531,-0.0117713613435626
2,31046,"P_internet","Internet",-0.0867239359096606,0.00176806712988764
2,31047,"P_internet","Internet",0.00842401262862204,0.00248385686427355
2,31048,"P_internet","Internet",-0.479732903727361,0.00809692312031984
2,31049,"P_internet","Internet",-1.00443484390573,0.003882453776896
2,31050,"P_internet","Internet",2.49837399867839,-0.00300802942365408
2,31052,"P_internet","Internet",0.0733897873002868,-0.00166448799427599
2,31053,"P_internet","Internet",0.163379874062364,-0.00117408519145101
2,31054,"P_internet","Internet",0.443460617336012,-0.0116691831499338
2,31055,"P_internet","Internet",-0.160723971349602,-0.00118893757462502
2,31056,"P_internet","Internet",0.892249766956021,-0.0137912416830659
2,31057,"P_internet","Internet",1.55706535960418,-0.00694734090939164
2,31058,"P_internet","Internet",-0.263635481950964,0.00224648974835873
2,31059,"P_internet","Internet",1.99578051943179,-0.0040207770653069
2,31060,"P_internet","Internet",0.591106449103857,-0.00820955447852612
2,31061,"P_internet","Internet",1.71045406616963,-0.00548298517242074
2,31062,"P_internet","Internet",0.145399388656538,-0.00186954659875482
2,31063,"P_internet","Internet",-0.0380730617931874,0.0021444084122777
2,31065,"P_internet","Internet",2.12734578995512,-0.00701481569558382
2,31066,"P_internet","Internet",1.45100231415956,-0.0139469299465418
2,31067,"P_internet","Internet",-0.323311288201461,0.00146190181840211
2,31068,"P_internet","Internet",-0.291842566534524,0.00144588702823967
2,31069,"P_internet","Internet",-0.741760742326075,0.00727138202637434
2,31070,"P_internet","Internet",0.493032986137236,-0.00730946846306324
2,31071,"P_internet","Internet",-1.09862757010624,0.00727138202637434
2,31072,"P_internet","Internet",-0.378990047350568,-0.00242528039962053
2,31073,"P_internet","Internet",-0.222057708281307,0.00127182633150369
2,31074,"P_internet","Internet",-0.109847135745631,0.00106545933522284
2,31075,"P_internet","Internet",-0.129063126383911,0.001416269922629
2,31076,"P_internet","Internet",-0.550615755810106,0.00828543864190578
2,31077,"P_internet","Internet",-0.986592465520057,0.0118081448599696
2,31078,"P_internet","Internet",-0.195496047987799,0.00095440965378657
2,31079,"P_internet","Internet",-0.0559218449993532,0.00186581711750478
2,31080,"P_internet","Internet",0.335403888221521,0.000972091103903949
2,31081,"P_internet","Internet",-0.349172830676985,0.00182729121297598
2,31082,"P_internet","Internet",0.373523963075662,0.000128022089484148
2,31083,"P_internet","Internet",0.293450601953473,-0.00371452746912837
2,31084,"P_internet","Internet",-0.773857653934517,0.0074131297878921
2,31085,"P_internet","Internet",1.0390142164867,-0.0142499832436442
2,31086,"P_internet","Internet",-1.08853345946856,0.00649442616850138
2,31087,"P_internet","Internet",-0.770899900559662,0.00706114247441292
2,31088,"P_internet","Internet",-0.945755812680963,0.00751556176692247
2,31089,"P_internet","Internet",0.734358970491425,-0.0135476319119334
2,31090,"P_internet","Internet",0.419068323113243,-0.00942518282681704
2,31091,"P_internet","Internet",0.222944407369068,-0.00124626408796757
2,31092,"P_internet","Internet",-0.95470100292581,0.00819170661270618
2,31093,"P_internet","Internet",0.531160089701006,-0.00986380130052567
2,31094,"P_internet","Internet",-1.05629646365777,0.00819170661270618
2,31096,"P_internet","Internet",0.159902483079924,-0.000702124729286879
2,31097,"P_internet","Internet",0.00489668302888015,0.00113386532757431
2,31098,"P_internet","Internet",0.0717167956593935,-0.00124626408796757
2,31099,"P_internet","Internet",-0.568260829285163,0.00850458908826113
2,31101,"P_internet","Internet",1.26690504564172,-0.0102954618632793
2,31102,"P_internet","Internet",0.951387072516833,-0.0133242849260569
2,31103,"P_internet","Internet",0.595114743823506,-0.0118336258456111
2,31104,"P_internet","Internet",-1.24350026347569,0.00855260528624058
2,31105,"P_internet","Internet",1.2066069343813,-0.0161767024546862
2,32001,"P_internet","Internet",0.106875909062831,-0.00252694962546229
2,32002,"P_internet","Internet",1.14859154270078,-0.0104221813380718
2,32003,"P_internet","Internet",0.680749751224948,-0.00671230955049396
2,32004,"P_internet","Internet",-0.112970219741024,0.00144562066998333
2,32005,"P_internet","Internet",1.03242324513205,-0.00887150503695011
2,32006,"P_internet","Internet",-0.11704186147752,0.00208589038811624
2,32007,"P_internet","Internet",0.818553992744281,-0.0078522190451622
2,32008,"P_internet","Internet",-0.213155846974149,0.00249588582664728
2,32009,"P_internet","Internet",0.0277234003370837,0.0022650109604001
2,32010,"P_internet","Internet",1.39626498419274,-0.00862104073166847
2,32011,"P_internet","Internet",1.27053645511713,-0.0104103488847613
2,32012,"P_internet","Internet",0.232384910725435,-0.00106643757317215
2,32013,"P_internet","Internet",0.299024695163131,-0.00366323487833142
2,32014,"P_internet","Internet",-0.0738441345966751,0.00123881828039885
2,32015,"P_internet","Internet",1.58057707262707,-0.00680800620466471
2,32016,"P_internet","Internet",-0.0294050394288631,0.00257326010614634
2,32017,"P_internet","Internet",2.42413468475872,-0.00553146051242948
2,32018,"P_internet","Internet",1.2308254938233,-0.0104103488847613
2,32019,"P_internet","Internet",0.949301228047284,-0.00784233398735523
2,32020,"P_internet","Internet",1.4902894885778,-0.00699374917894602
2,32021,"P_internet","Internet",0.331304403707493,-0.0039765858091414
2,32022,"P_internet","Internet",0.794606294416451,-0.00852151773869991
2,32023,"P_internet","Internet",1.21988620704902,-0.00698191672563553
2,32024,"P_internet","Internet",0.463116781335574,-0.00803550705313683
2,32025,"P_internet","Internet",0.301639771737432,-0.00406813016161323
2,32026,"P_internet","Internet",-0.4821690337299,0.00719674397259951
2,32027,"P_internet","Internet",-0.777414547307892,0.00968500133603811
2,32028,"P_internet","Internet",1.1524360101472,-0.00989502668380737
2,32029,"P_internet","Internet",0.303337369471535,-0.00459965551272035
2,32030,"P_internet","Internet",0.937532993882814,-0.00745436642318964
2,32031,"P_internet","Internet",0.0196012546004276,0.000863722583744675
2,32032,"P_internet","Internet",0.873241402044215,-0.0087352441623807
2,32033,"P_internet","Internet",0.80448379334958,-0.00968186743557453
2,32034,"P_internet","Internet",1.11509601772518,-0.00698191672563553
2,32035,"P_internet","Internet",-0.216914446924435,0.0025100321508944
2,32036,"P_internet","Internet",0.535299136931137,-0.00799928791821003
2,32037,"P_internet","Internet",0.0188576687290341,0.00175386958289891
2,32038,"P_internet","Internet",-0.578451240985888,0.00775464903563261
2,32039,"P_internet","Internet",0.879223994545782,-0.0073180147446692
2,32040,"P_internet","Internet",-0.0905922706774985,0.00281215948052704
2,32041,"P_internet","Internet",-1.31948080770965,0.00666843773797154
2,32042,"P_internet","Internet",0.5061257506206,-0.00727514177560806
2,32043,"P_internet","Internet",0.847931364773568,-0.00945436581969261
2,32044,"P_internet","Internet",0.463841296012235,-0.00787456799298525
2,32045,"P_internet","Internet",0.497432597674359,-0.00721905007958412
2,32046,"P_internet","Internet",-0.0288901339996058,0.000863722583744675
2,32047,"P_internet","Internet",0.719451766213708,-0.00664914259687066
2,32048,"P_internet","Internet",0.717131686209328,-0.00701676728203893
2,32049,"P_internet","Internet",-0.00630111553455325,0.0015785003779456
2,32050,"P_internet","Internet",0.64564888748126,-0.0151864225044847
2,32051,"P_internet","Internet",-0.171947875426902,0.00236300611868501
2,32052,"P_internet","Internet",0.433407798376034,-0.0118851894512773
2,32053,"P_internet","Internet",0.655621733973792,-0.0122118582949042
2,32054,"P_internet","Internet",-0.221588891105194,0.0026212758384645
2,32055,"P_internet","Internet",1.21345466175006,-0.0104103488847613
2,32056,"P_internet","Internet",2.71384497338645,-0.00544117344543338
2,32057,"P_internet","Internet",-0.210474845254553,0.00342900305986404
2,32058,"P_internet","Internet",0.19961273028378,-0.00217295065522194
2,1001,"P_extreme_poverty","Extreme poverty",-0.994758561473481,0.00117009982932359
2,1002,"P_extreme_poverty","Extreme poverty",-0.857637428337523,0.0023747612722218
2,1003,"P_extreme_poverty","Extreme poverty",-0.831519117264007,-0.00474448222666979
2,1004,"P_extreme_poverty","Extreme poverty",-0.903344472716176,0.0023747612722218
2,1005,"P_extreme_poverty","Extreme poverty",-0.909874050484555,0.00117009982932359
2,1006,"P_extreme_poverty","Extreme poverty",-0.93599236155807,0.00179871718864888
2,1007,"P_extreme_poverty","Extreme poverty",-0.759693761811839,0.00127331854309887
2,1008,"P_extreme_poverty","Extreme poverty",-0.975169828168344,0.000922713021282107
2,1009,"P_extreme_poverty","Extreme poverty",-0.922933206021313,-0.00624777330085635
2,1010,"P_extreme_poverty","Extreme poverty",-0.81193038395887,0.0017132677603513
2,1011,"P_extreme_poverty","Extreme poverty",-0.740105028506702,0.00397621840238571
2,2001,"P_extreme_poverty","Extreme poverty",-0.988228983705102,0.00115535734221339
2,2002,"P_extreme_poverty","Extreme poverty",-1.05352476138889,0.00117009982932359
2,2003,"P_extreme_poverty","Extreme poverty",-1.04699518362051,0.00115535734221339
2,2004,"P_extreme_poverty","Extreme poverty",-1.00128813924186,0.00182482635136694
2,2005,"P_extreme_poverty","Extreme poverty",-0.981699405936723,0.00130267243366688
2,2006,"P_extreme_poverty","Extreme poverty",-0.87722616164266,-0.000912407238502055
2,3002,"P_extreme_poverty","Extreme poverty",-0.916403628252934,0.00194363109767437
2,3008,"P_extreme_poverty","Extreme poverty",-0.81193038395887,0.00463828118517995
2,3009,"P_extreme_poverty","Extreme poverty",-0.93599236155807,0.00116104120388627
2,4001,"P_extreme_poverty","Extreme poverty",0.0369147259303936,0.00827278941869736
2,4002,"P_extreme_poverty","Extreme poverty",-0.818459961727249,0.00203871331177652
2,4003,"P_extreme_poverty","Extreme poverty",-0.62910220644426,0.0019102223450318
2,4004,"P_extreme_poverty","Extreme poverty",-0.335271206867207,-0.00510928081348538
2,4005,"P_extreme_poverty","Extreme poverty",-0.0414402072901538,0.00516865961253643
2,4006,"P_extreme_poverty","Extreme poverty",0.291568258897173,0.0077604572288692
2,4007,"P_extreme_poverty","Extreme poverty",-0.230797962573144,0.00295123201794922
2,4008,"P_extreme_poverty","Extreme poverty",-0.433214873392891,-0.00443380698561668
2,4009,"P_extreme_poverty","Extreme poverty",0.0369147259303936,0.00779021577909589
2,4010,"P_extreme_poverty","Extreme poverty",0.853111946977763,0.00772750983014703
2,4011,"P_extreme_poverty","Extreme poverty",0.898818991356415,0.00772750983014703
2,4012,"P_extreme_poverty","Extreme poverty",-0.0962886605445371,0.00516865961253643
2,5001,"P_extreme_poverty","Extreme poverty",-1.08617265023079,0.000425053702201694
2,5002,"P_extreme_poverty","Extreme poverty",-1.02740645031538,0.00245441845618188
2,5003,"P_extreme_poverty","Extreme poverty",-1.03393602808375,0.00340054486878216
2,5004,"P_extreme_poverty","Extreme poverty",-0.916403628252934,0.00138564803637564
2,5005,"P_extreme_poverty","Extreme poverty",-0.824989539495628,-0.00391197763383389
2,5006,"P_extreme_poverty","Extreme poverty",-0.851107850569144,0.00224218866787851
2,5007,"P_extreme_poverty","Extreme poverty",-0.700927561896428,0.0030348626896739
2,5008,"P_extreme_poverty","Extreme poverty",-0.87722616164266,0.00290854135528207
2,5009,"P_extreme_poverty","Extreme poverty",-0.896814894947797,0.00224218866787851
2,5010,"P_extreme_poverty","Extreme poverty",-1.01434729477862,0.00145628035534173
2,5011,"P_extreme_poverty","Extreme poverty",-0.922933206021313,-0.00609718915075064
2,5012,"P_extreme_poverty","Extreme poverty",-0.922933206021313,-0.00506112910807133
2,5013,"P_extreme_poverty","Extreme poverty",-0.746634606275081,-0.00406543025746942
2,5014,"P_extreme_poverty","Extreme poverty",-0.87722616164266,0.00302637158893049
2,5015,"P_extreme_poverty","Extreme poverty",-1.00781771701024,0.00221815262921154
2,5016,"P_extreme_poverty","Extreme poverty",-1.07311349469403,0.00228668306954205
2,5017,"P_extreme_poverty","Extreme poverty",-0.968640250399965,0.00138564803637564
2,5018,"P_extreme_poverty","Extreme poverty",-0.968640250399965,0.000883214292116463
2,5019,"P_extreme_poverty","Extreme poverty",-0.988228983705102,0.00340054486878216
2,5020,"P_extreme_poverty","Extreme poverty",-0.988228983705102,0.00233177444897592
2,5021,"P_extreme_poverty","Extreme poverty",-1.07964307246241,-0.001225097454153
2,5022,"P_extreme_poverty","Extreme poverty",-1.02740645031538,0.00182580109685659
2,5023,"P_extreme_poverty","Extreme poverty",-0.831519117264007,0.00302637158893049
2,5024,"P_extreme_poverty","Extreme poverty",-0.916403628252934,-0.00101385416928679
2,5025,"P_extreme_poverty","Extreme poverty",-1.01434729477862,0.00117009982932359
2,5026,"P_extreme_poverty","Extreme poverty",-0.981699405936723,0.00233177444897592
2,5027,"P_extreme_poverty","Extreme poverty",-1.03393602808375,0.00321568199433386
2,5028,"P_extreme_poverty","Extreme poverty",-1.04046560585213,0.00117009982932359
2,5029,"P_extreme_poverty","Extreme poverty",-0.994758561473481,0.000958012125920504
2,5030,"P_extreme_poverty","Extreme poverty",-1.020876872547,0.00117009982932359
2,5031,"P_extreme_poverty","Extreme poverty",-1.00128813924186,0.00233177444897592
2,5032,"P_extreme_poverty","Extreme poverty",-1.04046560585213,0.00240240688435733
2,5033,"P_extreme_poverty","Extreme poverty",-0.661750095286154,0.00365501502528787
2,5034,"P_extreme_poverty","Extreme poverty",-1.00128813924186,0.00052426423644647
2,5035,"P_extreme_poverty","Extreme poverty",-0.949051517094828,0.00117009982932359
2,5036,"P_extreme_poverty","Extreme poverty",-0.674809250822912,-0.00350735033862293
2,5037,"P_extreme_poverty","Extreme poverty",-0.962110672631586,0.00216983095742762
2,5038,"P_extreme_poverty","Extreme poverty",-0.975169828168344,0.00233177444897592
2,6007,"P_extreme_poverty","Extreme poverty",-1.020876872547,0.00117009982932359
2,6009,"P_extreme_poverty","Extreme poverty",-0.766223339580218,-0.005201973952353
2,7001,"P_extreme_poverty","Extreme poverty",0.285038681128794,0.00608830899000168
2,7002,"P_extreme_poverty","Extreme poverty",0.709461236073426,0.0081791402772069
2,7003,"P_extreme_poverty","Extreme poverty",-0.354859940172344,-0.00382593553513288
2,7004,"P_extreme_poverty","Extreme poverty",1.78684156785595,0.0119003094732761
2,7005,"P_extreme_poverty","Extreme poverty",1.3689485906797,0.0081791402772069
2,7006,"P_extreme_poverty","Extreme poverty",0.193624592371488,0.00605855043977499
2,7007,"P_extreme_poverty","Extreme poverty",1.67583874579351,0.00794889684766531
2,7008,"P_extreme_poverty","Extreme poverty",0.787816169293973,0.00775726838037372
2,7009,"P_extreme_poverty","Extreme poverty",-0.139383873815838,0.00255116703920066
2,7010,"P_extreme_poverty","Extreme poverty",0.755168280452079,0.0115700075402856
2,7011,"P_extreme_poverty","Extreme poverty",0.154447125761215,0.00974677316844463
2,7012,"P_extreme_poverty","Extreme poverty",0.252390792286899,0.00779021577909589
2,7013,"P_extreme_poverty","Extreme poverty",1.14041336878644,0.00754413520917296
2,7014,"P_extreme_poverty","Extreme poverty",1.98272890090732,0.011867362074554
2,7015,"P_extreme_poverty","Extreme poverty",0.80740490259911,0.00743015483021736
2,7016,"P_extreme_poverty","Extreme poverty",0.160976703529594,0.00651017995551229
2,7017,"P_extreme_poverty","Extreme poverty",0.0695626147722884,0.00860309228301048
2,7018,"P_extreme_poverty","Extreme poverty",0.552751369632331,0.00754413520917296
2,7019,"P_extreme_poverty","Extreme poverty",0.0891513480774253,0.0070791388861835
2,7020,"P_extreme_poverty","Extreme poverty",0.396041503191236,0.00772750983014703
2,7021,"P_extreme_poverty","Extreme poverty",0.12179923691932,0.00808975845575333
2,7022,"P_extreme_poverty","Extreme poverty",3.86324729820046,0.011867362074554
2,7023,"P_extreme_poverty","Extreme poverty",2.28961905602113,0.0116371186450124
2,7024,"P_extreme_poverty","Extreme poverty",3.31476276565663,0.0101654548197985
2,7025,"P_extreme_poverty","Extreme poverty",0.755168280452079,0.0081791402772069
2,7026,"P_extreme_poverty","Extreme poverty",3.40617685441393,0.011867362074554
2,7027,"P_extreme_poverty","Extreme poverty",0.0107964148568777,0.00516865961253643
2,7029,"P_extreme_poverty","Extreme poverty",0.585399258474226,0.00754413520917296
2,7030,"P_extreme_poverty","Extreme poverty",0.591928836242605,0.00772750983014703
2,7031,"P_extreme_poverty","Extreme poverty",2.34838525593654,0.011867362074554
2,7032,"P_extreme_poverty","Extreme poverty",0.18709501460311,0.00605855043977499
2,7033,"P_extreme_poverty","Extreme poverty",0.9967626578821,0.011867362074554
2,7034,"P_extreme_poverty","Extreme poverty",0.6245767250845,0.0077604572288692
2,7035,"P_extreme_poverty","Extreme poverty",0.147917547992836,0.0077604572288692
2,7037,"P_extreme_poverty","Extreme poverty",-0.25038669587828,-0.00232703564688563
2,7038,"P_extreme_poverty","Extreme poverty",2.09373172296976,0.0119003094732761
2,7039,"P_extreme_poverty","Extreme poverty",2.66180498881873,0.011867362074554
2,7040,"P_extreme_poverty","Extreme poverty",-0.322212051330449,-0.00510928081348538
2,7041,"P_extreme_poverty","Extreme poverty",1.11429505771292,0.00730824377387762
2,7042,"P_extreme_poverty","Extreme poverty",0.389511925422857,0.00827278941869736
2,7043,"P_extreme_poverty","Extreme poverty",-0.0675585183636697,0.00549896201118827
2,7044,"P_extreme_poverty","Extreme poverty",1.54524719042593,0.0112323574721813
2,7045,"P_extreme_poverty","Extreme poverty",0.226272481213383,0.0081791402772069
2,7046,"P_extreme_poverty","Extreme poverty",0.141387970224457,0.00651017995551229
2,7047,"P_extreme_poverty","Extreme poverty",2.22432327833734,0.0115700075402856
2,7048,"P_extreme_poverty","Extreme poverty",-0.400566984550996,-0.00312070269137621
2,7049,"P_extreme_poverty","Extreme poverty",1.42118521282673,0.011867362074554
2,7050,"P_extreme_poverty","Extreme poverty",-0.589924739833986,-0.0033743055537343
2,7051,"P_extreme_poverty","Extreme poverty",0.219742903445004,0.00605855043977499
2,7052,"P_extreme_poverty","Extreme poverty",1.55177676819431,0.011415733024478
2,7053,"P_extreme_poverty","Extreme poverty",0.0107964148568777,0.00107149605173618
2,7054,"P_extreme_poverty","Extreme poverty",-0.269975429183417,-0.00328333023935556
2,7057,"P_extreme_poverty","Extreme poverty",-0.341800784635586,-0.00670565525069833
2,7059,"P_extreme_poverty","Extreme poverty",1.8978443899184,0.011867362074554
2,7061,"P_extreme_poverty","Extreme poverty",0.43521896980151,0.00860309228301048
2,7062,"P_extreme_poverty","Extreme poverty",-0.19162049596287,0.00510795740410686
2,7064,"P_extreme_poverty","Extreme poverty",2.94910641062741,0.011867362074554
2,7065,"P_extreme_poverty","Extreme poverty",0.291568258897173,0.0077604572288692
2,7066,"P_extreme_poverty","Extreme poverty",3.04052049938471,0.011867362074554
2,7068,"P_extreme_poverty","Extreme poverty",-0.276505006951796,-0.00429640524089336
2,7069,"P_extreme_poverty","Extreme poverty",0.0369147259303936,0.00605855043977499
2,7070,"P_extreme_poverty","Extreme poverty",-0.204679651499628,0.00292767793871462
2,7071,"P_extreme_poverty","Extreme poverty",-0.230797962573144,0.00465632835403085
2,7072,"P_extreme_poverty","Extreme poverty",1.71501621240378,0.011867362074554
2,7073,"P_extreme_poverty","Extreme poverty",0.840052791441005,0.00821208767592907
2,7074,"P_extreme_poverty","Extreme poverty",-0.165502184889354,0.00432630628347397
2,7075,"P_extreme_poverty","Extreme poverty",1.36241901291132,0.00821208767592907
2,7076,"P_extreme_poverty","Extreme poverty",1.02288096895562,0.0081791402772069
2,7077,"P_extreme_poverty","Extreme poverty",0.911878146893173,0.0081791402772069
2,7078,"P_extreme_poverty","Extreme poverty",0.507044325253678,-0.000218480650801212
2,7079,"P_extreme_poverty","Extreme poverty",-0.178561340426112,0.00516865961253643
2,7080,"P_extreme_poverty","Extreme poverty",-0.211209229268007,0.00277340295724571
2,7081,"P_extreme_poverty","Extreme poverty",2.85116274410172,0.011867362074554
2,7082,"P_extreme_poverty","Extreme poverty",3.41923600995069,0.011867362074554
2,7083,"P_extreme_poverty","Extreme poverty",0.128328814687699,0.00743015483021736
2,7084,"P_extreme_poverty","Extreme poverty",0.330745725507447,0.00647723255679011
2,7085,"P_extreme_poverty","Extreme poverty",1.14694294655482,0.0081791402772069
2,7086,"P_extreme_poverty","Extreme poverty",0.382982347654478,0.00857014395296574
2,7087,"P_extreme_poverty","Extreme poverty",-0.119795140510701,0.00465313903987408
2,7089,"P_extreme_poverty","Extreme poverty",-0.008792318448259,0.00435578403994441
2,7090,"P_extreme_poverty","Extreme poverty",0.644165458389636,0.00647723255679011
2,7091,"P_extreme_poverty","Extreme poverty",-0.0740880961320485,0.00477765500545502
2,7092,"P_extreme_poverty","Extreme poverty",0.885759835819658,0.00605855043977499
2,7093,"P_extreme_poverty","Extreme poverty",1.99578805644408,0.011867362074554
2,7094,"P_extreme_poverty","Extreme poverty",1.29712323522753,0.0081791402772069
2,7096,"P_extreme_poverty","Extreme poverty",2.53121343345115,0.011867362074554
2,7097,"P_extreme_poverty","Extreme poverty",-0.015321896216638,0.00265387701801956
2,7098,"P_extreme_poverty","Extreme poverty",1.55177676819431,0.0081791402772069
2,7099,"P_extreme_poverty","Extreme poverty",0.905348569124794,0.00729882484301925
2,7100,"P_extreme_poverty","Extreme poverty",2.01537678974922,0.011867362074554
2,7101,"P_extreme_poverty","Extreme poverty",-0.485451495539923,0.00283100013621151
2,7102,"P_extreme_poverty","Extreme poverty",0.147917547992836,0.00753021379932761
2,7103,"P_extreme_poverty","Extreme poverty",0.285038681128794,0.00709250522777438
2,7104,"P_extreme_poverty","Extreme poverty",0.239331636750141,0.00730824377387762
2,7106,"P_extreme_poverty","Extreme poverty",1.74766410124568,0.00772750983014703
2,7107,"P_extreme_poverty","Extreme poverty",1.10776547994454,0.00775726838037372
2,7108,"P_extreme_poverty","Extreme poverty",0.24586121451852,0.00860309228301048
2,7109,"P_extreme_poverty","Extreme poverty",1.5256584571208,0.011867362074554
2,7110,"P_extreme_poverty","Extreme poverty",1.32977112406943,0.0081791402772069
2,7111,"P_extreme_poverty","Extreme poverty",2.3940923003152,0.0116371186450124
2,7112,"P_extreme_poverty","Extreme poverty",3.15805289921553,0.0101654548197985
2,7114,"P_extreme_poverty","Extreme poverty",0.382982347654478,0.00772750983014703
2,7115,"P_extreme_poverty","Extreme poverty",2.21126412280058,0.011415733024478
2,7116,"P_extreme_poverty","Extreme poverty",0.376452769886099,0.011415733024478
2,7117,"P_extreme_poverty","Extreme poverty",0.252390792286899,0.011415733024478
2,7120,"P_extreme_poverty","Extreme poverty",0.141387970224457,0.011415733024478
2,7121,"P_extreme_poverty","Extreme poverty",2.57039090006143,0.0116371186450124
2,7122,"P_extreme_poverty","Extreme poverty",0.382982347654478,0.00647723255679011
2,7123,"P_extreme_poverty","Extreme poverty",0.55928094740071,0.00808975845575333
2,7124,"P_extreme_poverty","Extreme poverty",0.715990813841805,0.0077604572288692
2,7125,"P_extreme_poverty","Extreme poverty",0.299403752219228,0.011415733024478
2,8002,"P_extreme_poverty","Extreme poverty",-1.05352476138889,0.00138564803637564
2,8003,"P_extreme_poverty","Extreme poverty",-1.04699518362051,0.00231703207828104
2,8004,"P_extreme_poverty","Extreme poverty",-1.04699518362051,0.00443098414689302
2,8005,"P_extreme_poverty","Extreme poverty",-0.727045872969944,0.00223605125211179
2,8006,"P_extreme_poverty","Extreme poverty",-1.06658391692565,0.00210578879341483
2,8007,"P_extreme_poverty","Extreme poverty",1.06205843556589,0.00602560304105282
2,8008,"P_extreme_poverty","Extreme poverty",3.1058162770685,0.00647723255679011
2,8011,"P_extreme_poverty","Extreme poverty",-1.020876872547,0.00253940490074456
2,8012,"P_extreme_poverty","Extreme poverty",0.533162636327194,0.00602560304105282
2,8013,"P_extreme_poverty","Extreme poverty",-0.890285317179418,0.00330614531412721
2,8014,"P_extreme_poverty","Extreme poverty",-1.07311349469403,0.00203725835308433
2,8016,"P_extreme_poverty","Extreme poverty",-1.07311349469403,0.00212053116410971
2,8017,"P_extreme_poverty","Extreme poverty",-1.04699518362051,0.00182580109685659
2,8018,"P_extreme_poverty","Extreme poverty",-0.955581094863207,-0.00489481817930937
2,8019,"P_extreme_poverty","Extreme poverty",-1.06658391692565,-0.00167901662643999
2,8020,"P_extreme_poverty","Extreme poverty",-0.276505006951796,-0.0033490089699626
2,8021,"P_extreme_poverty","Extreme poverty",-1.03393602808375,0.00145628035534173
2,8022,"P_extreme_poverty","Extreme poverty",-0.883755739411039,-0.00409287167713046
2,8023,"P_extreme_poverty","Extreme poverty",-0.962110672631586,-0.00497367791831493
2,8024,"P_extreme_poverty","Extreme poverty",-1.09270222799917,0.00233177444897592
2,8026,"P_extreme_poverty","Extreme poverty",-1.00781771701024,0.00340054486878216
2,8027,"P_extreme_poverty","Extreme poverty",0.363393614349341,0.0081791402772069
2,8029,"P_extreme_poverty","Extreme poverty",0.546221791863952,0.0081791402772069
2,8030,"P_extreme_poverty","Extreme poverty",0.480926014180163,0.00647723255679011
2,8032,"P_extreme_poverty","Extreme poverty",-0.975169828168344,0.00136865838430822
2,8033,"P_extreme_poverty","Extreme poverty",-0.994758561473481,-0.00493466993793845
2,8034,"P_extreme_poverty","Extreme poverty",-1.07311349469403,0.00233177444897592
2,8035,"P_extreme_poverty","Extreme poverty",-0.949051517094828,0.00244960468262434
2,8036,"P_extreme_poverty","Extreme poverty",-0.968640250399965,0.00233177444897592
2,8037,"P_extreme_poverty","Extreme poverty",-0.981699405936723,0.00117009982932359
2,8038,"P_extreme_poverty","Extreme poverty",-1.07964307246241,0.0020520007237792
2,8039,"P_extreme_poverty","Extreme poverty",-1.04046560585213,0.00273010111413896
2,8042,"P_extreme_poverty","Extreme poverty",-1.06005433915727,-0.00611193152144551
2,8044,"P_extreme_poverty","Extreme poverty",-1.04046560585213,0.00203725835308433
2,8045,"P_extreme_poverty","Extreme poverty",-0.942521939326449,0.000470145081635565
2,8046,"P_extreme_poverty","Extreme poverty",1.20570914647023,0.00647723255679011
2,8048,"P_extreme_poverty","Extreme poverty",-1.06005433915727,0.00233177444897592
2,8049,"P_extreme_poverty","Extreme poverty",-0.420155717856133,-0.00382593553513288
2,8050,"P_extreme_poverty","Extreme poverty",-0.988228983705102,0.00117009982932359
2,8052,"P_extreme_poverty","Extreme poverty",-1.06658391692565,0.00233177444897592
2,8053,"P_extreme_poverty","Extreme poverty",-1.08617265023079,0.00212053116410971
2,8054,"P_extreme_poverty","Extreme poverty",-1.1122909613043,0.00212053116410971
2,8055,"P_extreme_poverty","Extreme poverty",-1.03393602808375,0.0020520007237792
2,8056,"P_extreme_poverty","Extreme poverty",-0.988228983705102,-0.00494941230863333
2,8057,"P_extreme_poverty","Extreme poverty",-0.909874050484555,-0.00494941230863333
2,8058,"P_extreme_poverty","Extreme poverty",-1.09270222799917,0.00212053116410971
2,8059,"P_extreme_poverty","Extreme poverty",-1.020876872547,0.00231703207828104
2,8060,"P_extreme_poverty","Extreme poverty",-1.03393602808375,0.00233177444897592
2,8061,"P_extreme_poverty","Extreme poverty",-1.00781771701024,0.00248318398371339
2,8062,"P_extreme_poverty","Extreme poverty",-1.05352476138889,0.00233177444897592
2,8064,"P_extreme_poverty","Extreme poverty",-0.779282495116976,-0.00423158193007112
2,8065,"P_extreme_poverty","Extreme poverty",0.507044325253678,0.00647723255679011
2,8067,"P_extreme_poverty","Extreme poverty",-1.020876872547,-0.00245916610583663
2,9004,"P_extreme_poverty","Extreme poverty",-0.831519117264007,0.00175253278575838
2,9007,"P_extreme_poverty","Extreme poverty",-0.694397984128049,0.00155939941760153
2,9008,"P_extreme_poverty","Extreme poverty",-0.68786840635967,0.00175795797258615
2,9009,"P_extreme_poverty","Extreme poverty",-0.531158539918575,0.00244857976213098
2,9010,"P_extreme_poverty","Extreme poverty",-0.759693761811839,-0.00241186143830419
2,9011,"P_extreme_poverty","Extreme poverty",-0.792341650653734,0.0020438814535737
2,9012,"P_extreme_poverty","Extreme poverty",-0.661750095286154,0.00221923273056746
2,9013,"P_extreme_poverty","Extreme poverty",-0.518099384381817,0.0016566194826737
2,9016,"P_extreme_poverty","Extreme poverty",-1.06658391692565,-0.00550614250823855
2,9017,"P_extreme_poverty","Extreme poverty",-0.93599236155807,-0.00257203937508166
2,10004,"P_extreme_poverty","Extreme poverty",-0.968640250399965,0.00233177444897592
2,10005,"P_extreme_poverty","Extreme poverty",-0.994758561473481,0.00117009982932359
2,10006,"P_extreme_poverty","Extreme poverty",-0.955581094863207,-0.00476851826533675
2,10007,"P_extreme_poverty","Extreme poverty",-1.00128813924186,0.00211198162287474
2,10008,"P_extreme_poverty","Extreme poverty",-0.903344472716176,0.00224218866787851
2,10009,"P_extreme_poverty","Extreme poverty",-0.452803606698028,-0.00382593553513288
2,10010,"P_extreme_poverty","Extreme poverty",-0.975169828168344,0.0020520007237792
2,10012,"P_extreme_poverty","Extreme poverty",-1.00781771701024,0.00245441845618188
2,10013,"P_extreme_poverty","Extreme poverty",-0.994758561473481,-0.00465489644557238
2,10014,"P_extreme_poverty","Extreme poverty",3.15152332144715,0.00971382576972246
2,10015,"P_extreme_poverty","Extreme poverty",-0.981699405936723,0.00221815262921154
2,10016,"P_extreme_poverty","Extreme poverty",-0.968640250399965,0.0020520007237792
2,10017,"P_extreme_poverty","Extreme poverty",-0.883755739411039,-0.00381309818476439
2,10021,"P_extreme_poverty","Extreme poverty",-0.903344472716176,0.00307469326071441
2,10022,"P_extreme_poverty","Extreme poverty",-0.93599236155807,0.00233177444897592
2,10023,"P_extreme_poverty","Extreme poverty",-0.622572628675881,-0.00429640524089336
2,10025,"P_extreme_poverty","Extreme poverty",-0.890285317179418,0.00289379898458719
2,10027,"P_extreme_poverty","Extreme poverty",-0.56380642876047,-0.00349347270093858
2,10031,"P_extreme_poverty","Extreme poverty",-0.805400806190491,-0.00407812930643559
2,10033,"P_extreme_poverty","Extreme poverty",-0.269975429183417,-0.00382593553513288
2,10036,"P_extreme_poverty","Extreme poverty",-0.994758561473481,0.00249792635440826
2,10038,"P_extreme_poverty","Extreme poverty",-0.870696583874281,0.00224218866787851
2,11001,"P_extreme_poverty","Extreme poverty",-0.772752917348597,-0.00488319247961044
2,11002,"P_extreme_poverty","Extreme poverty",-0.674809250822912,-0.00315395486541092
2,11008,"P_extreme_poverty","Extreme poverty",-0.720516295201565,-0.00533138448372483
2,11010,"P_extreme_poverty","Extreme poverty",-0.798871228422112,-0.00417297659441829
2,11012,"P_extreme_poverty","Extreme poverty",-0.785812072885355,-0.00533138448372483
2,11017,"P_extreme_poverty","Extreme poverty",-0.851107850569144,0.00249585602432489
2,11018,"P_extreme_poverty","Extreme poverty",-0.740105028506702,-0.00488319247961044
2,11019,"P_extreme_poverty","Extreme poverty",-0.746634606275081,-0.00402156682685018
2,11020,"P_extreme_poverty","Extreme poverty",-0.700927561896428,0.00170144473668188
2,11021,"P_extreme_poverty","Extreme poverty",-0.942521939326449,-0.00354226259514689
2,11022,"P_extreme_poverty","Extreme poverty",-0.824989539495628,-0.00523982336744666
2,11023,"P_extreme_poverty","Extreme poverty",-0.681338828591291,-0.00459213694557548
2,11024,"P_extreme_poverty","Extreme poverty",-0.851107850569144,-0.00519267423078418
2,11025,"P_extreme_poverty","Extreme poverty",-0.851107850569144,-0.0049696615897119
2,11026,"P_extreme_poverty","Extreme poverty",-0.81193038395887,-0.00539123266935349
2,11028,"P_extreme_poverty","Extreme poverty",-0.792341650653734,-0.00421683955937624
2,11031,"P_extreme_poverty","Extreme poverty",-0.81193038395887,-0.00474448222666979
2,11037,"P_extreme_poverty","Extreme poverty",-0.818459961727249,-0.00474448222666979
2,11038,"P_extreme_poverty","Extreme poverty",-0.864167006105902,-0.00379835581406951
2,11039,"P_extreme_poverty","Extreme poverty",-0.87722616164266,-0.00379835581406951
2,11041,"P_extreme_poverty","Extreme poverty",-0.733575450738323,-0.00468463404104114
2,11046,"P_extreme_poverty","Extreme poverty",-0.511569806613438,-0.0031686972361058
2,12001,"P_extreme_poverty","Extreme poverty",-0.034910629521775,0.00316280825063586
2,12002,"P_extreme_poverty","Extreme poverty",2.1133204562749,0.00597474025562406
2,12003,"P_extreme_poverty","Extreme poverty",0.585399258474226,0.00602560304105282
2,12005,"P_extreme_poverty","Extreme poverty",0.0956809258458041,0.00719991140067577
2,12006,"P_extreme_poverty","Extreme poverty",1.11429505771292,0.00605855043977499
2,12007,"P_extreme_poverty","Extreme poverty",0.160976703529594,0.00605536159127951
2,12008,"P_extreme_poverty","Extreme poverty",0.239331636750141,0.00602560304105282
2,12009,"P_extreme_poverty","Extreme poverty",3.21681909913094,0.010114592500031
2,12010,"P_extreme_poverty","Extreme poverty",2.60303878890332,0.00597474025562406
2,12011,"P_extreme_poverty","Extreme poverty",-0.132854296047459,0.00295123201794922
2,12012,"P_extreme_poverty","Extreme poverty",0.729049969378563,0.00772750983014703
2,12013,"P_extreme_poverty","Extreme poverty",-0.0740880961320485,0.00292147346772254
2,12014,"P_extreme_poverty","Extreme poverty",-0.818459961727249,-0.00465051410719752
2,12015,"P_extreme_poverty","Extreme poverty",-0.394037406782617,-0.00340510858222842
2,12017,"P_extreme_poverty","Extreme poverty",-0.008792318448259,0.00262411846779287
2,12018,"P_extreme_poverty","Extreme poverty",0.265449947823657,0.00605536159127951
2,12019,"P_extreme_poverty","Extreme poverty",2.64874583328197,0.00749726640060544
2,12020,"P_extreme_poverty","Extreme poverty",2.90339936624875,0.0111854895949364
2,12021,"P_extreme_poverty","Extreme poverty",0.657224613926394,0.00605536159127951
2,12022,"P_extreme_poverty","Extreme poverty",0.552751369632331,0.00605536159127951
2,12023,"P_extreme_poverty","Extreme poverty",-0.0544993628269119,0.00292147346772254
2,12024,"P_extreme_poverty","Extreme poverty",0.866171102514521,0.00597474025562406
2,12025,"P_extreme_poverty","Extreme poverty",1.00982181341886,0.00539059843868017
2,12026,"P_extreme_poverty","Extreme poverty",1.04246970226075,0.00602560304105282
2,12027,"P_extreme_poverty","Extreme poverty",0.0369147259303936,0.00605855043977499
2,12028,"P_extreme_poverty","Extreme poverty",0.924937302429931,0.00633379956707358
2,12029,"P_extreme_poverty","Extreme poverty",0.232802058981762,0.0059900707565248
2,12030,"P_extreme_poverty","Extreme poverty",-0.113265562742322,0.00339972111396492
2,12031,"P_extreme_poverty","Extreme poverty",0.892289413588036,0.00602560304105282
2,12032,"P_extreme_poverty","Extreme poverty",2.6422162555136,0.00772750983014703
2,12033,"P_extreme_poverty","Extreme poverty",0.755168280452079,0.00603744620457292
2,12034,"P_extreme_poverty","Extreme poverty",0.258920370055278,0.00570714334025979
2,12035,"P_extreme_poverty","Extreme poverty",0.252390792286899,0.00592928798869252
2,12036,"P_extreme_poverty","Extreme poverty",1.08164716887103,0.00749726640060544
2,12037,"P_extreme_poverty","Extreme poverty",0.376452769886099,0.00539059843868017
2,12039,"P_extreme_poverty","Extreme poverty",0.93146688019831,0.00539059843868017
2,12040,"P_extreme_poverty","Extreme poverty",1.22529787977536,0.00772750983014703
2,12041,"P_extreme_poverty","Extreme poverty",2.13943876734842,0.00642636977136135
2,12042,"P_extreme_poverty","Extreme poverty",1.48648099051052,0.00533973565325141
2,12044,"P_extreme_poverty","Extreme poverty",0.539692214095573,0.00775726838037372
2,12045,"P_extreme_poverty","Extreme poverty",1.87172607884488,0.00600449880585074
2,12046,"P_extreme_poverty","Extreme poverty",0.905348569124794,0.00775726838037372
2,12047,"P_extreme_poverty","Extreme poverty",1.32324154630105,0.00597474025562406
2,12048,"P_extreme_poverty","Extreme poverty",0.115269659150941,0.00775726838037372
2,12049,"P_extreme_poverty","Extreme poverty",-0.145913451584217,0.00255116703920066
2,12050,"P_extreme_poverty","Extreme poverty",-0.119795140510701,0.00435578403994441
2,12051,"P_extreme_poverty","Extreme poverty",2.55733174452467,0.00597474025562406
2,12052,"P_extreme_poverty","Extreme poverty",1.99578805644408,0.0081791402772069
2,12053,"P_extreme_poverty","Extreme poverty",0.213213325676625,0.00602560304105282
2,12054,"P_extreme_poverty","Extreme poverty",1.59748381257296,0.00602560304105282
2,12055,"P_extreme_poverty","Extreme poverty",0.6245767250845,0.00722966995090246
2,12056,"P_extreme_poverty","Extreme poverty",1.42771479059511,0.00602560304105282
2,12057,"P_extreme_poverty","Extreme poverty",-0.668279673054533,-0.00377088040113449
2,12058,"P_extreme_poverty","Extreme poverty",0.00426683708849886,0.00260301446542144
2,12059,"P_extreme_poverty","Extreme poverty",0.892289413588036,0.00600449880585074
2,12060,"P_extreme_poverty","Extreme poverty",0.898818991356415,0.00605855043977499
2,12061,"P_extreme_poverty","Extreme poverty",0.343804881044204,0.00722132110968232
2,12063,"P_extreme_poverty","Extreme poverty",2.12637961181166,0.00642636977136135
2,12064,"P_extreme_poverty","Extreme poverty",-0.400566984550996,-0.00382593553513288
2,12066,"P_extreme_poverty","Extreme poverty",0.924937302429931,0.00752702495083213
2,12067,"P_extreme_poverty","Extreme poverty",0.644165458389636,0.00605536159127951
2,12069,"P_extreme_poverty","Extreme poverty",2.13943876734842,0.00966296344995499
2,12070,"P_extreme_poverty","Extreme poverty",0.134858392456078,0.00597474025562406
2,12072,"P_extreme_poverty","Extreme poverty",2.27655990048437,0.0081791402772069
2,12073,"P_extreme_poverty","Extreme poverty",0.49398516971692,0.00605536159127951
2,12074,"P_extreme_poverty","Extreme poverty",1.39506690175322,0.0057913651689887
2,12075,"P_extreme_poverty","Extreme poverty",0.49398516971692,0.00712226377800107
2,12076,"P_extreme_poverty","Extreme poverty",2.890340210712,0.0081791402772069
2,12077,"P_extreme_poverty","Extreme poverty",0.0891513480774253,0.00605536159127951
2,12079,"P_extreme_poverty","Extreme poverty",2.75321907757604,0.0116371186450124
2,12080,"P_extreme_poverty","Extreme poverty",0.219742903445004,0.00602560304105282
2,12081,"P_extreme_poverty","Extreme poverty",1.4015964795216,0.00749726640060544
2,13001,"P_extreme_poverty","Extreme poverty",-0.805400806190491,-0.00519267423078418
2,13002,"P_extreme_poverty","Extreme poverty",0.735579547146942,0.00749726640060544
2,13003,"P_extreme_poverty","Extreme poverty",-0.883755739411039,0.00244074710644782
2,13005,"P_extreme_poverty","Extreme poverty",-0.831519117264007,-0.00479512847959995
2,13007,"P_extreme_poverty","Extreme poverty",-0.87722616164266,-0.00540597504004836
2,13008,"P_extreme_poverty","Extreme poverty",-0.890285317179418,-0.00454592378810048
2,13009,"P_extreme_poverty","Extreme poverty",-0.805400806190491,-0.00540597504004836
2,13013,"P_extreme_poverty","Extreme poverty",-0.93599236155807,0.000738896953407675
2,13016,"P_extreme_poverty","Extreme poverty",-0.537688117686954,-0.00456351693719625
2,13017,"P_extreme_poverty","Extreme poverty",-0.576865584297228,-0.00346371415071189
2,13019,"P_extreme_poverty","Extreme poverty",-0.720516295201565,-0.00537853362038732
2,13021,"P_extreme_poverty","Extreme poverty",-0.955581094863207,0.0020520007237792
2,13022,"P_extreme_poverty","Extreme poverty",-0.909874050484555,0.000724154466297477
2,13023,"P_extreme_poverty","Extreme poverty",-0.851107850569144,-0.00519267423078418
2,13024,"P_extreme_poverty","Extreme poverty",-0.524628962150196,-0.00344847072847188
2,13035,"P_extreme_poverty","Extreme poverty",-0.844578272800765,-0.00520741660147905
2,13038,"P_extreme_poverty","Extreme poverty",-0.759693761811839,-0.00576986465603113
2,13041,"P_extreme_poverty","Extreme poverty",-0.955581094863207,0.00158420647494495
2,13044,"P_extreme_poverty","Extreme poverty",-0.805400806190491,-0.00392672000452876
2,13045,"P_extreme_poverty","Extreme poverty",-0.720516295201565,-0.00533138448372483
2,13048,"P_extreme_poverty","Extreme poverty",-0.975169828168344,0.00136865838430822
2,13050,"P_extreme_poverty","Extreme poverty",-0.949051517094828,0.00158420647494495
2,13051,"P_extreme_poverty","Extreme poverty",-1.04699518362051,0.00504261162132025
2,13052,"P_extreme_poverty","Extreme poverty",-0.779282495116976,0.00157455762382597
2,13054,"P_extreme_poverty","Extreme poverty",-0.890285317179418,-0.00539123266935349
2,13056,"P_extreme_poverty","Extreme poverty",-0.929462783789691,-0.00604921486228704
2,13057,"P_extreme_poverty","Extreme poverty",-0.779282495116976,-0.00537853362038732
2,13061,"P_extreme_poverty","Extreme poverty",-0.968640250399965,0.00265297689475119
2,13063,"P_extreme_poverty","Extreme poverty",-0.903344472716176,0.00224218866787851
2,13064,"P_extreme_poverty","Extreme poverty",-0.864167006105902,0.00289379898458719
2,13066,"P_extreme_poverty","Extreme poverty",-0.759693761811839,-0.00220488291233778
2,13067,"P_extreme_poverty","Extreme poverty",-0.779282495116976,-0.00552994292229414
2,13069,"P_extreme_poverty","Extreme poverty",-0.896814894947797,0.00218259147368371
2,13072,"P_extreme_poverty","Extreme poverty",-0.916403628252934,0.00340054486878216
2,13074,"P_extreme_poverty","Extreme poverty",-0.785812072885355,-0.00305482558906078
2,13075,"P_extreme_poverty","Extreme poverty",-0.896814894947797,0.00219154171645641
2,13076,"P_extreme_poverty","Extreme poverty",-1.020876872547,0.00245441845618188
2,13077,"P_extreme_poverty","Extreme poverty",-0.838048695032386,-0.00394981959834695
2,13082,"P_extreme_poverty","Extreme poverty",-0.798871228422112,0.000493994913995266
2,13083,"P_extreme_poverty","Extreme poverty",-0.890285317179418,0.00239010038785636
2,14001,"P_extreme_poverty","Extreme poverty",-0.981699405936723,-0.00560102285817266
2,14002,"P_extreme_poverty","Extreme poverty",-0.988228983705102,0.00245441845618188
2,14003,"P_extreme_poverty","Extreme poverty",-0.994758561473481,0.00104321120306849
2,14005,"P_extreme_poverty","Extreme poverty",-0.949051517094828,0.00245441845618188
2,14006,"P_extreme_poverty","Extreme poverty",-0.870696583874281,0.00344198266975582
2,14007,"P_extreme_poverty","Extreme poverty",-0.93599236155807,-0.00493466993793845
2,14008,"P_extreme_poverty","Extreme poverty",-0.93599236155807,-0.00453225243836641
2,14009,"P_extreme_poverty","Extreme poverty",-1.00128813924186,0.00245441845618188
2,14011,"P_extreme_poverty","Extreme poverty",-0.341800784635586,-0.0037961769849062
2,14012,"P_extreme_poverty","Extreme poverty",-1.06658391692565,-0.00465489644557238
2,14013,"P_extreme_poverty","Extreme poverty",-0.929462783789691,-0.00560102285817266
2,14015,"P_extreme_poverty","Extreme poverty",-0.929462783789691,0.00193128979299217
2,14016,"P_extreme_poverty","Extreme poverty",-0.655220517517776,-0.00414394494146109
2,14017,"P_extreme_poverty","Extreme poverty",-0.746634606275081,-0.0045356210321188
2,14019,"P_extreme_poverty","Extreme poverty",0.787816169293973,0.00605536159127951
2,14020,"P_extreme_poverty","Extreme poverty",-0.642161361981018,0.00301118614152074
2,14021,"P_extreme_poverty","Extreme poverty",-0.864167006105902,-0.00379835581406951
2,14022,"P_extreme_poverty","Extreme poverty",-0.818459961727249,-0.00506326369941235
2,14024,"P_extreme_poverty","Extreme poverty",-0.949051517094828,-0.00465489644557238
2,14025,"P_extreme_poverty","Extreme poverty",-0.962110672631586,0.00199727551080287
2,14027,"P_extreme_poverty","Extreme poverty",0.108740081382562,0.00605536159127951
2,14028,"P_extreme_poverty","Extreme poverty",-0.981699405936723,-0.00494941230863333
2,14029,"P_extreme_poverty","Extreme poverty",-0.831519117264007,-0.00407812930643559
2,14031,"P_extreme_poverty","Extreme poverty",0.428689392033131,0.00602560304105282
2,14033,"P_extreme_poverty","Extreme poverty",-0.655220517517776,-0.00319781783036888
2,14035,"P_extreme_poverty","Extreme poverty",-0.988228983705102,-0.00540246441960335
2,14036,"P_extreme_poverty","Extreme poverty",-0.962110672631586,0.00340054486878216
2,14037,"P_extreme_poverty","Extreme poverty",-0.838048695032386,0.0031676881480962
2,14038,"P_extreme_poverty","Extreme poverty",-0.668279673054533,-0.00321256020106375
2,14039,"P_extreme_poverty","Extreme poverty",-1.02740645031538,0.00136865838430822
2,14040,"P_extreme_poverty","Extreme poverty",-0.583395162065607,-0.0035425741225481
2,14041,"P_extreme_poverty","Extreme poverty",-0.851107850569144,-0.00379835581406951
2,14042,"P_extreme_poverty","Extreme poverty",-0.557276850992091,-0.00349347270093858
2,14043,"P_extreme_poverty","Extreme poverty",-0.87722616164266,-0.00437074014917016
2,14044,"P_extreme_poverty","Extreme poverty",-0.896814894947797,0.00287726288661361
2,14046,"P_extreme_poverty","Extreme poverty",-0.916403628252934,-0.00453225243836641
2,14048,"P_extreme_poverty","Extreme poverty",-0.792341650653734,-0.00389320240356028
2,14051,"P_extreme_poverty","Extreme poverty",-0.929462783789691,0.00138564803637564
2,14053,"P_extreme_poverty","Extreme poverty",-0.838048695032386,-0.00479512847959995
2,14055,"P_extreme_poverty","Extreme poverty",-0.962110672631586,0.00233177444897592
2,14058,"P_extreme_poverty","Extreme poverty",-0.93599236155807,0.00338580249808729
2,14060,"P_extreme_poverty","Extreme poverty",-0.93599236155807,-0.0048908069729805
2,14061,"P_extreme_poverty","Extreme poverty",2.34838525593654,0.00597474025562406
2,14062,"P_extreme_poverty","Extreme poverty",-0.955581094863207,-0.00465489644557238
2,14063,"P_extreme_poverty","Extreme poverty",-0.929462783789691,0.00179871718864888
2,14064,"P_extreme_poverty","Extreme poverty",-0.713986717433186,-0.00576986465603113
2,14067,"P_extreme_poverty","Extreme poverty",-0.909874050484555,0.00183768721763045
2,14068,"P_extreme_poverty","Extreme poverty",-0.713986717433186,-0.00478922436013818
2,14070,"P_extreme_poverty","Extreme poverty",-0.785812072885355,0.00493895076215267
2,14071,"P_extreme_poverty","Extreme poverty",-0.642161361981018,-0.00357233267277479
2,14072,"P_extreme_poverty","Extreme poverty",-0.720516295201565,-0.00575512228533626
2,14073,"P_extreme_poverty","Extreme poverty",-0.962110672631586,-0.00250267400406301
2,14074,"P_extreme_poverty","Extreme poverty",-0.975169828168344,-0.00433369399979711
2,14075,"P_extreme_poverty","Extreme poverty",-0.766223339580218,-0.00444201892241836
2,14076,"P_extreme_poverty","Extreme poverty",-0.648690939749397,-0.00351640325970948
2,14077,"P_extreme_poverty","Extreme poverty",-0.81193038395887,0.00378441927023232
2,14078,"P_extreme_poverty","Extreme poverty",-0.824989539495628,-0.00480407942086458
2,14080,"P_extreme_poverty","Extreme poverty",-0.766223339580218,-0.00423158193007112
2,14081,"P_extreme_poverty","Extreme poverty",-0.713986717433186,-0.00421683955937624
2,14083,"P_extreme_poverty","Extreme poverty",-0.975169828168344,0.00245441845618188
2,14084,"P_extreme_poverty","Extreme poverty",-0.838048695032386,-0.0040382775478065
2,14090,"P_extreme_poverty","Extreme poverty",-0.922933206021313,-0.00262531801126897
2,14091,"P_extreme_poverty","Extreme poverty",-0.942521939326449,-0.00354226259514689
2,14093,"P_extreme_poverty","Extreme poverty",-0.981699405936723,-0.00518795382231474
2,14094,"P_extreme_poverty","Extreme poverty",-0.707457139664807,0.000926112872548401
2,14095,"P_extreme_poverty","Extreme poverty",-1.05352476138889,-0.00358612602576613
2,14097,"P_extreme_poverty","Extreme poverty",-0.896814894947797,0.00218259147368371
2,14098,"P_extreme_poverty","Extreme poverty",-0.955581094863207,0.00117009982932359
2,14100,"P_extreme_poverty","Extreme poverty",-0.694397984128049,-0.00397767825052142
2,14101,"P_extreme_poverty","Extreme poverty",-0.844578272800765,0.00231516407802701
2,14104,"P_extreme_poverty","Extreme poverty",-0.93599236155807,-0.00494941230863333
2,14105,"P_extreme_poverty","Extreme poverty",-0.851107850569144,-0.0049696615897119
2,14109,"P_extreme_poverty","Extreme poverty",-0.883755739411039,-0.0049696615897119
2,14110,"P_extreme_poverty","Extreme poverty",-0.838048695032386,0.00378441927023232
2,14111,"P_extreme_poverty","Extreme poverty",-1.06005433915727,-0.0054477546364069
2,14114,"P_extreme_poverty","Extreme poverty",-0.955581094863207,-0.00358612602576613
2,14115,"P_extreme_poverty","Extreme poverty",-0.472392340003165,-0.00346371415071189
2,14116,"P_extreme_poverty","Extreme poverty",-0.81193038395887,0.00238114991225302
2,14117,"P_extreme_poverty","Extreme poverty",-0.975169828168344,-0.00466963881626725
2,14118,"P_extreme_poverty","Extreme poverty",-0.916403628252934,-0.00461103301495314
2,14120,"P_extreme_poverty","Extreme poverty",-0.949051517094828,0.00117009982932359
2,14123,"P_extreme_poverty","Extreme poverty",-0.779282495116976,-0.00510837184265256
2,14124,"P_extreme_poverty","Extreme poverty",-0.81193038395887,-0.00414837803691626
2,14125,"P_extreme_poverty","Extreme poverty",-0.851107850569144,-0.00379835581406951
2,15001,"P_extreme_poverty","Extreme poverty",-0.008792318448259,0.00399307161569595
2,15002,"P_extreme_poverty","Extreme poverty",-0.478921917771544,0.00174615567084402
2,15003,"P_extreme_poverty","Extreme poverty",-0.75316418404346,-0.00537853362038732
2,15004,"P_extreme_poverty","Extreme poverty",-0.472392340003165,-0.00457825930789113
2,15005,"P_extreme_poverty","Extreme poverty",0.0956809258458041,0.00860309228301048
2,15007,"P_extreme_poverty","Extreme poverty",-0.0544993628269119,0.00465632835403085
2,15008,"P_extreme_poverty","Extreme poverty",-0.0740880961320485,0.00295442109927535
2,15009,"P_extreme_poverty","Extreme poverty",-0.550747273223712,0.00360987102612853
2,15010,"P_extreme_poverty","Extreme poverty",-0.713986717433186,-0.00124215020332485
2,15011,"P_extreme_poverty","Extreme poverty",-0.263445851415038,0.00180182897020131
2,15014,"P_extreme_poverty","Extreme poverty",-0.518099384381817,-0.004010368604213
2,15015,"P_extreme_poverty","Extreme poverty",-0.008792318448259,0.00435578403994441
2,15016,"P_extreme_poverty","Extreme poverty",-0.700927561896428,-0.00822882074862719
2,15017,"P_extreme_poverty","Extreme poverty",-0.785812072885355,0.00169425643980503
2,15018,"P_extreme_poverty","Extreme poverty",-0.700927561896428,0.00114074593875557
2,15020,"P_extreme_poverty","Extreme poverty",-0.962110672631586,-0.0045063872821629
2,15021,"P_extreme_poverty","Extreme poverty",-0.766223339580218,-0.00548401474952698
2,15025,"P_extreme_poverty","Extreme poverty",-0.348330362403965,0.00163570384029299
2,15026,"P_extreme_poverty","Extreme poverty",-0.283034584720175,-0.0039639426395297
2,15032,"P_extreme_poverty","Extreme poverty",0.526633058558815,0.0077604572288692
2,15033,"P_extreme_poverty","Extreme poverty",-0.779282495116976,0.00170144473668188
2,15035,"P_extreme_poverty","Extreme poverty",-0.792341650653734,0.00114074593875557
2,15036,"P_extreme_poverty","Extreme poverty",-0.511569806613438,-0.00422505708411336
2,15037,"P_extreme_poverty","Extreme poverty",-0.674809250822912,0.00220238300971687
2,15039,"P_extreme_poverty","Extreme poverty",-0.589924739833986,0.00253883935511112
2,15040,"P_extreme_poverty","Extreme poverty",-0.824989539495628,-0.00519267423078418
2,15041,"P_extreme_poverty","Extreme poverty",0.0826217703090463,0.00772750983014703
2,15042,"P_extreme_poverty","Extreme poverty",0.18709501460311,0.00680242339149117
2,15043,"P_extreme_poverty","Extreme poverty",-0.335271206867207,0.00276456167921424
2,15045,"P_extreme_poverty","Extreme poverty",-0.648690939749397,-0.00415868731215596
2,15046,"P_extreme_poverty","Extreme poverty",-0.922933206021313,-0.0117638297379017
2,15047,"P_extreme_poverty","Extreme poverty",0.154447125761215,0.00753021379932761
2,15048,"P_extreme_poverty","Extreme poverty",-0.642161361981018,-0.00396012887358665
2,15050,"P_extreme_poverty","Extreme poverty",-0.616043050907502,-0.00404280237853527
2,15051,"P_extreme_poverty","Extreme poverty",-0.864167006105902,0.00219154171645641
2,15052,"P_extreme_poverty","Extreme poverty",-0.015321896216638,0.00435578403994441
2,15054,"P_extreme_poverty","Extreme poverty",-0.922933206021313,-0.000480703136418015
2,15056,"P_extreme_poverty","Extreme poverty",0.00426683708849886,0.00442608492448926
2,15057,"P_extreme_poverty","Extreme poverty",-0.805400806190491,0.00155397423077375
2,15060,"P_extreme_poverty","Extreme poverty",-0.602983895370744,0.00264929118566215
2,15062,"P_extreme_poverty","Extreme poverty",-0.635631784212639,0.00174615567084402
2,15063,"P_extreme_poverty","Extreme poverty",-0.335271206867207,-0.00476207537576556
2,15064,"P_extreme_poverty","Extreme poverty",-0.354859940172344,-0.00480543775483966
2,15065,"P_extreme_poverty","Extreme poverty",-0.642161361981018,0.00269203865900636
2,15066,"P_extreme_poverty","Extreme poverty",-0.583395162065607,-0.00347873033024371
2,15067,"P_extreme_poverty","Extreme poverty",-0.31568247356207,-0.00394919980317354
2,15070,"P_extreme_poverty","Extreme poverty",-0.237327540341522,0.00237469794228673
2,15071,"P_extreme_poverty","Extreme poverty",-0.857637428337523,-0.00474448222666979
2,15073,"P_extreme_poverty","Extreme poverty",-0.864167006105902,0.00218259147368371
2,15074,"P_extreme_poverty","Extreme poverty",0.637635880621257,0.00798184424638748
2,15076,"P_extreme_poverty","Extreme poverty",-0.472392340003165,0.00264929118566215
2,15077,"P_extreme_poverty","Extreme poverty",-0.380978251245859,-0.00510928081348538
2,15078,"P_extreme_poverty","Extreme poverty",-0.589924739833986,-0.00488543650135398
2,15079,"P_extreme_poverty","Extreme poverty",-0.746634606275081,0.00144198501948267
2,15080,"P_extreme_poverty","Extreme poverty",-0.165502184889354,0.00290355854667723
2,15081,"P_extreme_poverty","Extreme poverty",-0.851107850569144,0.00218259147368371
2,15082,"P_extreme_poverty","Extreme poverty",-0.269975429183417,-0.00465711951255798
2,15084,"P_extreme_poverty","Extreme poverty",-0.50504022884506,0.00285816425457597
2,15085,"P_extreme_poverty","Extreme poverty",0.232802058981762,0.00710775889456272
2,15086,"P_extreme_poverty","Extreme poverty",-0.25038669587828,-0.00232703564688563
2,15087,"P_extreme_poverty","Extreme poverty",0.0565034592355305,0.00815087836235762
2,15088,"P_extreme_poverty","Extreme poverty",-0.25038669587828,-0.00262757972814143
2,15090,"P_extreme_poverty","Extreme poverty",-0.198150073731249,0.00435578403994441
2,15092,"P_extreme_poverty","Extreme poverty",-0.740105028506702,0.00133930437732488
2,15093,"P_extreme_poverty","Extreme poverty",-0.759693761811839,0.00223605125211179
2,15094,"P_extreme_poverty","Extreme poverty",-0.348330362403965,0.00195168575737625
2,15095,"P_extreme_poverty","Extreme poverty",-0.727045872969944,0.000512128579430282
2,15096,"P_extreme_poverty","Extreme poverty",-0.713986717433186,0.0021034786477685
2,15097,"P_extreme_poverty","Extreme poverty",-0.472392340003165,-0.00477681774646044
2,15099,"P_extreme_poverty","Extreme poverty",-0.485451495539923,0.00129326723981649
2,15100,"P_extreme_poverty","Extreme poverty",-0.452803606698028,0.00285816425457597
2,15101,"P_extreme_poverty","Extreme poverty",-0.309152895793691,0.00259843654930592
2,15102,"P_extreme_poverty","Extreme poverty",-0.857637428337523,-0.00454592378810048
2,15103,"P_extreme_poverty","Extreme poverty",-0.700927561896428,-0.00391260208562016
2,15104,"P_extreme_poverty","Extreme poverty",-0.870696583874281,0.00155397423077375
2,15105,"P_extreme_poverty","Extreme poverty",-0.106735984973943,0.00295442109927535
2,15106,"P_extreme_poverty","Extreme poverty",-0.420155717856133,0.00221923273056746
2,15107,"P_extreme_poverty","Extreme poverty",-0.87722616164266,-0.00474448222666979
2,15109,"P_extreme_poverty","Extreme poverty",-0.792341650653734,0.00170144473668188
2,15110,"P_extreme_poverty","Extreme poverty",-0.50504022884506,-0.00411532493308187
2,15111,"P_extreme_poverty","Extreme poverty",0.147917547992836,0.00821208767592907
2,15112,"P_extreme_poverty","Extreme poverty",-0.237327540341522,-0.00148440105840564
2,15113,"P_extreme_poverty","Extreme poverty",-0.211209229268007,0.00435578403994441
2,15114,"P_extreme_poverty","Extreme poverty",0.422159814264752,0.00821208767592907
2,15115,"P_extreme_poverty","Extreme poverty",-0.459333184466407,0.00254218187183142
2,15116,"P_extreme_poverty","Extreme poverty",-0.713986717433186,-0.00552994292229414
2,15117,"P_extreme_poverty","Extreme poverty",-0.158972607120975,0.00290355854667723
2,15118,"P_extreme_poverty","Extreme poverty",-0.491981073308302,0.00172930594999343
2,15119,"P_extreme_poverty","Extreme poverty",0.330745725507447,0.00772750983014703
2,15120,"P_extreme_poverty","Extreme poverty",-0.616043050907502,0.00174615567084402
2,15121,"P_extreme_poverty","Extreme poverty",-0.883755739411039,-0.00247170985676348
2,15123,"P_extreme_poverty","Extreme poverty",0.350334458812583,0.00605855043977499
2,15124,"P_extreme_poverty","Extreme poverty",0.500514747485299,0.0119003094732761
2,16003,"P_extreme_poverty","Extreme poverty",-0.328741629098828,-0.0031691980548203
2,16007,"P_extreme_poverty","Extreme poverty",-0.459333184466407,-0.004010368604213
2,16013,"P_extreme_poverty","Extreme poverty",-0.341800784635586,-0.00380063895136118
2,16017,"P_extreme_poverty","Extreme poverty",-0.452803606698028,-0.00347873033024371
2,16018,"P_extreme_poverty","Extreme poverty",-0.544217695455333,-0.00485567795112729
2,16020,"P_extreme_poverty","Extreme poverty",-0.256916273646659,-0.00456351693719625
2,16022,"P_extreme_poverty","Extreme poverty",-0.68786840635967,-0.00531695270910859
2,16031,"P_extreme_poverty","Extreme poverty",-0.583395162065607,-0.00347822927869856
2,16034,"P_extreme_poverty","Extreme poverty",-0.0544993628269119,0.00328318704850972
2,16038,"P_extreme_poverty","Extreme poverty",-0.635631784212639,-0.00349110667593777
2,16040,"P_extreme_poverty","Extreme poverty",0.0173259926252567,0.00435578403994441
2,16041,"P_extreme_poverty","Extreme poverty",-0.354859940172344,-0.00465711951255798
2,16046,"P_extreme_poverty","Extreme poverty",-0.269975429183417,-0.00415369914844632
2,16047,"P_extreme_poverty","Extreme poverty",-0.537688117686954,-0.0035425741225481
2,16049,"P_extreme_poverty","Extreme poverty",0.0173259926252567,0.00462338048964739
2,16050,"P_extreme_poverty","Extreme poverty",-0.446274028929649,-0.00510928081348538
2,16057,"P_extreme_poverty","Extreme poverty",-0.452803606698028,-0.00380063895136118
2,16072,"P_extreme_poverty","Extreme poverty",-0.394037406782617,-0.00413006730377674
2,16077,"P_extreme_poverty","Extreme poverty",-0.269975429183417,-0.00377088040113449
2,16078,"P_extreme_poverty","Extreme poverty",-0.50504022884506,-0.0031253348570317
2,16080,"P_extreme_poverty","Extreme poverty",-0.289564162488554,-0.00494048092514277
2,16081,"P_extreme_poverty","Extreme poverty",-0.139383873815838,0.00295442109927535
2,16088,"P_extreme_poverty","Extreme poverty",-0.883755739411039,0.00218259147368371
2,16092,"P_extreme_poverty","Extreme poverty",-0.256916273646659,-0.00380063895136118
2,16093,"P_extreme_poverty","Extreme poverty",-0.198150073731249,0.00328318704850972
2,16098,"P_extreme_poverty","Extreme poverty",-0.56380642876047,-0.00510928081348538
2,16099,"P_extreme_poverty","Extreme poverty",-0.113265562742322,0.00292147346772254
2,16101,"P_extreme_poverty","Extreme poverty",0.0434443036987724,0.00602560304105282
2,16110,"P_extreme_poverty","Extreme poverty",-0.616043050907502,-0.00319781783036888
2,16112,"P_extreme_poverty","Extreme poverty",-0.198150073731249,0.00328318704850972
2,17001,"P_extreme_poverty","Extreme poverty",-0.256916273646659,-0.00349871092475951
2,17002,"P_extreme_poverty","Extreme poverty",-0.322212051330449,-0.00148682505823672
2,17003,"P_extreme_poverty","Extreme poverty",0.396041503191236,0.00745991338044405
2,17004,"P_extreme_poverty","Extreme poverty",-0.465862762234786,-0.00485567795112729
2,17005,"P_extreme_poverty","Extreme poverty",-0.420155717856133,-0.00465711951255798
2,17006,"P_extreme_poverty","Extreme poverty",-0.576865584297228,0.00283100013621151
2,17007,"P_extreme_poverty","Extreme poverty",-0.838048695032386,0.00203871331177652
2,17008,"P_extreme_poverty","Extreme poverty",-0.583395162065607,0.00263244146481156
2,17009,"P_extreme_poverty","Extreme poverty",-0.518099384381817,0.00098895316477865
2,17010,"P_extreme_poverty","Extreme poverty",-0.452803606698028,-0.00477681774646044
2,17012,"P_extreme_poverty","Extreme poverty",-0.491981073308302,-0.00471671624109149
2,17013,"P_extreme_poverty","Extreme poverty",0.00426683708849886,0.00435578403994441
2,17014,"P_extreme_poverty","Extreme poverty",-0.609513473139123,-0.00561985187232494
2,17015,"P_extreme_poverty","Extreme poverty",-0.62910220644426,-0.00572480773553252
2,17016,"P_extreme_poverty","Extreme poverty",0.291568258897173,0.00745991338044405
2,17017,"P_extreme_poverty","Extreme poverty",-0.348330362403965,-0.00516788801178336
2,17018,"P_extreme_poverty","Extreme poverty",-0.263445851415038,-0.00572480773553252
2,17019,"P_extreme_poverty","Extreme poverty",-0.19162049596287,0.00253196572884917
2,17020,"P_extreme_poverty","Extreme poverty",-0.518099384381817,0.00198569102212787
2,17021,"P_extreme_poverty","Extreme poverty",-0.550747273223712,-0.00440371409058571
2,17022,"P_extreme_poverty","Extreme poverty",0.167506281297973,-0.00171998725272715
2,17023,"P_extreme_poverty","Extreme poverty",-0.119795140510701,0.00516865961253643
2,17024,"P_extreme_poverty","Extreme poverty",-0.544217695455333,-0.00581841031089425
2,17025,"P_extreme_poverty","Extreme poverty",-0.498510651076681,-0.00485567795112729
2,17026,"P_extreme_poverty","Extreme poverty",-0.524628962150196,-0.00485567795112729
2,17027,"P_extreme_poverty","Extreme poverty",0.193624592371488,0.00779021577909589
2,17028,"P_extreme_poverty","Extreme poverty",-0.550747273223712,-0.00507805729284883
2,17029,"P_extreme_poverty","Extreme poverty",-0.537688117686954,-0.00507805729284883
2,17030,"P_extreme_poverty","Extreme poverty",-0.263445851415038,-0.00485567795112729
2,17032,"P_extreme_poverty","Extreme poverty",-0.681338828591291,0.00204739510081708
2,17035,"P_extreme_poverty","Extreme poverty",1.02941054672399,0.00793514028191566
2,18001,"P_extreme_poverty","Extreme poverty",-0.903344472716176,-0.0040382775478065
2,18002,"P_extreme_poverty","Extreme poverty",-1.07964307246241,-0.00465489644557238
2,18003,"P_extreme_poverty","Extreme poverty",-1.05352476138889,-0.00465489644557238
2,18004,"P_extreme_poverty","Extreme poverty",-1.00128813924186,-0.00465489644557238
2,18005,"P_extreme_poverty","Extreme poverty",0.957585191271826,0.00647723255679011
2,18006,"P_extreme_poverty","Extreme poverty",-1.04699518362051,0.000470145081635565
2,18007,"P_extreme_poverty","Extreme poverty",-0.785812072885355,-0.00423158193007112
2,18008,"P_extreme_poverty","Extreme poverty",-1.06658391692565,0.00117009982932359
2,18009,"P_extreme_poverty","Extreme poverty",2.50509512237764,0.0101654548197985
2,18010,"P_extreme_poverty","Extreme poverty",-0.792341650653734,-0.00445676129311323
2,18011,"P_extreme_poverty","Extreme poverty",-0.857637428337523,-0.00409287167713046
2,18012,"P_extreme_poverty","Extreme poverty",-0.994758561473481,-0.00465489644557238
2,18013,"P_extreme_poverty","Extreme poverty",-1.05352476138889,-0.00465489644557238
2,18014,"P_extreme_poverty","Extreme poverty",-1.00781771701024,-0.00466963881626725
2,18015,"P_extreme_poverty","Extreme poverty",-1.04699518362051,-0.00465489644557238
2,18016,"P_extreme_poverty","Extreme poverty",-1.01434729477862,-0.00465489644557238
2,18017,"P_extreme_poverty","Extreme poverty",-1.07311349469403,0.00117009982932359
2,18018,"P_extreme_poverty","Extreme poverty",-1.04046560585213,-0.00499733258038759
2,18019,"P_extreme_poverty","Extreme poverty",0.520103480790436,0.00602560304105282
2,18020,"P_extreme_poverty","Extreme poverty",-1.020876872547,0.00145628035534173
2,19002,"P_extreme_poverty","Extreme poverty",-1.09923180576754,-0.00520857563242316
2,19003,"P_extreme_poverty","Extreme poverty",-1.09270222799917,0.00212053116410971
2,19004,"P_extreme_poverty","Extreme poverty",-1.06658391692565,0.00117009982932359
2,19005,"P_extreme_poverty","Extreme poverty",-1.020876872547,0.00197459547780454
2,19006,"P_extreme_poverty","Extreme poverty",-1.07311349469403,-0.00570470094680786
2,19007,"P_extreme_poverty","Extreme poverty",-0.472392340003165,-0.00382593553513288
2,19008,"P_extreme_poverty","Extreme poverty",-1.05352476138889,0.00231703207828104
2,19009,"P_extreme_poverty","Extreme poverty",-1.03393602808375,0.00211198162287474
2,19010,"P_extreme_poverty","Extreme poverty",-1.00781771701024,0.00549975456669927
2,19011,"P_extreme_poverty","Extreme poverty",-1.06658391692565,0.000244159309659153
2,19012,"P_extreme_poverty","Extreme poverty",-1.020876872547,0.00487113744020462
2,19013,"P_extreme_poverty","Extreme poverty",-1.06005433915727,0.000244159309659153
2,19015,"P_extreme_poverty","Extreme poverty",-1.06005433915727,0.00228668306954205
2,19016,"P_extreme_poverty","Extreme poverty",-1.04046560585213,-0.00695294793695211
2,19017,"P_extreme_poverty","Extreme poverty",-0.766223339580218,-0.00401083566248417
2,19018,"P_extreme_poverty","Extreme poverty",-1.04046560585213,0.00421543605625629
2,19019,"P_extreme_poverty","Extreme poverty",-1.10576138353592,-0.00148045807145536
2,19020,"P_extreme_poverty","Extreme poverty",-1.02740645031538,0.00197459547780454
2,19021,"P_extreme_poverty","Extreme poverty",-0.988228983705102,0.00117009982932359
2,19022,"P_extreme_poverty","Extreme poverty",-1.06658391692565,0.00210578879341483
2,19023,"P_extreme_poverty","Extreme poverty",-1.07311349469403,0.00283212261274457
2,19025,"P_extreme_poverty","Extreme poverty",-1.03393602808375,0.00484405318275094
2,19026,"P_extreme_poverty","Extreme poverty",-1.07311349469403,0.000170344836078584
2,19027,"P_extreme_poverty","Extreme poverty",-1.06658391692565,0.000244159309659153
2,19029,"P_extreme_poverty","Extreme poverty",-1.08617265023079,0.00340054486878216
2,19030,"P_extreme_poverty","Extreme poverty",-0.746634606275081,-0.00789699144661427
2,19031,"P_extreme_poverty","Extreme poverty",-1.020876872547,0.00450161658227444
2,19032,"P_extreme_poverty","Extreme poverty",-1.09923180576754,0.00212053116410971
2,19033,"P_extreme_poverty","Extreme poverty",-0.975169828168344,0.00195837370119989
2,19035,"P_extreme_poverty","Extreme poverty",-1.1122909613043,0.00212053116410971
2,19037,"P_extreme_poverty","Extreme poverty",-1.00128813924186,-0.00504460372030735
2,19038,"P_extreme_poverty","Extreme poverty",-1.08617265023079,0.00117009982932359
2,19039,"P_extreme_poverty","Extreme poverty",-1.00781771701024,0.00125508627388626
2,19040,"P_extreme_poverty","Extreme poverty",-1.1122909613043,0.00212053116410971
2,19041,"P_extreme_poverty","Extreme poverty",-1.04046560585213,0.00515731796622276
2,19042,"P_extreme_poverty","Extreme poverty",-0.988228983705102,0.00198933784849942
2,19043,"P_extreme_poverty","Extreme poverty",-0.805400806190491,-0.00420458847656846
2,19044,"P_extreme_poverty","Extreme poverty",-1.06005433915727,0.000883214292116463
2,19045,"P_extreme_poverty","Extreme poverty",-1.00781771701024,0.00487113744020462
2,19046,"P_extreme_poverty","Extreme poverty",-1.09923180576754,-0.00335371331311762
2,19047,"P_extreme_poverty","Extreme poverty",-1.05352476138889,0.00153891555964947
2,19048,"P_extreme_poverty","Extreme poverty",-1.07311349469403,0.000170344836078584
2,19049,"P_extreme_poverty","Extreme poverty",-1.07964307246241,0.000671971007250249
2,19050,"P_extreme_poverty","Extreme poverty",-1.06658391692565,0.000557626306544989
2,19051,"P_extreme_poverty","Extreme poverty",-1.06005433915727,0.000244159309659153
2,20005,"P_extreme_poverty","Extreme poverty",-0.831519117264007,-0.0096089281141758
2,20008,"P_extreme_poverty","Extreme poverty",0.0238555703936358,0.00337310344912112
2,20010,"P_extreme_poverty","Extreme poverty",-0.824989539495628,-0.00402353517711163
2,20012,"P_extreme_poverty","Extreme poverty",1.79990072339271,0.0101654548197985
2,20014,"P_extreme_poverty","Extreme poverty",-0.838048695032386,-0.00347717013210058
2,20015,"P_extreme_poverty","Extreme poverty",2.17208665619031,0.00600449880585074
2,20017,"P_extreme_poverty","Extreme poverty",1.00329223565048,0.00597474025562406
2,20021,"P_extreme_poverty","Extreme poverty",-0.119795140510701,0.00293331709690392
2,20028,"P_extreme_poverty","Extreme poverty",0.167506281297973,0.00600449880585074
2,20036,"P_extreme_poverty","Extreme poverty",0.487455591948541,0.00681737437844276
2,20043,"P_extreme_poverty","Extreme poverty",-0.0806176739004276,0.00478514423593879
2,20052,"P_extreme_poverty","Extreme poverty",-0.198150073731249,0.00292147346772254
2,20053,"P_extreme_poverty","Extreme poverty",-0.81193038395887,-0.0096439253538847
2,20057,"P_extreme_poverty","Extreme poverty",0.0173259926252567,0.00293331709690392
2,20059,"P_extreme_poverty","Extreme poverty",0.448278125338268,0.00779021577909589
2,20061,"P_extreme_poverty","Extreme poverty",0.409100658727994,0.00597474025562406
2,20066,"P_extreme_poverty","Extreme poverty",-0.328741629098828,-0.0033743055537343
2,20070,"P_extreme_poverty","Extreme poverty",1.47342183497376,0.00686823716387153
2,20071,"P_extreme_poverty","Extreme poverty",0.761697858220457,0.00602560304105282
2,20075,"P_extreme_poverty","Extreme poverty",-0.394037406782617,-0.0035284694749862
2,20076,"P_extreme_poverty","Extreme poverty",0.376452769886099,0.00779021577909589
2,20079,"P_extreme_poverty","Extreme poverty",-0.824989539495628,0.00386725272983313
2,20080,"P_extreme_poverty","Extreme poverty",0.180565436834731,0.00605536159127951
2,20082,"P_extreme_poverty","Extreme poverty",0.572340102937468,0.00602560304105282
2,20085,"P_extreme_poverty","Extreme poverty",3.14499374367878,0.0101654548197985
2,20090,"P_extreme_poverty","Extreme poverty",0.507044325253678,0.00600449880585074
2,20113,"P_extreme_poverty","Extreme poverty",0.500514747485299,0.00804254598915577
2,20117,"P_extreme_poverty","Extreme poverty",0.663754191694773,0.00647723255679011
2,20122,"P_extreme_poverty","Extreme poverty",-0.263445851415038,-0.00380063895136118
2,20124,"P_extreme_poverty","Extreme poverty",0.36992319211772,0.00857014395296574
2,20125,"P_extreme_poverty","Extreme poverty",1.22529787977536,0.00602560304105282
2,20126,"P_extreme_poverty","Extreme poverty",1.00329223565048,0.00749726640060544
2,20130,"P_extreme_poverty","Extreme poverty",0.866171102514521,0.00602560304105282
2,20141,"P_extreme_poverty","Extreme poverty",0.160976703529594,0.00602560304105282
2,20143,"P_extreme_poverty","Extreme poverty",-0.0283810517533959,0.00298417964950204
2,20146,"P_extreme_poverty","Extreme poverty",1.58442465703621,0.00731389177963138
2,20148,"P_extreme_poverty","Extreme poverty",1.03594012449237,0.00597474025562406
2,20149,"P_extreme_poverty","Extreme poverty",0.957585191271826,0.00749726640060544
2,20153,"P_extreme_poverty","Extreme poverty",0.141387970224457,0.00772750983014703
2,20154,"P_extreme_poverty","Extreme poverty",0.879230258051279,0.00600768765434623
2,20159,"P_extreme_poverty","Extreme poverty",1.65625001248837,0.00772750983014703
2,20170,"P_extreme_poverty","Extreme poverty",2.38103314477844,0.00749726640060544
2,20185,"P_extreme_poverty","Extreme poverty",0.533162636327194,0.00752702495083213
2,20190,"P_extreme_poverty","Extreme poverty",0.650695036158015,0.00608830899000168
2,20198,"P_extreme_poverty","Extreme poverty",0.337275303275825,0.00600768765434623
2,20202,"P_extreme_poverty","Extreme poverty",0.0107964148568777,0.0029003694653511
2,20203,"P_extreme_poverty","Extreme poverty",1.50606972381566,0.00772750983014703
2,20204,"P_extreme_poverty","Extreme poverty",0.356864036580962,0.00600449880585074
2,20207,"P_extreme_poverty","Extreme poverty",1.16000210209157,0.00602560304105282
2,20211,"P_extreme_poverty","Extreme poverty",1.93702185652867,0.0101654548197985
2,20213,"P_extreme_poverty","Extreme poverty",0.611517569547742,0.00969591084867716
2,20225,"P_extreme_poverty","Extreme poverty",1.56483592373107,0.00794889684766531
2,20229,"P_extreme_poverty","Extreme poverty",2.83810358856497,0.0116371186450124
2,20235,"P_extreme_poverty","Extreme poverty",0.552751369632331,0.00600768765434623
2,20253,"P_extreme_poverty","Extreme poverty",1.8651965010765,0.00647723255679011
2,20254,"P_extreme_poverty","Extreme poverty",0.376452769886099,0.00605536159127951
2,20263,"P_extreme_poverty","Extreme poverty",1.48648099051052,0.00597474025562406
2,20265,"P_extreme_poverty","Extreme poverty",0.702931658305047,0.00647723255679011
2,20266,"P_extreme_poverty","Extreme poverty",-0.596454317602365,-0.00508398422971368
2,20272,"P_extreme_poverty","Extreme poverty",2.3940923003152,0.00969272200018167
2,20277,"P_extreme_poverty","Extreme poverty",1.7737824123192,0.00597474025562406
2,20279,"P_extreme_poverty","Extreme poverty",1.02941054672399,0.0083728488534689
2,20282,"P_extreme_poverty","Extreme poverty",-0.12632471827908,0.00295442109927535
2,20285,"P_extreme_poverty","Extreme poverty",0.0303851481620146,0.00462338048964739
2,20291,"P_extreme_poverty","Extreme poverty",0.853111946977763,0.00602560304105282
2,20300,"P_extreme_poverty","Extreme poverty",1.70195705686703,0.00749726640060544
2,20302,"P_extreme_poverty","Extreme poverty",1.48648099051052,0.00794889684766531
2,20306,"P_extreme_poverty","Extreme poverty",1.57136550149945,0.00971382576972246
2,20307,"P_extreme_poverty","Extreme poverty",-0.648690939749397,-0.00377088040113449
2,20308,"P_extreme_poverty","Extreme poverty",0.298097836665552,0.00857014395296574
2,20316,"P_extreme_poverty","Extreme poverty",1.53218803488917,0.00752702495083213
2,20318,"P_extreme_poverty","Extreme poverty",-0.341800784635586,-0.00488542579114437
2,20319,"P_extreme_poverty","Extreme poverty",0.735579547146942,0.00597474025562406
2,20324,"P_extreme_poverty","Extreme poverty",-0.328741629098828,-0.00508398422971368
2,20327,"P_extreme_poverty","Extreme poverty",-0.198150073731249,0.00295442109927535
2,20334,"P_extreme_poverty","Extreme poverty",-0.152443029352596,0.00465313903987408
2,20344,"P_extreme_poverty","Extreme poverty",1.28406407969077,0.00602560304105282
2,20345,"P_extreme_poverty","Extreme poverty",0.0695626147722884,0.00602560304105282
2,20353,"P_extreme_poverty","Extreme poverty",0.885759835819658,0.00779021577909589
2,20357,"P_extreme_poverty","Extreme poverty",0.702931658305047,0.00647723255679011
2,20364,"P_extreme_poverty","Extreme poverty",0.467866858643404,0.00749726640060544
2,20366,"P_extreme_poverty","Extreme poverty",2.34838525593654,0.00597474025562406
2,20367,"P_extreme_poverty","Extreme poverty",2.06761341189625,0.0081791402772069
2,20386,"P_extreme_poverty","Extreme poverty",2.38103314477844,0.00772750983014703
2,20391,"P_extreme_poverty","Extreme poverty",3.6347120763072,0.00647723255679011
2,20398,"P_extreme_poverty","Extreme poverty",0.213213325676625,0.00539059843868017
2,20401,"P_extreme_poverty","Extreme poverty",-0.616043050907502,-0.00508398422971368
2,20402,"P_extreme_poverty","Extreme poverty",0.859641524746142,0.00602560304105282
2,20407,"P_extreme_poverty","Extreme poverty",0.983703502345342,0.00647723255679011
2,20410,"P_extreme_poverty","Extreme poverty",0.0565034592355305,0.00651017995551229
2,20412,"P_extreme_poverty","Extreme poverty",1.05552885779751,0.00686823716387153
2,20413,"P_extreme_poverty","Extreme poverty",-0.485451495539923,-0.000995506183244288
2,20414,"P_extreme_poverty","Extreme poverty",0.0369147259303936,0.00605536159127951
2,20415,"P_extreme_poverty","Extreme poverty",0.840052791441005,0.00600768765434623
2,20418,"P_extreme_poverty","Extreme poverty",-0.459333184466407,-0.00349110667593777
2,20421,"P_extreme_poverty","Extreme poverty",-0.609513473139123,-0.00377088040113449
2,20424,"P_extreme_poverty","Extreme poverty",2.28308947825275,0.00602560304105282
2,20427,"P_extreme_poverty","Extreme poverty",0.0565034592355305,0.00779021577909589
2,20428,"P_extreme_poverty","Extreme poverty",1.63666127918324,0.0081791402772069
2,20439,"P_extreme_poverty","Extreme poverty",0.160976703529594,0.00772750983014703
2,20440,"P_extreme_poverty","Extreme poverty",-0.459333184466407,-0.0033743055537343
2,20441,"P_extreme_poverty","Extreme poverty",0.93146688019831,0.0081791402772069
2,20448,"P_extreme_poverty","Extreme poverty",3.29517403235149,0.0116371186450124
2,20449,"P_extreme_poverty","Extreme poverty",0.402571080959615,0.00605536159127951
2,20450,"P_extreme_poverty","Extreme poverty",4.38561351967078,0.011867362074554
2,20453,"P_extreme_poverty","Extreme poverty",-0.309152895793691,-0.00377088040113449
2,20465,"P_extreme_poverty","Extreme poverty",0.729049969378563,0.00642636977136135
2,20466,"P_extreme_poverty","Extreme poverty",3.61512334300206,0.00749726640060544
2,20467,"P_extreme_poverty","Extreme poverty",0.520103480790436,0.00597474025562406
2,20470,"P_extreme_poverty","Extreme poverty",0.141387970224457,0.00686823716387153
2,20472,"P_extreme_poverty","Extreme poverty",-0.50504022884506,-0.0035425741225481
2,20474,"P_extreme_poverty","Extreme poverty",-0.0610289405952907,0.00292147346772254
2,20477,"P_extreme_poverty","Extreme poverty",0.31115699220231,0.00602560304105282
2,20482,"P_extreme_poverty","Extreme poverty",0.0434443036987724,0.00691491505131125
2,20485,"P_extreme_poverty","Extreme poverty",1.64319085695162,0.00602560304105282
2,20489,"P_extreme_poverty","Extreme poverty",1.00982181341886,0.00605536159127951
2,20495,"P_extreme_poverty","Extreme poverty",2.28961905602113,0.00647723255679011
2,20498,"P_extreme_poverty","Extreme poverty",0.787816169293973,0.00602560304105282
2,20505,"P_extreme_poverty","Extreme poverty",-0.426685295624512,-0.0027296980842948
2,20507,"P_extreme_poverty","Extreme poverty",1.19917956870185,0.00602560304105282
2,20508,"P_extreme_poverty","Extreme poverty",-0.831519117264007,-0.00994139164686203
2,20509,"P_extreme_poverty","Extreme poverty",2.0219063675176,0.0111854895949364
2,20512,"P_extreme_poverty","Extreme poverty",1.49954014604728,0.00597474025562406
2,20513,"P_extreme_poverty","Extreme poverty",0.265449947823657,0.00647723255679011
2,20515,"P_extreme_poverty","Extreme poverty",-0.211209229268007,0.00465313903987408
2,20516,"P_extreme_poverty","Extreme poverty",0.546221791863952,0.00772750983014703
2,20525,"P_extreme_poverty","Extreme poverty",-0.243857118109901,-0.00218600779771805
2,20526,"P_extreme_poverty","Extreme poverty",0.252390792286899,0.00752702495083213
2,20533,"P_extreme_poverty","Extreme poverty",-0.0610289405952907,0.00442289561033249
2,20534,"P_extreme_poverty","Extreme poverty",2.27655990048437,0.00597474025562406
2,20535,"P_extreme_poverty","Extreme poverty",3.02093176607958,0.00966296344995499
2,20543,"P_extreme_poverty","Extreme poverty",2.68139372212387,0.00772750983014703
2,20557,"P_extreme_poverty","Extreme poverty",-0.322212051330449,-0.0027296980842948
2,20563,"P_extreme_poverty","Extreme poverty",0.898818991356415,0.00597474025562406
2,21001,"P_extreme_poverty","Extreme poverty",0.507044325253678,0.0112481955438852
2,21002,"P_extreme_poverty","Extreme poverty",-0.211209229268007,0.00325077469460666
2,21004,"P_extreme_poverty","Extreme poverty",0.115269659150941,0.0111481370404363
2,21005,"P_extreme_poverty","Extreme poverty",1.32324154630105,0.00749726640060544
2,21006,"P_extreme_poverty","Extreme poverty",0.167506281297973,0.00731389177963138
2,21007,"P_extreme_poverty","Extreme poverty",0.415630236496373,0.00539059843868017
2,21008,"P_extreme_poverty","Extreme poverty",-0.511569806613438,-0.00394919980317354
2,21011,"P_extreme_poverty","Extreme poverty",0.0499738814671515,0.00603744620457292
2,21012,"P_extreme_poverty","Extreme poverty",-0.263445851415038,-0.0035284694749862
2,21015,"P_extreme_poverty","Extreme poverty",-0.328741629098828,0.00028421965544112
2,21016,"P_extreme_poverty","Extreme poverty",-0.269975429183417,-0.00510928081348538
2,21019,"P_extreme_poverty","Extreme poverty",-0.426685295624512,-0.00487949885427952
2,21022,"P_extreme_poverty","Extreme poverty",0.487455591948541,0.00719991140067577
2,21023,"P_extreme_poverty","Extreme poverty",0.611517569547742,0.00772750983014703
2,21025,"P_extreme_poverty","Extreme poverty",0.232802058981762,0.00602560304105282
2,21026,"P_extreme_poverty","Extreme poverty",0.128328814687699,0.00722966995090246
2,21031,"P_extreme_poverty","Extreme poverty",0.356864036580962,0.00605855043977499
2,21032,"P_extreme_poverty","Extreme poverty",-0.008792318448259,0.00228646909818053
2,21039,"P_extreme_poverty","Extreme poverty",0.422159814264752,0.00749726640060544
2,21040,"P_extreme_poverty","Extreme poverty",0.0565034592355305,0.00777907436713576
2,21043,"P_extreme_poverty","Extreme poverty",0.761697858220457,0.0081791402772069
2,21044,"P_extreme_poverty","Extreme poverty",-0.361389517940723,-0.00456351693719625
2,21045,"P_extreme_poverty","Extreme poverty",-0.367919095709102,-0.00456351693719625
2,21046,"P_extreme_poverty","Extreme poverty",-0.0936768294371854,0.00378789100795984
2,21047,"P_extreme_poverty","Extreme poverty",-0.145913451584217,0.00298417964950204
2,21048,"P_extreme_poverty","Extreme poverty",-0.0479697850585328,-0.00523683242499828
2,21049,"P_extreme_poverty","Extreme poverty",1.83907819000298,0.00754413520917296
2,21050,"P_extreme_poverty","Extreme poverty",1.23182745754374,0.011867362074554
2,21051,"P_extreme_poverty","Extreme poverty",-0.256916273646659,-0.00344897178001702
2,21053,"P_extreme_poverty","Extreme poverty",-0.309152895793691,-0.00479069538414478
2,21054,"P_extreme_poverty","Extreme poverty",0.0565034592355305,0.00422191573306918
2,21056,"P_extreme_poverty","Extreme poverty",-0.550747273223712,-0.00349871092475951
2,21057,"P_extreme_poverty","Extreme poverty",-0.0610289405952907,0.00290355854667723
2,21058,"P_extreme_poverty","Extreme poverty",1.20570914647023,0.0119003094732761
2,21061,"P_extreme_poverty","Extreme poverty",2.85116274410172,0.0081791402772069
2,21062,"P_extreme_poverty","Extreme poverty",-0.394037406782617,-0.0035425741225481
2,21063,"P_extreme_poverty","Extreme poverty",-0.348330362403965,-0.00456351693719625
2,21065,"P_extreme_poverty","Extreme poverty",-0.0740880961320485,0.00477765500545502
2,21067,"P_extreme_poverty","Extreme poverty",-0.413626140087754,-0.00476207537576556
2,21069,"P_extreme_poverty","Extreme poverty",0.0565034592355305,0.00722966995090246
2,21070,"P_extreme_poverty","Extreme poverty",0.343804881044204,0.00600768765434623
2,21071,"P_extreme_poverty","Extreme poverty",0.0369147259303936,0.00689202034845948
2,21072,"P_extreme_poverty","Extreme poverty",1.23182745754374,0.00647723255679011
2,21073,"P_extreme_poverty","Extreme poverty",0.382982347654478,0.00605536159127951
2,21074,"P_extreme_poverty","Extreme poverty",-0.302623318025312,0.00269203865900636
2,21076,"P_extreme_poverty","Extreme poverty",0.108740081382562,0.0077604572288692
2,21077,"P_extreme_poverty","Extreme poverty",1.34283027960618,0.00857014395296574
2,21078,"P_extreme_poverty","Extreme poverty",1.70195705686703,0.00857014395296574
2,21079,"P_extreme_poverty","Extreme poverty",-0.224268384804764,-0.00488467793911695
2,21081,"P_extreme_poverty","Extreme poverty",0.604987991779363,0.00597474025562406
2,21083,"P_extreme_poverty","Extreme poverty",-0.100206407205564,0.00295442109927535
2,21085,"P_extreme_poverty","Extreme poverty",-0.296093740256933,-0.00456351693719625
2,21087,"P_extreme_poverty","Extreme poverty",0.735579547146942,0.00597474025562406
2,21089,"P_extreme_poverty","Extreme poverty",0.18709501460311,0.00645931717008352
2,21092,"P_extreme_poverty","Extreme poverty",0.330745725507447,0.00602560304105282
2,21093,"P_extreme_poverty","Extreme poverty",-0.132854296047459,0.00307574844919145
2,21094,"P_extreme_poverty","Extreme poverty",-0.50504022884506,-0.00476207537576556
2,21096,"P_extreme_poverty","Extreme poverty",-0.296093740256933,-0.00485567795112729
2,21098,"P_extreme_poverty","Extreme poverty",-0.106735984973943,0.00445584347471595
2,21099,"P_extreme_poverty","Extreme poverty",0.0173259926252567,0.00442608492448926
2,21101,"P_extreme_poverty","Extreme poverty",-0.106735984973943,0.00335518852807581
2,21103,"P_extreme_poverty","Extreme poverty",0.0303851481620146,0.00465313903987408
2,21104,"P_extreme_poverty","Extreme poverty",-0.0414402072901538,0.00238389521837234
2,21106,"P_extreme_poverty","Extreme poverty",-0.0544993628269119,0.00304089719429612
2,21107,"P_extreme_poverty","Extreme poverty",1.92396270099191,0.00647723255679011
2,21108,"P_extreme_poverty","Extreme poverty",-0.550747273223712,-0.00394919980317354
2,21109,"P_extreme_poverty","Extreme poverty",0.774757013757215,0.00597474025562406
2,21110,"P_extreme_poverty","Extreme poverty",0.239331636750141,0.0077604572288692
2,21114,"P_extreme_poverty","Extreme poverty",-0.772752917348597,0.00190000329166651
2,21115,"P_extreme_poverty","Extreme poverty",0.226272481213383,0.00730824377387762
2,21116,"P_extreme_poverty","Extreme poverty",0.944526035735068,0.0115700075402856
2,21119,"P_extreme_poverty","Extreme poverty",-0.622572628675881,0.00526457000523806
2,21121,"P_extreme_poverty","Extreme poverty",0.206683747908246,0.00572824757546186
2,21123,"P_extreme_poverty","Extreme poverty",0.598458414010983,0.00642636977136135
2,21126,"P_extreme_poverty","Extreme poverty",-0.0218514739850171,-0.00730254920199513
2,21128,"P_extreme_poverty","Extreme poverty",-0.531158539918575,-0.00479069538414478
2,21130,"P_extreme_poverty","Extreme poverty",-0.498510651076681,-0.0035284694749862
2,21132,"P_extreme_poverty","Extreme poverty",-0.367919095709102,0.00226069637574255
2,21134,"P_extreme_poverty","Extreme poverty",-0.165502184889354,0.00152106978930533
2,21137,"P_extreme_poverty","Extreme poverty",0.265449947823657,0.00788178481161594
2,21138,"P_extreme_poverty","Extreme poverty",0.147917547992836,0.0111481370404363
2,21142,"P_extreme_poverty","Extreme poverty",0.213213325676625,0.00733800232410431
2,21143,"P_extreme_poverty","Extreme poverty",-0.56380642876047,0.00206213793717325
2,21144,"P_extreme_poverty","Extreme poverty",0.317686569970689,0.011961012147367
2,21149,"P_extreme_poverty","Extreme poverty",-0.198150073731249,0.00435046944767237
2,21150,"P_extreme_poverty","Extreme poverty",0.213213325676625,0.00602560304105282
2,21152,"P_extreme_poverty","Extreme poverty",-0.387507829014238,-0.00483519630506635
2,21153,"P_extreme_poverty","Extreme poverty",-0.276505006951796,0.00204528821632266
2,21154,"P_extreme_poverty","Extreme poverty",-0.361389517940723,-0.00456351693719625
2,21158,"P_extreme_poverty","Extreme poverty",-0.0544993628269119,0.00292147346772254
2,21159,"P_extreme_poverty","Extreme poverty",1.69542747909865,0.00533973565325141
2,21160,"P_extreme_poverty","Extreme poverty",-0.132854296047459,0.00295442109927535
2,21161,"P_extreme_poverty","Extreme poverty",-0.172031762657733,0.00402283063158393
2,21162,"P_extreme_poverty","Extreme poverty",2.18514581172707,0.00642636977136135
2,21164,"P_extreme_poverty","Extreme poverty",-0.204679651499628,0.00215365178883076
2,21166,"P_extreme_poverty","Extreme poverty",0.0565034592355305,0.00722966995090246
2,21167,"P_extreme_poverty","Extreme poverty",1.10123590217616,0.00642636977136135
2,21170,"P_extreme_poverty","Extreme poverty",-0.211209229268007,0.00479009235277772
2,21172,"P_extreme_poverty","Extreme poverty",0.317686569970689,0.00694155925884843
2,21174,"P_extreme_poverty","Extreme poverty",-0.661750095286154,0.00298951053991914
2,21175,"P_extreme_poverty","Extreme poverty",0.61804714731612,0.00712226377800107
2,21176,"P_extreme_poverty","Extreme poverty",-0.491981073308302,-0.0037523137871176
2,21177,"P_extreme_poverty","Extreme poverty",0.0303851481620146,0.00442608492448926
2,21179,"P_extreme_poverty","Extreme poverty",-0.0871472516688065,0.00432602548971772
2,21180,"P_extreme_poverty","Extreme poverty",-0.433214873392891,-0.00479183392599225
2,21182,"P_extreme_poverty","Extreme poverty",0.200154170139867,0.00868031661957502
2,21183,"P_extreme_poverty","Extreme poverty",1.34935985737456,0.00794889684766531
2,21184,"P_extreme_poverty","Extreme poverty",0.924937302429931,0.00618236977607012
2,21185,"P_extreme_poverty","Extreme poverty",0.0173259926252567,0.00432602548971772
2,21186,"P_extreme_poverty","Extreme poverty",-0.348330362403965,-0.00460801785811782
2,21188,"P_extreme_poverty","Extreme poverty",0.859641524746142,0.00753021379932761
2,21192,"P_extreme_poverty","Extreme poverty",0.0760921925406672,0.0069011845625937
2,21193,"P_extreme_poverty","Extreme poverty",-0.380978251245859,-0.00488543650135398
2,21195,"P_extreme_poverty","Extreme poverty",1.68236832356189,0.0111854895949364
2,21197,"P_extreme_poverty","Extreme poverty",-0.00226274067988018,0.00526871858164668
2,21198,"P_extreme_poverty","Extreme poverty",0.0565034592355305,0.00719991140067577
2,21199,"P_extreme_poverty","Extreme poverty",-0.204679651499628,0.00493841618299484
2,21201,"P_extreme_poverty","Extreme poverty",-0.113265562742322,0.00257325591519475
2,21202,"P_extreme_poverty","Extreme poverty",0.951055613503447,0.00798184424638748
2,21203,"P_extreme_poverty","Extreme poverty",0.291568258897173,0.00686226179823279
2,21204,"P_extreme_poverty","Extreme poverty",-0.341800784635586,-0.00446355482563376
2,21205,"P_extreme_poverty","Extreme poverty",-0.0479697850585328,0.00397387053817511
2,21206,"P_extreme_poverty","Extreme poverty",-0.0414402072901538,0.00293331709690392
2,21207,"P_extreme_poverty","Extreme poverty",0.147917547992836,0.00753021379932761
2,21208,"P_extreme_poverty","Extreme poverty",0.00426683708849886,0.00412554061040282
2,21212,"P_extreme_poverty","Extreme poverty",0.885759835819658,0.00798184424638748
2,21213,"P_extreme_poverty","Extreme poverty",0.389511925422857,0.00651017995551229
2,21216,"P_extreme_poverty","Extreme poverty",0.422159814264752,0.00642636977136135
2,22001,"P_extreme_poverty","Extreme poverty",-0.289564162488554,-0.00494048092514277
2,22016,"P_extreme_poverty","Extreme poverty",-0.962110672631586,0.00211198162287474
2,23001,"P_extreme_poverty","Extreme poverty",-0.792341650653734,0.00208285148255527
2,23002,"P_extreme_poverty","Extreme poverty",0.944526035735068,0.00857014395296574
2,23003,"P_extreme_poverty","Extreme poverty",-0.602983895370744,0.0038059838116169
2,23004,"P_extreme_poverty","Extreme poverty",-0.491981073308302,0.00228523602709174
2,23005,"P_extreme_poverty","Extreme poverty",-0.720516295201565,0.00512818852439523
2,23006,"P_extreme_poverty","Extreme poverty",0.513573903022057,0.00779021577909589
2,23007,"P_extreme_poverty","Extreme poverty",0.180565436834731,0.00775726838037372
2,23008,"P_extreme_poverty","Extreme poverty",-0.844578272800765,0.0052668983116746
2,23009,"P_extreme_poverty","Extreme poverty",0.102210503614183,-0.00711469491943717
2,23010,"P_extreme_poverty","Extreme poverty",0.448278125338268,0.00772750983014703
2,23011,"P_extreme_poverty","Extreme poverty",-0.557276850992091,0.00442743813619018
2,24001,"P_extreme_poverty","Extreme poverty",-0.498510651076681,-0.00463663786649704
2,24025,"P_extreme_poverty","Extreme poverty",-0.700927561896428,-0.00534612685441971
2,24033,"P_extreme_poverty","Extreme poverty",-0.420155717856133,-0.0035220927093178
2,24044,"P_extreme_poverty","Extreme poverty",-0.642161361981018,-0.00357233267277479
2,24046,"P_extreme_poverty","Extreme poverty",-0.616043050907502,-0.00483519630506635
2,24049,"P_extreme_poverty","Extreme poverty",-0.211209229268007,0.00245248316787183
2,25001,"P_extreme_poverty","Extreme poverty",-0.968640250399965,0.00117009982932359
2,25002,"P_extreme_poverty","Extreme poverty",-0.988228983705102,-0.00465489644557238
2,25003,"P_extreme_poverty","Extreme poverty",-0.0479697850585328,0.00292147346772254
2,25004,"P_extreme_poverty","Extreme poverty",-0.844578272800765,-0.00437074014917016
2,25006,"P_extreme_poverty","Extreme poverty",-1.01434729477862,0.00117009982932359
2,25007,"P_extreme_poverty","Extreme poverty",-0.198150073731249,0.00298417964950204
2,25009,"P_extreme_poverty","Extreme poverty",-0.68786840635967,-0.0049238046631217
2,25010,"P_extreme_poverty","Extreme poverty",-0.622572628675881,-0.0037961769849062
2,25011,"P_extreme_poverty","Extreme poverty",-0.831519117264007,-0.00402353517711163
2,25012,"P_extreme_poverty","Extreme poverty",-1.04699518362051,0.00117009982932359
2,25013,"P_extreme_poverty","Extreme poverty",-0.772752917348597,-0.00425584753975272
2,25014,"P_extreme_poverty","Extreme poverty",-0.838048695032386,-0.00437074014917016
2,25015,"P_extreme_poverty","Extreme poverty",-1.01434729477862,0.00340054486878216
2,25016,"P_extreme_poverty","Extreme poverty",-0.655220517517776,-0.00354616180993617
2,25017,"P_extreme_poverty","Extreme poverty",-0.570336006528849,-0.0035425741225481
2,25018,"P_extreme_poverty","Extreme poverty",-0.857637428337523,-0.00506326369941235
2,26001,"P_extreme_poverty","Extreme poverty",-1.05352476138889,0.00210578879341483
2,26002,"P_extreme_poverty","Extreme poverty",-0.896814894947797,0.00153923174366355
2,26003,"P_extreme_poverty","Extreme poverty",-0.12632471827908,0.00258684367872775
2,26004,"P_extreme_poverty","Extreme poverty",-0.668279673054533,0.00138210051227361
2,26006,"P_extreme_poverty","Extreme poverty",-0.994758561473481,0.00248318398371339
2,26007,"P_extreme_poverty","Extreme poverty",-1.020876872547,0.00221815262921154
2,26008,"P_extreme_poverty","Extreme poverty",-0.844578272800765,0.0035046455450356
2,26010,"P_extreme_poverty","Extreme poverty",-0.798871228422112,0.00275508896447718
2,26011,"P_extreme_poverty","Extreme poverty",-1.02740645031538,0.00248318398371339
2,26013,"P_extreme_poverty","Extreme poverty",-1.05352476138889,0.00273010111413896
2,26014,"P_extreme_poverty","Extreme poverty",-1.09270222799917,0.00212053116410971
2,26015,"P_extreme_poverty","Extreme poverty",-0.655220517517776,0.00337524130009115
2,26016,"P_extreme_poverty","Extreme poverty",-0.909874050484555,0.00304336589761078
2,26017,"P_extreme_poverty","Extreme poverty",-0.890285317179418,0.00153923174366355
2,26019,"P_extreme_poverty","Extreme poverty",-0.981699405936723,0.00117009982932359
2,26020,"P_extreme_poverty","Extreme poverty",-0.805400806190491,0.00269390875473619
2,26021,"P_extreme_poverty","Extreme poverty",-1.03393602808375,-0.00127039896324277
2,26022,"P_extreme_poverty","Extreme poverty",-1.01434729477862,0.00248318398371339
2,26023,"P_extreme_poverty","Extreme poverty",-1.08617265023079,0.00246434705331922
2,26024,"P_extreme_poverty","Extreme poverty",-1.02740645031538,0.00246506975963712
2,26025,"P_extreme_poverty","Extreme poverty",-0.772752917348597,0.000357815646566451
2,26026,"P_extreme_poverty","Extreme poverty",-0.132854296047459,-0.00461680022999644
2,26027,"P_extreme_poverty","Extreme poverty",-0.975169828168344,0.00243967561982572
2,26028,"P_extreme_poverty","Extreme poverty",-1.08617265023079,0.00249792635440826
2,26029,"P_extreme_poverty","Extreme poverty",-0.700927561896428,0.00120063149370253
2,26030,"P_extreme_poverty","Extreme poverty",-0.929462783789691,0.00117009982932359
2,26031,"P_extreme_poverty","Extreme poverty",-0.857637428337523,0.00290854135528207
2,26032,"P_extreme_poverty","Extreme poverty",-1.05352476138889,0.00340054486878216
2,26033,"P_extreme_poverty","Extreme poverty",-0.478921917771544,0.0032909600995481
2,26034,"P_extreme_poverty","Extreme poverty",-1.12535011684106,0.00253360019996762
2,26035,"P_extreme_poverty","Extreme poverty",-0.883755739411039,0.00390224950388074
2,26036,"P_extreme_poverty","Extreme poverty",-0.968640250399965,0.00117009982932359
2,26038,"P_extreme_poverty","Extreme poverty",-1.09923180576754,0.00182580109685659
2,26039,"P_extreme_poverty","Extreme poverty",-0.62910220644426,0.00267753982916474
2,26040,"P_extreme_poverty","Extreme poverty",-0.465862762234786,0.00333074037916958
2,26041,"P_extreme_poverty","Extreme poverty",-1.00781771701024,0.0012090700911358
2,26042,"P_extreme_poverty","Extreme poverty",-0.68786840635967,0.000292208744212985
2,26043,"P_extreme_poverty","Extreme poverty",-0.968640250399965,0.00130267243366688
2,26045,"P_extreme_poverty","Extreme poverty",-0.707457139664807,0.00255519873462617
2,26046,"P_extreme_poverty","Extreme poverty",-0.929462783789691,0.00236089527606964
2,26047,"P_extreme_poverty","Extreme poverty",-0.759693761811839,0.00187223975080997
2,26048,"P_extreme_poverty","Extreme poverty",-0.870696583874281,0.00133934151381254
2,26050,"P_extreme_poverty","Extreme poverty",-0.851107850569144,0.00330614531412721
2,26053,"P_extreme_poverty","Extreme poverty",-1.10576138353592,0.00184075743891299
2,26055,"P_extreme_poverty","Extreme poverty",-0.81193038395887,0.00133934151381254
2,26056,"P_extreme_poverty","Extreme poverty",0.0434443036987724,0.000309117749566212
2,26058,"P_extreme_poverty","Extreme poverty",-1.01434729477862,0.00240240688435733
2,26059,"P_extreme_poverty","Extreme poverty",-0.949051517094828,0.00231703207828104
2,26060,"P_extreme_poverty","Extreme poverty",-0.772752917348597,-0.00406543025746942
2,26063,"P_extreme_poverty","Extreme poverty",-1.00781771701024,0.00340054486878216
2,26064,"P_extreme_poverty","Extreme poverty",-0.962110672631586,0.00214074738323689
2,26065,"P_extreme_poverty","Extreme poverty",-0.949051517094828,0.00248318398371339
2,26066,"P_extreme_poverty","Extreme poverty",-1.03393602808375,0.00231703207828104
2,26067,"P_extreme_poverty","Extreme poverty",-1.00128813924186,0.00231703207828104
2,26070,"P_extreme_poverty","Extreme poverty",-0.779282495116976,0.00220470270141959
2,26071,"P_extreme_poverty","Extreme poverty",-0.56380642876047,0.00301118614152074
2,26072,"P_extreme_poverty","Extreme poverty",-0.276505006951796,-0.000648652145173401
2,27001,"P_extreme_poverty","Extreme poverty",-0.100206407205564,0.00298417964950204
2,27002,"P_extreme_poverty","Extreme poverty",-0.172031762657733,0.00420439522713423
2,27003,"P_extreme_poverty","Extreme poverty",1.17306125762833,0.00860309228301048
2,27004,"P_extreme_poverty","Extreme poverty",-0.707457139664807,0.00170144473668188
2,27005,"P_extreme_poverty","Extreme poverty",-0.354859940172344,-0.00422505708411336
2,27006,"P_extreme_poverty","Extreme poverty",-0.0544993628269119,0.00477089127525687
2,27007,"P_extreme_poverty","Extreme poverty",-0.394037406782617,-0.00349871092475951
2,27008,"P_extreme_poverty","Extreme poverty",-0.0218514739850171,0.00549896201118827
2,27009,"P_extreme_poverty","Extreme poverty",-0.43974445116127,-0.0027296980842948
2,27010,"P_extreme_poverty","Extreme poverty",0.0369147259303936,0.00815087836235762
2,27011,"P_extreme_poverty","Extreme poverty",0.115269659150941,0.0081791402772069
2,27012,"P_extreme_poverty","Extreme poverty",0.474396436411783,0.00860309228301048
2,27013,"P_extreme_poverty","Extreme poverty",-0.400566984550996,-0.00411532493308187
2,27014,"P_extreme_poverty","Extreme poverty",-0.211209229268007,-0.00583209283649921
2,27015,"P_extreme_poverty","Extreme poverty",0.115269659150941,0.00821208767592907
2,27016,"P_extreme_poverty","Extreme poverty",-0.62910220644426,-0.003396051004529
2,27017,"P_extreme_poverty","Extreme poverty",-0.354859940172344,-0.00485567795112729
2,28001,"P_extreme_poverty","Extreme poverty",-0.838048695032386,-0.00409287167713046
2,28002,"P_extreme_poverty","Extreme poverty",-0.733575450738323,-0.00445676129311323
2,28003,"P_extreme_poverty","Extreme poverty",-0.759693761811839,0.00114074593875557
2,28005,"P_extreme_poverty","Extreme poverty",-0.883755739411039,-0.00392672000452876
2,28007,"P_extreme_poverty","Extreme poverty",-0.942521939326449,0.00233177444897592
2,28010,"P_extreme_poverty","Extreme poverty",-0.694397984128049,-0.0040913000702858
2,28014,"P_extreme_poverty","Extreme poverty",-1.06658391692565,0.00231703207828104
2,28015,"P_extreme_poverty","Extreme poverty",-0.798871228422112,0.00208687223494053
2,28016,"P_extreme_poverty","Extreme poverty",-0.31568247356207,-0.0037961769849062
2,28018,"P_extreme_poverty","Extreme poverty",-0.733575450738323,-0.00423158193007112
2,28020,"P_extreme_poverty","Extreme poverty",-0.583395162065607,-0.00176659878343344
2,28022,"P_extreme_poverty","Extreme poverty",-0.903344472716176,0.00218259147368371
2,28023,"P_extreme_poverty","Extreme poverty",-0.720516295201565,-0.00462307222187519
2,28024,"P_extreme_poverty","Extreme poverty",-1.1122909613043,0.00233177444897592
2,28025,"P_extreme_poverty","Extreme poverty",-0.838048695032386,0.00278628128580749
2,28027,"P_extreme_poverty","Extreme poverty",-0.922933206021313,0.00145628035534173
2,28030,"P_extreme_poverty","Extreme poverty",-0.655220517517776,-0.0035425741225481
2,28032,"P_extreme_poverty","Extreme poverty",-0.988228983705102,0.00182580109685659
2,28033,"P_extreme_poverty","Extreme poverty",-0.700927561896428,0.00114074593875557
2,28034,"P_extreme_poverty","Extreme poverty",-0.0414402072901538,0.00337310344912112
2,28035,"P_extreme_poverty","Extreme poverty",-0.43974445116127,-0.0037961769849062
2,28036,"P_extreme_poverty","Extreme poverty",0.448278125338268,0.00647723255679011
2,28037,"P_extreme_poverty","Extreme poverty",-0.655220517517776,-0.0037961769849062
2,28038,"P_extreme_poverty","Extreme poverty",-0.988228983705102,0.00244627008214593
2,28040,"P_extreme_poverty","Extreme poverty",-0.909874050484555,0.00338580249808729
2,28042,"P_extreme_poverty","Extreme poverty",-0.50504022884506,0.00301118614152074
2,29003,"P_extreme_poverty","Extreme poverty",-0.733575450738323,-0.00560371298342943
2,29004,"P_extreme_poverty","Extreme poverty",-0.139383873815838,0.00477765500545502
2,29006,"P_extreme_poverty","Extreme poverty",-0.655220517517776,0.00296312035061419
2,29007,"P_extreme_poverty","Extreme poverty",0.36992319211772,0.00788178481161594
2,29008,"P_extreme_poverty","Extreme poverty",-0.243857118109901,-0.00220570829696953
2,29010,"P_extreme_poverty","Extreme poverty",-0.531158539918575,0.00289059733040631
2,29012,"P_extreme_poverty","Extreme poverty",-0.655220517517776,-0.00513903936371207
2,29013,"P_extreme_poverty","Extreme poverty",-0.230797962573144,0.00516865961253643
2,29014,"P_extreme_poverty","Extreme poverty",-0.557276850992091,-0.00479069538414478
2,29015,"P_extreme_poverty","Extreme poverty",-0.68786840635967,0.00160086271353066
2,29020,"P_extreme_poverty","Extreme poverty",-0.681338828591291,-0.00404280237853527
2,29021,"P_extreme_poverty","Extreme poverty",-0.766223339580218,-0.00552994292229414
2,29023,"P_extreme_poverty","Extreme poverty",-0.452803606698028,0.00195168575737625
2,29025,"P_extreme_poverty","Extreme poverty",0.0499738814671515,0.011961012147367
2,29026,"P_extreme_poverty","Extreme poverty",-0.772752917348597,0.0016552860615775
2,29030,"P_extreme_poverty","Extreme poverty",-0.674809250822912,-0.00480657629668713
2,29031,"P_extreme_poverty","Extreme poverty",-0.772752917348597,0.0021034786477685
2,29033,"P_extreme_poverty","Extreme poverty",-1.03393602808375,-0.000194522595847957
2,29034,"P_extreme_poverty","Extreme poverty",-0.589924739833986,-0.00488543650135398
2,29037,"P_extreme_poverty","Extreme poverty",-0.008792318448259,0.00442289561033249
2,29039,"P_extreme_poverty","Extreme poverty",-0.459333184466407,0.00262777623720467
2,29040,"P_extreme_poverty","Extreme poverty",-0.746634606275081,0.0016405435744673
2,29045,"P_extreme_poverty","Extreme poverty",-0.831519117264007,-0.00867915246635675
2,29046,"P_extreme_poverty","Extreme poverty",-0.81193038395887,-0.00596361747011542
2,29050,"P_extreme_poverty","Extreme poverty",-0.302623318025312,-0.00253393827006221
2,29052,"P_extreme_poverty","Extreme poverty",-0.354859940172344,-0.00695925811305642
2,30003,"P_extreme_poverty","Extreme poverty",-0.19162049596287,0.00293331709690392
2,30004,"P_extreme_poverty","Extreme poverty",-0.518099384381817,-0.00347759178839624
2,30005,"P_extreme_poverty","Extreme poverty",-0.62910220644426,-0.0033177004661411
2,30006,"P_extreme_poverty","Extreme poverty",0.866171102514521,0.0077604572288692
2,30007,"P_extreme_poverty","Extreme poverty",-0.400566984550996,-0.0035220927093178
2,30008,"P_extreme_poverty","Extreme poverty",0.820464058135868,0.00779021577909589
2,30009,"P_extreme_poverty","Extreme poverty",-0.81193038395887,-0.00407812930643559
2,30010,"P_extreme_poverty","Extreme poverty",0.709461236073426,0.00785632617771626
2,30011,"P_extreme_poverty","Extreme poverty",-0.896814894947797,-0.00407812930643559
2,30014,"P_extreme_poverty","Extreme poverty",-0.400566984550996,-0.00477681774646044
2,30015,"P_extreme_poverty","Extreme poverty",-0.289564162488554,-0.00349233415909111
2,30016,"P_extreme_poverty","Extreme poverty",-0.759693761811839,0.00226330803707242
2,30017,"P_extreme_poverty","Extreme poverty",-0.700927561896428,-0.00421683955937624
2,30020,"P_extreme_poverty","Extreme poverty",2.38103314477844,0.00754413520917296
2,30021,"P_extreme_poverty","Extreme poverty",-0.511569806613438,-0.0037961769849062
2,30022,"P_extreme_poverty","Extreme poverty",0.846582369209384,0.00857014395296574
2,30023,"P_extreme_poverty","Extreme poverty",0.0565034592355305,0.00605855043977499
2,30024,"P_extreme_poverty","Extreme poverty",0.206683747908246,0.0077604572288692
2,30025,"P_extreme_poverty","Extreme poverty",0.454807703106647,0.00651017995551229
2,30028,"P_extreme_poverty","Extreme poverty",-0.864167006105902,0.00317258108407259
2,30031,"P_extreme_poverty","Extreme poverty",0.382982347654478,0.0077604572288692
2,30032,"P_extreme_poverty","Extreme poverty",0.689872502768289,0.00603744620457292
2,30037,"P_extreme_poverty","Extreme poverty",1.82601903446623,0.00647723255679011
2,30038,"P_extreme_poverty","Extreme poverty",-0.62910220644426,-0.00465173367410898
2,30039,"P_extreme_poverty","Extreme poverty",-0.727045872969944,0.00228141015395522
2,30042,"P_extreme_poverty","Extreme poverty",0.232802058981762,0.00608830899000168
2,30043,"P_extreme_poverty","Extreme poverty",0.702931658305047,0.00821208767592907
2,30044,"P_extreme_poverty","Extreme poverty",-0.707457139664807,0.00228141015395522
2,30046,"P_extreme_poverty","Extreme poverty",-0.145913451584217,0.00467494502663612
2,30047,"P_extreme_poverty","Extreme poverty",1.30365281299591,0.00772750983014703
2,30048,"P_extreme_poverty","Extreme poverty",-0.511569806613438,-0.00384424347430468
2,30049,"P_extreme_poverty","Extreme poverty",-0.276505006951796,-0.00510928081348538
2,30050,"P_extreme_poverty","Extreme poverty",1.6170725458781,0.00686823716387153
2,30052,"P_extreme_poverty","Extreme poverty",0.134858392456078,0.00603744620457292
2,30053,"P_extreme_poverty","Extreme poverty",-0.537688117686954,-0.003433728357777
2,30057,"P_extreme_poverty","Extreme poverty",0.689872502768289,0.0077604572288692
2,30059,"P_extreme_poverty","Extreme poverty",-0.0675585183636697,0.00549896201118827
2,30061,"P_extreme_poverty","Extreme poverty",0.526633058558815,0.00605536159127951
2,30065,"P_extreme_poverty","Extreme poverty",-0.700927561896428,0.00159568910021335
2,30066,"P_extreme_poverty","Extreme poverty",0.533162636327194,0.00647723255679011
2,30067,"P_extreme_poverty","Extreme poverty",2.07414298966463,0.011867362074554
2,30068,"P_extreme_poverty","Extreme poverty",-0.446274028929649,0.00283100013621151
2,30070,"P_extreme_poverty","Extreme poverty",0.402571080959615,0.00608830899000168
2,30071,"P_extreme_poverty","Extreme poverty",-0.0936768294371854,0.00445584347471595
2,30073,"P_extreme_poverty","Extreme poverty",0.591928836242605,0.0069011845625937
2,30075,"P_extreme_poverty","Extreme poverty",-0.008792318448259,0.00293331709690392
2,30077,"P_extreme_poverty","Extreme poverty",-0.224268384804764,0.00298417964950204
2,30079,"P_extreme_poverty","Extreme poverty",0.0956809258458041,0.00821208767592907
2,30080,"P_extreme_poverty","Extreme poverty",0.43521896980151,0.00779021577909589
2,30082,"P_extreme_poverty","Extreme poverty",-0.335271206867207,-0.00429640524089336
2,30084,"P_extreme_poverty","Extreme poverty",-0.713986717433186,-0.00406543025746942
2,30087,"P_extreme_poverty","Extreme poverty",-0.831519117264007,0.00238114991225302
2,30089,"P_extreme_poverty","Extreme poverty",-0.0283810517533959,0.00374619313515723
2,30090,"P_extreme_poverty","Extreme poverty",-0.420155717856133,-0.0037961769849062
2,30091,"P_extreme_poverty","Extreme poverty",0.448278125338268,0.00608830899000168
2,30092,"P_extreme_poverty","Extreme poverty",0.00426683708849886,0.00516865961253643
2,30093,"P_extreme_poverty","Extreme poverty",-0.380978251245859,-0.00477681774646044
2,30094,"P_extreme_poverty","Extreme poverty",-0.139383873815838,0.00255116703920066
2,30095,"P_extreme_poverty","Extreme poverty",-0.0740880961320485,0.00255116703920066
2,30097,"P_extreme_poverty","Extreme poverty",-0.733575450738323,-0.00723883183673024
2,30099,"P_extreme_poverty","Extreme poverty",0.43521896980151,0.0075599723495543
2,30100,"P_extreme_poverty","Extreme poverty",-0.328741629098828,-0.0035425741225481
2,30101,"P_extreme_poverty","Extreme poverty",1.05552885779751,0.00722966995090246
2,30102,"P_extreme_poverty","Extreme poverty",-0.433214873392891,-0.00491072237491608
2,30104,"P_extreme_poverty","Extreme poverty",1.00982181341886,0.00749726640060544
2,30105,"P_extreme_poverty","Extreme poverty",-0.661750095286154,0.00129796366672963
2,30107,"P_extreme_poverty","Extreme poverty",0.709461236073426,0.0081791402772069
2,30108,"P_extreme_poverty","Extreme poverty",-0.485451495539923,-0.00443527288734913
2,30109,"P_extreme_poverty","Extreme poverty",-0.452803606698028,-0.0037961769849062
2,30110,"P_extreme_poverty","Extreme poverty",2.29614863378951,0.0081791402772069
2,30111,"P_extreme_poverty","Extreme poverty",-0.380978251245859,-0.00445875898003578
2,30112,"P_extreme_poverty","Extreme poverty",-0.237327540341522,-0.00275890971533954
2,30114,"P_extreme_poverty","Extreme poverty",-0.642161361981018,-0.0037961769849062
2,30115,"P_extreme_poverty","Extreme poverty",-0.132854296047459,0.00412554061040282
2,30116,"P_extreme_poverty","Extreme poverty",0.0956809258458041,0.0075599723495543
2,30117,"P_extreme_poverty","Extreme poverty",0.0173259926252567,0.00290355854667723
2,30118,"P_extreme_poverty","Extreme poverty",-0.903344472716176,0.00317258108407259
2,30122,"P_extreme_poverty","Extreme poverty",1.42118521282673,0.0081791402772069
2,30125,"P_extreme_poverty","Extreme poverty",-0.387507829014238,-0.00480543775483966
2,30126,"P_extreme_poverty","Extreme poverty",-0.433214873392891,-0.00346371415071189
2,30127,"P_extreme_poverty","Extreme poverty",2.50509512237764,0.011867362074554
2,30128,"P_extreme_poverty","Extreme poverty",-0.269975429183417,-0.00485567795112729
2,30130,"P_extreme_poverty","Extreme poverty",0.232802058981762,0.00603744620457292
2,30132,"P_extreme_poverty","Extreme poverty",0.0238555703936358,0.00549896201118827
2,30133,"P_extreme_poverty","Extreme poverty",-0.511569806613438,0.00382406217977405
2,30134,"P_extreme_poverty","Extreme poverty",-0.570336006528849,-0.00347759178839624
2,30136,"P_extreme_poverty","Extreme poverty",-0.707457139664807,-0.0110607417300344
2,30138,"P_extreme_poverty","Extreme poverty",-0.818459961727249,0.00289280735887587
2,30139,"P_extreme_poverty","Extreme poverty",-0.68786840635967,-0.0065276431851089
2,30140,"P_extreme_poverty","Extreme poverty",1.29712323522753,0.000486989418277517
2,30141,"P_extreme_poverty","Extreme poverty",0.924937302429931,0.00681737437844276
2,30142,"P_extreme_poverty","Extreme poverty",-0.178561340426112,0.00252140848897398
2,30143,"P_extreme_poverty","Extreme poverty",0.552751369632331,0.0060263043269515
2,30144,"P_extreme_poverty","Extreme poverty",0.663754191694773,0.00608830899000168
2,30145,"P_extreme_poverty","Extreme poverty",0.0956809258458041,0.0083728488534689
2,30147,"P_extreme_poverty","Extreme poverty",2.95563598839579,0.00754413520917296
2,30148,"P_extreme_poverty","Extreme poverty",0.0173259926252567,0.00265387701801956
2,30149,"P_extreme_poverty","Extreme poverty",1.99578805644408,0.00833990052342415
2,30156,"P_extreme_poverty","Extreme poverty",0.833523213672626,0.00857014395296574
2,30159,"P_extreme_poverty","Extreme poverty",3.1058162770685,0.0120281241834164
2,30162,"P_extreme_poverty","Extreme poverty",0.422159814264752,0.00779021577909589
2,30163,"P_extreme_poverty","Extreme poverty",0.376452769886099,0.00602560304105282
2,30164,"P_extreme_poverty","Extreme poverty",-0.459333184466407,-0.00485567795112729
2,30165,"P_extreme_poverty","Extreme poverty",0.513573903022057,0.00779021577909589
2,30166,"P_extreme_poverty","Extreme poverty",-0.145913451584217,0.00420525297522545
2,30168,"P_extreme_poverty","Extreme poverty",1.79990072339271,0.0081791402772069
2,30172,"P_extreme_poverty","Extreme poverty",0.61804714731612,0.00605855043977499
2,30173,"P_extreme_poverty","Extreme poverty",0.467866858643404,0.00605855043977499
2,30174,"P_extreme_poverty","Extreme poverty",-0.524628962150196,-0.0037523137871176
2,30177,"P_extreme_poverty","Extreme poverty",0.0434443036987724,0.00821208767592907
2,30178,"P_extreme_poverty","Extreme poverty",-0.596454317602365,-0.0037961769849062
2,30179,"P_extreme_poverty","Extreme poverty",0.0630330370039093,0.00605855043977499
2,30181,"P_extreme_poverty","Extreme poverty",-0.544217695455333,-0.0037961769849062
2,30182,"P_extreme_poverty","Extreme poverty",0.180565436834731,1.17627532745246e-05
2,30183,"P_extreme_poverty","Extreme poverty",-0.322212051330449,-0.00465711951255798
2,30184,"P_extreme_poverty","Extreme poverty",1.98272890090732,0.00686226179823279
2,30186,"P_extreme_poverty","Extreme poverty",-0.322212051330449,-0.00477681774646044
2,30187,"P_extreme_poverty","Extreme poverty",0.402571080959615,0.0077604572288692
2,30188,"P_extreme_poverty","Extreme poverty",0.258920370055278,0.00860309228301048
2,30191,"P_extreme_poverty","Extreme poverty",-0.805400806190491,-0.0034381621517241
2,30192,"P_extreme_poverty","Extreme poverty",-0.413626140087754,-0.0037961769849062
2,30193,"P_extreme_poverty","Extreme poverty",-0.779282495116976,0.00237501249648631
2,30194,"P_extreme_poverty","Extreme poverty",0.0173259926252567,0.00549896201118827
2,30195,"P_extreme_poverty","Extreme poverty",1.92396270099191,0.0081791402772069
2,30196,"P_extreme_poverty","Extreme poverty",-0.452803606698028,-0.00438258377835155
2,30197,"P_extreme_poverty","Extreme poverty",0.12179923691932,0.00608830899000168
2,30200,"P_extreme_poverty","Extreme poverty",-0.178561340426112,0.0042244540527463
2,30201,"P_extreme_poverty","Extreme poverty",1.4015964795216,0.00772750983014703
2,30204,"P_extreme_poverty","Extreme poverty",-0.524628962150196,-0.00259223254397511
2,30209,"P_extreme_poverty","Extreme poverty",1.49954014604728,0.00794889684766531
2,30210,"P_extreme_poverty","Extreme poverty",0.879230258051279,0.0077604572288692
2,30211,"P_extreme_poverty","Extreme poverty",-0.661750095286154,-0.00344897178001702
2,31001,"P_extreme_poverty","Extreme poverty",-0.413626140087754,-0.00427110865712166
2,31002,"P_extreme_poverty","Extreme poverty",-0.674809250822912,-0.00404280237853527
2,31003,"P_extreme_poverty","Extreme poverty",1.02941054672399,0.00775726838037372
2,31005,"P_extreme_poverty","Extreme poverty",-0.733575450738323,-0.0111396014690399
2,31006,"P_extreme_poverty","Extreme poverty",0.0369147259303936,0.00779021577909589
2,31007,"P_extreme_poverty","Extreme poverty",-0.524628962150196,-0.00404280237853527
2,31008,"P_extreme_poverty","Extreme poverty",0.787816169293973,0.00686823716387153
2,31009,"P_extreme_poverty","Extreme poverty",-0.50504022884506,-0.00328333023935556
2,31010,"P_extreme_poverty","Extreme poverty",0.774757013757215,0.0081791402772069
2,31011,"P_extreme_poverty","Extreme poverty",0.520103480790436,0.00775726838037372
2,31012,"P_extreme_poverty","Extreme poverty",0.513573903022057,0.00608830899000168
2,31013,"P_extreme_poverty","Extreme poverty",-0.792341650653734,0.0020438814535737
2,31014,"P_extreme_poverty","Extreme poverty",0.298097836665552,0.00857014395296574
2,31015,"P_extreme_poverty","Extreme poverty",-0.420155717856133,-0.00224251579493284
2,31016,"P_extreme_poverty","Extreme poverty",1.06205843556589,0.00860309228301048
2,31017,"P_extreme_poverty","Extreme poverty",0.964114769040205,0.0081791402772069
2,31018,"P_extreme_poverty","Extreme poverty",-0.263445851415038,-0.00427110865712166
2,31019,"P_extreme_poverty","Extreme poverty",1.59095423480458,0.012258367612958
2,31020,"P_extreme_poverty","Extreme poverty",-0.491981073308302,-0.00404280237853527
2,31021,"P_extreme_poverty","Extreme poverty",1.6170725458781,0.012258367612958
2,31022,"P_extreme_poverty","Extreme poverty",1.88478523438164,0.0081791402772069
2,31023,"P_extreme_poverty","Extreme poverty",-0.661750095286154,-0.00404280237853527
2,31024,"P_extreme_poverty","Extreme poverty",0.833523213672626,0.00857014395296574
2,31025,"P_extreme_poverty","Extreme poverty",0.36992319211772,0.00712226377800107
2,31026,"P_extreme_poverty","Extreme poverty",-0.740105028506702,-0.00444201892241836
2,31027,"P_extreme_poverty","Extreme poverty",-0.407096562319375,-0.0027296980842948
2,31028,"P_extreme_poverty","Extreme poverty",-0.642161361981018,-0.00485567795112729
2,31029,"P_extreme_poverty","Extreme poverty",0.18709501460311,0.0069011845625937
2,31030,"P_extreme_poverty","Extreme poverty",0.6245767250845,0.00857014395296574
2,31031,"P_extreme_poverty","Extreme poverty",-0.0610289405952907,0.00337310344912112
2,31032,"P_extreme_poverty","Extreme poverty",1.41465563505835,0.00860309228301048
2,31033,"P_extreme_poverty","Extreme poverty",-0.198150073731249,0.00477765500545502
2,31034,"P_extreme_poverty","Extreme poverty",-0.243857118109901,-0.00151734868995845
2,31035,"P_extreme_poverty","Extreme poverty",0.304627414433931,0.0081791402772069
2,31036,"P_extreme_poverty","Extreme poverty",-0.0806176739004276,0.0054660146124661
2,31037,"P_extreme_poverty","Extreme poverty",0.232802058981762,0.00857014395296574
2,31038,"P_extreme_poverty","Extreme poverty",-0.152443029352596,0.00516865961253643
2,31040,"P_extreme_poverty","Extreme poverty",-0.465862762234786,-0.00404280237853527
2,31041,"P_extreme_poverty","Extreme poverty",-0.68786840635967,0.00433021737262607
2,31042,"P_extreme_poverty","Extreme poverty",0.853111946977763,0.00686823716387153
2,31044,"P_extreme_poverty","Extreme poverty",-0.269975429183417,-0.00378355802968144
2,31045,"P_extreme_poverty","Extreme poverty",-0.75316418404346,-0.0113932052627206
2,31046,"P_extreme_poverty","Extreme poverty",0.396041503191236,0.00827278941869736
2,31047,"P_extreme_poverty","Extreme poverty",0.193624592371488,0.00712226377800107
2,31048,"P_extreme_poverty","Extreme poverty",-0.537688117686954,-0.00468740984797478
2,31049,"P_extreme_poverty","Extreme poverty",1.43424436836349,0.000730989151634276
2,31050,"P_extreme_poverty","Extreme poverty",-0.93599236155807,0.00136865838430822
2,31052,"P_extreme_poverty","Extreme poverty",-0.452803606698028,-0.00510928081348538
2,31053,"P_extreme_poverty","Extreme poverty",0.141387970224457,0.00779021577909589
2,31054,"P_extreme_poverty","Extreme poverty",-0.805400806190491,-0.0110008921474218
2,31055,"P_extreme_poverty","Extreme poverty",0.252390792286899,0.00857014395296574
2,31056,"P_extreme_poverty","Extreme poverty",0.363393614349341,0.0075599723495543
2,31057,"P_extreme_poverty","Extreme poverty",0.0565034592355305,0.00617363583296537
2,31058,"P_extreme_poverty","Extreme poverty",1.04246970226075,0.00775726838037372
2,31059,"P_extreme_poverty","Extreme poverty",-0.713986717433186,0.00182924850378186
2,31060,"P_extreme_poverty","Extreme poverty",0.317686569970689,0.00686823716387153
2,31061,"P_extreme_poverty","Extreme poverty",-0.844578272800765,-0.00535116717219353
2,31062,"P_extreme_poverty","Extreme poverty",-0.015321896216638,0.0054660146124661
2,31063,"P_extreme_poverty","Extreme poverty",-0.648690939749397,-0.00378355802968144
2,31065,"P_extreme_poverty","Extreme poverty",-0.903344472716176,-0.00371606578119099
2,31066,"P_extreme_poverty","Extreme poverty",0.356864036580962,0.00679453602060676
2,31067,"P_extreme_poverty","Extreme poverty",-0.256916273646659,-0.00429640524089336
2,31068,"P_extreme_poverty","Extreme poverty",-0.394037406782617,-0.0035425741225481
2,31069,"P_extreme_poverty","Extreme poverty",1.00329223565048,0.0081791402772069
2,31070,"P_extreme_poverty","Extreme poverty",0.154447125761215,0.0069011845625937
2,31071,"P_extreme_poverty","Extreme poverty",0.239331636750141,0.0081791402772069
2,31072,"P_extreme_poverty","Extreme poverty",-0.661750095286154,0.00382406217977405
2,31073,"P_extreme_poverty","Extreme poverty",2.34185567816816,0.012258367612958
2,31074,"P_extreme_poverty","Extreme poverty",-0.661750095286154,-0.00298330094665289
2,31075,"P_extreme_poverty","Extreme poverty",0.983703502345342,0.00857014395296574
2,31076,"P_extreme_poverty","Extreme poverty",-0.394037406782617,-0.00466211326420307
2,31077,"P_extreme_poverty","Extreme poverty",0.487455591948541,0.0081791402772069
2,31078,"P_extreme_poverty","Extreme poverty",-0.400566984550996,-0.00295800436288118
2,31079,"P_extreme_poverty","Extreme poverty",0.31115699220231,0.00860309228301048
2,31080,"P_extreme_poverty","Extreme poverty",0.467866858643404,0.00827278941869736
2,31081,"P_extreme_poverty","Extreme poverty",1.45383310166863,0.00857014395296574
2,31082,"P_extreme_poverty","Extreme poverty",-0.217738807036386,0.00265387701801956
2,31083,"P_extreme_poverty","Extreme poverty",-0.583395162065607,-0.0044625299051404
2,31084,"P_extreme_poverty","Extreme poverty",0.252390792286899,0.00754413520917296
2,31085,"P_extreme_poverty","Extreme poverty",0.317686569970689,0.00760741112753749
2,31086,"P_extreme_poverty","Extreme poverty",-0.354859940172344,-0.00511374277994037
2,31087,"P_extreme_poverty","Extreme poverty",-0.328741629098828,-0.00511374277994037
2,31088,"P_extreme_poverty","Extreme poverty",-0.433214873392891,-0.0033490089699626
2,31089,"P_extreme_poverty","Extreme poverty",0.141387970224457,0.00827278941869736
2,31090,"P_extreme_poverty","Extreme poverty",0.0173259926252567,0.00513039762154222
2,31091,"P_extreme_poverty","Extreme poverty",0.970644346808584,0.00857014395296574
2,31092,"P_extreme_poverty","Extreme poverty",1.9892584786757,0.0081791402772069
2,31093,"P_extreme_poverty","Extreme poverty",-0.746634606275081,-0.00887557119131088
2,31094,"P_extreme_poverty","Extreme poverty",0.983703502345342,0.0081791402772069
2,31096,"P_extreme_poverty","Extreme poverty",0.474396436411783,0.00779021577909589
2,31097,"P_extreme_poverty","Extreme poverty",1.06205843556589,0.00605536159127951
2,31098,"P_extreme_poverty","Extreme poverty",0.676813347231531,0.00860309228301048
2,31099,"P_extreme_poverty","Extreme poverty",1.44730352390025,0.0081791402772069
2,31101,"P_extreme_poverty","Extreme poverty",-0.798871228422112,-0.00760427163913846
2,31102,"P_extreme_poverty","Extreme poverty",0.154447125761215,0.00779021577909589
2,31103,"P_extreme_poverty","Extreme poverty",0.24586121451852,0.00857014395296574
2,31104,"P_extreme_poverty","Extreme poverty",1.19264999093347,0.0081791402772069
2,31105,"P_extreme_poverty","Extreme poverty",-0.707457139664807,-0.00501151429489255
2,32001,"P_extreme_poverty","Extreme poverty",-1.020876872547,-0.00466963881626725
2,32002,"P_extreme_poverty","Extreme poverty",-0.838048695032386,0.00353376637212932
2,32003,"P_extreme_poverty","Extreme poverty",-0.955581094863207,0.00233177444897592
2,32004,"P_extreme_poverty","Extreme poverty",-0.798871228422112,-0.00423158193007112
2,32005,"P_extreme_poverty","Extreme poverty",-0.949051517094828,0.00245441845618188
2,32006,"P_extreme_poverty","Extreme poverty",-0.844578272800765,0.00290854135528207
2,32007,"P_extreme_poverty","Extreme poverty",-0.942521939326449,-0.00102859665639699
2,32008,"P_extreme_poverty","Extreme poverty",-0.609513473139123,-0.00479069538414478
2,32009,"P_extreme_poverty","Extreme poverty",-0.635631784212639,-0.00347759178839624
2,32010,"P_extreme_poverty","Extreme poverty",-0.903344472716176,0.00283829285763204
2,32011,"P_extreme_poverty","Extreme poverty",-0.890285317179418,-0.00349676748737693
2,32012,"P_extreme_poverty","Extreme poverty",-0.531158539918575,-0.00349233415909111
2,32013,"P_extreme_poverty","Extreme poverty",-0.857637428337523,0.00318831508047879
2,32014,"P_extreme_poverty","Extreme poverty",-0.870696583874281,-0.00407812930643559
2,32015,"P_extreme_poverty","Extreme poverty",-0.981699405936723,-0.00452160090208054
2,32016,"P_extreme_poverty","Extreme poverty",-0.674809250822912,-0.00347759178839624
2,32017,"P_extreme_poverty","Extreme poverty",-1.03393602808375,0.00179871718864888
2,32018,"P_extreme_poverty","Extreme poverty",-0.896814894947797,-0.00348202511668205
2,32019,"P_extreme_poverty","Extreme poverty",-0.962110672631586,-0.00465489644557238
2,32020,"P_extreme_poverty","Extreme poverty",-0.942521939326449,0.00340054486878216
2,32021,"P_extreme_poverty","Extreme poverty",-0.296093740256933,-0.0037961769849062
2,32022,"P_extreme_poverty","Extreme poverty",-0.851107850569144,0.00318831508047879
2,32023,"P_extreme_poverty","Extreme poverty",-0.988228983705102,-0.00354226259514689
2,32024,"P_extreme_poverty","Extreme poverty",-0.857637428337523,0.00212344317696989
2,32025,"P_extreme_poverty","Extreme poverty",-0.857637428337523,-0.00379835581406951
2,32026,"P_extreme_poverty","Extreme poverty",-0.661750095286154,-0.0035220927093178
2,32027,"P_extreme_poverty","Extreme poverty",-0.694397984128049,-0.0041125388815999
2,32028,"P_extreme_poverty","Extreme poverty",-0.831519117264007,-0.00348202511668205
2,32029,"P_extreme_poverty","Extreme poverty",-0.883755739411039,0.00318831508047879
2,32030,"P_extreme_poverty","Extreme poverty",-0.975169828168344,-0.00262531801126897
2,32031,"P_extreme_poverty","Extreme poverty",-0.988228983705102,-0.00466963881626725
2,32032,"P_extreme_poverty","Extreme poverty",-1.020876872547,0.00104321120306849
2,32033,"P_extreme_poverty","Extreme poverty",-0.922933206021313,-0.00494941230863333
2,32034,"P_extreme_poverty","Extreme poverty",-1.03393602808375,-0.00358612602576613
2,32035,"P_extreme_poverty","Extreme poverty",-0.707457139664807,-0.00421683955937624
2,32036,"P_extreme_poverty","Extreme poverty",-0.668279673054533,-0.00394538650289178
2,32037,"P_extreme_poverty","Extreme poverty",-0.707457139664807,-0.00552994292229414
2,32038,"P_extreme_poverty","Extreme poverty",-0.655220517517776,-0.00347822927869856
2,32039,"P_extreme_poverty","Extreme poverty",-0.909874050484555,0.00233177444897592
2,32040,"P_extreme_poverty","Extreme poverty",-0.896814894947797,0.00290854135528207
2,32041,"P_extreme_poverty","Extreme poverty",-0.491981073308302,-0.00349347270093858
2,32042,"P_extreme_poverty","Extreme poverty",-0.942521939326449,0.00233177444897592
2,32043,"P_extreme_poverty","Extreme poverty",-0.759693761811839,-0.00445676129311323
2,32044,"P_extreme_poverty","Extreme poverty",-0.818459961727249,-0.00407812930643559
2,32045,"P_extreme_poverty","Extreme poverty",-0.93599236155807,0.00208112155087292
2,32046,"P_extreme_poverty","Extreme poverty",-0.942521939326449,-0.00465489644557238
2,32047,"P_extreme_poverty","Extreme poverty",-1.04046560585213,0.00233177444897592
2,32048,"P_extreme_poverty","Extreme poverty",-0.922933206021313,0.00138564803637564
2,32049,"P_extreme_poverty","Extreme poverty",-0.772752917348597,-0.00423158193007112
2,32050,"P_extreme_poverty","Extreme poverty",-0.909874050484555,-0.00624777330085635
2,32051,"P_extreme_poverty","Extreme poverty",-0.668279673054533,-0.00347759178839624
2,32052,"P_extreme_poverty","Extreme poverty",-1.00781771701024,0.000738896953407675
2,32053,"P_extreme_poverty","Extreme poverty",-0.622572628675881,-0.003433728357777
2,32054,"P_extreme_poverty","Extreme poverty",-0.537688117686954,-0.00347759178839624
2,32055,"P_extreme_poverty","Extreme poverty",-0.844578272800765,0.0035046455450356
2,32056,"P_extreme_poverty","Extreme poverty",-0.955581094863207,0.00136865838430822
2,32057,"P_extreme_poverty","Extreme poverty",-0.707457139664807,-0.00552994292229414
2,32058,"P_extreme_poverty","Extreme poverty",-0.968640250399965,-0.00493466993793845
