feature,importance_value,rank
P_internet,8.661992127322937e-4,1
Current_income,3.3496234242421036e-4,2
P_cell_phone,2.9684795566476275e-4,3
P_university_studies,2.3719080611801893e-4,4
longitude,1.785677594745948e-4,5
latitude,1.7089353121205184e-4,6
Total_houses,1.379909237317366e-4,7
P_car,9.164768537402515e-5,8
P_extreme_poverty,9.075078905819645e-5,9
P_read_write,8.932142611281235e-5,10
P_migrants,7.661972913482e-5,11
P_age_00_14,7.14253664746959e-5,12
P_electricity,7.059511892444042e-5,13
P_vulnerable_income,5.501780570832709e-5,14
P_female,4.861708754365634e-5,15
Total_Population,4.590051117164669e-5,16
P_afrodescendants,4.2000391450748475e-5,17
P_poverty,3.197550072112832e-5,18
Mean_occupants,3.028453327363146e-5,19
P_disability,3.0083018801600698e-5,20
P_lack_quality_living_spaces,2.919982464487376e-5,21
P_age_15_39,2.867197757223034e-5,22
P_educational_lag,2.6916102325399677e-5,23
P_working,2.2204091700559187e-5,24
P_indigenous_language,1.8685028492169353e-5,25
Mean_age,9.463472597386227e-6,26
P_age_65_more,7.570948468498321e-6,27
