feature,importance_value,rank
P_read_write,0.01674594158501829,1
P_internet,0.012955638845704357,2
P_age_00_14,0.011531699870080844,3
P_educational_lag,0.01037168472543289,4
P_age_15_39,0.009421595595723654,5
Total_houses,0.008914810616516477,6
longitude,0.00622019765520556,7
P_age_65_more,0.005998626452924468,8
P_poverty,0.005881025189227989,9
Current_income,0.0055563737937027085,10
Total_Population,0.005522176069359024,11
latitude,0.004401439564170795,12
P_indigenous_language,0.0043019522175670195,13
P_lack_quality_living_spaces,0.004253820556670066,14
P_migrants,0.00424760330456959,15
P_vulnerable_income,0.0038544905155579352,16
P_university_studies,0.0038034186930455674,17
P_cell_phone,0.0036557751399378296,18
P_extreme_poverty,0.0034799924063366214,19
P_car,0.0034750298909546904,20
P_disability,0.0027599955793822005,21
P_electricity,0.0027026585951579617,22
Mean_age,0.0026861787752812355,23
P_female,0.002663952597802886,24
P_working,0.002541407199700344,25
Mean_occupants,0.0023711032366116056,26
P_afrodescendants,0.0023085276720845793,27
