"Area_code","Area_name","Total_Population","Total_active_population","Bias","Map_bias"
14045," Ixtlahuacán del Río",20465,26939,-0.316344979232837,-31.6344979232837
19001," Abasolo",2974,4005,-0.346671149966375,-34.6671149966375
19028," Higueras",1386,3802,-1.74314574314574,-174.314574314574
19034," Marín",5119,6597,-0.288728267239695,-28.8728267239695
20033," Guadalupe Etla",2929,3112,-0.0624786616592694,-6.24786616592694
29058," Santa Catarina Ayometla",9463,13309,-0.406425023776815,-40.6425023776815
31100," Ucú",4049,6462,-0.595949617189429,-59.5949617189429
