"fold_id","eta","max_depth","min_child_weight","subsample","colsample_bytree","lambda","alpha","optimal_trees","min_RMSE"
1,0.05,5,5,0.8,1,1,0,342,0.00129497561435923
2,0.01,7,5,0.8,0.9,0.5,0,1020,0.00140770994453241
3,0.01,5,7,0.8,0.9,0,0,1039,0.00129753787952271
4,0.01,5,3,1,0.9,0.5,0,985,0.0012842739982725
5,0.01,7,5,1,1,0.5,0,935,0.00150348732623198
