"fold_id","eta","max_depth","min_child_weight","subsample","colsample_bytree","lambda","alpha","optimal_trees","min_RMSE"
1,0.01,5,7,0.65,0.8,1,0.5,776,0.0757145358628281
2,0.05,7,5,0.65,0.8,1,1,174,0.0761704011282537
3,0.01,5,5,0.65,0.8,1,1,896,0.0791741223875817
4,0.1,1,1,1,1,1,0.5,279,0.0762839320241258
5,0.01,5,7,1,0.9,1,0,537,0.0702581826840458
