"fold_id","eta","max_depth","min_child_weight","subsample","colsample_bytree","lambda","alpha","optimal_trees","min_RMSE"
1,0.05,7,3,0.65,0.8,0,0,178,0.00130507301462973
2,0.01,7,3,0.65,1,1,0,977,0.00143471695418747
3,0.01,3,7,0.8,0.8,0,0,935,0.00131745815196707
4,0.01,3,1,0.8,0.9,0,0,1043,0.00128027784754327
5,0.01,7,7,0.65,1,0.5,0,927,0.00148459895675684
