"Fold_ID","Area_code","Feature","Plot_label","SHAP_Value"
5,1001,"P_age_00_14","Population 0-14",-0.0033895478118211
5,1001,"P_age_15_39","Population 15-39",-0.00404786644503474
5,1001,"P_read_write","Literacy",-0.00525054894387722
5,1001,"P_cell_phone","Cell phone",0.0142352087423205
5,1001,"P_internet","Internet",-0.00348147470504045
5,1001,"P_poverty","Poverty",-0.00403917720541358
5,1001,"bias_w","Spatial bias",-0.0271601397544146
5,1002,"P_age_00_14","Population 0-14",0.0113801220431924
5,1002,"P_age_15_39","Population 15-39",-0.00335021107457578
5,1002,"P_read_write","Literacy",-0.00695889769122005
5,1002,"P_cell_phone","Cell phone",-0.00387728656642139
5,1002,"P_internet","Internet",-0.00709741469472647
5,1002,"P_poverty","Poverty",0.00192124431487173
5,1002,"bias_w","Spatial bias",0.0103734573349357
5,1003,"P_age_00_14","Population 0-14",-0.00106303032953292
5,1003,"P_age_15_39","Population 15-39",-0.00619720853865147
5,1003,"P_read_write","Literacy",-0.0037869093939662
5,1003,"P_cell_phone","Cell phone",-0.00336126168258488
5,1003,"P_internet","Internet",-0.00874774903059006
5,1003,"P_poverty","Poverty",0.00369754596613348
5,1003,"bias_w","Spatial bias",-0.0247171446681023
5,1004,"P_age_00_14","Population 0-14",0.00896269641816616
5,1004,"P_age_15_39","Population 15-39",-0.00312926387414336
5,1004,"P_read_write","Literacy",-0.00530707463622093
5,1004,"P_cell_phone","Cell phone",-0.00424372032284737
5,1004,"P_internet","Internet",-0.00755857676267624
5,1004,"P_poverty","Poverty",0.0023119228426367
5,1004,"bias_w","Spatial bias",0.00843533873558044
5,1005,"P_age_00_14","Population 0-14",0.00907822605222464
5,1005,"P_age_15_39","Population 15-39",-0.00223583867773414
5,1005,"P_read_write","Literacy",-0.00793524831533432
5,1005,"P_cell_phone","Cell phone",0.0228802543133497
5,1005,"P_internet","Internet",-0.00722535140812397
5,1005,"P_poverty","Poverty",-0.00386180868372321
5,1005,"bias_w","Spatial bias",-0.0485961772501469
5,1006,"P_age_00_14","Population 0-14",0.0108626186847687
5,1006,"P_age_15_39","Population 15-39",-0.00426263036206365
5,1006,"P_read_write","Literacy",-0.00548689533025026
5,1006,"P_cell_phone","Cell phone",0.00993939023464918
5,1006,"P_internet","Internet",-0.00755528826266527
5,1006,"P_poverty","Poverty",-0.00580696063116193
5,1006,"bias_w","Spatial bias",-0.025312690064311
5,1007,"P_age_00_14","Population 0-14",0.00902540236711502
5,1007,"P_age_15_39","Population 15-39",-0.00262181181460619
5,1007,"P_read_write","Literacy",-0.00512571772560477
5,1007,"P_cell_phone","Cell phone",0.00177451921626925
5,1007,"P_internet","Internet",-0.00681774783879519
5,1007,"P_poverty","Poverty",0.00125121406745166
5,1007,"bias_w","Spatial bias",0.00582735938951373
5,1008,"P_age_00_14","Population 0-14",0.00301622576080263
5,1008,"P_age_15_39","Population 15-39",-0.00740508688613772
5,1008,"P_read_write","Literacy",-0.0141428150236607
5,1008,"P_cell_phone","Cell phone",-0.00700322072952986
5,1008,"P_internet","Internet",-0.00498195085674524
5,1008,"P_poverty","Poverty",0.00141535280272365
5,1008,"bias_w","Spatial bias",-0.00397084560245275
5,1009,"P_age_00_14","Population 0-14",0.0113969817757607
5,1009,"P_age_15_39","Population 15-39",-0.00328505272045732
5,1009,"P_read_write","Literacy",-0.00380254653282464
5,1009,"P_cell_phone","Cell phone",-0.004221904091537
5,1009,"P_internet","Internet",-0.00751167116686702
5,1009,"P_poverty","Poverty",0.00191913230810314
5,1009,"bias_w","Spatial bias",0.00807216018438339
5,1010,"P_age_00_14","Population 0-14",0.00804816000163555
5,1010,"P_age_15_39","Population 15-39",-0.00578688038513064
5,1010,"P_read_write","Literacy",-0.0083473576232791
5,1010,"P_cell_phone","Cell phone",-0.00462654652073979
5,1010,"P_internet","Internet",0.000808804004918784
5,1010,"P_poverty","Poverty",0.00272343214601278
5,1010,"bias_w","Spatial bias",-0.0233137849718332
5,1011,"P_age_00_14","Population 0-14",0.00599914789199829
5,1011,"P_age_15_39","Population 15-39",-0.0142107931897044
5,1011,"P_read_write","Literacy",-0.0071638566441834
5,1011,"P_cell_phone","Cell phone",0.00277783162891865
5,1011,"P_internet","Internet",-0.00235314480960369
5,1011,"P_poverty","Poverty",0.00102794717531651
5,1011,"bias_w","Spatial bias",-0.00737221026793122
5,2001,"P_age_00_14","Population 0-14",-0.00504871504381299
5,2001,"P_age_15_39","Population 15-39",-0.00469952635467052
5,2001,"P_read_write","Literacy",-0.00791666377335787
5,2001,"P_cell_phone","Cell phone",0.0111373066902161
5,2001,"P_internet","Internet",-0.00670541683211923
5,2001,"P_poverty","Poverty",-0.00598193379119039
5,2001,"bias_w","Spatial bias",-0.0276709031313658
5,2002,"P_age_00_14","Population 0-14",-0.00491285463795066
5,2002,"P_age_15_39","Population 15-39",-0.00421090051531792
5,2002,"P_read_write","Literacy",-0.00732356496155262
5,2002,"P_cell_phone","Cell phone",0.0108078680932522
5,2002,"P_internet","Internet",-0.00425592064857483
5,2002,"P_poverty","Poverty",-0.0100810043513775
5,2002,"bias_w","Spatial bias",-0.0330206006765366
5,2003,"P_age_00_14","Population 0-14",-0.00534754758700728
5,2003,"P_age_15_39","Population 15-39",-0.00425367522984743
5,2003,"P_read_write","Literacy",-0.0079455329105258
5,2003,"P_cell_phone","Cell phone",0.011346073821187
5,2003,"P_internet","Internet",-0.00654845451936126
5,2003,"P_poverty","Poverty",-0.0101182824000716
5,2003,"bias_w","Spatial bias",-0.0265815760940313
5,2004,"P_age_00_14","Population 0-14",-0.0057177534326911
5,2004,"P_age_15_39","Population 15-39",-0.00855085346847773
5,2004,"P_read_write","Literacy",-0.00833997409790754
5,2004,"P_cell_phone","Cell phone",0.0110663194209337
5,2004,"P_internet","Internet",-0.00331297307275236
5,2004,"P_poverty","Poverty",-0.00417049182578921
5,2004,"bias_w","Spatial bias",-0.0280701499432325
5,2005,"P_age_00_14","Population 0-14",-0.00583897391334176
5,2005,"P_age_15_39","Population 15-39",-0.00414540385827422
5,2005,"P_read_write","Literacy",-0.00811301358044147
5,2005,"P_cell_phone","Cell phone",0.0122576449066401
5,2005,"P_internet","Internet",-0.00493913656100631
5,2005,"P_poverty","Poverty",-0.00761618185788393
5,2005,"bias_w","Spatial bias",-0.0299404505640268
5,2006,"P_age_00_14","Population 0-14",0.0083931889384985
5,2006,"P_age_15_39","Population 15-39",-0.0192930568009615
5,2006,"P_read_write","Literacy",-0.00112357689067721
5,2006,"P_cell_phone","Cell phone",0.00335508910939097
5,2006,"P_internet","Internet",-0.00371741666458547
5,2006,"P_poverty","Poverty",0.000545725866686553
5,2006,"bias_w","Spatial bias",-0.00762299681082368
5,3001,"P_age_00_14","Population 0-14",-0.00432935636490583
5,3001,"P_age_15_39","Population 15-39",-0.00347157125361264
5,3001,"P_read_write","Literacy",-0.00408237054944038
5,3001,"P_cell_phone","Cell phone",0.00498088216409087
5,3001,"P_internet","Internet",-0.007600337266922
5,3001,"P_poverty","Poverty",0.000148547260323539
5,3001,"bias_w","Spatial bias",0.0155110079795122
5,3002,"P_age_00_14","Population 0-14",-0.00338528235442936
5,3002,"P_age_15_39","Population 15-39",-0.00392829207703471
5,3002,"P_read_write","Literacy",-0.00387983955442905
5,3002,"P_cell_phone","Cell phone",0.0104432767257094
5,3002,"P_internet","Internet",-0.00697832414880395
5,3002,"P_poverty","Poverty",-0.00559267913922668
5,3002,"bias_w","Spatial bias",0.00509974732995033
5,3003,"P_age_00_14","Population 0-14",-0.00495076971128583
5,3003,"P_age_15_39","Population 15-39",-0.00429645786061883
5,3003,"P_read_write","Literacy",-0.00725670997053385
5,3003,"P_cell_phone","Cell phone",0.0102552687749267
5,3003,"P_internet","Internet",-0.00517714023590088
5,3003,"P_poverty","Poverty",-0.011292384006083
5,3003,"bias_w","Spatial bias",-0.00665562134236097
5,3008,"P_age_00_14","Population 0-14",-0.00358237349428236
5,3008,"P_age_15_39","Population 15-39",-0.028683802112937
5,3008,"P_read_write","Literacy",-0.00635088980197906
5,3008,"P_cell_phone","Cell phone",0.00954240094870329
5,3008,"P_internet","Internet",-0.00147702684625983
5,3008,"P_poverty","Poverty",-0.00547567848116159
5,3008,"bias_w","Spatial bias",-0.00742417620494962
5,3009,"P_age_00_14","Population 0-14",-0.00393017008900642
5,3009,"P_age_15_39","Population 15-39",-0.00345853832550347
5,3009,"P_read_write","Literacy",-0.00739053171128035
5,3009,"P_cell_phone","Cell phone",0.00890316721051931
5,3009,"P_internet","Internet",-0.00490256538614631
5,3009,"P_poverty","Poverty",-0.00380262336693704
5,3009,"bias_w","Spatial bias",0.00476021459326148
5,4002,"P_age_00_14","Population 0-14",-0.00453456537798047
5,4002,"P_age_15_39","Population 15-39",-0.00301222875714302
5,4002,"P_read_write","Literacy",-0.00391089310869575
5,4002,"P_cell_phone","Cell phone",0.00994657073169947
5,4002,"P_internet","Internet",-0.00651539675891399
5,4002,"P_poverty","Poverty",-0.00656305020675063
5,4002,"bias_w","Spatial bias",0.0127959623932838
5,4003,"P_age_00_14","Population 0-14",-0.00397957535460591
5,4003,"P_age_15_39","Population 15-39",-0.0030784853734076
5,4003,"P_read_write","Literacy",-0.00436690961942077
5,4003,"P_cell_phone","Cell phone",0.00436644908040762
5,4003,"P_internet","Internet",-0.00598911289125681
5,4003,"P_poverty","Poverty",0.000236071180552244
5,4003,"bias_w","Spatial bias",0.0156112955883145
5,4004,"P_age_00_14","Population 0-14",-0.00123557518236339
5,4004,"P_age_15_39","Population 15-39",-0.00263689435087144
5,4004,"P_read_write","Literacy",0.00031112928991206
5,4004,"P_cell_phone","Cell phone",-0.00137472536880523
5,4004,"P_internet","Internet",-0.00462702848017216
5,4004,"P_poverty","Poverty",0.00238839373923838
5,4004,"bias_w","Spatial bias",0.0183494221419096
5,4006,"P_age_00_14","Population 0-14",0.0106411827728152
5,4006,"P_age_15_39","Population 15-39",-0.00233000842854381
5,4006,"P_read_write","Literacy",-0.0015862729633227
5,4006,"P_cell_phone","Cell phone",-0.00129277468658984
5,4006,"P_internet","Internet",0.00603282544761896
5,4006,"P_poverty","Poverty",0.00211862195283175
5,4006,"bias_w","Spatial bias",0.0186523012816906
5,4007,"P_age_00_14","Population 0-14",-0.00208660843782127
5,4007,"P_age_15_39","Population 15-39",0.00216584140434861
5,4007,"P_read_write","Literacy",-0.00217594183050096
5,4007,"P_cell_phone","Cell phone",-0.0010848909150809
5,4007,"P_internet","Internet",0.000337749079335481
5,4007,"P_poverty","Poverty",0.00155219854786992
5,4007,"bias_w","Spatial bias",0.0230178833007812
5,4009,"P_age_00_14","Population 0-14",0.00738346530124545
5,4009,"P_age_15_39","Population 15-39",-0.00271878461353481
5,4009,"P_read_write","Literacy",0.000440783187514171
5,4009,"P_cell_phone","Cell phone",-0.00106815155595541
5,4009,"P_internet","Internet",0.00248321006074548
5,4009,"P_poverty","Poverty",0.00222390866838396
5,4009,"bias_w","Spatial bias",0.0221654903143644
5,4010,"P_age_00_14","Population 0-14",0.00952081568539143
5,4010,"P_age_15_39","Population 15-39",-0.00212261639535427
5,4010,"P_read_write","Literacy",0.00489014526829123
5,4010,"P_cell_phone","Cell phone",-0.0010185344144702
5,4010,"P_internet","Internet",0.00615401286631823
5,4010,"P_poverty","Poverty",0.00210559042170644
5,4010,"bias_w","Spatial bias",0.0241242442280054
5,4012,"P_age_00_14","Population 0-14",-0.00530082825571299
5,4012,"P_age_15_39","Population 15-39",-0.00342405377887189
5,4012,"P_read_write","Literacy",-0.00255409348756075
5,4012,"P_cell_phone","Cell phone",-0.00122239568736404
5,4012,"P_internet","Internet",0.00322643201798201
5,4012,"P_poverty","Poverty",0.00291456142440438
5,4012,"bias_w","Spatial bias",0.021267157047987
5,5002,"P_age_00_14","Population 0-14",-0.00104371120687574
5,5002,"P_age_15_39","Population 15-39",-0.0029876297339797
5,5002,"P_read_write","Literacy",-0.00888993218541145
5,5002,"P_cell_phone","Cell phone",0.0287235081195831
5,5002,"P_internet","Internet",-0.00631124014034867
5,5002,"P_poverty","Poverty",-0.0028485048096627
5,5002,"bias_w","Spatial bias",-0.0512863397598267
5,5003,"P_age_00_14","Population 0-14",-0.00174230814445764
5,5003,"P_age_15_39","Population 15-39",-0.00793169811367989
5,5003,"P_read_write","Literacy",-0.00669261207804084
5,5003,"P_cell_phone","Cell phone",0.0295887906104326
5,5003,"P_internet","Internet",-0.00509993312880397
5,5003,"P_poverty","Poverty",-0.00344594521448016
5,5003,"bias_w","Spatial bias",-0.0518493838608265
5,5004,"P_age_00_14","Population 0-14",-0.0037691043689847
5,5004,"P_age_15_39","Population 15-39",-0.0137820560485125
5,5004,"P_read_write","Literacy",-0.00987233873456717
5,5004,"P_cell_phone","Cell phone",-0.0216644816100597
5,5004,"P_internet","Internet",-0.0164596252143383
5,5004,"P_poverty","Poverty",-0.0173256918787956
5,5004,"bias_w","Spatial bias",-0.100016430020332
5,5005,"P_age_00_14","Population 0-14",-0.0011773967416957
5,5005,"P_age_15_39","Population 15-39",0.0168750695884228
5,5005,"P_read_write","Literacy",-0.00175593630410731
5,5005,"P_cell_phone","Cell phone",0.00959443207830191
5,5005,"P_internet","Internet",0.00870582833886147
5,5005,"P_poverty","Poverty",-0.00307063362561166
5,5005,"bias_w","Spatial bias",-0.050649669021368
5,5012,"P_age_00_14","Population 0-14",-0.00455063302069902
5,5012,"P_age_15_39","Population 15-39",0.012112352065742
5,5012,"P_read_write","Literacy",-0.000660725636407733
5,5012,"P_cell_phone","Cell phone",-0.00776746077463031
5,5012,"P_internet","Internet",0.0128725748509169
5,5012,"P_poverty","Poverty",-0.00781002081930637
5,5012,"bias_w","Spatial bias",-0.0511441789567471
5,5013,"P_age_00_14","Population 0-14",0.00971588212996721
5,5013,"P_age_15_39","Population 15-39",0.00387569260783494
5,5013,"P_read_write","Literacy",-0.00258813286200166
5,5013,"P_cell_phone","Cell phone",0.00395835284143686
5,5013,"P_internet","Internet",0.00674254866316915
5,5013,"P_poverty","Poverty",-0.00270477961748838
5,5013,"bias_w","Spatial bias",-0.0260478481650352
5,5014,"P_age_00_14","Population 0-14",-0.00335769122466445
5,5014,"P_age_15_39","Population 15-39",-0.00961803551763296
5,5014,"P_read_write","Literacy",-0.0105381943285465
5,5014,"P_cell_phone","Cell phone",0.0246303714811802
5,5014,"P_internet","Internet",-0.0129021359607577
5,5014,"P_poverty","Poverty",-0.00631507905200124
5,5014,"bias_w","Spatial bias",-0.0728096887469292
5,5015,"P_age_00_14","Population 0-14",-0.00301477708853781
5,5015,"P_age_15_39","Population 15-39",0.0122054284438491
5,5015,"P_read_write","Literacy",-0.0126292835921049
5,5015,"P_cell_phone","Cell phone",-0.008032969199121
5,5015,"P_internet","Internet",0.0118034081533551
5,5015,"P_poverty","Poverty",-0.0104221841320395
5,5015,"bias_w","Spatial bias",-0.0664085298776627
5,5018,"P_age_00_14","Population 0-14",-0.00279525178484619
5,5018,"P_age_15_39","Population 15-39",-0.00700148567557335
5,5018,"P_read_write","Literacy",-0.00786359515041113
5,5018,"P_cell_phone","Cell phone",0.0311274398118258
5,5018,"P_internet","Internet",-0.00510204583406448
5,5018,"P_poverty","Poverty",-0.00336652249097824
5,5018,"bias_w","Spatial bias",-0.0508564226329327
5,5019,"P_age_00_14","Population 0-14",-0.00405984139069915
5,5019,"P_age_15_39","Population 15-39",-0.0122810266911983
5,5019,"P_read_write","Literacy",-0.00588720291852951
5,5019,"P_cell_phone","Cell phone",-0.00778981996700168
5,5019,"P_internet","Internet",-0.00583286629989743
5,5019,"P_poverty","Poverty",-0.0142630273476243
5,5019,"bias_w","Spatial bias",-0.0280362777411938
5,5020,"P_age_00_14","Population 0-14",-0.00364334369078279
5,5020,"P_age_15_39","Population 15-39",-0.0141256265342236
5,5020,"P_read_write","Literacy",-0.008768773637712
5,5020,"P_cell_phone","Cell phone",-0.0119920074939728
5,5020,"P_internet","Internet",-0.00670929625630379
5,5020,"P_poverty","Poverty",-0.0211712755262852
5,5020,"bias_w","Spatial bias",-0.0249510183930397
5,5022,"P_age_00_14","Population 0-14",-0.00172190309967846
5,5022,"P_age_15_39","Population 15-39",-0.00475349929183722
5,5022,"P_read_write","Literacy",-0.00792466849088669
5,5022,"P_cell_phone","Cell phone",0.012800820171833
5,5022,"P_internet","Internet",-0.00429491745308042
5,5022,"P_poverty","Poverty",-0.00387180969119072
5,5022,"bias_w","Spatial bias",-0.0259292908012867
5,5023,"P_age_00_14","Population 0-14",-0.000409462343668565
5,5023,"P_age_15_39","Population 15-39",0.00556500442326069
5,5023,"P_read_write","Literacy",-0.00526348687708378
5,5023,"P_cell_phone","Cell phone",-0.00250072707422078
5,5023,"P_internet","Internet",-0.006177993491292
5,5023,"P_poverty","Poverty",-0.00695508858188987
5,5023,"bias_w","Spatial bias",0.0192681513726711
5,5025,"P_age_00_14","Population 0-14",-0.00278853927738965
5,5025,"P_age_15_39","Population 15-39",-0.00342077668756247
5,5025,"P_read_write","Literacy",-0.00719207059592009
5,5025,"P_cell_phone","Cell phone",0.0242476668208838
5,5025,"P_internet","Internet",-0.00586358457803726
5,5025,"P_poverty","Poverty",-0.00325788301415741
5,5025,"bias_w","Spatial bias",-0.0445638597011566
5,5026,"P_age_00_14","Population 0-14",-0.00190350669436157
5,5026,"P_age_15_39","Population 15-39",0.0139962080866098
5,5026,"P_read_write","Literacy",-0.0101561779156327
5,5026,"P_cell_phone","Cell phone",-0.00863717962056398
5,5026,"P_internet","Internet",0.00993096828460693
5,5026,"P_poverty","Poverty",-0.00516133103519678
5,5026,"bias_w","Spatial bias",-0.0789596289396286
5,5028,"P_age_00_14","Population 0-14",-0.00326016778126359
5,5028,"P_age_15_39","Population 15-39",-0.00468939822167158
5,5028,"P_read_write","Literacy",-0.0060444651171565
5,5028,"P_cell_phone","Cell phone",0.0114013059064746
5,5028,"P_internet","Internet",-0.00466720480471849
5,5028,"P_poverty","Poverty",-0.0110173262655735
5,5028,"bias_w","Spatial bias",-0.0261168833822012
5,5030,"P_age_00_14","Population 0-14",-0.00374962878413498
5,5030,"P_age_15_39","Population 15-39",-0.00358637305907905
5,5030,"P_read_write","Literacy",-0.00607107486575842
5,5030,"P_cell_phone","Cell phone",0.0124720027670264
5,5030,"P_internet","Internet",-0.00355840963311493
5,5030,"P_poverty","Poverty",-0.0147456303238869
5,5030,"bias_w","Spatial bias",-0.0302707254886627
5,5031,"P_age_00_14","Population 0-14",-0.00328500545583665
5,5031,"P_age_15_39","Population 15-39",-0.00485581206157804
5,5031,"P_read_write","Literacy",-0.00841019302606583
5,5031,"P_cell_phone","Cell phone",0.0130616622045636
5,5031,"P_internet","Internet",-0.00542571861296892
5,5031,"P_poverty","Poverty",-0.00395416608080268
5,5031,"bias_w","Spatial bias",-0.0264263842254877
5,5032,"P_age_00_14","Population 0-14",-0.00344020896591246
5,5032,"P_age_15_39","Population 15-39",0.0084211528301239
5,5032,"P_read_write","Literacy",-0.00713038211688399
5,5032,"P_cell_phone","Cell phone",-0.00386173184961081
5,5032,"P_internet","Internet",-0.00459414534270763
5,5032,"P_poverty","Poverty",-0.00599187565967441
5,5032,"bias_w","Spatial bias",-0.0166958831250668
5,5037,"P_age_00_14","Population 0-14",-0.00580275617539883
5,5037,"P_age_15_39","Population 15-39",-0.012188209220767
5,5037,"P_read_write","Literacy",-0.00866296980530024
5,5037,"P_cell_phone","Cell phone",-0.00381139572709799
5,5037,"P_internet","Internet",-0.00645338650792837
5,5037,"P_poverty","Poverty",-0.0158901158720255
5,5037,"bias_w","Spatial bias",-0.0356111042201519
5,5038,"P_age_00_14","Population 0-14",-0.0037995872553438
5,5038,"P_age_15_39","Population 15-39",-0.00959070306271315
5,5038,"P_read_write","Literacy",-0.00571765704080462
5,5038,"P_cell_phone","Cell phone",-0.0117787923663855
5,5038,"P_internet","Internet",-0.00754624092951417
5,5038,"P_poverty","Poverty",-0.0168478786945343
5,5038,"bias_w","Spatial bias",-0.0307250041514635
5,6001,"P_age_00_14","Population 0-14",-0.00429078191518784
5,6001,"P_age_15_39","Population 15-39",-0.00437639467418194
5,6001,"P_read_write","Literacy",-0.00209057959727943
5,6001,"P_cell_phone","Cell phone",-0.00296149542555213
5,6001,"P_internet","Internet",-0.00466615566983819
5,6001,"P_poverty","Poverty",0.00346493278630078
5,6001,"bias_w","Spatial bias",-0.0255656894296408
5,6002,"P_age_00_14","Population 0-14",-0.00602850783616304
5,6002,"P_age_15_39","Population 15-39",-0.00600530253723264
5,6002,"P_read_write","Literacy",-0.00787377916276455
5,6002,"P_cell_phone","Cell phone",0.0324249789118767
5,6002,"P_internet","Internet",-0.00634993240237236
5,6002,"P_poverty","Poverty",-0.00378810684196651
5,6002,"bias_w","Spatial bias",-0.0490801110863686
5,6003,"P_age_00_14","Population 0-14",-0.00813907478004694
5,6003,"P_age_15_39","Population 15-39",-0.00686428649351001
5,6003,"P_read_write","Literacy",-0.00598713662475348
5,6003,"P_cell_phone","Cell phone",-0.00321163702756166
5,6003,"P_internet","Internet",-0.00886392500251532
5,6003,"P_poverty","Poverty",0.00387724558822811
5,6003,"bias_w","Spatial bias",-0.03409568592906
5,6004,"P_age_00_14","Population 0-14",-0.0056490944698453
5,6004,"P_age_15_39","Population 15-39",-0.00597799010574818
5,6004,"P_read_write","Literacy",-0.00200301315635443
5,6004,"P_cell_phone","Cell phone",-0.0031320967245847
5,6004,"P_internet","Internet",-0.010458298958838
5,6004,"P_poverty","Poverty",0.00274241250008345
5,6004,"bias_w","Spatial bias",-0.00637426367029548
5,6005,"P_age_00_14","Population 0-14",-0.00791585072875023
5,6005,"P_age_15_39","Population 15-39",-0.0144322700798512
5,6005,"P_read_write","Literacy",-0.00492435321211815
5,6005,"P_cell_phone","Cell phone",-0.0159842297434807
5,6005,"P_internet","Internet",-0.00766968308016658
5,6005,"P_poverty","Poverty",-0.0255753099918365
5,6005,"bias_w","Spatial bias",-0.0311186797916889
5,6006,"P_age_00_14","Population 0-14",-0.00713304942473769
5,6006,"P_age_15_39","Population 15-39",-0.0051520480774343
5,6006,"P_read_write","Literacy",-0.00238356529735029
5,6006,"P_cell_phone","Cell phone",-0.00250048632733524
5,6006,"P_internet","Internet",-0.00931095238775015
5,6006,"P_poverty","Poverty",0.00185577070806175
5,6006,"bias_w","Spatial bias",0.0188888777047396
5,6007,"P_age_00_14","Population 0-14",-0.00419554952532053
5,6007,"P_age_15_39","Population 15-39",-0.00362508627586067
5,6007,"P_read_write","Literacy",-0.00570619152858853
5,6007,"P_cell_phone","Cell phone",0.0111633148044348
5,6007,"P_internet","Internet",-0.00369439879432321
5,6007,"P_poverty","Poverty",-0.00462517281994224
5,6007,"bias_w","Spatial bias",0.0145753975957632
5,6008,"P_age_00_14","Population 0-14",-0.00441043730825186
5,6008,"P_age_15_39","Population 15-39",-0.008828055113554
5,6008,"P_read_write","Literacy",-0.0025692053604871
5,6008,"P_cell_phone","Cell phone",-0.00593878189101815
5,6008,"P_internet","Internet",-0.000740892777685076
5,6008,"P_poverty","Poverty",-0.0153812700882554
5,6008,"bias_w","Spatial bias",-0.0289209373295307
5,6009,"P_age_00_14","Population 0-14",-0.00309800542891026
5,6009,"P_age_15_39","Population 15-39",-0.00322679593227804
5,6009,"P_read_write","Literacy",-0.00202883640304208
5,6009,"P_cell_phone","Cell phone",-0.00250083720311522
5,6009,"P_internet","Internet",-0.00570213608443737
5,6009,"P_poverty","Poverty",0.0024168323725462
5,6009,"bias_w","Spatial bias",0.00715718185529113
5,6010,"P_age_00_14","Population 0-14",-0.00447580963373184
5,6010,"P_age_15_39","Population 15-39",-0.00366475665941834
5,6010,"P_read_write","Literacy",-0.0089027751237154
5,6010,"P_cell_phone","Cell phone",0.0111648123711348
5,6010,"P_internet","Internet",-0.00670879147946835
5,6010,"P_poverty","Poverty",-0.0103241456672549
5,6010,"bias_w","Spatial bias",-0.0275623444467783
5,7001,"P_age_00_14","Population 0-14",0.00991714932024479
5,7001,"P_age_15_39","Population 15-39",-0.00194681528955698
5,7001,"P_read_write","Literacy",0.00477224867790937
5,7001,"P_cell_phone","Cell phone",-0.00119118124712259
5,7001,"P_internet","Internet",0.00106526352465153
5,7001,"P_poverty","Poverty",0.00184789730701596
5,7001,"bias_w","Spatial bias",0.0258584283292294
5,7003,"P_age_00_14","Population 0-14",0.00804964639246464
5,7003,"P_age_15_39","Population 15-39",-0.00193597842007875
5,7003,"P_read_write","Literacy",0.00410811603069305
5,7003,"P_cell_phone","Cell phone",-0.00121507770381868
5,7003,"P_internet","Internet",0.00568161020055413
5,7003,"P_poverty","Poverty",0.00146131892688572
5,7003,"bias_w","Spatial bias",0.0238380096852779
5,7006,"P_age_00_14","Population 0-14",0.0122986789792776
5,7006,"P_age_15_39","Population 15-39",-0.00186673062853515
5,7006,"P_read_write","Literacy",0.00476983981207013
5,7006,"P_cell_phone","Cell phone",-0.00107606232631952
5,7006,"P_internet","Internet",0.00617765635251999
5,7006,"P_poverty","Poverty",0.0018748763250187
5,7006,"bias_w","Spatial bias",0.0240580160170794
5,7008,"P_age_00_14","Population 0-14",0.013916970230639
5,7008,"P_age_15_39","Population 15-39",-0.00213921791873872
5,7008,"P_read_write","Literacy",0.00525154685601592
5,7008,"P_cell_phone","Cell phone",-0.000909911817871034
5,7008,"P_internet","Internet",0.00551508879289031
5,7008,"P_poverty","Poverty",0.00187879137229174
5,7008,"bias_w","Spatial bias",0.0249402839690447
5,7009,"P_age_00_14","Population 0-14",-0.00382787548005581
5,7009,"P_age_15_39","Population 15-39",-0.00183155317790806
5,7009,"P_read_write","Literacy",-0.00181458261795342
5,7009,"P_cell_phone","Cell phone",-0.000926099368371069
5,7009,"P_internet","Internet",-0.00399916619062424
5,7009,"P_poverty","Poverty",0.00284455972723663
5,7009,"bias_w","Spatial bias",0.0186582207679749
5,7010,"P_age_00_14","Population 0-14",0.0142508521676064
5,7010,"P_age_15_39","Population 15-39",-0.00209694285877049
5,7010,"P_read_write","Literacy",0.0043285433202982
5,7010,"P_cell_phone","Cell phone",-0.00102257647085935
5,7010,"P_internet","Internet",0.00744815403595567
5,7010,"P_poverty","Poverty",0.00256207305938005
5,7010,"bias_w","Spatial bias",0.0330297648906708
5,7011,"P_age_00_14","Population 0-14",0.0137059446424246
5,7011,"P_age_15_39","Population 15-39",-0.00125687895342708
5,7011,"P_read_write","Literacy",-0.00249829795211554
5,7011,"P_cell_phone","Cell phone",-0.00108999677468091
5,7011,"P_internet","Internet",0.0075378529727459
5,7011,"P_poverty","Poverty",0.00194023456424475
5,7011,"bias_w","Spatial bias",0.0317513197660446
5,7012,"P_age_00_14","Population 0-14",0.00978370942175388
5,7012,"P_age_15_39","Population 15-39",-0.0024249185808003
5,7012,"P_read_write","Literacy",0.000797760323621333
5,7012,"P_cell_phone","Cell phone",-0.00299558485858142
5,7012,"P_internet","Internet",-0.0099237123504281
5,7012,"P_poverty","Poverty",0.00217709573917091
5,7012,"bias_w","Spatial bias",-0.0251782797276974
5,7013,"P_age_00_14","Population 0-14",0.0148932728916407
5,7013,"P_age_15_39","Population 15-39",-0.0018847530009225
5,7013,"P_read_write","Literacy",0.00459291553124785
5,7013,"P_cell_phone","Cell phone",-0.00154344027396291
5,7013,"P_internet","Internet",0.00709959492087364
5,7013,"P_poverty","Poverty",0.00209590350277722
5,7013,"bias_w","Spatial bias",0.0295555628836155
5,7015,"P_age_00_14","Population 0-14",0.00986272562295198
5,7015,"P_age_15_39","Population 15-39",-0.00184311112388968
5,7015,"P_read_write","Literacy",0.00298589235171676
5,7015,"P_cell_phone","Cell phone",-0.000924239866435528
5,7015,"P_internet","Internet",0.0060460944660008
5,7015,"P_poverty","Poverty",0.00255051092244685
5,7015,"bias_w","Spatial bias",0.00745703466236591
5,7017,"P_age_00_14","Population 0-14",0.0082525173202157
5,7017,"P_age_15_39","Population 15-39",-0.00207597622647882
5,7017,"P_read_write","Literacy",0.00412337156012654
5,7017,"P_cell_phone","Cell phone",-0.00114560965448618
5,7017,"P_internet","Internet",0.00288652605377138
5,7017,"P_poverty","Poverty",0.00235503865405917
5,7017,"bias_w","Spatial bias",0.0189209878444672
5,7018,"P_age_00_14","Population 0-14",0.00883126445114613
5,7018,"P_age_15_39","Population 15-39",-0.00173004635144025
5,7018,"P_read_write","Literacy",0.00459341006353498
5,7018,"P_cell_phone","Cell phone",-0.00112059805542231
5,7018,"P_internet","Internet",0.00597669230774045
5,7018,"P_poverty","Poverty",0.001936448039487
5,7018,"bias_w","Spatial bias",0.0246999803930521
5,7019,"P_age_00_14","Population 0-14",-0.00183632189873606
5,7019,"P_age_15_39","Population 15-39",-0.00224471488036215
5,7019,"P_read_write","Literacy",-0.00168913276866078
5,7019,"P_cell_phone","Cell phone",-0.000591779826208949
5,7019,"P_internet","Internet",-0.00450279377400875
5,7019,"P_poverty","Poverty",0.0026421279180795
5,7019,"bias_w","Spatial bias",0.0166999623179436
5,7020,"P_age_00_14","Population 0-14",0.00947713200002909
5,7020,"P_age_15_39","Population 15-39",-0.00208127778023481
5,7020,"P_read_write","Literacy",0.00527460826560855
5,7020,"P_cell_phone","Cell phone",-0.00096746749477461
5,7020,"P_internet","Internet",0.00614767521619797
5,7020,"P_poverty","Poverty",0.00201141997240484
5,7020,"bias_w","Spatial bias",0.0256970506161451
5,7021,"P_age_00_14","Population 0-14",0.00805757846683264
5,7021,"P_age_15_39","Population 15-39",-0.00182429607957602
5,7021,"P_read_write","Literacy",0.00433485908433795
5,7021,"P_cell_phone","Cell phone",-0.00125895044766366
5,7021,"P_internet","Internet",0.00574151938781142
5,7021,"P_poverty","Poverty",0.0025892797857523
5,7021,"bias_w","Spatial bias",0.0192294307053089
5,7025,"P_age_00_14","Population 0-14",0.0128991045057774
5,7025,"P_age_15_39","Population 15-39",-0.00185961439274251
5,7025,"P_read_write","Literacy",0.00738558452576399
5,7025,"P_cell_phone","Cell phone",-0.00272546312771738
5,7025,"P_internet","Internet",0.00743058789521456
5,7025,"P_poverty","Poverty",0.00201467075385153
5,7025,"bias_w","Spatial bias",0.0330945923924446
5,7027,"P_age_00_14","Population 0-14",-0.00426161754876375
5,7027,"P_age_15_39","Population 15-39",-0.00331822293810546
5,7027,"P_read_write","Literacy",0.000458521622931585
5,7027,"P_cell_phone","Cell phone",-0.00254263379611075
5,7027,"P_internet","Internet",-0.00402794219553471
5,7027,"P_poverty","Poverty",0.00260756188072264
5,7027,"bias_w","Spatial bias",0.0202787704765797
5,7029,"P_age_00_14","Population 0-14",0.0116567369550467
5,7029,"P_age_15_39","Population 15-39",-0.00287532713264227
5,7029,"P_read_write","Literacy",0.0055888737551868
5,7029,"P_cell_phone","Cell phone",-0.00139383890200406
5,7029,"P_internet","Internet",0.00735796941444278
5,7029,"P_poverty","Poverty",0.002290383214131
5,7029,"bias_w","Spatial bias",-0.00223104632459581
5,7030,"P_age_00_14","Population 0-14",0.0122531307861209
5,7030,"P_age_15_39","Population 15-39",-0.00189676717855036
5,7030,"P_read_write","Literacy",0.00429996894672513
5,7030,"P_cell_phone","Cell phone",-0.000940113386604935
5,7030,"P_internet","Internet",0.00632764864712954
5,7030,"P_poverty","Poverty",0.00184852257370949
5,7030,"bias_w","Spatial bias",0.0236272588372231
5,7032,"P_age_00_14","Population 0-14",0.00873856619000435
5,7032,"P_age_15_39","Population 15-39",-0.00176481949165463
5,7032,"P_read_write","Literacy",0.00413553230464458
5,7032,"P_cell_phone","Cell phone",-0.00100506749004126
5,7032,"P_internet","Internet",0.00625534448772669
5,7032,"P_poverty","Poverty",0.0018686770927161
5,7032,"bias_w","Spatial bias",0.0229717437177896
5,7033,"P_age_00_14","Population 0-14",0.0147726852446795
5,7033,"P_age_15_39","Population 15-39",-0.00206586346030235
5,7033,"P_read_write","Literacy",0.00916958972811699
5,7033,"P_cell_phone","Cell phone",-0.001152632990852
5,7033,"P_internet","Internet",0.00882099568843842
5,7033,"P_poverty","Poverty",0.00109485117718577
5,7033,"bias_w","Spatial bias",0.0435318723320961
5,7034,"P_age_00_14","Population 0-14",0.00833951495587826
5,7034,"P_age_15_39","Population 15-39",-0.00234195799566805
5,7034,"P_read_write","Literacy",0.0044535263441503
5,7034,"P_cell_phone","Cell phone",-0.00136357033625245
5,7034,"P_internet","Internet",0.00619054073467851
5,7034,"P_poverty","Poverty",0.00190037616994232
5,7034,"bias_w","Spatial bias",0.0224140677601099
5,7035,"P_age_00_14","Population 0-14",0.00904474128037691
5,7035,"P_age_15_39","Population 15-39",-0.00200340105220675
5,7035,"P_read_write","Literacy",0.00416063563898206
5,7035,"P_cell_phone","Cell phone",-0.00115809706039727
5,7035,"P_internet","Internet",0.00600762665271759
5,7035,"P_poverty","Poverty",0.00184217176865786
5,7035,"bias_w","Spatial bias",0.0182627700269222
5,7037,"P_age_00_14","Population 0-14",3.71459609596059e-05
5,7037,"P_age_15_39","Population 15-39",-0.00238076155073941
5,7037,"P_read_write","Literacy",0.00382289849221706
5,7037,"P_cell_phone","Cell phone",-0.00130518770311028
5,7037,"P_internet","Internet",0.00550776720046997
5,7037,"P_poverty","Poverty",0.00228099501691759
5,7037,"bias_w","Spatial bias",0.0176170598715544
5,7040,"P_age_00_14","Population 0-14",-0.00118334242142737
5,7040,"P_age_15_39","Population 15-39",-0.00248043495230377
5,7040,"P_read_write","Literacy",0.000686797080561519
5,7040,"P_cell_phone","Cell phone",-0.00121556944213808
5,7040,"P_internet","Internet",0.000900478160474449
5,7040,"P_poverty","Poverty",0.00246844184584916
5,7040,"bias_w","Spatial bias",0.0185751747339964
5,7041,"P_age_00_14","Population 0-14",0.0128469532355666
5,7041,"P_age_15_39","Population 15-39",-0.00231052120216191
5,7041,"P_read_write","Literacy",0.00461336644366384
5,7041,"P_cell_phone","Cell phone",-0.0014587250771001
5,7041,"P_internet","Internet",0.00560172740370035
5,7041,"P_poverty","Poverty",0.00260371435433626
5,7041,"bias_w","Spatial bias",0.0243502501398325
5,7042,"P_age_00_14","Population 0-14",0.0149515140801668
5,7042,"P_age_15_39","Population 15-39",-0.00208141887560487
5,7042,"P_read_write","Literacy",0.00526235857978463
5,7042,"P_cell_phone","Cell phone",-0.00129218143410981
5,7042,"P_internet","Internet",0.00407637469470501
5,7042,"P_poverty","Poverty",0.00217575882561505
5,7042,"bias_w","Spatial bias",0.0296549052000046
5,7043,"P_age_00_14","Population 0-14",0.0114942686632276
5,7043,"P_age_15_39","Population 15-39",-0.00159784127026796
5,7043,"P_read_write","Literacy",0.00450799986720085
5,7043,"P_cell_phone","Cell phone",-0.00127616222016513
5,7043,"P_internet","Internet",0.00169084151275456
5,7043,"P_poverty","Poverty",0.00192561780568212
5,7043,"bias_w","Spatial bias",0.0241730511188507
5,7045,"P_age_00_14","Population 0-14",0.0095370477065444
5,7045,"P_age_15_39","Population 15-39",-0.00251914281398058
5,7045,"P_read_write","Literacy",0.00475345551967621
5,7045,"P_cell_phone","Cell phone",-0.000799960864242166
5,7045,"P_internet","Internet",0.00702068209648132
5,7045,"P_poverty","Poverty",0.00178206257987767
5,7045,"bias_w","Spatial bias",0.026842076331377
5,7046,"P_age_00_14","Population 0-14",-0.00202435138635337
5,7046,"P_age_15_39","Population 15-39",0.00313906371593475
5,7046,"P_read_write","Literacy",0.00385603425092995
5,7046,"P_cell_phone","Cell phone",-0.0012469639768824
5,7046,"P_internet","Internet",0.00625280337408185
5,7046,"P_poverty","Poverty",0.00146838207729161
5,7046,"bias_w","Spatial bias",0.0188855342566967
5,7048,"P_age_00_14","Population 0-14",-0.00220054248347878
5,7048,"P_age_15_39","Population 15-39",-0.00253897649236023
5,7048,"P_read_write","Literacy",0.00234939763322473
5,7048,"P_cell_phone","Cell phone",-0.00163681712001562
5,7048,"P_internet","Internet",0.00569487549364567
5,7048,"P_poverty","Poverty",0.00207386072725058
5,7048,"bias_w","Spatial bias",0.019373744726181
5,7051,"P_age_00_14","Population 0-14",0.00794995576143265
5,7051,"P_age_15_39","Population 15-39",-0.00201842049136758
5,7051,"P_read_write","Literacy",0.00404613465070724
5,7051,"P_cell_phone","Cell phone",-0.0013782917521894
5,7051,"P_internet","Internet",0.00574105978012085
5,7051,"P_poverty","Poverty",0.00189427053555846
5,7051,"bias_w","Spatial bias",0.0220516715198755
5,7052,"P_age_00_14","Population 0-14",0.014670473523438
5,7052,"P_age_15_39","Population 15-39",-0.00603124406188726
5,7052,"P_read_write","Literacy",0.00633467547595501
5,7052,"P_cell_phone","Cell phone",-0.00104913196992129
5,7052,"P_internet","Internet",0.00718725565820932
5,7052,"P_poverty","Poverty",0.00270155258476734
5,7052,"bias_w","Spatial bias",0.0313085429370403
5,7053,"P_age_00_14","Population 0-14",0.0131776938214898
5,7053,"P_age_15_39","Population 15-39",0.00226140185259283
5,7053,"P_read_write","Literacy",-0.00313014280982316
5,7053,"P_cell_phone","Cell phone",-0.000675154209602624
5,7053,"P_internet","Internet",0.0075811306014657
5,7053,"P_poverty","Poverty",0.00160614144988358
5,7053,"bias_w","Spatial bias",0.032070230692625
5,7054,"P_age_00_14","Population 0-14",-0.00145255390089005
5,7054,"P_age_15_39","Population 15-39",-0.00242462451569736
5,7054,"P_read_write","Literacy",0.00400231825187802
5,7054,"P_cell_phone","Cell phone",-0.00169393315445632
5,7054,"P_internet","Internet",-0.00109929323662072
5,7054,"P_poverty","Poverty",0.00183836498763412
5,7054,"bias_w","Spatial bias",0.0208436623215675
5,7057,"P_age_00_14","Population 0-14",0.0138774923980236
5,7057,"P_age_15_39","Population 15-39",-0.00179854454472661
5,7057,"P_read_write","Literacy",0.00581746734678745
5,7057,"P_cell_phone","Cell phone",-0.00129454839043319
5,7057,"P_internet","Internet",0.0064342524856329
5,7057,"P_poverty","Poverty",0.00232128193601966
5,7057,"bias_w","Spatial bias",0.0314408205449581
5,7061,"P_age_00_14","Population 0-14",0.0107408855110407
5,7061,"P_age_15_39","Population 15-39",-0.00238635204732418
5,7061,"P_read_write","Literacy",0.00448826840147376
5,7061,"P_cell_phone","Cell phone",-0.00131300825159997
5,7061,"P_internet","Internet",0.00342513876967132
5,7061,"P_poverty","Poverty",0.00218010344542563
5,7061,"bias_w","Spatial bias",-0.00615533115342259
5,7062,"P_age_00_14","Population 0-14",0.0110948299989104
5,7062,"P_age_15_39","Population 15-39",-0.00247769779525697
5,7062,"P_read_write","Literacy",0.0045544570311904
5,7062,"P_cell_phone","Cell phone",-0.00106744270306081
5,7062,"P_internet","Internet",0.00671929679811001
5,7062,"P_poverty","Poverty",0.00185741751920432
5,7062,"bias_w","Spatial bias",0.023444002494216
5,7068,"P_age_00_14","Population 0-14",-0.00180009717587382
5,7068,"P_age_15_39","Population 15-39",-0.00248582009226084
5,7068,"P_read_write","Literacy",0.00400325981900096
5,7068,"P_cell_phone","Cell phone",-0.00151155085768551
5,7068,"P_internet","Internet",0.00131783320102841
5,7068,"P_poverty","Poverty",0.00271605234593153
5,7068,"bias_w","Spatial bias",0.0196580737829208
5,7069,"P_age_00_14","Population 0-14",-0.00169864611234516
5,7069,"P_age_15_39","Population 15-39",0.00254141609184444
5,7069,"P_read_write","Literacy",0.0038261185400188
5,7069,"P_cell_phone","Cell phone",-0.0011170495999977
5,7069,"P_internet","Internet",0.00568333966657519
5,7069,"P_poverty","Poverty",0.00162535801064223
5,7069,"bias_w","Spatial bias",0.0219764672219753
5,7070,"P_age_00_14","Population 0-14",0.0165091380476952
5,7070,"P_age_15_39","Population 15-39",-0.00259021925739944
5,7070,"P_read_write","Literacy",-0.00322494888678193
5,7070,"P_cell_phone","Cell phone",-0.00301962904632092
5,7070,"P_internet","Internet",0.00874850898981094
5,7070,"P_poverty","Poverty",0.00240772939287126
5,7070,"bias_w","Spatial bias",0.0369555652141571
5,7071,"P_age_00_14","Population 0-14",0.00857810582965612
5,7071,"P_age_15_39","Population 15-39",-0.00237362738698721
5,7071,"P_read_write","Literacy",0.00408985000103712
5,7071,"P_cell_phone","Cell phone",-0.00109770381823182
5,7071,"P_internet","Internet",0.00590585498139262
5,7071,"P_poverty","Poverty",0.00139879423659295
5,7071,"bias_w","Spatial bias",0.0219701789319515
5,7073,"P_age_00_14","Population 0-14",0.0132330795750022
5,7073,"P_age_15_39","Population 15-39",-0.00286084110848606
5,7073,"P_read_write","Literacy",0.00550416298210621
5,7073,"P_cell_phone","Cell phone",-0.00119092036038637
5,7073,"P_internet","Internet",0.00688166404142976
5,7073,"P_poverty","Poverty",0.00214937212876976
5,7073,"bias_w","Spatial bias",0.0279655642807484
5,7074,"P_age_00_14","Population 0-14",0.00841075088828802
5,7074,"P_age_15_39","Population 15-39",-0.00242394092492759
5,7074,"P_read_write","Literacy",-0.002280093729496
5,7074,"P_cell_phone","Cell phone",-0.00271216570399702
5,7074,"P_internet","Internet",-0.00428853603079915
5,7074,"P_poverty","Poverty",0.00233140587806702
5,7074,"bias_w","Spatial bias",0.01030133664608
5,7075,"P_age_00_14","Population 0-14",0.0105343209579587
5,7075,"P_age_15_39","Population 15-39",-0.00182203634176403
5,7075,"P_read_write","Literacy",0.00485064415261149
5,7075,"P_cell_phone","Cell phone",-0.00110631017014384
5,7075,"P_internet","Internet",0.00577814225107431
5,7075,"P_poverty","Poverty",0.0029970109462738
5,7075,"bias_w","Spatial bias",0.0226697474718094
5,7079,"P_age_00_14","Population 0-14",0.00813489872962236
5,7079,"P_age_15_39","Population 15-39",-0.00326626934111118
5,7079,"P_read_write","Literacy",0.0038372736889869
5,7079,"P_cell_phone","Cell phone",-0.00143286900129169
5,7079,"P_internet","Internet",0.00271868775598705
5,7079,"P_poverty","Poverty",0.00148920295760036
5,7079,"bias_w","Spatial bias",0.0190111584961414
5,7080,"P_age_00_14","Population 0-14",0.0148862022906542
5,7080,"P_age_15_39","Population 15-39",-0.00192074151709676
5,7080,"P_read_write","Literacy",0.00612651277333498
5,7080,"P_cell_phone","Cell phone",-0.000945737061556429
5,7080,"P_internet","Internet",0.00726978341117501
5,7080,"P_poverty","Poverty",0.00259184720925987
5,7080,"bias_w","Spatial bias",0.032866045832634
5,7083,"P_age_00_14","Population 0-14",0.00948980823159218
5,7083,"P_age_15_39","Population 15-39",-0.00217266450636089
5,7083,"P_read_write","Literacy",0.00502565456554294
5,7083,"P_cell_phone","Cell phone",-0.0015141706680879
5,7083,"P_internet","Internet",0.0058352742344141
5,7083,"P_poverty","Poverty",0.00213132542558014
5,7083,"bias_w","Spatial bias",0.0190569590777159
5,7084,"P_age_00_14","Population 0-14",0.0134354503825307
5,7084,"P_age_15_39","Population 15-39",-0.0014185628388077
5,7084,"P_read_write","Literacy",0.00459736865013838
5,7084,"P_cell_phone","Cell phone",-0.0011285109212622
5,7084,"P_internet","Internet",0.00725254276767373
5,7084,"P_poverty","Poverty",0.0022118934430182
5,7084,"bias_w","Spatial bias",0.0258572958409786
5,7085,"P_age_00_14","Population 0-14",0.0144289098680019
5,7085,"P_age_15_39","Population 15-39",-0.0020948825404048
5,7085,"P_read_write","Literacy",0.00504758255556226
5,7085,"P_cell_phone","Cell phone",-0.00114288041368127
5,7085,"P_internet","Internet",0.00712257204577327
5,7085,"P_poverty","Poverty",0.00297758006490767
5,7085,"bias_w","Spatial bias",0.0210061967372894
5,7086,"P_age_00_14","Population 0-14",0.0100357886403799
5,7086,"P_age_15_39","Population 15-39",-0.00225925864651799
5,7086,"P_read_write","Literacy",0.00426248647272587
5,7086,"P_cell_phone","Cell phone",-0.000716071284841746
5,7086,"P_internet","Internet",0.000787501514423639
5,7086,"P_poverty","Poverty",0.00241603120230138
5,7086,"bias_w","Spatial bias",0.0078458022326231
5,7087,"P_age_00_14","Population 0-14",0.00965074449777603
5,7087,"P_age_15_39","Population 15-39",-0.00242868810892105
5,7087,"P_read_write","Literacy",0.00433515850454569
5,7087,"P_cell_phone","Cell phone",-0.00116471853107214
5,7087,"P_internet","Internet",0.00108468648977578
5,7087,"P_poverty","Poverty",0.00156382308341563
5,7087,"bias_w","Spatial bias",0.0192720927298069
5,7089,"P_age_00_14","Population 0-14",-0.00245672976598144
5,7089,"P_age_15_39","Population 15-39",-0.00333752413280308
5,7089,"P_read_write","Literacy",-0.00232234899885952
5,7089,"P_cell_phone","Cell phone",-0.00187274685595185
5,7089,"P_internet","Internet",-0.00480052828788757
5,7089,"P_poverty","Poverty",0.00302855251356959
5,7089,"bias_w","Spatial bias",-0.00248896260745823
5,7090,"P_age_00_14","Population 0-14",0.00864642579108477
5,7090,"P_age_15_39","Population 15-39",0.00200961204245687
5,7090,"P_read_write","Literacy",0.00692174443975091
5,7090,"P_cell_phone","Cell phone",-0.000977867050096393
5,7090,"P_internet","Internet",0.00841274205595255
5,7090,"P_poverty","Poverty",0.00149593770038337
5,7090,"bias_w","Spatial bias",0.0294465273618698
5,7091,"P_age_00_14","Population 0-14",0.00910780485719442
5,7091,"P_age_15_39","Population 15-39",-0.00178872083779424
5,7091,"P_read_write","Literacy",0.00430875830352306
5,7091,"P_cell_phone","Cell phone",-0.00135130865965039
5,7091,"P_internet","Internet",0.00666980631649494
5,7091,"P_poverty","Poverty",0.00240667979232967
5,7091,"bias_w","Spatial bias",0.0245648697018623
5,7092,"P_age_00_14","Population 0-14",0.00885049998760223
5,7092,"P_age_15_39","Population 15-39",-0.00153241725638509
5,7092,"P_read_write","Literacy",0.00433176336809993
5,7092,"P_cell_phone","Cell phone",-0.00116864766459912
5,7092,"P_internet","Internet",0.00611857371404767
5,7092,"P_poverty","Poverty",0.00190854107495397
5,7092,"bias_w","Spatial bias",0.0233052726835012
5,7097,"P_age_00_14","Population 0-14",-0.00300036743283272
5,7097,"P_age_15_39","Population 15-39",-0.00237596756778657
5,7097,"P_read_write","Literacy",0.00240559922531247
5,7097,"P_cell_phone","Cell phone",-0.000803468574304134
5,7097,"P_internet","Internet",0.000545995542779565
5,7097,"P_poverty","Poverty",0.00289148837327957
5,7097,"bias_w","Spatial bias",0.0190754756331444
5,7099,"P_age_00_14","Population 0-14",0.00957466848194599
5,7099,"P_age_15_39","Population 15-39",-0.00210620020516217
5,7099,"P_read_write","Literacy",0.00460835034027696
5,7099,"P_cell_phone","Cell phone",-0.0010688491165638
5,7099,"P_internet","Internet",0.00594831304624677
5,7099,"P_poverty","Poverty",0.00179915816988796
5,7099,"bias_w","Spatial bias",0.0186284426599741
5,7101,"P_age_00_14","Population 0-14",-0.00436739763244987
5,7101,"P_age_15_39","Population 15-39",-0.00234132609330118
5,7101,"P_read_write","Literacy",-0.00295635592192411
5,7101,"P_cell_phone","Cell phone",0.00511228386312723
5,7101,"P_internet","Internet",-0.00447851046919823
5,7101,"P_poverty","Poverty",0.00240981439128518
5,7101,"bias_w","Spatial bias",-0.0257301442325115
5,7102,"P_age_00_14","Population 0-14",-0.00147188478149474
5,7102,"P_age_15_39","Population 15-39",-0.00258272141218185
5,7102,"P_read_write","Literacy",0.00417966116219759
5,7102,"P_cell_phone","Cell phone",-0.00155546655878425
5,7102,"P_internet","Internet",0.00545907532796264
5,7102,"P_poverty","Poverty",0.0023750199470669
5,7102,"bias_w","Spatial bias",0.0193375535309315
5,7103,"P_age_00_14","Population 0-14",0.00945908576250076
5,7103,"P_age_15_39","Population 15-39",-0.00201944424770772
5,7103,"P_read_write","Literacy",0.00453404989093542
5,7103,"P_cell_phone","Cell phone",-0.0011767604155466
5,7103,"P_internet","Internet",0.00622294703498483
5,7103,"P_poverty","Poverty",0.00199932744726539
5,7103,"bias_w","Spatial bias",0.0211534425616264
5,7104,"P_age_00_14","Population 0-14",-0.00377498171292245
5,7104,"P_age_15_39","Population 15-39",-0.00410586409270763
5,7104,"P_read_write","Literacy",0.00478189159184694
5,7104,"P_cell_phone","Cell phone",-0.00158635212574154
5,7104,"P_internet","Internet",0.0057670408859849
5,7104,"P_poverty","Poverty",0.00219010887667537
5,7104,"bias_w","Spatial bias",0.0241119954735041
5,7106,"P_age_00_14","Population 0-14",0.00855632685124874
5,7106,"P_age_15_39","Population 15-39",-0.00154875207226723
5,7106,"P_read_write","Literacy",0.00519756134599447
5,7106,"P_cell_phone","Cell phone",-0.00110461062286049
5,7106,"P_internet","Internet",0.00603447388857603
5,7106,"P_poverty","Poverty",0.00184759788680822
5,7106,"bias_w","Spatial bias",0.022878410294652
5,7107,"P_age_00_14","Population 0-14",0.00804846733808517
5,7107,"P_age_15_39","Population 15-39",-0.00216245045885444
5,7107,"P_read_write","Literacy",0.0043296730145812
5,7107,"P_cell_phone","Cell phone",-0.00119732937309891
5,7107,"P_internet","Internet",0.00285792001523077
5,7107,"P_poverty","Poverty",0.00214838120155036
5,7107,"bias_w","Spatial bias",0.0236240327358246
5,7108,"P_age_00_14","Population 0-14",-0.0035559197422117
5,7108,"P_age_15_39","Population 15-39",-0.00263323355466127
5,7108,"P_read_write","Literacy",0.00412846263498068
5,7108,"P_cell_phone","Cell phone",-0.00129176245536655
5,7108,"P_internet","Internet",0.00211317022331059
5,7108,"P_poverty","Poverty",0.00273415539413691
5,7108,"bias_w","Spatial bias",0.0196318626403809
5,7114,"P_age_00_14","Population 0-14",0.0145153105258942
5,7114,"P_age_15_39","Population 15-39",-0.0021449220366776
5,7114,"P_read_write","Literacy",0.0043651768937707
5,7114,"P_cell_phone","Cell phone",-0.000872412289027125
5,7114,"P_internet","Internet",0.00573213072493672
5,7114,"P_poverty","Poverty",0.00205733021721244
5,7114,"bias_w","Spatial bias",0.0230839550495148
5,7115,"P_age_00_14","Population 0-14",0.0144628155976534
5,7115,"P_age_15_39","Population 15-39",-0.00213199621066451
5,7115,"P_read_write","Literacy",0.00858524534851313
5,7115,"P_cell_phone","Cell phone",-0.00264612026512623
5,7115,"P_internet","Internet",0.00770943611860275
5,7115,"P_poverty","Poverty",0.00245654513128102
5,7115,"bias_w","Spatial bias",0.0375329032540321
5,7116,"P_age_00_14","Population 0-14",0.0146366264671087
5,7116,"P_age_15_39","Population 15-39",-0.00172525050584227
5,7116,"P_read_write","Literacy",0.00589179620146751
5,7116,"P_cell_phone","Cell phone",-0.00114556902553886
5,7116,"P_internet","Internet",0.00572484917938709
5,7116,"P_poverty","Poverty",0.00160583516117185
5,7116,"bias_w","Spatial bias",0.0269623715430498
5,7117,"P_age_00_14","Population 0-14",0.0145860351622105
5,7117,"P_age_15_39","Population 15-39",-0.00209156703203917
5,7117,"P_read_write","Literacy",0.0061856284737587
5,7117,"P_cell_phone","Cell phone",-0.000919883721508086
5,7117,"P_internet","Internet",0.00772944698110223
5,7117,"P_poverty","Poverty",0.00254690274596214
5,7117,"bias_w","Spatial bias",0.0310757495462894
5,7120,"P_age_00_14","Population 0-14",0.0155754461884499
5,7120,"P_age_15_39","Population 15-39",-0.00231830449774861
5,7120,"P_read_write","Literacy",0.00758327823132277
5,7120,"P_cell_phone","Cell phone",-0.00135793630033731
5,7120,"P_internet","Internet",0.00808371976017952
5,7120,"P_poverty","Poverty",0.00259423884563148
5,7120,"bias_w","Spatial bias",0.0359606891870499
5,7121,"P_age_00_14","Population 0-14",0.01506064273417
5,7121,"P_age_15_39","Population 15-39",-0.00187208794523031
5,7121,"P_read_write","Literacy",0.0095530329272151
5,7121,"P_cell_phone","Cell phone",-0.0012112584663555
5,7121,"P_internet","Internet",0.0084498543292284
5,7121,"P_poverty","Poverty",0.00237619061954319
5,7121,"bias_w","Spatial bias",0.0391849093139172
5,7122,"P_age_00_14","Population 0-14",-0.00169859861489385
5,7122,"P_age_15_39","Population 15-39",-0.00316999736241996
5,7122,"P_read_write","Literacy",0.00449910433962941
5,7122,"P_cell_phone","Cell phone",-0.0014071639161557
5,7122,"P_internet","Internet",0.00653969310224056
5,7122,"P_poverty","Poverty",0.00272530014626682
5,7122,"bias_w","Spatial bias",0.0203222781419754
5,7124,"P_age_00_14","Population 0-14",0.00991351529955864
5,7124,"P_age_15_39","Population 15-39",-0.00185458676423877
5,7124,"P_read_write","Literacy",0.00448907911777496
5,7124,"P_cell_phone","Cell phone",-0.000767689838539809
5,7124,"P_internet","Internet",0.00606944831088185
5,7124,"P_poverty","Poverty",0.00187587959226221
5,7124,"bias_w","Spatial bias",0.0222731605172157
5,7125,"P_age_00_14","Population 0-14",0.0147215453907847
5,7125,"P_age_15_39","Population 15-39",-0.00186028867028654
5,7125,"P_read_write","Literacy",0.00692989770323038
5,7125,"P_cell_phone","Cell phone",-0.00158203451428562
5,7125,"P_internet","Internet",0.0073672216385603
5,7125,"P_poverty","Poverty",0.00166616926435381
5,7125,"bias_w","Spatial bias",0.0320731289684772
5,8001,"P_age_00_14","Population 0-14",0.00743712671101093
5,8001,"P_age_15_39","Population 15-39",-0.00226492085494101
5,8001,"P_read_write","Literacy",-0.00534069025889039
5,8001,"P_cell_phone","Cell phone",0.00487598357722163
5,8001,"P_internet","Internet",-0.00684555526822805
5,8001,"P_poverty","Poverty",0.00105770328082144
5,8001,"bias_w","Spatial bias",0.00585196446627378
5,8003,"P_age_00_14","Population 0-14",-0.0043367687612772
5,8003,"P_age_15_39","Population 15-39",0.0157282240688801
5,8003,"P_read_write","Literacy",-0.00818710122257471
5,8003,"P_cell_phone","Cell phone",-0.0133819412440062
5,8003,"P_internet","Internet",-0.0132828149944544
5,8003,"P_poverty","Poverty",-0.00772841554135084
5,8003,"bias_w","Spatial bias",-0.0696310847997665
5,8005,"P_age_00_14","Population 0-14",0.00739354314282537
5,8005,"P_age_15_39","Population 15-39",-0.0022578074131161
5,8005,"P_read_write","Literacy",-0.00551641127094626
5,8005,"P_cell_phone","Cell phone",0.00290756300091743
5,8005,"P_internet","Internet",-0.00561321433633566
5,8005,"P_poverty","Poverty",0.00109212251845747
5,8005,"bias_w","Spatial bias",0.00516075827181339
5,8007,"P_age_00_14","Population 0-14",0.011502112261951
5,8007,"P_age_15_39","Population 15-39",-0.000940313213504851
5,8007,"P_read_write","Literacy",0.00726213306188583
5,8007,"P_cell_phone","Cell phone",-0.000869043986313045
5,8007,"P_internet","Internet",0.00642813555896282
5,8007,"P_poverty","Poverty",0.00160233781207353
5,8007,"bias_w","Spatial bias",0.0235180929303169
5,8009,"P_age_00_14","Population 0-14",0.00619494821876287
5,8009,"P_age_15_39","Population 15-39",-0.00135779136326164
5,8009,"P_read_write","Literacy",0.00249461340717971
5,8009,"P_cell_phone","Cell phone",-0.00108246435411274
5,8009,"P_internet","Internet",0.00627554766833782
5,8009,"P_poverty","Poverty",0.00189090461935848
5,8009,"bias_w","Spatial bias",0.0205562617629766
5,8010,"P_age_00_14","Population 0-14",0.000815961568150669
5,8010,"P_age_15_39","Population 15-39",-0.00234762346372008
5,8010,"P_read_write","Literacy",-0.00499900942668319
5,8010,"P_cell_phone","Cell phone",0.003368433797732
5,8010,"P_internet","Internet",0.0021750507876277
5,8010,"P_poverty","Poverty",0.0012764458078891
5,8010,"bias_w","Spatial bias",0.0154998442158103
5,8013,"P_age_00_14","Population 0-14",-0.00290647125802934
5,8013,"P_age_15_39","Population 15-39",-0.00464947428554296
5,8013,"P_read_write","Literacy",-0.0051183570176363
5,8013,"P_cell_phone","Cell phone",0.00731568364426494
5,8013,"P_internet","Internet",-0.00779354013502598
5,8013,"P_poverty","Poverty",-0.00878253672271967
5,8013,"bias_w","Spatial bias",0.0149034159258008
5,8014,"P_age_00_14","Population 0-14",-0.0045052208006382
5,8014,"P_age_15_39","Population 15-39",0.0183894019573927
5,8014,"P_read_write","Literacy",-0.00530955940485001
5,8014,"P_cell_phone","Cell phone",-0.00430571893230081
5,8014,"P_internet","Internet",0.0054635195992887
5,8014,"P_poverty","Poverty",-0.0044442187063396
5,8014,"bias_w","Spatial bias",-0.0212846472859383
5,8015,"P_age_00_14","Population 0-14",-0.0054229642264545
5,8015,"P_age_15_39","Population 15-39",0.0223227925598621
5,8015,"P_read_write","Literacy",-0.00202532601542771
5,8015,"P_cell_phone","Cell phone",-0.0024388839956373
5,8015,"P_internet","Internet",0.00717975525185466
5,8015,"P_poverty","Poverty",-0.00354897533543408
5,8015,"bias_w","Spatial bias",-0.0237192772328854
5,8023,"P_age_00_14","Population 0-14",0.0116648552939296
5,8023,"P_age_15_39","Population 15-39",-0.00269589084200561
5,8023,"P_read_write","Literacy",-0.00359774497337639
5,8023,"P_cell_phone","Cell phone",0.00896300096064806
5,8023,"P_internet","Internet",0.00182348152156919
5,8023,"P_poverty","Poverty",-0.00594469532370567
5,8023,"bias_w","Spatial bias",-0.00349045381881297
5,8025,"P_age_00_14","Population 0-14",-0.00276960642077029
5,8025,"P_age_15_39","Population 15-39",0.0105566261336207
5,8025,"P_read_write","Literacy",-0.00224940455518663
5,8025,"P_cell_phone","Cell phone",0.00415787613019347
5,8025,"P_internet","Internet",0.00324694160372019
5,8025,"P_poverty","Poverty",-0.00437770178541541
5,8025,"bias_w","Spatial bias",0.0144559498876333
5,8028,"P_age_00_14","Population 0-14",-0.00364646967500448
5,8028,"P_age_15_39","Population 15-39",0.0036680968478322
5,8028,"P_read_write","Literacy",-0.00534387351945043
5,8028,"P_cell_phone","Cell phone",0.00375989777967334
5,8028,"P_internet","Internet",-0.00578758586198092
5,8028,"P_poverty","Poverty",-0.00978007167577744
5,8028,"bias_w","Spatial bias",0.0148315522819757
5,8029,"P_age_00_14","Population 0-14",0.010966757312417
5,8029,"P_age_15_39","Population 15-39",-0.00182951719034463
5,8029,"P_read_write","Literacy",0.00795264076441526
5,8029,"P_cell_phone","Cell phone",-0.000994747038930655
5,8029,"P_internet","Internet",0.0066379620693624
5,8029,"P_poverty","Poverty",0.00211439607664943
5,8029,"bias_w","Spatial bias",0.0298226997256279
5,8031,"P_age_00_14","Population 0-14",-0.00266501447185874
5,8031,"P_age_15_39","Population 15-39",0.00371404946781695
5,8031,"P_read_write","Literacy",-0.00595465069636703
5,8031,"P_cell_phone","Cell phone",-0.00266812066547573
5,8031,"P_internet","Internet",0.00221775029785931
5,8031,"P_poverty","Poverty",0.00108914298471063
5,8031,"bias_w","Spatial bias",0.0206015631556511
5,8032,"P_age_00_14","Population 0-14",-0.00276090251281857
5,8032,"P_age_15_39","Population 15-39",-0.00323373568244278
5,8032,"P_read_write","Literacy",-0.00473494920879602
5,8032,"P_cell_phone","Cell phone",0.0131504582241178
5,8032,"P_internet","Internet",-0.00443728920072317
5,8032,"P_poverty","Poverty",-0.00881489459425211
5,8032,"bias_w","Spatial bias",0.00222594896331429
5,8033,"P_age_00_14","Population 0-14",-0.00296647031791508
5,8033,"P_age_15_39","Population 15-39",0.0200338084250689
5,8033,"P_read_write","Literacy",-0.00333378929644823
5,8033,"P_cell_phone","Cell phone",-0.00123705225996673
5,8033,"P_internet","Internet",0.00273107993416488
5,8033,"P_poverty","Poverty",0.000718474911991507
5,8033,"bias_w","Spatial bias",0.0156008899211884
5,8034,"P_age_00_14","Population 0-14",-0.00530432863160968
5,8034,"P_age_15_39","Population 15-39",0.0241688210517168
5,8034,"P_read_write","Literacy",-0.00662409560754895
5,8034,"P_cell_phone","Cell phone",-0.00257229199633002
5,8034,"P_internet","Internet",-0.00330532132647932
5,8034,"P_poverty","Poverty",-0.00352898961864412
5,8034,"bias_w","Spatial bias",0.00787747465074062
5,8035,"P_age_00_14","Population 0-14",0.0097806341946125
5,8035,"P_age_15_39","Population 15-39",-0.0025254562497139
5,8035,"P_read_write","Literacy",-0.00774058932438493
5,8035,"P_cell_phone","Cell phone",0.00379302795045078
5,8035,"P_internet","Internet",0.0027854461222887
5,8035,"P_poverty","Poverty",-0.000176615314558148
5,8035,"bias_w","Spatial bias",0.00563596282154322
5,8036,"P_age_00_14","Population 0-14",-0.00289370655082166
5,8036,"P_age_15_39","Population 15-39",-0.00320534920319915
5,8036,"P_read_write","Literacy",-0.00444898894056678
5,8036,"P_cell_phone","Cell phone",-0.00113164377398789
5,8036,"P_internet","Internet",-0.00474099582061172
5,8036,"P_poverty","Poverty",0.00212518335320055
5,8036,"bias_w","Spatial bias",0.00600689649581909
5,8037,"P_age_00_14","Population 0-14",-0.00404297420755029
5,8037,"P_age_15_39","Population 15-39",-0.00359952240251005
5,8037,"P_read_write","Literacy",-0.0063493987545371
5,8037,"P_cell_phone","Cell phone",0.0102318227291107
5,8037,"P_internet","Internet",-0.00391587195917964
5,8037,"P_poverty","Poverty",-0.0045710951089859
5,8037,"bias_w","Spatial bias",0.0130341146141291
5,8039,"P_age_00_14","Population 0-14",-0.00399836432188749
5,8039,"P_age_15_39","Population 15-39",0.0104140061885118
5,8039,"P_read_write","Literacy",-0.00454119220376015
5,8039,"P_cell_phone","Cell phone",-0.00586782908067107
5,8039,"P_internet","Internet",-0.00802239403128624
5,8039,"P_poverty","Poverty",-0.0117183346301317
5,8039,"bias_w","Spatial bias",-0.0221710558980703
5,8040,"P_age_00_14","Population 0-14",-0.00207315222360194
5,8040,"P_age_15_39","Population 15-39",0.00332359853200614
5,8040,"P_read_write","Literacy",-0.00531003810465336
5,8040,"P_cell_phone","Cell phone",0.00104645732790232
5,8040,"P_internet","Internet",0.00513196550309658
5,8040,"P_poverty","Poverty",0.000729875755496323
5,8040,"bias_w","Spatial bias",0.0182196069508791
5,8041,"P_age_00_14","Population 0-14",0.00862097833305597
5,8041,"P_age_15_39","Population 15-39",0.00137924880255014
5,8041,"P_read_write","Literacy",0.00726870400831103
5,8041,"P_cell_phone","Cell phone",-0.000822390313260257
5,8041,"P_internet","Internet",0.00610550213605165
5,8041,"P_poverty","Poverty",0.00152809056453407
5,8041,"bias_w","Spatial bias",0.035798005759716
5,8042,"P_age_00_14","Population 0-14",-0.00823905784636736
5,8042,"P_age_15_39","Population 15-39",0.0195290725678205
5,8042,"P_read_write","Literacy",-0.00124470808077604
5,8042,"P_cell_phone","Cell phone",-0.0036776214838028
5,8042,"P_internet","Internet",0.00677608139812946
5,8042,"P_poverty","Poverty",-0.00493040401488543
5,8042,"bias_w","Spatial bias",0.0069536967203021
5,8043,"P_age_00_14","Population 0-14",-0.00428534112870693
5,8043,"P_age_15_39","Population 15-39",0.0215788930654526
5,8043,"P_read_write","Literacy",-0.00462859915569425
5,8043,"P_cell_phone","Cell phone",-0.00326884421519935
5,8043,"P_internet","Internet",0.0051522389985621
5,8043,"P_poverty","Poverty",-0.00857832096517086
5,8043,"bias_w","Spatial bias",0.0213574897497892
5,8044,"P_age_00_14","Population 0-14",-0.00573633704334497
5,8044,"P_age_15_39","Population 15-39",0.00561783835291862
5,8044,"P_read_write","Literacy",-0.00644244998693466
5,8044,"P_cell_phone","Cell phone",-0.00735183339565992
5,8044,"P_internet","Internet",-0.00192576157860458
5,8044,"P_poverty","Poverty",-0.0142009649425745
5,8044,"bias_w","Spatial bias",-0.00781426578760147
5,8047,"P_age_00_14","Population 0-14",0.00827027857303619
5,8047,"P_age_15_39","Population 15-39",-0.00217888131737709
5,8047,"P_read_write","Literacy",0.00381801626645029
5,8047,"P_cell_phone","Cell phone",-0.000737643684260547
5,8047,"P_internet","Internet",0.00530219404026866
5,8047,"P_poverty","Poverty",0.00185153284110129
5,8047,"bias_w","Spatial bias",0.0217115264385939
5,8049,"P_age_00_14","Population 0-14",-0.00251086498610675
5,8049,"P_age_15_39","Population 15-39",0.00383447716012597
5,8049,"P_read_write","Literacy",0.00366926821880043
5,8049,"P_cell_phone","Cell phone",-0.000719932897482067
5,8049,"P_internet","Internet",0.00601730914786458
5,8049,"P_poverty","Poverty",0.000315101526211947
5,8049,"bias_w","Spatial bias",0.0206974074244499
5,8050,"P_age_00_14","Population 0-14",-0.00262923794798553
5,8050,"P_age_15_39","Population 15-39",-0.0039450041949749
5,8050,"P_read_write","Literacy",-0.00608868850395083
5,8050,"P_cell_phone","Cell phone",0.0119220139458776
5,8050,"P_internet","Internet",-0.00416624126955867
5,8050,"P_poverty","Poverty",-0.0111136678606272
5,8050,"bias_w","Spatial bias",0.00289498874917626
5,8051,"P_age_00_14","Population 0-14",0.00955569930374622
5,8051,"P_age_15_39","Population 15-39",-0.00335058989003301
5,8051,"P_read_write","Literacy",-0.00970091391354799
5,8051,"P_cell_phone","Cell phone",-0.00122529314830899
5,8051,"P_internet","Internet",0.00528004299849272
5,8051,"P_poverty","Poverty",0.000932128925342113
5,8051,"bias_w","Spatial bias",0.0246014278382063
5,8053,"P_age_00_14","Population 0-14",-0.00395075604319572
5,8053,"P_age_15_39","Population 15-39",0.0070471316576004
5,8053,"P_read_write","Literacy",-0.00306701939553022
5,8053,"P_cell_phone","Cell phone",6.78404321661219e-05
5,8053,"P_internet","Internet",-0.00451381877064705
5,8053,"P_poverty","Poverty",-0.0205016024410725
5,8053,"bias_w","Spatial bias",-0.00585557660087943
5,8056,"P_age_00_14","Population 0-14",-0.00717254355549812
5,8056,"P_age_15_39","Population 15-39",0.0156466402113438
5,8056,"P_read_write","Literacy",0.00243134284391999
5,8056,"P_cell_phone","Cell phone",-0.00255373609252274
5,8056,"P_internet","Internet",-0.00744417263194919
5,8056,"P_poverty","Poverty",-0.00459143240004778
5,8056,"bias_w","Spatial bias",0.0242092311382294
5,8058,"P_age_00_14","Population 0-14",-0.00758346356451511
5,8058,"P_age_15_39","Population 15-39",0.00837144255638123
5,8058,"P_read_write","Literacy",-0.00337157212197781
5,8058,"P_cell_phone","Cell phone",-0.00297105056233704
5,8058,"P_internet","Internet",-0.00361981010064483
5,8058,"P_poverty","Poverty",-0.028581514954567
5,8058,"bias_w","Spatial bias",-0.0297441110014915
5,8059,"P_age_00_14","Population 0-14",-0.00229519326239824
5,8059,"P_age_15_39","Population 15-39",0.00376528897322714
5,8059,"P_read_write","Literacy",-0.00444897497072816
5,8059,"P_cell_phone","Cell phone",0.00486273039132357
5,8059,"P_internet","Internet",-0.00782359298318624
5,8059,"P_poverty","Poverty",-0.0043593212030828
5,8059,"bias_w","Spatial bias",0.00218720221891999
5,8060,"P_age_00_14","Population 0-14",-0.00231959042139351
5,8060,"P_age_15_39","Population 15-39",-0.00623834226280451
5,8060,"P_read_write","Literacy",-0.00753005966544151
5,8060,"P_cell_phone","Cell phone",0.0256152804940939
5,8060,"P_internet","Internet",-0.0066903387196362
5,8060,"P_poverty","Poverty",-0.00507329404354095
5,8060,"bias_w","Spatial bias",-0.0426933392882347
5,8063,"P_age_00_14","Population 0-14",-0.00321641028858721
5,8063,"P_age_15_39","Population 15-39",0.0124638024717569
5,8063,"P_read_write","Literacy",-0.00208484055474401
5,8063,"P_cell_phone","Cell phone",-0.00208202633075416
5,8063,"P_internet","Internet",0.00552741531282663
5,8063,"P_poverty","Poverty",-0.00810971576720476
5,8063,"bias_w","Spatial bias",0.018025703728199
5,8064,"P_age_00_14","Population 0-14",-0.00416220212355256
5,8064,"P_age_15_39","Population 15-39",0.016164556145668
5,8064,"P_read_write","Literacy",-0.00207934924401343
5,8064,"P_cell_phone","Cell phone",-0.00239043543115258
5,8064,"P_internet","Internet",-0.00703037017956376
5,8064,"P_poverty","Poverty",0.000363664148608223
5,8064,"bias_w","Spatial bias",0.0243986081331968
5,8066,"P_age_00_14","Population 0-14",0.00910204090178013
5,8066,"P_age_15_39","Population 15-39",-0.00150278792716563
5,8066,"P_read_write","Literacy",0.00782181322574615
5,8066,"P_cell_phone","Cell phone",-0.00163189019076526
5,8066,"P_internet","Internet",0.00597549322992563
5,8066,"P_poverty","Poverty",0.00213304883800447
5,8066,"bias_w","Spatial bias",0.0312430802732706
5,8067,"P_age_00_14","Population 0-14",-0.00299435923807323
5,8067,"P_age_15_39","Population 15-39",0.0256805140525103
5,8067,"P_read_write","Literacy",-0.00184576015453786
5,8067,"P_cell_phone","Cell phone",-0.00255459267646074
5,8067,"P_internet","Internet",0.00411318941041827
5,8067,"P_poverty","Poverty",-0.00695156119763851
5,8067,"bias_w","Spatial bias",-0.00468699261546135
5,10001,"P_age_00_14","Population 0-14",-0.00251915119588375
5,10001,"P_age_15_39","Population 15-39",-0.00323733733966947
5,10001,"P_read_write","Literacy",-0.00621782708913088
5,10001,"P_cell_phone","Cell phone",-0.00341633684001863
5,10001,"P_internet","Internet",0.00297958264127374
5,10001,"P_poverty","Poverty",0.00259387074038386
5,10001,"bias_w","Spatial bias",0.0196162424981594
5,10002,"P_age_00_14","Population 0-14",0.00846021063625813
5,10002,"P_age_15_39","Population 15-39",-0.00230712280608714
5,10002,"P_read_write","Literacy",0.00446203025057912
5,10002,"P_cell_phone","Cell phone",-0.00115721207112074
5,10002,"P_internet","Internet",-0.00671613356098533
5,10002,"P_poverty","Poverty",0.00166807428468019
5,10002,"bias_w","Spatial bias",0.0251012239605188
5,10003,"P_age_00_14","Population 0-14",0.00627587176859379
5,10003,"P_age_15_39","Population 15-39",0.00434691505506635
5,10003,"P_read_write","Literacy",-0.00839789118617773
5,10003,"P_cell_phone","Cell phone",-0.000456606561783701
5,10003,"P_internet","Internet",-0.00376071035861969
5,10003,"P_poverty","Poverty",0.00127103552222252
5,10003,"bias_w","Spatial bias",0.0198753252625465
5,10005,"P_age_00_14","Population 0-14",-0.0023903320543468
5,10005,"P_age_15_39","Population 15-39",-0.00332676596008241
5,10005,"P_read_write","Literacy",-0.00709980167448521
5,10005,"P_cell_phone","Cell phone",0.0112400706857443
5,10005,"P_internet","Internet",-0.00434850668534636
5,10005,"P_poverty","Poverty",-0.00679138023406267
5,10005,"bias_w","Spatial bias",0.0130795883014798
5,10009,"P_age_00_14","Population 0-14",0.00850300397723913
5,10009,"P_age_15_39","Population 15-39",-0.00259241554886103
5,10009,"P_read_write","Literacy",-0.000952553004026413
5,10009,"P_cell_phone","Cell phone",-0.000984954880550504
5,10009,"P_internet","Internet",0.00631195306777954
5,10009,"P_poverty","Poverty",0.00140693807043135
5,10009,"bias_w","Spatial bias",0.0174121558666229
5,10010,"P_age_00_14","Population 0-14",-0.00292151561006904
5,10010,"P_age_15_39","Population 15-39",0.0144841466099024
5,10010,"P_read_write","Literacy",-0.00494352681562304
5,10010,"P_cell_phone","Cell phone",-0.000571237062104046
5,10010,"P_internet","Internet",0.0016889232210815
5,10010,"P_poverty","Poverty",0.001175845740363
5,10010,"bias_w","Spatial bias",0.0222150459885597
5,10011,"P_age_00_14","Population 0-14",-0.00241723656654358
5,10011,"P_age_15_39","Population 15-39",0.0155992042273283
5,10011,"P_read_write","Literacy",-0.00546819716691971
5,10011,"P_cell_phone","Cell phone",-0.000769437989220023
5,10011,"P_internet","Internet",0.00530473981052637
5,10011,"P_poverty","Poverty",0.000945510051678866
5,10011,"bias_w","Spatial bias",0.0226509068161249
5,10014,"P_age_00_14","Population 0-14",0.0158858764916658
5,10014,"P_age_15_39","Population 15-39",-0.00121316406875849
5,10014,"P_read_write","Literacy",0.00886065047234297
5,10014,"P_cell_phone","Cell phone",-0.00253305304795504
5,10014,"P_internet","Internet",0.00735100731253624
5,10014,"P_poverty","Poverty",0.00286695314571261
5,10014,"bias_w","Spatial bias",0.0358199737966061
5,10016,"P_age_00_14","Population 0-14",-0.0021602613851428
5,10016,"P_age_15_39","Population 15-39",-0.00263513391837478
5,10016,"P_read_write","Literacy",-0.00569711532443762
5,10016,"P_cell_phone","Cell phone",-0.00384146138094366
5,10016,"P_internet","Internet",0.0022600416559726
5,10016,"P_poverty","Poverty",0.00265964539721608
5,10016,"bias_w","Spatial bias",0.0184385348111391
5,10017,"P_age_00_14","Population 0-14",-0.00376585661433637
5,10017,"P_age_15_39","Population 15-39",0.0196114722639322
5,10017,"P_read_write","Literacy",-0.00245530530810356
5,10017,"P_cell_phone","Cell phone",-0.00279265688732266
5,10017,"P_internet","Internet",0.00679993769153953
5,10017,"P_poverty","Poverty",0.00246847211383283
5,10017,"bias_w","Spatial bias",-0.0494020394980907
5,10018,"P_age_00_14","Population 0-14",-0.00248887133784592
5,10018,"P_age_15_39","Population 15-39",0.00510962400585413
5,10018,"P_read_write","Literacy",-0.00636870227754116
5,10018,"P_cell_phone","Cell phone",-0.00269868993200362
5,10018,"P_internet","Internet",-0.00289937551133335
5,10018,"P_poverty","Poverty",0.00128700444474816
5,10018,"bias_w","Spatial bias",0.0220910180360079
5,10019,"P_age_00_14","Population 0-14",0.0138973519206047
5,10019,"P_age_15_39","Population 15-39",-0.00395583314821124
5,10019,"P_read_write","Literacy",-0.00145659106783569
5,10019,"P_cell_phone","Cell phone",-0.000620352569967508
5,10019,"P_internet","Internet",0.0073487819172442
5,10019,"P_poverty","Poverty",0.00202326965518296
5,10019,"bias_w","Spatial bias",0.0210218392312527
5,10020,"P_age_00_14","Population 0-14",-0.00309465662576258
5,10020,"P_age_15_39","Population 15-39",0.00370540423318744
5,10020,"P_read_write","Literacy",-0.0052487812936306
5,10020,"P_cell_phone","Cell phone",-0.000622075924184173
5,10020,"P_internet","Internet",0.00241533014923334
5,10020,"P_poverty","Poverty",0.00145435240119696
5,10020,"bias_w","Spatial bias",0.016632329672575
5,10022,"P_age_00_14","Population 0-14",-0.0028175818733871
5,10022,"P_age_15_39","Population 15-39",-0.00262789404951036
5,10022,"P_read_write","Literacy",-0.0049319863319397
5,10022,"P_cell_phone","Cell phone",-0.000990068539977074
5,10022,"P_internet","Internet",0.00172917626332492
5,10022,"P_poverty","Poverty",0.00270018726587296
5,10022,"bias_w","Spatial bias",0.0175104234367609
5,10023,"P_age_00_14","Population 0-14",0.013605821877718
5,10023,"P_age_15_39","Population 15-39",-0.00218657404184341
5,10023,"P_read_write","Literacy",-0.00347515614703298
5,10023,"P_cell_phone","Cell phone",-0.000963950937148184
5,10023,"P_internet","Internet",0.00538186589255929
5,10023,"P_poverty","Poverty",0.00177365972194821
5,10023,"bias_w","Spatial bias",0.0185599643737078
5,10024,"P_age_00_14","Population 0-14",0.005710753146559
5,10024,"P_age_15_39","Population 15-39",0.00393904326483607
5,10024,"P_read_write","Literacy",-0.00855134986341
5,10024,"P_cell_phone","Cell phone",-0.000338567740982398
5,10024,"P_internet","Internet",0.00337357260286808
5,10024,"P_poverty","Poverty",0.00118496199138463
5,10024,"bias_w","Spatial bias",0.0221442263573408
5,10025,"P_age_00_14","Population 0-14",-0.00522608822211623
5,10025,"P_age_15_39","Population 15-39",0.0249811988323927
5,10025,"P_read_write","Literacy",-0.00431074015796185
5,10025,"P_cell_phone","Cell phone",-0.00178607180714607
5,10025,"P_internet","Internet",0.00612902501598
5,10025,"P_poverty","Poverty",0.00182586209848523
5,10025,"bias_w","Spatial bias",-0.0254493411630392
5,10026,"P_age_00_14","Population 0-14",0.00920865871012211
5,10026,"P_age_15_39","Population 15-39",-0.00327077251859009
5,10026,"P_read_write","Literacy",-0.00878379214555025
5,10026,"P_cell_phone","Cell phone",-0.00096936069894582
5,10026,"P_internet","Internet",0.00600074091926217
5,10026,"P_poverty","Poverty",0.00183472048956901
5,10026,"bias_w","Spatial bias",0.0255499891936779
5,10028,"P_age_00_14","Population 0-14",0.00594478333368897
5,10028,"P_age_15_39","Population 15-39",0.00369805260561407
5,10028,"P_read_write","Literacy",-0.00826914142817259
5,10028,"P_cell_phone","Cell phone",-0.00292132841423154
5,10028,"P_internet","Internet",0.0037511067930609
5,10028,"P_poverty","Poverty",0.00115012470632792
5,10028,"bias_w","Spatial bias",0.0172234680503607
5,10029,"P_age_00_14","Population 0-14",-0.000754293403588235
5,10029,"P_age_15_39","Population 15-39",0.00465740263462067
5,10029,"P_read_write","Literacy",-0.00430558295920491
5,10029,"P_cell_phone","Cell phone",-0.000975580362137407
5,10029,"P_internet","Internet",-0.00452370150014758
5,10029,"P_poverty","Poverty",0.0011588156921789
5,10029,"bias_w","Spatial bias",0.0230780225247145
5,10030,"P_age_00_14","Population 0-14",-0.00277837924659252
5,10030,"P_age_15_39","Population 15-39",0.00595297664403915
5,10030,"P_read_write","Literacy",-0.00560273602604866
5,10030,"P_cell_phone","Cell phone",-0.0020598229020834
5,10030,"P_internet","Internet",0.00596365379169583
5,10030,"P_poverty","Poverty",0.000547067960724235
5,10030,"bias_w","Spatial bias",0.0245684795081615
5,10032,"P_age_00_14","Population 0-14",-0.000671832996886224
5,10032,"P_age_15_39","Population 15-39",-0.0055368123576045
5,10032,"P_read_write","Literacy",-0.00549115287140012
5,10032,"P_cell_phone","Cell phone",-0.00370707735419273
5,10032,"P_internet","Internet",-0.00531842513009906
5,10032,"P_poverty","Poverty",0.00243889889679849
5,10032,"bias_w","Spatial bias",0.0248405337333679
5,10033,"P_age_00_14","Population 0-14",0.00758006097748876
5,10033,"P_age_15_39","Population 15-39",0.00340981571935117
5,10033,"P_read_write","Literacy",-0.00205037533305585
5,10033,"P_cell_phone","Cell phone",-0.000562426925171167
5,10033,"P_internet","Internet",0.0060492530465126
5,10033,"P_poverty","Poverty",0.00161591649521142
5,10033,"bias_w","Spatial bias",0.0151044074445963
5,10034,"P_age_00_14","Population 0-14",0.0145826116204262
5,10034,"P_age_15_39","Population 15-39",-0.00296275806613266
5,10034,"P_read_write","Literacy",0.000880573701579124
5,10034,"P_cell_phone","Cell phone",-0.000846853479743004
5,10034,"P_internet","Internet",0.00124208570923656
5,10034,"P_poverty","Poverty",0.0025488119572401
5,10034,"bias_w","Spatial bias",0.0220122579485178
5,10035,"P_age_00_14","Population 0-14",-0.0023481696844101
5,10035,"P_age_15_39","Population 15-39",0.00483852345496416
5,10035,"P_read_write","Literacy",-0.0028273940552026
5,10035,"P_cell_phone","Cell phone",-0.00106588506605476
5,10035,"P_internet","Internet",0.00573100056499243
5,10035,"P_poverty","Poverty",0.0013599309604615
5,10035,"bias_w","Spatial bias",0.0160632375627756
5,10037,"P_age_00_14","Population 0-14",0.0099961906671524
5,10037,"P_age_15_39","Population 15-39",-0.00360907916910946
5,10037,"P_read_write","Literacy",-0.0013082487275824
5,10037,"P_cell_phone","Cell phone",-0.00132492696866393
5,10037,"P_internet","Internet",-0.011518188752234
5,10037,"P_poverty","Poverty",0.00210574571974576
5,10037,"bias_w","Spatial bias",0.0222759265452623
5,10038,"P_age_00_14","Population 0-14",-0.00143240415491164
5,10038,"P_age_15_39","Population 15-39",-0.0029748494271189
5,10038,"P_read_write","Literacy",-0.00920533295720816
5,10038,"P_cell_phone","Cell phone",0.00255681457929313
5,10038,"P_internet","Internet",-0.00352032925002277
5,10038,"P_poverty","Poverty",0.00134870479814708
5,10038,"bias_w","Spatial bias",0.0163283497095108
5,10039,"P_age_00_14","Population 0-14",0.00677891774103045
5,10039,"P_age_15_39","Population 15-39",-0.00165972439572215
5,10039,"P_read_write","Literacy",-0.006361473351717
5,10039,"P_cell_phone","Cell phone",0.00286015821620822
5,10039,"P_internet","Internet",-0.0049160048365593
5,10039,"P_poverty","Poverty",0.00111952610313892
5,10039,"bias_w","Spatial bias",0.0208406168967485
5,11001,"P_age_00_14","Population 0-14",-0.00390158733353019
5,11001,"P_age_15_39","Population 15-39",-0.00371069670654833
5,11001,"P_read_write","Literacy",0.000213061197428033
5,11001,"P_cell_phone","Cell phone",-0.000994260888546705
5,11001,"P_internet","Internet",-0.00480406591668725
5,11001,"P_poverty","Poverty",0.00242416700348258
5,11001,"bias_w","Spatial bias",0.00670240260660648
5,11003,"P_age_00_14","Population 0-14",-0.00414019590243697
5,11003,"P_age_15_39","Population 15-39",-0.00364773464389145
5,11003,"P_read_write","Literacy",-0.000406317674787715
5,11003,"P_cell_phone","Cell phone",-0.00250057782977819
5,11003,"P_internet","Internet",-0.0101001532748342
5,11003,"P_poverty","Poverty",0.00230128248222172
5,11003,"bias_w","Spatial bias",-0.00299346307292581
5,11004,"P_age_00_14","Population 0-14",-0.00345531734637916
5,11004,"P_age_15_39","Population 15-39",-0.00717360805720091
5,11004,"P_read_write","Literacy",-0.000789752695709467
5,11004,"P_cell_phone","Cell phone",-0.00428696861490607
5,11004,"P_internet","Internet",-0.00781828630715609
5,11004,"P_poverty","Poverty",0.00332127930596471
5,11004,"bias_w","Spatial bias",-0.0283782426267862
5,11005,"P_age_00_14","Population 0-14",-0.0049095693975687
5,11005,"P_age_15_39","Population 15-39",-0.0143115045502782
5,11005,"P_read_write","Literacy",-0.00125998829025775
5,11005,"P_cell_phone","Cell phone",0.00210614316165447
5,11005,"P_internet","Internet",-0.00434686802327633
5,11005,"P_poverty","Poverty",0.00223808502778411
5,11005,"bias_w","Spatial bias",-0.0278006102889776
5,11006,"P_age_00_14","Population 0-14",-0.000923134153708816
5,11006,"P_age_15_39","Population 15-39",0.00428693275898695
5,11006,"P_read_write","Literacy",0.00372917274944484
5,11006,"P_cell_phone","Cell phone",-0.00116418267134577
5,11006,"P_internet","Internet",-0.0059610796160996
5,11006,"P_poverty","Poverty",0.0020395687315613
5,11006,"bias_w","Spatial bias",0.0195291824638844
5,11007,"P_age_00_14","Population 0-14",-0.00416812021285295
5,11007,"P_age_15_39","Population 15-39",-0.00267914519645274
5,11007,"P_read_write","Literacy",-0.00374161405488849
5,11007,"P_cell_phone","Cell phone",0.00466800108551979
5,11007,"P_internet","Internet",-0.00472230790182948
5,11007,"P_poverty","Poverty",0.00236894888803363
5,11007,"bias_w","Spatial bias",-0.0248670373111963
5,11008,"P_age_00_14","Population 0-14",-0.0017189058708027
5,11008,"P_age_15_39","Population 15-39",-0.00465423334389925
5,11008,"P_read_write","Literacy",0.00314914179034531
5,11008,"P_cell_phone","Cell phone",-0.000371263013221323
5,11008,"P_internet","Internet",-0.00551871070638299
5,11008,"P_poverty","Poverty",0.00205513392575085
5,11008,"bias_w","Spatial bias",-0.00213458854705095
5,11009,"P_age_00_14","Population 0-14",-0.00106432766187936
5,11009,"P_age_15_39","Population 15-39",-0.00562028912827373
5,11009,"P_read_write","Literacy",-0.000766268523875624
5,11009,"P_cell_phone","Cell phone",-0.00191465287934989
5,11009,"P_internet","Internet",-0.00847549643367529
5,11009,"P_poverty","Poverty",0.00309925968758762
5,11009,"bias_w","Spatial bias",-0.0231684297323227
5,11011,"P_age_00_14","Population 0-14",-0.00471128989011049
5,11011,"P_age_15_39","Population 15-39",-0.00345024140551686
5,11011,"P_read_write","Literacy",-0.00226502679288387
5,11011,"P_cell_phone","Cell phone",-0.00315516255795956
5,11011,"P_internet","Internet",-0.00830372516065836
5,11011,"P_poverty","Poverty",0.00229454995132983
5,11011,"bias_w","Spatial bias",0.0159362684935331
5,11012,"P_age_00_14","Population 0-14",-0.00252943253144622
5,11012,"P_age_15_39","Population 15-39",-0.00383970839902759
5,11012,"P_read_write","Literacy",0.000264761067228392
5,11012,"P_cell_phone","Cell phone",-0.00234014727175236
5,11012,"P_internet","Internet",-0.00447305012494326
5,11012,"P_poverty","Poverty",0.00239941151812673
5,11012,"bias_w","Spatial bias",0.0158575624227524
5,11013,"P_age_00_14","Population 0-14",0.00967501290142536
5,11013,"P_age_15_39","Population 15-39",-0.00357839488424361
5,11013,"P_read_write","Literacy",0.00387034169398248
5,11013,"P_cell_phone","Cell phone",-0.000983611796982586
5,11013,"P_internet","Internet",-0.00388656882569194
5,11013,"P_poverty","Poverty",0.00161389401182532
5,11013,"bias_w","Spatial bias",0.00690894527360797
5,11014,"P_age_00_14","Population 0-14",0.00914191547781229
5,11014,"P_age_15_39","Population 15-39",-0.00466201873496175
5,11014,"P_read_write","Literacy",-0.000336914410581812
5,11014,"P_cell_phone","Cell phone",-0.00362590770237148
5,11014,"P_internet","Internet",-0.0128187667578459
5,11014,"P_poverty","Poverty",0.00191382633056492
5,11014,"bias_w","Spatial bias",-0.00346504314802587
5,11015,"P_age_00_14","Population 0-14",-0.00449159229174256
5,11015,"P_age_15_39","Population 15-39",-0.00299970433115959
5,11015,"P_read_write","Literacy",-0.00406042207032442
5,11015,"P_cell_phone","Cell phone",0.00725926924496889
5,11015,"P_internet","Internet",-0.00643854681402445
5,11015,"P_poverty","Poverty",-0.00622547045350075
5,11015,"bias_w","Spatial bias",-0.00998919550329447
5,11016,"P_age_00_14","Population 0-14",-0.00285890558734536
5,11016,"P_age_15_39","Population 15-39",-0.00387092609889805
5,11016,"P_read_write","Literacy",-0.0025307098403573
5,11016,"P_cell_phone","Cell phone",-0.00191848573740572
5,11016,"P_internet","Internet",-0.00548902759328485
5,11016,"P_poverty","Poverty",0.00224960781633854
5,11016,"bias_w","Spatial bias",0.019830921664834
5,11017,"P_age_00_14","Population 0-14",-0.004789506085217
5,11017,"P_age_15_39","Population 15-39",-0.00286688678897917
5,11017,"P_read_write","Literacy",-0.00200328347273171
5,11017,"P_cell_phone","Cell phone",-0.00233555282466114
5,11017,"P_internet","Internet",-0.00504883797839284
5,11017,"P_poverty","Poverty",0.00217752065509558
5,11017,"bias_w","Spatial bias",-0.00577583629637957
5,11020,"P_age_00_14","Population 0-14",-0.00360590708442032
5,11020,"P_age_15_39","Population 15-39",-0.00284463912248611
5,11020,"P_read_write","Literacy",-0.00217239954508841
5,11020,"P_cell_phone","Cell phone",0.00366789731197059
5,11020,"P_internet","Internet",-0.00501742400228977
5,11020,"P_poverty","Poverty",0.00158615957479924
5,11020,"bias_w","Spatial bias",-0.00952322501689196
5,11022,"P_age_00_14","Population 0-14",-0.00196817703545094
5,11022,"P_age_15_39","Population 15-39",-0.00512071931734681
5,11022,"P_read_write","Literacy",0.00446553993970156
5,11022,"P_cell_phone","Cell phone",-0.00307498406618834
5,11022,"P_internet","Internet",0.00585186714306474
5,11022,"P_poverty","Poverty",0.00176015309989452
5,11022,"bias_w","Spatial bias",0.0183023177087307
5,11023,"P_age_00_14","Population 0-14",-0.00309617631137371
5,11023,"P_age_15_39","Population 15-39",-0.00339480792172253
5,11023,"P_read_write","Literacy",0.000209009129321203
5,11023,"P_cell_phone","Cell phone",-0.0019766571931541
5,11023,"P_internet","Internet",-0.000296084414003417
5,11023,"P_poverty","Poverty",0.00190175289753824
5,11023,"bias_w","Spatial bias",0.017450263723731
5,11024,"P_age_00_14","Population 0-14",-0.0035238373093307
5,11024,"P_age_15_39","Population 15-39",-0.00391600094735622
5,11024,"P_read_write","Literacy",0.00108960445504636
5,11024,"P_cell_phone","Cell phone",-0.0015805815346539
5,11024,"P_internet","Internet",-0.00367593322880566
5,11024,"P_poverty","Poverty",0.00239499192684889
5,11024,"bias_w","Spatial bias",0.00636990508064628
5,11025,"P_age_00_14","Population 0-14",0.0151491388678551
5,11025,"P_age_15_39","Population 15-39",-0.00269404565915465
5,11025,"P_read_write","Literacy",-0.00541161140426993
5,11025,"P_cell_phone","Cell phone",-0.00688843103125691
5,11025,"P_internet","Internet",-0.00660871434956789
5,11025,"P_poverty","Poverty",0.00305236899293959
5,11025,"bias_w","Spatial bias",-0.0639811307191849
5,11026,"P_age_00_14","Population 0-14",0.00960811972618103
5,11026,"P_age_15_39","Population 15-39",-0.00376880611293018
5,11026,"P_read_write","Literacy",-0.00220735068432987
5,11026,"P_cell_phone","Cell phone",-0.000992360524833202
5,11026,"P_internet","Internet",-0.00382402609102428
5,11026,"P_poverty","Poverty",0.00176104041747749
5,11026,"bias_w","Spatial bias",-0.00430691801011562
5,11027,"P_age_00_14","Population 0-14",-0.00444002449512482
5,11027,"P_age_15_39","Population 15-39",-0.00389966205693781
5,11027,"P_read_write","Literacy",6.0231497627683e-05
5,11027,"P_cell_phone","Cell phone",-0.00344738177955151
5,11027,"P_internet","Internet",-0.00548684829846025
5,11027,"P_poverty","Poverty",0.00283823162317276
5,11027,"bias_w","Spatial bias",-0.00357869872823358
5,11029,"P_age_00_14","Population 0-14",0.00903023220598698
5,11029,"P_age_15_39","Population 15-39",-0.0039454442448914
5,11029,"P_read_write","Literacy",0.00466527324169874
5,11029,"P_cell_phone","Cell phone",-0.00148763286415488
5,11029,"P_internet","Internet",0.00118921149987727
5,11029,"P_poverty","Poverty",0.00163158401846886
5,11029,"bias_w","Spatial bias",0.0200116243213415
5,11030,"P_age_00_14","Population 0-14",0.0143109392374754
5,11030,"P_age_15_39","Population 15-39",-0.00325862225145102
5,11030,"P_read_write","Literacy",0.00450544618070126
5,11030,"P_cell_phone","Cell phone",-0.000322061940096319
5,11030,"P_internet","Internet",0.00279948045499623
5,11030,"P_poverty","Poverty",0.00160129880532622
5,11030,"bias_w","Spatial bias",0.00619641272351146
5,11031,"P_age_00_14","Population 0-14",-0.00160046177916229
5,11031,"P_age_15_39","Population 15-39",-0.00415190681815147
5,11031,"P_read_write","Literacy",-0.00135096127633005
5,11031,"P_cell_phone","Cell phone",-0.00367904314771295
5,11031,"P_internet","Internet",-0.00657732598483562
5,11031,"P_poverty","Poverty",0.00289565999992192
5,11031,"bias_w","Spatial bias",-0.0083323996514082
5,11032,"P_age_00_14","Population 0-14",0.00884243939071894
5,11032,"P_age_15_39","Population 15-39",-0.00316317216493189
5,11032,"P_read_write","Literacy",-0.00148485228419304
5,11032,"P_cell_phone","Cell phone",0.00898983888328075
5,11032,"P_internet","Internet",-0.00695378938689828
5,11032,"P_poverty","Poverty",-0.00494100386276841
5,11032,"bias_w","Spatial bias",-0.00518642785027623
5,11033,"P_age_00_14","Population 0-14",0.00998598895967007
5,11033,"P_age_15_39","Population 15-39",-0.00402474543079734
5,11033,"P_read_write","Literacy",0.00421158317476511
5,11033,"P_cell_phone","Cell phone",-0.00348893529735506
5,11033,"P_internet","Internet",-0.00793526228517294
5,11033,"P_poverty","Poverty",0.00196914235129952
5,11033,"bias_w","Spatial bias",0.0193142388015985
5,11034,"P_age_00_14","Population 0-14",0.0085976030677557
5,11034,"P_age_15_39","Population 15-39",-0.00267217378132045
5,11034,"P_read_write","Literacy",0.00428888155147433
5,11034,"P_cell_phone","Cell phone",-0.000703330617398024
5,11034,"P_internet","Internet",0.000989081338047981
5,11034,"P_poverty","Poverty",0.00145007576793432
5,11034,"bias_w","Spatial bias",0.0175666380673647
5,11035,"P_age_00_14","Population 0-14",-0.00269919983111322
5,11035,"P_age_15_39","Population 15-39",-0.00394327519461513
5,11035,"P_read_write","Literacy",0.000239346220041625
5,11035,"P_cell_phone","Cell phone",-0.00288016046397388
5,11035,"P_internet","Internet",-0.00679032364860177
5,11035,"P_poverty","Poverty",0.00248939613811672
5,11035,"bias_w","Spatial bias",0.0074966074898839
5,11037,"P_age_00_14","Population 0-14",0.00061778211966157
5,11037,"P_age_15_39","Population 15-39",-0.00327151292003691
5,11037,"P_read_write","Literacy",-0.00271934154443443
5,11037,"P_cell_phone","Cell phone",-0.00291830091737211
5,11037,"P_internet","Internet",-0.00623283395543694
5,11037,"P_poverty","Poverty",0.00237506395205855
5,11037,"bias_w","Spatial bias",-0.00835679285228252
5,11040,"P_age_00_14","Population 0-14",0.00890557561069727
5,11040,"P_age_15_39","Population 15-39",-0.00318913254886866
5,11040,"P_read_write","Literacy",0.00443617487326264
5,11040,"P_cell_phone","Cell phone",-0.000847642601002008
5,11040,"P_internet","Internet",0.00106646027415991
5,11040,"P_poverty","Poverty",0.00154852925334126
5,11040,"bias_w","Spatial bias",0.0177041366696358
5,11042,"P_age_00_14","Population 0-14",-0.0049982899799943
5,11042,"P_age_15_39","Population 15-39",-0.00329078384675086
5,11042,"P_read_write","Literacy",-0.00227870442904532
5,11042,"P_cell_phone","Cell phone",-0.00189251487608999
5,11042,"P_internet","Internet",-0.00582948699593544
5,11042,"P_poverty","Poverty",0.00242591090500355
5,11042,"bias_w","Spatial bias",0.00664215488359332
5,11043,"P_age_00_14","Population 0-14",0.0072100181132555
5,11043,"P_age_15_39","Population 15-39",-0.00311762816272676
5,11043,"P_read_write","Literacy",0.0027715319301933
5,11043,"P_cell_phone","Cell phone",-0.00114984263200313
5,11043,"P_internet","Internet",-0.00777660077437758
5,11043,"P_poverty","Poverty",0.00153952452819794
5,11043,"bias_w","Spatial bias",0.0195115655660629
5,11044,"P_age_00_14","Population 0-14",-0.00225834618322551
5,11044,"P_age_15_39","Population 15-39",-0.00383115652948618
5,11044,"P_read_write","Literacy",-0.00191461644135416
5,11044,"P_cell_phone","Cell phone",-0.00194615172222257
5,11044,"P_internet","Internet",-0.00613811379298568
5,11044,"P_poverty","Poverty",0.00274888821877539
5,11044,"bias_w","Spatial bias",-0.00851976871490479
5,11045,"P_age_00_14","Population 0-14",0.00763003248721361
5,11045,"P_age_15_39","Population 15-39",0.00225445791147649
5,11045,"P_read_write","Literacy",0.00308347260579467
5,11045,"P_cell_phone","Cell phone",-0.00137855485081673
5,11045,"P_internet","Internet",-0.012543779797852
5,11045,"P_poverty","Poverty",0.0017165660392493
5,11045,"bias_w","Spatial bias",0.0209988728165627
5,12001,"P_age_00_14","Population 0-14",-0.00305997091345489
5,12001,"P_age_15_39","Population 15-39",-0.00263617094606161
5,12001,"P_read_write","Literacy",-0.00166601652745157
5,12001,"P_cell_phone","Cell phone",-0.00231825979426503
5,12001,"P_internet","Internet",-0.00689073652029037
5,12001,"P_poverty","Poverty",0.00275117391720414
5,12001,"bias_w","Spatial bias",0.0192649681121111
5,12002,"P_age_00_14","Population 0-14",0.014599634334445
5,12002,"P_age_15_39","Population 15-39",-0.000615567900240421
5,12002,"P_read_write","Literacy",0.00542168645188212
5,12002,"P_cell_phone","Cell phone",-0.00111007434315979
5,12002,"P_internet","Internet",0.00738737033680081
5,12002,"P_poverty","Poverty",0.00287204654887319
5,12002,"bias_w","Spatial bias",0.0271210018545389
5,12003,"P_age_00_14","Population 0-14",0.0088275708258152
5,12003,"P_age_15_39","Population 15-39",-0.001412084675394
5,12003,"P_read_write","Literacy",0.00478475820273161
5,12003,"P_cell_phone","Cell phone",-0.000969471060670912
5,12003,"P_internet","Internet",0.00673114275559783
5,12003,"P_poverty","Poverty",0.00140851514879614
5,12003,"bias_w","Spatial bias",0.0189357232302427
5,12004,"P_age_00_14","Population 0-14",0.0141034573316574
5,12004,"P_age_15_39","Population 15-39",0.00140320614445955
5,12004,"P_read_write","Literacy",0.00878041703253984
5,12004,"P_cell_phone","Cell phone",-0.00143664609640837
5,12004,"P_internet","Internet",0.00841373298317194
5,12004,"P_poverty","Poverty",0.00202409061603248
5,12004,"bias_w","Spatial bias",0.0363003723323345
5,12005,"P_age_00_14","Population 0-14",0.0088239349424839
5,12005,"P_age_15_39","Population 15-39",-0.00195587589405477
5,12005,"P_read_write","Literacy",0.00461273035034537
5,12005,"P_cell_phone","Cell phone",-0.00148557953070849
5,12005,"P_internet","Internet",0.00631528859958053
5,12005,"P_poverty","Poverty",0.00218870560638607
5,12005,"bias_w","Spatial bias",0.0184072200208902
5,12006,"P_age_00_14","Population 0-14",0.00695106107741594
5,12006,"P_age_15_39","Population 15-39",0.00371251022443175
5,12006,"P_read_write","Literacy",0.00390242808498442
5,12006,"P_cell_phone","Cell phone",-0.000778707733843476
5,12006,"P_internet","Internet",0.00572630995884538
5,12006,"P_poverty","Poverty",0.00152158713899553
5,12006,"bias_w","Spatial bias",0.0184066612273455
5,12007,"P_age_00_14","Population 0-14",0.00760413380339742
5,12007,"P_age_15_39","Population 15-39",-0.00169681140687317
5,12007,"P_read_write","Literacy",0.00428293505683541
5,12007,"P_cell_phone","Cell phone",-0.00162343168631196
5,12007,"P_internet","Internet",-0.00449939910322428
5,12007,"P_poverty","Poverty",0.00226965686306357
5,12007,"bias_w","Spatial bias",0.0180446021258831
5,12008,"P_age_00_14","Population 0-14",0.00798160396516323
5,12008,"P_age_15_39","Population 15-39",0.0030318524222821
5,12008,"P_read_write","Literacy",0.00731494091451168
5,12008,"P_cell_phone","Cell phone",-0.000905297754798084
5,12008,"P_internet","Internet",0.00648621190339327
5,12008,"P_poverty","Poverty",0.00159531354438514
5,12008,"bias_w","Spatial bias",0.0235486198216677
5,12009,"P_age_00_14","Population 0-14",0.0150656513869762
5,12009,"P_age_15_39","Population 15-39",-0.000771525781601667
5,12009,"P_read_write","Literacy",0.00887261610478163
5,12009,"P_cell_phone","Cell phone",-0.00283073913305998
5,12009,"P_internet","Internet",0.00847816932946444
5,12009,"P_poverty","Poverty",0.0028817136771977
5,12009,"bias_w","Spatial bias",0.0348210595548153
5,12010,"P_age_00_14","Population 0-14",0.0126304170116782
5,12010,"P_age_15_39","Population 15-39",-0.00110903149470687
5,12010,"P_read_write","Literacy",0.00801260769367218
5,12010,"P_cell_phone","Cell phone",-0.00173371087294072
5,12010,"P_internet","Internet",0.00683853076770902
5,12010,"P_poverty","Poverty",0.00275017716921866
5,12010,"bias_w","Spatial bias",0.032590102404356
5,12011,"P_age_00_14","Population 0-14",-0.00191160058602691
5,12011,"P_age_15_39","Population 15-39",0.00262254849076271
5,12011,"P_read_write","Literacy",0.00399567000567913
5,12011,"P_cell_phone","Cell phone",-0.00134643935598433
5,12011,"P_internet","Internet",0.00251863664016128
5,12011,"P_poverty","Poverty",0.000908543064724654
5,12011,"bias_w","Spatial bias",0.019056485965848
5,12012,"P_age_00_14","Population 0-14",0.0122518353164196
5,12012,"P_age_15_39","Population 15-39",-0.00169289158657193
5,12012,"P_read_write","Literacy",0.00581510039046407
5,12012,"P_cell_phone","Cell phone",-0.00111573305912316
5,12012,"P_internet","Internet",0.00632717693224549
5,12012,"P_poverty","Poverty",0.00238084839656949
5,12012,"bias_w","Spatial bias",0.0270968545228243
5,12013,"P_age_00_14","Population 0-14",-0.000881710788235068
5,12013,"P_age_15_39","Population 15-39",0.0037536658346653
5,12013,"P_read_write","Literacy",0.00448503019288182
5,12013,"P_cell_phone","Cell phone",-0.00115336489398032
5,12013,"P_internet","Internet",0.005822719540447
5,12013,"P_poverty","Poverty",0.00151711725629866
5,12013,"bias_w","Spatial bias",0.0235377233475447
5,12014,"P_age_00_14","Population 0-14",-0.00475518917664886
5,12014,"P_age_15_39","Population 15-39",0.0075810868293047
5,12014,"P_read_write","Literacy",-0.00192427076399326
5,12014,"P_cell_phone","Cell phone",-0.00319242756813765
5,12014,"P_internet","Internet",0.000510967336595058
5,12014,"P_poverty","Poverty",-0.00893806479871273
5,12014,"bias_w","Spatial bias",0.0179997514933348
5,12015,"P_age_00_14","Population 0-14",-0.00401116395369172
5,12015,"P_age_15_39","Population 15-39",0.00367480632849038
5,12015,"P_read_write","Literacy",-0.00228184461593628
5,12015,"P_cell_phone","Cell phone",-0.00172819278668612
5,12015,"P_internet","Internet",0.000206177719519474
5,12015,"P_poverty","Poverty",0.000823094509541988
5,12015,"bias_w","Spatial bias",0.00261032558046281
5,12016,"P_age_00_14","Population 0-14",0.010917728766799
5,12016,"P_age_15_39","Population 15-39",0.00346143380738795
5,12016,"P_read_write","Literacy",0.0074185598641634
5,12016,"P_cell_phone","Cell phone",-0.00108044466469437
5,12016,"P_internet","Internet",0.00256975647062063
5,12016,"P_poverty","Poverty",0.00139262387529016
5,12016,"bias_w","Spatial bias",-0.00733788637444377
5,12017,"P_age_00_14","Population 0-14",0.00410761823877692
5,12017,"P_age_15_39","Population 15-39",-0.00254936795681715
5,12017,"P_read_write","Literacy",0.00382148544304073
5,12017,"P_cell_phone","Cell phone",-0.00132993457373232
5,12017,"P_internet","Internet",0.00468830158933997
5,12017,"P_poverty","Poverty",0.0020837162155658
5,12017,"bias_w","Spatial bias",0.0165401827543974
5,12018,"P_age_00_14","Population 0-14",0.0058277565985918
5,12018,"P_age_15_39","Population 15-39",0.00275549734942615
5,12018,"P_read_write","Literacy",0.00473768636584282
5,12018,"P_cell_phone","Cell phone",-0.00178387935739011
5,12018,"P_internet","Internet",0.00205234484747052
5,12018,"P_poverty","Poverty",0.00131319533102214
5,12018,"bias_w","Spatial bias",0.0221191011369228
5,12019,"P_age_00_14","Population 0-14",0.0145711787045002
5,12019,"P_age_15_39","Population 15-39",-0.00151307578198612
5,12019,"P_read_write","Literacy",0.00834813620895147
5,12019,"P_cell_phone","Cell phone",-0.00092159875202924
5,12019,"P_internet","Internet",0.00727409031242132
5,12019,"P_poverty","Poverty",0.0027151529211551
5,12019,"bias_w","Spatial bias",0.0345338620245457
5,12020,"P_age_00_14","Population 0-14",0.0141168180853128
5,12020,"P_age_15_39","Population 15-39",-0.00117591861635447
5,12020,"P_read_write","Literacy",0.00953249167650938
5,12020,"P_cell_phone","Cell phone",-0.00101540016476065
5,12020,"P_internet","Internet",0.00932920165359974
5,12020,"P_poverty","Poverty",0.00271336943842471
5,12020,"bias_w","Spatial bias",0.0378079600632191
5,12021,"P_age_00_14","Population 0-14",-0.00297284102998674
5,12021,"P_age_15_39","Population 15-39",-0.00251438026316464
5,12021,"P_read_write","Literacy",0.00441777473315597
5,12021,"P_cell_phone","Cell phone",-0.0018054370302707
5,12021,"P_internet","Internet",0.000248913042014465
5,12021,"P_poverty","Poverty",0.00241287448443472
5,12021,"bias_w","Spatial bias",0.0199747532606125
5,12022,"P_age_00_14","Population 0-14",0.0014477294171229
5,12022,"P_age_15_39","Population 15-39",0.00407035043463111
5,12022,"P_read_write","Literacy",0.00423955032601953
5,12022,"P_cell_phone","Cell phone",-0.000988329062238336
5,12022,"P_internet","Internet",0.000698523595929146
5,12022,"P_poverty","Poverty",0.00123856740538031
5,12022,"bias_w","Spatial bias",0.0161870215088129
5,12023,"P_age_00_14","Population 0-14",0.00711774406954646
5,12023,"P_age_15_39","Population 15-39",0.00271281832829118
5,12023,"P_read_write","Literacy",0.00458505749702454
5,12023,"P_cell_phone","Cell phone",-0.000708770996425301
5,12023,"P_internet","Internet",0.00582504272460938
5,12023,"P_poverty","Poverty",0.0014874713961035
5,12023,"bias_w","Spatial bias",0.0213502738624811
5,12024,"P_age_00_14","Population 0-14",0.00896335765719414
5,12024,"P_age_15_39","Population 15-39",-0.0014062353875488
5,12024,"P_read_write","Literacy",0.00470901932567358
5,12024,"P_cell_phone","Cell phone",-0.00302074942737818
5,12024,"P_internet","Internet",0.00605666590854526
5,12024,"P_poverty","Poverty",0.00208009569905698
5,12024,"bias_w","Spatial bias",0.0244590733200312
5,12025,"P_age_00_14","Population 0-14",0.00767170963808894
5,12025,"P_age_15_39","Population 15-39",0.00289996084757149
5,12025,"P_read_write","Literacy",0.00757759483531117
5,12025,"P_cell_phone","Cell phone",-0.00108751689549536
5,12025,"P_internet","Internet",0.00620280299335718
5,12025,"P_poverty","Poverty",0.00197313888929784
5,12025,"bias_w","Spatial bias",0.0312521681189537
5,12026,"P_age_00_14","Population 0-14",-0.00315104867331684
5,12026,"P_age_15_39","Population 15-39",0.00378219061531126
5,12026,"P_read_write","Literacy",0.00507970293983817
5,12026,"P_cell_phone","Cell phone",-0.000978078111074865
5,12026,"P_internet","Internet",0.00654600886628032
5,12026,"P_poverty","Poverty",0.00183933367952704
5,12026,"bias_w","Spatial bias",0.0194460023194551
5,12028,"P_age_00_14","Population 0-14",0.010868932120502
5,12028,"P_age_15_39","Population 15-39",-0.00139750109519809
5,12028,"P_read_write","Literacy",0.00531177408993244
5,12028,"P_cell_phone","Cell phone",-0.00146999978460371
5,12028,"P_internet","Internet",0.00319810444489121
5,12028,"P_poverty","Poverty",0.00247360928915441
5,12028,"bias_w","Spatial bias",0.0251244343817234
5,12029,"P_age_00_14","Population 0-14",-0.00175914692226797
5,12029,"P_age_15_39","Population 15-39",-0.00250030891038477
5,12029,"P_read_write","Literacy",-0.0018299431540072
5,12029,"P_cell_phone","Cell phone",0.00133129744790494
5,12029,"P_internet","Internet",-0.00786241982132196
5,12029,"P_poverty","Poverty",0.00156857899855822
5,12029,"bias_w","Spatial bias",0.0185238104313612
5,12030,"P_age_00_14","Population 0-14",0.00764206051826477
5,12030,"P_age_15_39","Population 15-39",-0.00181745213922113
5,12030,"P_read_write","Literacy",0.00403550174087286
5,12030,"P_cell_phone","Cell phone",-0.00125097576528788
5,12030,"P_internet","Internet",0.00576270325109363
5,12030,"P_poverty","Poverty",0.00167486886493862
5,12030,"bias_w","Spatial bias",0.0241556968539953
5,12031,"P_age_00_14","Population 0-14",0.00794625375419855
5,12031,"P_age_15_39","Population 15-39",0.00355438934639096
5,12031,"P_read_write","Literacy",0.00416995398700237
5,12031,"P_cell_phone","Cell phone",-0.000724914250895381
5,12031,"P_internet","Internet",0.00623400509357452
5,12031,"P_poverty","Poverty",0.00152456411160529
5,12031,"bias_w","Spatial bias",0.0223695375025272
5,12032,"P_age_00_14","Population 0-14",0.014699793420732
5,12032,"P_age_15_39","Population 15-39",-0.00199154182337224
5,12032,"P_read_write","Literacy",0.00797434709966183
5,12032,"P_cell_phone","Cell phone",-0.00089117739116773
5,12032,"P_internet","Internet",0.00694812089204788
5,12032,"P_poverty","Poverty",0.0029293445404619
5,12032,"bias_w","Spatial bias",0.0272812806069851
5,12033,"P_age_00_14","Population 0-14",0.00750667275860906
5,12033,"P_age_15_39","Population 15-39",-0.0015534566482529
5,12033,"P_read_write","Literacy",0.0048242025077343
5,12033,"P_cell_phone","Cell phone",-0.00120894645806402
5,12033,"P_internet","Internet",0.00297484500333667
5,12033,"P_poverty","Poverty",0.00253202929161489
5,12033,"bias_w","Spatial bias",0.0185623932629824
5,12034,"P_age_00_14","Population 0-14",-0.00217314693145454
5,12034,"P_age_15_39","Population 15-39",0.00392140401527286
5,12034,"P_read_write","Literacy",0.00325168529525399
5,12034,"P_cell_phone","Cell phone",-0.00131961761508137
5,12034,"P_internet","Internet",0.00220398022793233
5,12034,"P_poverty","Poverty",0.00119396147783846
5,12034,"bias_w","Spatial bias",0.0150114800781012
5,12035,"P_age_00_14","Population 0-14",-0.00250896462239325
5,12035,"P_age_15_39","Population 15-39",-0.00202964316122234
5,12035,"P_read_write","Literacy",-0.00156623683869839
5,12035,"P_cell_phone","Cell phone",-0.00181798590347171
5,12035,"P_internet","Internet",-0.00767009472474456
5,12035,"P_poverty","Poverty",0.00267462828196585
5,12035,"bias_w","Spatial bias",0.0185211803764105
5,12036,"P_age_00_14","Population 0-14",0.00801617559045553
5,12036,"P_age_15_39","Population 15-39",-0.00202197604812682
5,12036,"P_read_write","Literacy",0.00521607138216496
5,12036,"P_cell_phone","Cell phone",-0.00102747732307762
5,12036,"P_internet","Internet",0.0063061211258173
5,12036,"P_poverty","Poverty",0.00260762800462544
5,12036,"bias_w","Spatial bias",0.0242552720010281
5,12037,"P_age_00_14","Population 0-14",-0.00426125293597579
5,12037,"P_age_15_39","Population 15-39",-0.00388812506571412
5,12037,"P_read_write","Literacy",0.00379438325762749
5,12037,"P_cell_phone","Cell phone",-0.00174421747215092
5,12037,"P_internet","Internet",0.00595340132713318
5,12037,"P_poverty","Poverty",0.00285031949169934
5,12037,"bias_w","Spatial bias",0.0185862611979246
5,12038,"P_age_00_14","Population 0-14",-0.00202493905089796
5,12038,"P_age_15_39","Population 15-39",-0.00211372831836343
5,12038,"P_read_write","Literacy",-0.00166679243557155
5,12038,"P_cell_phone","Cell phone",0.0033946072217077
5,12038,"P_internet","Internet",-0.00729558849707246
5,12038,"P_poverty","Poverty",0.00134183513000607
5,12038,"bias_w","Spatial bias",0.00464839581400156
5,12039,"P_age_00_14","Population 0-14",-0.00230871443636715
5,12039,"P_age_15_39","Population 15-39",-0.00290843169204891
5,12039,"P_read_write","Literacy",0.00420305645093322
5,12039,"P_cell_phone","Cell phone",-0.00140846124850214
5,12039,"P_internet","Internet",0.00575475767254829
5,12039,"P_poverty","Poverty",0.00337834842503071
5,12039,"bias_w","Spatial bias",0.0206391531974077
5,12040,"P_age_00_14","Population 0-14",0.0136833172291517
5,12040,"P_age_15_39","Population 15-39",-0.00228578085079789
5,12040,"P_read_write","Literacy",0.00638527050614357
5,12040,"P_cell_phone","Cell phone",-0.00134907767642289
5,12040,"P_internet","Internet",0.00689323851838708
5,12040,"P_poverty","Poverty",0.00246890704147518
5,12040,"bias_w","Spatial bias",-0.00201871059834957
5,12041,"P_age_00_14","Population 0-14",0.0132762845605612
5,12041,"P_age_15_39","Population 15-39",-0.00107366580050439
5,12041,"P_read_write","Literacy",0.0085859838873148
5,12041,"P_cell_phone","Cell phone",-0.00310495286248624
5,12041,"P_internet","Internet",0.0086163179948926
5,12041,"P_poverty","Poverty",0.0026705046184361
5,12041,"bias_w","Spatial bias",0.0352040641009808
5,12042,"P_age_00_14","Population 0-14",0.0110232336446643
5,12042,"P_age_15_39","Population 15-39",0.00216854480095208
5,12042,"P_read_write","Literacy",0.00853129290044308
5,12042,"P_cell_phone","Cell phone",-0.000859018298797309
5,12042,"P_internet","Internet",0.00677951704710722
5,12042,"P_poverty","Poverty",0.00128560897428542
5,12042,"bias_w","Spatial bias",-0.00406070705503225
5,12043,"P_age_00_14","Population 0-14",0.0153043922036886
5,12043,"P_age_15_39","Population 15-39",0.00145397416781634
5,12043,"P_read_write","Literacy",0.00869518890976906
5,12043,"P_cell_phone","Cell phone",-0.00246463995426893
5,12043,"P_internet","Internet",0.00930920895189047
5,12043,"P_poverty","Poverty",0.00218514306470752
5,12043,"bias_w","Spatial bias",0.0360644869506359
5,12044,"P_age_00_14","Population 0-14",-0.00251042656600475
5,12044,"P_age_15_39","Population 15-39",-0.0042225131765008
5,12044,"P_read_write","Literacy",0.0044540143571794
5,12044,"P_cell_phone","Cell phone",-0.0015842686407268
5,12044,"P_internet","Internet",0.000248465657932684
5,12044,"P_poverty","Poverty",0.00273397169075906
5,12044,"bias_w","Spatial bias",0.0212030746042728
5,12045,"P_age_00_14","Population 0-14",0.0136168282479048
5,12045,"P_age_15_39","Population 15-39",-0.00138032622635365
5,12045,"P_read_write","Literacy",0.0054276236332953
5,12045,"P_cell_phone","Cell phone",-0.000984782702289522
5,12045,"P_internet","Internet",0.00257766549475491
5,12045,"P_poverty","Poverty",0.00258841505274177
5,12045,"bias_w","Spatial bias",0.0274001304060221
5,12047,"P_age_00_14","Population 0-14",0.0161775406450033
5,12047,"P_age_15_39","Population 15-39",-0.000743766431696713
5,12047,"P_read_write","Literacy",0.00834409985691309
5,12047,"P_cell_phone","Cell phone",-0.00079912762157619
5,12047,"P_internet","Internet",0.00680117215961218
5,12047,"P_poverty","Poverty",0.00283963908441365
5,12047,"bias_w","Spatial bias",-0.00604468397796154
5,12048,"P_age_00_14","Population 0-14",-0.00163489510305226
5,12048,"P_age_15_39","Population 15-39",-0.00322085502557456
5,12048,"P_read_write","Literacy",0.00424439460039139
5,12048,"P_cell_phone","Cell phone",-0.00290248054079711
5,12048,"P_internet","Internet",-0.00695186108350754
5,12048,"P_poverty","Poverty",0.00240866187959909
5,12048,"bias_w","Spatial bias",0.0201126914471388
5,12050,"P_age_00_14","Population 0-14",-0.00214362819679081
5,12050,"P_age_15_39","Population 15-39",-0.00236809439957142
5,12050,"P_read_write","Literacy",0.000465312361484393
5,12050,"P_cell_phone","Cell phone",-0.000805808929726481
5,12050,"P_internet","Internet",-0.00620210729539394
5,12050,"P_poverty","Poverty",0.00293924636207521
5,12050,"bias_w","Spatial bias",0.00743927760049701
5,12051,"P_age_00_14","Population 0-14",0.00900361407548189
5,12051,"P_age_15_39","Population 15-39",-0.00183584925252944
5,12051,"P_read_write","Literacy",0.00825665518641472
5,12051,"P_cell_phone","Cell phone",-0.000887114205397666
5,12051,"P_internet","Internet",0.00702694337815046
5,12051,"P_poverty","Poverty",0.00288702361285686
5,12051,"bias_w","Spatial bias",0.0302490685135126
5,12052,"P_age_00_14","Population 0-14",0.0133622996509075
5,12052,"P_age_15_39","Population 15-39",-0.00173821777570993
5,12052,"P_read_write","Literacy",0.00773527985438704
5,12052,"P_cell_phone","Cell phone",-0.00113234261516482
5,12052,"P_internet","Internet",0.00706752156838775
5,12052,"P_poverty","Poverty",0.00185967411380261
5,12052,"bias_w","Spatial bias",0.0335516892373562
5,12053,"P_age_00_14","Population 0-14",0.00748501159250736
5,12053,"P_age_15_39","Population 15-39",-0.00196385732851923
5,12053,"P_read_write","Literacy",0.00477373413741589
5,12053,"P_cell_phone","Cell phone",-0.00111825740896165
5,12053,"P_internet","Internet",0.00589294265955687
5,12053,"P_poverty","Poverty",0.00187768426258117
5,12053,"bias_w","Spatial bias",0.0237506814301014
5,12054,"P_age_00_14","Population 0-14",0.0116844326257706
5,12054,"P_age_15_39","Population 15-39",0.00235425517894328
5,12054,"P_read_write","Literacy",0.00760147348046303
5,12054,"P_cell_phone","Cell phone",-0.000773333944380283
5,12054,"P_internet","Internet",0.00704925740137696
5,12054,"P_poverty","Poverty",0.00174772238824517
5,12054,"bias_w","Spatial bias",0.0287615191191435
5,12055,"P_age_00_14","Population 0-14",-0.00420881202444434
5,12055,"P_age_15_39","Population 15-39",-0.00278029171749949
5,12055,"P_read_write","Literacy",-0.00182728527579457
5,12055,"P_cell_phone","Cell phone",-0.00211300817318261
5,12055,"P_internet","Internet",-0.00683472165837884
5,12055,"P_poverty","Poverty",0.0035861546639353
5,12055,"bias_w","Spatial bias",-0.00128600979223847
5,12056,"P_age_00_14","Population 0-14",0.00873188488185406
5,12056,"P_age_15_39","Population 15-39",-0.00223941612057388
5,12056,"P_read_write","Literacy",0.00775673426687717
5,12056,"P_cell_phone","Cell phone",-0.000703281606547534
5,12056,"P_internet","Internet",0.00690239062532783
5,12056,"P_poverty","Poverty",0.00214725802652538
5,12056,"bias_w","Spatial bias",0.0309589020907879
5,12057,"P_age_00_14","Population 0-14",-0.0030451831407845
5,12057,"P_age_15_39","Population 15-39",-0.00218019052408636
5,12057,"P_read_write","Literacy",0.00399593496695161
5,12057,"P_cell_phone","Cell phone",-0.00175717135425657
5,12057,"P_internet","Internet",-0.00447037862613797
5,12057,"P_poverty","Poverty",0.0017147361068055
5,12057,"bias_w","Spatial bias",0.0198484156280756
5,12058,"P_age_00_14","Population 0-14",0.007309062872082
5,12058,"P_age_15_39","Population 15-39",-0.0018945992924273
5,12058,"P_read_write","Literacy",0.00392188085243106
5,12058,"P_cell_phone","Cell phone",-0.00147652463056147
5,12058,"P_internet","Internet",0.0024477771949023
5,12058,"P_poverty","Poverty",0.00238289427943528
5,12058,"bias_w","Spatial bias",0.0172960050404072
5,12059,"P_age_00_14","Population 0-14",-0.00201843515969813
5,12059,"P_age_15_39","Population 15-39",0.00377717008814216
5,12059,"P_read_write","Literacy",0.00436697946861386
5,12059,"P_cell_phone","Cell phone",-0.00149636017158628
5,12059,"P_internet","Internet",0.00233817170374095
5,12059,"P_poverty","Poverty",0.00214266637340188
5,12059,"bias_w","Spatial bias",0.017947243526578
5,12061,"P_age_00_14","Population 0-14",-0.00223044864833355
5,12061,"P_age_15_39","Population 15-39",-0.00243607861921191
5,12061,"P_read_write","Literacy",0.00379260256886482
5,12061,"P_cell_phone","Cell phone",-0.00204594153910875
5,12061,"P_internet","Internet",-0.00487094838172197
5,12061,"P_poverty","Poverty",0.00266416347585618
5,12061,"bias_w","Spatial bias",0.0207022987306118
5,12062,"P_age_00_14","Population 0-14",0.0138759268447757
5,12062,"P_age_15_39","Population 15-39",-0.000656981603242457
5,12062,"P_read_write","Literacy",0.00883265305310488
5,12062,"P_cell_phone","Cell phone",-0.00093958229990676
5,12062,"P_internet","Internet",0.00808356609195471
5,12062,"P_poverty","Poverty",0.00192810106091201
5,12062,"bias_w","Spatial bias",0.0376962460577488
5,12063,"P_age_00_14","Population 0-14",0.0113226212561131
5,12063,"P_age_15_39","Population 15-39",-0.00116343062836677
5,12063,"P_read_write","Literacy",0.00855975225567818
5,12063,"P_cell_phone","Cell phone",-0.00296548893675208
5,12063,"P_internet","Internet",0.00832061376422644
5,12063,"P_poverty","Poverty",0.00319097051396966
5,12063,"bias_w","Spatial bias",0.0340695828199387
5,12064,"P_age_00_14","Population 0-14",-0.00202578632161021
5,12064,"P_age_15_39","Population 15-39",0.00418703211471438
5,12064,"P_read_write","Literacy",0.00359964580275118
5,12064,"P_cell_phone","Cell phone",-0.00103457900695503
5,12064,"P_internet","Internet",0.0053644459694624
5,12064,"P_poverty","Poverty",0.000391396170016378
5,12064,"bias_w","Spatial bias",0.015089119784534
5,12065,"P_age_00_14","Population 0-14",0.00882142037153244
5,12065,"P_age_15_39","Population 15-39",0.00253766402602196
5,12065,"P_read_write","Literacy",0.00503550563007593
5,12065,"P_cell_phone","Cell phone",-0.00116953242104501
5,12065,"P_internet","Internet",0.0057854768820107
5,12065,"P_poverty","Poverty",0.00137219612952322
5,12065,"bias_w","Spatial bias",0.0180144850164652
5,12066,"P_age_00_14","Population 0-14",0.0113033736124635
5,12066,"P_age_15_39","Population 15-39",-0.0021550680976361
5,12066,"P_read_write","Literacy",0.00481770420446992
5,12066,"P_cell_phone","Cell phone",-0.00149634422268718
5,12066,"P_internet","Internet",0.00286896177567542
5,12066,"P_poverty","Poverty",0.00234552309848368
5,12066,"bias_w","Spatial bias",0.0254985075443983
5,12067,"P_age_00_14","Population 0-14",0.00428935186937451
5,12067,"P_age_15_39","Population 15-39",-0.00174168823286891
5,12067,"P_read_write","Literacy",0.00464858254417777
5,12067,"P_cell_phone","Cell phone",-0.00125583540648222
5,12067,"P_internet","Internet",0.00112296943552792
5,12067,"P_poverty","Poverty",0.00268600066192448
5,12067,"bias_w","Spatial bias",0.00669331243261695
5,12068,"P_age_00_14","Population 0-14",-0.00371032999828458
5,12068,"P_age_15_39","Population 15-39",-0.0036746805999428
5,12068,"P_read_write","Literacy",0.00421688845381141
5,12068,"P_cell_phone","Cell phone",-0.00316322594881058
5,12068,"P_internet","Internet",0.00581358000636101
5,12068,"P_poverty","Poverty",0.00082297483459115
5,12068,"bias_w","Spatial bias",0.0225562751293182
5,12069,"P_age_00_14","Population 0-14",0.0144190117716789
5,12069,"P_age_15_39","Population 15-39",0.00177649711258709
5,12069,"P_read_write","Literacy",0.0089613888412714
5,12069,"P_cell_phone","Cell phone",-0.00104718108195812
5,12069,"P_internet","Internet",0.0088981194421649
5,12069,"P_poverty","Poverty",0.00225725769996643
5,12069,"bias_w","Spatial bias",0.036294724792242
5,12070,"P_age_00_14","Population 0-14",-0.00200592959299684
5,12070,"P_age_15_39","Population 15-39",0.0041943178512156
5,12070,"P_read_write","Literacy",0.00482685072347522
5,12070,"P_cell_phone","Cell phone",-0.00112920452374965
5,12070,"P_internet","Internet",0.00648196460679173
5,12070,"P_poverty","Poverty",0.00213485164567828
5,12070,"bias_w","Spatial bias",0.0240018218755722
5,12071,"P_age_00_14","Population 0-14",0.00845428742468357
5,12071,"P_age_15_39","Population 15-39",-0.00161427143029869
5,12071,"P_read_write","Literacy",0.00825703050941229
5,12071,"P_cell_phone","Cell phone",-0.000986502505838871
5,12071,"P_internet","Internet",0.00682842312380672
5,12071,"P_poverty","Poverty",0.00197350326925516
5,12071,"bias_w","Spatial bias",0.0316717550158501
5,12072,"P_age_00_14","Population 0-14",0.0117690162733197
5,12072,"P_age_15_39","Population 15-39",-0.00187277817167342
5,12072,"P_read_write","Literacy",0.00879142433404922
5,12072,"P_cell_phone","Cell phone",-0.00151234026998281
5,12072,"P_internet","Internet",0.0097025902941823
5,12072,"P_poverty","Poverty",0.00303386594168842
5,12072,"bias_w","Spatial bias",0.0341971181333065
5,12073,"P_age_00_14","Population 0-14",0.00754942931234837
5,12073,"P_age_15_39","Population 15-39",0.00396436313167214
5,12073,"P_read_write","Literacy",0.00458671618252993
5,12073,"P_cell_phone","Cell phone",-0.000755023909732699
5,12073,"P_internet","Internet",0.0026021848898381
5,12073,"P_poverty","Poverty",0.00137806660495698
5,12073,"bias_w","Spatial bias",0.0166728477925062
5,12074,"P_age_00_14","Population 0-14",0.00904853362590075
5,12074,"P_age_15_39","Population 15-39",0.00214810599572957
5,12074,"P_read_write","Literacy",0.00829046033322811
5,12074,"P_cell_phone","Cell phone",-0.000848011346533895
5,12074,"P_internet","Internet",0.00777956191450357
5,12074,"P_poverty","Poverty",0.00223446101881564
5,12074,"bias_w","Spatial bias",0.0277429446578026
5,12075,"P_age_00_14","Population 0-14",0.00801231991499662
5,12075,"P_age_15_39","Population 15-39",-0.00307691562920809
5,12075,"P_read_write","Literacy",0.00419042306020856
5,12075,"P_cell_phone","Cell phone",-0.00206317054107785
5,12075,"P_internet","Internet",-0.00940591935068369
5,12075,"P_poverty","Poverty",0.00161530601326376
5,12075,"bias_w","Spatial bias",0.0225810389965773
5,12076,"P_age_00_14","Population 0-14",0.015230655670166
5,12076,"P_age_15_39","Population 15-39",-0.0017064263811335
5,12076,"P_read_write","Literacy",0.00877486448734999
5,12076,"P_cell_phone","Cell phone",-0.00255155540071428
5,12076,"P_internet","Internet",0.00919961091130972
5,12076,"P_poverty","Poverty",0.00296846940182149
5,12076,"bias_w","Spatial bias",0.0356787405908108
5,12077,"P_age_00_14","Population 0-14",0.00725031457841396
5,12077,"P_age_15_39","Population 15-39",-0.00184400554280728
5,12077,"P_read_write","Literacy",0.00406576273962855
5,12077,"P_cell_phone","Cell phone",-0.0011522201821208
5,12077,"P_internet","Internet",0.000838262203615159
5,12077,"P_poverty","Poverty",0.00229332922026515
5,12077,"bias_w","Spatial bias",0.0237667914479971
5,12078,"P_age_00_14","Population 0-14",0.0161115787923336
5,12078,"P_age_15_39","Population 15-39",0.000496576947625726
5,12078,"P_read_write","Literacy",0.00903128087520599
5,12078,"P_cell_phone","Cell phone",-0.00240026018582284
5,12078,"P_internet","Internet",0.00907011143863201
5,12078,"P_poverty","Poverty",0.00199935142882168
5,12078,"bias_w","Spatial bias",0.0366157069802284
5,12079,"P_age_00_14","Population 0-14",0.0150504279881716
5,12079,"P_age_15_39","Population 15-39",-0.00130006391555071
5,12079,"P_read_write","Literacy",0.00931024365127087
5,12079,"P_cell_phone","Cell phone",-0.00139146845322102
5,12079,"P_internet","Internet",0.0101420590654016
5,12079,"P_poverty","Poverty",0.00283113005571067
5,12079,"bias_w","Spatial bias",0.0373969823122025
5,12080,"P_age_00_14","Population 0-14",0.00697856722399592
5,12080,"P_age_15_39","Population 15-39",0.0040150317363441
5,12080,"P_read_write","Literacy",0.0071194339543581
5,12080,"P_cell_phone","Cell phone",-0.00073659501504153
5,12080,"P_internet","Internet",0.00663114804774523
5,12080,"P_poverty","Poverty",0.00120621232781559
5,12080,"bias_w","Spatial bias",0.0276374071836472
5,12081,"P_age_00_14","Population 0-14",0.0130693195387721
5,12081,"P_age_15_39","Population 15-39",-0.00150276243221015
5,12081,"P_read_write","Literacy",0.00831174477934837
5,12081,"P_cell_phone","Cell phone",-0.00319518893957138
5,12081,"P_internet","Internet",0.00838143099099398
5,12081,"P_poverty","Poverty",0.00205490202642977
5,12081,"bias_w","Spatial bias",0.0327299945056438
5,13002,"P_age_00_14","Population 0-14",0.0132925966754556
5,13002,"P_age_15_39","Population 15-39",-0.00189372000750154
5,13002,"P_read_write","Literacy",0.00561448046937585
5,13002,"P_cell_phone","Cell phone",-0.00129664270207286
5,13002,"P_internet","Internet",0.00612017139792442
5,13002,"P_poverty","Poverty",0.001671745441854
5,13002,"bias_w","Spatial bias",0.021206971257925
5,13004,"P_age_00_14","Population 0-14",-0.00204924144782126
5,13004,"P_age_15_39","Population 15-39",-0.00348883541300893
5,13004,"P_read_write","Literacy",0.00452817883342505
5,13004,"P_cell_phone","Cell phone",-0.00147405732423067
5,13004,"P_internet","Internet",0.0057814079336822
5,13004,"P_poverty","Poverty",0.00230610719881952
5,13004,"bias_w","Spatial bias",0.0194424763321877
5,13006,"P_age_00_14","Population 0-14",-0.00349714909680188
5,13006,"P_age_15_39","Population 15-39",0.00266669620759785
5,13006,"P_read_write","Literacy",-0.00204850221052766
5,13006,"P_cell_phone","Cell phone",-0.000872135744430125
5,13006,"P_internet","Internet",0.00581854116171598
5,13006,"P_poverty","Poverty",0.000396920921048149
5,13006,"bias_w","Spatial bias",-0.00390105694532394
5,13007,"P_age_00_14","Population 0-14",-0.00413919938728213
5,13007,"P_age_15_39","Population 15-39",-0.00422841403633356
5,13007,"P_read_write","Literacy",-0.00249460549093783
5,13007,"P_cell_phone","Cell phone",-0.000647993001621217
5,13007,"P_internet","Internet",0.0027314203325659
5,13007,"P_poverty","Poverty",0.00167434138711542
5,13007,"bias_w","Spatial bias",0.00661477446556091
5,13011,"P_age_00_14","Population 0-14",-0.00297125685028732
5,13011,"P_age_15_39","Population 15-39",0.00363956717774272
5,13011,"P_read_write","Literacy",0.00495961215347052
5,13011,"P_cell_phone","Cell phone",-0.00138069118838757
5,13011,"P_internet","Internet",0.00675403838977218
5,13011,"P_poverty","Poverty",0.0016130612930283
5,13011,"bias_w","Spatial bias",0.0265533272176981
5,13012,"P_age_00_14","Population 0-14",-0.000671936722937971
5,13012,"P_age_15_39","Population 15-39",-0.00620241183787584
5,13012,"P_read_write","Literacy",0.0045366189442575
5,13012,"P_cell_phone","Cell phone",-0.00778579851612449
5,13012,"P_internet","Internet",0.0117870112881064
5,13012,"P_poverty","Poverty",0.00326969474554062
5,13012,"bias_w","Spatial bias",-0.0676296725869179
5,13014,"P_age_00_14","Population 0-14",-0.00267718126997352
5,13014,"P_age_15_39","Population 15-39",0.00503934640437365
5,13014,"P_read_write","Literacy",0.00399651657789946
5,13014,"P_cell_phone","Cell phone",-0.00127142190467566
5,13014,"P_internet","Internet",0.00580843258649111
5,13014,"P_poverty","Poverty",0.00154385063797235
5,13014,"bias_w","Spatial bias",0.0224828124046326
5,13015,"P_age_00_14","Population 0-14",-0.00287547032348812
5,13015,"P_age_15_39","Population 15-39",-0.00262069143354893
5,13015,"P_read_write","Literacy",0.00391883077099919
5,13015,"P_cell_phone","Cell phone",-0.000661882804706693
5,13015,"P_internet","Internet",0.0027018035762012
5,13015,"P_poverty","Poverty",0.00239966227672994
5,13015,"bias_w","Spatial bias",0.0166238341480494
5,13016,"P_age_00_14","Population 0-14",-0.00323179294355214
5,13016,"P_age_15_39","Population 15-39",-0.00334766576997936
5,13016,"P_read_write","Literacy",-0.000240665540331975
5,13016,"P_cell_phone","Cell phone",-0.00269538979046047
5,13016,"P_internet","Internet",-0.00403168937191367
5,13016,"P_poverty","Poverty",0.00282151321880519
5,13016,"bias_w","Spatial bias",0.0207737740129232
5,13018,"P_age_00_14","Population 0-14",0.0085533931851387
5,13018,"P_age_15_39","Population 15-39",-0.00239651533775032
5,13018,"P_read_write","Literacy",0.00411341385915875
5,13018,"P_cell_phone","Cell phone",-0.00116910086944699
5,13018,"P_internet","Internet",0.00611576205119491
5,13018,"P_poverty","Poverty",0.00145745160989463
5,13018,"bias_w","Spatial bias",0.0229840613901615
5,13020,"P_age_00_14","Population 0-14",-0.00424627726897597
5,13020,"P_age_15_39","Population 15-39",0.0176775231957436
5,13020,"P_read_write","Literacy",0.00351642281748354
5,13020,"P_cell_phone","Cell phone",-0.00179961929097772
5,13020,"P_internet","Internet",0.00563052669167519
5,13020,"P_poverty","Poverty",0.00078210310311988
5,13020,"bias_w","Spatial bias",0.0240590777248144
5,13025,"P_age_00_14","Population 0-14",-0.00362901925109327
5,13025,"P_age_15_39","Population 15-39",0.0112196672707796
5,13025,"P_read_write","Literacy",0.00343245710246265
5,13025,"P_cell_phone","Cell phone",-0.00126275757793337
5,13025,"P_internet","Internet",0.00672263791784644
5,13025,"P_poverty","Poverty",0.00154673145152628
5,13025,"bias_w","Spatial bias",0.0197944492101669
5,13026,"P_age_00_14","Population 0-14",0.011864148080349
5,13026,"P_age_15_39","Population 15-39",-0.00193483254406601
5,13026,"P_read_write","Literacy",0.00589077873155475
5,13026,"P_cell_phone","Cell phone",-0.0010769214713946
5,13026,"P_internet","Internet",0.00724319834262133
5,13026,"P_poverty","Poverty",0.00197409768588841
5,13026,"bias_w","Spatial bias",0.0283718146383762
5,13027,"P_age_00_14","Population 0-14",-0.00123808800708503
5,13027,"P_age_15_39","Population 15-39",0.00282208505086601
5,13027,"P_read_write","Literacy",0.00465564196929336
5,13027,"P_cell_phone","Cell phone",-0.0012732760515064
5,13027,"P_internet","Internet",0.00566580472514033
5,13027,"P_poverty","Poverty",0.00195044581778347
5,13027,"bias_w","Spatial bias",0.0240387599915266
5,13028,"P_age_00_14","Population 0-14",0.00886077247560024
5,13028,"P_age_15_39","Population 15-39",-0.00105472223367542
5,13028,"P_read_write","Literacy",0.00475099356845021
5,13028,"P_cell_phone","Cell phone",-0.00140715460292995
5,13028,"P_internet","Internet",0.00297782360576093
5,13028,"P_poverty","Poverty",0.00234886957332492
5,13028,"bias_w","Spatial bias",0.0095825856551528
5,13029,"P_age_00_14","Population 0-14",-0.0048505337908864
5,13029,"P_age_15_39","Population 15-39",-0.00354689918458462
5,13029,"P_read_write","Literacy",-0.0028203702531755
5,13029,"P_cell_phone","Cell phone",-0.000427451013820246
5,13029,"P_internet","Internet",-0.0040630865842104
5,13029,"P_poverty","Poverty",0.00258384482003748
5,13029,"bias_w","Spatial bias",-0.0055393916554749
5,13030,"P_age_00_14","Population 0-14",-0.00260070618242025
5,13030,"P_age_15_39","Population 15-39",-0.0027641630731523
5,13030,"P_read_write","Literacy",-0.00216424698010087
5,13030,"P_cell_phone","Cell phone",-0.00243562273681164
5,13030,"P_internet","Internet",-0.00426326133310795
5,13030,"P_poverty","Poverty",0.00286841788329184
5,13030,"bias_w","Spatial bias",-0.00361378001980484
5,13031,"P_age_00_14","Population 0-14",-0.00397907802835107
5,13031,"P_age_15_39","Population 15-39",0.00440453505143523
5,13031,"P_read_write","Literacy",0.00359055632725358
5,13031,"P_cell_phone","Cell phone",-0.00154381687752903
5,13031,"P_internet","Internet",0.00244920025579631
5,13031,"P_poverty","Poverty",0.000795504660345614
5,13031,"bias_w","Spatial bias",0.0169489532709122
5,13033,"P_age_00_14","Population 0-14",-0.00322693446651101
5,13033,"P_age_15_39","Population 15-39",0.0151190124452114
5,13033,"P_read_write","Literacy",0.00384196080267429
5,13033,"P_cell_phone","Cell phone",-0.00151120079681277
5,13033,"P_internet","Internet",0.00042652987758629
5,13033,"P_poverty","Poverty",0.0010634153150022
5,13033,"bias_w","Spatial bias",0.0214480068534613
5,13034,"P_age_00_14","Population 0-14",-0.000764821073971689
5,13034,"P_age_15_39","Population 15-39",0.0040482827462256
5,13034,"P_read_write","Literacy",0.00396429467946291
5,13034,"P_cell_phone","Cell phone",-0.000954347604420036
5,13034,"P_internet","Internet",0.00578104006126523
5,13034,"P_poverty","Poverty",0.00197679433040321
5,13034,"bias_w","Spatial bias",0.0230731107294559
5,13035,"P_age_00_14","Population 0-14",0.00865300558507442
5,13035,"P_age_15_39","Population 15-39",-0.00367098930291831
5,13035,"P_read_write","Literacy",-0.00232296227477491
5,13035,"P_cell_phone","Cell phone",-0.00384199200198054
5,13035,"P_internet","Internet",0.00219010468572378
5,13035,"P_poverty","Poverty",0.00186486856546253
5,13035,"bias_w","Spatial bias",0.000258422718616202
5,13036,"P_age_00_14","Population 0-14",-0.00565789174288511
5,13036,"P_age_15_39","Population 15-39",0.00549301644787192
5,13036,"P_read_write","Literacy",-0.00284440582618117
5,13036,"P_cell_phone","Cell phone",-0.00111810676753521
5,13036,"P_internet","Internet",0.00571801606565714
5,13036,"P_poverty","Poverty",0.00065274874214083
5,13036,"bias_w","Spatial bias",0.0196788106113672
5,13037,"P_age_00_14","Population 0-14",-0.00506388302892447
5,13037,"P_age_15_39","Population 15-39",0.00502010202035308
5,13037,"P_read_write","Literacy",0.00406998628750443
5,13037,"P_cell_phone","Cell phone",-0.00125624949578196
5,13037,"P_internet","Internet",0.00220255949534476
5,13037,"P_poverty","Poverty",0.000560129119548947
5,13037,"bias_w","Spatial bias",0.0181212071329355
5,13040,"P_age_00_14","Population 0-14",-0.0025806836783886
5,13040,"P_age_15_39","Population 15-39",0.00433035753667355
5,13040,"P_read_write","Literacy",0.00389302475377917
5,13040,"P_cell_phone","Cell phone",-0.00102036213502288
5,13040,"P_internet","Internet",0.00578199094161391
5,13040,"P_poverty","Poverty",0.00134046515449882
5,13040,"bias_w","Spatial bias",0.0210538320243359
5,13042,"P_age_00_14","Population 0-14",-0.00241874856874347
5,13042,"P_age_15_39","Population 15-39",0.00437826151028275
5,13042,"P_read_write","Literacy",0.0036748256534338
5,13042,"P_cell_phone","Cell phone",-0.000921663013286889
5,13042,"P_internet","Internet",0.00272944639436901
5,13042,"P_poverty","Poverty",0.00183783285319805
5,13042,"bias_w","Spatial bias",0.0167016442865133
5,13043,"P_age_00_14","Population 0-14",-0.00162191584240645
5,13043,"P_age_15_39","Population 15-39",0.00371709861792624
5,13043,"P_read_write","Literacy",0.00451989285647869
5,13043,"P_cell_phone","Cell phone",-0.00113469990901649
5,13043,"P_internet","Internet",0.000876282341778278
5,13043,"P_poverty","Poverty",0.00179999903775752
5,13043,"bias_w","Spatial bias",0.0203246381133795
5,13046,"P_age_00_14","Population 0-14",0.00406915415078402
5,13046,"P_age_15_39","Population 15-39",0.00272765615954995
5,13046,"P_read_write","Literacy",0.0044007864780724
5,13046,"P_cell_phone","Cell phone",-0.00102805532515049
5,13046,"P_internet","Internet",0.00586334709078074
5,13046,"P_poverty","Poverty",0.00173339911270887
5,13046,"bias_w","Spatial bias",0.0238937456160784
5,13047,"P_age_00_14","Population 0-14",-0.00304236565716565
5,13047,"P_age_15_39","Population 15-39",0.00384361250326037
5,13047,"P_read_write","Literacy",0.00420282734557986
5,13047,"P_cell_phone","Cell phone",-0.0015773659106344
5,13047,"P_internet","Internet",-0.0048356163315475
5,13047,"P_poverty","Poverty",-7.17810107744299e-05
5,13047,"bias_w","Spatial bias",0.0197209715843201
5,13049,"P_age_00_14","Population 0-14",0.00825709849596024
5,13049,"P_age_15_39","Population 15-39",0.00281366077251732
5,13049,"P_read_write","Literacy",0.00447356142103672
5,13049,"P_cell_phone","Cell phone",-0.00058396381791681
5,13049,"P_internet","Internet",0.00638970965519547
5,13049,"P_poverty","Poverty",0.00132770929485559
5,13049,"bias_w","Spatial bias",0.0228233151137829
5,13053,"P_age_00_14","Population 0-14",-0.00274806562811136
5,13053,"P_age_15_39","Population 15-39",-0.00244303839281201
5,13053,"P_read_write","Literacy",0.00434694951400161
5,13053,"P_cell_phone","Cell phone",-0.00156066485214978
5,13053,"P_internet","Internet",0.00641447072848678
5,13053,"P_poverty","Poverty",0.00224949698895216
5,13053,"bias_w","Spatial bias",0.0235295556485653
5,13055,"P_age_00_14","Population 0-14",-0.00301074446178973
5,13055,"P_age_15_39","Population 15-39",-0.00318941590376198
5,13055,"P_read_write","Literacy",-0.0029151348862797
5,13055,"P_cell_phone","Cell phone",-0.00291442032903433
5,13055,"P_internet","Internet",0.00264328275807202
5,13055,"P_poverty","Poverty",0.00227585388347507
5,13055,"bias_w","Spatial bias",0.0181407183408737
5,13056,"P_age_00_14","Population 0-14",-0.00385170173831284
5,13056,"P_age_15_39","Population 15-39",-0.00232030055485666
5,13056,"P_read_write","Literacy",-0.00138728530146182
5,13056,"P_cell_phone","Cell phone",0.00510515924543142
5,13056,"P_internet","Internet",-0.00593700539320707
5,13056,"P_poverty","Poverty",0.00244759838096797
5,13056,"bias_w","Spatial bias",-0.0240179598331451
5,13058,"P_age_00_14","Population 0-14",-0.00485746935009956
5,13058,"P_age_15_39","Population 15-39",-0.0022296542301774
5,13058,"P_read_write","Literacy",-0.00195136899128556
5,13058,"P_cell_phone","Cell phone",-0.00200562947429717
5,13058,"P_internet","Internet",0.00404051737859845
5,13058,"P_poverty","Poverty",0.00199953163973987
5,13058,"bias_w","Spatial bias",0.0179786421358585
5,13059,"P_age_00_14","Population 0-14",-0.00335762253962457
5,13059,"P_age_15_39","Population 15-39",-0.00336994277313352
5,13059,"P_read_write","Literacy",0.00302125490270555
5,13059,"P_cell_phone","Cell phone",-0.00127927935682237
5,13059,"P_internet","Internet",0.00583836110308766
5,13059,"P_poverty","Poverty",0.0016867668600753
5,13059,"bias_w","Spatial bias",0.0201797280460596
5,13060,"P_age_00_14","Population 0-14",0.00482746912166476
5,13060,"P_age_15_39","Population 15-39",-0.00220974069088697
5,13060,"P_read_write","Literacy",0.00443539069965482
5,13060,"P_cell_phone","Cell phone",-0.00129876146093011
5,13060,"P_internet","Internet",0.00631483364850283
5,13060,"P_poverty","Poverty",0.00226977490819991
5,13060,"bias_w","Spatial bias",0.0209047477692366
5,13062,"P_age_00_14","Population 0-14",0.0118775274604559
5,13062,"P_age_15_39","Population 15-39",-0.00175945344381034
5,13062,"P_read_write","Literacy",0.00520830042660236
5,13062,"P_cell_phone","Cell phone",-0.00095186656108126
5,13062,"P_internet","Internet",0.005799425765872
5,13062,"P_poverty","Poverty",0.00193882558960468
5,13062,"bias_w","Spatial bias",0.0233148969709873
5,13068,"P_age_00_14","Population 0-14",0.000417504139477387
5,13068,"P_age_15_39","Population 15-39",0.00337538518942893
5,13068,"P_read_write","Literacy",0.00491289328783751
5,13068,"P_cell_phone","Cell phone",-0.000932299299165606
5,13068,"P_internet","Internet",0.00592692755162716
5,13068,"P_poverty","Poverty",0.00183104479219764
5,13068,"bias_w","Spatial bias",0.023333853110671
5,13071,"P_age_00_14","Population 0-14",-0.00308546493761241
5,13071,"P_age_15_39","Population 15-39",0.00472484109923244
5,13071,"P_read_write","Literacy",0.00357229192741215
5,13071,"P_cell_phone","Cell phone",-0.00110657082404941
5,13071,"P_internet","Internet",0.00575076974928379
5,13071,"P_poverty","Poverty",0.00152871909085661
5,13071,"bias_w","Spatial bias",0.0206538867205381
5,13073,"P_age_00_14","Population 0-14",0.00948478188365698
5,13073,"P_age_15_39","Population 15-39",-0.00142980250529945
5,13073,"P_read_write","Literacy",0.00596085749566555
5,13073,"P_cell_phone","Cell phone",-0.000926668639294803
5,13073,"P_internet","Internet",0.00663029169663787
5,13073,"P_poverty","Poverty",0.0021585626527667
5,13073,"bias_w","Spatial bias",0.024777801707387
5,13077,"P_age_00_14","Population 0-14",-0.00308573176153004
5,13077,"P_age_15_39","Population 15-39",-0.00159769831225276
5,13077,"P_read_write","Literacy",-0.00214259442873299
5,13077,"P_cell_phone","Cell phone",0.00390844000503421
5,13077,"P_internet","Internet",-0.00590798212215304
5,13077,"P_poverty","Poverty",0.00144196732435375
5,13077,"bias_w","Spatial bias",-0.00641364650800824
5,13078,"P_age_00_14","Population 0-14",0.0110512040555477
5,13078,"P_age_15_39","Population 15-39",0.00198897649534047
5,13078,"P_read_write","Literacy",0.00857459753751755
5,13078,"P_cell_phone","Cell phone",-0.00119847897440195
5,13078,"P_internet","Internet",0.00809312518686056
5,13078,"P_poverty","Poverty",0.00207059341482818
5,13078,"bias_w","Spatial bias",0.0333455316722393
5,13079,"P_age_00_14","Population 0-14",-0.00461711594834924
5,13079,"P_age_15_39","Population 15-39",0.00604456523433328
5,13079,"P_read_write","Literacy",0.00351815926842391
5,13079,"P_cell_phone","Cell phone",-0.00116541900206357
5,13079,"P_internet","Internet",0.00548298610374331
5,13079,"P_poverty","Poverty",0.00129049259703606
5,13079,"bias_w","Spatial bias",0.0225529335439205
5,13080,"P_age_00_14","Population 0-14",0.00933792814612389
5,13080,"P_age_15_39","Population 15-39",-0.00169945845846087
5,13080,"P_read_write","Literacy",0.00584882451221347
5,13080,"P_cell_phone","Cell phone",-0.00110623391810805
5,13080,"P_internet","Internet",0.00732056237757206
5,13080,"P_poverty","Poverty",0.00219840579666197
5,13080,"bias_w","Spatial bias",0.0265135411173105
5,13081,"P_age_00_14","Population 0-14",-0.00275654485449195
5,13081,"P_age_15_39","Population 15-39",-0.00299497880041599
5,13081,"P_read_write","Literacy",-0.00208661775104702
5,13081,"P_cell_phone","Cell phone",-0.00103300740011036
5,13081,"P_internet","Internet",0.00190749985631555
5,13081,"P_poverty","Poverty",0.00267038936726749
5,13081,"bias_w","Spatial bias",0.0236282013356686
5,13084,"P_age_00_14","Population 0-14",-0.002230329439044
5,13084,"P_age_15_39","Population 15-39",-0.00312786898575723
5,13084,"P_read_write","Literacy",-0.001627984107472
5,13084,"P_cell_phone","Cell phone",-0.00182593974750489
5,13084,"P_internet","Internet",-0.00337285338900983
5,13084,"P_poverty","Poverty",0.00242850766517222
5,13084,"bias_w","Spatial bias",0.0174093749374151
5,14001,"P_age_00_14","Population 0-14",0.000555003935005516
5,14001,"P_age_15_39","Population 15-39",-0.00563415605574846
5,14001,"P_read_write","Literacy",-0.00139000208582729
5,14001,"P_cell_phone","Cell phone",0.0121527910232544
5,14001,"P_internet","Internet",-0.00705082435160875
5,14001,"P_poverty","Poverty",-0.00835102237761021
5,14001,"bias_w","Spatial bias",-0.0346703343093395
5,14002,"P_age_00_14","Population 0-14",0.00821927282959223
5,14002,"P_age_15_39","Population 15-39",-0.0037778471596539
5,14002,"P_read_write","Literacy",-0.00220184377394617
5,14002,"P_cell_phone","Cell phone",0.00956378877162933
5,14002,"P_internet","Internet",-0.00556372245773673
5,14002,"P_poverty","Poverty",-0.00502240983769298
5,14002,"bias_w","Spatial bias",-0.00798988156020641
5,14003,"P_age_00_14","Population 0-14",-0.00346302962861955
5,14003,"P_age_15_39","Population 15-39",-0.00519582442939281
5,14003,"P_read_write","Literacy",-0.00205038418062031
5,14003,"P_cell_phone","Cell phone",0.0124951619654894
5,14003,"P_internet","Internet",-0.00462195416912436
5,14003,"P_poverty","Poverty",-0.00683910818770528
5,14003,"bias_w","Spatial bias",-0.00831956136971712
5,14004,"P_age_00_14","Population 0-14",-0.00154338800348341
5,14004,"P_age_15_39","Population 15-39",0.00259673176333308
5,14004,"P_read_write","Literacy",-0.00520004658028483
5,14004,"P_cell_phone","Cell phone",-0.000548028678167611
5,14004,"P_internet","Internet",-0.00583424838259816
5,14004,"P_poverty","Poverty",0.00166960235219449
5,14004,"bias_w","Spatial bias",-0.00360252964310348
5,14005,"P_age_00_14","Population 0-14",-0.00126131344586611
5,14005,"P_age_15_39","Population 15-39",-0.00442542089149356
5,14005,"P_read_write","Literacy",-0.0044432426802814
5,14005,"P_cell_phone","Cell phone",-0.00152442266698927
5,14005,"P_internet","Internet",-0.0059139714576304
5,14005,"P_poverty","Poverty",0.00350828352384269
5,14005,"bias_w","Spatial bias",-0.0260505918413401
5,14006,"P_age_00_14","Population 0-14",-0.00413566594943404
5,14006,"P_age_15_39","Population 15-39",-0.00461143767461181
5,14006,"P_read_write","Literacy",-0.00340867787599564
5,14006,"P_cell_phone","Cell phone",-0.00491194240748882
5,14006,"P_internet","Internet",-0.00601460272446275
5,14006,"P_poverty","Poverty",-0.000472145795356482
5,14006,"bias_w","Spatial bias",-0.00448043877258897
5,14007,"P_age_00_14","Population 0-14",-0.00288605410605669
5,14007,"P_age_15_39","Population 15-39",-0.00295635615475476
5,14007,"P_read_write","Literacy",-0.00408428069204092
5,14007,"P_cell_phone","Cell phone",-0.00326551334001124
5,14007,"P_internet","Internet",-0.00537031562998891
5,14007,"P_poverty","Poverty",0.00229990971274674
5,14007,"bias_w","Spatial bias",-0.0044257533736527
5,14008,"P_age_00_14","Population 0-14",-0.00311049073934555
5,14008,"P_age_15_39","Population 15-39",-0.00377086014486849
5,14008,"P_read_write","Literacy",-0.00158107897732407
5,14008,"P_cell_phone","Cell phone",0.00746981287375093
5,14008,"P_internet","Internet",-0.00661333091557026
5,14008,"P_poverty","Poverty",-0.00447338772937655
5,14008,"bias_w","Spatial bias",0.0149021223187447
5,14009,"P_age_00_14","Population 0-14",0.000884643523022532
5,14009,"P_age_15_39","Population 15-39",-0.00417219894006848
5,14009,"P_read_write","Literacy",-0.00449720723554492
5,14009,"P_cell_phone","Cell phone",0.0124322073534131
5,14009,"P_internet","Internet",-0.00661251973360777
5,14009,"P_poverty","Poverty",-0.0114854164421558
5,14009,"bias_w","Spatial bias",-0.0264319144189358
5,14010,"P_age_00_14","Population 0-14",0.0135019961744547
5,14010,"P_age_15_39","Population 15-39",-0.00341156125068665
5,14010,"P_read_write","Literacy",0.000888224341906607
5,14010,"P_cell_phone","Cell phone",-0.000928216380998492
5,14010,"P_internet","Internet",-0.00891352817416191
5,14010,"P_poverty","Poverty",0.00173894362524152
5,14010,"bias_w","Spatial bias",0.0226166266947985
5,14011,"P_age_00_14","Population 0-14",-0.00328358099795878
5,14011,"P_age_15_39","Population 15-39",0.00430814502760768
5,14011,"P_read_write","Literacy",-0.00230973865836859
5,14011,"P_cell_phone","Cell phone",-0.000619701400864869
5,14011,"P_internet","Internet",0.00337702897377312
5,14011,"P_poverty","Poverty",0.000839427055325359
5,14011,"bias_w","Spatial bias",0.00538188125938177
5,14012,"P_age_00_14","Population 0-14",-0.00548940990120173
5,14012,"P_age_15_39","Population 15-39",0.00811073463410139
5,14012,"P_read_write","Literacy",-0.00267293257638812
5,14012,"P_cell_phone","Cell phone",-0.00229101069271564
5,14012,"P_internet","Internet",0.0016909291734919
5,14012,"P_poverty","Poverty",-0.0131669640541077
5,14012,"bias_w","Spatial bias",0.016748208552599
5,14013,"P_age_00_14","Population 0-14",-0.00249122059904039
5,14013,"P_age_15_39","Population 15-39",-0.0057730725966394
5,14013,"P_read_write","Literacy",0.000468669051770121
5,14013,"P_cell_phone","Cell phone",-0.00169035338331014
5,14013,"P_internet","Internet",-0.00571288401260972
5,14013,"P_poverty","Poverty",-0.0082163056358695
5,14013,"bias_w","Spatial bias",0.016890374943614
5,14014,"P_age_00_14","Population 0-14",-0.00534135103225708
5,14014,"P_age_15_39","Population 15-39",0.00476565398275852
5,14014,"P_read_write","Literacy",-0.00034854025579989
5,14014,"P_cell_phone","Cell phone",-0.0016887882957235
5,14014,"P_internet","Internet",-0.00690252799540758
5,14014,"P_poverty","Poverty",0.00102977850474417
5,14014,"bias_w","Spatial bias",-0.0040040803141892
5,14015,"P_age_00_14","Population 0-14",-0.00407590204849839
5,14015,"P_age_15_39","Population 15-39",-0.00400592526420951
5,14015,"P_read_write","Literacy",-0.00370006612502038
5,14015,"P_cell_phone","Cell phone",0.0112250661477447
5,14015,"P_internet","Internet",-0.00673016486689448
5,14015,"P_poverty","Poverty",-0.00964605249464512
5,14015,"bias_w","Spatial bias",0.0141565157100558
5,14016,"P_age_00_14","Population 0-14",0.00812218524515629
5,14016,"P_age_15_39","Population 15-39",-0.00314003997482359
5,14016,"P_read_write","Literacy",0.000984380836598575
5,14016,"P_cell_phone","Cell phone",-0.00343880150467157
5,14016,"P_internet","Internet",-0.00653948215767741
5,14016,"P_poverty","Poverty",0.00134478253312409
5,14016,"bias_w","Spatial bias",0.00844724290072918
5,14017,"P_age_00_14","Population 0-14",-0.00241833552718163
5,14017,"P_age_15_39","Population 15-39",0.00480497162789106
5,14017,"P_read_write","Literacy",-0.00257419841364026
5,14017,"P_cell_phone","Cell phone",-0.000566896807868034
5,14017,"P_internet","Internet",-0.0065743769519031
5,14017,"P_poverty","Poverty",0.00137867068406194
5,14017,"bias_w","Spatial bias",0.0172488950192928
5,14018,"P_age_00_14","Population 0-14",-0.00200140802189708
5,14018,"P_age_15_39","Population 15-39",-0.00354865612462163
5,14018,"P_read_write","Literacy",0.000673563510645181
5,14018,"P_cell_phone","Cell phone",-0.00284613110125065
5,14018,"P_internet","Internet",-0.00665870821103454
5,14018,"P_poverty","Poverty",0.00303717097267509
5,14018,"bias_w","Spatial bias",-0.00537567026913166
5,14019,"P_age_00_14","Population 0-14",0.0117380674928427
5,14019,"P_age_15_39","Population 15-39",-0.00145179266110063
5,14019,"P_read_write","Literacy",0.00672402000054717
5,14019,"P_cell_phone","Cell phone",-0.0010307946940884
5,14019,"P_internet","Internet",0.00304699409753084
5,14019,"P_poverty","Poverty",0.00086388667114079
5,14019,"bias_w","Spatial bias",0.0272681973874569
5,14020,"P_age_00_14","Population 0-14",-0.00349956820718944
5,14020,"P_age_15_39","Population 15-39",0.00363204721361399
5,14020,"P_read_write","Literacy",-0.00663303909823298
5,14020,"P_cell_phone","Cell phone",-0.0012700401712209
5,14020,"P_internet","Internet",-7.04140984453261e-05
5,14020,"P_poverty","Poverty",0.000994783826172352
5,14020,"bias_w","Spatial bias",-0.00734491646289825
5,14021,"P_age_00_14","Population 0-14",-0.00269701262004673
5,14021,"P_age_15_39","Population 15-39",0.0035506880376488
5,14021,"P_read_write","Literacy",-0.00207933830097318
5,14021,"P_cell_phone","Cell phone",-0.000509857200086117
5,14021,"P_internet","Internet",-0.00631321081891656
5,14021,"P_poverty","Poverty",0.00115904642734677
5,14021,"bias_w","Spatial bias",0.00371331395581365
5,14022,"P_age_00_14","Population 0-14",-0.00168285612016916
5,14022,"P_age_15_39","Population 15-39",-0.00216169655323029
5,14022,"P_read_write","Literacy",-0.00269250385463238
5,14022,"P_cell_phone","Cell phone",0.00225106650032103
5,14022,"P_internet","Internet",-0.00429916894063354
5,14022,"P_poverty","Poverty",0.00130946317221969
5,14022,"bias_w","Spatial bias",0.00339006027206779
5,14023,"P_age_00_14","Population 0-14",-0.0051808375865221
5,14023,"P_age_15_39","Population 15-39",-0.00369100761599839
5,14023,"P_read_write","Literacy",-0.0023285779170692
5,14023,"P_cell_phone","Cell phone",0.0139412917196751
5,14023,"P_internet","Internet",-0.00459758704528213
5,14023,"P_poverty","Poverty",-0.00456681801006198
5,14023,"bias_w","Spatial bias",-0.0264412388205528
5,14024,"P_age_00_14","Population 0-14",-0.00258833984844387
5,14024,"P_age_15_39","Population 15-39",0.00330721074715257
5,14024,"P_read_write","Literacy",-0.00185895292088389
5,14024,"P_cell_phone","Cell phone",-0.00298097892664373
5,14024,"P_internet","Internet",-0.00638648355379701
5,14024,"P_poverty","Poverty",0.0015124324709177
5,14024,"bias_w","Spatial bias",0.0043811397626996
5,14025,"P_age_00_14","Population 0-14",-0.0032468989957124
5,14025,"P_age_15_39","Population 15-39",-0.00445958832278848
5,14025,"P_read_write","Literacy",-0.00456433976069093
5,14025,"P_cell_phone","Cell phone",0.00361953023821115
5,14025,"P_internet","Internet",-0.00651362165808678
5,14025,"P_poverty","Poverty",0.00332037988118827
5,14025,"bias_w","Spatial bias",-0.0255589280277491
5,14026,"P_age_00_14","Population 0-14",-0.00457031698897481
5,14026,"P_age_15_39","Population 15-39",-0.00499900756403804
5,14026,"P_read_write","Literacy",-0.000730294501408935
5,14026,"P_cell_phone","Cell phone",-0.00355337769724429
5,14026,"P_internet","Internet",-0.00799653679132462
5,14026,"P_poverty","Poverty",0.00343940733000636
5,14026,"bias_w","Spatial bias",-0.0228063743561506
5,14027,"P_age_00_14","Population 0-14",0.00963301584124565
5,14027,"P_age_15_39","Population 15-39",-0.00216184020973742
5,14027,"P_read_write","Literacy",0.00686752563342452
5,14027,"P_cell_phone","Cell phone",-0.00127943058032542
5,14027,"P_internet","Internet",0.00554228108376265
5,14027,"P_poverty","Poverty",0.00214881077408791
5,14027,"bias_w","Spatial bias",0.0124153280630708
5,14028,"P_age_00_14","Population 0-14",-0.00386172393336892
5,14028,"P_age_15_39","Population 15-39",0.00813150592148304
5,14028,"P_read_write","Literacy",-0.00242032529786229
5,14028,"P_cell_phone","Cell phone",-0.00409422582015395
5,14028,"P_internet","Internet",-0.00448322016745806
5,14028,"P_poverty","Poverty",-0.00539979804307222
5,14028,"bias_w","Spatial bias",0.0188449062407017
5,14029,"P_age_00_14","Population 0-14",-0.00252445437945426
5,14029,"P_age_15_39","Population 15-39",0.00486911321058869
5,14029,"P_read_write","Literacy",-0.00187297991942614
5,14029,"P_cell_phone","Cell phone",-0.00234039523638785
5,14029,"P_internet","Internet",-0.0048085586167872
5,14029,"P_poverty","Poverty",0.00124724919442087
5,14029,"bias_w","Spatial bias",-0.00593993486836553
5,14030,"P_age_00_14","Population 0-14",-0.00373723544180393
5,14030,"P_age_15_39","Population 15-39",0.00279833213426173
5,14030,"P_read_write","Literacy",-0.0042879325337708
5,14030,"P_cell_phone","Cell phone",0.00314200646243989
5,14030,"P_internet","Internet",-0.0058650765568018
5,14030,"P_poverty","Poverty",0.000890570285264403
5,14030,"bias_w","Spatial bias",-0.00738546904176474
5,14031,"P_age_00_14","Population 0-14",0.00985618587583303
5,14031,"P_age_15_39","Population 15-39",0.00319019076414406
5,14031,"P_read_write","Literacy",0.0042696506716311
5,14031,"P_cell_phone","Cell phone",-0.00080089719267562
5,14031,"P_internet","Internet",0.00586423138156533
5,14031,"P_poverty","Poverty",0.00159233238082379
5,14031,"bias_w","Spatial bias",0.00691425520926714
5,14032,"P_age_00_14","Population 0-14",0.0116266747936606
5,14032,"P_age_15_39","Population 15-39",-0.00260364776477218
5,14032,"P_read_write","Literacy",-0.00171732460148633
5,14032,"P_cell_phone","Cell phone",-0.000203016912564635
5,14032,"P_internet","Internet",0.00601972779259086
5,14032,"P_poverty","Poverty",0.00201461277902126
5,14032,"bias_w","Spatial bias",0.00686708372086287
5,14033,"P_age_00_14","Population 0-14",-0.00155954679939896
5,14033,"P_age_15_39","Population 15-39",0.00239278795197606
5,14033,"P_read_write","Literacy",-0.00138241401873529
5,14033,"P_cell_phone","Cell phone",-0.00283997505903244
5,14033,"P_internet","Internet",-0.00622138753533363
5,14033,"P_poverty","Poverty",0.00113070278894156
5,14033,"bias_w","Spatial bias",0.00420486042276025
5,14034,"P_age_00_14","Population 0-14",-0.00402406696230173
5,14034,"P_age_15_39","Population 15-39",0.0204022284597158
5,14034,"P_read_write","Literacy",-0.0020441934466362
5,14034,"P_cell_phone","Cell phone",-0.00218915985897183
5,14034,"P_internet","Internet",-0.00744398543611169
5,14034,"P_poverty","Poverty",-0.00522582419216633
5,14034,"bias_w","Spatial bias",0.0217974931001663
5,14035,"P_age_00_14","Population 0-14",-0.00177915231324732
5,14035,"P_age_15_39","Population 15-39",-0.00399863673374057
5,14035,"P_read_write","Literacy",-0.0026118652895093
5,14035,"P_cell_phone","Cell phone",0.00210765399970114
5,14035,"P_internet","Internet",-0.00625023385509849
5,14035,"P_poverty","Poverty",0.0020404567476362
5,14035,"bias_w","Spatial bias",-0.00655549857765436
5,14037,"P_age_00_14","Population 0-14",-0.00211245892569423
5,14037,"P_age_15_39","Population 15-39",-0.00222398713231087
5,14037,"P_read_write","Literacy",-0.00180356134660542
5,14037,"P_cell_phone","Cell phone",0.00254758284427226
5,14037,"P_internet","Internet",-0.00548105640336871
5,14037,"P_poverty","Poverty",0.00140452827326953
5,14037,"bias_w","Spatial bias",0.0153102427721024
5,14039,"P_age_00_14","Population 0-14",-0.00663106236606836
5,14039,"P_age_15_39","Population 15-39",-0.0045932368375361
5,14039,"P_read_write","Literacy",-0.00532222306355834
5,14039,"P_cell_phone","Cell phone",0.0142181795090437
5,14039,"P_internet","Internet",-0.00416128616780043
5,14039,"P_poverty","Poverty",-0.00307057844474912
5,14039,"bias_w","Spatial bias",-0.0277389790862799
5,14040,"P_age_00_14","Population 0-14",-0.00237713754177094
5,14040,"P_age_15_39","Population 15-39",0.00302757183089852
5,14040,"P_read_write","Literacy",-0.00202514138072729
5,14040,"P_cell_phone","Cell phone",-0.000513011589646339
5,14040,"P_internet","Internet",0.00187995436135679
5,14040,"P_poverty","Poverty",0.00175482733175159
5,14040,"bias_w","Spatial bias",0.0194830968976021
5,14041,"P_age_00_14","Population 0-14",-0.00529130594804883
5,14041,"P_age_15_39","Population 15-39",0.0124249868094921
5,14041,"P_read_write","Literacy",-0.000175650435267016
5,14041,"P_cell_phone","Cell phone",-0.00201151263900101
5,14041,"P_internet","Internet",-0.00369617692194879
5,14041,"P_poverty","Poverty",0.00222023925743997
5,14041,"bias_w","Spatial bias",-0.0224071126431227
5,14042,"P_age_00_14","Population 0-14",0.00702397245913744
5,14042,"P_age_15_39","Population 15-39",0.00378439272753894
5,14042,"P_read_write","Literacy",0.000621765444520861
5,14042,"P_cell_phone","Cell phone",-0.00270625972189009
5,14042,"P_internet","Internet",0.00604921020567417
5,14042,"P_poverty","Poverty",0.00119311711750925
5,14042,"bias_w","Spatial bias",0.0200191475450993
5,14043,"P_age_00_14","Population 0-14",-0.0022026386577636
5,14043,"P_age_15_39","Population 15-39",0.006061892490834
5,14043,"P_read_write","Literacy",-0.0021428547333926
5,14043,"P_cell_phone","Cell phone",-0.00459054578095675
5,14043,"P_internet","Internet",-0.00679732300341129
5,14043,"P_poverty","Poverty",-0.00667953304946423
5,14043,"bias_w","Spatial bias",0.0179073568433523
5,14044,"P_age_00_14","Population 0-14",0.00644618039950728
5,14044,"P_age_15_39","Population 15-39",-0.00251657469198108
5,14044,"P_read_write","Literacy",-0.00922157522290945
5,14044,"P_cell_phone","Cell phone",0.00462213438004255
5,14044,"P_internet","Internet",-0.00427280552685261
5,14044,"P_poverty","Poverty",0.0021362875122577
5,14044,"bias_w","Spatial bias",-0.0268986821174622
5,14046,"P_age_00_14","Population 0-14",-0.00185194681398571
5,14046,"P_age_15_39","Population 15-39",-0.00372719834558666
5,14046,"P_read_write","Literacy",-0.00222312868572772
5,14046,"P_cell_phone","Cell phone",0.00331446947529912
5,14046,"P_internet","Internet",-0.00658849626779556
5,14046,"P_poverty","Poverty",0.00116850377526134
5,14046,"bias_w","Spatial bias",-0.00702716782689095
5,14047,"P_age_00_14","Population 0-14",-0.00233983877114952
5,14047,"P_age_15_39","Population 15-39",-0.00364203727804124
5,14047,"P_read_write","Literacy",-0.000626221240963787
5,14047,"P_cell_phone","Cell phone",-0.00325859151780605
5,14047,"P_internet","Internet",-0.00701569207012653
5,14047,"P_poverty","Poverty",0.00281725241802633
5,14047,"bias_w","Spatial bias",0.00651089753955603
5,14048,"P_age_00_14","Population 0-14",-0.00303573394194245
5,14048,"P_age_15_39","Population 15-39",-0.00307499058544636
5,14048,"P_read_write","Literacy",0.00405325880274177
5,14048,"P_cell_phone","Cell phone",0.00441838009282947
5,14048,"P_internet","Internet",-0.00675042066723108
5,14048,"P_poverty","Poverty",0.000742866715881974
5,14048,"bias_w","Spatial bias",-0.00546708423644304
5,14049,"P_age_00_14","Population 0-14",-0.00324315275065601
5,14049,"P_age_15_39","Population 15-39",-0.00465538958087564
5,14049,"P_read_write","Literacy",0.00386042264290154
5,14049,"P_cell_phone","Cell phone",-0.00342581002041698
5,14049,"P_internet","Internet",-0.00873484741896391
5,14049,"P_poverty","Poverty",0.00162691634614021
5,14049,"bias_w","Spatial bias",0.0203438587486744
5,14050,"P_age_00_14","Population 0-14",0.00985640659928322
5,14050,"P_age_15_39","Population 15-39",-0.00238488102331758
5,14050,"P_read_write","Literacy",-0.00225233426317573
5,14050,"P_cell_phone","Cell phone",0.00229234877042472
5,14050,"P_internet","Internet",-0.00657977955415845
5,14050,"P_poverty","Poverty",0.0014658699510619
5,14050,"bias_w","Spatial bias",-0.00656139617785811
5,14051,"P_age_00_14","Population 0-14",0.00622559990733862
5,14051,"P_age_15_39","Population 15-39",-0.00409380672499537
5,14051,"P_read_write","Literacy",-0.00715696718543768
5,14051,"P_cell_phone","Cell phone",0.0081252446398139
5,14051,"P_internet","Internet",-0.00367806223221123
5,14051,"P_poverty","Poverty",-0.00419075321406126
5,14051,"bias_w","Spatial bias",-0.0245535764843225
5,14052,"P_age_00_14","Population 0-14",-0.00105245283339173
5,14052,"P_age_15_39","Population 15-39",0.00429444527253509
5,14052,"P_read_write","Literacy",-0.00245713791809976
5,14052,"P_cell_phone","Cell phone",-0.00267154234461486
5,14052,"P_internet","Internet",-0.00412237737327814
5,14052,"P_poverty","Poverty",0.00128205725923181
5,14052,"bias_w","Spatial bias",0.00553576275706291
5,14053,"P_age_00_14","Population 0-14",-0.000547259114682674
5,14053,"P_age_15_39","Population 15-39",-0.00196729856543243
5,14053,"P_read_write","Literacy",-0.00164701452013105
5,14053,"P_cell_phone","Cell phone",0.0112412301823497
5,14053,"P_internet","Internet",-0.00859277974814177
5,14053,"P_poverty","Poverty",0.0026160276029259
5,14053,"bias_w","Spatial bias",-0.043622724711895
5,14054,"P_age_00_14","Population 0-14",-0.00613661808893085
5,14054,"P_age_15_39","Population 15-39",0.0168864876031876
5,14054,"P_read_write","Literacy",-0.000635002856142819
5,14054,"P_cell_phone","Cell phone",-0.00240014935843647
5,14054,"P_internet","Internet",-0.00578228430822492
5,14054,"P_poverty","Poverty",-0.00565283233299851
5,14054,"bias_w","Spatial bias",0.0164529252797365
5,14055,"P_age_00_14","Population 0-14",0.00702545186504722
5,14055,"P_age_15_39","Population 15-39",-0.00223569292575121
5,14055,"P_read_write","Literacy",-0.00462080631405115
5,14055,"P_cell_phone","Cell phone",0.00339681026525795
5,14055,"P_internet","Internet",-0.00615568645298481
5,14055,"P_poverty","Poverty",0.0014767482643947
5,14055,"bias_w","Spatial bias",-0.00856586825102568
5,14056,"P_age_00_14","Population 0-14",-0.00626108795404434
5,14056,"P_age_15_39","Population 15-39",0.00781018240377307
5,14056,"P_read_write","Literacy",0.00451277429237962
5,14056,"P_cell_phone","Cell phone",-0.00121018779464066
5,14056,"P_internet","Internet",0.00758220348507166
5,14056,"P_poverty","Poverty",0.00139816093724221
5,14056,"bias_w","Spatial bias",-0.0225092172622681
5,14057,"P_age_00_14","Population 0-14",-0.00594740035012364
5,14057,"P_age_15_39","Population 15-39",-0.00650853291153908
5,14057,"P_read_write","Literacy",-0.000600233033765107
5,14057,"P_cell_phone","Cell phone",-0.00415714411064982
5,14057,"P_internet","Internet",-0.0078902943059802
5,14057,"P_poverty","Poverty",-0.000666918058414012
5,14057,"bias_w","Spatial bias",0.0057602534070611
5,14059,"P_age_00_14","Population 0-14",-0.00170758308377117
5,14059,"P_age_15_39","Population 15-39",-0.00334229529835284
5,14059,"P_read_write","Literacy",-0.00103422009851784
5,14059,"P_cell_phone","Cell phone",-0.00230830325745046
5,14059,"P_internet","Internet",-0.00746907899156213
5,14059,"P_poverty","Poverty",0.00371288764290512
5,14059,"bias_w","Spatial bias",-0.0229678209871054
5,14060,"P_age_00_14","Population 0-14",-0.00193223881069571
5,14060,"P_age_15_39","Population 15-39",0.0145898927003145
5,14060,"P_read_write","Literacy",-0.00182303297333419
5,14060,"P_cell_phone","Cell phone",-0.00243515986949205
5,14060,"P_internet","Internet",-0.00641787191852927
5,14060,"P_poverty","Poverty",0.00136881018988788
5,14060,"bias_w","Spatial bias",-0.00463104387745261
5,14061,"P_age_00_14","Population 0-14",0.0134938368573785
5,14061,"P_age_15_39","Population 15-39",0.00161053787451237
5,14061,"P_read_write","Literacy",0.00763030629605055
5,14061,"P_cell_phone","Cell phone",-0.000915124663151801
5,14061,"P_internet","Internet",0.00662130350247025
5,14061,"P_poverty","Poverty",0.0016821357421577
5,14061,"bias_w","Spatial bias",0.031265951693058
5,14063,"P_age_00_14","Population 0-14",-0.00300588412210345
5,14063,"P_age_15_39","Population 15-39",-0.00387036497704685
5,14063,"P_read_write","Literacy",-0.0014747513923794
5,14063,"P_cell_phone","Cell phone",0.0127359172329307
5,14063,"P_internet","Internet",-0.00535078113898635
5,14063,"P_poverty","Poverty",-0.00587567733600736
5,14063,"bias_w","Spatial bias",0.00303775304928422
5,14064,"P_age_00_14","Population 0-14",0.0103088784962893
5,14064,"P_age_15_39","Population 15-39",-0.00337304617278278
5,14064,"P_read_write","Literacy",-0.00236596493050456
5,14064,"P_cell_phone","Cell phone",-0.00333011872135103
5,14064,"P_internet","Internet",-0.0039494032971561
5,14064,"P_poverty","Poverty",0.00187117850873619
5,14064,"bias_w","Spatial bias",0.0083029679954052
5,14065,"P_age_00_14","Population 0-14",-0.00440799165517092
5,14065,"P_age_15_39","Population 15-39",0.0067489892244339
5,14065,"P_read_write","Literacy",0.00444795424118638
5,14065,"P_cell_phone","Cell phone",-0.000507256714627147
5,14065,"P_internet","Internet",-0.00784262083470821
5,14065,"P_poverty","Poverty",0.001210966729559
5,14065,"bias_w","Spatial bias",-0.0254433304071426
5,14066,"P_age_00_14","Population 0-14",0.0114489831030369
5,14066,"P_age_15_39","Population 15-39",-0.00311811128631234
5,14066,"P_read_write","Literacy",-0.00317251076921821
5,14066,"P_cell_phone","Cell phone",-0.00334937195293605
5,14066,"P_internet","Internet",-0.00797886215150356
5,14066,"P_poverty","Poverty",0.00205155578441918
5,14066,"bias_w","Spatial bias",-0.0038078788202256
5,14068,"P_age_00_14","Population 0-14",-0.00198049726895988
5,14068,"P_age_15_39","Population 15-39",0.00483480934053659
5,14068,"P_read_write","Literacy",-0.00220609526149929
5,14068,"P_cell_phone","Cell phone",-0.00146274128928781
5,14068,"P_internet","Internet",-0.0080071808770299
5,14068,"P_poverty","Poverty",0.00104523985646665
5,14068,"bias_w","Spatial bias",0.00418042950332165
5,14069,"P_age_00_14","Population 0-14",-0.00698625948280096
5,14069,"P_age_15_39","Population 15-39",0.00258165923878551
5,14069,"P_read_write","Literacy",0.00418464886024594
5,14069,"P_cell_phone","Cell phone",-0.00148912228178233
5,14069,"P_internet","Internet",-0.00210870988667011
5,14069,"P_poverty","Poverty",0.000629957183264196
5,14069,"bias_w","Spatial bias",-0.0108829364180565
5,14070,"P_age_00_14","Population 0-14",-0.00127323810011148
5,14070,"P_age_15_39","Population 15-39",-0.0140195982530713
5,14070,"P_read_write","Literacy",-0.00282663502730429
5,14070,"P_cell_phone","Cell phone",0.00438894843682647
5,14070,"P_internet","Internet",-0.000599044607952237
5,14070,"P_poverty","Poverty",0.00234120828099549
5,14070,"bias_w","Spatial bias",-0.0250523220747709
5,14071,"P_age_00_14","Population 0-14",-0.003019027877599
5,14071,"P_age_15_39","Population 15-39",0.00279471394605935
5,14071,"P_read_write","Literacy",-0.0022346624173224
5,14071,"P_cell_phone","Cell phone",-0.000758274691179395
5,14071,"P_internet","Internet",0.00548924785107374
5,14071,"P_poverty","Poverty",0.000488921999931335
5,14071,"bias_w","Spatial bias",-0.00676051527261734
5,14072,"P_age_00_14","Population 0-14",0.0113315926864743
5,14072,"P_age_15_39","Population 15-39",-0.00794953480362892
5,14072,"P_read_write","Literacy",-0.00165923836175352
5,14072,"P_cell_phone","Cell phone",-0.0107867512851954
5,14072,"P_internet","Internet",-0.0176766086369753
5,14072,"P_poverty","Poverty",0.00296585378237069
5,14072,"bias_w","Spatial bias",-0.0690970495343208
5,14073,"P_age_00_14","Population 0-14",0.000782473536673933
5,14073,"P_age_15_39","Population 15-39",-0.00296629662625492
5,14073,"P_read_write","Literacy",-0.00180567824281752
5,14073,"P_cell_phone","Cell phone",0.00410256674513221
5,14073,"P_internet","Internet",-0.0060257432051003
5,14073,"P_poverty","Poverty",0.00129389250651002
5,14073,"bias_w","Spatial bias",-0.00711989682167768
5,14074,"P_age_00_14","Population 0-14",-0.00105280615389347
5,14074,"P_age_15_39","Population 15-39",-0.0070885824970901
5,14074,"P_read_write","Literacy",-0.000553549849428236
5,14074,"P_cell_phone","Cell phone",0.0272008888423443
5,14074,"P_internet","Internet",-0.0111332321539521
5,14074,"P_poverty","Poverty",-0.0013939990894869
5,14074,"bias_w","Spatial bias",-0.0559973269701004
5,14076,"P_age_00_14","Population 0-14",0.00703609269112349
5,14076,"P_age_15_39","Population 15-39",0.00269469036720693
5,14076,"P_read_write","Literacy",-0.00194453366566449
5,14076,"P_cell_phone","Cell phone",0.000968341657426208
5,14076,"P_internet","Internet",0.00522590568289161
5,14076,"P_poverty","Poverty",-0.000160258452524431
5,14076,"bias_w","Spatial bias",0.0204349309206009
5,14077,"P_age_00_14","Population 0-14",-0.00346168596297503
5,14077,"P_age_15_39","Population 15-39",0.00570287043228745
5,14077,"P_read_write","Literacy",-0.00333729456178844
5,14077,"P_cell_phone","Cell phone",-0.000498459208756685
5,14077,"P_internet","Internet",-0.00689006876200438
5,14077,"P_poverty","Poverty",0.00157032161951065
5,14077,"bias_w","Spatial bias",-0.00281676487065852
5,14078,"P_age_00_14","Population 0-14",-0.00263620773330331
5,14078,"P_age_15_39","Population 15-39",-0.00307858223095536
5,14078,"P_read_write","Literacy",-0.00169446994550526
5,14078,"P_cell_phone","Cell phone",0.00255640293471515
5,14078,"P_internet","Internet",-0.00776992831379175
5,14078,"P_poverty","Poverty",0.00113571574911475
5,14078,"bias_w","Spatial bias",0.00297329900786281
5,14079,"P_age_00_14","Population 0-14",-0.00548080587759614
5,14079,"P_age_15_39","Population 15-39",-0.00396941928192973
5,14079,"P_read_write","Literacy",-0.00239603105001152
5,14079,"P_cell_phone","Cell phone",-0.00333197019062936
5,14079,"P_internet","Internet",-0.00571121647953987
5,14079,"P_poverty","Poverty",0.0027352652978152
5,14079,"bias_w","Spatial bias",-0.00586961815133691
5,14081,"P_age_00_14","Population 0-14",-0.00644148467108607
5,14081,"P_age_15_39","Population 15-39",0.0111888013780117
5,14081,"P_read_write","Literacy",-0.00268301973119378
5,14081,"P_cell_phone","Cell phone",-0.00345071777701378
5,14081,"P_internet","Internet",-0.0056118774227798
5,14081,"P_poverty","Poverty",0.000132812667288817
5,14081,"bias_w","Spatial bias",0.00357551244087517
5,14082,"P_age_00_14","Population 0-14",-0.00307534029707313
5,14082,"P_age_15_39","Population 15-39",-0.00370453903451562
5,14082,"P_read_write","Literacy",-0.00433640461415052
5,14082,"P_cell_phone","Cell phone",-0.00288080982863903
5,14082,"P_internet","Internet",-0.00640888139605522
5,14082,"P_poverty","Poverty",0.00312145776115358
5,14082,"bias_w","Spatial bias",-0.00536626391112804
5,14083,"P_age_00_14","Population 0-14",-0.00304181547835469
5,14083,"P_age_15_39","Population 15-39",-0.00440355576574802
5,14083,"P_read_write","Literacy",-0.00396422762423754
5,14083,"P_cell_phone","Cell phone",0.0127414520829916
5,14083,"P_internet","Internet",-0.00544824777171016
5,14083,"P_poverty","Poverty",-0.00473633641377091
5,14083,"bias_w","Spatial bias",-0.0267096143215895
5,14084,"P_age_00_14","Population 0-14",-0.00291274371556938
5,14084,"P_age_15_39","Population 15-39",0.00382176740095019
5,14084,"P_read_write","Literacy",-0.00285295653156936
5,14084,"P_cell_phone","Cell phone",-0.00135388073977083
5,14084,"P_internet","Internet",-0.00579243805259466
5,14084,"P_poverty","Poverty",0.00230366410687566
5,14084,"bias_w","Spatial bias",-0.0266596414148808
5,14085,"P_age_00_14","Population 0-14",-0.00433133542537689
5,14085,"P_age_15_39","Population 15-39",0.0100592160597444
5,14085,"P_read_write","Literacy",-0.00172816368285567
5,14085,"P_cell_phone","Cell phone",-0.00445653311908245
5,14085,"P_internet","Internet",-0.00929517671465874
5,14085,"P_poverty","Poverty",-0.0132935512810946
5,14085,"bias_w","Spatial bias",-0.00564262131229043
5,14086,"P_age_00_14","Population 0-14",0.013105820864439
5,14086,"P_age_15_39","Population 15-39",-0.00346493907272816
5,14086,"P_read_write","Literacy",-0.00217857677489519
5,14086,"P_cell_phone","Cell phone",-0.00320767494849861
5,14086,"P_internet","Internet",-0.0048207244835794
5,14086,"P_poverty","Poverty",0.00180091883521527
5,14086,"bias_w","Spatial bias",0.019768076017499
5,14087,"P_age_00_14","Population 0-14",-0.00430870801210403
5,14087,"P_age_15_39","Population 15-39",-0.00514815934002399
5,14087,"P_read_write","Literacy",-0.00220738304778934
5,14087,"P_cell_phone","Cell phone",-0.00379479979164898
5,14087,"P_internet","Internet",-0.00868315622210503
5,14087,"P_poverty","Poverty",0.0022977830376476
5,14087,"bias_w","Spatial bias",-0.00357283232733607
5,14088,"P_age_00_14","Population 0-14",-0.00289213168434799
5,14088,"P_age_15_39","Population 15-39",0.00401655351743102
5,14088,"P_read_write","Literacy",-0.00254807295277715
5,14088,"P_cell_phone","Cell phone",-0.00240017473697662
5,14088,"P_internet","Internet",-0.00296743889339268
5,14088,"P_poverty","Poverty",0.00119199312757701
5,14088,"bias_w","Spatial bias",0.0158699378371239
5,14089,"P_age_00_14","Population 0-14",-0.0032543377019465
5,14089,"P_age_15_39","Population 15-39",-0.00408740574494004
5,14089,"P_read_write","Literacy",-0.00397160416468978
5,14089,"P_cell_phone","Cell phone",-0.000487799028633162
5,14089,"P_internet","Internet",-0.00518636777997017
5,14089,"P_poverty","Poverty",0.00220417650416493
5,14089,"bias_w","Spatial bias",-0.000530206190887839
5,14090,"P_age_00_14","Population 0-14",-0.0035033649764955
5,14090,"P_age_15_39","Population 15-39",0.00540792848914862
5,14090,"P_read_write","Literacy",-0.00169762864243239
5,14090,"P_cell_phone","Cell phone",-0.0009731559548527
5,14090,"P_internet","Internet",-0.00477413833141327
5,14090,"P_poverty","Poverty",0.00113643973600119
5,14090,"bias_w","Spatial bias",0.0143393948674202
5,14091,"P_age_00_14","Population 0-14",-0.0030447996687144
5,14091,"P_age_15_39","Population 15-39",-0.00427429005503654
5,14091,"P_read_write","Literacy",-0.00221457565203309
5,14091,"P_cell_phone","Cell phone",-0.00431656884029508
5,14091,"P_internet","Internet",-0.00797550100833178
5,14091,"P_poverty","Poverty",0.00210513127967715
5,14091,"bias_w","Spatial bias",0.00796605087816715
5,14092,"P_age_00_14","Population 0-14",-0.00487931724637747
5,14092,"P_age_15_39","Population 15-39",0.00788017362356186
5,14092,"P_read_write","Literacy",-0.0023742790799588
5,14092,"P_cell_phone","Cell phone",-0.00351325399242342
5,14092,"P_internet","Internet",-0.00628369022160769
5,14092,"P_poverty","Poverty",0.00152176280971617
5,14092,"bias_w","Spatial bias",-0.00463464995846152
5,14093,"P_age_00_14","Population 0-14",-0.00397785753011703
5,14093,"P_age_15_39","Population 15-39",-0.00369293638505042
5,14093,"P_read_write","Literacy",-0.000997196417301893
5,14093,"P_cell_phone","Cell phone",0.0100997425615788
5,14093,"P_internet","Internet",-0.0059610502794385
5,14093,"P_poverty","Poverty",-0.00664968974888325
5,14093,"bias_w","Spatial bias",0.00270114140585065
5,14094,"P_age_00_14","Population 0-14",-0.00135243928525597
5,14094,"P_age_15_39","Population 15-39",-0.00321850180625916
5,14094,"P_read_write","Literacy",-0.00434478931128979
5,14094,"P_cell_phone","Cell phone",0.00245276372879744
5,14094,"P_internet","Internet",-0.00715390359982848
5,14094,"P_poverty","Poverty",0.00198746216483414
5,14094,"bias_w","Spatial bias",-0.0241550821810961
5,14095,"P_age_00_14","Population 0-14",-0.00422964477911592
5,14095,"P_age_15_39","Population 15-39",0.007803063839674
5,14095,"P_read_write","Literacy",-0.00159320421516895
5,14095,"P_cell_phone","Cell phone",-0.00423648860305548
5,14095,"P_internet","Internet",-0.00872866250574589
5,14095,"P_poverty","Poverty",-0.0148534392938018
5,14095,"bias_w","Spatial bias",-0.0271481312811375
5,14096,"P_age_00_14","Population 0-14",-0.000580680090934038
5,14096,"P_age_15_39","Population 15-39",0.00636441959068179
5,14096,"P_read_write","Literacy",-0.00107989250682294
5,14096,"P_cell_phone","Cell phone",-0.00313413538970053
5,14096,"P_internet","Internet",-0.00912102777510881
5,14096,"P_poverty","Poverty",0.00272628432139754
5,14096,"bias_w","Spatial bias",-0.0181366074830294
5,14097,"P_age_00_14","Population 0-14",0.00560942245647311
5,14097,"P_age_15_39","Population 15-39",-0.00660062814131379
5,14097,"P_read_write","Literacy",-0.00649688020348549
5,14097,"P_cell_phone","Cell phone",0.00550810620188713
5,14097,"P_internet","Internet",-0.0017256592400372
5,14097,"P_poverty","Poverty",-0.0028666511643678
5,14097,"bias_w","Spatial bias",-0.00973778311163187
5,14098,"P_age_00_14","Population 0-14",-0.00475269183516502
5,14098,"P_age_15_39","Population 15-39",-0.00367984687909484
5,14098,"P_read_write","Literacy",-0.00435956660658121
5,14098,"P_cell_phone","Cell phone",0.0118524003773928
5,14098,"P_internet","Internet",-0.00430533196777105
5,14098,"P_poverty","Poverty",-0.00633459584787488
5,14098,"bias_w","Spatial bias",-0.00776182254776359
5,14099,"P_age_00_14","Population 0-14",0.0124126300215721
5,14099,"P_age_15_39","Population 15-39",-0.00378193729557097
5,14099,"P_read_write","Literacy",0.00484774820506573
5,14099,"P_cell_phone","Cell phone",-0.000725699414033443
5,14099,"P_internet","Internet",0.00135624106042087
5,14099,"P_poverty","Poverty",0.00196527317166328
5,14099,"bias_w","Spatial bias",-0.00614289427176118
5,14100,"P_age_00_14","Population 0-14",0.00182913045864552
5,14100,"P_age_15_39","Population 15-39",0.0037587471306324
5,14100,"P_read_write","Literacy",-0.00192254956346005
5,14100,"P_cell_phone","Cell phone",-0.00277717923745513
5,14100,"P_internet","Internet",0.000108768152131233
5,14100,"P_poverty","Poverty",0.00184171821456403
5,14100,"bias_w","Spatial bias",-0.0064458935521543
5,14101,"P_age_00_14","Population 0-14",-0.00349713396281004
5,14101,"P_age_15_39","Population 15-39",-0.00331024592742324
5,14101,"P_read_write","Literacy",-0.00568215409293771
5,14101,"P_cell_phone","Cell phone",0.0039483830332756
5,14101,"P_internet","Internet",-0.0036767004057765
5,14101,"P_poverty","Poverty",0.00147797761019319
5,14101,"bias_w","Spatial bias",-0.0093670291826129
5,14102,"P_age_00_14","Population 0-14",-0.00519704073667526
5,14102,"P_age_15_39","Population 15-39",-0.00414858339354396
5,14102,"P_read_write","Literacy",-0.000324438587995246
5,14102,"P_cell_phone","Cell phone",0.0105810677632689
5,14102,"P_internet","Internet",-0.00548681290820241
5,14102,"P_poverty","Poverty",-0.00455081555992365
5,14102,"bias_w","Spatial bias",0.00392532162368298
5,14103,"P_age_00_14","Population 0-14",-0.00513972202315927
5,14103,"P_age_15_39","Population 15-39",0.0127749061211944
5,14103,"P_read_write","Literacy",0.000628492678515613
5,14103,"P_cell_phone","Cell phone",-0.0104817971587181
5,14103,"P_internet","Internet",-0.00502330111339688
5,14103,"P_poverty","Poverty",-0.0146980164572597
5,14103,"bias_w","Spatial bias",-0.0598981939256191
5,14104,"P_age_00_14","Population 0-14",-0.00357708497904241
5,14104,"P_age_15_39","Population 15-39",0.016336252912879
5,14104,"P_read_write","Literacy",-0.00221715727820992
5,14104,"P_cell_phone","Cell phone",-0.00198235851712525
5,14104,"P_internet","Internet",-0.00807455088943243
5,14104,"P_poverty","Poverty",0.000750249717384577
5,14104,"bias_w","Spatial bias",0.00568327028304338
5,14105,"P_age_00_14","Population 0-14",-0.00248535419814289
5,14105,"P_age_15_39","Population 15-39",-0.00317535805515945
5,14105,"P_read_write","Literacy",-0.000431793567258865
5,14105,"P_cell_phone","Cell phone",0.00111319159623235
5,14105,"P_internet","Internet",-0.00326913641765714
5,14105,"P_poverty","Poverty",0.0017713358392939
5,14105,"bias_w","Spatial bias",0.0041954186744988
5,14106,"P_age_00_14","Population 0-14",-0.00299858534708619
5,14106,"P_age_15_39","Population 15-39",-0.00563529599457979
5,14106,"P_read_write","Literacy",0.00427428726106882
5,14106,"P_cell_phone","Cell phone",-0.00105058110784739
5,14106,"P_internet","Internet",-0.00435409881174564
5,14106,"P_poverty","Poverty",0.00149396597407758
5,14106,"bias_w","Spatial bias",0.0193380303680897
5,14107,"P_age_00_14","Population 0-14",0.00667169131338596
5,14107,"P_age_15_39","Population 15-39",0.00293902261182666
5,14107,"P_read_write","Literacy",-0.00144828739576042
5,14107,"P_cell_phone","Cell phone",-0.00259256293065846
5,14107,"P_internet","Internet",-0.00910685025155544
5,14107,"P_poverty","Poverty",0.00126871722750366
5,14107,"bias_w","Spatial bias",-0.0033352414611727
5,14108,"P_age_00_14","Population 0-14",-0.00438093580305576
5,14108,"P_age_15_39","Population 15-39",-0.00479898927733302
5,14108,"P_read_write","Literacy",-0.00352598493918777
5,14108,"P_cell_phone","Cell phone",0.00346546596847475
5,14108,"P_internet","Internet",-0.00790334120392799
5,14108,"P_poverty","Poverty",0.00257903710007668
5,14108,"bias_w","Spatial bias",-0.0278873182833195
5,14109,"P_age_00_14","Population 0-14",-0.00480509968474507
5,14109,"P_age_15_39","Population 15-39",-0.0123310629278421
5,14109,"P_read_write","Literacy",-0.0110240643844008
5,14109,"P_cell_phone","Cell phone",-0.00811032485216856
5,14109,"P_internet","Internet",-0.00886994134634733
5,14109,"P_poverty","Poverty",-0.0159826595336199
5,14109,"bias_w","Spatial bias",-0.0438572466373444
5,14110,"P_age_00_14","Population 0-14",-0.00241106166504323
5,14110,"P_age_15_39","Population 15-39",0.00411633355543017
5,14110,"P_read_write","Literacy",-0.00138731650076807
5,14110,"P_cell_phone","Cell phone",-0.00294146384112537
5,14110,"P_internet","Internet",-0.00601148791611195
5,14110,"P_poverty","Poverty",0.00143021554686129
5,14110,"bias_w","Spatial bias",0.0167149864137173
5,14111,"P_age_00_14","Population 0-14",-0.0033804695121944
5,14111,"P_age_15_39","Population 15-39",-0.00390583486296237
5,14111,"P_read_write","Literacy",-1.07431023934623e-05
5,14111,"P_cell_phone","Cell phone",0.0117703191936016
5,14111,"P_internet","Internet",-0.00670592812821269
5,14111,"P_poverty","Poverty",-0.00517275789752603
5,14111,"bias_w","Spatial bias",-0.00777678471058607
5,14112,"P_age_00_14","Population 0-14",-0.00415973411872983
5,14112,"P_age_15_39","Population 15-39",0.00792971067130566
5,14112,"P_read_write","Literacy",-0.00155271030962467
5,14112,"P_cell_phone","Cell phone",-0.00176457932684571
5,14112,"P_internet","Internet",-0.00934913009405136
5,14112,"P_poverty","Poverty",0.00182320433668792
5,14112,"bias_w","Spatial bias",-0.0237142685800791
5,14113,"P_age_00_14","Population 0-14",-0.00260605150833726
5,14113,"P_age_15_39","Population 15-39",-0.0048000137321651
5,14113,"P_read_write","Literacy",-0.00251569924876094
5,14113,"P_cell_phone","Cell phone",-0.00356031814590096
5,14113,"P_internet","Internet",-0.00014525126607623
5,14113,"P_poverty","Poverty",0.00242199655622244
5,14113,"bias_w","Spatial bias",0.0153639605268836
5,14114,"P_age_00_14","Population 0-14",-0.00317513733170927
5,14114,"P_age_15_39","Population 15-39",-0.00436003739014268
5,14114,"P_read_write","Literacy",-0.00163839641027153
5,14114,"P_cell_phone","Cell phone",-0.0013419755268842
5,14114,"P_internet","Internet",-0.0069684274494648
5,14114,"P_poverty","Poverty",0.00233376096002758
5,14114,"bias_w","Spatial bias",0.00486252037808299
5,14115,"P_age_00_14","Population 0-14",0.00684372149407864
5,14115,"P_age_15_39","Population 15-39",0.00423552608117461
5,14115,"P_read_write","Literacy",0.000359486439265311
5,14115,"P_cell_phone","Cell phone",-0.00302784610539675
5,14115,"P_internet","Internet",-0.00817671418190002
5,14115,"P_poverty","Poverty",0.000512614380568266
5,14115,"bias_w","Spatial bias",0.00497376546263695
5,14116,"P_age_00_14","Population 0-14",-0.00104678317438811
5,14116,"P_age_15_39","Population 15-39",-0.00350467674434185
5,14116,"P_read_write","Literacy",-0.00287020625546575
5,14116,"P_cell_phone","Cell phone",-0.00303195253945887
5,14116,"P_internet","Internet",-0.00681044580414891
5,14116,"P_poverty","Poverty",0.00185154669452459
5,14116,"bias_w","Spatial bias",0.00838232319802046
5,14117,"P_age_00_14","Population 0-14",-0.00425590807572007
5,14117,"P_age_15_39","Population 15-39",0.00715529778972268
5,14117,"P_read_write","Literacy",-0.00245466525666416
5,14117,"P_cell_phone","Cell phone",-0.00457247206941247
5,14117,"P_internet","Internet",-0.00511908391490579
5,14117,"P_poverty","Poverty",-0.00820673629641533
5,14117,"bias_w","Spatial bias",-0.00578979821875691
5,14118,"P_age_00_14","Population 0-14",-0.00362890004180372
5,14118,"P_age_15_39","Population 15-39",0.0064278063364327
5,14118,"P_read_write","Literacy",-0.00252280104905367
5,14118,"P_cell_phone","Cell phone",-0.00273996591567993
5,14118,"P_internet","Internet",-0.00614243699237704
5,14118,"P_poverty","Poverty",0.0013631226029247
5,14118,"bias_w","Spatial bias",-0.00412781536579132
5,14119,"P_age_00_14","Population 0-14",-0.00315439910627902
5,14119,"P_age_15_39","Population 15-39",-0.0038563353009522
5,14119,"P_read_write","Literacy",-0.00365503667853773
5,14119,"P_cell_phone","Cell phone",-0.00247854040935636
5,14119,"P_internet","Internet",-0.00678377645090222
5,14119,"P_poverty","Poverty",0.00236624642275274
5,14119,"bias_w","Spatial bias",0.00613292027264833
5,14120,"P_age_00_14","Population 0-14",-0.00505795795470476
5,14120,"P_age_15_39","Population 15-39",-0.00351655413396657
5,14120,"P_read_write","Literacy",-0.00573344621807337
5,14120,"P_cell_phone","Cell phone",0.0103666093200445
5,14120,"P_internet","Internet",-0.00445581739768386
5,14120,"P_poverty","Poverty",-0.00356066413223743
5,14120,"bias_w","Spatial bias",-0.0323796346783638
5,14121,"P_age_00_14","Population 0-14",-0.00426648510619998
5,14121,"P_age_15_39","Population 15-39",-0.0058504338376224
5,14121,"P_read_write","Literacy",-0.00473602861166
5,14121,"P_cell_phone","Cell phone",-0.00347445975057781
5,14121,"P_internet","Internet",-0.00790255516767502
5,14121,"P_poverty","Poverty",0.00220042187720537
5,14121,"bias_w","Spatial bias",-0.0262692235410213
5,14122,"P_age_00_14","Population 0-14",-0.00127918552607298
5,14122,"P_age_15_39","Population 15-39",-0.00614982517436147
5,14122,"P_read_write","Literacy",-0.00121587910689414
5,14122,"P_cell_phone","Cell phone",-0.00118423043750226
5,14122,"P_internet","Internet",0.00638156151399016
5,14122,"P_poverty","Poverty",0.00286786537617445
5,14122,"bias_w","Spatial bias",-0.0263416115194559
5,14123,"P_age_00_14","Population 0-14",-0.00478360988199711
5,14123,"P_age_15_39","Population 15-39",-0.00600726483389735
5,14123,"P_read_write","Literacy",-0.00259315967559814
5,14123,"P_cell_phone","Cell phone",-0.00397496810182929
5,14123,"P_internet","Internet",0.00058434612583369
5,14123,"P_poverty","Poverty",0.00215881923213601
5,14123,"bias_w","Spatial bias",-0.00567760551348329
5,14124,"P_age_00_14","Population 0-14",-0.00415798183530569
5,14124,"P_age_15_39","Population 15-39",-0.0042081749998033
5,14124,"P_read_write","Literacy",-0.001971619669348
5,14124,"P_cell_phone","Cell phone",0.00524315424263477
5,14124,"P_internet","Internet",-0.00655908230692148
5,14124,"P_poverty","Poverty",0.00188348116353154
5,14124,"bias_w","Spatial bias",-0.0287341251969337
5,14125,"P_age_00_14","Population 0-14",0.00850602053105831
5,14125,"P_age_15_39","Population 15-39",-0.00198531826026738
5,14125,"P_read_write","Literacy",-0.00166789628565311
5,14125,"P_cell_phone","Cell phone",0.00307794264517725
5,14125,"P_internet","Internet",-0.0060435589402914
5,14125,"P_poverty","Poverty",0.000828884192742407
5,14125,"bias_w","Spatial bias",-0.00447946693748236
5,15105,"P_age_00_14","Population 0-14",0.0071790311485529
5,15105,"P_age_15_39","Population 15-39",0.00403488613665104
5,15105,"P_read_write","Literacy",0.00397423002868891
5,15105,"P_cell_phone","Cell phone",-0.000421443372033536
5,15105,"P_internet","Internet",0.00553080486133695
5,15105,"P_poverty","Poverty",0.00134687207173556
5,15105,"bias_w","Spatial bias",0.0160628724843264
5,16001,"P_age_00_14","Population 0-14",-0.004106180742383
5,16001,"P_age_15_39","Population 15-39",-0.00598047999665141
5,16001,"P_read_write","Literacy",-0.00243601808324456
5,16001,"P_cell_phone","Cell phone",-0.0029604253359139
5,16001,"P_internet","Internet",0.00026769467513077
5,16001,"P_poverty","Poverty",0.00331339985132217
5,16001,"bias_w","Spatial bias",-0.0371815152466297
5,16002,"P_age_00_14","Population 0-14",0.0069323917850852
5,16002,"P_age_15_39","Population 15-39",0.00338876224122941
5,16002,"P_read_write","Literacy",0.00431655766442418
5,16002,"P_cell_phone","Cell phone",-0.00262611545622349
5,16002,"P_internet","Internet",-0.00864346046000719
5,16002,"P_poverty","Poverty",0.00130596396047622
5,16002,"bias_w","Spatial bias",0.0175026673823595
5,16004,"P_age_00_14","Population 0-14",-0.00358021468855441
5,16004,"P_age_15_39","Population 15-39",0.00372477318160236
5,16004,"P_read_write","Literacy",-0.00138620159123093
5,16004,"P_cell_phone","Cell phone",-0.000658839475363493
5,16004,"P_internet","Internet",0.000408321124268696
5,16004,"P_poverty","Poverty",0.000916091958060861
5,16004,"bias_w","Spatial bias",0.0175439417362213
5,16006,"P_age_00_14","Population 0-14",0.00713067082688212
5,16006,"P_age_15_39","Population 15-39",-0.00192018272355199
5,16006,"P_read_write","Literacy",-0.000295405712677166
5,16006,"P_cell_phone","Cell phone",0.00253916322253644
5,16006,"P_internet","Internet",-0.00931412354111671
5,16006,"P_poverty","Poverty",0.000995301408693194
5,16006,"bias_w","Spatial bias",0.0141445137560368
5,16008,"P_age_00_14","Population 0-14",0.0118619659915566
5,16008,"P_age_15_39","Population 15-39",-0.00123315455857664
5,16008,"P_read_write","Literacy",0.00646693864837289
5,16008,"P_cell_phone","Cell phone",-0.0011752579594031
5,16008,"P_internet","Internet",0.00230212812311947
5,16008,"P_poverty","Poverty",0.00112801045179367
5,16008,"bias_w","Spatial bias",0.023186894133687
5,16009,"P_age_00_14","Population 0-14",0.00948276650160551
5,16009,"P_age_15_39","Population 15-39",-0.00331729673780501
5,16009,"P_read_write","Literacy",0.000333771866280586
5,16009,"P_cell_phone","Cell phone",-0.000920808350201696
5,16009,"P_internet","Internet",-0.0065934993326664
5,16009,"P_poverty","Poverty",0.00265030656009912
5,16009,"bias_w","Spatial bias",-0.00636158138513565
5,16010,"P_age_00_14","Population 0-14",-0.00200404319912195
5,16010,"P_age_15_39","Population 15-39",-0.00236296840012074
5,16010,"P_read_write","Literacy",0.00364711135625839
5,16010,"P_cell_phone","Cell phone",-0.00279650697484612
5,16010,"P_internet","Internet",0.00291482592001557
5,16010,"P_poverty","Poverty",0.00193823408335447
5,16010,"bias_w","Spatial bias",0.0171196777373552
5,16011,"P_age_00_14","Population 0-14",-0.00256562000140548
5,16011,"P_age_15_39","Population 15-39",-0.00452660769224167
5,16011,"P_read_write","Literacy",8.41711516841315e-05
5,16011,"P_cell_phone","Cell phone",-0.00187323079444468
5,16011,"P_internet","Internet",-0.00787496194243431
5,16011,"P_poverty","Poverty",0.00345636648125947
5,16011,"bias_w","Spatial bias",-0.0297598019242287
5,16012,"P_age_00_14","Population 0-14",0.00838379934430122
5,16012,"P_age_15_39","Population 15-39",-0.00207358854822814
5,16012,"P_read_write","Literacy",0.00404721591621637
5,16012,"P_cell_phone","Cell phone",0.00298544391989708
5,16012,"P_internet","Internet",-0.00559776602312922
5,16012,"P_poverty","Poverty",0.000700311153195798
5,16012,"bias_w","Spatial bias",0.00595197454094887
5,16014,"P_age_00_14","Population 0-14",0.00841391365975142
5,16014,"P_age_15_39","Population 15-39",-0.00267051113769412
5,16014,"P_read_write","Literacy",0.00408548582345247
5,16014,"P_cell_phone","Cell phone",-0.00311235501430929
5,16014,"P_internet","Internet",-0.00365144480019808
5,16014,"P_poverty","Poverty",0.00196724873967469
5,16014,"bias_w","Spatial bias",-0.0064776549115777
5,16015,"P_age_00_14","Population 0-14",0.00718108378350735
5,16015,"P_age_15_39","Population 15-39",-0.0030603907071054
5,16015,"P_read_write","Literacy",0.00314338668249547
5,16015,"P_cell_phone","Cell phone",-0.00306215579621494
5,16015,"P_internet","Internet",-0.0120452158153057
5,16015,"P_poverty","Poverty",0.00164715806022286
5,16015,"bias_w","Spatial bias",0.0188020225614309
5,16016,"P_age_00_14","Population 0-14",-0.00569378444924951
5,16016,"P_age_15_39","Population 15-39",0.00483400234952569
5,16016,"P_read_write","Literacy",0.00351975788362324
5,16016,"P_cell_phone","Cell phone",-0.000733328459318727
5,16016,"P_internet","Internet",0.00196812301874161
5,16016,"P_poverty","Poverty",0.000964079576078802
5,16016,"bias_w","Spatial bias",0.0050660721026361
5,16019,"P_age_00_14","Population 0-14",-0.00263423705473542
5,16019,"P_age_15_39","Population 15-39",0.004879888612777
5,16019,"P_read_write","Literacy",0.00353155191987753
5,16019,"P_cell_phone","Cell phone",-0.000609939685091376
5,16019,"P_internet","Internet",-0.00720324227586389
5,16019,"P_poverty","Poverty",0.00191135192289948
5,16019,"bias_w","Spatial bias",-0.0231674704700708
5,16021,"P_age_00_14","Population 0-14",-0.0026001175865531
5,16021,"P_age_15_39","Population 15-39",-0.00210942653939128
5,16021,"P_read_write","Literacy",0.0072622480802238
5,16021,"P_cell_phone","Cell phone",-0.00149063405115157
5,16021,"P_internet","Internet",0.00568936485797167
5,16021,"P_poverty","Poverty",0.00242419890128076
5,16021,"bias_w","Spatial bias",0.0133230518549681
5,16023,"P_age_00_14","Population 0-14",-0.00421200785785913
5,16023,"P_age_15_39","Population 15-39",0.00378539296798408
5,16023,"P_read_write","Literacy",0.0021456521935761
5,16023,"P_cell_phone","Cell phone",-0.00140725204255432
5,16023,"P_internet","Internet",-0.00922400504350662
5,16023,"P_poverty","Poverty",0.00059605308342725
5,16023,"bias_w","Spatial bias",0.00435589347034693
5,16024,"P_age_00_14","Population 0-14",0.0134828463196754
5,16024,"P_age_15_39","Population 15-39",-0.00127297535073012
5,16024,"P_read_write","Literacy",0.00421933364123106
5,16024,"P_cell_phone","Cell phone",-0.00120885309297591
5,16024,"P_internet","Internet",0.00573318405076861
5,16024,"P_poverty","Poverty",0.00241473107598722
5,16024,"bias_w","Spatial bias",0.0189328510314226
5,16025,"P_age_00_14","Population 0-14",0.00751731172204018
5,16025,"P_age_15_39","Population 15-39",-0.00182657886762172
5,16025,"P_read_write","Literacy",0.00393650447949767
5,16025,"P_cell_phone","Cell phone",-0.00162561016622931
5,16025,"P_internet","Internet",0.0022601296659559
5,16025,"P_poverty","Poverty",0.00156763545237482
5,16025,"bias_w","Spatial bias",0.00973534025251865
5,16026,"P_age_00_14","Population 0-14",0.00862130243331194
5,16026,"P_age_15_39","Population 15-39",0.00391646241769195
5,16026,"P_read_write","Literacy",0.00303988484665751
5,16026,"P_cell_phone","Cell phone",-0.0008614735561423
5,16026,"P_internet","Internet",-0.0140885272994637
5,16026,"P_poverty","Poverty",0.00088606437202543
5,16026,"bias_w","Spatial bias",-0.000937793694902211
5,16027,"P_age_00_14","Population 0-14",-0.00947775132954121
5,16027,"P_age_15_39","Population 15-39",-0.00212502107024193
5,16027,"P_read_write","Literacy",0.00326841860078275
5,16027,"P_cell_phone","Cell phone",-0.00162730098236352
5,16027,"P_internet","Internet",0.00475830631330609
5,16027,"P_poverty","Poverty",2.82629480352625e-05
5,16027,"bias_w","Spatial bias",0.00335341575555503
5,16028,"P_age_00_14","Population 0-14",-0.00686398195102811
5,16028,"P_age_15_39","Population 15-39",0.0167428273707628
5,16028,"P_read_write","Literacy",-0.00228841905482113
5,16028,"P_cell_phone","Cell phone",-0.00243424298241735
5,16028,"P_internet","Internet",-0.00642564939334989
5,16028,"P_poverty","Poverty",0.00194992125034332
5,16028,"bias_w","Spatial bias",-0.0248503778129816
5,16029,"P_age_00_14","Population 0-14",0.00792544241994619
5,16029,"P_age_15_39","Population 15-39",0.00367558794096112
5,16029,"P_read_write","Literacy",0.00694868713617325
5,16029,"P_cell_phone","Cell phone",-0.00090615072986111
5,16029,"P_internet","Internet",-0.011401928961277
5,16029,"P_poverty","Poverty",0.00138189911376685
5,16029,"bias_w","Spatial bias",0.0261217411607504
5,16030,"P_age_00_14","Population 0-14",-0.00942099746316671
5,16030,"P_age_15_39","Population 15-39",-0.00227204686962068
5,16030,"P_read_write","Literacy",0.000342459767125547
5,16030,"P_cell_phone","Cell phone",-0.00253562140278518
5,16030,"P_internet","Internet",-0.00637765089049935
5,16030,"P_poverty","Poverty",0.000116286973934621
5,16030,"bias_w","Spatial bias",0.0174447055906057
5,16032,"P_age_00_14","Population 0-14",-0.00267369556240737
5,16032,"P_age_15_39","Population 15-39",-0.00213617784902453
5,16032,"P_read_write","Literacy",-0.00148780038580298
5,16032,"P_cell_phone","Cell phone",-0.00114288809709251
5,16032,"P_internet","Internet",0.00557014299556613
5,16032,"P_poverty","Poverty",0.00286202481947839
5,16032,"bias_w","Spatial bias",0.00627310015261173
5,16033,"P_age_00_14","Population 0-14",0.00104099849704653
5,16033,"P_age_15_39","Population 15-39",-0.00240754033438861
5,16033,"P_read_write","Literacy",0.00386334536597133
5,16033,"P_cell_phone","Cell phone",0.00268097687512636
5,16033,"P_internet","Internet",0.000238890221226029
5,16033,"P_poverty","Poverty",0.00121511705219746
5,16033,"bias_w","Spatial bias",-0.00839876849204302
5,16035,"P_age_00_14","Population 0-14",0.00778531190007925
5,16035,"P_age_15_39","Population 15-39",0.00315462006255984
5,16035,"P_read_write","Literacy",0.00376642774790525
5,16035,"P_cell_phone","Cell phone",-0.000912809802684933
5,16035,"P_internet","Internet",0.00242888671346009
5,16035,"P_poverty","Poverty",0.00156138616148382
5,16035,"bias_w","Spatial bias",0.00730060413479805
5,16036,"P_age_00_14","Population 0-14",-0.00254559889435768
5,16036,"P_age_15_39","Population 15-39",0.0055402684956789
5,16036,"P_read_write","Literacy",0.0023491233587265
5,16036,"P_cell_phone","Cell phone",-0.00157327088527381
5,16036,"P_internet","Internet",-0.0050856014713645
5,16036,"P_poverty","Poverty",0.00170650309883058
5,16036,"bias_w","Spatial bias",-0.0207805894315243
5,16037,"P_age_00_14","Population 0-14",-0.00747038330882788
5,16037,"P_age_15_39","Population 15-39",0.0220618434250355
5,16037,"P_read_write","Literacy",0.00362888281233609
5,16037,"P_cell_phone","Cell phone",-0.00209156889468431
5,16037,"P_internet","Internet",0.00561158079653978
5,16037,"P_poverty","Poverty",0.00114652025513351
5,16037,"bias_w","Spatial bias",-0.00731096742674708
5,16039,"P_age_00_14","Population 0-14",0.0110532119870186
5,16039,"P_age_15_39","Population 15-39",-0.00298379245214164
5,16039,"P_read_write","Literacy",-0.00160587183199823
5,16039,"P_cell_phone","Cell phone",-0.00306255836039782
5,16039,"P_internet","Internet",0.00581351481378078
5,16039,"P_poverty","Poverty",0.0028268292080611
5,16039,"bias_w","Spatial bias",-0.0212892889976501
5,16042,"P_age_00_14","Population 0-14",-0.00259062019176781
5,16042,"P_age_15_39","Population 15-39",0.0061366455629468
5,16042,"P_read_write","Literacy",0.00426440499722958
5,16042,"P_cell_phone","Cell phone",-0.00302744354121387
5,16042,"P_internet","Internet",-0.00608625449240208
5,16042,"P_poverty","Poverty",0.00145989749580622
5,16042,"bias_w","Spatial bias",-0.00449463445693254
5,16043,"P_age_00_14","Population 0-14",-0.000389008084312081
5,16043,"P_age_15_39","Population 15-39",-0.00209301081486046
5,16043,"P_read_write","Literacy",-0.00649232044816017
5,16043,"P_cell_phone","Cell phone",-0.0018224079394713
5,16043,"P_internet","Internet",-0.00674203410744667
5,16043,"P_poverty","Poverty",0.00222270027734339
5,16043,"bias_w","Spatial bias",-0.00354037364013493
5,16044,"P_age_00_14","Population 0-14",-0.00457262527197599
5,16044,"P_age_15_39","Population 15-39",0.00563014857470989
5,16044,"P_read_write","Literacy",-0.00186412909533828
5,16044,"P_cell_phone","Cell phone",-0.00138691463507712
5,16044,"P_internet","Internet",-0.00358967250213027
5,16044,"P_poverty","Poverty",0.00101266801357269
5,16044,"bias_w","Spatial bias",0.0159427858889103
5,16045,"P_age_00_14","Population 0-14",-0.00346796936355531
5,16045,"P_age_15_39","Population 15-39",-0.00389405316673219
5,16045,"P_read_write","Literacy",-0.0011177237611264
5,16045,"P_cell_phone","Cell phone",-0.00347583508118987
5,16045,"P_internet","Internet",-0.0071014859713614
5,16045,"P_poverty","Poverty",0.0041177598759532
5,16045,"bias_w","Spatial bias",-0.0236344691365957
5,16048,"P_age_00_14","Population 0-14",-0.00384625932201743
5,16048,"P_age_15_39","Population 15-39",-0.00455328356474638
5,16048,"P_read_write","Literacy",0.00421437993645668
5,16048,"P_cell_phone","Cell phone",-0.00146491127088666
5,16048,"P_internet","Internet",0.00422300724312663
5,16048,"P_poverty","Poverty",0.00217332039028406
5,16048,"bias_w","Spatial bias",-0.0119966464117169
5,16051,"P_age_00_14","Population 0-14",-0.0031220072414726
5,16051,"P_age_15_39","Population 15-39",-0.00319619197398424
5,16051,"P_read_write","Literacy",-0.000177466732566245
5,16051,"P_cell_phone","Cell phone",-0.00146818568464369
5,16051,"P_internet","Internet",-0.00662474660202861
5,16051,"P_poverty","Poverty",0.00336713879369199
5,16051,"bias_w","Spatial bias",-0.0243149772286415
5,16052,"P_age_00_14","Population 0-14",-0.0034226446878165
5,16052,"P_age_15_39","Population 15-39",-0.0037245168350637
5,16052,"P_read_write","Literacy",-0.00183715601451695
5,16052,"P_cell_phone","Cell phone",0.0110301561653614
5,16052,"P_internet","Internet",-0.00585644645616412
5,16052,"P_poverty","Poverty",-0.0100496001541615
5,16052,"bias_w","Spatial bias",0.015730818733573
5,16053,"P_age_00_14","Population 0-14",-0.00438372371718287
5,16053,"P_age_15_39","Population 15-39",-0.00350353540852666
5,16053,"P_read_write","Literacy",-0.00314441579394042
5,16053,"P_cell_phone","Cell phone",0.0135823916643858
5,16053,"P_internet","Internet",-0.00410206569358706
5,16053,"P_poverty","Poverty",-0.00418519834056497
5,16053,"bias_w","Spatial bias",-0.0255351215600967
5,16054,"P_age_00_14","Population 0-14",-0.00703365681692958
5,16054,"P_age_15_39","Population 15-39",0.00634238868951797
5,16054,"P_read_write","Literacy",0.00365446391515434
5,16054,"P_cell_phone","Cell phone",-0.00130890554282814
5,16054,"P_internet","Internet",0.000292488199193031
5,16054,"P_poverty","Poverty",0.000813092570751905
5,16054,"bias_w","Spatial bias",-0.00600793911144137
5,16055,"P_age_00_14","Population 0-14",0.00710500590503216
5,16055,"P_age_15_39","Population 15-39",-0.00222305883653462
5,16055,"P_read_write","Literacy",0.00395202403888106
5,16055,"P_cell_phone","Cell phone",-0.00121225486509502
5,16055,"P_internet","Internet",-0.00551872933283448
5,16055,"P_poverty","Poverty",0.00137647252995521
5,16055,"bias_w","Spatial bias",0.00936697144061327
5,16056,"P_age_00_14","Population 0-14",0.0127607667818666
5,16056,"P_age_15_39","Population 15-39",-0.00175560475327075
5,16056,"P_read_write","Literacy",0.00686109904199839
5,16056,"P_cell_phone","Cell phone",-0.00157492177095264
5,16056,"P_internet","Internet",0.00629232125356793
5,16056,"P_poverty","Poverty",0.00177922390867025
5,16056,"bias_w","Spatial bias",0.028239419683814
5,16058,"P_age_00_14","Population 0-14",0.0114393597468734
5,16058,"P_age_15_39","Population 15-39",-0.00320786843076348
5,16058,"P_read_write","Literacy",-0.000285429763607681
5,16058,"P_cell_phone","Cell phone",-0.00168308545835316
5,16058,"P_internet","Internet",-0.00465562753379345
5,16058,"P_poverty","Poverty",0.00176916574127972
5,16058,"bias_w","Spatial bias",0.0066405925899744
5,16059,"P_age_00_14","Population 0-14",-0.00342221464961767
5,16059,"P_age_15_39","Population 15-39",-0.00422627246007323
5,16059,"P_read_write","Literacy",0.00465787807479501
5,16059,"P_cell_phone","Cell phone",-0.00300316303037107
5,16059,"P_internet","Internet",0.00549934012815356
5,16059,"P_poverty","Poverty",0.00113853998482227
5,16059,"bias_w","Spatial bias",0.00980074051767588
5,16062,"P_age_00_14","Population 0-14",0.00854795705527067
5,16062,"P_age_15_39","Population 15-39",-0.00269698398187757
5,16062,"P_read_write","Literacy",0.0043143886141479
5,16062,"P_cell_phone","Cell phone",-0.00347994593903422
5,16062,"P_internet","Internet",-0.00857928395271301
5,16062,"P_poverty","Poverty",0.00219823117367923
5,16062,"bias_w","Spatial bias",-0.00567023456096649
5,16063,"P_age_00_14","Population 0-14",-0.00345330382697284
5,16063,"P_age_15_39","Population 15-39",0.00323599157854915
5,16063,"P_read_write","Literacy",0.00385072873905301
5,16063,"P_cell_phone","Cell phone",-0.000579917046707124
5,16063,"P_internet","Internet",0.00381079479120672
5,16063,"P_poverty","Poverty",0.000784270698204637
5,16063,"bias_w","Spatial bias",0.0159509144723415
5,16064,"P_age_00_14","Population 0-14",0.00794194173067808
5,16064,"P_age_15_39","Population 15-39",-0.00259521044790745
5,16064,"P_read_write","Literacy",0.00404500961303711
5,16064,"P_cell_phone","Cell phone",-0.00316563085652888
5,16064,"P_internet","Internet",-0.00807734858244658
5,16064,"P_poverty","Poverty",0.00163270975463092
5,16064,"bias_w","Spatial bias",0.0210542809218168
5,16065,"P_age_00_14","Population 0-14",-0.00139764486812055
5,16065,"P_age_15_39","Population 15-39",-0.00187129608821124
5,16065,"P_read_write","Literacy",0.00238183769397438
5,16065,"P_cell_phone","Cell phone",-0.00135217956267297
5,16065,"P_internet","Internet",-0.00171875732485205
5,16065,"P_poverty","Poverty",0.00274285231716931
5,16065,"bias_w","Spatial bias",0.0176074244081974
5,16066,"P_age_00_14","Population 0-14",-0.00084243225865066
5,16066,"P_age_15_39","Population 15-39",-0.00187343975994736
5,16066,"P_read_write","Literacy",-0.0014036176726222
5,16066,"P_cell_phone","Cell phone",-0.00188618863467127
5,16066,"P_internet","Internet",-0.00755794811993837
5,16066,"P_poverty","Poverty",0.00285800127312541
5,16066,"bias_w","Spatial bias",0.00795523449778557
5,16067,"P_age_00_14","Population 0-14",-0.00472380639985204
5,16067,"P_age_15_39","Population 15-39",0.00600355630740523
5,16067,"P_read_write","Literacy",0.00200580060482025
5,16067,"P_cell_phone","Cell phone",-0.00150121212936938
5,16067,"P_internet","Internet",0.00306158559396863
5,16067,"P_poverty","Poverty",0.000883497064933181
5,16067,"bias_w","Spatial bias",-0.00440349709242582
5,16068,"P_age_00_14","Population 0-14",0.0101212030276656
5,16068,"P_age_15_39","Population 15-39",-0.0065650618635118
5,16068,"P_read_write","Literacy",-0.00205387966707349
5,16068,"P_cell_phone","Cell phone",-0.00687425350770354
5,16068,"P_internet","Internet",-0.00738091394305229
5,16068,"P_poverty","Poverty",-0.0115321921184659
5,16068,"bias_w","Spatial bias",-0.00794071238487959
5,16069,"P_age_00_14","Population 0-14",-0.00313144247047603
5,16069,"P_age_15_39","Population 15-39",-0.00396843627095222
5,16069,"P_read_write","Literacy",0.00062018318567425
5,16069,"P_cell_phone","Cell phone",-0.00317364535294473
5,16069,"P_internet","Internet",-0.00605770945549011
5,16069,"P_poverty","Poverty",0.00269616022706032
5,16069,"bias_w","Spatial bias",-0.00580184906721115
5,16070,"P_age_00_14","Population 0-14",-0.00515992008149624
5,16070,"P_age_15_39","Population 15-39",0.00526195345446467
5,16070,"P_read_write","Literacy",-0.00194711913354695
5,16070,"P_cell_phone","Cell phone",-0.00388006470166147
5,16070,"P_internet","Internet",-0.0026116210501641
5,16070,"P_poverty","Poverty",0.00113632658030838
5,16070,"bias_w","Spatial bias",0.0168217662721872
5,16071,"P_age_00_14","Population 0-14",-0.00286962883546948
5,16071,"P_age_15_39","Population 15-39",-0.00311268400400877
5,16071,"P_read_write","Literacy",0.000233960818150081
5,16071,"P_cell_phone","Cell phone",-0.00259381788782775
5,16071,"P_internet","Internet",-0.00853961426764727
5,16071,"P_poverty","Poverty",0.00227986136451364
5,16071,"bias_w","Spatial bias",0.0171919818967581
5,16073,"P_age_00_14","Population 0-14",-0.0027790202293545
5,16073,"P_age_15_39","Population 15-39",-0.00260729575529695
5,16073,"P_read_write","Literacy",0.00441998708993196
5,16073,"P_cell_phone","Cell phone",-0.000189096841495484
5,16073,"P_internet","Internet",-0.00536623457446694
5,16073,"P_poverty","Poverty",0.00319539965130389
5,16073,"bias_w","Spatial bias",-0.0294478423893452
5,16074,"P_age_00_14","Population 0-14",-0.00377804902382195
5,16074,"P_age_15_39","Population 15-39",-0.00404495559632778
5,16074,"P_read_write","Literacy",0.00146099564153701
5,16074,"P_cell_phone","Cell phone",-0.00216422113589942
5,16074,"P_internet","Internet",-0.00587452761828899
5,16074,"P_poverty","Poverty",0.00235519558191299
5,16074,"bias_w","Spatial bias",-0.00459548830986023
5,16075,"P_age_00_14","Population 0-14",-0.0010035284794867
5,16075,"P_age_15_39","Population 15-39",-0.0021392225753516
5,16075,"P_read_write","Literacy",-0.00508319586515427
5,16075,"P_cell_phone","Cell phone",-0.00145705218892545
5,16075,"P_internet","Internet",-0.00780142797157168
5,16075,"P_poverty","Poverty",0.00233582872897387
5,16075,"bias_w","Spatial bias",-0.00371207343414426
5,16077,"P_age_00_14","Population 0-14",-0.00290466309525073
5,16077,"P_age_15_39","Population 15-39",0.00419795932248235
5,16077,"P_read_write","Literacy",0.00407311087474227
5,16077,"P_cell_phone","Cell phone",-0.00113114644773304
5,16077,"P_internet","Internet",0.00244339369237423
5,16077,"P_poverty","Poverty",0.000644670333713293
5,16077,"bias_w","Spatial bias",0.00493642734363675
5,16079,"P_age_00_14","Population 0-14",0.0120073556900024
5,16079,"P_age_15_39","Population 15-39",-0.00291601428762078
5,16079,"P_read_write","Literacy",0.0041131149046123
5,16079,"P_cell_phone","Cell phone",-0.000601837644353509
5,16079,"P_internet","Internet",-0.00828216224908829
5,16079,"P_poverty","Poverty",0.00139811146073043
5,16079,"bias_w","Spatial bias",0.00834099389612675
5,16082,"P_age_00_14","Population 0-14",0.00923320557922125
5,16082,"P_age_15_39","Population 15-39",-0.00174955045804381
5,16082,"P_read_write","Literacy",0.0022190953604877
5,16082,"P_cell_phone","Cell phone",0.0016625807620585
5,16082,"P_internet","Internet",0.000622646417468786
5,16082,"P_poverty","Poverty",0.00103721639607102
5,16082,"bias_w","Spatial bias",0.00578539865091443
5,16083,"P_age_00_14","Population 0-14",0.0169336386024952
5,16083,"P_age_15_39","Population 15-39",-0.00784152187407017
5,16083,"P_read_write","Literacy",0.00113425264135003
5,16083,"P_cell_phone","Cell phone",-0.00693934224545956
5,16083,"P_internet","Internet",-0.00127374881412834
5,16083,"P_poverty","Poverty",-0.0128179313614964
5,16083,"bias_w","Spatial bias",-0.0246315281838179
5,16084,"P_age_00_14","Population 0-14",0.0128630539402366
5,16084,"P_age_15_39","Population 15-39",-0.00254290038719773
5,16084,"P_read_write","Literacy",0.00390240410342813
5,16084,"P_cell_phone","Cell phone",-0.000100084689620417
5,16084,"P_internet","Internet",0.000679460703395307
5,16084,"P_poverty","Poverty",0.00190766446758062
5,16084,"bias_w","Spatial bias",-0.00401949882507324
5,16085,"P_age_00_14","Population 0-14",-0.0025389320217073
5,16085,"P_age_15_39","Population 15-39",-0.00341879087500274
5,16085,"P_read_write","Literacy",0.0036794722545892
5,16085,"P_cell_phone","Cell phone",-0.00163289648480713
5,16085,"P_internet","Internet",-0.00485555129125714
5,16085,"P_poverty","Poverty",0.00215012324042618
5,16085,"bias_w","Spatial bias",0.0173095930367708
5,16086,"P_age_00_14","Population 0-14",-0.00310264993458986
5,16086,"P_age_15_39","Population 15-39",0.00243922718800604
5,16086,"P_read_write","Literacy",0.00166385364718735
5,16086,"P_cell_phone","Cell phone",-0.000909947790205479
5,16086,"P_internet","Internet",-0.00591059541329741
5,16086,"P_poverty","Poverty",0.00253749615512788
5,16086,"bias_w","Spatial bias",-0.022206500172615
5,16087,"P_age_00_14","Population 0-14",-0.00226614717394114
5,16087,"P_age_15_39","Population 15-39",-0.00394464749842882
5,16087,"P_read_write","Literacy",-0.00250112055800855
5,16087,"P_cell_phone","Cell phone",0.0120709156617522
5,16087,"P_internet","Internet",-0.0044484930112958
5,16087,"P_poverty","Poverty",-0.0126924095675349
5,16087,"bias_w","Spatial bias",-0.00776418577879667
5,16089,"P_age_00_14","Population 0-14",-0.00413962686434388
5,16089,"P_age_15_39","Population 15-39",-0.00945957750082016
5,16089,"P_read_write","Literacy",0.00292592821642756
5,16089,"P_cell_phone","Cell phone",-0.00678592547774315
5,16089,"P_internet","Internet",-0.00589914480224252
5,16089,"P_poverty","Poverty",-0.0192207638174295
5,16089,"bias_w","Spatial bias",0.00614848872646689
5,16090,"P_age_00_14","Population 0-14",0.0101216034963727
5,16090,"P_age_15_39","Population 15-39",-0.0017743370262906
5,16090,"P_read_write","Literacy",-0.0019183416152373
5,16090,"P_cell_phone","Cell phone",-0.0032397557515651
5,16090,"P_internet","Internet",0.00206491677090526
5,16090,"P_poverty","Poverty",0.00232327287085354
5,16090,"bias_w","Spatial bias",0.00820830091834068
5,16091,"P_age_00_14","Population 0-14",-0.00267216004431248
5,16091,"P_age_15_39","Population 15-39",-0.00304309488274157
5,16091,"P_read_write","Literacy",-0.00235202116891742
5,16091,"P_cell_phone","Cell phone",-0.00224289600737393
5,16091,"P_internet","Internet",-0.00407629366964102
5,16091,"P_poverty","Poverty",0.00232863309793174
5,16091,"bias_w","Spatial bias",0.00532643916085362
5,16094,"P_age_00_14","Population 0-14",-0.00476270169019699
5,16094,"P_age_15_39","Population 15-39",0.0166419502347708
5,16094,"P_read_write","Literacy",0.00378116103820503
5,16094,"P_cell_phone","Cell phone",-0.00144148245453835
5,16094,"P_internet","Internet",0.00317168887704611
5,16094,"P_poverty","Poverty",0.0015478691784665
5,16094,"bias_w","Spatial bias",-0.0237738359719515
5,16095,"P_age_00_14","Population 0-14",-0.00443439884111285
5,16095,"P_age_15_39","Population 15-39",0.00716409040614963
5,16095,"P_read_write","Literacy",0.00359235028736293
5,16095,"P_cell_phone","Cell phone",-0.00539254117757082
5,16095,"P_internet","Internet",-0.0078672505915165
5,16095,"P_poverty","Poverty",-0.00995432678610086
5,16095,"bias_w","Spatial bias",-0.00677467742934823
5,16096,"P_age_00_14","Population 0-14",0.00940304156392813
5,16096,"P_age_15_39","Population 15-39",0.00323092238977551
5,16096,"P_read_write","Literacy",0.00443206820636988
5,16096,"P_cell_phone","Cell phone",-0.000680945115163922
5,16096,"P_internet","Internet",0.000525881943758577
5,16096,"P_poverty","Poverty",0.00056111067533493
5,16096,"bias_w","Spatial bias",0.016872625797987
5,16097,"P_age_00_14","Population 0-14",0.00831219647079706
5,16097,"P_age_15_39","Population 15-39",0.00243621156550944
5,16097,"P_read_write","Literacy",0.0043517705053091
5,16097,"P_cell_phone","Cell phone",-0.000792696315329522
5,16097,"P_internet","Internet",0.00592077244073153
5,16097,"P_poverty","Poverty",0.000677872507367283
5,16097,"bias_w","Spatial bias",0.0172738637775183
5,16100,"P_age_00_14","Population 0-14",-0.0025770515203476
5,16100,"P_age_15_39","Population 15-39",-0.00288607832044363
5,16100,"P_read_write","Literacy",0.0037878998555243
5,16100,"P_cell_phone","Cell phone",-0.00236011645756662
5,16100,"P_internet","Internet",0.0053360378369689
5,16100,"P_poverty","Poverty",0.00315284309908748
5,16100,"bias_w","Spatial bias",-0.0077812341041863
5,16102,"P_age_00_14","Population 0-14",-0.00222855992615223
5,16102,"P_age_15_39","Population 15-39",-0.0023886444978416
5,16102,"P_read_write","Literacy",-0.00330629595555365
5,16102,"P_cell_phone","Cell phone",0.00504113454371691
5,16102,"P_internet","Internet",-0.00591986952349544
5,16102,"P_poverty","Poverty",0.0024129671510309
5,16102,"bias_w","Spatial bias",-0.0286484509706497
5,16103,"P_age_00_14","Population 0-14",-0.00214113784022629
5,16103,"P_age_15_39","Population 15-39",0.00441245548427105
5,16103,"P_read_write","Literacy",0.000522187154274434
5,16103,"P_cell_phone","Cell phone",-0.00271204835735261
5,16103,"P_internet","Internet",-0.00965592171996832
5,16103,"P_poverty","Poverty",0.00201802561059594
5,16103,"bias_w","Spatial bias",-0.00535921566188335
5,16104,"P_age_00_14","Population 0-14",-0.0041375458240509
5,16104,"P_age_15_39","Population 15-39",0.00420391280204058
5,16104,"P_read_write","Literacy",-0.000127744278870523
5,16104,"P_cell_phone","Cell phone",-0.00255161407403648
5,16104,"P_internet","Internet",-0.00804802309721708
5,16104,"P_poverty","Poverty",0.000963454775046557
5,16104,"bias_w","Spatial bias",-0.00792598631232977
5,16105,"P_age_00_14","Population 0-14",-0.00264997803606093
5,16105,"P_age_15_39","Population 15-39",-0.00360673642717302
5,16105,"P_read_write","Literacy",-3.19023929478135e-05
5,16105,"P_cell_phone","Cell phone",-0.00324282655492425
5,16105,"P_internet","Internet",-0.00733882980421185
5,16105,"P_poverty","Poverty",0.00192541256546974
5,16105,"bias_w","Spatial bias",0.0173155497759581
5,16106,"P_age_00_14","Population 0-14",-0.000234369814279489
5,16106,"P_age_15_39","Population 15-39",-0.00333136925473809
5,16106,"P_read_write","Literacy",0.000293144577881321
5,16106,"P_cell_phone","Cell phone",-0.000561488152015954
5,16106,"P_internet","Internet",-0.00911329034715891
5,16106,"P_poverty","Poverty",0.00381577434018254
5,16106,"bias_w","Spatial bias",-0.0216569881886244
5,16107,"P_age_00_14","Population 0-14",-0.00277566909790039
5,16107,"P_age_15_39","Population 15-39",-0.00239676469936967
5,16107,"P_read_write","Literacy",-0.00304136518388987
5,16107,"P_cell_phone","Cell phone",-0.00285735493525863
5,16107,"P_internet","Internet",-0.00536625133827329
5,16107,"P_poverty","Poverty",0.00296935741789639
5,16107,"bias_w","Spatial bias",0.0184865035116673
5,16108,"P_age_00_14","Population 0-14",-0.00268638296984136
5,16108,"P_age_15_39","Population 15-39",-0.00258196331560612
5,16108,"P_read_write","Literacy",0.00100243755150586
5,16108,"P_cell_phone","Cell phone",-0.00127189781051129
5,16108,"P_internet","Internet",-0.00585300708189607
5,16108,"P_poverty","Poverty",0.00353949633426964
5,16108,"bias_w","Spatial bias",-0.0235612783581018
5,16109,"P_age_00_14","Population 0-14",-0.00878916680812836
5,16109,"P_age_15_39","Population 15-39",0.00327143701724708
5,16109,"P_read_write","Literacy",-0.00241730036213994
5,16109,"P_cell_phone","Cell phone",-0.00440477253869176
5,16109,"P_internet","Internet",-0.00534381112083793
5,16109,"P_poverty","Poverty",-0.00481844460591674
5,16109,"bias_w","Spatial bias",-0.00552070466801524
5,16111,"P_age_00_14","Population 0-14",0.0142208077013493
5,16111,"P_age_15_39","Population 15-39",-0.00308896880596876
5,16111,"P_read_write","Literacy",-0.00213229400105774
5,16111,"P_cell_phone","Cell phone",-0.00119257927872241
5,16111,"P_internet","Internet",-0.00920397788286209
5,16111,"P_poverty","Poverty",0.0011132430518046
5,16111,"bias_w","Spatial bias",-0.00262541137635708
5,16113,"P_age_00_14","Population 0-14",-0.00321453879587352
5,16113,"P_age_15_39","Population 15-39",0.00463558314368129
5,16113,"P_read_write","Literacy",0.00330217811278999
5,16113,"P_cell_phone","Cell phone",-0.00113882764708251
5,16113,"P_internet","Internet",-0.00319335795938969
5,16113,"P_poverty","Poverty",0.00119651830755174
5,16113,"bias_w","Spatial bias",0.0159147344529629
5,17003,"P_age_00_14","Population 0-14",-0.00165679107885808
5,17003,"P_age_15_39","Population 15-39",-0.00328012718819082
5,17003,"P_read_write","Literacy",0.00403802376240492
5,17003,"P_cell_phone","Cell phone",-0.00255567929707468
5,17003,"P_internet","Internet",-0.0051612351089716
5,17003,"P_poverty","Poverty",0.00333534786477685
5,17003,"bias_w","Spatial bias",0.00784318428486586
5,17017,"P_age_00_14","Population 0-14",-0.00324794556945562
5,17017,"P_age_15_39","Population 15-39",-0.00381829380057752
5,17017,"P_read_write","Literacy",-0.00134432001505047
5,17017,"P_cell_phone","Cell phone",-0.00273506855592132
5,17017,"P_internet","Internet",-0.00837559066712856
5,17017,"P_poverty","Poverty",0.00388309033587575
5,17017,"bias_w","Spatial bias",-0.00441582081839442
5,17025,"P_age_00_14","Population 0-14",-0.00563847692683339
5,17025,"P_age_15_39","Population 15-39",-0.00484847370535135
5,17025,"P_read_write","Literacy",-0.0014653088292107
5,17025,"P_cell_phone","Cell phone",-0.0023163091391325
5,17025,"P_internet","Internet",-0.00813085772097111
5,17025,"P_poverty","Poverty",0.00352990510873497
5,17025,"bias_w","Spatial bias",-0.00568638322874904
5,18001,"P_age_00_14","Population 0-14",-0.00237376731820405
5,18001,"P_age_15_39","Population 15-39",0.00366026605479419
5,18001,"P_read_write","Literacy",-0.00192131393123418
5,18001,"P_cell_phone","Cell phone",-0.00265408959239721
5,18001,"P_internet","Internet",-0.00406079646199942
5,18001,"P_poverty","Poverty",0.00143510336056352
5,18001,"bias_w","Spatial bias",0.017049502581358
5,18005,"P_age_00_14","Population 0-14",0.0133698685094714
5,18005,"P_age_15_39","Population 15-39",0.00200444762594998
5,18005,"P_read_write","Literacy",0.00663981400430202
5,18005,"P_cell_phone","Cell phone",-0.000596897152718157
5,18005,"P_internet","Internet",0.00608434528112411
5,18005,"P_poverty","Poverty",0.00210902187973261
5,18005,"bias_w","Spatial bias",0.0247367303818464
5,18016,"P_age_00_14","Population 0-14",-0.00343721825629473
5,18016,"P_age_15_39","Population 15-39",0.0115088671445847
5,18016,"P_read_write","Literacy",-0.00181058631278574
5,18016,"P_cell_phone","Cell phone",-0.00252436310984194
5,18016,"P_internet","Internet",-0.00414342898875475
5,18016,"P_poverty","Poverty",-0.00703120650723577
5,18016,"bias_w","Spatial bias",0.00444018142297864
5,19002,"P_age_00_14","Population 0-14",-0.00695922132581472
5,19002,"P_age_15_39","Population 15-39",0.0231941547244787
5,19002,"P_read_write","Literacy",-0.00297922804020345
5,19002,"P_cell_phone","Cell phone",-0.00430870335549116
5,19002,"P_internet","Internet",-0.00599600188434124
5,19002,"P_poverty","Poverty",-0.0225042905658484
5,19002,"bias_w","Spatial bias",-0.00375133915804327
5,19003,"P_age_00_14","Population 0-14",-0.00527677265927196
5,19003,"P_age_15_39","Population 15-39",0.0217742659151554
5,19003,"P_read_write","Literacy",-0.00393048673868179
5,19003,"P_cell_phone","Cell phone",0.0050425473600626
5,19003,"P_internet","Internet",0.00385887455195189
5,19003,"P_poverty","Poverty",-0.0198477618396282
5,19003,"bias_w","Spatial bias",-0.0333494246006012
5,19004,"P_age_00_14","Population 0-14",-0.00442069442942739
5,19004,"P_age_15_39","Population 15-39",-0.00542385363951325
5,19004,"P_read_write","Literacy",-0.00680601131170988
5,19004,"P_cell_phone","Cell phone",0.0296997297555208
5,19004,"P_internet","Internet",-0.0049564209766686
5,19004,"P_poverty","Poverty",-0.00342320697382092
5,19004,"bias_w","Spatial bias",-0.0465540625154972
5,19005,"P_age_00_14","Population 0-14",-0.00270943553186953
5,19005,"P_age_15_39","Population 15-39",0.00567596917971969
5,19005,"P_read_write","Literacy",-0.0055881324224174
5,19005,"P_cell_phone","Cell phone",0.00580486468970776
5,19005,"P_internet","Internet",-0.00755460793152452
5,19005,"P_poverty","Poverty",-0.00291900848969817
5,19005,"bias_w","Spatial bias",-0.0263286847621202
5,19006,"P_age_00_14","Population 0-14",-0.00573395844548941
5,19006,"P_age_15_39","Population 15-39",-0.00466711493209004
5,19006,"P_read_write","Literacy",-0.00701147457584739
5,19006,"P_cell_phone","Cell phone",0.0117581244558096
5,19006,"P_internet","Internet",-0.00665458803996444
5,19006,"P_poverty","Poverty",-0.0306305196136236
5,19006,"bias_w","Spatial bias",-0.033337626606226
5,19007,"P_age_00_14","Population 0-14",-0.00226199021562934
5,19007,"P_age_15_39","Population 15-39",0.0054530669003725
5,19007,"P_read_write","Literacy",-0.0095963254570961
5,19007,"P_cell_phone","Cell phone",-0.000872987089678645
5,19007,"P_internet","Internet",0.00641965353861451
5,19007,"P_poverty","Poverty",0.0011523668654263
5,19007,"bias_w","Spatial bias",0.0178758148103952
5,19008,"P_age_00_14","Population 0-14",-0.00211106054484844
5,19008,"P_age_15_39","Population 15-39",0.0148636419326067
5,19008,"P_read_write","Literacy",-0.00804220233112574
5,19008,"P_cell_phone","Cell phone",-0.0102342246100307
5,19008,"P_internet","Internet",-0.0108515676110983
5,19008,"P_poverty","Poverty",-0.00466273445636034
5,19008,"bias_w","Spatial bias",-0.0785992294549942
5,19009,"P_age_00_14","Population 0-14",-0.00499218935146928
5,19009,"P_age_15_39","Population 15-39",-0.00498442817479372
5,19009,"P_read_write","Literacy",-0.00536696473136544
5,19009,"P_cell_phone","Cell phone",0.0115028582513332
5,19009,"P_internet","Internet",-0.00341858551837504
5,19009,"P_poverty","Poverty",-0.0132002430036664
5,19009,"bias_w","Spatial bias",-0.0326792523264885
5,19010,"P_age_00_14","Population 0-14",0.0102099208161235
5,19010,"P_age_15_39","Population 15-39",-0.0414041206240654
5,19010,"P_read_write","Literacy",-0.00685941660776734
5,19010,"P_cell_phone","Cell phone",0.0103655755519867
5,19010,"P_internet","Internet",-0.000793495448306203
5,19010,"P_poverty","Poverty",-0.00277383741922677
5,19010,"bias_w","Spatial bias",-0.00874035060405731
5,19011,"P_age_00_14","Population 0-14",-0.00415389658883214
5,19011,"P_age_15_39","Population 15-39",0.00548643339425325
5,19011,"P_read_write","Literacy",-0.00487768091261387
5,19011,"P_cell_phone","Cell phone",0.00450994772836566
5,19011,"P_internet","Internet",-0.00774636352434754
5,19011,"P_poverty","Poverty",-0.0224860571324825
5,19011,"bias_w","Spatial bias",-0.00588093092665076
5,19012,"P_age_00_14","Population 0-14",0.00951348338276148
5,19012,"P_age_15_39","Population 15-39",-0.0399263240396976
5,19012,"P_read_write","Literacy",-0.00509160943329334
5,19012,"P_cell_phone","Cell phone",0.00930593814700842
5,19012,"P_internet","Internet",-0.000530749617610127
5,19012,"P_poverty","Poverty",-0.00272525567561388
5,19012,"bias_w","Spatial bias",-0.00852066557854414
5,19013,"P_age_00_14","Population 0-14",-0.00419444311410189
5,19013,"P_age_15_39","Population 15-39",0.00773737719282508
5,19013,"P_read_write","Literacy",-0.00500779692083597
5,19013,"P_cell_phone","Cell phone",-0.00361920124851167
5,19013,"P_internet","Internet",-0.00673275906592607
5,19013,"P_poverty","Poverty",-0.0162660554051399
5,19013,"bias_w","Spatial bias",-0.00203635380603373
5,19014,"P_age_00_14","Population 0-14",0.0115701770409942
5,19014,"P_age_15_39","Population 15-39",0.00791893899440765
5,19014,"P_read_write","Literacy",0.0102937612682581
5,19014,"P_cell_phone","Cell phone",-0.00274198222905397
5,19014,"P_internet","Internet",0.0144322998821735
5,19014,"P_poverty","Poverty",0.002445517340675
5,19014,"bias_w","Spatial bias",-0.0482960380613804
5,19015,"P_age_00_14","Population 0-14",-0.00460536917671561
5,19015,"P_age_15_39","Population 15-39",0.0235334374010563
5,19015,"P_read_write","Literacy",-0.00490781245753169
5,19015,"P_cell_phone","Cell phone",0.00443325843662024
5,19015,"P_internet","Internet",0.00548973446711898
5,19015,"P_poverty","Poverty",-0.0221306532621384
5,19015,"bias_w","Spatial bias",-0.0365773625671864
5,19016,"P_age_00_14","Population 0-14",-0.00667606480419636
5,19016,"P_age_15_39","Population 15-39",-0.00583622790873051
5,19016,"P_read_write","Literacy",-0.00395403522998095
5,19016,"P_cell_phone","Cell phone",0.0106953140348196
5,19016,"P_internet","Internet",0.00227337051182985
5,19016,"P_poverty","Poverty",-0.0267441514879465
5,19016,"bias_w","Spatial bias",-0.0105706145986915
5,19017,"P_age_00_14","Population 0-14",-0.00228771520778537
5,19017,"P_age_15_39","Population 15-39",0.00638770824298263
5,19017,"P_read_write","Literacy",-0.00211405474692583
5,19017,"P_cell_phone","Cell phone",-0.000913317315280437
5,19017,"P_internet","Internet",0.00570119824260473
5,19017,"P_poverty","Poverty",0.00157195166684687
5,19017,"bias_w","Spatial bias",-0.00587624683976173
5,19018,"P_age_00_14","Population 0-14",0.00849735736846924
5,19018,"P_age_15_39","Population 15-39",-0.0378886945545673
5,19018,"P_read_write","Literacy",-0.00567196402698755
5,19018,"P_cell_phone","Cell phone",0.00839791167527437
5,19018,"P_internet","Internet",-0.00062138243811205
5,19018,"P_poverty","Poverty",-0.00248769833706319
5,19018,"bias_w","Spatial bias",-0.0217765383422375
5,19019,"P_age_00_14","Population 0-14",-0.0107146482914686
5,19019,"P_age_15_39","Population 15-39",-0.00817691441625357
5,19019,"P_read_write","Literacy",-0.0092957578599453
5,19019,"P_cell_phone","Cell phone",0.0261237118393183
5,19019,"P_internet","Internet",-0.00862714927643538
5,19019,"P_poverty","Poverty",-0.030461773276329
5,19019,"bias_w","Spatial bias",-0.0704328417778015
5,19020,"P_age_00_14","Population 0-14",-0.00268721650354564
5,19020,"P_age_15_39","Population 15-39",0.00626826239749789
5,19020,"P_read_write","Literacy",-0.00602454785257578
5,19020,"P_cell_phone","Cell phone",0.0044236434623599
5,19020,"P_internet","Internet",-0.00505983363837004
5,19020,"P_poverty","Poverty",-0.0130551094189286
5,19020,"bias_w","Spatial bias",-0.0259613823145628
5,19021,"P_age_00_14","Population 0-14",-0.00303852651268244
5,19021,"P_age_15_39","Population 15-39",-0.0031512922141701
5,19021,"P_read_write","Literacy",-0.00797600392252207
5,19021,"P_cell_phone","Cell phone",0.0270369425415993
5,19021,"P_internet","Internet",-0.00492786569520831
5,19021,"P_poverty","Poverty",-0.00338791403919458
5,19021,"bias_w","Spatial bias",-0.0481879524886608
5,19022,"P_age_00_14","Population 0-14",-0.00501766242086887
5,19022,"P_age_15_39","Population 15-39",0.00510808918625116
5,19022,"P_read_write","Literacy",-0.00546096172183752
5,19022,"P_cell_phone","Cell phone",0.00529670249670744
5,19022,"P_internet","Internet",0.000416401424445212
5,19022,"P_poverty","Poverty",-0.0248071756213903
5,19022,"bias_w","Spatial bias",-0.0296596400439739
5,19023,"P_age_00_14","Population 0-14",-0.00641042971983552
5,19023,"P_age_15_39","Population 15-39",0.0184042677283287
5,19023,"P_read_write","Literacy",-0.00333545100875199
5,19023,"P_cell_phone","Cell phone",0.00321070710197091
5,19023,"P_internet","Internet",-0.00738688837736845
5,19023,"P_poverty","Poverty",-0.0189293455332518
5,19023,"bias_w","Spatial bias",-0.00471072318032384
5,19024,"P_age_00_14","Population 0-14",0.00812146533280611
5,19024,"P_age_15_39","Population 15-39",0.0033996906131506
5,19024,"P_read_write","Literacy",-0.00703752273693681
5,19024,"P_cell_phone","Cell phone",-0.000768756202887744
5,19024,"P_internet","Internet",0.00669482536613941
5,19024,"P_poverty","Poverty",0.00157281092833728
5,19024,"bias_w","Spatial bias",0.0288363453000784
5,19025,"P_age_00_14","Population 0-14",0.0104853473603725
5,19025,"P_age_15_39","Population 15-39",-0.0390803590416908
5,19025,"P_read_write","Literacy",-0.00767418742179871
5,19025,"P_cell_phone","Cell phone",0.00989654567092657
5,19025,"P_internet","Internet",-0.00176187057513744
5,19025,"P_poverty","Poverty",-0.00233731954358518
5,19025,"bias_w","Spatial bias",-0.0229468625038862
5,19026,"P_age_00_14","Population 0-14",-0.00807441305369139
5,19026,"P_age_15_39","Population 15-39",-0.00585928605869412
5,19026,"P_read_write","Literacy",-0.00618888484314084
5,19026,"P_cell_phone","Cell phone",0.0152833862230182
5,19026,"P_internet","Internet",-0.00580190541222692
5,19026,"P_poverty","Poverty",-0.034500002861023
5,19026,"bias_w","Spatial bias",-0.0326071083545685
5,19027,"P_age_00_14","Population 0-14",-0.00727429147809744
5,19027,"P_age_15_39","Population 15-39",0.0238274093717337
5,19027,"P_read_write","Literacy",-0.00633618142455816
5,19027,"P_cell_phone","Cell phone",-0.00404636468738317
5,19027,"P_internet","Internet",-0.00453811744228005
5,19027,"P_poverty","Poverty",-0.0198169127106667
5,19027,"bias_w","Spatial bias",-0.00202983967028558
5,19029,"P_age_00_14","Population 0-14",-0.00482171168550849
5,19029,"P_age_15_39","Population 15-39",0.00723905023187399
5,19029,"P_read_write","Literacy",-0.0038405570667237
5,19029,"P_cell_phone","Cell phone",-0.00121065729763359
5,19029,"P_internet","Internet",-0.00620591081678867
5,19029,"P_poverty","Poverty",-0.00690434314310551
5,19029,"bias_w","Spatial bias",-0.00791731756180525
5,19030,"P_age_00_14","Population 0-14",-0.00613430235534906
5,19030,"P_age_15_39","Population 15-39",0.00707353698089719
5,19030,"P_read_write","Literacy",-0.00322591396979988
5,19030,"P_cell_phone","Cell phone",-0.00123186316341162
5,19030,"P_internet","Internet",0.00747645134106278
5,19030,"P_poverty","Poverty",0.00107607454992831
5,19030,"bias_w","Spatial bias",-0.00955777801573277
5,19031,"P_age_00_14","Population 0-14",0.0101496558636427
5,19031,"P_age_15_39","Population 15-39",-0.0134693086147308
5,19031,"P_read_write","Literacy",-0.0074872593395412
5,19031,"P_cell_phone","Cell phone",0.0241103060543537
5,19031,"P_internet","Internet",-0.00236471695825458
5,19031,"P_poverty","Poverty",-0.00194295216351748
5,19031,"bias_w","Spatial bias",-0.0437463857233524
5,19032,"P_age_00_14","Population 0-14",-0.00315884663723409
5,19032,"P_age_15_39","Population 15-39",0.0040023997426033
5,19032,"P_read_write","Literacy",-0.00476214569061995
5,19032,"P_cell_phone","Cell phone",0.00420402223244309
5,19032,"P_internet","Internet",-0.00401755189523101
5,19032,"P_poverty","Poverty",-0.0204839464277029
5,19032,"bias_w","Spatial bias",-0.00504484213888645
5,19033,"P_age_00_14","Population 0-14",-0.00445831846445799
5,19033,"P_age_15_39","Population 15-39",-0.00470774946734309
5,19033,"P_read_write","Literacy",-0.00754870474338531
5,19033,"P_cell_phone","Cell phone",0.0133020244538784
5,19033,"P_internet","Internet",-0.00499997846782207
5,19033,"P_poverty","Poverty",-0.0044280719012022
5,19033,"bias_w","Spatial bias",-0.0274771265685558
5,19035,"P_age_00_14","Population 0-14",-0.00696347327902913
5,19035,"P_age_15_39","Population 15-39",0.00419331714510918
5,19035,"P_read_write","Literacy",-0.00735690537840128
5,19035,"P_cell_phone","Cell phone",0.00462682172656059
5,19035,"P_internet","Internet",-0.00277752708643675
5,19035,"P_poverty","Poverty",-0.0208307914435863
5,19035,"bias_w","Spatial bias",-0.00607690634205937
5,19036,"P_age_00_14","Population 0-14",0.00883493572473526
5,19036,"P_age_15_39","Population 15-39",0.00327423890121281
5,19036,"P_read_write","Literacy",0.00432403339073062
5,19036,"P_cell_phone","Cell phone",-0.00051653862465173
5,19036,"P_internet","Internet",0.00610786164179444
5,19036,"P_poverty","Poverty",0.000954134680796415
5,19036,"bias_w","Spatial bias",0.0213405936956406
5,19037,"P_age_00_14","Population 0-14",-0.00721749290823936
5,19037,"P_age_15_39","Population 15-39",-0.0212851706892252
5,19037,"P_read_write","Literacy",-0.0207985267043114
5,19037,"P_cell_phone","Cell phone",-0.0229418408125639
5,19037,"P_internet","Internet",-0.0118498848751187
5,19037,"P_poverty","Poverty",-0.0494076833128929
5,19037,"bias_w","Spatial bias",-0.114723265171051
5,19038,"P_age_00_14","Population 0-14",-0.0048753060400486
5,19038,"P_age_15_39","Population 15-39",-0.00433429284021258
5,19038,"P_read_write","Literacy",-0.00738494889810681
5,19038,"P_cell_phone","Cell phone",0.011294293217361
5,19038,"P_internet","Internet",-0.00415484374389052
5,19038,"P_poverty","Poverty",-0.0157245770096779
5,19038,"bias_w","Spatial bias",-0.028386102989316
5,19039,"P_age_00_14","Population 0-14",-0.00944636762142181
5,19039,"P_age_15_39","Population 15-39",-0.00801747385412455
5,19039,"P_read_write","Literacy",-0.00815242808312178
5,19039,"P_cell_phone","Cell phone",0.0319685414433479
5,19039,"P_internet","Internet",-0.00644494965672493
5,19039,"P_poverty","Poverty",-0.0127915209159255
5,19039,"bias_w","Spatial bias",-0.0628659054636955
5,19040,"P_age_00_14","Population 0-14",-0.00816580187529325
5,19040,"P_age_15_39","Population 15-39",0.0261513236910105
5,19040,"P_read_write","Literacy",-0.00486174505203962
5,19040,"P_cell_phone","Cell phone",-0.00317882397212088
5,19040,"P_internet","Internet",-0.00638795690611005
5,19040,"P_poverty","Poverty",-0.0267015490680933
5,19040,"bias_w","Spatial bias",-0.0297452919185162
5,19041,"P_age_00_14","Population 0-14",0.00680665299296379
5,19041,"P_age_15_39","Population 15-39",-0.0299606304615736
5,19041,"P_read_write","Literacy",-0.0074979867786169
5,19041,"P_cell_phone","Cell phone",0.0255340561270714
5,19041,"P_internet","Internet",-0.00348054547794163
5,19041,"P_poverty","Poverty",-0.00176458840724081
5,19041,"bias_w","Spatial bias",-0.0483156815171242
5,19042,"P_age_00_14","Population 0-14",-0.00672915671020746
5,19042,"P_age_15_39","Population 15-39",0.0248758066445589
5,19042,"P_read_write","Literacy",-0.00646731117740273
5,19042,"P_cell_phone","Cell phone",0.0159128159284592
5,19042,"P_internet","Internet",-0.00871335249394178
5,19042,"P_poverty","Poverty",-0.0076539721339941
5,19042,"bias_w","Spatial bias",-0.0544278770685196
5,19043,"P_age_00_14","Population 0-14",-0.0036741856019944
5,19043,"P_age_15_39","Population 15-39",0.0187282245606184
5,19043,"P_read_write","Literacy",-0.00152808392886072
5,19043,"P_cell_phone","Cell phone",-0.00158676551654935
5,19043,"P_internet","Internet",0.005711380392313
5,19043,"P_poverty","Poverty",0.000969521701335907
5,19043,"bias_w","Spatial bias",-0.0255109071731567
5,19044,"P_age_00_14","Population 0-14",-0.00449723983183503
5,19044,"P_age_15_39","Population 15-39",-0.00717126857489347
5,19044,"P_read_write","Literacy",-0.00688740285113454
5,19044,"P_cell_phone","Cell phone",0.0329454615712166
5,19044,"P_internet","Internet",-0.00596060790121555
5,19044,"P_poverty","Poverty",-0.00372664025053382
5,19044,"bias_w","Spatial bias",-0.0588699951767921
5,19045,"P_age_00_14","Population 0-14",0.00850538164377213
5,19045,"P_age_15_39","Population 15-39",-0.0404334925115108
5,19045,"P_read_write","Literacy",-0.00419265544041991
5,19045,"P_cell_phone","Cell phone",0.00992344226688147
5,19045,"P_internet","Internet",-0.000598717422690243
5,19045,"P_poverty","Poverty",-0.00275917048566043
5,19045,"bias_w","Spatial bias",-0.00719152390956879
5,19046,"P_age_00_14","Population 0-14",-0.00988288037478924
5,19046,"P_age_15_39","Population 15-39",-0.00735299428924918
5,19046,"P_read_write","Literacy",-0.00843807496130466
5,19046,"P_cell_phone","Cell phone",0.0263561550527811
5,19046,"P_internet","Internet",-0.00868150591850281
5,19046,"P_poverty","Poverty",-0.0310917049646378
5,19046,"bias_w","Spatial bias",-0.0581180416047573
5,19047,"P_age_00_14","Population 0-14",-0.00470638088881969
5,19047,"P_age_15_39","Population 15-39",-0.00377080170437694
5,19047,"P_read_write","Literacy",-0.00402136147022247
5,19047,"P_cell_phone","Cell phone",0.0120022734627128
5,19047,"P_internet","Internet",-0.00525989895686507
5,19047,"P_poverty","Poverty",-0.00628716265782714
5,19047,"bias_w","Spatial bias",0.00349245709367096
5,19048,"P_age_00_14","Population 0-14",-0.00687329657375813
5,19048,"P_age_15_39","Population 15-39",-0.00256693479605019
5,19048,"P_read_write","Literacy",-0.00704990420490503
5,19048,"P_cell_phone","Cell phone",0.0313931629061699
5,19048,"P_internet","Internet",-0.00684959022328258
5,19048,"P_poverty","Poverty",-0.0276456903666258
5,19048,"bias_w","Spatial bias",-0.0582724325358868
5,19049,"P_age_00_14","Population 0-14",-0.0069232233799994
5,19049,"P_age_15_39","Population 15-39",-0.00350434659048915
5,19049,"P_read_write","Literacy",-0.00720842648297548
5,19049,"P_cell_phone","Cell phone",0.0107495933771133
5,19049,"P_internet","Internet",-0.00443846266716719
5,19049,"P_poverty","Poverty",-0.0306887645274401
5,19049,"bias_w","Spatial bias",-0.034083865582943
5,19050,"P_age_00_14","Population 0-14",-0.00689076399430633
5,19050,"P_age_15_39","Population 15-39",0.0243878923356533
5,19050,"P_read_write","Literacy",-0.00524157145991921
5,19050,"P_cell_phone","Cell phone",-0.0055457167327404
5,19050,"P_internet","Internet",0.0059972140006721
5,19050,"P_poverty","Poverty",-0.0276678558439016
5,19050,"bias_w","Spatial bias",-0.0358541011810303
5,19051,"P_age_00_14","Population 0-14",-0.0100680058822036
5,19051,"P_age_15_39","Population 15-39",0.0259001478552818
5,19051,"P_read_write","Literacy",-0.0128186540678144
5,19051,"P_cell_phone","Cell phone",-0.0136385587975383
5,19051,"P_internet","Internet",-0.00969967432320118
5,19051,"P_poverty","Poverty",-0.0354454405605793
5,19051,"bias_w","Spatial bias",-0.0878635719418526
5,20001,"P_age_00_14","Population 0-14",-0.0036539607681334
5,20001,"P_age_15_39","Population 15-39",-0.00208260724321008
5,20001,"P_read_write","Literacy",0.00598703091964126
5,20001,"P_cell_phone","Cell phone",-0.00202525896020234
5,20001,"P_internet","Internet",0.00725202821195126
5,20001,"P_poverty","Poverty",0.003127176547423
5,20001,"bias_w","Spatial bias",0.0229361038655043
5,20002,"P_age_00_14","Population 0-14",-0.00246084132231772
5,20002,"P_age_15_39","Population 15-39",0.00273252348415554
5,20002,"P_read_write","Literacy",0.00348935811780393
5,20002,"P_cell_phone","Cell phone",-0.00131501129362732
5,20002,"P_internet","Internet",-0.00615275790914893
5,20002,"P_poverty","Poverty",0.00164760183542967
5,20002,"bias_w","Spatial bias",0.0207901019603014
5,20003,"P_age_00_14","Population 0-14",-0.00203441688790917
5,20003,"P_age_15_39","Population 15-39",0.00352177070453763
5,20003,"P_read_write","Literacy",0.00597418192774057
5,20003,"P_cell_phone","Cell phone",-0.00263274554163218
5,20003,"P_internet","Internet",0.00765684805810452
5,20003,"P_poverty","Poverty",0.00266479421406984
5,20003,"bias_w","Spatial bias",0.0269341208040714
5,20004,"P_age_00_14","Population 0-14",-0.00735384877771139
5,20004,"P_age_15_39","Population 15-39",-0.00792593415826559
5,20004,"P_read_write","Literacy",-0.0033433111384511
5,20004,"P_cell_phone","Cell phone",-0.00961106270551682
5,20004,"P_internet","Internet",0.00842886045575142
5,20004,"P_poverty","Poverty",0.00309599051252007
5,20004,"bias_w","Spatial bias",-0.0398752614855766
5,20005,"P_age_00_14","Population 0-14",-0.0110364928841591
5,20005,"P_age_15_39","Population 15-39",0.00742901349440217
5,20005,"P_read_write","Literacy",0.00321757770143449
5,20005,"P_cell_phone","Cell phone",-0.00446843914687634
5,20005,"P_internet","Internet",-0.00583909079432487
5,20005,"P_poverty","Poverty",-0.0124624380841851
5,20005,"bias_w","Spatial bias",-0.030083354562521
5,20006,"P_age_00_14","Population 0-14",0.0112826796248555
5,20006,"P_age_15_39","Population 15-39",-0.00340956053696573
5,20006,"P_read_write","Literacy",0.00118804967496544
5,20006,"P_cell_phone","Cell phone",-0.00384884676896036
5,20006,"P_internet","Internet",0.00590537395328283
5,20006,"P_poverty","Poverty",0.00224874913692474
5,20006,"bias_w","Spatial bias",-0.061724379658699
5,20009,"P_age_00_14","Population 0-14",0.0088790999725461
5,20009,"P_age_15_39","Population 15-39",-0.00144261633977294
5,20009,"P_read_write","Literacy",0.00471329595893621
5,20009,"P_cell_phone","Cell phone",-0.0010722380829975
5,20009,"P_internet","Internet",0.0062476396560669
5,20009,"P_poverty","Poverty",0.00304822134785354
5,20009,"bias_w","Spatial bias",0.0242314226925373
5,20010,"P_age_00_14","Population 0-14",-0.00704957824200392
5,20010,"P_age_15_39","Population 15-39",0.00668899714946747
5,20010,"P_read_write","Literacy",-0.00227755284868181
5,20010,"P_cell_phone","Cell phone",-0.00269288290292025
5,20010,"P_internet","Internet",-0.00340738939121366
5,20010,"P_poverty","Poverty",-0.00856814347207546
5,20010,"bias_w","Spatial bias",0.00530590303242207
5,20011,"P_age_00_14","Population 0-14",0.00797338876873255
5,20011,"P_age_15_39","Population 15-39",0.00257491180673242
5,20011,"P_read_write","Literacy",0.00486465869471431
5,20011,"P_cell_phone","Cell phone",-0.00296108168549836
5,20011,"P_internet","Internet",0.00562141928821802
5,20011,"P_poverty","Poverty",0.00166237936355174
5,20011,"bias_w","Spatial bias",0.0236877668648958
5,20014,"P_age_00_14","Population 0-14",-0.00441197864711285
5,20014,"P_age_15_39","Population 15-39",0.00690627563744783
5,20014,"P_read_write","Literacy",-0.001282989513129
5,20014,"P_cell_phone","Cell phone",0.02080631069839
5,20014,"P_internet","Internet",-0.0105492519214749
5,20014,"P_poverty","Poverty",-0.00790176913142204
5,20014,"bias_w","Spatial bias",-0.0644889995455742
5,20016,"P_age_00_14","Population 0-14",0.0158581789582968
5,20016,"P_age_15_39","Population 15-39",-0.0010339132277295
5,20016,"P_read_write","Literacy",0.00902121048420668
5,20016,"P_cell_phone","Cell phone",-0.00288514816202223
5,20016,"P_internet","Internet",0.00890975631773472
5,20016,"P_poverty","Poverty",0.00245701451785862
5,20016,"bias_w","Spatial bias",0.0366397127509117
5,20018,"P_age_00_14","Population 0-14",-0.00171151955146343
5,20018,"P_age_15_39","Population 15-39",0.0166644174605608
5,20018,"P_read_write","Literacy",-0.00145741645246744
5,20018,"P_cell_phone","Cell phone",-0.000853083853144199
5,20018,"P_internet","Internet",0.00534125231206417
5,20018,"P_poverty","Poverty",0.00203143898397684
5,20018,"bias_w","Spatial bias",0.019948111847043
5,20019,"P_age_00_14","Population 0-14",-0.00312203401699662
5,20019,"P_age_15_39","Population 15-39",0.00752027379348874
5,20019,"P_read_write","Literacy",0.00476435758173466
5,20019,"P_cell_phone","Cell phone",-0.00118798774201423
5,20019,"P_internet","Internet",0.00609744526445866
5,20019,"P_poverty","Poverty",0.00203835242427886
5,20019,"bias_w","Spatial bias",0.0266924314200878
5,20021,"P_age_00_14","Population 0-14",-0.00251327781006694
5,20021,"P_age_15_39","Population 15-39",-0.00253463280387223
5,20021,"P_read_write","Literacy",0.00402264576405287
5,20021,"P_cell_phone","Cell phone",-0.00114160869270563
5,20021,"P_internet","Internet",0.000912627147044986
5,20021,"P_poverty","Poverty",0.00286532682366669
5,20021,"bias_w","Spatial bias",0.0189976263791323
5,20022,"P_age_00_14","Population 0-14",-0.00806537084281445
5,20022,"P_age_15_39","Population 15-39",0.0123049551621079
5,20022,"P_read_write","Literacy",-0.002256776439026
5,20022,"P_cell_phone","Cell phone",-0.00350655731745064
5,20022,"P_internet","Internet",0.00534193916246295
5,20022,"P_poverty","Poverty",0.0018849482294172
5,20022,"bias_w","Spatial bias",0.027308251708746
5,20023,"P_age_00_14","Population 0-14",-0.00185734801925719
5,20023,"P_age_15_39","Population 15-39",-0.00103154953103513
5,20023,"P_read_write","Literacy",-0.0179030671715736
5,20023,"P_cell_phone","Cell phone",-0.00544013688340783
5,20023,"P_internet","Internet",-0.00632767099887133
5,20023,"P_poverty","Poverty",0.00383130763657391
5,20023,"bias_w","Spatial bias",-0.0868157744407654
5,20024,"P_age_00_14","Population 0-14",0.000887288828380406
5,20024,"P_age_15_39","Population 15-39",0.00595900602638721
5,20024,"P_read_write","Literacy",0.00507171452045441
5,20024,"P_cell_phone","Cell phone",-0.00270742666907609
5,20024,"P_internet","Internet",0.00166259577963501
5,20024,"P_poverty","Poverty",0.00278503866866231
5,20024,"bias_w","Spatial bias",0.0231864657253027
5,20026,"P_age_00_14","Population 0-14",-0.00140694971196353
5,20026,"P_age_15_39","Population 15-39",0.00276084477081895
5,20026,"P_read_write","Literacy",0.00425149826332927
5,20026,"P_cell_phone","Cell phone",-0.00122203701175749
5,20026,"P_internet","Internet",0.00332955038174987
5,20026,"P_poverty","Poverty",0.00167107197921723
5,20026,"bias_w","Spatial bias",0.0180956162512302
5,20029,"P_age_00_14","Population 0-14",0.0087045468389988
5,20029,"P_age_15_39","Population 15-39",0.0025713718496263
5,20029,"P_read_write","Literacy",0.00836041569709778
5,20029,"P_cell_phone","Cell phone",-0.00256976182572544
5,20029,"P_internet","Internet",0.00870994292199612
5,20029,"P_poverty","Poverty",0.00232804892584682
5,20029,"bias_w","Spatial bias",0.0325329937040806
5,20031,"P_age_00_14","Population 0-14",0.00639003654941916
5,20031,"P_age_15_39","Population 15-39",0.00260087638162076
5,20031,"P_read_write","Literacy",0.0053415335714817
5,20031,"P_cell_phone","Cell phone",-0.000800130714196712
5,20031,"P_internet","Internet",0.00640001194551587
5,20031,"P_poverty","Poverty",0.0020792162977159
5,20031,"bias_w","Spatial bias",0.0223613437265158
5,20032,"P_age_00_14","Population 0-14",-0.00288120377808809
5,20032,"P_age_15_39","Population 15-39",0.00235773366875947
5,20032,"P_read_write","Literacy",0.00498507916927338
5,20032,"P_cell_phone","Cell phone",-0.00177734473254532
5,20032,"P_internet","Internet",0.00497977435588837
5,20032,"P_poverty","Poverty",0.00194721994921565
5,20032,"bias_w","Spatial bias",0.0224638413637877
5,20036,"P_age_00_14","Population 0-14",0.0078112930059433
5,20036,"P_age_15_39","Population 15-39",-0.000436515256296843
5,20036,"P_read_write","Literacy",0.004622723441571
5,20036,"P_cell_phone","Cell phone",-0.00131249916739762
5,20036,"P_internet","Internet",-0.011945391073823
5,20036,"P_poverty","Poverty",0.0018836623057723
5,20036,"bias_w","Spatial bias",0.029070720076561
5,20037,"P_age_00_14","Population 0-14",0.00911680981516838
5,20037,"P_age_15_39","Population 15-39",0.0016141691012308
5,20037,"P_read_write","Literacy",0.00566042773425579
5,20037,"P_cell_phone","Cell phone",-0.00103057781234384
5,20037,"P_internet","Internet",0.00776666216552258
5,20037,"P_poverty","Poverty",0.00148708594497293
5,20037,"bias_w","Spatial bias",0.025632232427597
5,20039,"P_age_00_14","Population 0-14",-0.00166470813564956
5,20039,"P_age_15_39","Population 15-39",-0.00300213205628097
5,20039,"P_read_write","Literacy",-0.00277416151948273
5,20039,"P_cell_phone","Cell phone",-0.00198125373572111
5,20039,"P_internet","Internet",-0.00669026793912053
5,20039,"P_poverty","Poverty",0.00478924065828323
5,20039,"bias_w","Spatial bias",-0.0273708943277597
5,20041,"P_age_00_14","Population 0-14",0.00785037036985159
5,20041,"P_age_15_39","Population 15-39",0.00329816900193691
5,20041,"P_read_write","Literacy",0.00813684053719044
5,20041,"P_cell_phone","Cell phone",-0.000858808285556734
5,20041,"P_internet","Internet",0.00280013773590326
5,20041,"P_poverty","Poverty",0.00177546683698893
5,20041,"bias_w","Spatial bias",0.0248973444104195
5,20042,"P_age_00_14","Population 0-14",0.00617473991587758
5,20042,"P_age_15_39","Population 15-39",-0.00223475089296699
5,20042,"P_read_write","Literacy",-0.00474050501361489
5,20042,"P_cell_phone","Cell phone",-0.00171121547464281
5,20042,"P_internet","Internet",-0.0056220549158752
5,20042,"P_poverty","Poverty",0.00262670288793743
5,20042,"bias_w","Spatial bias",0.0225452836602926
5,20043,"P_age_00_14","Population 0-14",-0.00443449057638645
5,20043,"P_age_15_39","Population 15-39",-0.00200711213983595
5,20043,"P_read_write","Literacy",0.00373240164481103
5,20043,"P_cell_phone","Cell phone",-0.0025006509386003
5,20043,"P_internet","Internet",-0.00819266866892576
5,20043,"P_poverty","Poverty",0.00278203072957695
5,20043,"bias_w","Spatial bias",0.00895002391189337
5,20044,"P_age_00_14","Population 0-14",-0.00201049353927374
5,20044,"P_age_15_39","Population 15-39",0.00285460753366351
5,20044,"P_read_write","Literacy",0.00382620026357472
5,20044,"P_cell_phone","Cell phone",-0.00145550852175802
5,20044,"P_internet","Internet",-0.00369766750372946
5,20044,"P_poverty","Poverty",0.0021657741162926
5,20044,"bias_w","Spatial bias",0.00648952834308147
5,20045,"P_age_00_14","Population 0-14",-0.00538227055221796
5,20045,"P_age_15_39","Population 15-39",-0.0067388559691608
5,20045,"P_read_write","Literacy",-0.0109661957249045
5,20045,"P_cell_phone","Cell phone",0.0352292731404305
5,20045,"P_internet","Internet",-0.00429310323670506
5,20045,"P_poverty","Poverty",-0.00467658275738358
5,20045,"bias_w","Spatial bias",-0.0745634585618973
5,20046,"P_age_00_14","Population 0-14",-0.0051773632876575
5,20046,"P_age_15_39","Population 15-39",0.0103013683110476
5,20046,"P_read_write","Literacy",0.000715009227860719
5,20046,"P_cell_phone","Cell phone",-0.00158373964950442
5,20046,"P_internet","Internet",0.0072657666169107
5,20046,"P_poverty","Poverty",0.00173638702835888
5,20046,"bias_w","Spatial bias",0.00909166876226664
5,20048,"P_age_00_14","Population 0-14",0.0137138776481152
5,20048,"P_age_15_39","Population 15-39",-0.00676101399585605
5,20048,"P_read_write","Literacy",0.0192605666816235
5,20048,"P_cell_phone","Cell phone",-0.00426869140937924
5,20048,"P_internet","Internet",0.0165578685700893
5,20048,"P_poverty","Poverty",-0.000470699713332579
5,20048,"bias_w","Spatial bias",-0.128055930137634
5,20050,"P_age_00_14","Population 0-14",0.010458093136549
5,20050,"P_age_15_39","Population 15-39",0.00443030660971999
5,20050,"P_read_write","Literacy",0.00728500448167324
5,20050,"P_cell_phone","Cell phone",-0.0063711772672832
5,20050,"P_internet","Internet",0.00919945072382689
5,20050,"P_poverty","Poverty",0.00203147227875888
5,20050,"bias_w","Spatial bias",-0.0263359658420086
5,20052,"P_age_00_14","Population 0-14",-0.00365222757682204
5,20052,"P_age_15_39","Population 15-39",0.00277984538115561
5,20052,"P_read_write","Literacy",0.00379391550086439
5,20052,"P_cell_phone","Cell phone",-0.00108938850462437
5,20052,"P_internet","Internet",0.00562503980472684
5,20052,"P_poverty","Poverty",0.00192875391803682
5,20052,"bias_w","Spatial bias",0.0220525749027729
5,20053,"P_age_00_14","Population 0-14",-0.0122654447332025
5,20053,"P_age_15_39","Population 15-39",0.0145450849086046
5,20053,"P_read_write","Literacy",0.00519824540242553
5,20053,"P_cell_phone","Cell phone",-0.00506388675421476
5,20053,"P_internet","Internet",0.00346774328500032
5,20053,"P_poverty","Poverty",-0.00562899652868509
5,20053,"bias_w","Spatial bias",-0.06040945276618
5,20055,"P_age_00_14","Population 0-14",-0.000550463853869587
5,20055,"P_age_15_39","Population 15-39",0.00374998338520527
5,20055,"P_read_write","Literacy",0.00360123114660382
5,20055,"P_cell_phone","Cell phone",-0.00126856134738773
5,20055,"P_internet","Internet",0.00544701144099236
5,20055,"P_poverty","Poverty",0.00177454703953117
5,20055,"bias_w","Spatial bias",0.0164851006120443
5,20057,"P_age_00_14","Population 0-14",-0.00224954565055668
5,20057,"P_age_15_39","Population 15-39",0.00196381332352757
5,20057,"P_read_write","Literacy",0.00225433963350952
5,20057,"P_cell_phone","Cell phone",-0.00152960768900812
5,20057,"P_internet","Internet",0.00218015909194946
5,20057,"P_poverty","Poverty",0.00174688256811351
5,20057,"bias_w","Spatial bias",0.0193390548229218
5,20058,"P_age_00_14","Population 0-14",0.0093219019472599
5,20058,"P_age_15_39","Population 15-39",0.00291910278610885
5,20058,"P_read_write","Literacy",0.00827473308891058
5,20058,"P_cell_phone","Cell phone",-0.00238287472166121
5,20058,"P_internet","Internet",0.00863956846296787
5,20058,"P_poverty","Poverty",0.0026521033141762
5,20058,"bias_w","Spatial bias",0.0270197037607431
5,20060,"P_age_00_14","Population 0-14",-0.00163102126680315
5,20060,"P_age_15_39","Population 15-39",0.00253151031211019
5,20060,"P_read_write","Literacy",0.00605531642213464
5,20060,"P_cell_phone","Cell phone",-0.00115744618233293
5,20060,"P_internet","Internet",0.00742092123255134
5,20060,"P_poverty","Poverty",0.00249025458469987
5,20060,"bias_w","Spatial bias",0.0255273655056953
5,20064,"P_age_00_14","Population 0-14",-0.00446181511506438
5,20064,"P_age_15_39","Population 15-39",-0.0033707635011524
5,20064,"P_read_write","Literacy",-0.00230487948283553
5,20064,"P_cell_phone","Cell phone",-0.00135957868769765
5,20064,"P_internet","Internet",0.00616153981536627
5,20064,"P_poverty","Poverty",0.00235516158863902
5,20064,"bias_w","Spatial bias",0.0263395793735981
5,20066,"P_age_00_14","Population 0-14",-0.00337882316671312
5,20066,"P_age_15_39","Population 15-39",0.00851012952625751
5,20066,"P_read_write","Literacy",0.00262061948888004
5,20066,"P_cell_phone","Cell phone",-0.00105113221798092
5,20066,"P_internet","Internet",0.00654076458886266
5,20066,"P_poverty","Poverty",0.00135067943483591
5,20066,"bias_w","Spatial bias",0.0215565320104361
5,20067,"P_age_00_14","Population 0-14",-0.00670731998980045
5,20067,"P_age_15_39","Population 15-39",-0.00339255784638226
5,20067,"P_read_write","Literacy",-0.00797238294035196
5,20067,"P_cell_phone","Cell phone",0.0290119610726833
5,20067,"P_internet","Internet",-0.00629099411889911
5,20067,"P_poverty","Poverty",-0.00192047492600977
5,20067,"bias_w","Spatial bias",-0.108435735106468
5,20068,"P_age_00_14","Population 0-14",-0.00367515115067363
5,20068,"P_age_15_39","Population 15-39",-0.00314924865961075
5,20068,"P_read_write","Literacy",-0.00166811957024038
5,20068,"P_cell_phone","Cell phone",-0.00124145473819226
5,20068,"P_internet","Internet",-0.0080599207431078
5,20068,"P_poverty","Poverty",0.00392675260081887
5,20068,"bias_w","Spatial bias",-0.0223672613501549
5,20072,"P_age_00_14","Population 0-14",0.00880232825875282
5,20072,"P_age_15_39","Population 15-39",-0.00288972444832325
5,20072,"P_read_write","Literacy",0.00565811665728688
5,20072,"P_cell_phone","Cell phone",-0.00121222622692585
5,20072,"P_internet","Internet",0.000165423974976875
5,20072,"P_poverty","Poverty",0.00197107647545636
5,20072,"bias_w","Spatial bias",0.0258902199566364
5,20073,"P_age_00_14","Population 0-14",0.00741890864446759
5,20073,"P_age_15_39","Population 15-39",-0.00187228375580162
5,20073,"P_read_write","Literacy",0.00436430890113115
5,20073,"P_cell_phone","Cell phone",-0.00151830678805709
5,20073,"P_internet","Internet",0.00129699939861894
5,20073,"P_poverty","Poverty",0.00208232156001031
5,20073,"bias_w","Spatial bias",0.0237942896783352
5,20075,"P_age_00_14","Population 0-14",-0.00732755148783326
5,20075,"P_age_15_39","Population 15-39",0.0135861542075872
5,20075,"P_read_write","Literacy",0.00340428692288697
5,20075,"P_cell_phone","Cell phone",-0.00223326124250889
5,20075,"P_internet","Internet",0.00393848866224289
5,20075,"P_poverty","Poverty",0.00204968079924583
5,20075,"bias_w","Spatial bias",0.0218113660812378
5,20079,"P_age_00_14","Population 0-14",-0.00507844239473343
5,20079,"P_age_15_39","Population 15-39",-0.00527741527184844
5,20079,"P_read_write","Literacy",-0.00462970696389675
5,20079,"P_cell_phone","Cell phone",0.0144182881340384
5,20079,"P_internet","Internet",-0.00673739053308964
5,20079,"P_poverty","Poverty",-0.00599005026742816
5,20079,"bias_w","Spatial bias",-0.0254220832139254
5,20084,"P_age_00_14","Population 0-14",-0.0150724723935127
5,20084,"P_age_15_39","Population 15-39",-0.0232687778770924
5,20084,"P_read_write","Literacy",-0.0169615522027016
5,20084,"P_cell_phone","Cell phone",-0.0262440983206034
5,20084,"P_internet","Internet",-0.0182182174175978
5,20084,"P_poverty","Poverty",-0.0290313251316547
5,20084,"bias_w","Spatial bias",-0.121933877468109
5,20086,"P_age_00_14","Population 0-14",-0.00221004849299788
5,20086,"P_age_15_39","Population 15-39",0.00285506388172507
5,20086,"P_read_write","Literacy",0.000720373704098165
5,20086,"P_cell_phone","Cell phone",-0.00415539182722569
5,20086,"P_internet","Internet",0.00563774909824133
5,20086,"P_poverty","Poverty",0.00166544620878994
5,20086,"bias_w","Spatial bias",0.0203851647675037
5,20088,"P_age_00_14","Population 0-14",0.00732850423082709
5,20088,"P_age_15_39","Population 15-39",0.00280490634031594
5,20088,"P_read_write","Literacy",0.00441727414727211
5,20088,"P_cell_phone","Cell phone",-0.00131538265850395
5,20088,"P_internet","Internet",0.00622765114530921
5,20088,"P_poverty","Poverty",0.00237250234931707
5,20088,"bias_w","Spatial bias",0.0244121216237545
5,20089,"P_age_00_14","Population 0-14",-0.00519754458218813
5,20089,"P_age_15_39","Population 15-39",-0.0042826384305954
5,20089,"P_read_write","Literacy",0.00353026459924877
5,20089,"P_cell_phone","Cell phone",-0.00881579425185919
5,20089,"P_internet","Internet",0.00439160550013185
5,20089,"P_poverty","Poverty",0.00221291999332607
5,20089,"bias_w","Spatial bias",-0.00563012110069394
5,20093,"P_age_00_14","Population 0-14",-0.00389975705184042
5,20093,"P_age_15_39","Population 15-39",0.0150015382096171
5,20093,"P_read_write","Literacy",-0.00981845520436764
5,20093,"P_cell_phone","Cell phone",-0.00391811039298773
5,20093,"P_internet","Internet",0.00382894137874246
5,20093,"P_poverty","Poverty",-6.99844531482086e-05
5,20093,"bias_w","Spatial bias",0.0290905646979809
5,20094,"P_age_00_14","Population 0-14",-0.00175149040296674
5,20094,"P_age_15_39","Population 15-39",0.00459240237250924
5,20094,"P_read_write","Literacy",-0.00825442746281624
5,20094,"P_cell_phone","Cell phone",-0.00129654130432755
5,20094,"P_internet","Internet",0.0064648874104023
5,20094,"P_poverty","Poverty",0.00238542840816081
5,20094,"bias_w","Spatial bias",0.0296486094594002
5,20097,"P_age_00_14","Population 0-14",-0.0093009676784277
5,20097,"P_age_15_39","Population 15-39",0.00400214968249202
5,20097,"P_read_write","Literacy",-0.00167116173543036
5,20097,"P_cell_phone","Cell phone",-0.00289339246228337
5,20097,"P_internet","Internet",0.00790251698344946
5,20097,"P_poverty","Poverty",0.00190818356350064
5,20097,"bias_w","Spatial bias",-0.0317153371870518
5,20098,"P_age_00_14","Population 0-14",0.00917433202266693
5,20098,"P_age_15_39","Population 15-39",0.00253497785888612
5,20098,"P_read_write","Literacy",0.00773943867534399
5,20098,"P_cell_phone","Cell phone",-0.00259403348900378
5,20098,"P_internet","Internet",0.00142833963036537
5,20098,"P_poverty","Poverty",0.00233743549324572
5,20098,"bias_w","Spatial bias",0.0326618291437626
5,20099,"P_age_00_14","Population 0-14",0.00836226064711809
5,20099,"P_age_15_39","Population 15-39",0.00167333369608968
5,20099,"P_read_write","Literacy",0.00468696746975183
5,20099,"P_cell_phone","Cell phone",-0.00375459063798189
5,20099,"P_internet","Internet",0.00461922958493233
5,20099,"P_poverty","Poverty",0.00162448023911566
5,20099,"bias_w","Spatial bias",0.0218733977526426
5,20100,"P_age_00_14","Population 0-14",-0.00974354706704617
5,20100,"P_age_15_39","Population 15-39",0.0120363999158144
5,20100,"P_read_write","Literacy",0.00343283568508923
5,20100,"P_cell_phone","Cell phone",-0.00464719580486417
5,20100,"P_internet","Internet",0.0063980738632381
5,20100,"P_poverty","Poverty",0.00152326887473464
5,20100,"bias_w","Spatial bias",0.0247811805456877
5,20102,"P_age_00_14","Population 0-14",-0.00451160594820976
5,20102,"P_age_15_39","Population 15-39",-0.00855374243110418
5,20102,"P_read_write","Literacy",-0.0186802502721548
5,20102,"P_cell_phone","Cell phone",-0.0108402837067842
5,20102,"P_internet","Internet",-0.00648185005411506
5,20102,"P_poverty","Poverty",0.00473090121522546
5,20102,"bias_w","Spatial bias",-0.0826255530118942
5,20104,"P_age_00_14","Population 0-14",0.00876828376203775
5,20104,"P_age_15_39","Population 15-39",-0.00305609707720578
5,20104,"P_read_write","Literacy",-0.000944251951295882
5,20104,"P_cell_phone","Cell phone",-0.00118678389117122
5,20104,"P_internet","Internet",0.00320136407390237
5,20104,"P_poverty","Poverty",0.00284924730658531
5,20104,"bias_w","Spatial bias",0.0233285650610924
5,20105,"P_age_00_14","Population 0-14",0.00968447048217058
5,20105,"P_age_15_39","Population 15-39",-0.00249677686952055
5,20105,"P_read_write","Literacy",-0.00218596868216991
5,20105,"P_cell_phone","Cell phone",-0.0013750036014244
5,20105,"P_internet","Internet",0.00274556828662753
5,20105,"P_poverty","Poverty",0.0027413812931627
5,20105,"bias_w","Spatial bias",0.0237282440066338
5,20108,"P_age_00_14","Population 0-14",0.00608813157305121
5,20108,"P_age_15_39","Population 15-39",0.0101401107385755
5,20108,"P_read_write","Literacy",0.00284301210194826
5,20108,"P_cell_phone","Cell phone",-0.00312692113220692
5,20108,"P_internet","Internet",0.00690761068835855
5,20108,"P_poverty","Poverty",0.00177077017724514
5,20108,"bias_w","Spatial bias",0.0252042580395937
5,20109,"P_age_00_14","Population 0-14",-0.0039662579074502
5,20109,"P_age_15_39","Population 15-39",-0.00340409833006561
5,20109,"P_read_write","Literacy",-0.00320037151686847
5,20109,"P_cell_phone","Cell phone",-0.00174622389022261
5,20109,"P_internet","Internet",0.00251377350650728
5,20109,"P_poverty","Poverty",0.00271609332412481
5,20109,"bias_w","Spatial bias",0.0207941737025976
5,20119,"P_age_00_14","Population 0-14",-0.009349649772048
5,20119,"P_age_15_39","Population 15-39",0.00441198656335473
5,20119,"P_read_write","Literacy",0.00768317608162761
5,20119,"P_cell_phone","Cell phone",-0.0033137621358037
5,20119,"P_internet","Internet",-0.00502298772335052
5,20119,"P_poverty","Poverty",0.00161892443429679
5,20119,"bias_w","Spatial bias",0.0359947495162487
5,20121,"P_age_00_14","Population 0-14",-0.00834458135068417
5,20121,"P_age_15_39","Population 15-39",0.0197905711829662
5,20121,"P_read_write","Literacy",-0.00181771593634039
5,20121,"P_cell_phone","Cell phone",-0.00156145659275353
5,20121,"P_internet","Internet",0.0031308657489717
5,20121,"P_poverty","Poverty",0.00174987269565463
5,20121,"bias_w","Spatial bias",-0.00447279633954167
5,20123,"P_age_00_14","Population 0-14",0.00835012272000313
5,20123,"P_age_15_39","Population 15-39",0.00536363059654832
5,20123,"P_read_write","Literacy",0.0147317321971059
5,20123,"P_cell_phone","Cell phone",-0.00261084455996752
5,20123,"P_internet","Internet",0.014985591173172
5,20123,"P_poverty","Poverty",-0.000638786819763482
5,20123,"bias_w","Spatial bias",-0.0736890211701393
5,20124,"P_age_00_14","Population 0-14",-0.00598672870546579
5,20124,"P_age_15_39","Population 15-39",-0.00413266289979219
5,20124,"P_read_write","Literacy",0.011486348696053
5,20124,"P_cell_phone","Cell phone",-0.00147142179775983
5,20124,"P_internet","Internet",0.00807011313736439
5,20124,"P_poverty","Poverty",0.00239173858426511
5,20124,"bias_w","Spatial bias",-0.0452762432396412
5,20127,"P_age_00_14","Population 0-14",0.0120434146374464
5,20127,"P_age_15_39","Population 15-39",-0.00243481318466365
5,20127,"P_read_write","Literacy",0.00700222374871373
5,20127,"P_cell_phone","Cell phone",-0.00601967331022024
5,20127,"P_internet","Internet",0.00787248555570841
5,20127,"P_poverty","Poverty",0.00170225545298308
5,20127,"bias_w","Spatial bias",-0.0411697067320347
5,20130,"P_age_00_14","Population 0-14",-0.00149107631295919
5,20130,"P_age_15_39","Population 15-39",0.00312406360171735
5,20130,"P_read_write","Literacy",0.00473366444930434
5,20130,"P_cell_phone","Cell phone",-0.000767224410083145
5,20130,"P_internet","Internet",0.0054262294434011
5,20130,"P_poverty","Poverty",0.00177211232949048
5,20130,"bias_w","Spatial bias",0.0228100307285786
5,20131,"P_age_00_14","Population 0-14",-0.00467147119343281
5,20131,"P_age_15_39","Population 15-39",-0.00279587949626148
5,20131,"P_read_write","Literacy",0.00570684019476175
5,20131,"P_cell_phone","Cell phone",-0.00109962571877986
5,20131,"P_internet","Internet",0.00808674190193415
5,20131,"P_poverty","Poverty",0.00361874746158719
5,20131,"bias_w","Spatial bias",0.0243893731385469
5,20133,"P_age_00_14","Population 0-14",0.00798940658569336
5,20133,"P_age_15_39","Population 15-39",0.00237936968915164
5,20133,"P_read_write","Literacy",0.00687560997903347
5,20133,"P_cell_phone","Cell phone",-0.00125934823881835
5,20133,"P_internet","Internet",0.0076425145380199
5,20133,"P_poverty","Poverty",0.00245960778556764
5,20133,"bias_w","Spatial bias",0.0285950154066086
5,20134,"P_age_00_14","Population 0-14",0.0132105890661478
5,20134,"P_age_15_39","Population 15-39",-0.00142589898314327
5,20134,"P_read_write","Literacy",0.00895899534225464
5,20134,"P_cell_phone","Cell phone",-0.00119390746112913
5,20134,"P_internet","Internet",0.00924920383840799
5,20134,"P_poverty","Poverty",0.00283915270119905
5,20134,"bias_w","Spatial bias",0.0330628417432308
5,20135,"P_age_00_14","Population 0-14",-0.000955249299295247
5,20135,"P_age_15_39","Population 15-39",-0.00436707027256489
5,20135,"P_read_write","Literacy",-0.00191030430141836
5,20135,"P_cell_phone","Cell phone",-0.00513119203969836
5,20135,"P_internet","Internet",0.00520519353449345
5,20135,"P_poverty","Poverty",0.00369141157716513
5,20135,"bias_w","Spatial bias",-0.0961098968982697
5,20136,"P_age_00_14","Population 0-14",0.0121321622282267
5,20136,"P_age_15_39","Population 15-39",0.0019445363432169
5,20136,"P_read_write","Literacy",0.00587039161473513
5,20136,"P_cell_phone","Cell phone",-0.000835753220599145
5,20136,"P_internet","Internet",0.00889903772622347
5,20136,"P_poverty","Poverty",0.00218700570985675
5,20136,"bias_w","Spatial bias",0.0275506991893053
5,20137,"P_age_00_14","Population 0-14",0.00939761009067297
5,20137,"P_age_15_39","Population 15-39",-0.00218213349580765
5,20137,"P_read_write","Literacy",-0.0039805443957448
5,20137,"P_cell_phone","Cell phone",-0.00297959567978978
5,20137,"P_internet","Internet",0.00722098862752318
5,20137,"P_poverty","Poverty",0.00307199219241738
5,20137,"bias_w","Spatial bias",0.0330642834305763
5,20138,"P_age_00_14","Population 0-14",-0.00880901515483856
5,20138,"P_age_15_39","Population 15-39",0.0121739627793431
5,20138,"P_read_write","Literacy",-0.000787383178249002
5,20138,"P_cell_phone","Cell phone",-0.00486068520694971
5,20138,"P_internet","Internet",0.00463343318551779
5,20138,"P_poverty","Poverty",0.00166317366529256
5,20138,"bias_w","Spatial bias",-0.00496129645034671
5,20141,"P_age_00_14","Population 0-14",0.00866997800767422
5,20141,"P_age_15_39","Population 15-39",-0.00155576737597585
5,20141,"P_read_write","Literacy",0.0041518434882164
5,20141,"P_cell_phone","Cell phone",-0.001299845171161
5,20141,"P_internet","Internet",0.00607729982584715
5,20141,"P_poverty","Poverty",0.00205875397659838
5,20141,"bias_w","Spatial bias",0.0225702151656151
5,20143,"P_age_00_14","Population 0-14",-0.00404843175783753
5,20143,"P_age_15_39","Population 15-39",0.0031667435541749
5,20143,"P_read_write","Literacy",0.00368875055573881
5,20143,"P_cell_phone","Cell phone",-0.00114598404616117
5,20143,"P_internet","Internet",0.00217039650306106
5,20143,"P_poverty","Poverty",0.00162404496222734
5,20143,"bias_w","Spatial bias",0.0166787412017584
5,20147,"P_age_00_14","Population 0-14",-0.00415778439491987
5,20147,"P_age_15_39","Population 15-39",0.0202945936471224
5,20147,"P_read_write","Literacy",0.0116937523707747
5,20147,"P_cell_phone","Cell phone",-0.00494739506393671
5,20147,"P_internet","Internet",0.0110864350572228
5,20147,"P_poverty","Poverty",-7.50521212466992e-05
5,20147,"bias_w","Spatial bias",-0.097684696316719
5,20150,"P_age_00_14","Population 0-14",-0.00177003548014909
5,20150,"P_age_15_39","Population 15-39",-0.0029845992103219
5,20150,"P_read_write","Literacy",-0.00762384198606014
5,20150,"P_cell_phone","Cell phone",-0.00217579328455031
5,20150,"P_internet","Internet",0.00112806411925703
5,20150,"P_poverty","Poverty",0.00334786134772003
5,20150,"bias_w","Spatial bias",-0.00183578510768712
5,20151,"P_age_00_14","Population 0-14",-0.00598663650453091
5,20151,"P_age_15_39","Population 15-39",0.0227830745279789
5,20151,"P_read_write","Literacy",0.0119465747848153
5,20151,"P_cell_phone","Cell phone",-0.00546455755829811
5,20151,"P_internet","Internet",0.0152621697634459
5,20151,"P_poverty","Poverty",0.00303387478925288
5,20151,"bias_w","Spatial bias",-0.070341944694519
5,20152,"P_age_00_14","Population 0-14",0.0143132815137506
5,20152,"P_age_15_39","Population 15-39",-0.00122882297728211
5,20152,"P_read_write","Literacy",0.00748195592314005
5,20152,"P_cell_phone","Cell phone",-0.00273555470630527
5,20152,"P_internet","Internet",0.00838513113558292
5,20152,"P_poverty","Poverty",0.00312754488550127
5,20152,"bias_w","Spatial bias",0.0324957817792892
5,20156,"P_age_00_14","Population 0-14",-0.00579164549708366
5,20156,"P_age_15_39","Population 15-39",-0.00422297604382038
5,20156,"P_read_write","Literacy",0.000466778146801516
5,20156,"P_cell_phone","Cell phone",-0.00208646361716092
5,20156,"P_internet","Internet",0.00273245829157531
5,20156,"P_poverty","Poverty",0.00223731645382941
5,20156,"bias_w","Spatial bias",0.0228501707315445
5,20161,"P_age_00_14","Population 0-14",-0.0062166671268642
5,20161,"P_age_15_39","Population 15-39",-0.00554370600730181
5,20161,"P_read_write","Literacy",-0.00293513434007764
5,20161,"P_cell_phone","Cell phone",-0.00205427338369191
5,20161,"P_internet","Internet",0.00671803811565042
5,20161,"P_poverty","Poverty",0.00244784937240183
5,20161,"bias_w","Spatial bias",0.0240081176161766
5,20162,"P_age_00_14","Population 0-14",0.0126656796783209
5,20162,"P_age_15_39","Population 15-39",-0.0242718420922756
5,20162,"P_read_write","Literacy",0.00598767166957259
5,20162,"P_cell_phone","Cell phone",-0.00147510936949402
5,20162,"P_internet","Internet",0.00420463643968105
5,20162,"P_poverty","Poverty",0.00258072279393673
5,20162,"bias_w","Spatial bias",0.0303685944527388
5,20166,"P_age_00_14","Population 0-14",-0.00458876276388764
5,20166,"P_age_15_39","Population 15-39",-0.00277020852081478
5,20166,"P_read_write","Literacy",0.00402758875861764
5,20166,"P_cell_phone","Cell phone",-0.00163158110808581
5,20166,"P_internet","Internet",0.006358343642205
5,20166,"P_poverty","Poverty",0.0026839452330023
5,20166,"bias_w","Spatial bias",0.0230698883533478
5,20169,"P_age_00_14","Population 0-14",0.00994593650102615
5,20169,"P_age_15_39","Population 15-39",0.00514464406296611
5,20169,"P_read_write","Literacy",0.00745565257966518
5,20169,"P_cell_phone","Cell phone",-0.00246771471574903
5,20169,"P_internet","Internet",0.0086622703820467
5,20169,"P_poverty","Poverty",0.00243704277090728
5,20169,"bias_w","Spatial bias",0.0375298149883747
5,20171,"P_age_00_14","Population 0-14",0.00958664808422327
5,20171,"P_age_15_39","Population 15-39",0.00367082306183875
5,20171,"P_read_write","Literacy",0.00791469495743513
5,20171,"P_cell_phone","Cell phone",-0.00249295751564205
5,20171,"P_internet","Internet",0.00904558598995209
5,20171,"P_poverty","Poverty",0.00235141068696976
5,20171,"bias_w","Spatial bias",0.0348806194961071
5,20172,"P_age_00_14","Population 0-14",-0.00924584083259106
5,20172,"P_age_15_39","Population 15-39",0.0199773069471121
5,20172,"P_read_write","Literacy",-0.0015235630562529
5,20172,"P_cell_phone","Cell phone",-0.00231502996757627
5,20172,"P_internet","Internet",0.00517759006470442
5,20172,"P_poverty","Poverty",0.00290610082447529
5,20172,"bias_w","Spatial bias",-0.0297144837677479
5,20173,"P_age_00_14","Population 0-14",-0.00357833760790527
5,20173,"P_age_15_39","Population 15-39",0.0146049493923783
5,20173,"P_read_write","Literacy",-0.00688127381727099
5,20173,"P_cell_phone","Cell phone",-0.00404090667143464
5,20173,"P_internet","Internet",0.00343817472457886
5,20173,"P_poverty","Poverty",0.00106726784724742
5,20173,"bias_w","Spatial bias",0.0240210089832544
5,20175,"P_age_00_14","Population 0-14",-0.0039823274128139
5,20175,"P_age_15_39","Population 15-39",0.00422570016235113
5,20175,"P_read_write","Literacy",0.00510856183245778
5,20175,"P_cell_phone","Cell phone",-0.00350398919545114
5,20175,"P_internet","Internet",0.00632571615278721
5,20175,"P_poverty","Poverty",0.0028450267855078
5,20175,"bias_w","Spatial bias",0.0258624870330095
5,20176,"P_age_00_14","Population 0-14",-0.0019341433653608
5,20176,"P_age_15_39","Population 15-39",0.016097404062748
5,20176,"P_read_write","Literacy",0.000560957938432693
5,20176,"P_cell_phone","Cell phone",-0.00129320449195802
5,20176,"P_internet","Internet",0.00373542122542858
5,20176,"P_poverty","Poverty",0.00197450211271644
5,20176,"bias_w","Spatial bias",0.0268518012017012
5,20177,"P_age_00_14","Population 0-14",-0.00258408300578594
5,20177,"P_age_15_39","Population 15-39",0.00369032239541411
5,20177,"P_read_write","Literacy",-0.00235551269724965
5,20177,"P_cell_phone","Cell phone",-0.00106158514972776
5,20177,"P_internet","Internet",0.0055601205676794
5,20177,"P_poverty","Poverty",0.00166432710830122
5,20177,"bias_w","Spatial bias",0.00678662024438381
5,20179,"P_age_00_14","Population 0-14",-0.00210280856117606
5,20179,"P_age_15_39","Population 15-39",0.00517901871353388
5,20179,"P_read_write","Literacy",-0.00172367761842906
5,20179,"P_cell_phone","Cell phone",-0.00232936325483024
5,20179,"P_internet","Internet",-0.00427533686161041
5,20179,"P_poverty","Poverty",0.00168608804233372
5,20179,"bias_w","Spatial bias",0.027466181665659
5,20183,"P_age_00_14","Population 0-14",0.0087638171389699
5,20183,"P_age_15_39","Population 15-39",0.00232546939514577
5,20183,"P_read_write","Literacy",0.00497316941618919
5,20183,"P_cell_phone","Cell phone",-0.00471485499292612
5,20183,"P_internet","Internet",0.00601616082713008
5,20183,"P_poverty","Poverty",0.0012894868850708
5,20183,"bias_w","Spatial bias",0.00580070307478309
5,20184,"P_age_00_14","Population 0-14",-0.00342410779558122
5,20184,"P_age_15_39","Population 15-39",-0.00224299659021199
5,20184,"P_read_write","Literacy",-0.0011485714931041
5,20184,"P_cell_phone","Cell phone",-0.00231098872609437
5,20184,"P_internet","Internet",-0.00804476626217365
5,20184,"P_poverty","Poverty",0.00278996466659009
5,20184,"bias_w","Spatial bias",0.0193764697760344
5,20186,"P_age_00_14","Population 0-14",-0.00190364802256227
5,20186,"P_age_15_39","Population 15-39",0.0146250557154417
5,20186,"P_read_write","Literacy",0.00109478284139186
5,20186,"P_cell_phone","Cell phone",-0.00154868781100959
5,20186,"P_internet","Internet",0.00531911244615912
5,20186,"P_poverty","Poverty",0.00113003107253462
5,20186,"bias_w","Spatial bias",0.0191859919577837
5,20187,"P_age_00_14","Population 0-14",-0.00671068299561739
5,20187,"P_age_15_39","Population 15-39",-0.00300431880168617
5,20187,"P_read_write","Literacy",0.00574705423787236
5,20187,"P_cell_phone","Cell phone",-0.0030149957165122
5,20187,"P_internet","Internet",0.00835981126874685
5,20187,"P_poverty","Poverty",0.0037908882368356
5,20187,"bias_w","Spatial bias",0.029097942635417
5,20189,"P_age_00_14","Population 0-14",0.0141920102760196
5,20189,"P_age_15_39","Population 15-39",-0.00201617646962404
5,20189,"P_read_write","Literacy",0.00697819143533707
5,20189,"P_cell_phone","Cell phone",-0.00265829125419259
5,20189,"P_internet","Internet",0.000397488853195682
5,20189,"P_poverty","Poverty",0.00296807382255793
5,20189,"bias_w","Spatial bias",0.0288405530154705
5,20190,"P_age_00_14","Population 0-14",0.00361428502947092
5,20190,"P_age_15_39","Population 15-39",0.00247408868744969
5,20190,"P_read_write","Literacy",0.00413585314527154
5,20190,"P_cell_phone","Cell phone",-0.0010953590972349
5,20190,"P_internet","Internet",0.00260341260582209
5,20190,"P_poverty","Poverty",0.00188844278454781
5,20190,"bias_w","Spatial bias",0.0225643515586853
5,20193,"P_age_00_14","Population 0-14",-0.00303789204917848
5,20193,"P_age_15_39","Population 15-39",-0.008290302939713
5,20193,"P_read_write","Literacy",0.0012642287183553
5,20193,"P_cell_phone","Cell phone",-0.00686775939539075
5,20193,"P_internet","Internet",0.00494614662602544
5,20193,"P_poverty","Poverty",0.00443694833666086
5,20193,"bias_w","Spatial bias",-0.080364853143692
5,20198,"P_age_00_14","Population 0-14",-0.00239455257542431
5,20198,"P_age_15_39","Population 15-39",0.00342527707107365
5,20198,"P_read_write","Literacy",0.00473409378901124
5,20198,"P_cell_phone","Cell phone",-0.00101847294718027
5,20198,"P_internet","Internet",0.00568967126309872
5,20198,"P_poverty","Poverty",0.00181983434595168
5,20198,"bias_w","Spatial bias",0.0189370177686214
5,20199,"P_age_00_14","Population 0-14",-0.00551003869622946
5,20199,"P_age_15_39","Population 15-39",0.0111408205702901
5,20199,"P_read_write","Literacy",0.00427156919613481
5,20199,"P_cell_phone","Cell phone",-0.0033202082850039
5,20199,"P_internet","Internet",0.00566173112019897
5,20199,"P_poverty","Poverty",0.00217040115967393
5,20199,"bias_w","Spatial bias",0.021246625110507
5,20200,"P_age_00_14","Population 0-14",-0.00244401604868472
5,20200,"P_age_15_39","Population 15-39",0.00349099864251912
5,20200,"P_read_write","Literacy",0.00570166949182749
5,20200,"P_cell_phone","Cell phone",-0.00329861626960337
5,20200,"P_internet","Internet",0.0080450139939785
5,20200,"P_poverty","Poverty",0.00176511169411242
5,20200,"bias_w","Spatial bias",0.0258752666413784
5,20201,"P_age_00_14","Population 0-14",0.0130191026255488
5,20201,"P_age_15_39","Population 15-39",-0.0017763206269592
5,20201,"P_read_write","Literacy",0.00606999965384603
5,20201,"P_cell_phone","Cell phone",-0.00176332623232156
5,20201,"P_internet","Internet",0.00840465538203716
5,20201,"P_poverty","Poverty",0.0023481238167733
5,20201,"bias_w","Spatial bias",-0.00800230726599693
5,20205,"P_age_00_14","Population 0-14",0.0073520471341908
5,20205,"P_age_15_39","Population 15-39",0.0021405431907624
5,20205,"P_read_write","Literacy",0.00521117029711604
5,20205,"P_cell_phone","Cell phone",-0.00283437175676227
5,20205,"P_internet","Internet",0.0060157966800034
5,20205,"P_poverty","Poverty",0.002298713196069
5,20205,"bias_w","Spatial bias",0.0249320883303881
5,20206,"P_age_00_14","Population 0-14",-0.00218353141099215
5,20206,"P_age_15_39","Population 15-39",0.00819003395736217
5,20206,"P_read_write","Literacy",0.00424592196941376
5,20206,"P_cell_phone","Cell phone",-0.00110132293775678
5,20206,"P_internet","Internet",0.00119824870489538
5,20206,"P_poverty","Poverty",0.00185326091013849
5,20206,"bias_w","Spatial bias",0.0191825404763222
5,20207,"P_age_00_14","Population 0-14",0.00985960476100445
5,20207,"P_age_15_39","Population 15-39",-0.0013438519090414
5,20207,"P_read_write","Literacy",0.00515168905258179
5,20207,"P_cell_phone","Cell phone",-0.00187162670772523
5,20207,"P_internet","Internet",0.00625154981389642
5,20207,"P_poverty","Poverty",0.00198803981766105
5,20207,"bias_w","Spatial bias",0.0244655590504408
5,20208,"P_age_00_14","Population 0-14",-0.0104631334543228
5,20208,"P_age_15_39","Population 15-39",0.00651109591126442
5,20208,"P_read_write","Literacy",0.00371787324547768
5,20208,"P_cell_phone","Cell phone",-0.00137087353505194
5,20208,"P_internet","Internet",0.00653298478573561
5,20208,"P_poverty","Poverty",0.00163269892800599
5,20208,"bias_w","Spatial bias",0.00484087783843279
5,20210,"P_age_00_14","Population 0-14",-0.0032662081066519
5,20210,"P_age_15_39","Population 15-39",0.00295840110629797
5,20210,"P_read_write","Literacy",0.00469626532867551
5,20210,"P_cell_phone","Cell phone",-0.0020469524897635
5,20210,"P_internet","Internet",0.00898310355842113
5,20210,"P_poverty","Poverty",0.00258610164746642
5,20210,"bias_w","Spatial bias",0.00692125223577023
5,20212,"P_age_00_14","Population 0-14",0.0105780139565468
5,20212,"P_age_15_39","Population 15-39",0.00209695426747203
5,20212,"P_read_write","Literacy",0.00848889257758856
5,20212,"P_cell_phone","Cell phone",-0.0029369059484452
5,20212,"P_internet","Internet",0.00985668785870075
5,20212,"P_poverty","Poverty",0.00222279713489115
5,20212,"bias_w","Spatial bias",0.0326391719281673
5,20214,"P_age_00_14","Population 0-14",-0.00434493832290173
5,20214,"P_age_15_39","Population 15-39",0.00266031478531659
5,20214,"P_read_write","Literacy",0.00587682146579027
5,20214,"P_cell_phone","Cell phone",-0.000939877994824201
5,20214,"P_internet","Internet",0.00754725653678179
5,20214,"P_poverty","Poverty",0.00176852510776371
5,20214,"bias_w","Spatial bias",0.0262680537998676
5,20217,"P_age_00_14","Population 0-14",0.00917577371001244
5,20217,"P_age_15_39","Population 15-39",0.00497372448444366
5,20217,"P_read_write","Literacy",0.00696706725284457
5,20217,"P_cell_phone","Cell phone",-0.00265603582374752
5,20217,"P_internet","Internet",0.00789879355579615
5,20217,"P_poverty","Poverty",0.00229921331629157
5,20217,"bias_w","Spatial bias",0.032585684210062
5,20218,"P_age_00_14","Population 0-14",-0.00611754041165113
5,20218,"P_age_15_39","Population 15-39",0.0123087912797928
5,20218,"P_read_write","Literacy",0.00651516625657678
5,20218,"P_cell_phone","Cell phone",-0.00369842117652297
5,20218,"P_internet","Internet",0.00671008415520191
5,20218,"P_poverty","Poverty",0.00238059484399855
5,20218,"bias_w","Spatial bias",0.0289180930703878
5,20220,"P_age_00_14","Population 0-14",-0.00220131035894156
5,20220,"P_age_15_39","Population 15-39",0.00397189240902662
5,20220,"P_read_write","Literacy",-0.00684296572580934
5,20220,"P_cell_phone","Cell phone",-0.00248763500712812
5,20220,"P_internet","Internet",0.00669039599597454
5,20220,"P_poverty","Poverty",0.00251243100501597
5,20220,"bias_w","Spatial bias",0.0358218066394329
5,20221,"P_age_00_14","Population 0-14",-0.00425300374627113
5,20221,"P_age_15_39","Population 15-39",0.00733665656298399
5,20221,"P_read_write","Literacy",-0.00306587037630379
5,20221,"P_cell_phone","Cell phone",-0.00129337760154158
5,20221,"P_internet","Internet",0.00552062783390284
5,20221,"P_poverty","Poverty",0.00208312226459384
5,20221,"bias_w","Spatial bias",-0.00387270702049136
5,20222,"P_age_00_14","Population 0-14",-0.00246042013168335
5,20222,"P_age_15_39","Population 15-39",0.00662199361249804
5,20222,"P_read_write","Literacy",0.00461264187470078
5,20222,"P_cell_phone","Cell phone",-0.00373162445612252
5,20222,"P_internet","Internet",0.00692780083045363
5,20222,"P_poverty","Poverty",0.00242524314671755
5,20222,"bias_w","Spatial bias",0.0203996114432812
5,20226,"P_age_00_14","Population 0-14",-0.00364936259575188
5,20226,"P_age_15_39","Population 15-39",-0.00355318142101169
5,20226,"P_read_write","Literacy",0.00310826883651316
5,20226,"P_cell_phone","Cell phone",-0.00123764190357178
5,20226,"P_internet","Internet",0.00354342185892165
5,20226,"P_poverty","Poverty",0.00259990873746574
5,20226,"bias_w","Spatial bias",0.0258348844945431
5,20227,"P_age_00_14","Population 0-14",-0.007933359593153
5,20227,"P_age_15_39","Population 15-39",-0.00204664445482194
5,20227,"P_read_write","Literacy",-0.0127197569236159
5,20227,"P_cell_phone","Cell phone",0.0179741512984037
5,20227,"P_internet","Internet",-0.00656076008453965
5,20227,"P_poverty","Poverty",0.00246458849869668
5,20227,"bias_w","Spatial bias",-0.0725248828530312
5,20231,"P_age_00_14","Population 0-14",0.0110968323424459
5,20231,"P_age_15_39","Population 15-39",-0.0290253758430481
5,20231,"P_read_write","Literacy",0.00729259755462408
5,20231,"P_cell_phone","Cell phone",-0.00234438083134592
5,20231,"P_internet","Internet",0.00518937641754746
5,20231,"P_poverty","Poverty",0.00294687109999359
5,20231,"bias_w","Spatial bias",0.037458773702383
5,20232,"P_age_00_14","Population 0-14",0.0107996016740799
5,20232,"P_age_15_39","Population 15-39",-0.00130092957988381
5,20232,"P_read_write","Literacy",0.00478564528748393
5,20232,"P_cell_phone","Cell phone",-0.00102518149651587
5,20232,"P_internet","Internet",0.00753447134047747
5,20232,"P_poverty","Poverty",0.00225233728997409
5,20232,"bias_w","Spatial bias",0.0269435700029135
5,20233,"P_age_00_14","Population 0-14",-0.0122365336865187
5,20233,"P_age_15_39","Population 15-39",-0.00428547943010926
5,20233,"P_read_write","Literacy",0.00579358777031302
5,20233,"P_cell_phone","Cell phone",-0.00212794402614236
5,20233,"P_internet","Internet",0.00594766670837998
5,20233,"P_poverty","Poverty",0.00239726202562451
5,20233,"bias_w","Spatial bias",0.00836447719484568
5,20234,"P_age_00_14","Population 0-14",0.00823216792196035
5,20234,"P_age_15_39","Population 15-39",0.0021133772097528
5,20234,"P_read_write","Literacy",0.00827189907431602
5,20234,"P_cell_phone","Cell phone",-0.00224977522157133
5,20234,"P_internet","Internet",0.00755222188308835
5,20234,"P_poverty","Poverty",0.00228220550343394
5,20234,"bias_w","Spatial bias",0.0358545556664467
5,20237,"P_age_00_14","Population 0-14",-0.00381191819906235
5,20237,"P_age_15_39","Population 15-39",0.0015979113522917
5,20237,"P_read_write","Literacy",0.00145767454523593
5,20237,"P_cell_phone","Cell phone",-0.00157528393901885
5,20237,"P_internet","Internet",0.00431098276749253
5,20237,"P_poverty","Poverty",0.00152239110320807
5,20237,"bias_w","Spatial bias",0.0196396559476852
5,20242,"P_age_00_14","Population 0-14",0.0140319662168622
5,20242,"P_age_15_39","Population 15-39",0.000367514410754666
5,20242,"P_read_write","Literacy",0.00864538457244635
5,20242,"P_cell_phone","Cell phone",-0.000753615982830524
5,20242,"P_internet","Internet",0.00809755083173513
5,20242,"P_poverty","Poverty",0.00194603123236448
5,20242,"bias_w","Spatial bias",0.0345831513404846
5,20244,"P_age_00_14","Population 0-14",0.00767674716189504
5,20244,"P_age_15_39","Population 15-39",-0.00245493091642857
5,20244,"P_read_write","Literacy",0.00462309783324599
5,20244,"P_cell_phone","Cell phone",-0.00143297610338777
5,20244,"P_internet","Internet",-0.00502065010368824
5,20244,"P_poverty","Poverty",0.00255196006037295
5,20244,"bias_w","Spatial bias",0.0248670484870672
5,20250,"P_age_00_14","Population 0-14",-0.011415290646255
5,20250,"P_age_15_39","Population 15-39",-0.0121947266161442
5,20250,"P_read_write","Literacy",-0.00851612724363804
5,20250,"P_cell_phone","Cell phone",-0.0126103386282921
5,20250,"P_internet","Internet",-0.0235426053404808
5,20250,"P_poverty","Poverty",0.00351052265614271
5,20250,"bias_w","Spatial bias",-0.132865011692047
5,20255,"P_age_00_14","Population 0-14",0.00928848516196012
5,20255,"P_age_15_39","Population 15-39",0.00230208807624876
5,20255,"P_read_write","Literacy",0.00810580886900425
5,20255,"P_cell_phone","Cell phone",-0.00368188810534775
5,20255,"P_internet","Internet",0.00692677311599255
5,20255,"P_poverty","Poverty",0.00217103445902467
5,20255,"bias_w","Spatial bias",0.0325511433184147
5,20259,"P_age_00_14","Population 0-14",0.0111135076731443
5,20259,"P_age_15_39","Population 15-39",0.00307998899370432
5,20259,"P_read_write","Literacy",0.00641212984919548
5,20259,"P_cell_phone","Cell phone",-0.00516750710085034
5,20259,"P_internet","Internet",0.00659005949273705
5,20259,"P_poverty","Poverty",0.00206971727311611
5,20259,"bias_w","Spatial bias",0.00604930892586708
5,20260,"P_age_00_14","Population 0-14",-0.00134618510492146
5,20260,"P_age_15_39","Population 15-39",-0.00461189122870564
5,20260,"P_read_write","Literacy",0.0163878779858351
5,20260,"P_cell_phone","Cell phone",-0.00473958207294345
5,20260,"P_internet","Internet",0.0170653853565454
5,20260,"P_poverty","Poverty",0.00103762571234256
5,20260,"bias_w","Spatial bias",-0.0760460868477821
5,20261,"P_age_00_14","Population 0-14",0.014939084649086
5,20261,"P_age_15_39","Population 15-39",-0.0015361700206995
5,20261,"P_read_write","Literacy",0.00560923060402274
5,20261,"P_cell_phone","Cell phone",-0.00173352123238146
5,20261,"P_internet","Internet",0.00620008166879416
5,20261,"P_poverty","Poverty",0.00229043397121131
5,20261,"bias_w","Spatial bias",0.0216522198170424
5,20262,"P_age_00_14","Population 0-14",-0.00193831080105156
5,20262,"P_age_15_39","Population 15-39",0.00929644890129566
5,20262,"P_read_write","Literacy",-0.0186636205762625
5,20262,"P_cell_phone","Cell phone",-0.00823988020420074
5,20262,"P_internet","Internet",0.00517403520643711
5,20262,"P_poverty","Poverty",0.00108833948615938
5,20262,"bias_w","Spatial bias",-0.0794969648122787
5,20265,"P_age_00_14","Population 0-14",-0.00256281066685915
5,20265,"P_age_15_39","Population 15-39",0.00311576551757753
5,20265,"P_read_write","Literacy",0.00460451981052756
5,20265,"P_cell_phone","Cell phone",-0.00307590770535171
5,20265,"P_internet","Internet",0.00574165303260088
5,20265,"P_poverty","Poverty",0.00195901608094573
5,20265,"bias_w","Spatial bias",0.022990457713604
5,20269,"P_age_00_14","Population 0-14",-0.00243133562617004
5,20269,"P_age_15_39","Population 15-39",-0.00282744993455708
5,20269,"P_read_write","Literacy",0.00390942394733429
5,20269,"P_cell_phone","Cell phone",-0.00166914984583855
5,20269,"P_internet","Internet",0.00356037053279579
5,20269,"P_poverty","Poverty",0.00294200493954122
5,20269,"bias_w","Spatial bias",0.0193340964615345
5,20270,"P_age_00_14","Population 0-14",0.00865552015602589
5,20270,"P_age_15_39","Population 15-39",0.00740728853270411
5,20270,"P_read_write","Literacy",0.00710756285116076
5,20270,"P_cell_phone","Cell phone",-0.00242518098093569
5,20270,"P_internet","Internet",0.00628825556486845
5,20270,"P_poverty","Poverty",0.00181943585630506
5,20270,"bias_w","Spatial bias",0.039556160569191
5,20271,"P_age_00_14","Population 0-14",0.0165609791874886
5,20271,"P_age_15_39","Population 15-39",-0.00136845838278532
5,20271,"P_read_write","Literacy",0.00933948159217834
5,20271,"P_cell_phone","Cell phone",-0.00356177845969796
5,20271,"P_internet","Internet",0.00816039461642504
5,20271,"P_poverty","Poverty",0.00255913962610066
5,20271,"bias_w","Spatial bias",0.0147295920178294
5,20273,"P_age_00_14","Population 0-14",0.018590247258544
5,20273,"P_age_15_39","Population 15-39",-0.00183685321826488
5,20273,"P_read_write","Literacy",0.0083983363583684
5,20273,"P_cell_phone","Cell phone",-0.00309084029868245
5,20273,"P_internet","Internet",-0.00566939683631063
5,20273,"P_poverty","Poverty",0.00283808982931077
5,20273,"bias_w","Spatial bias",-0.0111784860491753
5,20275,"P_age_00_14","Population 0-14",-0.00181237864308059
5,20275,"P_age_15_39","Population 15-39",-0.0020309288520366
5,20275,"P_read_write","Literacy",0.00617716694250703
5,20275,"P_cell_phone","Cell phone",-0.00279759359546006
5,20275,"P_internet","Internet",0.00825066491961479
5,20275,"P_poverty","Poverty",0.00315614603459835
5,20275,"bias_w","Spatial bias",0.027863897383213
5,20278,"P_age_00_14","Population 0-14",0.00785229913890362
5,20278,"P_age_15_39","Population 15-39",0.00217922776937485
5,20278,"P_read_write","Literacy",0.0049077901057899
5,20278,"P_cell_phone","Cell phone",-0.000901349703781307
5,20278,"P_internet","Internet",0.00637876335531473
5,20278,"P_poverty","Poverty",0.00156493147369474
5,20278,"bias_w","Spatial bias",0.0228447131812572
5,20282,"P_age_00_14","Population 0-14",-0.0037937315646559
5,20282,"P_age_15_39","Population 15-39",0.0056550670415163
5,20282,"P_read_write","Literacy",0.000816894927993417
5,20282,"P_cell_phone","Cell phone",-0.000862070301081985
5,20282,"P_internet","Internet",0.00622949190437794
5,20282,"P_poverty","Poverty",0.00192054850049317
5,20282,"bias_w","Spatial bias",0.0241024903953075
5,20283,"P_age_00_14","Population 0-14",-0.00196550320833921
5,20283,"P_age_15_39","Population 15-39",0.0147159826010466
5,20283,"P_read_write","Literacy",-0.00578219816088676
5,20283,"P_cell_phone","Cell phone",-0.00157863018102944
5,20283,"P_internet","Internet",0.00607088953256607
5,20283,"P_poverty","Poverty",0.00096696667606011
5,20283,"bias_w","Spatial bias",0.0275015141814947
5,20284,"P_age_00_14","Population 0-14",0.0164760369807482
5,20284,"P_age_15_39","Population 15-39",0.00233427900820971
5,20284,"P_read_write","Literacy",0.00835666246712208
5,20284,"P_cell_phone","Cell phone",-0.000943598686717451
5,20284,"P_internet","Internet",-0.0173494499176741
5,20284,"P_poverty","Poverty",0.00235545798204839
5,20284,"bias_w","Spatial bias",0.0201843716204166
5,20286,"P_age_00_14","Population 0-14",-0.00437302049249411
5,20286,"P_age_15_39","Population 15-39",0.00324132828973234
5,20286,"P_read_write","Literacy",0.0046344674192369
5,20286,"P_cell_phone","Cell phone",-0.00125289510469884
5,20286,"P_internet","Internet",0.00693470798432827
5,20286,"P_poverty","Poverty",0.00213328003883362
5,20286,"bias_w","Spatial bias",0.00471047358587384
5,20287,"P_age_00_14","Population 0-14",-0.00734167033806443
5,20287,"P_age_15_39","Population 15-39",0.0154127925634384
5,20287,"P_read_write","Literacy",0.00426392862573266
5,20287,"P_cell_phone","Cell phone",-0.00132703280542046
5,20287,"P_internet","Internet",0.00283726677298546
5,20287,"P_poverty","Poverty",0.00147058465518057
5,20287,"bias_w","Spatial bias",0.0066790939308703
5,20288,"P_age_00_14","Population 0-14",-0.00548925390467048
5,20288,"P_age_15_39","Population 15-39",-0.00259306211955845
5,20288,"P_read_write","Literacy",0.0042896862141788
5,20288,"P_cell_phone","Cell phone",-0.00186246645171195
5,20288,"P_internet","Internet",0.00875815004110336
5,20288,"P_poverty","Poverty",0.00334565853700042
5,20288,"bias_w","Spatial bias",0.00931002758443356
5,20290,"P_age_00_14","Population 0-14",-0.001730777323246
5,20290,"P_age_15_39","Population 15-39",0.00351991294883192
5,20290,"P_read_write","Literacy",0.00393173564225435
5,20290,"P_cell_phone","Cell phone",-0.00389885134063661
5,20290,"P_internet","Internet",0.00522820139303803
5,20290,"P_poverty","Poverty",0.00150605745147914
5,20290,"bias_w","Spatial bias",0.0203584004193544
5,20292,"P_age_00_14","Population 0-14",0.0109879868105054
5,20292,"P_age_15_39","Population 15-39",-0.0101657612249255
5,20292,"P_read_write","Literacy",-0.0112439058721066
5,20292,"P_cell_phone","Cell phone",-0.0133212320506573
5,20292,"P_internet","Internet",-0.031868502497673
5,20292,"P_poverty","Poverty",0.00047316076233983
5,20292,"bias_w","Spatial bias",-0.165724277496338
5,20294,"P_age_00_14","Population 0-14",-0.00503633264452219
5,20294,"P_age_15_39","Population 15-39",-0.00294060749001801
5,20294,"P_read_write","Literacy",-0.00544807128608227
5,20294,"P_cell_phone","Cell phone",0.00353476963937283
5,20294,"P_internet","Internet",-0.00566934328526258
5,20294,"P_poverty","Poverty",0.00133393402211368
5,20294,"bias_w","Spatial bias",0.00583946472033858
5,20296,"P_age_00_14","Population 0-14",-0.00467276386916637
5,20296,"P_age_15_39","Population 15-39",0.0105848973616958
5,20296,"P_read_write","Literacy",0.00149860244709998
5,20296,"P_cell_phone","Cell phone",-0.00179762288462371
5,20296,"P_internet","Internet",0.00399049837142229
5,20296,"P_poverty","Poverty",0.00167699425946921
5,20296,"bias_w","Spatial bias",0.0194454416632652
5,20297,"P_age_00_14","Population 0-14",0.0160194151103497
5,20297,"P_age_15_39","Population 15-39",-0.00136629876215011
5,20297,"P_read_write","Literacy",0.00850936211645603
5,20297,"P_cell_phone","Cell phone",-0.00288423942402005
5,20297,"P_internet","Internet",0.00891745742410421
5,20297,"P_poverty","Poverty",0.00254975515417755
5,20297,"bias_w","Spatial bias",0.0354598946869373
5,20298,"P_age_00_14","Population 0-14",-0.00517437560483813
5,20298,"P_age_15_39","Population 15-39",-0.00309610669501126
5,20298,"P_read_write","Literacy",-0.00223649968393147
5,20298,"P_cell_phone","Cell phone",-0.00201462302356958
5,20298,"P_internet","Internet",0.0026051620952785
5,20298,"P_poverty","Poverty",0.00267785531468689
5,20298,"bias_w","Spatial bias",0.0209725983440876
5,20304,"P_age_00_14","Population 0-14",-0.00369590427726507
5,20304,"P_age_15_39","Population 15-39",0.013492388650775
5,20304,"P_read_write","Literacy",-0.00302756088785827
5,20304,"P_cell_phone","Cell phone",-0.00307133398018777
5,20304,"P_internet","Internet",0.00430281786248088
5,20304,"P_poverty","Poverty",0.00162971299141645
5,20304,"bias_w","Spatial bias",0.0343213491141796
5,20308,"P_age_00_14","Population 0-14",-0.0032986425794661
5,20308,"P_age_15_39","Population 15-39",-0.00393241178244352
5,20308,"P_read_write","Literacy",-0.00113753147888929
5,20308,"P_cell_phone","Cell phone",-0.00222334894351661
5,20308,"P_internet","Internet",-0.00942189339548349
5,20308,"P_poverty","Poverty",0.0026361127384007
5,20308,"bias_w","Spatial bias",0.00902101211249828
5,20309,"P_age_00_14","Population 0-14",0.00882567558437586
5,20309,"P_age_15_39","Population 15-39",0.00195474177598953
5,20309,"P_read_write","Literacy",0.00860920175909996
5,20309,"P_cell_phone","Cell phone",-0.000719594827387482
5,20309,"P_internet","Internet",0.00852411426603794
5,20309,"P_poverty","Poverty",0.0023371649440378
5,20309,"bias_w","Spatial bias",0.0329233407974243
5,20313,"P_age_00_14","Population 0-14",-0.00897216703742743
5,20313,"P_age_15_39","Population 15-39",0.0127611979842186
5,20313,"P_read_write","Literacy",0.00321878585964441
5,20313,"P_cell_phone","Cell phone",-0.00339823798276484
5,20313,"P_internet","Internet",0.0052980468608439
5,20313,"P_poverty","Poverty",0.00208315928466618
5,20313,"bias_w","Spatial bias",0.0252676028758287
5,20317,"P_age_00_14","Population 0-14",-0.00390024948865175
5,20317,"P_age_15_39","Population 15-39",0.00568746495991945
5,20317,"P_read_write","Literacy",-0.0111219901591539
5,20317,"P_cell_phone","Cell phone",-0.0017252170946449
5,20317,"P_internet","Internet",0.00564617849886417
5,20317,"P_poverty","Poverty",0.000685492530465126
5,20317,"bias_w","Spatial bias",0.000230387144256383
5,20321,"P_age_00_14","Population 0-14",0.00724450265988708
5,20321,"P_age_15_39","Population 15-39",0.0078737149015069
5,20321,"P_read_write","Literacy",0.00583610683679581
5,20321,"P_cell_phone","Cell phone",-0.00316224689595401
5,20321,"P_internet","Internet",0.00474181259050965
5,20321,"P_poverty","Poverty",0.000932267168536782
5,20321,"bias_w","Spatial bias",-0.0408148840069771
5,20325,"P_age_00_14","Population 0-14",0.00923772994428873
5,20325,"P_age_15_39","Population 15-39",-0.00197911821305752
5,20325,"P_read_write","Literacy",0.00864825863391161
5,20325,"P_cell_phone","Cell phone",-0.00118858169298619
5,20325,"P_internet","Internet",0.00833303853869438
5,20325,"P_poverty","Poverty",0.00291438796557486
5,20325,"bias_w","Spatial bias",0.0308654718101025
5,20326,"P_age_00_14","Population 0-14",0.0108870891854167
5,20326,"P_age_15_39","Population 15-39",0.0021816159132868
5,20326,"P_read_write","Literacy",0.00580600555986166
5,20326,"P_cell_phone","Cell phone",-0.00143228087108582
5,20326,"P_internet","Internet",0.00662366719916463
5,20326,"P_poverty","Poverty",0.00244366726838052
5,20326,"bias_w","Spatial bias",0.0231707841157913
5,20327,"P_age_00_14","Population 0-14",-0.00160351942759007
5,20327,"P_age_15_39","Population 15-39",0.00266251573339105
5,20327,"P_read_write","Literacy",0.0036044258158654
5,20327,"P_cell_phone","Cell phone",-0.00110952043905854
5,20327,"P_internet","Internet",0.00583420833572745
5,20327,"P_poverty","Poverty",0.000555726641323417
5,20327,"bias_w","Spatial bias",0.0168242808431387
5,20329,"P_age_00_14","Population 0-14",-0.00202859682030976
5,20329,"P_age_15_39","Population 15-39",0.00794270541518927
5,20329,"P_read_write","Literacy",0.00701709929853678
5,20329,"P_cell_phone","Cell phone",-0.00323834479786456
5,20329,"P_internet","Internet",0.00649123499169946
5,20329,"P_poverty","Poverty",0.00253334594890475
5,20329,"bias_w","Spatial bias",0.0314169675111771
5,20330,"P_age_00_14","Population 0-14",0.00779775809496641
5,20330,"P_age_15_39","Population 15-39",-0.00229869945906103
5,20330,"P_read_write","Literacy",0.00541066098958254
5,20330,"P_cell_phone","Cell phone",-0.00130230048671365
5,20330,"P_internet","Internet",-0.00841778330504894
5,20330,"P_poverty","Poverty",0.0031763284932822
5,20330,"bias_w","Spatial bias",0.0287822093814611
5,20332,"P_age_00_14","Population 0-14",-0.0109622711315751
5,20332,"P_age_15_39","Population 15-39",0.0226187575608492
5,20332,"P_read_write","Literacy",-0.0193744227290154
5,20332,"P_cell_phone","Cell phone",-0.00870554428547621
5,20332,"P_internet","Internet",0.00241170893423259
5,20332,"P_poverty","Poverty",-0.00321950344368815
5,20332,"bias_w","Spatial bias",-0.111404232680798
5,20333,"P_age_00_14","Population 0-14",-0.00635182997211814
5,20333,"P_age_15_39","Population 15-39",-0.0056857019662857
5,20333,"P_read_write","Literacy",-0.00243351305834949
5,20333,"P_cell_phone","Cell phone",-0.0030135097913444
5,20333,"P_internet","Internet",-0.00665513426065445
5,20333,"P_poverty","Poverty",0.00166332151275128
5,20333,"bias_w","Spatial bias",0.0252299476414919
5,20335,"P_age_00_14","Population 0-14",-0.00279913400299847
5,20335,"P_age_15_39","Population 15-39",-0.00214129197411239
5,20335,"P_read_write","Literacy",0.0064610936678946
5,20335,"P_cell_phone","Cell phone",-0.00403127633035183
5,20335,"P_internet","Internet",0.00632825028151274
5,20335,"P_poverty","Poverty",0.00283217360265553
5,20335,"bias_w","Spatial bias",0.0245500393211842
5,20336,"P_age_00_14","Population 0-14",-0.0034498090390116
5,20336,"P_age_15_39","Population 15-39",0.00919908285140991
5,20336,"P_read_write","Literacy",0.00383840687572956
5,20336,"P_cell_phone","Cell phone",-0.00258012139238417
5,20336,"P_internet","Internet",-0.000663380138576031
5,20336,"P_poverty","Poverty",0.00110901100561023
5,20336,"bias_w","Spatial bias",0.0275766160339117
5,20337,"P_age_00_14","Population 0-14",0.00714791286736727
5,20337,"P_age_15_39","Population 15-39",0.00419509597122669
5,20337,"P_read_write","Literacy",0.00774471741169691
5,20337,"P_cell_phone","Cell phone",-0.000907733163330704
5,20337,"P_internet","Internet",0.00854791514575481
5,20337,"P_poverty","Poverty",0.00150505790952593
5,20337,"bias_w","Spatial bias",0.0301053896546364
5,20339,"P_age_00_14","Population 0-14",-0.00329826097004116
5,20339,"P_age_15_39","Population 15-39",-0.00317652965895832
5,20339,"P_read_write","Literacy",-0.00697895139455795
5,20339,"P_cell_phone","Cell phone",-0.00259121879935265
5,20339,"P_internet","Internet",0.00230301963165402
5,20339,"P_poverty","Poverty",0.00270969327539206
5,20339,"bias_w","Spatial bias",-0.00115890859160572
5,20340,"P_age_00_14","Population 0-14",-0.00856386031955481
5,20340,"P_age_15_39","Population 15-39",0.0146449180319905
5,20340,"P_read_write","Literacy",0.00103857496287674
5,20340,"P_cell_phone","Cell phone",-0.0013629182940349
5,20340,"P_internet","Internet",0.00558687094599009
5,20340,"P_poverty","Poverty",0.00193684885744005
5,20340,"bias_w","Spatial bias",0.00706415716558695
5,20346,"P_age_00_14","Population 0-14",-0.00254039978608489
5,20346,"P_age_15_39","Population 15-39",0.00739223090931773
5,20346,"P_read_write","Literacy",0.00368706602603197
5,20346,"P_cell_phone","Cell phone",-0.00257553881965578
5,20346,"P_internet","Internet",0.00675480347126722
5,20346,"P_poverty","Poverty",0.00211497861891985
5,20346,"bias_w","Spatial bias",0.0211896803230047
5,20348,"P_age_00_14","Population 0-14",-0.00234786537475884
5,20348,"P_age_15_39","Population 15-39",-0.00403114128857851
5,20348,"P_read_write","Literacy",0.00496739987283945
5,20348,"P_cell_phone","Cell phone",-0.00133595138322562
5,20348,"P_internet","Internet",0.00604294100776315
5,20348,"P_poverty","Poverty",0.00267303711734712
5,20348,"bias_w","Spatial bias",0.0229973010718822
5,20349,"P_age_00_14","Population 0-14",-0.0157005917280912
5,20349,"P_age_15_39","Population 15-39",-0.01488649379462
5,20349,"P_read_write","Literacy",-0.0042790430597961
5,20349,"P_cell_phone","Cell phone",-0.0130808223038912
5,20349,"P_internet","Internet",-0.0314438343048096
5,20349,"P_poverty","Poverty",0.000550942029803991
5,20349,"bias_w","Spatial bias",-0.109973654150963
5,20355,"P_age_00_14","Population 0-14",-0.00404653279110789
5,20355,"P_age_15_39","Population 15-39",0.0101798446848989
5,20355,"P_read_write","Literacy",0.00378788914531469
5,20355,"P_cell_phone","Cell phone",-0.00277949729934335
5,20355,"P_internet","Internet",0.00670350668951869
5,20355,"P_poverty","Poverty",0.00168850494083017
5,20355,"bias_w","Spatial bias",0.0271285604685545
5,20356,"P_age_00_14","Population 0-14",-0.00876664649695158
5,20356,"P_age_15_39","Population 15-39",0.00920534413307905
5,20356,"P_read_write","Literacy",-0.006418795324862
5,20356,"P_cell_phone","Cell phone",-0.00508543942123652
5,20356,"P_internet","Internet",0.00899664591997862
5,20356,"P_poverty","Poverty",0.00237658293917775
5,20356,"bias_w","Spatial bias",-0.0740237161517143
5,20358,"P_age_00_14","Population 0-14",-0.00578148849308491
5,20358,"P_age_15_39","Population 15-39",0.00990407541394234
5,20358,"P_read_write","Literacy",0.00458937045186758
5,20358,"P_cell_phone","Cell phone",-0.00142833194695413
5,20358,"P_internet","Internet",0.00586223509162664
5,20358,"P_poverty","Poverty",0.00163223361596465
5,20358,"bias_w","Spatial bias",-0.00757156359031796
5,20360,"P_age_00_14","Population 0-14",-0.00664009340107441
5,20360,"P_age_15_39","Population 15-39",-0.00719385500997305
5,20360,"P_read_write","Literacy",0.0153260705992579
5,20360,"P_cell_phone","Cell phone",-0.0060734273865819
5,20360,"P_internet","Internet",0.01172995287925
5,20360,"P_poverty","Poverty",0.00434750923886895
5,20360,"bias_w","Spatial bias",-0.0929923430085182
5,20363,"P_age_00_14","Population 0-14",-0.016144223511219
5,20363,"P_age_15_39","Population 15-39",-0.0169527716934681
5,20363,"P_read_write","Literacy",-0.0437433123588562
5,20363,"P_cell_phone","Cell phone",-0.0168887712061405
5,20363,"P_internet","Internet",0.00709604052826762
5,20363,"P_poverty","Poverty",-0.00644306046888232
5,20363,"bias_w","Spatial bias",-0.214698299765587
5,20372,"P_age_00_14","Population 0-14",-0.00924863293766975
5,20372,"P_age_15_39","Population 15-39",0.0114449858665466
5,20372,"P_read_write","Literacy",0.00341110024601221
5,20372,"P_cell_phone","Cell phone",-0.00386916357092559
5,20372,"P_internet","Internet",0.00611086655408144
5,20372,"P_poverty","Poverty",0.00202540471218526
5,20372,"bias_w","Spatial bias",0.025515167042613
5,20373,"P_age_00_14","Population 0-14",-0.005607427097857
5,20373,"P_age_15_39","Population 15-39",0.0108917253091931
5,20373,"P_read_write","Literacy",0.00707500241696835
5,20373,"P_cell_phone","Cell phone",-0.00262699602171779
5,20373,"P_internet","Internet",0.00509078335016966
5,20373,"P_poverty","Poverty",0.00259584048762918
5,20373,"bias_w","Spatial bias",0.0318707935512066
5,20377,"P_age_00_14","Population 0-14",0.00788070913404226
5,20377,"P_age_15_39","Population 15-39",-0.0018328680889681
5,20377,"P_read_write","Literacy",0.00428010895848274
5,20377,"P_cell_phone","Cell phone",-0.00129412952810526
5,20377,"P_internet","Internet",0.00246079219505191
5,20377,"P_poverty","Poverty",0.00300730671733618
5,20377,"bias_w","Spatial bias",0.0310514010488987
5,20385,"P_age_00_14","Population 0-14",-0.00308173708617687
5,20385,"P_age_15_39","Population 15-39",-0.00284098903648555
5,20385,"P_read_write","Literacy",-0.00730052217841148
5,20385,"P_cell_phone","Cell phone",0.0214946232736111
5,20385,"P_internet","Internet",-0.00765763316303492
5,20385,"P_poverty","Poverty",0.00285915355198085
5,20385,"bias_w","Spatial bias",-0.0667444542050362
5,20392,"P_age_00_14","Population 0-14",0.005007931496948
5,20392,"P_age_15_39","Population 15-39",-0.00139883882366121
5,20392,"P_read_write","Literacy",0.00769964931532741
5,20392,"P_cell_phone","Cell phone",-0.0030588514637202
5,20392,"P_internet","Internet",0.00665016565471888
5,20392,"P_poverty","Poverty",0.00330731528811157
5,20392,"bias_w","Spatial bias",0.0274373274296522
5,20394,"P_age_00_14","Population 0-14",-0.00380505830980837
5,20394,"P_age_15_39","Population 15-39",-0.00341067276895046
5,20394,"P_read_write","Literacy",0.00476089864969254
5,20394,"P_cell_phone","Cell phone",-0.00117458251770586
5,20394,"P_internet","Internet",0.00772208999842405
5,20394,"P_poverty","Poverty",0.00284572853706777
5,20394,"bias_w","Spatial bias",0.0260939169675112
5,20395,"P_age_00_14","Population 0-14",-0.00395173905417323
5,20395,"P_age_15_39","Population 15-39",0.00975900888442993
5,20395,"P_read_write","Literacy",0.00710413977503777
5,20395,"P_cell_phone","Cell phone",-0.00279064476490021
5,20395,"P_internet","Internet",0.00765989487990737
5,20395,"P_poverty","Poverty",0.00200446601957083
5,20395,"bias_w","Spatial bias",0.034046646207571
5,20396,"P_age_00_14","Population 0-14",0.00921499822288752
5,20396,"P_age_15_39","Population 15-39",0.00273777428083122
5,20396,"P_read_write","Literacy",0.00787217170000076
5,20396,"P_cell_phone","Cell phone",-0.00220990367233753
5,20396,"P_internet","Internet",0.00760177383199334
5,20396,"P_poverty","Poverty",0.00217457069084048
5,20396,"bias_w","Spatial bias",0.0379186198115349
5,20397,"P_age_00_14","Population 0-14",-0.00116301456000656
5,20397,"P_age_15_39","Population 15-39",-0.00325326435267925
5,20397,"P_read_write","Literacy",-0.0013391402317211
5,20397,"P_cell_phone","Cell phone",-0.00207779207266867
5,20397,"P_internet","Internet",0.000178220274392515
5,20397,"P_poverty","Poverty",0.00365448789671063
5,20397,"bias_w","Spatial bias",-0.0221312120556831
5,20400,"P_age_00_14","Population 0-14",-0.00649854820221663
5,20400,"P_age_15_39","Population 15-39",0.00473089655861259
5,20400,"P_read_write","Literacy",0.00214816816151142
5,20400,"P_cell_phone","Cell phone",-0.00887135416269302
5,20400,"P_internet","Internet",0.00590797560289502
5,20400,"P_poverty","Poverty",0.00159486010670662
5,20400,"bias_w","Spatial bias",-0.0398806743323803
5,20405,"P_age_00_14","Population 0-14",-0.00539649836719036
5,20405,"P_age_15_39","Population 15-39",0.00293720443733037
5,20405,"P_read_write","Literacy",0.00435433210805058
5,20405,"P_cell_phone","Cell phone",-0.00195856462232769
5,20405,"P_internet","Internet",0.00617234967648983
5,20405,"P_poverty","Poverty",0.00154732540249825
5,20405,"bias_w","Spatial bias",0.00668392889201641
5,20406,"P_age_00_14","Population 0-14",0.0102222394198179
5,20406,"P_age_15_39","Population 15-39",0.00213595759123564
5,20406,"P_read_write","Literacy",0.00831431988626719
5,20406,"P_cell_phone","Cell phone",-0.00254264287650585
5,20406,"P_internet","Internet",0.00951000675559044
5,20406,"P_poverty","Poverty",0.0023055539932102
5,20406,"bias_w","Spatial bias",0.0326410494744778
5,20407,"P_age_00_14","Population 0-14",0.00955422222614288
5,20407,"P_age_15_39","Population 15-39",-0.00139616604428738
5,20407,"P_read_write","Literacy",0.00532512972131371
5,20407,"P_cell_phone","Cell phone",-0.000883371045347303
5,20407,"P_internet","Internet",0.00636829109862447
5,20407,"P_poverty","Poverty",0.00212108460254967
5,20407,"bias_w","Spatial bias",0.0228406190872192
5,20408,"P_age_00_14","Population 0-14",-0.00411028927192092
5,20408,"P_age_15_39","Population 15-39",0.00499963061884046
5,20408,"P_read_write","Literacy",-0.00842474587261677
5,20408,"P_cell_phone","Cell phone",-0.00190875958651304
5,20408,"P_internet","Internet",0.00679765082895756
5,20408,"P_poverty","Poverty",-0.00170310970861465
5,20408,"bias_w","Spatial bias",-0.0473717972636223
5,20412,"P_age_00_14","Population 0-14",0.00886247400194407
5,20412,"P_age_15_39","Population 15-39",0.00224184105172753
5,20412,"P_read_write","Literacy",0.00702144019305706
5,20412,"P_cell_phone","Cell phone",-0.000866951304487884
5,20412,"P_internet","Internet",0.000813588208984584
5,20412,"P_poverty","Poverty",0.00160015001893044
5,20412,"bias_w","Spatial bias",0.0310161225497723
5,20416,"P_age_00_14","Population 0-14",-0.0075829098932445
5,20416,"P_age_15_39","Population 15-39",0.0128569100052118
5,20416,"P_read_write","Literacy",0.00616951612755656
5,20416,"P_cell_phone","Cell phone",-0.00304323504678905
5,20416,"P_internet","Internet",0.00577582931146026
5,20416,"P_poverty","Poverty",0.00187359447591007
5,20416,"bias_w","Spatial bias",0.0317366905510426
5,20417,"P_age_00_14","Population 0-14",-0.00204699370078743
5,20417,"P_age_15_39","Population 15-39",0.00289335963316262
5,20417,"P_read_write","Literacy",0.00489179790019989
5,20417,"P_cell_phone","Cell phone",-0.00123534200247377
5,20417,"P_internet","Internet",0.0060628978535533
5,20417,"P_poverty","Poverty",0.00205861940048635
5,20417,"bias_w","Spatial bias",0.0200986471027136
5,20418,"P_age_00_14","Population 0-14",-0.00385799142532051
5,20418,"P_age_15_39","Population 15-39",0.00375355780124664
5,20418,"P_read_write","Literacy",0.00262129935435951
5,20418,"P_cell_phone","Cell phone",-0.00119506078772247
5,20418,"P_internet","Internet",-0.00772245088592172
5,20418,"P_poverty","Poverty",0.00198307819664478
5,20418,"bias_w","Spatial bias",-0.0214038155972958
5,20419,"P_age_00_14","Population 0-14",-0.003576107788831
5,20419,"P_age_15_39","Population 15-39",-0.00243859901092947
5,20419,"P_read_write","Literacy",-0.013436883687973
5,20419,"P_cell_phone","Cell phone",-0.0115661453455687
5,20419,"P_internet","Internet",-0.0116161229088902
5,20419,"P_poverty","Poverty",0.00164646736811846
5,20419,"bias_w","Spatial bias",-0.144654631614685
5,20421,"P_age_00_14","Population 0-14",-0.00531979976221919
5,20421,"P_age_15_39","Population 15-39",0.00650476943701506
5,20421,"P_read_write","Literacy",-0.00116419605910778
5,20421,"P_cell_phone","Cell phone",-0.00186471547931433
5,20421,"P_internet","Internet",-0.00572897680103779
5,20421,"P_poverty","Poverty",0.00172900909092277
5,20421,"bias_w","Spatial bias",-0.0271692369133234
5,20423,"P_age_00_14","Population 0-14",-0.00907854549586773
5,20423,"P_age_15_39","Population 15-39",0.018335547298193
5,20423,"P_read_write","Literacy",-0.000572104589082301
5,20423,"P_cell_phone","Cell phone",-0.00123872549738735
5,20423,"P_internet","Internet",0.00585343968123198
5,20423,"P_poverty","Poverty",0.00193208630662411
5,20423,"bias_w","Spatial bias",-0.0417978540062904
5,20425,"P_age_00_14","Population 0-14",-0.00386804644949734
5,20425,"P_age_15_39","Population 15-39",-0.0030668843537569
5,20425,"P_read_write","Literacy",0.00538658211007714
5,20425,"P_cell_phone","Cell phone",-0.00293548335321248
5,20425,"P_internet","Internet",0.00815307442098856
5,20425,"P_poverty","Poverty",0.00328587833791971
5,20425,"bias_w","Spatial bias",0.0287794191390276
5,20426,"P_age_00_14","Population 0-14",0.015053141862154
5,20426,"P_age_15_39","Population 15-39",-0.00142097019124776
5,20426,"P_read_write","Literacy",0.00840086210519075
5,20426,"P_cell_phone","Cell phone",-0.00281308591365814
5,20426,"P_internet","Internet",0.00900963321328163
5,20426,"P_poverty","Poverty",0.00265964074060321
5,20426,"bias_w","Spatial bias",0.0389690101146698
5,20427,"P_age_00_14","Population 0-14",-0.00329607422463596
5,20427,"P_age_15_39","Population 15-39",-0.00277313496917486
5,20427,"P_read_write","Literacy",0.00413645012304187
5,20427,"P_cell_phone","Cell phone",-0.00204388936981559
5,20427,"P_internet","Internet",0.00252633192576468
5,20427,"P_poverty","Poverty",0.00265249190852046
5,20427,"bias_w","Spatial bias",0.00685685407370329
5,20431,"P_age_00_14","Population 0-14",-0.00365334493108094
5,20431,"P_age_15_39","Population 15-39",0.00265965494327247
5,20431,"P_read_write","Literacy",-0.00314728729426861
5,20431,"P_cell_phone","Cell phone",-0.00210757437162101
5,20431,"P_internet","Internet",-0.00952432211488485
5,20431,"P_poverty","Poverty",0.00192843494005501
5,20431,"bias_w","Spatial bias",0.0221849475055933
5,20434,"P_age_00_14","Population 0-14",0.00782857276499271
5,20434,"P_age_15_39","Population 15-39",0.0061314944177866
5,20434,"P_read_write","Literacy",0.00567833613604307
5,20434,"P_cell_phone","Cell phone",-0.00302044907584786
5,20434,"P_internet","Internet",0.00810984801501036
5,20434,"P_poverty","Poverty",0.00191948038991541
5,20434,"bias_w","Spatial bias",0.0276113674044609
5,20435,"P_age_00_14","Population 0-14",0.00961842015385628
5,20435,"P_age_15_39","Population 15-39",-0.00181087327655405
5,20435,"P_read_write","Literacy",0.00872353278100491
5,20435,"P_cell_phone","Cell phone",-0.001339778653346
5,20435,"P_internet","Internet",0.00932145863771439
5,20435,"P_poverty","Poverty",0.00239767041057348
5,20435,"bias_w","Spatial bias",0.0304136853665113
5,20436,"P_age_00_14","Population 0-14",-0.00174285646062344
5,20436,"P_age_15_39","Population 15-39",0.0115298572927713
5,20436,"P_read_write","Literacy",0.00469480827450752
5,20436,"P_cell_phone","Cell phone",-0.00242724572308362
5,20436,"P_internet","Internet",0.00849154498428106
5,20436,"P_poverty","Poverty",0.00257600843906403
5,20436,"bias_w","Spatial bias",0.0275727696716785
5,20437,"P_age_00_14","Population 0-14",0.00842022337019444
5,20437,"P_age_15_39","Population 15-39",-0.0013255343073979
5,20437,"P_read_write","Literacy",0.00826860498636961
5,20437,"P_cell_phone","Cell phone",-0.00114032882265747
5,20437,"P_internet","Internet",0.00927513279020786
5,20437,"P_poverty","Poverty",0.00317313685081899
5,20437,"bias_w","Spatial bias",0.0302799344062805
5,20438,"P_age_00_14","Population 0-14",0.00938795320689678
5,20438,"P_age_15_39","Population 15-39",-0.00134816591162235
5,20438,"P_read_write","Literacy",0.00808914750814438
5,20438,"P_cell_phone","Cell phone",-0.00285052112303674
5,20438,"P_internet","Internet",0.00688818097114563
5,20438,"P_poverty","Poverty",0.00292719760909677
5,20438,"bias_w","Spatial bias",0.0275785960257053
5,20440,"P_age_00_14","Population 0-14",-0.00893693696707487
5,20440,"P_age_15_39","Population 15-39",0.010794791392982
5,20440,"P_read_write","Literacy",0.00367840798571706
5,20440,"P_cell_phone","Cell phone",-0.00113078346475959
5,20440,"P_internet","Internet",0.00521788140758872
5,20440,"P_poverty","Poverty",0.00191754417028278
5,20440,"bias_w","Spatial bias",0.0241830069571733
5,20441,"P_age_00_14","Population 0-14",0.0134695805609226
5,20441,"P_age_15_39","Population 15-39",-0.00202831020578742
5,20441,"P_read_write","Literacy",0.0072642439045012
5,20441,"P_cell_phone","Cell phone",-0.00169465760700405
5,20441,"P_internet","Internet",0.00822685845196247
5,20441,"P_poverty","Poverty",0.00191848224494606
5,20441,"bias_w","Spatial bias",-0.000992472865618765
5,20442,"P_age_00_14","Population 0-14",-0.0081963362172246
5,20442,"P_age_15_39","Population 15-39",0.000337536708684638
5,20442,"P_read_write","Literacy",-0.00383562408387661
5,20442,"P_cell_phone","Cell phone",-0.00178986391983926
5,20442,"P_internet","Internet",0.00459743058308959
5,20442,"P_poverty","Poverty",0.00150469748768955
5,20442,"bias_w","Spatial bias",0.00526614487171173
5,20443,"P_age_00_14","Population 0-14",-0.0057984278537333
5,20443,"P_age_15_39","Population 15-39",0.0188449025154114
5,20443,"P_read_write","Literacy",-0.0114747676998377
5,20443,"P_cell_phone","Cell phone",-0.00282288156449795
5,20443,"P_internet","Internet",-0.00510674435645342
5,20443,"P_poverty","Poverty",0.00268662977032363
5,20443,"bias_w","Spatial bias",-0.0361165069043636
5,20445,"P_age_00_14","Population 0-14",-0.00509983440861106
5,20445,"P_age_15_39","Population 15-39",-0.00298056425526738
5,20445,"P_read_write","Literacy",0.00534469680860639
5,20445,"P_cell_phone","Cell phone",-0.00176179315894842
5,20445,"P_internet","Internet",0.00789254996925592
5,20445,"P_poverty","Poverty",0.0031671435572207
5,20445,"bias_w","Spatial bias",0.0239080730825663
5,20446,"P_age_00_14","Population 0-14",-0.00236899429000914
5,20446,"P_age_15_39","Population 15-39",0.00425140932202339
5,20446,"P_read_write","Literacy",0.00493819592520595
5,20446,"P_cell_phone","Cell phone",-0.00145336519926786
5,20446,"P_internet","Internet",0.00764153990894556
5,20446,"P_poverty","Poverty",0.00236415304243565
5,20446,"bias_w","Spatial bias",0.027888948097825
5,20447,"P_age_00_14","Population 0-14",0.00717935152351856
5,20447,"P_age_15_39","Population 15-39",-0.00231960625387728
5,20447,"P_read_write","Literacy",0.00526585662737489
5,20447,"P_cell_phone","Cell phone",-0.00099033978767693
5,20447,"P_internet","Internet",0.00633595511317253
5,20447,"P_poverty","Poverty",0.0020418232306838
5,20447,"bias_w","Spatial bias",0.0243953745812178
5,20451,"P_age_00_14","Population 0-14",-0.00241694017313421
5,20451,"P_age_15_39","Population 15-39",0.0103177763521671
5,20451,"P_read_write","Literacy",0.00463982718065381
5,20451,"P_cell_phone","Cell phone",-0.00334491929970682
5,20451,"P_internet","Internet",0.0062971799634397
5,20451,"P_poverty","Poverty",0.00225537968799472
5,20451,"bias_w","Spatial bias",0.0262402966618538
5,20453,"P_age_00_14","Population 0-14",-0.00330276554450393
5,20453,"P_age_15_39","Population 15-39",0.00314589287154377
5,20453,"P_read_write","Literacy",0.00218110159039497
5,20453,"P_cell_phone","Cell phone",-0.000962129852268845
5,20453,"P_internet","Internet",0.00255465949885547
5,20453,"P_poverty","Poverty",0.000653457071166486
5,20453,"bias_w","Spatial bias",0.0240359883755445
5,20454,"P_age_00_14","Population 0-14",-0.00332396058365703
5,20454,"P_age_15_39","Population 15-39",-0.0026910905726254
5,20454,"P_read_write","Literacy",0.0085059143602848
5,20454,"P_cell_phone","Cell phone",-0.00324289733543992
5,20454,"P_internet","Internet",0.00875214673578739
5,20454,"P_poverty","Poverty",0.00341676198877394
5,20454,"bias_w","Spatial bias",0.0332084335386753
5,20455,"P_age_00_14","Population 0-14",0.00805134139955044
5,20455,"P_age_15_39","Population 15-39",0.00306672253645957
5,20455,"P_read_write","Literacy",0.00512422481551766
5,20455,"P_cell_phone","Cell phone",-0.00299601349979639
5,20455,"P_internet","Internet",0.00625070603564382
5,20455,"P_poverty","Poverty",0.00147133797872812
5,20455,"bias_w","Spatial bias",0.0243901778012514
5,20457,"P_age_00_14","Population 0-14",-0.00373731763102114
5,20457,"P_age_15_39","Population 15-39",-0.00267206132411957
5,20457,"P_read_write","Literacy",0.00561004970222712
5,20457,"P_cell_phone","Cell phone",-0.00350939016789198
5,20457,"P_internet","Internet",0.00660684844478965
5,20457,"P_poverty","Poverty",0.00312920962460339
5,20457,"bias_w","Spatial bias",0.0272775683552027
5,20458,"P_age_00_14","Population 0-14",-0.0033557724673301
5,20458,"P_age_15_39","Population 15-39",0.0135241085663438
5,20458,"P_read_write","Literacy",-0.00266234599985182
5,20458,"P_cell_phone","Cell phone",-0.00536255165934563
5,20458,"P_internet","Internet",0.00741293933242559
5,20458,"P_poverty","Poverty",0.00111686554737389
5,20458,"bias_w","Spatial bias",0.0221437569707632
5,20459,"P_age_00_14","Population 0-14",-0.00396500015631318
5,20459,"P_age_15_39","Population 15-39",0.0176210533827543
5,20459,"P_read_write","Literacy",-0.00184115034062415
5,20459,"P_cell_phone","Cell phone",-0.00136295589618385
5,20459,"P_internet","Internet",0.00532913813367486
5,20459,"P_poverty","Poverty",0.00186408578883857
5,20459,"bias_w","Spatial bias",0.0179266259074211
5,20460,"P_age_00_14","Population 0-14",0.00819473993033171
5,20460,"P_age_15_39","Population 15-39",-0.00149647635407746
5,20460,"P_read_write","Literacy",0.00517003191635013
5,20460,"P_cell_phone","Cell phone",-0.00317899323999882
5,20460,"P_internet","Internet",0.00647502206265926
5,20460,"P_poverty","Poverty",0.00318439491093159
5,20460,"bias_w","Spatial bias",0.0260263420641422
5,20462,"P_age_00_14","Population 0-14",-0.00510678580030799
5,20462,"P_age_15_39","Population 15-39",-0.00676634907722473
5,20462,"P_read_write","Literacy",-0.00260863825678825
5,20462,"P_cell_phone","Cell phone",-0.00352540519088507
5,20462,"P_internet","Internet",0.00656438758596778
5,20462,"P_poverty","Poverty",0.00422450201585889
5,20462,"bias_w","Spatial bias",-0.0272238869220018
5,20463,"P_age_00_14","Population 0-14",-0.00803933199495077
5,20463,"P_age_15_39","Population 15-39",0.0159443523734808
5,20463,"P_read_write","Literacy",-0.00721338158473372
5,20463,"P_cell_phone","Cell phone",-0.00484372582286596
5,20463,"P_internet","Internet",0.00489876372739673
5,20463,"P_poverty","Poverty",0.00163641758263111
5,20463,"bias_w","Spatial bias",0.0227223467081785
5,20464,"P_age_00_14","Population 0-14",-0.0022780594881624
5,20464,"P_age_15_39","Population 15-39",0.0125446114689112
5,20464,"P_read_write","Literacy",0.00432489532977343
5,20464,"P_cell_phone","Cell phone",-0.00378210702911019
5,20464,"P_internet","Internet",0.00347196334041655
5,20464,"P_poverty","Poverty",0.0015287846326828
5,20464,"bias_w","Spatial bias",0.021483113989234
5,20465,"P_age_00_14","Population 0-14",0.00988864060491323
5,20465,"P_age_15_39","Population 15-39",-0.0012612008722499
5,20465,"P_read_write","Literacy",0.00849991198629141
5,20465,"P_cell_phone","Cell phone",-0.00139974034391344
5,20465,"P_internet","Internet",0.00835968554019928
5,20465,"P_poverty","Poverty",0.00314886053092778
5,20465,"bias_w","Spatial bias",0.0373771786689758
5,20468,"P_age_00_14","Population 0-14",0.0118418177589774
5,20468,"P_age_15_39","Population 15-39",0.00170282053295523
5,20468,"P_read_write","Literacy",0.00546993222087622
5,20468,"P_cell_phone","Cell phone",-0.0029765535145998
5,20468,"P_internet","Internet",0.00652215117588639
5,20468,"P_poverty","Poverty",0.0014778416370973
5,20468,"bias_w","Spatial bias",0.0257687605917454
5,20469,"P_age_00_14","Population 0-14",0.0132014313712716
5,20469,"P_age_15_39","Population 15-39",-0.00156932102981955
5,20469,"P_read_write","Literacy",0.00809003505855799
5,20469,"P_cell_phone","Cell phone",-0.0011930480832234
5,20469,"P_internet","Internet",0.00696576619520783
5,20469,"P_poverty","Poverty",0.00193322636187077
5,20469,"bias_w","Spatial bias",0.0269949827343225
5,20470,"P_age_00_14","Population 0-14",-0.00498652039095759
5,20470,"P_age_15_39","Population 15-39",0.00543268769979477
5,20470,"P_read_write","Literacy",0.00464296620339155
5,20470,"P_cell_phone","Cell phone",-0.00088472809875384
5,20470,"P_internet","Internet",-0.00659343507140875
5,20470,"P_poverty","Poverty",0.00181094615254551
5,20470,"bias_w","Spatial bias",0.0286463256925344
5,20472,"P_age_00_14","Population 0-14",-0.00644005835056305
5,20472,"P_age_15_39","Population 15-39",0.0102584604173899
5,20472,"P_read_write","Literacy",0.00323883886449039
5,20472,"P_cell_phone","Cell phone",-0.0056752604432404
5,20472,"P_internet","Internet",0.00448281783610582
5,20472,"P_poverty","Poverty",0.00284220068715513
5,20472,"bias_w","Spatial bias",-0.0668978914618492
5,20475,"P_age_00_14","Population 0-14",-0.00306895654648542
5,20475,"P_age_15_39","Population 15-39",-0.00154441630002111
5,20475,"P_read_write","Literacy",0.00475834123790264
5,20475,"P_cell_phone","Cell phone",0.000798264576587826
5,20475,"P_internet","Internet",0.0016792353708297
5,20475,"P_poverty","Poverty",0.00237621041014791
5,20475,"bias_w","Spatial bias",0.0185400247573853
5,20476,"P_age_00_14","Population 0-14",-0.00494282599538565
5,20476,"P_age_15_39","Population 15-39",0.00590627314522862
5,20476,"P_read_write","Literacy",0.00549467978999019
5,20476,"P_cell_phone","Cell phone",-0.00832575839012861
5,20476,"P_internet","Internet",0.00707711465656757
5,20476,"P_poverty","Poverty",0.00264208880253136
5,20476,"bias_w","Spatial bias",-0.0323125645518303
5,20478,"P_age_00_14","Population 0-14",-0.00444625550881028
5,20478,"P_age_15_39","Population 15-39",0.0147788161411881
5,20478,"P_read_write","Literacy",0.000862043118104339
5,20478,"P_cell_phone","Cell phone",-0.00205989880487323
5,20478,"P_internet","Internet",0.00701012508943677
5,20478,"P_poverty","Poverty",0.00215140916407108
5,20478,"bias_w","Spatial bias",0.0249325968325138
5,20480,"P_age_00_14","Population 0-14",-0.00977279432117939
5,20480,"P_age_15_39","Population 15-39",-0.00536836171522737
5,20480,"P_read_write","Literacy",0.00495921308174729
5,20480,"P_cell_phone","Cell phone",-0.00643134629353881
5,20480,"P_internet","Internet",0.007637910079211
5,20480,"P_poverty","Poverty",0.00289137265644968
5,20480,"bias_w","Spatial bias",-0.0116148786619306
5,20484,"P_age_00_14","Population 0-14",0.00811460986733437
5,20484,"P_age_15_39","Population 15-39",0.00324943219311535
5,20484,"P_read_write","Literacy",0.0041391234844923
5,20484,"P_cell_phone","Cell phone",-0.000963169848546386
5,20484,"P_internet","Internet",0.00630041444674134
5,20484,"P_poverty","Poverty",0.00175861618481576
5,20484,"bias_w","Spatial bias",0.0190143194049597
5,20486,"P_age_00_14","Population 0-14",-0.00362070626579225
5,20486,"P_age_15_39","Population 15-39",0.00537473428994417
5,20486,"P_read_write","Literacy",-0.00421018619090319
5,20486,"P_cell_phone","Cell phone",-0.00141213228926063
5,20486,"P_internet","Internet",-0.00441421288996935
5,20486,"P_poverty","Poverty",0.00178290484473109
5,20486,"bias_w","Spatial bias",0.022853922098875
5,20487,"P_age_00_14","Population 0-14",-0.00358367129229009
5,20487,"P_age_15_39","Population 15-39",-0.00485609844326973
5,20487,"P_read_write","Literacy",-0.0174278579652309
5,20487,"P_cell_phone","Cell phone",-0.00159193435683846
5,20487,"P_internet","Internet",0.00557649321854115
5,20487,"P_poverty","Poverty",0.00139062025118619
5,20487,"bias_w","Spatial bias",0.032978929579258
5,20491,"P_age_00_14","Population 0-14",0.0142502663657069
5,20491,"P_age_15_39","Population 15-39",-0.00201400136575103
5,20491,"P_read_write","Literacy",0.00799983274191618
5,20491,"P_cell_phone","Cell phone",-0.00270127761177719
5,20491,"P_internet","Internet",0.0083087719976902
5,20491,"P_poverty","Poverty",0.00272269104607403
5,20491,"bias_w","Spatial bias",0.0368644781410694
5,20492,"P_age_00_14","Population 0-14",-0.00185751600656658
5,20492,"P_age_15_39","Population 15-39",0.0125478142872453
5,20492,"P_read_write","Literacy",0.00409015268087387
5,20492,"P_cell_phone","Cell phone",-0.00544565450400114
5,20492,"P_internet","Internet",0.00692095933482051
5,20492,"P_poverty","Poverty",0.00232203933410347
5,20492,"bias_w","Spatial bias",-0.00371963460929692
5,20494,"P_age_00_14","Population 0-14",0.0174616631120443
5,20494,"P_age_15_39","Population 15-39",-0.00361650553531945
5,20494,"P_read_write","Literacy",0.0210966244339943
5,20494,"P_cell_phone","Cell phone",-0.00341169815510511
5,20494,"P_internet","Internet",0.0200890935957432
5,20494,"P_poverty","Poverty",0.00373827945441008
5,20494,"bias_w","Spatial bias",-0.0925090834498405
5,20496,"P_age_00_14","Population 0-14",-0.00315783219411969
5,20496,"P_age_15_39","Population 15-39",-0.00569960894063115
5,20496,"P_read_write","Literacy",-0.00926681701093912
5,20496,"P_cell_phone","Cell phone",-0.00418740371242166
5,20496,"P_internet","Internet",-0.00486972415819764
5,20496,"P_poverty","Poverty",0.00368099357001483
5,20496,"bias_w","Spatial bias",-0.0250320192426443
5,20498,"P_age_00_14","Population 0-14",0.00965245347470045
5,20498,"P_age_15_39","Population 15-39",-0.00186742539517581
5,20498,"P_read_write","Literacy",0.00508322799578309
5,20498,"P_cell_phone","Cell phone",-0.000976754585281014
5,20498,"P_internet","Internet",0.00659787887707353
5,20498,"P_poverty","Poverty",0.0019642929546535
5,20498,"bias_w","Spatial bias",0.0241109952330589
5,20500,"P_age_00_14","Population 0-14",0.00699518108740449
5,20500,"P_age_15_39","Population 15-39",0.00300558493472636
5,20500,"P_read_write","Literacy",0.00423100823536515
5,20500,"P_cell_phone","Cell phone",-0.00288136512972414
5,20500,"P_internet","Internet",0.00615487806499004
5,20500,"P_poverty","Poverty",0.00132729986216873
5,20500,"bias_w","Spatial bias",0.01975142583251
5,20501,"P_age_00_14","Population 0-14",-0.0041362252086401
5,20501,"P_age_15_39","Population 15-39",0.0166308786720037
5,20501,"P_read_write","Literacy",0.00259139086119831
5,20501,"P_cell_phone","Cell phone",-0.00181053602136672
5,20501,"P_internet","Internet",0.00449272291734815
5,20501,"P_poverty","Poverty",0.00147919123992324
5,20501,"bias_w","Spatial bias",0.0213617533445358
5,20502,"P_age_00_14","Population 0-14",0.0109151676297188
5,20502,"P_age_15_39","Population 15-39",0.00232525495812297
5,20502,"P_read_write","Literacy",0.00838407967239618
5,20502,"P_cell_phone","Cell phone",-0.00073981680907309
5,20502,"P_internet","Internet",0.00938541162759066
5,20502,"P_poverty","Poverty",0.00257055857218802
5,20502,"bias_w","Spatial bias",0.0370272435247898
5,20504,"P_age_00_14","Population 0-14",0.0133900567889214
5,20504,"P_age_15_39","Population 15-39",-0.00558867491781712
5,20504,"P_read_write","Literacy",-0.012788712978363
5,20504,"P_cell_phone","Cell phone",-0.00703734485432506
5,20504,"P_internet","Internet",0.00594153674319386
5,20504,"P_poverty","Poverty",-0.00555607257410884
5,20504,"bias_w","Spatial bias",-0.139836609363556
5,20505,"P_age_00_14","Population 0-14",-0.00501187425106764
5,20505,"P_age_15_39","Population 15-39",0.00627069873735309
5,20505,"P_read_write","Literacy",0.00332703720778227
5,20505,"P_cell_phone","Cell phone",-0.000436988135334104
5,20505,"P_internet","Internet",-0.00470177829265594
5,20505,"P_poverty","Poverty",0.00217722193337977
5,20505,"bias_w","Spatial bias",-0.00334483408369124
5,20506,"P_age_00_14","Population 0-14",-0.00549790728837252
5,20506,"P_age_15_39","Population 15-39",0.00830552820116282
5,20506,"P_read_write","Literacy",0.00461051985621452
5,20506,"P_cell_phone","Cell phone",-0.00310785369947553
5,20506,"P_internet","Internet",0.00812445860356092
5,20506,"P_poverty","Poverty",0.00266050943173468
5,20506,"bias_w","Spatial bias",0.031655091792345
5,20508,"P_age_00_14","Population 0-14",-0.0097972908988595
5,20508,"P_age_15_39","Population 15-39",0.000231569036259316
5,20508,"P_read_write","Literacy",-0.0110092461109161
5,20508,"P_cell_phone","Cell phone",-0.00646682409569621
5,20508,"P_internet","Internet",-0.00837569031864405
5,20508,"P_poverty","Poverty",-0.0141426371410489
5,20508,"bias_w","Spatial bias",-0.0131665598601103
5,20510,"P_age_00_14","Population 0-14",-0.00222393637523055
5,20510,"P_age_15_39","Population 15-39",0.00236439402215183
5,20510,"P_read_write","Literacy",-0.00424060504883528
5,20510,"P_cell_phone","Cell phone",-0.00195798138156533
5,20510,"P_internet","Internet",0.00020311881962698
5,20510,"P_poverty","Poverty",0.00174560223240405
5,20510,"bias_w","Spatial bias",0.0325145982205868
5,20511,"P_age_00_14","Population 0-14",0.0079117426648736
5,20511,"P_age_15_39","Population 15-39",0.00282101240009069
5,20511,"P_read_write","Literacy",-0.0122207775712013
5,20511,"P_cell_phone","Cell phone",-0.00161613605450839
5,20511,"P_internet","Internet",0.00652742758393288
5,20511,"P_poverty","Poverty",0.00152162264566869
5,20511,"bias_w","Spatial bias",0.0313914082944393
5,20513,"P_age_00_14","Population 0-14",0.00828474760055542
5,20513,"P_age_15_39","Population 15-39",-0.00101385603193194
5,20513,"P_read_write","Literacy",0.00447530066594481
5,20513,"P_cell_phone","Cell phone",-0.00115489715244621
5,20513,"P_internet","Internet",0.00603432022035122
5,20513,"P_poverty","Poverty",0.00256146304309368
5,20513,"bias_w","Spatial bias",0.0235277488827705
5,20515,"P_age_00_14","Population 0-14",-0.0034925164654851
5,20515,"P_age_15_39","Population 15-39",-0.00247258064337075
5,20515,"P_read_write","Literacy",-0.00180258927866817
5,20515,"P_cell_phone","Cell phone",-0.00261655449867249
5,20515,"P_internet","Internet",-0.00815362762659788
5,20515,"P_poverty","Poverty",0.00291368248872459
5,20515,"bias_w","Spatial bias",-0.0011404319666326
5,20517,"P_age_00_14","Population 0-14",0.0115162786096334
5,20517,"P_age_15_39","Population 15-39",-0.0012497715651989
5,20517,"P_read_write","Literacy",0.00877357926219702
5,20517,"P_cell_phone","Cell phone",-0.00123072799760848
5,20517,"P_internet","Internet",0.0102434083819389
5,20517,"P_poverty","Poverty",0.0030014393851161
5,20517,"bias_w","Spatial bias",0.0319103114306927
5,20520,"P_age_00_14","Population 0-14",-0.00291660614311695
5,20520,"P_age_15_39","Population 15-39",0.00449530873447657
5,20520,"P_read_write","Literacy",0.00364579469896853
5,20520,"P_cell_phone","Cell phone",-0.000331462069880217
5,20520,"P_internet","Internet",0.00601892592385411
5,20520,"P_poverty","Poverty",0.0016062087379396
5,20520,"bias_w","Spatial bias",-0.00551242707297206
5,20521,"P_age_00_14","Population 0-14",-0.0052480036392808
5,20521,"P_age_15_39","Population 15-39",0.00120711582712829
5,20521,"P_read_write","Literacy",0.00436756666749716
5,20521,"P_cell_phone","Cell phone",-0.00254413508810103
5,20521,"P_internet","Internet",0.00503513496369123
5,20521,"P_poverty","Poverty",0.00241937465034425
5,20521,"bias_w","Spatial bias",0.0268209688365459
5,20523,"P_age_00_14","Population 0-14",-0.00203720689751208
5,20523,"P_age_15_39","Population 15-39",0.0191587470471859
5,20523,"P_read_write","Literacy",-0.00101179361809045
5,20523,"P_cell_phone","Cell phone",-0.00299859209917486
5,20523,"P_internet","Internet",-0.00436654686927795
5,20523,"P_poverty","Poverty",0.00355031481012702
5,20523,"bias_w","Spatial bias",-0.0228150524199009
5,20525,"P_age_00_14","Population 0-14",-0.00396391982212663
5,20525,"P_age_15_39","Population 15-39",0.00431674858555198
5,20525,"P_read_write","Literacy",0.0036677026655525
5,20525,"P_cell_phone","Cell phone",-0.00113134982530028
5,20525,"P_internet","Internet",0.00581119442358613
5,20525,"P_poverty","Poverty",0.00126495992299169
5,20525,"bias_w","Spatial bias",0.0203448552638292
5,20528,"P_age_00_14","Population 0-14",-0.00354726985096931
5,20528,"P_age_15_39","Population 15-39",0.0104566132649779
5,20528,"P_read_write","Literacy",0.00354664027690887
5,20528,"P_cell_phone","Cell phone",-0.00168880051933229
5,20528,"P_internet","Internet",0.00593888200819492
5,20528,"P_poverty","Poverty",0.00114021147601306
5,20528,"bias_w","Spatial bias",0.0188485123217106
5,20529,"P_age_00_14","Population 0-14",0.0150343291461468
5,20529,"P_age_15_39","Population 15-39",-0.0269775297492743
5,20529,"P_read_write","Literacy",0.00819611269980669
5,20529,"P_cell_phone","Cell phone",-0.00141082936897874
5,20529,"P_internet","Internet",0.00524146249517798
5,20529,"P_poverty","Poverty",0.00259230751544237
5,20529,"bias_w","Spatial bias",0.0342080555856228
5,20530,"P_age_00_14","Population 0-14",-0.000426947692176327
5,20530,"P_age_15_39","Population 15-39",-0.0027417428791523
5,20530,"P_read_write","Literacy",-0.00177788606379181
5,20530,"P_cell_phone","Cell phone",-0.0103806778788567
5,20530,"P_internet","Internet",-0.0217364709824324
5,20530,"P_poverty","Poverty",0.00351567519828677
5,20530,"bias_w","Spatial bias",-0.102304384112358
5,20532,"P_age_00_14","Population 0-14",0.00882882904261351
5,20532,"P_age_15_39","Population 15-39",0.00251599075272679
5,20532,"P_read_write","Literacy",0.00851394049823284
5,20532,"P_cell_phone","Cell phone",-0.00241482304409146
5,20532,"P_internet","Internet",0.00900907255709171
5,20532,"P_poverty","Poverty",0.00260394858196378
5,20532,"bias_w","Spatial bias",0.0321787968277931
5,20536,"P_age_00_14","Population 0-14",-0.00738422246649861
5,20536,"P_age_15_39","Population 15-39",0.0258372761309147
5,20536,"P_read_write","Literacy",-0.0144871827214956
5,20536,"P_cell_phone","Cell phone",-0.00586501555517316
5,20536,"P_internet","Internet",0.0125922663137317
5,20536,"P_poverty","Poverty",0.00368929421529174
5,20536,"bias_w","Spatial bias",-0.0871471464633942
5,20537,"P_age_00_14","Population 0-14",-0.00374446040950716
5,20537,"P_age_15_39","Population 15-39",0.00302925682626665
5,20537,"P_read_write","Literacy",0.00463733728975058
5,20537,"P_cell_phone","Cell phone",-0.00109769939444959
5,20537,"P_internet","Internet",0.00581571320071816
5,20537,"P_poverty","Poverty",0.00220184423960745
5,20537,"bias_w","Spatial bias",0.0204536449164152
5,20540,"P_age_00_14","Population 0-14",-0.00108553050085902
5,20540,"P_age_15_39","Population 15-39",-0.0036940323188901
5,20540,"P_read_write","Literacy",-0.00297207362018526
5,20540,"P_cell_phone","Cell phone",-0.00236045988276601
5,20540,"P_internet","Internet",-0.00576722016558051
5,20540,"P_poverty","Poverty",0.00343262730166316
5,20540,"bias_w","Spatial bias",-0.00288131833076477
5,20544,"P_age_00_14","Population 0-14",-0.0105637637898326
5,20544,"P_age_15_39","Population 15-39",-0.00383335840888321
5,20544,"P_read_write","Literacy",-0.0199002847075462
5,20544,"P_cell_phone","Cell phone",-0.0120835518464446
5,20544,"P_internet","Internet",-0.00180478231050074
5,20544,"P_poverty","Poverty",-0.00554777169600129
5,20544,"bias_w","Spatial bias",-0.0822423622012138
5,20545,"P_age_00_14","Population 0-14",-0.000220915608224459
5,20545,"P_age_15_39","Population 15-39",-0.00195077166426927
5,20545,"P_read_write","Literacy",-0.00158085720613599
5,20545,"P_cell_phone","Cell phone",-0.00210929033346474
5,20545,"P_internet","Internet",-0.00764060113579035
5,20545,"P_poverty","Poverty",0.00287028844468296
5,20545,"bias_w","Spatial bias",0.0118220336735249
5,20548,"P_age_00_14","Population 0-14",0.00683451863005757
5,20548,"P_age_15_39","Population 15-39",0.00387261691503227
5,20548,"P_read_write","Literacy",-0.00230893399566412
5,20548,"P_cell_phone","Cell phone",-0.00112491368781775
5,20548,"P_internet","Internet",0.00120291754137725
5,20548,"P_poverty","Poverty",0.00128600769676268
5,20548,"bias_w","Spatial bias",0.0205366816371679
5,20549,"P_age_00_14","Population 0-14",-0.00220817420631647
5,20549,"P_age_15_39","Population 15-39",0.00453837960958481
5,20549,"P_read_write","Literacy",0.00448678713291883
5,20549,"P_cell_phone","Cell phone",-0.00113779911771417
5,20549,"P_internet","Internet",0.00589708285406232
5,20549,"P_poverty","Poverty",0.00174147763755172
5,20549,"bias_w","Spatial bias",0.023769274353981
5,20550,"P_age_00_14","Population 0-14",-0.0108697712421417
5,20550,"P_age_15_39","Population 15-39",-0.00857183802872896
5,20550,"P_read_write","Literacy",-0.000293269753456116
5,20550,"P_cell_phone","Cell phone",-0.0122049171477556
5,20550,"P_internet","Internet",-0.0180667210370302
5,20550,"P_poverty","Poverty",0.00358589761890471
5,20550,"bias_w","Spatial bias",-0.122817806899548
5,20551,"P_age_00_14","Population 0-14",-0.00211697397753596
5,20551,"P_age_15_39","Population 15-39",-0.00206978782080114
5,20551,"P_read_write","Literacy",-0.00209705927409232
5,20551,"P_cell_phone","Cell phone",0.00295444275252521
5,20551,"P_internet","Internet",-0.00677367998287082
5,20551,"P_poverty","Poverty",0.00119914906099439
5,20551,"bias_w","Spatial bias",0.0161855611950159
5,20553,"P_age_00_14","Population 0-14",-0.00613990612328053
5,20553,"P_age_15_39","Population 15-39",-0.00844835210591555
5,20553,"P_read_write","Literacy",-0.0117708453908563
5,20553,"P_cell_phone","Cell phone",-0.00715022906661034
5,20553,"P_internet","Internet",-0.0114579442888498
5,20553,"P_poverty","Poverty",0.00360335689038038
5,20553,"bias_w","Spatial bias",-0.146600499749184
5,20554,"P_age_00_14","Population 0-14",0.00827948935329914
5,20554,"P_age_15_39","Population 15-39",0.00237281038425863
5,20554,"P_read_write","Literacy",0.00831602606922388
5,20554,"P_cell_phone","Cell phone",-0.000781326671130955
5,20554,"P_internet","Internet",0.00814579147845507
5,20554,"P_poverty","Poverty",0.00237567513249815
5,20554,"bias_w","Spatial bias",0.0283775012940168
5,20555,"P_age_00_14","Population 0-14",-0.0129741802811623
5,20555,"P_age_15_39","Population 15-39",-0.0110590672120452
5,20555,"P_read_write","Literacy",-0.00323274754919112
5,20555,"P_cell_phone","Cell phone",-0.0133779309689999
5,20555,"P_internet","Internet",-0.0237429812550545
5,20555,"P_poverty","Poverty",0.00309418723918498
5,20555,"bias_w","Spatial bias",-0.121014356613159
5,20557,"P_age_00_14","Population 0-14",-0.00560038164258003
5,20557,"P_age_15_39","Population 15-39",0.00525746727362275
5,20557,"P_read_write","Literacy",0.000673683302011341
5,20557,"P_cell_phone","Cell phone",-0.000627279805485159
5,20557,"P_internet","Internet",-0.00639607664197683
5,20557,"P_poverty","Poverty",0.00132057489827275
5,20557,"bias_w","Spatial bias",0.00858553405851126
5,20558,"P_age_00_14","Population 0-14",-0.00611894903704524
5,20558,"P_age_15_39","Population 15-39",0.00514723360538483
5,20558,"P_read_write","Literacy",-0.00311201950535178
5,20558,"P_cell_phone","Cell phone",-0.00168631470296532
5,20558,"P_internet","Internet",0.00678273942321539
5,20558,"P_poverty","Poverty",0.00115212821401656
5,20558,"bias_w","Spatial bias",0.0349965170025826
5,20559,"P_age_00_14","Population 0-14",-0.00253100646659732
5,20559,"P_age_15_39","Population 15-39",0.00281191756948829
5,20559,"P_read_write","Literacy",0.00439437571913004
5,20559,"P_cell_phone","Cell phone",-0.00124999973922968
5,20559,"P_internet","Internet",0.00267541618086398
5,20559,"P_poverty","Poverty",0.00182904291432351
5,20559,"bias_w","Spatial bias",0.0247338134795427
5,20560,"P_age_00_14","Population 0-14",-0.00910270120948553
5,20560,"P_age_15_39","Population 15-39",0.0082209100946784
5,20560,"P_read_write","Literacy",-0.000907736888621002
5,20560,"P_cell_phone","Cell phone",-0.0021278050262481
5,20560,"P_internet","Internet",0.00349924224428833
5,20560,"P_poverty","Poverty",0.00179720192681998
5,20560,"bias_w","Spatial bias",-0.0318274311721325
5,20561,"P_age_00_14","Population 0-14",-0.00392680335789919
5,20561,"P_age_15_39","Population 15-39",-0.00347868679091334
5,20561,"P_read_write","Literacy",0.00732192536816001
5,20561,"P_cell_phone","Cell phone",-0.00139619363471866
5,20561,"P_internet","Internet",0.00734234880656004
5,20561,"P_poverty","Poverty",0.00327691738493741
5,20561,"bias_w","Spatial bias",0.0321075432002544
5,20565,"P_age_00_14","Population 0-14",0.000521130568813533
5,20565,"P_age_15_39","Population 15-39",-0.00121149874757975
5,20565,"P_read_write","Literacy",-0.00162697001360357
5,20565,"P_cell_phone","Cell phone",0.011361769400537
5,20565,"P_internet","Internet",-0.00463199941441417
5,20565,"P_poverty","Poverty",0.0023377756588161
5,20565,"bias_w","Spatial bias",-0.0671185255050659
5,20566,"P_age_00_14","Population 0-14",0.0102706840261817
5,20566,"P_age_15_39","Population 15-39",0.00271743233315647
5,20566,"P_read_write","Literacy",0.00725502660498023
5,20566,"P_cell_phone","Cell phone",-0.00271806889213622
5,20566,"P_internet","Internet",0.0071521052159369
5,20566,"P_poverty","Poverty",0.00232382514514029
5,20566,"bias_w","Spatial bias",0.0304094068706036
5,20567,"P_age_00_14","Population 0-14",0.00902290269732475
5,20567,"P_age_15_39","Population 15-39",0.00299435527995229
5,20567,"P_read_write","Literacy",0.00508542777970433
5,20567,"P_cell_phone","Cell phone",-0.00486972695216537
5,20567,"P_internet","Internet",0.00588016491383314
5,20567,"P_poverty","Poverty",0.0013565116096288
5,20567,"bias_w","Spatial bias",0.00512116681784391
5,20569,"P_age_00_14","Population 0-14",-0.000731109641492367
5,20569,"P_age_15_39","Population 15-39",0.0138358492404222
5,20569,"P_read_write","Literacy",-0.00152329111006111
5,20569,"P_cell_phone","Cell phone",-0.00112345349043608
5,20569,"P_internet","Internet",0.00551981944590807
5,20569,"P_poverty","Poverty",0.00153806596063077
5,20569,"bias_w","Spatial bias",0.0206126011908054
5,20570,"P_age_00_14","Population 0-14",-0.00290986197069287
5,20570,"P_age_15_39","Population 15-39",-0.00259630219079554
5,20570,"P_read_write","Literacy",-0.00182316161226481
5,20570,"P_cell_phone","Cell phone",-0.00217022653669119
5,20570,"P_internet","Internet",0.000447417347459123
5,20570,"P_poverty","Poverty",0.0026983916759491
5,20570,"bias_w","Spatial bias",0.0253704506903887
5,21001,"P_age_00_14","Population 0-14",0.0143600273877382
5,21001,"P_age_15_39","Population 15-39",-0.0024074709508568
5,21001,"P_read_write","Literacy",0.000388577609555796
5,21001,"P_cell_phone","Cell phone",-0.00283925142139196
5,21001,"P_internet","Internet",0.00199325499124825
5,21001,"P_poverty","Poverty",0.00186043023131788
5,21001,"bias_w","Spatial bias",0.0117954332381487
5,21002,"P_age_00_14","Population 0-14",-0.00499834818765521
5,21002,"P_age_15_39","Population 15-39",-0.00356170209124684
5,21002,"P_read_write","Literacy",0.00453284988179803
5,21002,"P_cell_phone","Cell phone",-0.00140345701947808
5,21002,"P_internet","Internet",0.00585691491141915
5,21002,"P_poverty","Poverty",0.00230079470202327
5,21002,"bias_w","Spatial bias",0.0249296128749847
5,21003,"P_age_00_14","Population 0-14",-0.00199773861095309
5,21003,"P_age_15_39","Population 15-39",-0.00243484368547797
5,21003,"P_read_write","Literacy",0.00221999967470765
5,21003,"P_cell_phone","Cell phone",-0.00192087644245476
5,21003,"P_internet","Internet",0.00287637091241777
5,21003,"P_poverty","Poverty",0.00343236117623746
5,21003,"bias_w","Spatial bias",0.0178261063992977
5,21004,"P_age_00_14","Population 0-14",0.016693577170372
5,21004,"P_age_15_39","Population 15-39",-0.00288088899105787
5,21004,"P_read_write","Literacy",-0.00314253265969455
5,21004,"P_cell_phone","Cell phone",-0.000921466737054288
5,21004,"P_internet","Internet",0.00649442290887237
5,21004,"P_poverty","Poverty",0.00176675850525498
5,21004,"bias_w","Spatial bias",0.0140680074691772
5,21006,"P_age_00_14","Population 0-14",0.00962894968688488
5,21006,"P_age_15_39","Population 15-39",-0.00187804736196995
5,21006,"P_read_write","Literacy",0.00612964946776628
5,21006,"P_cell_phone","Cell phone",-0.00103774864692241
5,21006,"P_internet","Internet",0.0067110937088728
5,21006,"P_poverty","Poverty",0.00196341401897371
5,21006,"bias_w","Spatial bias",0.026008602231741
5,21007,"P_age_00_14","Population 0-14",0.0100784823298454
5,21007,"P_age_15_39","Population 15-39",0.00371569907292724
5,21007,"P_read_write","Literacy",0.00630645221099257
5,21007,"P_cell_phone","Cell phone",-0.00314442929811776
5,21007,"P_internet","Internet",0.00571662466973066
5,21007,"P_poverty","Poverty",0.00124804687220603
5,21007,"bias_w","Spatial bias",-0.0126337753608823
5,21008,"P_age_00_14","Population 0-14",0.0087312376126647
5,21008,"P_age_15_39","Population 15-39",-0.00325081357732415
5,21008,"P_read_write","Literacy",-0.00170844490639865
5,21008,"P_cell_phone","Cell phone",-0.00258484086953104
5,21008,"P_internet","Internet",-0.00269468640908599
5,21008,"P_poverty","Poverty",0.00222631194628775
5,21008,"bias_w","Spatial bias",0.0212212111800909
5,21010,"P_age_00_14","Population 0-14",0.0138368317857385
5,21010,"P_age_15_39","Population 15-39",-0.0118769071996212
5,21010,"P_read_write","Literacy",0.00667943712323904
5,21010,"P_cell_phone","Cell phone",-0.00116423168219626
5,21010,"P_internet","Internet",0.00525274593383074
5,21010,"P_poverty","Poverty",0.00174966070335358
5,21010,"bias_w","Spatial bias",0.0315543860197067
5,21011,"P_age_00_14","Population 0-14",0.00813981238752604
5,21011,"P_age_15_39","Population 15-39",0.00288725434802473
5,21011,"P_read_write","Literacy",0.00424887798726559
5,21011,"P_cell_phone","Cell phone",-0.00309915468096733
5,21011,"P_internet","Internet",-0.00442210026085377
5,21011,"P_poverty","Poverty",0.00201965612359345
5,21011,"bias_w","Spatial bias",0.0200538206845522
5,21012,"P_age_00_14","Population 0-14",-0.00471499096602201
5,21012,"P_age_15_39","Population 15-39",-0.00301428977400064
5,21012,"P_read_write","Literacy",0.00455039879307151
5,21012,"P_cell_phone","Cell phone",-0.00268290215171874
5,21012,"P_internet","Internet",0.00622203387320042
5,21012,"P_poverty","Poverty",0.00257091666571796
5,21012,"bias_w","Spatial bias",0.00670822011306882
5,21015,"P_age_00_14","Population 0-14",-0.000936755270231515
5,21015,"P_age_15_39","Population 15-39",-0.0154359368607402
5,21015,"P_read_write","Literacy",-0.00305894901975989
5,21015,"P_cell_phone","Cell phone",0.00352354440838099
5,21015,"P_internet","Internet",-0.00230904971249402
5,21015,"P_poverty","Poverty",0.00336981890723109
5,21015,"bias_w","Spatial bias",-0.0239927880465984
5,21016,"P_age_00_14","Population 0-14",-0.000545749440789223
5,21016,"P_age_15_39","Population 15-39",-0.00371191301383078
5,21016,"P_read_write","Literacy",0.00445596734061837
5,21016,"P_cell_phone","Cell phone",-0.0013206300791353
5,21016,"P_internet","Internet",0.00269572902470827
5,21016,"P_poverty","Poverty",0.00236370414495468
5,21016,"bias_w","Spatial bias",0.0232982542365789
5,21018,"P_age_00_14","Population 0-14",0.00727378018200397
5,21018,"P_age_15_39","Population 15-39",0.00340039771981537
5,21018,"P_read_write","Literacy",0.00276092812418938
5,21018,"P_cell_phone","Cell phone",-0.00100051902700216
5,21018,"P_internet","Internet",0.00610080268234015
5,21018,"P_poverty","Poverty",0.00144067138899118
5,21018,"bias_w","Spatial bias",0.0200694985687733
5,21023,"P_age_00_14","Population 0-14",0.0135085480287671
5,21023,"P_age_15_39","Population 15-39",-0.00185949075967073
5,21023,"P_read_write","Literacy",0.00488444091752172
5,21023,"P_cell_phone","Cell phone",-0.000793528801295906
5,21023,"P_internet","Internet",0.00648533646017313
5,21023,"P_poverty","Poverty",0.00251288502477109
5,21023,"bias_w","Spatial bias",0.0201562270522118
5,21024,"P_age_00_14","Population 0-14",-0.0109732868149877
5,21024,"P_age_15_39","Population 15-39",-0.000717074901331216
5,21024,"P_read_write","Literacy",0.00377704761922359
5,21024,"P_cell_phone","Cell phone",-0.00375687959603965
5,21024,"P_internet","Internet",0.00430589308962226
5,21024,"P_poverty","Poverty",0.000449879327788949
5,21024,"bias_w","Spatial bias",-0.00704828929156065
5,21025,"P_age_00_14","Population 0-14",-0.00143392023164779
5,21025,"P_age_15_39","Population 15-39",-0.00178228016011417
5,21025,"P_read_write","Literacy",0.00683676125481725
5,21025,"P_cell_phone","Cell phone",-0.00169441965408623
5,21025,"P_internet","Internet",0.00605807267129421
5,21025,"P_poverty","Poverty",0.00315366708673537
5,21025,"bias_w","Spatial bias",0.028672756627202
5,21027,"P_age_00_14","Population 0-14",-0.00481299171224236
5,21027,"P_age_15_39","Population 15-39",0.0138055924326181
5,21027,"P_read_write","Literacy",0.00473256222903728
5,21027,"P_cell_phone","Cell phone",-0.00739629240706563
5,21027,"P_internet","Internet",0.00731786666437984
5,21027,"P_poverty","Poverty",0.00168007612228394
5,21027,"bias_w","Spatial bias",-0.0314558036625385
5,21031,"P_age_00_14","Population 0-14",0.00130956503562629
5,21031,"P_age_15_39","Population 15-39",0.00402487022802234
5,21031,"P_read_write","Literacy",0.00482367305085063
5,21031,"P_cell_phone","Cell phone",-0.00119037448894233
5,21031,"P_internet","Internet",0.00587886897847056
5,21031,"P_poverty","Poverty",0.0018034876557067
5,21031,"bias_w","Spatial bias",0.00442825444042683
5,21032,"P_age_00_14","Population 0-14",-0.00349357444792986
5,21032,"P_age_15_39","Population 15-39",0.00105325796175748
5,21032,"P_read_write","Literacy",0.00403778161853552
5,21032,"P_cell_phone","Cell phone",-0.00268235150724649
5,21032,"P_internet","Internet",0.00591229321435094
5,21032,"P_poverty","Poverty",0.00171230733394623
5,21032,"bias_w","Spatial bias",0.0264161322265863
5,21035,"P_age_00_14","Population 0-14",-0.00355477724224329
5,21035,"P_age_15_39","Population 15-39",-0.00295749725773931
5,21035,"P_read_write","Literacy",0.00415104953572154
5,21035,"P_cell_phone","Cell phone",-0.00179907598067075
5,21035,"P_internet","Internet",0.00117698567919433
5,21035,"P_poverty","Poverty",0.00314895645715296
5,21035,"bias_w","Spatial bias",0.020504193380475
5,21036,"P_age_00_14","Population 0-14",0.0152487931773067
5,21036,"P_age_15_39","Population 15-39",-0.000809469085652381
5,21036,"P_read_write","Literacy",0.00660846382379532
5,21036,"P_cell_phone","Cell phone",-0.00259736133739352
5,21036,"P_internet","Internet",0.00899863801896572
5,21036,"P_poverty","Poverty",0.00279848952777684
5,21036,"bias_w","Spatial bias",0.0284670311957598
5,21037,"P_age_00_14","Population 0-14",-0.00401545315980911
5,21037,"P_age_15_39","Population 15-39",0.0163891687989235
5,21037,"P_read_write","Literacy",0.00299707590602338
5,21037,"P_cell_phone","Cell phone",-0.00151650561019778
5,21037,"P_internet","Internet",0.00282612279988825
5,21037,"P_poverty","Poverty",0.00115214183460921
5,21037,"bias_w","Spatial bias",0.0175099764019251
5,21039,"P_age_00_14","Population 0-14",0.00780782848596573
5,21039,"P_age_15_39","Population 15-39",-0.00177725544199347
5,21039,"P_read_write","Literacy",0.00559111358597875
5,21039,"P_cell_phone","Cell phone",-0.0012049718061462
5,21039,"P_internet","Internet",0.00605828547850251
5,21039,"P_poverty","Poverty",0.00201887544244528
5,21039,"bias_w","Spatial bias",0.0239705517888069
5,21040,"P_age_00_14","Population 0-14",0.0156058464199305
5,21040,"P_age_15_39","Population 15-39",-0.00543622160330415
5,21040,"P_read_write","Literacy",-0.0012817014940083
5,21040,"P_cell_phone","Cell phone",-0.0063802907243371
5,21040,"P_internet","Internet",0.0139559479430318
5,21040,"P_poverty","Poverty",-0.000784429372288287
5,21040,"bias_w","Spatial bias",-0.0901836380362511
5,21042,"P_age_00_14","Population 0-14",-0.00233153672888875
5,21042,"P_age_15_39","Population 15-39",0.0041099856607616
5,21042,"P_read_write","Literacy",0.00481629790738225
5,21042,"P_cell_phone","Cell phone",-0.00222782627679408
5,21042,"P_internet","Internet",0.00609816936776042
5,21042,"P_poverty","Poverty",0.00204938976094127
5,21042,"bias_w","Spatial bias",0.0196897834539413
5,21043,"P_age_00_14","Population 0-14",0.0112142106518149
5,21043,"P_age_15_39","Population 15-39",-0.00177044363226742
5,21043,"P_read_write","Literacy",0.00521381618455052
5,21043,"P_cell_phone","Cell phone",-0.0014995977981016
5,21043,"P_internet","Internet",0.00725272810086608
5,21043,"P_poverty","Poverty",0.00223291991278529
5,21043,"bias_w","Spatial bias",-0.00024566738284193
5,21044,"P_age_00_14","Population 0-14",0.0113375931978226
5,21044,"P_age_15_39","Population 15-39",-0.0027402073610574
5,21044,"P_read_write","Literacy",-0.00176264508627355
5,21044,"P_cell_phone","Cell phone",-0.000923913321457803
5,21044,"P_internet","Internet",0.001955148531124
5,21044,"P_poverty","Poverty",0.00238137203268707
5,21044,"bias_w","Spatial bias",0.0245219580829144
5,21045,"P_age_00_14","Population 0-14",-0.00229234690777957
5,21045,"P_age_15_39","Population 15-39",-0.002462635980919
5,21045,"P_read_write","Literacy",0.00375853036530316
5,21045,"P_cell_phone","Cell phone",-0.00182173773646355
5,21045,"P_internet","Internet",0.000874473480507731
5,21045,"P_poverty","Poverty",0.00322670768946409
5,21045,"bias_w","Spatial bias",0.0171757377684116
5,21046,"P_age_00_14","Population 0-14",0.014805281534791
5,21046,"P_age_15_39","Population 15-39",-0.00357018574140966
5,21046,"P_read_write","Literacy",-0.00199601426720619
5,21046,"P_cell_phone","Cell phone",-0.00170958193484694
5,21046,"P_internet","Internet",-0.00741832796484232
5,21046,"P_poverty","Poverty",0.00167418853379786
5,21046,"bias_w","Spatial bias",0.000882969179656357
5,21047,"P_age_00_14","Population 0-14",-0.00314978417009115
5,21047,"P_age_15_39","Population 15-39",-0.00320957694202662
5,21047,"P_read_write","Literacy",0.00392546504735947
5,21047,"P_cell_phone","Cell phone",-0.00144260679371655
5,21047,"P_internet","Internet",0.0011370190186426
5,21047,"P_poverty","Poverty",0.00340009434148669
5,21047,"bias_w","Spatial bias",0.00630212342366576
5,21049,"P_age_00_14","Population 0-14",0.0149898175150156
5,21049,"P_age_15_39","Population 15-39",-0.00157210882753134
5,21049,"P_read_write","Literacy",0.00862448010593653
5,21049,"P_cell_phone","Cell phone",-0.00143043685238808
5,21049,"P_internet","Internet",0.00679117674008012
5,21049,"P_poverty","Poverty",0.00256996066309512
5,21049,"bias_w","Spatial bias",0.0289888512343168
5,21050,"P_age_00_14","Population 0-14",0.0145801035687327
5,21050,"P_age_15_39","Population 15-39",-0.00193566479720175
5,21050,"P_read_write","Literacy",0.00789500400424004
5,21050,"P_cell_phone","Cell phone",-0.000853944278787822
5,21050,"P_internet","Internet",0.00859264470636845
5,21050,"P_poverty","Poverty",0.00248189619742334
5,21050,"bias_w","Spatial bias",0.0301659908145666
5,21051,"P_age_00_14","Population 0-14",-0.00282177189365029
5,21051,"P_age_15_39","Population 15-39",-0.00316148530691862
5,21051,"P_read_write","Literacy",0.00393819902092218
5,21051,"P_cell_phone","Cell phone",-0.00231366441585124
5,21051,"P_internet","Internet",-0.00494993245229125
5,21051,"P_poverty","Poverty",0.00312987365759909
5,21051,"bias_w","Spatial bias",0.0174359437078238
5,21053,"P_age_00_14","Population 0-14",0.00893859006464481
5,21053,"P_age_15_39","Population 15-39",-0.00254246708936989
5,21053,"P_read_write","Literacy",0.00273310509510338
5,21053,"P_cell_phone","Cell phone",-0.000238323409575969
5,21053,"P_internet","Internet",0.00237263739109039
5,21053,"P_poverty","Poverty",0.00243218149989843
5,21053,"bias_w","Spatial bias",0.00766337802633643
5,21054,"P_age_00_14","Population 0-14",0.0139626478776336
5,21054,"P_age_15_39","Population 15-39",-0.0247278697788715
5,21054,"P_read_write","Literacy",0.00523079466074705
5,21054,"P_cell_phone","Cell phone",-0.00100268982350826
5,21054,"P_internet","Internet",0.00436418224126101
5,21054,"P_poverty","Poverty",0.00230514421127737
5,21054,"bias_w","Spatial bias",0.0274302437901497
5,21055,"P_age_00_14","Population 0-14",-0.00154747744090855
5,21055,"P_age_15_39","Population 15-39",0.00321098836138844
5,21055,"P_read_write","Literacy",0.00427267234772444
5,21055,"P_cell_phone","Cell phone",-0.00121582520660013
5,21055,"P_internet","Internet",0.00635736947879195
5,21055,"P_poverty","Poverty",0.00230129645206034
5,21055,"bias_w","Spatial bias",0.0195595808327198
5,21056,"P_age_00_14","Population 0-14",-0.00459136627614498
5,21056,"P_age_15_39","Population 15-39",0.000241767527768388
5,21056,"P_read_write","Literacy",0.00111466436646879
5,21056,"P_cell_phone","Cell phone",-0.0026592870708555
5,21056,"P_internet","Internet",0.00230620405636728
5,21056,"P_poverty","Poverty",0.00146877637598664
5,21056,"bias_w","Spatial bias",-0.00437374459579587
5,21057,"P_age_00_14","Population 0-14",0.00872887577861547
5,21057,"P_age_15_39","Population 15-39",-0.00183824577834457
5,21057,"P_read_write","Literacy",0.00481117842718959
5,21057,"P_cell_phone","Cell phone",-0.00118015322368592
5,21057,"P_internet","Internet",0.00609838496893644
5,21057,"P_poverty","Poverty",0.00200961902737617
5,21057,"bias_w","Spatial bias",0.018514247611165
5,21058,"P_age_00_14","Population 0-14",0.0138326259329915
5,21058,"P_age_15_39","Population 15-39",-0.00172071030829102
5,21058,"P_read_write","Literacy",0.00709497649222612
5,21058,"P_cell_phone","Cell phone",-0.00091557000996545
5,21058,"P_internet","Internet",0.00735694775357842
5,21058,"P_poverty","Poverty",0.00256258016452193
5,21058,"bias_w","Spatial bias",0.0332908928394318
5,21061,"P_age_00_14","Population 0-14",0.0152591103687882
5,21061,"P_age_15_39","Population 15-39",-0.00167641742154956
5,21061,"P_read_write","Literacy",0.0087286364287138
5,21061,"P_cell_phone","Cell phone",-0.00126841792371124
5,21061,"P_internet","Internet",0.00937660411000252
5,21061,"P_poverty","Poverty",0.00282197096385062
5,21061,"bias_w","Spatial bias",0.0332933850586414
5,21062,"P_age_00_14","Population 0-14",-0.00313448393717408
5,21062,"P_age_15_39","Population 15-39",-0.00386673538014293
5,21062,"P_read_write","Literacy",0.00476961582899094
5,21062,"P_cell_phone","Cell phone",-0.000578447128646076
5,21062,"P_internet","Internet",0.000652925868052989
5,21062,"P_poverty","Poverty",0.00241307215765119
5,21062,"bias_w","Spatial bias",-0.00373960356228054
5,21063,"P_age_00_14","Population 0-14",0.00835375767201185
5,21063,"P_age_15_39","Population 15-39",-0.00302235106937587
5,21063,"P_read_write","Literacy",0.00128510582726449
5,21063,"P_cell_phone","Cell phone",-0.000849107629619539
5,21063,"P_internet","Internet",0.0051795020699501
5,21063,"P_poverty","Poverty",0.00204133638180792
5,21063,"bias_w","Spatial bias",0.0200831182301044
5,21064,"P_age_00_14","Population 0-14",-0.00314277643337846
5,21064,"P_age_15_39","Population 15-39",0.00301520060747862
5,21064,"P_read_write","Literacy",0.00432113511487842
5,21064,"P_cell_phone","Cell phone",-0.0011682128533721
5,21064,"P_internet","Internet",0.00609158864244819
5,21064,"P_poverty","Poverty",0.0020806195680052
5,21064,"bias_w","Spatial bias",0.02422134578228
5,21065,"P_age_00_14","Population 0-14",0.0129948034882545
5,21065,"P_age_15_39","Population 15-39",-0.00258973892778158
5,21065,"P_read_write","Literacy",0.00483887922018766
5,21065,"P_cell_phone","Cell phone",-0.00268802791833878
5,21065,"P_internet","Internet",0.00655763410031796
5,21065,"P_poverty","Poverty",0.00145113281905651
5,21065,"bias_w","Spatial bias",0.0179163068532944
5,21066,"P_age_00_14","Population 0-14",-0.00189208064693958
5,21066,"P_age_15_39","Population 15-39",0.0047645322047174
5,21066,"P_read_write","Literacy",0.00473510613664985
5,21066,"P_cell_phone","Cell phone",-0.00124651344958693
5,21066,"P_internet","Internet",0.00611559581011534
5,21066,"P_poverty","Poverty",0.00168010289780796
5,21066,"bias_w","Spatial bias",0.0178102515637875
5,21067,"P_age_00_14","Population 0-14",0.00908764079213142
5,21067,"P_age_15_39","Population 15-39",-0.00327077019028366
5,21067,"P_read_write","Literacy",0.00478303665295243
5,21067,"P_cell_phone","Cell phone",-0.00130937760695815
5,21067,"P_internet","Internet",0.00220564543269575
5,21067,"P_poverty","Poverty",0.00215604179538786
5,21067,"bias_w","Spatial bias",0.0237094443291426
5,21070,"P_age_00_14","Population 0-14",-0.0039210063405335
5,21070,"P_age_15_39","Population 15-39",0.00973334722220898
5,21070,"P_read_write","Literacy",0.0154425734654069
5,21070,"P_cell_phone","Cell phone",-0.00336304190568626
5,21070,"P_internet","Internet",0.0177564434707165
5,21070,"P_poverty","Poverty",0.00202671508304775
5,21070,"bias_w","Spatial bias",-0.0630054622888565
5,21071,"P_age_00_14","Population 0-14",-0.000507604330778122
5,21071,"P_age_15_39","Population 15-39",-0.00176584196742624
5,21071,"P_read_write","Literacy",0.000669925531838089
5,21071,"P_cell_phone","Cell phone",-0.00112982967402786
5,21071,"P_internet","Internet",-0.00440815929323435
5,21071,"P_poverty","Poverty",0.00290656997822225
5,21071,"bias_w","Spatial bias",0.0184383131563663
5,21072,"P_age_00_14","Population 0-14",0.0117523930966854
5,21072,"P_age_15_39","Population 15-39",0.00285989441908896
5,21072,"P_read_write","Literacy",0.00796474330127239
5,21072,"P_cell_phone","Cell phone",-0.000582928652875125
5,21072,"P_internet","Internet",0.00738642830401659
5,21072,"P_poverty","Poverty",0.00140558381099254
5,21072,"bias_w","Spatial bias",0.0278565548360348
5,21073,"P_age_00_14","Population 0-14",-0.00151848129462451
5,21073,"P_age_15_39","Population 15-39",-0.00287868804298341
5,21073,"P_read_write","Literacy",0.00432550115510821
5,21073,"P_cell_phone","Cell phone",-0.00108308484777808
5,21073,"P_internet","Internet",0.00537580577656627
5,21073,"P_poverty","Poverty",0.00256685563363135
5,21073,"bias_w","Spatial bias",0.0200168937444687
5,21076,"P_age_00_14","Population 0-14",-0.00338975014165044
5,21076,"P_age_15_39","Population 15-39",-0.00346798961982131
5,21076,"P_read_write","Literacy",0.00473749591037631
5,21076,"P_cell_phone","Cell phone",-0.00134424935095012
5,21076,"P_internet","Internet",0.0059657865203917
5,21076,"P_poverty","Poverty",0.00234973477199674
5,21076,"bias_w","Spatial bias",0.0253687147051096
5,21077,"P_age_00_14","Population 0-14",-0.00437185727059841
5,21077,"P_age_15_39","Population 15-39",-0.00218672771006823
5,21077,"P_read_write","Literacy",0.00589799042791128
5,21077,"P_cell_phone","Cell phone",-0.000867586408276111
5,21077,"P_internet","Internet",0.00117144256364554
5,21077,"P_poverty","Poverty",0.00318975490517914
5,21077,"bias_w","Spatial bias",0.0295172389596701
5,21078,"P_age_00_14","Population 0-14",0.0114332186058164
5,21078,"P_age_15_39","Population 15-39",-0.00200062175281346
5,21078,"P_read_write","Literacy",0.00615805899724364
5,21078,"P_cell_phone","Cell phone",-0.000882081687450409
5,21078,"P_internet","Internet",0.00613775523379445
5,21078,"P_poverty","Poverty",0.00254506478086114
5,21078,"bias_w","Spatial bias",0.0286639612168074
5,21079,"P_age_00_14","Population 0-14",-0.00189969374332577
5,21079,"P_age_15_39","Population 15-39",-0.00641667796298862
5,21079,"P_read_write","Literacy",-0.0114091672003269
5,21079,"P_cell_phone","Cell phone",-0.000941447215154767
5,21079,"P_internet","Internet",0.000674372422508895
5,21079,"P_poverty","Poverty",0.00445484649389982
5,21079,"bias_w","Spatial bias",-0.0352777503430843
5,21081,"P_age_00_14","Population 0-14",0.000944053521379828
5,21081,"P_age_15_39","Population 15-39",0.0033550055231899
5,21081,"P_read_write","Literacy",0.00506122736260295
5,21081,"P_cell_phone","Cell phone",-0.00166522397194058
5,21081,"P_internet","Internet",0.00642925500869751
5,21081,"P_poverty","Poverty",0.00206098821945488
5,21081,"bias_w","Spatial bias",0.0193988960236311
5,21082,"P_age_00_14","Population 0-14",-0.00166453025303781
5,21082,"P_age_15_39","Population 15-39",-0.00246555404737592
5,21082,"P_read_write","Literacy",-0.00199725851416588
5,21082,"P_cell_phone","Cell phone",-0.00197463133372366
5,21082,"P_internet","Internet",-0.000744764984119684
5,21082,"P_poverty","Poverty",0.00302334013395011
5,21082,"bias_w","Spatial bias",0.0179905015975237
5,21083,"P_age_00_14","Population 0-14",0.00855120085179806
5,21083,"P_age_15_39","Population 15-39",0.00255517358891666
5,21083,"P_read_write","Literacy",0.00413503544405103
5,21083,"P_cell_phone","Cell phone",-0.000582190637942404
5,21083,"P_internet","Internet",0.00581505289301276
5,21083,"P_poverty","Poverty",0.00181010738015175
5,21083,"bias_w","Spatial bias",0.0173404216766357
5,21085,"P_age_00_14","Population 0-14",-0.00175578985363245
5,21085,"P_age_15_39","Population 15-39",-0.00233982875943184
5,21085,"P_read_write","Literacy",0.000296608224743977
5,21085,"P_cell_phone","Cell phone",-0.000309241382637993
5,21085,"P_internet","Internet",-0.0063337916508317
5,21085,"P_poverty","Poverty",0.0034356436226517
5,21085,"bias_w","Spatial bias",-0.00327135855332017
5,21086,"P_age_00_14","Population 0-14",0.00745067931711674
5,21086,"P_age_15_39","Population 15-39",0.00233689020387828
5,21086,"P_read_write","Literacy",0.00430218782275915
5,21086,"P_cell_phone","Cell phone",-0.000972068053670228
5,21086,"P_internet","Internet",0.00329334521666169
5,21086,"P_poverty","Poverty",0.00158368155825883
5,21086,"bias_w","Spatial bias",0.0232265908271074
5,21087,"P_age_00_14","Population 0-14",0.00931293331086636
5,21087,"P_age_15_39","Population 15-39",-0.00120178691577166
5,21087,"P_read_write","Literacy",0.00513467611745
5,21087,"P_cell_phone","Cell phone",-0.00106620788574219
5,21087,"P_internet","Internet",0.00617628544569016
5,21087,"P_poverty","Poverty",0.00215336983092129
5,21087,"bias_w","Spatial bias",0.0197493601590395
5,21089,"P_age_00_14","Population 0-14",0.00764850527048111
5,21089,"P_age_15_39","Population 15-39",0.0024745068512857
5,21089,"P_read_write","Literacy",0.00512362737208605
5,21089,"P_cell_phone","Cell phone",-0.000734977889806032
5,21089,"P_internet","Internet",0.00544894300401211
5,21089,"P_poverty","Poverty",0.00139357184525579
5,21089,"bias_w","Spatial bias",0.0233702100813389
5,21092,"P_age_00_14","Population 0-14",0.00777064356952906
5,21092,"P_age_15_39","Population 15-39",0.00225430098362267
5,21092,"P_read_write","Literacy",0.00456072390079498
5,21092,"P_cell_phone","Cell phone",-0.00301908329129219
5,21092,"P_internet","Internet",0.00636203214526176
5,21092,"P_poverty","Poverty",0.00138596119359136
5,21092,"bias_w","Spatial bias",0.021594300866127
5,21093,"P_age_00_14","Population 0-14",0.00767163978889585
5,21093,"P_age_15_39","Population 15-39",0.00286860018968582
5,21093,"P_read_write","Literacy",0.00435752421617508
5,21093,"P_cell_phone","Cell phone",-0.00131679174955934
5,21093,"P_internet","Internet",0.00628330884501338
5,21093,"P_poverty","Poverty",0.00106109096668661
5,21093,"bias_w","Spatial bias",0.0225915536284447
5,21094,"P_age_00_14","Population 0-14",0.0097819697111845
5,21094,"P_age_15_39","Population 15-39",-0.00330178951844573
5,21094,"P_read_write","Literacy",-0.00265570892952383
5,21094,"P_cell_phone","Cell phone",-0.00246260641142726
5,21094,"P_internet","Internet",0.0002189094084315
5,21094,"P_poverty","Poverty",0.00245678285136819
5,21094,"bias_w","Spatial bias",0.0193458721041679
5,21096,"P_age_00_14","Population 0-14",-0.0015305319102481
5,21096,"P_age_15_39","Population 15-39",-0.00659974571317434
5,21096,"P_read_write","Literacy",-0.00461086211726069
5,21096,"P_cell_phone","Cell phone",-0.0037648668512702
5,21096,"P_internet","Internet",-0.00894908979535103
5,21096,"P_poverty","Poverty",0.00244959187693894
5,21096,"bias_w","Spatial bias",0.0240228436887264
5,21098,"P_age_00_14","Population 0-14",-0.00165151746477932
5,21098,"P_age_15_39","Population 15-39",-0.00504048075526953
5,21098,"P_read_write","Literacy",0.00152791629079729
5,21098,"P_cell_phone","Cell phone",-0.00213344139046967
5,21098,"P_internet","Internet",0.00296286540105939
5,21098,"P_poverty","Poverty",0.00325740384869277
5,21098,"bias_w","Spatial bias",-0.0243684276938438
5,21099,"P_age_00_14","Population 0-14",0.0104096792638302
5,21099,"P_age_15_39","Population 15-39",-0.00299714063294232
5,21099,"P_read_write","Literacy",0.0052310205064714
5,21099,"P_cell_phone","Cell phone",-0.00123294652439654
5,21099,"P_internet","Internet",0.00635448656976223
5,21099,"P_poverty","Poverty",0.00209998269565403
5,21099,"bias_w","Spatial bias",0.00816085562109947
5,21101,"P_age_00_14","Population 0-14",-0.00511498842388391
5,21101,"P_age_15_39","Population 15-39",0.00302947452291846
5,21101,"P_read_write","Literacy",0.00408890889957547
5,21101,"P_cell_phone","Cell phone",-0.00133175519295037
5,21101,"P_internet","Internet",0.00681037222966552
5,21101,"P_poverty","Poverty",0.0015814108774066
5,21101,"bias_w","Spatial bias",0.0256248004734516
5,21103,"P_age_00_14","Population 0-14",0.0135761583223939
5,21103,"P_age_15_39","Population 15-39",-0.00403566472232342
5,21103,"P_read_write","Literacy",0.00551626179367304
5,21103,"P_cell_phone","Cell phone",-0.00145332922693342
5,21103,"P_internet","Internet",0.00113492598757148
5,21103,"P_poverty","Poverty",0.00198648241348565
5,21103,"bias_w","Spatial bias",-0.0078862402588129
5,21104,"P_age_00_14","Population 0-14",0.0175561495125294
5,21104,"P_age_15_39","Population 15-39",-0.00435771374031901
5,21104,"P_read_write","Literacy",-0.00288604130037129
5,21104,"P_cell_phone","Cell phone",0.000180053335498087
5,21104,"P_internet","Internet",-0.00463702483102679
5,21104,"P_poverty","Poverty",0.00266166124492884
5,21104,"bias_w","Spatial bias",-0.00886193756014109
5,21106,"P_age_00_14","Population 0-14",0.00570415053516626
5,21106,"P_age_15_39","Population 15-39",-0.00134285795502365
5,21106,"P_read_write","Literacy",-0.000985852791927755
5,21106,"P_cell_phone","Cell phone",-0.0114111974835396
5,21106,"P_internet","Internet",-0.015358823351562
5,21106,"P_poverty","Poverty",0.00342226610518992
5,21106,"bias_w","Spatial bias",-0.0891212373971939
5,21107,"P_age_00_14","Population 0-14",0.014801824465394
5,21107,"P_age_15_39","Population 15-39",0.00220686546526849
5,21107,"P_read_write","Literacy",0.00848624110221863
5,21107,"P_cell_phone","Cell phone",-0.000680038006976247
5,21107,"P_internet","Internet",0.00921182613819838
5,21107,"P_poverty","Poverty",0.00231416430324316
5,21107,"bias_w","Spatial bias",0.0321228131651878
5,21108,"P_age_00_14","Population 0-14",0.0113789057359099
5,21108,"P_age_15_39","Population 15-39",-0.00324558629654348
5,21108,"P_read_write","Literacy",-0.00209516822360456
5,21108,"P_cell_phone","Cell phone",-0.00283509353175759
5,21108,"P_internet","Internet",0.00158215896226466
5,21108,"P_poverty","Poverty",0.00271893735043705
5,21108,"bias_w","Spatial bias",0.0193606242537498
5,21109,"P_age_00_14","Population 0-14",0.00868873111903667
5,21109,"P_age_15_39","Population 15-39",-0.000802008958999068
5,21109,"P_read_write","Literacy",0.00524110067635775
5,21109,"P_cell_phone","Cell phone",-0.00115683325566351
5,21109,"P_internet","Internet",0.00619253516197205
5,21109,"P_poverty","Poverty",0.00213117594830692
5,21109,"bias_w","Spatial bias",0.0201972611248493
5,21110,"P_age_00_14","Population 0-14",0.0123617202043533
5,21110,"P_age_15_39","Population 15-39",-0.00243569002486765
5,21110,"P_read_write","Literacy",0.00466617755591869
5,21110,"P_cell_phone","Cell phone",-0.000995384994894266
5,21110,"P_internet","Internet",0.0059681823477149
5,21110,"P_poverty","Poverty",0.00171907711774111
5,21110,"bias_w","Spatial bias",0.0216226167976856
5,21111,"P_age_00_14","Population 0-14",-0.0021598213352263
5,21111,"P_age_15_39","Population 15-39",0.00382787850685418
5,21111,"P_read_write","Literacy",0.00468241143971682
5,21111,"P_cell_phone","Cell phone",-0.00193088396918029
5,21111,"P_internet","Internet",0.0059657939709723
5,21111,"P_poverty","Poverty",0.00181044777855277
5,21111,"bias_w","Spatial bias",0.0243613105267286
5,21112,"P_age_00_14","Population 0-14",-0.00198649894446135
5,21112,"P_age_15_39","Population 15-39",0.00419008452445269
5,21112,"P_read_write","Literacy",0.00494372053071856
5,21112,"P_cell_phone","Cell phone",-0.00107030267827213
5,21112,"P_internet","Internet",0.00578731996938586
5,21112,"P_poverty","Poverty",0.00195148074999452
5,21112,"bias_w","Spatial bias",0.0193853620439768
5,21113,"P_age_00_14","Population 0-14",-0.00549808889627457
5,21113,"P_age_15_39","Population 15-39",-0.00100001040846109
5,21113,"P_read_write","Literacy",0.00447941524907947
5,21113,"P_cell_phone","Cell phone",-0.00156866840552539
5,21113,"P_internet","Internet",0.00485993595793843
5,21113,"P_poverty","Poverty",0.00186702504288405
5,21113,"bias_w","Spatial bias",0.00489535834640265
5,21114,"P_age_00_14","Population 0-14",-0.00522433593869209
5,21114,"P_age_15_39","Population 15-39",-0.00243110465817153
5,21114,"P_read_write","Literacy",-0.0058509511873126
5,21114,"P_cell_phone","Cell phone",0.00633086822926998
5,21114,"P_internet","Internet",-0.00343491160310805
5,21114,"P_poverty","Poverty",0.00256370985880494
5,21114,"bias_w","Spatial bias",-0.023095466196537
5,21115,"P_age_00_14","Population 0-14",0.0177275743335485
5,21115,"P_age_15_39","Population 15-39",-0.00276272743940353
5,21115,"P_read_write","Literacy",0.005359988193959
5,21115,"P_cell_phone","Cell phone",-0.000893487245775759
5,21115,"P_internet","Internet",0.00616790261119604
5,21115,"P_poverty","Poverty",0.00233686482533813
5,21115,"bias_w","Spatial bias",-0.00177604972850531
5,21116,"P_age_00_14","Population 0-14",0.0142338769510388
5,21116,"P_age_15_39","Population 15-39",-0.0018296722555533
5,21116,"P_read_write","Literacy",0.0072845546528697
5,21116,"P_cell_phone","Cell phone",-0.00157307181507349
5,21116,"P_internet","Internet",0.00754806911572814
5,21116,"P_poverty","Poverty",0.00148231571074575
5,21116,"bias_w","Spatial bias",0.0283666346222162
5,21119,"P_age_00_14","Population 0-14",-0.00754583813250065
5,21119,"P_age_15_39","Population 15-39",-0.0061889560893178
5,21119,"P_read_write","Literacy",-0.00685242377221584
5,21119,"P_cell_phone","Cell phone",0.0202262122184038
5,21119,"P_internet","Internet",-0.00171106436755508
5,21119,"P_poverty","Poverty",0.00201732269488275
5,21119,"bias_w","Spatial bias",-0.103316262364388
5,21120,"P_age_00_14","Population 0-14",0.0139316245913506
5,21120,"P_age_15_39","Population 15-39",-0.00346791837364435
5,21120,"P_read_write","Literacy",0.00608874624595046
5,21120,"P_cell_phone","Cell phone",-0.00115092704072595
5,21120,"P_internet","Internet",0.00724069168791175
5,21120,"P_poverty","Poverty",0.00170584686566144
5,21120,"bias_w","Spatial bias",0.020057687535882
5,21121,"P_age_00_14","Population 0-14",-0.00561071885749698
5,21121,"P_age_15_39","Population 15-39",-0.00623497040942311
5,21121,"P_read_write","Literacy",0.00499776797369123
5,21121,"P_cell_phone","Cell phone",-0.00634879665449262
5,21121,"P_internet","Internet",0.00451056426391006
5,21121,"P_poverty","Poverty",0.000130311324028298
5,21121,"bias_w","Spatial bias",-0.038868322968483
5,21123,"P_age_00_14","Population 0-14",0.00887303985655308
5,21123,"P_age_15_39","Population 15-39",0.00227713398635387
5,21123,"P_read_write","Literacy",0.00839194282889366
5,21123,"P_cell_phone","Cell phone",-0.000891966337803751
5,21123,"P_internet","Internet",0.00717383809387684
5,21123,"P_poverty","Poverty",0.00143588392529637
5,21123,"bias_w","Spatial bias",0.0302317477762699
5,21124,"P_age_00_14","Population 0-14",-0.00568306026980281
5,21124,"P_age_15_39","Population 15-39",-0.00339762819930911
5,21124,"P_read_write","Literacy",0.0074539091438055
5,21124,"P_cell_phone","Cell phone",-0.000979973934590816
5,21124,"P_internet","Internet",-0.00594518659636378
5,21124,"P_poverty","Poverty",0.00312735186889768
5,21124,"bias_w","Spatial bias",-0.0329206697642803
5,21126,"P_age_00_14","Population 0-14",0.00615562871098518
5,21126,"P_age_15_39","Population 15-39",-0.0130085973069072
5,21126,"P_read_write","Literacy",-0.0382466837763786
5,21126,"P_cell_phone","Cell phone",-0.011708595789969
5,21126,"P_internet","Internet",-0.000331478455336764
5,21126,"P_poverty","Poverty",-0.00648804334923625
5,21126,"bias_w","Spatial bias",-0.157091692090034
5,21127,"P_age_00_14","Population 0-14",-0.00490703014656901
5,21127,"P_age_15_39","Population 15-39",0.0175476353615522
5,21127,"P_read_write","Literacy",0.00244171218946576
5,21127,"P_cell_phone","Cell phone",-0.00291608506813645
5,21127,"P_internet","Internet",0.0059420308098197
5,21127,"P_poverty","Poverty",0.00147080491296947
5,21127,"bias_w","Spatial bias",0.00798104517161846
5,21128,"P_age_00_14","Population 0-14",0.0150460014119744
5,21128,"P_age_15_39","Population 15-39",-0.0040632295422256
5,21128,"P_read_write","Literacy",-0.00137378252111375
5,21128,"P_cell_phone","Cell phone",-0.00321101420558989
5,21128,"P_internet","Internet",0.00509402761235833
5,21128,"P_poverty","Poverty",0.00260627618990839
5,21128,"bias_w","Spatial bias",-0.00851800665259361
5,21129,"P_age_00_14","Population 0-14",-0.00444873049855232
5,21129,"P_age_15_39","Population 15-39",-0.00308040156960487
5,21129,"P_read_write","Literacy",0.00538723869249225
5,21129,"P_cell_phone","Cell phone",-0.000608722562901676
5,21129,"P_internet","Internet",0.00191729690413922
5,21129,"P_poverty","Poverty",0.00202918890863657
5,21129,"bias_w","Spatial bias",-0.0028669519815594
5,21130,"P_age_00_14","Population 0-14",-0.00379053223878145
5,21130,"P_age_15_39","Population 15-39",0.00387077732011676
5,21130,"P_read_write","Literacy",0.00388836697675288
5,21130,"P_cell_phone","Cell phone",-0.00133972766343504
5,21130,"P_internet","Internet",0.0060149715282023
5,21130,"P_poverty","Poverty",0.00141969998367131
5,21130,"bias_w","Spatial bias",0.0188531596213579
5,21135,"P_age_00_14","Population 0-14",-0.00688035693019629
5,21135,"P_age_15_39","Population 15-39",0.0135959582403302
5,21135,"P_read_write","Literacy",0.00286811799742281
5,21135,"P_cell_phone","Cell phone",-0.00559079367667437
5,21135,"P_internet","Internet",0.00221278006210923
5,21135,"P_poverty","Poverty",0.00125254632439464
5,21135,"bias_w","Spatial bias",0.0194679107517004
5,21137,"P_age_00_14","Population 0-14",0.0151636507362127
5,21137,"P_age_15_39","Population 15-39",-0.00334373326040804
5,21137,"P_read_write","Literacy",0.00562620209529996
5,21137,"P_cell_phone","Cell phone",-0.00128679140470922
5,21137,"P_internet","Internet",0.00741548696532845
5,21137,"P_poverty","Poverty",0.0015062332386151
5,21137,"bias_w","Spatial bias",0.0234253611415625
5,21141,"P_age_00_14","Population 0-14",-0.00165232690051198
5,21141,"P_age_15_39","Population 15-39",0.00461072474718094
5,21141,"P_read_write","Literacy",0.00364295532926917
5,21141,"P_cell_phone","Cell phone",-0.00102458894252777
5,21141,"P_internet","Internet",0.00594283640384674
5,21141,"P_poverty","Poverty",0.00185086706187576
5,21141,"bias_w","Spatial bias",0.0171129386872053
5,21142,"P_age_00_14","Population 0-14",-0.00311944610439241
5,21142,"P_age_15_39","Population 15-39",-0.0052092201076448
5,21142,"P_read_write","Literacy",0.00832966063171625
5,21142,"P_cell_phone","Cell phone",-0.00204585772007704
5,21142,"P_internet","Internet",0.00135195755865425
5,21142,"P_poverty","Poverty",0.00209754379466176
5,21142,"bias_w","Spatial bias",-0.0308084636926651
5,21144,"P_age_00_14","Population 0-14",0.0164242945611477
5,21144,"P_age_15_39","Population 15-39",-0.0031711645424366
5,21144,"P_read_write","Literacy",-0.00532878469675779
5,21144,"P_cell_phone","Cell phone",-0.00274779368191957
5,21144,"P_internet","Internet",-0.00744734704494476
5,21144,"P_poverty","Poverty",0.00150372867938131
5,21144,"bias_w","Spatial bias",-0.0167516861110926
5,21145,"P_age_00_14","Population 0-14",0.0104012489318848
5,21145,"P_age_15_39","Population 15-39",-0.000945994455832988
5,21145,"P_read_write","Literacy",0.0086090350523591
5,21145,"P_cell_phone","Cell phone",-0.00259009120054543
5,21145,"P_internet","Internet",0.00950760673731565
5,21145,"P_poverty","Poverty",0.00299470289610326
5,21145,"bias_w","Spatial bias",0.0326353088021278
5,21147,"P_age_00_14","Population 0-14",-0.0013910811394453
5,21147,"P_age_15_39","Population 15-39",0.00473822560161352
5,21147,"P_read_write","Literacy",0.0043555349111557
5,21147,"P_cell_phone","Cell phone",-0.00127947609871626
5,21147,"P_internet","Internet",0.00605883449316025
5,21147,"P_poverty","Poverty",0.00192334048915654
5,21147,"bias_w","Spatial bias",0.0199038926512003
5,21149,"P_age_00_14","Population 0-14",0.011718443594873
5,21149,"P_age_15_39","Population 15-39",-0.0220671966671944
5,21149,"P_read_write","Literacy",-0.0010140968952328
5,21149,"P_cell_phone","Cell phone",-0.00301535194739699
5,21149,"P_internet","Internet",-0.000936252588871866
5,21149,"P_poverty","Poverty",0.0023894312325865
5,21149,"bias_w","Spatial bias",-0.00287598161958158
5,21150,"P_age_00_14","Population 0-14",0.0109329633414745
5,21150,"P_age_15_39","Population 15-39",0.00828388053923845
5,21150,"P_read_write","Literacy",0.0163560938090086
5,21150,"P_cell_phone","Cell phone",-0.00427200039848685
5,21150,"P_internet","Internet",0.0132167171686888
5,21150,"P_poverty","Poverty",-0.000983902718871832
5,21150,"bias_w","Spatial bias",-0.0776954889297485
5,21152,"P_age_00_14","Population 0-14",-0.00421553803607821
5,21152,"P_age_15_39","Population 15-39",-0.00497907912358642
5,21152,"P_read_write","Literacy",-0.00260816467925906
5,21152,"P_cell_phone","Cell phone",0.000164917495567352
5,21152,"P_internet","Internet",0.00685299094766378
5,21152,"P_poverty","Poverty",0.00225811963900924
5,21152,"bias_w","Spatial bias",-0.0289093535393476
5,21153,"P_age_00_14","Population 0-14",0.0108427060768008
5,21153,"P_age_15_39","Population 15-39",-0.000263458146946505
5,21153,"P_read_write","Literacy",-0.0167493466287851
5,21153,"P_cell_phone","Cell phone",-0.00735374446958303
5,21153,"P_internet","Internet",0.00376605009660125
5,21153,"P_poverty","Poverty",0.00380049017257988
5,21153,"bias_w","Spatial bias",-0.0878997594118118
5,21154,"P_age_00_14","Population 0-14",0.00924581568688154
5,21154,"P_age_15_39","Population 15-39",-0.00250507844612002
5,21154,"P_read_write","Literacy",-0.00203664973378181
5,21154,"P_cell_phone","Cell phone",-0.00270216562785208
5,21154,"P_internet","Internet",-0.00745310541242361
5,21154,"P_poverty","Poverty",0.00339379068464041
5,21154,"bias_w","Spatial bias",-0.0226003471761942
5,21155,"P_age_00_14","Population 0-14",-0.0043736039660871
5,21155,"P_age_15_39","Population 15-39",-0.0541782639920712
5,21155,"P_read_write","Literacy",0.00243694870732725
5,21155,"P_cell_phone","Cell phone",-0.00176323635969311
5,21155,"P_internet","Internet",0.000435501453466713
5,21155,"P_poverty","Poverty",0.00288211461156607
5,21155,"bias_w","Spatial bias",-0.00608570221811533
5,21156,"P_age_00_14","Population 0-14",-0.00286211655475199
5,21156,"P_age_15_39","Population 15-39",-0.00270937709137797
5,21156,"P_read_write","Literacy",-0.00243526347912848
5,21156,"P_cell_phone","Cell phone",0.00450806599110365
5,21156,"P_internet","Internet",-0.00734953675419092
5,21156,"P_poverty","Poverty",0.00268643838353455
5,21156,"bias_w","Spatial bias",-0.0256708301603794
5,21157,"P_age_00_14","Population 0-14",-0.00142865511588752
5,21157,"P_age_15_39","Population 15-39",0.0043631405569613
5,21157,"P_read_write","Literacy",0.00451690796762705
5,21157,"P_cell_phone","Cell phone",-0.000993027933873236
5,21157,"P_internet","Internet",0.00593353854492307
5,21157,"P_poverty","Poverty",0.0024454842787236
5,21157,"bias_w","Spatial bias",0.00332117616198957
5,21158,"P_age_00_14","Population 0-14",-0.00515479035675526
5,21158,"P_age_15_39","Population 15-39",0.00541226658970118
5,21158,"P_read_write","Literacy",0.00401387177407742
5,21158,"P_cell_phone","Cell phone",-0.000940545171033591
5,21158,"P_internet","Internet",0.00569750741124153
5,21158,"P_poverty","Poverty",0.00143233546987176
5,21158,"bias_w","Spatial bias",0.0240815244615078
5,21159,"P_age_00_14","Population 0-14",-0.0121862180531025
5,21159,"P_age_15_39","Population 15-39",0.0130092091858387
5,21159,"P_read_write","Literacy",0.00572796631604433
5,21159,"P_cell_phone","Cell phone",-0.00284903449937701
5,21159,"P_internet","Internet",0.00553962914273143
5,21159,"P_poverty","Poverty",0.000963613856583834
5,21159,"bias_w","Spatial bias",-0.0393670871853828
5,21160,"P_age_00_14","Population 0-14",-0.00317508401349187
5,21160,"P_age_15_39","Population 15-39",0.00300966599024832
5,21160,"P_read_write","Literacy",0.00256063044071198
5,21160,"P_cell_phone","Cell phone",-0.000530545657966286
5,21160,"P_internet","Internet",0.00498125096783042
5,21160,"P_poverty","Poverty",0.00173156824894249
5,21160,"bias_w","Spatial bias",0.0178408082574606
5,21161,"P_age_00_14","Population 0-14",0.00405668932944536
5,21161,"P_age_15_39","Population 15-39",-0.0047847805544734
5,21161,"P_read_write","Literacy",-0.00279140332713723
5,21161,"P_cell_phone","Cell phone",-0.00279014743864536
5,21161,"P_internet","Internet",-0.0059439460746944
5,21161,"P_poverty","Poverty",0.00291481474414468
5,21161,"bias_w","Spatial bias",-0.00332279456779361
5,21162,"P_age_00_14","Population 0-14",0.00817304383963346
5,21162,"P_age_15_39","Population 15-39",0.00244414899498224
5,21162,"P_read_write","Literacy",0.00843159295618534
5,21162,"P_cell_phone","Cell phone",-0.000872584525495768
5,21162,"P_internet","Internet",0.00838294718414545
5,21162,"P_poverty","Poverty",0.00220326450653374
5,21162,"bias_w","Spatial bias",0.0305995419621468
5,21164,"P_age_00_14","Population 0-14",0.0131781063973904
5,21164,"P_age_15_39","Population 15-39",-0.00270202802494168
5,21164,"P_read_write","Literacy",-0.00425169290974736
5,21164,"P_cell_phone","Cell phone",1.89934653462842e-05
5,21164,"P_internet","Internet",-0.00449908571317792
5,21164,"P_poverty","Poverty",0.00354214478284121
5,21164,"bias_w","Spatial bias",-0.0359923280775547
5,21166,"P_age_00_14","Population 0-14",-0.00441539706662297
5,21166,"P_age_15_39","Population 15-39",-0.005500468891114
5,21166,"P_read_write","Literacy",0.00770438881590962
5,21166,"P_cell_phone","Cell phone",-0.00207893270999193
5,21166,"P_internet","Internet",-0.001963019836694
5,21166,"P_poverty","Poverty",0.000479222624562681
5,21166,"bias_w","Spatial bias",-0.0341232046484947
5,21167,"P_age_00_14","Population 0-14",0.0093820234760642
5,21167,"P_age_15_39","Population 15-39",-0.000796288542915136
5,21167,"P_read_write","Literacy",0.00837168004363775
5,21167,"P_cell_phone","Cell phone",-0.000984659185633063
5,21167,"P_internet","Internet",0.00812334008514881
5,21167,"P_poverty","Poverty",0.0025656265206635
5,21167,"bias_w","Spatial bias",0.0301464777439833
5,21169,"P_age_00_14","Population 0-14",-0.00275046611204743
5,21169,"P_age_15_39","Population 15-39",-0.00370226427912712
5,21169,"P_read_write","Literacy",0.000677023781463504
5,21169,"P_cell_phone","Cell phone",-0.00158252520486712
5,21169,"P_internet","Internet",0.000599540420807898
5,21169,"P_poverty","Poverty",0.00283683487214148
5,21169,"bias_w","Spatial bias",0.0185868516564369
5,21170,"P_age_00_14","Population 0-14",0.0103201447054744
5,21170,"P_age_15_39","Population 15-39",-0.0027432506904006
5,21170,"P_read_write","Literacy",0.00329501880332828
5,21170,"P_cell_phone","Cell phone",-0.00126159924548119
5,21170,"P_internet","Internet",0.00162627210374922
5,21170,"P_poverty","Poverty",0.00232667312957346
5,21170,"bias_w","Spatial bias",0.02248215675354
5,21172,"P_age_00_14","Population 0-14",-0.00178257829975337
5,21172,"P_age_15_39","Population 15-39",-0.00217798328958452
5,21172,"P_read_write","Literacy",0.00410403544083238
5,21172,"P_cell_phone","Cell phone",-0.00178413803223521
5,21172,"P_internet","Internet",0.00615924363955855
5,21172,"P_poverty","Poverty",0.00294397678226233
5,21172,"bias_w","Spatial bias",0.0227589011192322
5,21174,"P_age_00_14","Population 0-14",-0.00238436344079673
5,21174,"P_age_15_39","Population 15-39",-0.00201350334100425
5,21174,"P_read_write","Literacy",-0.00454803695902228
5,21174,"P_cell_phone","Cell phone",-0.00172928092069924
5,21174,"P_internet","Internet",-0.00435958243906498
5,21174,"P_poverty","Poverty",0.00258707744069397
5,21174,"bias_w","Spatial bias",0.0167477913200855
5,21177,"P_age_00_14","Population 0-14",0.0142862554639578
5,21177,"P_age_15_39","Population 15-39",-0.00216107466258109
5,21177,"P_read_write","Literacy",0.00514779565855861
5,21177,"P_cell_phone","Cell phone",-0.00111821282189339
5,21177,"P_internet","Internet",0.00622991472482681
5,21177,"P_poverty","Poverty",0.00181564094964415
5,21177,"bias_w","Spatial bias",-0.00143428868614137
5,21178,"P_age_00_14","Population 0-14",0.00774971907958388
5,21178,"P_age_15_39","Population 15-39",0.00295219803228974
5,21178,"P_read_write","Literacy",0.00523084495216608
5,21178,"P_cell_phone","Cell phone",-0.000818505126517266
5,21178,"P_internet","Internet",0.00710723688825965
5,21178,"P_poverty","Poverty",0.0014310865662992
5,21178,"bias_w","Spatial bias",0.0251257829368114
5,21179,"P_age_00_14","Population 0-14",0.0124510824680328
5,21179,"P_age_15_39","Population 15-39",-0.00351149006746709
5,21179,"P_read_write","Literacy",0.00487180473282933
5,21179,"P_cell_phone","Cell phone",-0.00113701063673943
5,21179,"P_internet","Internet",0.00635078456252813
5,21179,"P_poverty","Poverty",0.00200472655706108
5,21179,"bias_w","Spatial bias",0.0217962693423033
5,21182,"P_age_00_14","Population 0-14",0.0145046599209309
5,21182,"P_age_15_39","Population 15-39",-0.00573577405884862
5,21182,"P_read_write","Literacy",-0.0191648416221142
5,21182,"P_cell_phone","Cell phone",-0.00228074449114501
5,21182,"P_internet","Internet",-0.00889784935861826
5,21182,"P_poverty","Poverty",-0.00135611812584102
5,21182,"bias_w","Spatial bias",-0.04628661647439
5,21183,"P_age_00_14","Population 0-14",0.00956455431878567
5,21183,"P_age_15_39","Population 15-39",-0.00138511857949197
5,21183,"P_read_write","Literacy",0.00559452967718244
5,21183,"P_cell_phone","Cell phone",-0.00139927898999304
5,21183,"P_internet","Internet",0.0055478778667748
5,21183,"P_poverty","Poverty",0.00257550971582532
5,21183,"bias_w","Spatial bias",0.0244986787438393
5,21184,"P_age_00_14","Population 0-14",0.00890096370130777
5,21184,"P_age_15_39","Population 15-39",-0.000723485776688904
5,21184,"P_read_write","Literacy",0.00791233964264393
5,21184,"P_cell_phone","Cell phone",-0.000991104869171977
5,21184,"P_internet","Internet",0.0047452817671001
5,21184,"P_poverty","Poverty",0.00154141255188733
5,21184,"bias_w","Spatial bias",0.0260509997606277
5,21186,"P_age_00_14","Population 0-14",-0.000894811120815575
5,21186,"P_age_15_39","Population 15-39",-0.00224818172864616
5,21186,"P_read_write","Literacy",0.00240190397016704
5,21186,"P_cell_phone","Cell phone",-0.00107044365722686
5,21186,"P_internet","Internet",0.00576763553544879
5,21186,"P_poverty","Poverty",0.00269320234656334
5,21186,"bias_w","Spatial bias",0.017596373334527
5,21187,"P_age_00_14","Population 0-14",-0.00212069624103606
5,21187,"P_age_15_39","Population 15-39",0.00444324128329754
5,21187,"P_read_write","Literacy",0.00491233775392175
5,21187,"P_cell_phone","Cell phone",-0.000998823088593781
5,21187,"P_internet","Internet",0.00224838103167713
5,21187,"P_poverty","Poverty",0.00189093372318894
5,21187,"bias_w","Spatial bias",0.0245301984250546
5,21190,"P_age_00_14","Population 0-14",-0.00403297878801823
5,21190,"P_age_15_39","Population 15-39",0.0159797705709934
5,21190,"P_read_write","Literacy",-0.00693325093016028
5,21190,"P_cell_phone","Cell phone",-0.00270020472817123
5,21190,"P_internet","Internet",0.00599793391302228
5,21190,"P_poverty","Poverty",0.00160949991550297
5,21190,"bias_w","Spatial bias",0.0173680521547794
5,21191,"P_age_00_14","Population 0-14",-0.0016634464263916
5,21191,"P_age_15_39","Population 15-39",-0.00427450612187386
5,21191,"P_read_write","Literacy",0.00514168431982398
5,21191,"P_cell_phone","Cell phone",-0.00199950276874006
5,21191,"P_internet","Internet",-0.0048515098169446
5,21191,"P_poverty","Poverty",0.00261136260814965
5,21191,"bias_w","Spatial bias",0.0214033890515566
5,21192,"P_age_00_14","Population 0-14",-0.0074275485239923
5,21192,"P_age_15_39","Population 15-39",-0.00328243989497423
5,21192,"P_read_write","Literacy",0.00462335161864758
5,21192,"P_cell_phone","Cell phone",-0.00190093740820885
5,21192,"P_internet","Internet",-0.000121479271911085
5,21192,"P_poverty","Poverty",0.00319875171408057
5,21192,"bias_w","Spatial bias",0.0253790132701397
5,21193,"P_age_00_14","Population 0-14",-0.00625953963026404
5,21193,"P_age_15_39","Population 15-39",-0.00802776589989662
5,21193,"P_read_write","Literacy",-0.0037632561288774
5,21193,"P_cell_phone","Cell phone",-0.00424247467890382
5,21193,"P_internet","Internet",0.0040142429061234
5,21193,"P_poverty","Poverty",0.00027784492704086
5,21193,"bias_w","Spatial bias",-0.0586967580020428
5,21194,"P_age_00_14","Population 0-14",0.000754157896153629
5,21194,"P_age_15_39","Population 15-39",-0.00163970072753727
5,21194,"P_read_write","Literacy",0.00399165553972125
5,21194,"P_cell_phone","Cell phone",-0.000751899089664221
5,21194,"P_internet","Internet",0.00079722423106432
5,21194,"P_poverty","Poverty",0.00304155680350959
5,21194,"bias_w","Spatial bias",0.0219964515417814
5,21195,"P_age_00_14","Population 0-14",0.0142636774107814
5,21195,"P_age_15_39","Population 15-39",-0.00150700204540044
5,21195,"P_read_write","Literacy",0.00660551665350795
5,21195,"P_cell_phone","Cell phone",-0.000796784297563136
5,21195,"P_internet","Internet",0.0065560843795538
5,21195,"P_poverty","Poverty",0.00288256490603089
5,21195,"bias_w","Spatial bias",0.0243651550263166
5,21196,"P_age_00_14","Population 0-14",-0.00398957310244441
5,21196,"P_age_15_39","Population 15-39",0.0147091764956713
5,21196,"P_read_write","Literacy",0.00225819693878293
5,21196,"P_cell_phone","Cell phone",-0.00161021540407091
5,21196,"P_internet","Internet",0.00640029460191727
5,21196,"P_poverty","Poverty",0.00184102926868945
5,21196,"bias_w","Spatial bias",0.00377158704213798
5,21197,"P_age_00_14","Population 0-14",0.000579793064389378
5,21197,"P_age_15_39","Population 15-39",-0.00211011292412877
5,21197,"P_read_write","Literacy",0.000795525731518865
5,21197,"P_cell_phone","Cell phone",-0.000691067078150809
5,21197,"P_internet","Internet",0.000922177219763398
5,21197,"P_poverty","Poverty",0.00293294945731759
5,21197,"bias_w","Spatial bias",0.019772581756115
5,21198,"P_age_00_14","Population 0-14",-0.00452057551592588
5,21198,"P_age_15_39","Population 15-39",-0.00251961476169527
5,21198,"P_read_write","Literacy",0.00502028781920671
5,21198,"P_cell_phone","Cell phone",-0.00455329939723015
5,21198,"P_internet","Internet",0.00648461189121008
5,21198,"P_poverty","Poverty",0.00230411137454212
5,21198,"bias_w","Spatial bias",0.0227056499570608
5,21199,"P_age_00_14","Population 0-14",0.0139235006645322
5,21199,"P_age_15_39","Population 15-39",-0.00261015607975423
5,21199,"P_read_write","Literacy",0.00446094805374742
5,21199,"P_cell_phone","Cell phone",-0.00129600777290761
5,21199,"P_internet","Internet",0.00285517680458724
5,21199,"P_poverty","Poverty",0.00207062880508602
5,21199,"bias_w","Spatial bias",0.0219954829663038
5,21201,"P_age_00_14","Population 0-14",0.0145124495029449
5,21201,"P_age_15_39","Population 15-39",-0.00324000045657158
5,21201,"P_read_write","Literacy",0.0150580331683159
5,21201,"P_cell_phone","Cell phone",-0.0032980318646878
5,21201,"P_internet","Internet",0.0150635736063123
5,21201,"P_poverty","Poverty",0.00349536864086986
5,21201,"bias_w","Spatial bias",-0.060900803655386
5,21202,"P_age_00_14","Population 0-14",0.00950265396386385
5,21202,"P_age_15_39","Population 15-39",-0.00149720010813326
5,21202,"P_read_write","Literacy",0.00553946755826473
5,21202,"P_cell_phone","Cell phone",-0.00126075826119632
5,21202,"P_internet","Internet",0.00620751222595572
5,21202,"P_poverty","Poverty",0.00197104178369045
5,21202,"bias_w","Spatial bias",0.0208205692470074
5,21203,"P_age_00_14","Population 0-14",0.00767299113795161
5,21203,"P_age_15_39","Population 15-39",-0.0041542686522007
5,21203,"P_read_write","Literacy",0.00524507230147719
5,21203,"P_cell_phone","Cell phone",-0.00148485857062042
5,21203,"P_internet","Internet",0.00580632593482733
5,21203,"P_poverty","Poverty",0.00197841227054596
5,21203,"bias_w","Spatial bias",0.022493677213788
5,21204,"P_age_00_14","Population 0-14",-0.00266456929966807
5,21204,"P_age_15_39","Population 15-39",-0.00208622962236404
5,21204,"P_read_write","Literacy",-0.00423872703686357
5,21204,"P_cell_phone","Cell phone",-0.00090644380543381
5,21204,"P_internet","Internet",0.00634204456582665
5,21204,"P_poverty","Poverty",0.00258017028681934
5,21204,"bias_w","Spatial bias",0.0230567622929811
5,21205,"P_age_00_14","Population 0-14",0.010658135637641
5,21205,"P_age_15_39","Population 15-39",-0.00288395839743316
5,21205,"P_read_write","Literacy",-0.00119858968537301
5,21205,"P_cell_phone","Cell phone",-0.000406295497668907
5,21205,"P_internet","Internet",0.00613747118040919
5,21205,"P_poverty","Poverty",0.00173438037745655
5,21205,"bias_w","Spatial bias",0.018648961558938
5,21206,"P_age_00_14","Population 0-14",0.00676317140460014
5,21206,"P_age_15_39","Population 15-39",0.0037451118696481
5,21206,"P_read_write","Literacy",0.00415033055469394
5,21206,"P_cell_phone","Cell phone",-0.00125376845244318
5,21206,"P_internet","Internet",0.00339808803983033
5,21206,"P_poverty","Poverty",0.00143801188096404
5,21206,"bias_w","Spatial bias",0.0222938470542431
5,21207,"P_age_00_14","Population 0-14",0.00781590491533279
5,21207,"P_age_15_39","Population 15-39",-0.00214526988565922
5,21207,"P_read_write","Literacy",0.00429154979065061
5,21207,"P_cell_phone","Cell phone",-0.00291521963663399
5,21207,"P_internet","Internet",0.00578274438157678
5,21207,"P_poverty","Poverty",0.00261968467384577
5,21207,"bias_w","Spatial bias",0.00929007027298212
5,21208,"P_age_00_14","Population 0-14",0.00653049116954207
5,21208,"P_age_15_39","Population 15-39",-0.00221636961214244
5,21208,"P_read_write","Literacy",0.00092379015404731
5,21208,"P_cell_phone","Cell phone",-0.00238240323960781
5,21208,"P_internet","Internet",0.000508223951328546
5,21208,"P_poverty","Poverty",0.00272098975256085
5,21208,"bias_w","Spatial bias",0.022472757846117
5,21209,"P_age_00_14","Population 0-14",-0.00444816192612052
5,21209,"P_age_15_39","Population 15-39",-0.00546669401228428
5,21209,"P_read_write","Literacy",0.000139055962790735
5,21209,"P_cell_phone","Cell phone",-0.00297826901078224
5,21209,"P_internet","Internet",-0.0169080086052418
5,21209,"P_poverty","Poverty",0.00292850122787058
5,21209,"bias_w","Spatial bias",-0.00328068132512271
5,21212,"P_age_00_14","Population 0-14",0.00920934695750475
5,21212,"P_age_15_39","Population 15-39",-0.00182658026460558
5,21212,"P_read_write","Literacy",0.00473403092473745
5,21212,"P_cell_phone","Cell phone",-0.00110746605787426
5,21212,"P_internet","Internet",0.00673697935417295
5,21212,"P_poverty","Poverty",0.00198458507657051
5,21212,"bias_w","Spatial bias",0.0233842767775059
5,21213,"P_age_00_14","Population 0-14",0.00873009022325277
5,21213,"P_age_15_39","Population 15-39",-0.00146205618511885
5,21213,"P_read_write","Literacy",0.00561424344778061
5,21213,"P_cell_phone","Cell phone",-0.0012134782737121
5,21213,"P_internet","Internet",0.00642734905704856
5,21213,"P_poverty","Poverty",0.0018362442497164
5,21213,"bias_w","Spatial bias",0.0262625627219677
5,21216,"P_age_00_14","Population 0-14",-0.00236507458612323
5,21216,"P_age_15_39","Population 15-39",0.00353245506994426
5,21216,"P_read_write","Literacy",0.00541057484224439
5,21216,"P_cell_phone","Cell phone",-0.00155670649837703
5,21216,"P_internet","Internet",0.00686153490096331
5,21216,"P_poverty","Poverty",0.00138663698453456
5,21216,"bias_w","Spatial bias",0.0262698717415333
5,21217,"P_age_00_14","Population 0-14",0.0141881592571735
5,21217,"P_age_15_39","Population 15-39",0.00170497922226787
5,21217,"P_read_write","Literacy",0.00896458234637976
5,21217,"P_cell_phone","Cell phone",-0.000996030285023153
5,21217,"P_internet","Internet",0.00909947510808706
5,21217,"P_poverty","Poverty",0.00196650950238109
5,21217,"bias_w","Spatial bias",0.033343393355608
5,22002,"P_age_00_14","Population 0-14",0.00971292797476053
5,22002,"P_age_15_39","Population 15-39",-0.00262191309593618
5,22002,"P_read_write","Literacy",0.00461859488859773
5,22002,"P_cell_phone","Cell phone",-0.00104088429361582
5,22002,"P_internet","Internet",0.00619220547378063
5,22002,"P_poverty","Poverty",0.00218368321657181
5,22002,"bias_w","Spatial bias",0.0235102456063032
5,22003,"P_age_00_14","Population 0-14",-0.00171696580946445
5,22003,"P_age_15_39","Population 15-39",-0.00339947734028101
5,22003,"P_read_write","Literacy",0.00387879018671811
5,22003,"P_cell_phone","Cell phone",-0.00153394986409694
5,22003,"P_internet","Internet",-0.00429596286267042
5,22003,"P_poverty","Poverty",0.00201555690728128
5,22003,"bias_w","Spatial bias",0.0235543623566628
5,22004,"P_age_00_14","Population 0-14",0.00808813888579607
5,22004,"P_age_15_39","Population 15-39",-0.00344386766664684
5,22004,"P_read_write","Literacy",0.00283118989318609
5,22004,"P_cell_phone","Cell phone",-0.00110526545904577
5,22004,"P_internet","Internet",0.000760228314902633
5,22004,"P_poverty","Poverty",0.00182711298111826
5,22004,"bias_w","Spatial bias",0.0182910729199648
5,22005,"P_age_00_14","Population 0-14",0.0151562672108412
5,22005,"P_age_15_39","Population 15-39",-0.00622964324429631
5,22005,"P_read_write","Literacy",-0.00145632692147046
5,22005,"P_cell_phone","Cell phone",-0.000990605913102627
5,22005,"P_internet","Internet",-0.00360359461046755
5,22005,"P_poverty","Poverty",0.00218801689334214
5,22005,"bias_w","Spatial bias",-0.0227744095027447
5,22006,"P_age_00_14","Population 0-14",-0.00423022918403149
5,22006,"P_age_15_39","Population 15-39",-0.00154999445658177
5,22006,"P_read_write","Literacy",-0.006882487796247
5,22006,"P_cell_phone","Cell phone",0.0317082740366459
5,22006,"P_internet","Internet",-0.00570468604564667
5,22006,"P_poverty","Poverty",-0.0115314703434706
5,22006,"bias_w","Spatial bias",-0.0625784322619438
5,22007,"P_age_00_14","Population 0-14",-0.0015893765958026
5,22007,"P_age_15_39","Population 15-39",-0.00274619646370411
5,22007,"P_read_write","Literacy",-0.00231674034148455
5,22007,"P_cell_phone","Cell phone",-0.00183526403270662
5,22007,"P_internet","Internet",-0.00659023644402623
5,22007,"P_poverty","Poverty",0.00252693309448659
5,22007,"bias_w","Spatial bias",0.0059696095995605
5,22008,"P_age_00_14","Population 0-14",0.00502061191946268
5,22008,"P_age_15_39","Population 15-39",-0.006071284878999
5,22008,"P_read_write","Literacy",-0.000243550923187286
5,22008,"P_cell_phone","Cell phone",-0.00465422682464123
5,22008,"P_internet","Internet",-0.00757436128333211
5,22008,"P_poverty","Poverty",0.00124548317398876
5,22008,"bias_w","Spatial bias",-0.0111451763659716
5,22009,"P_age_00_14","Population 0-14",-0.00144651019945741
5,22009,"P_age_15_39","Population 15-39",-0.00282137095928192
5,22009,"P_read_write","Literacy",0.000686878687702119
5,22009,"P_cell_phone","Cell phone",-0.00158770987764001
5,22009,"P_internet","Internet",0.000822590664029121
5,22009,"P_poverty","Poverty",0.00232050730846822
5,22009,"bias_w","Spatial bias",0.0208186246454716
5,22010,"P_age_00_14","Population 0-14",-0.00287872878834605
5,22010,"P_age_15_39","Population 15-39",-0.00305571011267602
5,22010,"P_read_write","Literacy",0.00399497523903847
5,22010,"P_cell_phone","Cell phone",-0.00166393944527954
5,22010,"P_internet","Internet",0.00062858616001904
5,22010,"P_poverty","Poverty",0.00195242487825453
5,22010,"bias_w","Spatial bias",0.0242193546146154
5,22011,"P_age_00_14","Population 0-14",-0.00376622937619686
5,22011,"P_age_15_39","Population 15-39",-0.0434781908988953
5,22011,"P_read_write","Literacy",-0.0033199570607394
5,22011,"P_cell_phone","Cell phone",0.00860883947461843
5,22011,"P_internet","Internet",-0.00167937506921589
5,22011,"P_poverty","Poverty",-0.00393257569521666
5,22011,"bias_w","Spatial bias",-0.00998629443347454
5,22012,"P_age_00_14","Population 0-14",0.000767651305068284
5,22012,"P_age_15_39","Population 15-39",-0.00224017561413348
5,22012,"P_read_write","Literacy",-0.00206343340687454
5,22012,"P_cell_phone","Cell phone",-0.00684222485870123
5,22012,"P_internet","Internet",-0.00441329414024949
5,22012,"P_poverty","Poverty",0.00390287092886865
5,22012,"bias_w","Spatial bias",-0.0536928288638592
5,22013,"P_age_00_14","Population 0-14",0.00920703448355198
5,22013,"P_age_15_39","Population 15-39",-0.00321106985211372
5,22013,"P_read_write","Literacy",0.00458563584834337
5,22013,"P_cell_phone","Cell phone",-0.000942394544836134
5,22013,"P_internet","Internet",0.00670119421556592
5,22013,"P_poverty","Poverty",0.00182963709812611
5,22013,"bias_w","Spatial bias",0.0222175046801567
5,22014,"P_age_00_14","Population 0-14",-0.00516370264813304
5,22014,"P_age_15_39","Population 15-39",-0.0136495186015964
5,22014,"P_read_write","Literacy",-0.00532169826328754
5,22014,"P_cell_phone","Cell phone",0.0258774086833
5,22014,"P_internet","Internet",-0.00245987647213042
5,22014,"P_poverty","Poverty",-0.00313246226869524
5,22014,"bias_w","Spatial bias",-0.0457716286182404
5,22015,"P_age_00_14","Population 0-14",0.0090678920969367
5,22015,"P_age_15_39","Population 15-39",-0.00241843797266483
5,22015,"P_read_write","Literacy",0.00358741311356425
5,22015,"P_cell_phone","Cell phone",-0.00136338616721332
5,22015,"P_internet","Internet",-0.0136018292978406
5,22015,"P_poverty","Poverty",0.0015885109314695
5,22015,"bias_w","Spatial bias",0.0203716736286879
5,22017,"P_age_00_14","Population 0-14",-0.00458161067217588
5,22017,"P_age_15_39","Population 15-39",-0.00284687965177
5,22017,"P_read_write","Literacy",-0.00248932908289135
5,22017,"P_cell_phone","Cell phone",-0.000504425494000316
5,22017,"P_internet","Internet",-0.0075860396027565
5,22017,"P_poverty","Poverty",0.00253719231113791
5,22017,"bias_w","Spatial bias",-0.00582314608618617
5,22018,"P_age_00_14","Population 0-14",0.00785904563963413
5,22018,"P_age_15_39","Population 15-39",-0.00328330602496862
5,22018,"P_read_write","Literacy",-0.00232433644123375
5,22018,"P_cell_phone","Cell phone",-0.00141183065716177
5,22018,"P_internet","Internet",0.000974923139438033
5,22018,"P_poverty","Poverty",0.0020987787283957
5,22018,"bias_w","Spatial bias",0.0191324427723885
5,23002,"P_age_00_14","Population 0-14",0.00812558550387621
5,23002,"P_age_15_39","Population 15-39",-0.00216880463995039
5,23002,"P_read_write","Literacy",0.00277237850241363
5,23002,"P_cell_phone","Cell phone",-0.00108971132431179
5,23002,"P_internet","Internet",-0.00134627986699343
5,23002,"P_poverty","Poverty",0.00214599329046905
5,23002,"bias_w","Spatial bias",0.0205042585730553
5,23004,"P_age_00_14","Population 0-14",-0.00481912633404136
5,23004,"P_age_15_39","Population 15-39",-0.00287265749648213
5,23004,"P_read_write","Literacy",-0.00431852927431464
5,23004,"P_cell_phone","Cell phone",0.00328131252899766
5,23004,"P_internet","Internet",-0.00710174115374684
5,23004,"P_poverty","Poverty",0.00108379521407187
5,23004,"bias_w","Spatial bias",0.0202071238309145
5,23006,"P_age_00_14","Population 0-14",0.00801192969083786
5,23006,"P_age_15_39","Population 15-39",-0.00230235396884382
5,23006,"P_read_write","Literacy",0.00418628333136439
5,23006,"P_cell_phone","Cell phone",-0.00114831456448883
5,23006,"P_internet","Internet",0.0033885114826262
5,23006,"P_poverty","Poverty",0.00217305170372128
5,23006,"bias_w","Spatial bias",0.0222415495663881
5,23010,"P_age_00_14","Population 0-14",0.00833816546946764
5,23010,"P_age_15_39","Population 15-39",-0.00228730659000576
5,23010,"P_read_write","Literacy",0.00417722668498755
5,23010,"P_cell_phone","Cell phone",-0.00121277442667633
5,23010,"P_internet","Internet",0.00519022066146135
5,23010,"P_poverty","Poverty",0.00214761239476502
5,23010,"bias_w","Spatial bias",0.0170548427850008
5,24001,"P_age_00_14","Population 0-14",0.0129306009039283
5,24001,"P_age_15_39","Population 15-39",-0.00590006681159139
5,24001,"P_read_write","Literacy",-0.000479412818094715
5,24001,"P_cell_phone","Cell phone",-0.00153418025001884
5,24001,"P_internet","Internet",0.00861895550042391
5,24001,"P_poverty","Poverty",0.00328555493615568
5,24001,"bias_w","Spatial bias",-0.0252944473177195
5,24002,"P_age_00_14","Population 0-14",-0.00220993184484541
5,24002,"P_age_15_39","Population 15-39",0.00379850505851209
5,24002,"P_read_write","Literacy",0.0038213636726141
5,24002,"P_cell_phone","Cell phone",-0.00114700372796506
5,24002,"P_internet","Internet",0.00580719206482172
5,24002,"P_poverty","Poverty",0.00191788095980883
5,24002,"bias_w","Spatial bias",0.0164205823093653
5,24003,"P_age_00_14","Population 0-14",0.00955448113381863
5,24003,"P_age_15_39","Population 15-39",-0.00184603314846754
5,24003,"P_read_write","Literacy",0.00552472239360213
5,24003,"P_cell_phone","Cell phone",-0.00107170350383967
5,24003,"P_internet","Internet",0.00616147881373763
5,24003,"P_poverty","Poverty",0.00276125152595341
5,24003,"bias_w","Spatial bias",0.0260813403874636
5,24004,"P_age_00_14","Population 0-14",-0.00975628569722176
5,24004,"P_age_15_39","Population 15-39",0.00156485149636865
5,24004,"P_read_write","Literacy",0.00409433105960488
5,24004,"P_cell_phone","Cell phone",-0.00168956152629107
5,24004,"P_internet","Internet",0.00584684358909726
5,24004,"P_poverty","Poverty",0.000396273855585605
5,24004,"bias_w","Spatial bias",-0.0347206741571426
5,24005,"P_age_00_14","Population 0-14",-0.00222838134504855
5,24005,"P_age_15_39","Population 15-39",0.00432163989171386
5,24005,"P_read_write","Literacy",-0.00183187448419631
5,24005,"P_cell_phone","Cell phone",-0.00208502891473472
5,24005,"P_internet","Internet",-0.00343851139768958
5,24005,"P_poverty","Poverty",0.00140651396941394
5,24005,"bias_w","Spatial bias",0.0156711563467979
5,24006,"P_age_00_14","Population 0-14",0.00047830754192546
5,24006,"P_age_15_39","Population 15-39",0.00929421931505203
5,24006,"P_read_write","Literacy",0.0134788537397981
5,24006,"P_cell_phone","Cell phone",-0.00394610594958067
5,24006,"P_internet","Internet",0.0132843451574445
5,24006,"P_poverty","Poverty",0.00259226956404746
5,24006,"bias_w","Spatial bias",-0.0619835183024406
5,24007,"P_age_00_14","Population 0-14",0.00121949811000377
5,24007,"P_age_15_39","Population 15-39",-0.00970241241157055
5,24007,"P_read_write","Literacy",0.00125060824211687
5,24007,"P_cell_phone","Cell phone",-0.00900476612150669
5,24007,"P_internet","Internet",-0.009153226390481
5,24007,"P_poverty","Poverty",0.00421417085453868
5,24007,"bias_w","Spatial bias",-0.084071584045887
5,24008,"P_age_00_14","Population 0-14",-0.00401932280510664
5,24008,"P_age_15_39","Population 15-39",0.0049642720259726
5,24008,"P_read_write","Literacy",-0.00219918275251985
5,24008,"P_cell_phone","Cell phone",-0.000744145945645869
5,24008,"P_internet","Internet",-0.00493520265445113
5,24008,"P_poverty","Poverty",0.00113192026037723
5,24008,"bias_w","Spatial bias",-0.00663983449339867
5,24009,"P_age_00_14","Population 0-14",-0.00749459629878402
5,24009,"P_age_15_39","Population 15-39",-0.0124867726117373
5,24009,"P_read_write","Literacy",-0.0015836755046621
5,24009,"P_cell_phone","Cell phone",-0.0120719466358423
5,24009,"P_internet","Internet",-0.0109925251454115
5,24009,"P_poverty","Poverty",-0.0335061177611351
5,24009,"bias_w","Spatial bias",-0.0271644778549671
5,24010,"P_age_00_14","Population 0-14",0.0079930117353797
5,24010,"P_age_15_39","Population 15-39",0.00359830865636468
5,24010,"P_read_write","Literacy",-0.00193509564269334
5,24010,"P_cell_phone","Cell phone",-0.000312298099743202
5,24010,"P_internet","Internet",0.00578878074884415
5,24010,"P_poverty","Poverty",0.00205123238265514
5,24010,"bias_w","Spatial bias",0.0173113960772753
5,24011,"P_age_00_14","Population 0-14",-0.00311054731719196
5,24011,"P_age_15_39","Population 15-39",-0.00336181349121034
5,24011,"P_read_write","Literacy",-0.00245879264548421
5,24011,"P_cell_phone","Cell phone",-0.00274605466984212
5,24011,"P_internet","Internet",-0.00669905822724104
5,24011,"P_poverty","Poverty",0.00299891387112439
5,24011,"bias_w","Spatial bias",0.010161068290472
5,24012,"P_age_00_14","Population 0-14",-0.00244087493047118
5,24012,"P_age_15_39","Population 15-39",-0.00217181420885026
5,24012,"P_read_write","Literacy",-0.00436295289546251
5,24012,"P_cell_phone","Cell phone",-0.00145006936509162
5,24012,"P_internet","Internet",0.00740356370806694
5,24012,"P_poverty","Poverty",0.00308396341279149
5,24012,"bias_w","Spatial bias",0.0330412723124027
5,24013,"P_age_00_14","Population 0-14",-0.00346528529189527
5,24013,"P_age_15_39","Population 15-39",-0.00248641427606344
5,24013,"P_read_write","Literacy",-0.00416187569499016
5,24013,"P_cell_phone","Cell phone",0.00322651024907827
5,24013,"P_internet","Internet",-0.00783124845474958
5,24013,"P_poverty","Poverty",0.00130703044123948
5,24013,"bias_w","Spatial bias",0.0136557323858142
5,24014,"P_age_00_14","Population 0-14",-0.00273496843874454
5,24014,"P_age_15_39","Population 15-39",0.00452199438586831
5,24014,"P_read_write","Literacy",0.00106158771086484
5,24014,"P_cell_phone","Cell phone",-0.000949804612901062
5,24014,"P_internet","Internet",0.00685173692181706
5,24014,"P_poverty","Poverty",0.00203654845245183
5,24014,"bias_w","Spatial bias",0.0266373585909605
5,24015,"P_age_00_14","Population 0-14",-0.00210629473440349
5,24015,"P_age_15_39","Population 15-39",0.00329851568676531
5,24015,"P_read_write","Literacy",-0.00180876324884593
5,24015,"P_cell_phone","Cell phone",-0.000873572193086147
5,24015,"P_internet","Internet",0.00279646553099155
5,24015,"P_poverty","Poverty",0.00125568034127355
5,24015,"bias_w","Spatial bias",0.0144371734932065
5,24016,"P_age_00_14","Population 0-14",-0.00338322436437011
5,24016,"P_age_15_39","Population 15-39",-0.00272215344011784
5,24016,"P_read_write","Literacy",-0.00246254447847605
5,24016,"P_cell_phone","Cell phone",0.00321796536445618
5,24016,"P_internet","Internet",0.00104075041599572
5,24016,"P_poverty","Poverty",0.00175577099435031
5,24016,"bias_w","Spatial bias",-0.00460945395752788
5,24017,"P_age_00_14","Population 0-14",-0.00110359094105661
5,24017,"P_age_15_39","Population 15-39",0.00434183469042182
5,24017,"P_read_write","Literacy",0.00418777065351605
5,24017,"P_cell_phone","Cell phone",-0.000770290964283049
5,24017,"P_internet","Internet",0.00609816703945398
5,24017,"P_poverty","Poverty",0.00185019581113011
5,24017,"bias_w","Spatial bias",0.0165233630686998
5,24019,"P_age_00_14","Population 0-14",-0.00450464012101293
5,24019,"P_age_15_39","Population 15-39",0.00912187527865171
5,24019,"P_read_write","Literacy",0.00269839353859425
5,24019,"P_cell_phone","Cell phone",-0.00114913599099964
5,24019,"P_internet","Internet",0.00587916420772672
5,24019,"P_poverty","Poverty",0.00141110236290842
5,24019,"bias_w","Spatial bias",0.0176225788891315
5,24020,"P_age_00_14","Population 0-14",-0.00155030994210392
5,24020,"P_age_15_39","Population 15-39",-0.00608902983367443
5,24020,"P_read_write","Literacy",-0.00558353401720524
5,24020,"P_cell_phone","Cell phone",0.0220348089933395
5,24020,"P_internet","Internet",-0.00772305577993393
5,24020,"P_poverty","Poverty",0.00243452005088329
5,24020,"bias_w","Spatial bias",-0.0546127445995808
5,24021,"P_age_00_14","Population 0-14",-0.00617265561595559
5,24021,"P_age_15_39","Population 15-39",-0.00637550465762615
5,24021,"P_read_write","Literacy",-0.00325569021515548
5,24021,"P_cell_phone","Cell phone",-0.0024746258277446
5,24021,"P_internet","Internet",-0.00199650996364653
5,24021,"P_poverty","Poverty",0.00175860477611423
5,24021,"bias_w","Spatial bias",-0.00779330125078559
5,24022,"P_age_00_14","Population 0-14",0.000496982538606972
5,24022,"P_age_15_39","Population 15-39",0.00365952518768609
5,24022,"P_read_write","Literacy",0.00417320569977164
5,24022,"P_cell_phone","Cell phone",-0.000847815128508955
5,24022,"P_internet","Internet",0.00606845365837216
5,24022,"P_poverty","Poverty",0.00159011385403574
5,24022,"bias_w","Spatial bias",0.0171868167817593
5,24023,"P_age_00_14","Population 0-14",-0.00233984086662531
5,24023,"P_age_15_39","Population 15-39",0.00379090220667422
5,24023,"P_read_write","Literacy",0.00368990353308618
5,24023,"P_cell_phone","Cell phone",-0.000934003153815866
5,24023,"P_internet","Internet",0.000514415558427572
5,24023,"P_poverty","Poverty",0.00183612969703972
5,24023,"bias_w","Spatial bias",0.017391899600625
5,24024,"P_age_00_14","Population 0-14",-0.00264240079559386
5,24024,"P_age_15_39","Population 15-39",-0.0038189918268472
5,24024,"P_read_write","Literacy",-0.00138826097827405
5,24024,"P_cell_phone","Cell phone",-0.00295213400386274
5,24024,"P_internet","Internet",-0.0106042083352804
5,24024,"P_poverty","Poverty",0.00305285514332354
5,24024,"bias_w","Spatial bias",0.022778581827879
5,24025,"P_age_00_14","Population 0-14",0.00921686086803675
5,24025,"P_age_15_39","Population 15-39",-0.00347012863494456
5,24025,"P_read_write","Literacy",-0.0027625800576061
5,24025,"P_cell_phone","Cell phone",-0.00339262443594635
5,24025,"P_internet","Internet",0.00147848855704069
5,24025,"P_poverty","Poverty",0.00237332680262625
5,24025,"bias_w","Spatial bias",0.0204844772815704
5,24026,"P_age_00_14","Population 0-14",-0.00213052099570632
5,24026,"P_age_15_39","Population 15-39",-0.0025914260186255
5,24026,"P_read_write","Literacy",0.00731390016153455
5,24026,"P_cell_phone","Cell phone",-0.000956531323026866
5,24026,"P_internet","Internet",0.00765821989625692
5,24026,"P_poverty","Poverty",0.00339472619816661
5,24026,"bias_w","Spatial bias",0.0322246886789799
5,24027,"P_age_00_14","Population 0-14",-0.00339373201131821
5,24027,"P_age_15_39","Population 15-39",0.00482486607506871
5,24027,"P_read_write","Literacy",0.00397392967715859
5,24027,"P_cell_phone","Cell phone",-0.00249530305154622
5,24027,"P_internet","Internet",-0.00482304720208049
5,24027,"P_poverty","Poverty",0.00191094342153519
5,24027,"bias_w","Spatial bias",0.0194497834891081
5,24028,"P_age_00_14","Population 0-14",-0.00470445910468698
5,24028,"P_age_15_39","Population 15-39",-0.00269637582823634
5,24028,"P_read_write","Literacy",-0.00770625798031688
5,24028,"P_cell_phone","Cell phone",0.0304200109094381
5,24028,"P_internet","Internet",-0.00479655899107456
5,24028,"P_poverty","Poverty",-0.0142665188759565
5,24028,"bias_w","Spatial bias",-0.0559566281735897
5,24029,"P_age_00_14","Population 0-14",-0.00354016292840242
5,24029,"P_age_15_39","Population 15-39",0.0116130029782653
5,24029,"P_read_write","Literacy",0.00628580525517464
5,24029,"P_cell_phone","Cell phone",-0.00106552056968212
5,24029,"P_internet","Internet",0.00616755383089185
5,24029,"P_poverty","Poverty",0.00178697821684182
5,24029,"bias_w","Spatial bias",0.0307649280875921
5,24030,"P_age_00_14","Population 0-14",-0.00823764130473137
5,24030,"P_age_15_39","Population 15-39",0.0213256515562534
5,24030,"P_read_write","Literacy",0.00395235419273376
5,24030,"P_cell_phone","Cell phone",-0.00161990325432271
5,24030,"P_internet","Internet",0.0039443364366889
5,24030,"P_poverty","Poverty",0.00121084414422512
5,24030,"bias_w","Spatial bias",-0.0278931576758623
5,24031,"P_age_00_14","Population 0-14",0.0107239168137312
5,24031,"P_age_15_39","Population 15-39",-0.00160560675431043
5,24031,"P_read_write","Literacy",0.00830747745931149
5,24031,"P_cell_phone","Cell phone",-0.00269431876949966
5,24031,"P_internet","Internet",0.00663475040346384
5,24031,"P_poverty","Poverty",0.00184286839794368
5,24031,"bias_w","Spatial bias",0.0269550085067749
5,24032,"P_age_00_14","Population 0-14",-0.00263754324987531
5,24032,"P_age_15_39","Population 15-39",-0.00347445509396493
5,24032,"P_read_write","Literacy",0.000551928183995187
5,24032,"P_cell_phone","Cell phone",-0.00151367473881692
5,24032,"P_internet","Internet",0.00606802431866527
5,24032,"P_poverty","Poverty",0.0016419303137809
5,24032,"bias_w","Spatial bias",0.0189968068152666
5,24033,"P_age_00_14","Population 0-14",-0.00191024702508003
5,24033,"P_age_15_39","Population 15-39",0.00783119257539511
5,24033,"P_read_write","Literacy",0.0041872588917613
5,24033,"P_cell_phone","Cell phone",-0.00122710724826902
5,24033,"P_internet","Internet",0.00653534848242998
5,24033,"P_poverty","Poverty",0.0014794614398852
5,24033,"bias_w","Spatial bias",0.017296127974987
5,24034,"P_age_00_14","Population 0-14",-0.00418671686202288
5,24034,"P_age_15_39","Population 15-39",-0.0027370760217309
5,24034,"P_read_write","Literacy",0.00104779563844204
5,24034,"P_cell_phone","Cell phone",-0.00101633823942393
5,24034,"P_internet","Internet",0.00578665593639016
5,24034,"P_poverty","Poverty",0.00278846034780145
5,24034,"bias_w","Spatial bias",0.0236137825995684
5,24035,"P_age_00_14","Population 0-14",-0.00189930771011859
5,24035,"P_age_15_39","Population 15-39",-0.00524929910898209
5,24035,"P_read_write","Literacy",-0.0062606860883534
5,24035,"P_cell_phone","Cell phone",0.0332005769014359
5,24035,"P_internet","Internet",-0.00352947367355227
5,24035,"P_poverty","Poverty",-0.00371732446365058
5,24035,"bias_w","Spatial bias",-0.0585717000067234
5,24036,"P_age_00_14","Population 0-14",-0.00323177501559258
5,24036,"P_age_15_39","Population 15-39",-0.00364539958536625
5,24036,"P_read_write","Literacy",0.0044597783125937
5,24036,"P_cell_phone","Cell phone",-0.00141687539871782
5,24036,"P_internet","Internet",0.00277918064966798
5,24036,"P_poverty","Poverty",0.00236380798742175
5,24036,"bias_w","Spatial bias",0.0194119475781918
5,24037,"P_age_00_14","Population 0-14",0.000465904449811205
5,24037,"P_age_15_39","Population 15-39",-0.00179778749588877
5,24037,"P_read_write","Literacy",0.00419941172003746
5,24037,"P_cell_phone","Cell phone",-0.00138595071621239
5,24037,"P_internet","Internet",0.00572775024920702
5,24037,"P_poverty","Poverty",0.00267237098887563
5,24037,"bias_w","Spatial bias",0.0242389254271984
5,24038,"P_age_00_14","Population 0-14",-0.00439795851707458
5,24038,"P_age_15_39","Population 15-39",0.00364177767187357
5,24038,"P_read_write","Literacy",0.00493719847872853
5,24038,"P_cell_phone","Cell phone",-0.00125993927940726
5,24038,"P_internet","Internet",0.00726513378322124
5,24038,"P_poverty","Poverty",0.00208527385257185
5,24038,"bias_w","Spatial bias",0.0326916985213757
5,24039,"P_age_00_14","Population 0-14",-0.00149985880125314
5,24039,"P_age_15_39","Population 15-39",-0.00150418095290661
5,24039,"P_read_write","Literacy",0.00677338289096951
5,24039,"P_cell_phone","Cell phone",-0.00134479778353125
5,24039,"P_internet","Internet",0.0069283009506762
5,24039,"P_poverty","Poverty",0.0030252430588007
5,24039,"bias_w","Spatial bias",0.0300851259380579
5,24040,"P_age_00_14","Population 0-14",-0.00294680520892143
5,24040,"P_age_15_39","Population 15-39",-0.002012551529333
5,24040,"P_read_write","Literacy",-0.00192594353575259
5,24040,"P_cell_phone","Cell phone",-0.00191814778372645
5,24040,"P_internet","Internet",0.000471634644782171
5,24040,"P_poverty","Poverty",0.00253530358895659
5,24040,"bias_w","Spatial bias",0.0175459757447243
5,24041,"P_age_00_14","Population 0-14",-0.00245571788400412
5,24041,"P_age_15_39","Population 15-39",-0.00225462578237057
5,24041,"P_read_write","Literacy",0.00444952724501491
5,24041,"P_cell_phone","Cell phone",-0.00115374382585287
5,24041,"P_internet","Internet",0.00711053842678666
5,24041,"P_poverty","Poverty",0.00250026560388505
5,24041,"bias_w","Spatial bias",0.0329998470842838
5,24042,"P_age_00_14","Population 0-14",-0.00153645651880652
5,24042,"P_age_15_39","Population 15-39",0.00262615131214261
5,24042,"P_read_write","Literacy",0.00421461323276162
5,24042,"P_cell_phone","Cell phone",-0.00205219630151987
5,24042,"P_internet","Internet",0.00479348795488477
5,24042,"P_poverty","Poverty",0.00240553868934512
5,24042,"bias_w","Spatial bias",0.0213011913001537
5,24043,"P_age_00_14","Population 0-14",-0.00207225792109966
5,24043,"P_age_15_39","Population 15-39",0.0041517005302012
5,24043,"P_read_write","Literacy",0.00406966218724847
5,24043,"P_cell_phone","Cell phone",-0.00122225761879236
5,24043,"P_internet","Internet",0.00597721105441451
5,24043,"P_poverty","Poverty",0.00190167140681297
5,24043,"bias_w","Spatial bias",0.0175635404884815
5,24044,"P_age_00_14","Population 0-14",0.0134853217750788
5,24044,"P_age_15_39","Population 15-39",0.00816384609788656
5,24044,"P_read_write","Literacy",0.000617409590631723
5,24044,"P_cell_phone","Cell phone",-0.00355621334165335
5,24044,"P_internet","Internet",0.0145189091563225
5,24044,"P_poverty","Poverty",0.00210950872860849
5,24044,"bias_w","Spatial bias",-0.0568100698292255
5,24045,"P_age_00_14","Population 0-14",-0.00380098121240735
5,24045,"P_age_15_39","Population 15-39",0.00475912541151047
5,24045,"P_read_write","Literacy",0.00256172637455165
5,24045,"P_cell_phone","Cell phone",-0.000672030088026077
5,24045,"P_internet","Internet",0.00314972037449479
5,24045,"P_poverty","Poverty",0.00154933531302959
5,24045,"bias_w","Spatial bias",0.0178217515349388
5,24046,"P_age_00_14","Population 0-14",0.00951622426509857
5,24046,"P_age_15_39","Population 15-39",-0.00799580384045839
5,24046,"P_read_write","Literacy",0.000739097653422505
5,24046,"P_cell_phone","Cell phone",-0.00394937349483371
5,24046,"P_internet","Internet",0.0145204411819577
5,24046,"P_poverty","Poverty",0.00276137329638004
5,24046,"bias_w","Spatial bias",-0.0646873787045479
5,24047,"P_age_00_14","Population 0-14",-0.00145310233347118
5,24047,"P_age_15_39","Population 15-39",0.0115129454061389
5,24047,"P_read_write","Literacy",0.0121136764064431
5,24047,"P_cell_phone","Cell phone",-0.00513389892876148
5,24047,"P_internet","Internet",-0.00624135043472052
5,24047,"P_poverty","Poverty",0.00304412702098489
5,24047,"bias_w","Spatial bias",-0.0636265575885773
5,24048,"P_age_00_14","Population 0-14",-0.00716436747461557
5,24048,"P_age_15_39","Population 15-39",-0.0150013519451022
5,24048,"P_read_write","Literacy",-0.00314073939807713
5,24048,"P_cell_phone","Cell phone",-0.0157000012695789
5,24048,"P_internet","Internet",-0.0119951954111457
5,24048,"P_poverty","Poverty",-0.0320128686726093
5,24048,"bias_w","Spatial bias",-0.0086180679500103
5,24049,"P_age_00_14","Population 0-14",0.00942436698824167
5,24049,"P_age_15_39","Population 15-39",-0.00138796085957438
5,24049,"P_read_write","Literacy",0.00114360020961612
5,24049,"P_cell_phone","Cell phone",-0.00122515135444701
5,24049,"P_internet","Internet",0.00341667979955673
5,24049,"P_poverty","Poverty",0.0016704621957615
5,24049,"bias_w","Spatial bias",0.0213421937078238
5,24050,"P_age_00_14","Population 0-14",0.0147524373605847
5,24050,"P_age_15_39","Population 15-39",-0.00340493535622954
5,24050,"P_read_write","Literacy",-0.0014557340182364
5,24050,"P_cell_phone","Cell phone",0.000193220141227357
5,24050,"P_internet","Internet",0.00706356950104237
5,24050,"P_poverty","Poverty",0.00251007918268442
5,24050,"bias_w","Spatial bias",-0.0294375270605087
5,24051,"P_age_00_14","Population 0-14",-0.004448217805475
5,24051,"P_age_15_39","Population 15-39",0.00473302928730845
5,24051,"P_read_write","Literacy",-0.00239162938669324
5,24051,"P_cell_phone","Cell phone",-0.000848312571179122
5,24051,"P_internet","Internet",0.00508551485836506
5,24051,"P_poverty","Poverty",0.000898774596862495
5,24051,"bias_w","Spatial bias",0.00430216081440449
5,24052,"P_age_00_14","Population 0-14",-0.00231096451170743
5,24052,"P_age_15_39","Population 15-39",0.00563002657145262
5,24052,"P_read_write","Literacy",0.00393721088767052
5,24052,"P_cell_phone","Cell phone",-0.000923609477467835
5,24052,"P_internet","Internet",0.00263663777150214
5,24052,"P_poverty","Poverty",0.00121159700211138
5,24052,"bias_w","Spatial bias",0.0170687194913626
5,24053,"P_age_00_14","Population 0-14",-0.002728441497311
5,24053,"P_age_15_39","Population 15-39",0.00223691808059812
5,24053,"P_read_write","Literacy",-0.00268204393796623
5,24053,"P_cell_phone","Cell phone",-0.00129062461201102
5,24053,"P_internet","Internet",0.00711153913289309
5,24053,"P_poverty","Poverty",0.00195646146312356
5,24053,"bias_w","Spatial bias",0.0280931293964386
5,24054,"P_age_00_14","Population 0-14",0.00890321470797062
5,24054,"P_age_15_39","Population 15-39",-0.00156892207451165
5,24054,"P_read_write","Literacy",-0.00179821578785777
5,24054,"P_cell_phone","Cell phone",-0.000866279006004333
5,24054,"P_internet","Internet",0.0061542927287519
5,24054,"P_poverty","Poverty",0.00224931328557432
5,24054,"bias_w","Spatial bias",0.0251306481659412
5,24055,"P_age_00_14","Population 0-14",0.0108900777995586
5,24055,"P_age_15_39","Population 15-39",-0.00288372999057174
5,24055,"P_read_write","Literacy",0.0108583513647318
5,24055,"P_cell_phone","Cell phone",-0.00265710172243416
5,24055,"P_internet","Internet",0.0102345505729318
5,24055,"P_poverty","Poverty",0.0030580332968384
5,24055,"bias_w","Spatial bias",-0.0551011972129345
5,24056,"P_age_00_14","Population 0-14",0.00939309597015381
5,24056,"P_age_15_39","Population 15-39",-0.00339810457080603
5,24056,"P_read_write","Literacy",0.00467531057074666
5,24056,"P_cell_phone","Cell phone",-0.001030512037687
5,24056,"P_internet","Internet",0.00646830396726727
5,24056,"P_poverty","Poverty",0.0022901298943907
5,24056,"bias_w","Spatial bias",0.0189339872449636
5,24057,"P_age_00_14","Population 0-14",0.00801180582493544
5,24057,"P_age_15_39","Population 15-39",0.00184428645297885
5,24057,"P_read_write","Literacy",0.00418840115889907
5,24057,"P_cell_phone","Cell phone",-0.000969698478002101
5,24057,"P_internet","Internet",0.00645627779886127
5,24057,"P_poverty","Poverty",0.00153412786312401
5,24057,"bias_w","Spatial bias",0.0232931654900312
5,24058,"P_age_00_14","Population 0-14",-0.00168962497264147
5,24058,"P_age_15_39","Population 15-39",-0.00381619879044592
5,24058,"P_read_write","Literacy",-0.00276326178573072
5,24058,"P_cell_phone","Cell phone",-0.000958139251451939
5,24058,"P_internet","Internet",0.00499647110700607
5,24058,"P_poverty","Poverty",0.00277569959871471
5,24058,"bias_w","Spatial bias",-0.00617834739387035
5,25002,"P_age_00_14","Population 0-14",-0.00423944089561701
5,25002,"P_age_15_39","Population 15-39",0.00448280526325107
5,25002,"P_read_write","Literacy",-0.00322582409717143
5,25002,"P_cell_phone","Cell phone",0.00518598267808557
5,25002,"P_internet","Internet",-0.0038412727881223
5,25002,"P_poverty","Poverty",-0.0030370750464499
5,25002,"bias_w","Spatial bias",0.0128383934497833
5,25003,"P_age_00_14","Population 0-14",0.00779742235317826
5,25003,"P_age_15_39","Population 15-39",0.00364288524724543
5,25003,"P_read_write","Literacy",0.0042494460940361
5,25003,"P_cell_phone","Cell phone",-0.000592608121223748
5,25003,"P_internet","Internet",0.00567157659679651
5,25003,"P_poverty","Poverty",0.00120559637434781
5,25003,"bias_w","Spatial bias",0.0170494578778744
5,25004,"P_age_00_14","Population 0-14",-0.00219412008300424
5,25004,"P_age_15_39","Population 15-39",0.00616256799548864
5,25004,"P_read_write","Literacy",-0.00234360108152032
5,25004,"P_cell_phone","Cell phone",-0.00135691754985601
5,25004,"P_internet","Internet",-0.00717291468754411
5,25004,"P_poverty","Poverty",-0.00235116574913263
5,25004,"bias_w","Spatial bias",0.0180245265364647
5,25005,"P_age_00_14","Population 0-14",0.00912255328148603
5,25005,"P_age_15_39","Population 15-39",-0.002598607679829
5,25005,"P_read_write","Literacy",0.00384435313753784
5,25005,"P_cell_phone","Cell phone",-0.00146782060619444
5,25005,"P_internet","Internet",-0.00377493281848729
5,25005,"P_poverty","Poverty",0.00194226950407028
5,25005,"bias_w","Spatial bias",0.0180571489036083
5,25006,"P_age_00_14","Population 0-14",-0.00397606194019318
5,25006,"P_age_15_39","Population 15-39",-0.00352997588925064
5,25006,"P_read_write","Literacy",-0.00321453949436545
5,25006,"P_cell_phone","Cell phone",0.0108017381280661
5,25006,"P_internet","Internet",-0.00357605726458132
5,25006,"P_poverty","Poverty",-0.00634074630215764
5,25006,"bias_w","Spatial bias",0.0135010415688157
5,25008,"P_age_00_14","Population 0-14",0.00100530148483813
5,25008,"P_age_15_39","Population 15-39",-0.00317839090712368
5,25008,"P_read_write","Literacy",-0.00190400879364461
5,25008,"P_cell_phone","Cell phone",-0.00209003151394427
5,25008,"P_internet","Internet",0.00223435880616307
5,25008,"P_poverty","Poverty",0.002064652973786
5,25008,"bias_w","Spatial bias",0.0169575922191143
5,25009,"P_age_00_14","Population 0-14",-0.00318112038075924
5,25009,"P_age_15_39","Population 15-39",-0.00353363784961402
5,25009,"P_read_write","Literacy",-0.00139027880504727
5,25009,"P_cell_phone","Cell phone",-0.00218396377749741
5,25009,"P_internet","Internet",-0.00864034239202738
5,25009,"P_poverty","Poverty",0.00293924612924457
5,25009,"bias_w","Spatial bias",0.0191921349614859
5,25011,"P_age_00_14","Population 0-14",-0.00478777894750237
5,25011,"P_age_15_39","Population 15-39",-0.00292284740135074
5,25011,"P_read_write","Literacy",-0.00277624325826764
5,25011,"P_cell_phone","Cell phone",0.00435281032696366
5,25011,"P_internet","Internet",-0.00595560483634472
5,25011,"P_poverty","Poverty",0.000292174197966233
5,25011,"bias_w","Spatial bias",0.0151825835928321
5,25012,"P_age_00_14","Population 0-14",-0.00461659813299775
5,25012,"P_age_15_39","Population 15-39",-0.00327604450285435
5,25012,"P_read_write","Literacy",-0.00679483311250806
5,25012,"P_cell_phone","Cell phone",0.0113900396972895
5,25012,"P_internet","Internet",-0.00425309129059315
5,25012,"P_poverty","Poverty",-0.0131290834397078
5,25012,"bias_w","Spatial bias",0.0136469826102257
5,25013,"P_age_00_14","Population 0-14",-0.00466159218922257
5,25013,"P_age_15_39","Population 15-39",0.00370978005230427
5,25013,"P_read_write","Literacy",-0.00195482047274709
5,25013,"P_cell_phone","Cell phone",-0.00275247450917959
5,25013,"P_internet","Internet",-0.00125252071302384
5,25013,"P_poverty","Poverty",0.00132812687661499
5,25013,"bias_w","Spatial bias",0.0173972174525261
5,25014,"P_age_00_14","Population 0-14",-0.00236117490567267
5,25014,"P_age_15_39","Population 15-39",0.00333493016660213
5,25014,"P_read_write","Literacy",-0.00272427569143474
5,25014,"P_cell_phone","Cell phone",-0.00256769335828722
5,25014,"P_internet","Internet",-0.00454258313402534
5,25014,"P_poverty","Poverty",0.000510817335452884
5,25014,"bias_w","Spatial bias",0.0170455612242222
5,25015,"P_age_00_14","Population 0-14",-0.00336413481272757
5,25015,"P_age_15_39","Population 15-39",-0.00323801441118121
5,25015,"P_read_write","Literacy",-0.00178576831240207
5,25015,"P_cell_phone","Cell phone",0.0129668675363064
5,25015,"P_internet","Internet",-0.00497589120641351
5,25015,"P_poverty","Poverty",-0.0119968820363283
5,25015,"bias_w","Spatial bias",0.01353311073035
5,25016,"P_age_00_14","Population 0-14",-0.00381742394529283
5,25016,"P_age_15_39","Population 15-39",0.0052311634644866
5,25016,"P_read_write","Literacy",-0.00172235385980457
5,25016,"P_cell_phone","Cell phone",-0.00117774354293942
5,25016,"P_internet","Internet",0.00566759146749973
5,25016,"P_poverty","Poverty",0.000966408813837916
5,25016,"bias_w","Spatial bias",0.0157157871872187
5,25018,"P_age_00_14","Population 0-14",-0.00412752432748675
5,25018,"P_age_15_39","Population 15-39",-0.0028013838455081
5,25018,"P_read_write","Literacy",-0.00275896186940372
5,25018,"P_cell_phone","Cell phone",0.00365334213711321
5,25018,"P_internet","Internet",-0.00343790976330638
5,25018,"P_poverty","Poverty",0.000351601658621803
5,25018,"bias_w","Spatial bias",0.00349327526055276
5,26001,"P_age_00_14","Population 0-14",-0.00502580078318715
5,26001,"P_age_15_39","Population 15-39",0.00996049400418997
5,26001,"P_read_write","Literacy",-0.00771517818793654
5,26001,"P_cell_phone","Cell phone",-0.00336446915753186
5,26001,"P_internet","Internet",-0.00324399443343282
5,26001,"P_poverty","Poverty",-0.0241365768015385
5,26001,"bias_w","Spatial bias",-0.0060257688164711
5,26002,"P_age_00_14","Population 0-14",-0.00298492214642465
5,26002,"P_age_15_39","Population 15-39",-0.00308789731934667
5,26002,"P_read_write","Literacy",-0.0092644551768899
5,26002,"P_cell_phone","Cell phone",0.00864783953875303
5,26002,"P_internet","Internet",-0.00577332964166999
5,26002,"P_poverty","Poverty",-0.00514402007684112
5,26002,"bias_w","Spatial bias",-0.00678093172609806
5,26004,"P_age_00_14","Population 0-14",-0.000707979022990912
5,26004,"P_age_15_39","Population 15-39",-0.00367502449080348
5,26004,"P_read_write","Literacy",-0.00453799171373248
5,26004,"P_cell_phone","Cell phone",0.0041074831970036
5,26004,"P_internet","Internet",-0.00735097797587514
5,26004,"P_poverty","Poverty",0.00110698398202658
5,26004,"bias_w","Spatial bias",0.00530884461477399
5,26005,"P_age_00_14","Population 0-14",-0.00326163624413311
5,26005,"P_age_15_39","Population 15-39",0.0199373438954353
5,26005,"P_read_write","Literacy",-0.00436976877972484
5,26005,"P_cell_phone","Cell phone",-0.00179699959699064
5,26005,"P_internet","Internet",-0.00893290154635906
5,26005,"P_poverty","Poverty",-0.00970338936895132
5,26005,"bias_w","Spatial bias",0.0187952816486359
5,26006,"P_age_00_14","Population 0-14",-0.00454481644555926
5,26006,"P_age_15_39","Population 15-39",0.0236694552004337
5,26006,"P_read_write","Literacy",-0.00948787201195955
5,26006,"P_cell_phone","Cell phone",-0.00382657651789486
5,26006,"P_internet","Internet",0.00346456095576286
5,26006,"P_poverty","Poverty",-0.0061963265761733
5,26006,"bias_w","Spatial bias",0.0173761211335659
5,26007,"P_age_00_14","Population 0-14",-0.00599070265889168
5,26007,"P_age_15_39","Population 15-39",0.0213841125369072
5,26007,"P_read_write","Literacy",-0.0114240646362305
5,26007,"P_cell_phone","Cell phone",0.00592935550957918
5,26007,"P_internet","Internet",0.00342439208179712
5,26007,"P_poverty","Poverty",-0.00140250544063747
5,26007,"bias_w","Spatial bias",-0.0294553693383932
5,26008,"P_age_00_14","Population 0-14",-0.00531980628147721
5,26008,"P_age_15_39","Population 15-39",0.0194745920598507
5,26008,"P_read_write","Literacy",-0.00190094474237412
5,26008,"P_cell_phone","Cell phone",0.00339887314476073
5,26008,"P_internet","Internet",-0.00617803819477558
5,26008,"P_poverty","Poverty",0.000974005088210106
5,26008,"bias_w","Spatial bias",0.021920632570982
5,26009,"P_age_00_14","Population 0-14",-0.00365081336349249
5,26009,"P_age_15_39","Population 15-39",0.0252080652862787
5,26009,"P_read_write","Literacy",-0.00186828488949686
5,26009,"P_cell_phone","Cell phone",-0.00265210494399071
5,26009,"P_internet","Internet",-0.00537251913920045
5,26009,"P_poverty","Poverty",-0.00451648375019431
5,26009,"bias_w","Spatial bias",0.0249715987592936
5,26010,"P_age_00_14","Population 0-14",-0.00227813818491995
5,26010,"P_age_15_39","Population 15-39",0.0143296830356121
5,26010,"P_read_write","Literacy",-0.00490708090364933
5,26010,"P_cell_phone","Cell phone",-0.00223927479237318
5,26010,"P_internet","Internet",-0.00527627626433969
5,26010,"P_poverty","Poverty",0.00107129232492298
5,26010,"bias_w","Spatial bias",0.0241144504398108
5,26011,"P_age_00_14","Population 0-14",-0.00588134955614805
5,26011,"P_age_15_39","Population 15-39",0.0171465333551168
5,26011,"P_read_write","Literacy",-0.0114888232201338
5,26011,"P_cell_phone","Cell phone",0.00311967846937478
5,26011,"P_internet","Internet",0.00451258104294538
5,26011,"P_poverty","Poverty",0.000971984874922782
5,26011,"bias_w","Spatial bias",-0.00802794937044382
5,26012,"P_age_00_14","Population 0-14",-0.00477760750800371
5,26012,"P_age_15_39","Population 15-39",-0.00445625325664878
5,26012,"P_read_write","Literacy",-0.00590986851602793
5,26012,"P_cell_phone","Cell phone",-0.00292199617251754
5,26012,"P_internet","Internet",-0.0049375994130969
5,26012,"P_poverty","Poverty",0.00265627726912498
5,26012,"bias_w","Spatial bias",-0.00329478597268462
5,26013,"P_age_00_14","Population 0-14",-0.00333992158994079
5,26013,"P_age_15_39","Population 15-39",0.0056271874345839
5,26013,"P_read_write","Literacy",-0.00448193913325667
5,26013,"P_cell_phone","Cell phone",0.00444539822638035
5,26013,"P_internet","Internet",-0.0076488140039146
5,26013,"P_poverty","Poverty",-0.0094430223107338
5,26013,"bias_w","Spatial bias",-0.00794719811528921
5,26014,"P_age_00_14","Population 0-14",-0.00357294757850468
5,26014,"P_age_15_39","Population 15-39",0.0198049694299698
5,26014,"P_read_write","Literacy",-0.00248424196615815
5,26014,"P_cell_phone","Cell phone",-0.00312991021201015
5,26014,"P_internet","Internet",-0.00741473026573658
5,26014,"P_poverty","Poverty",-0.0221078004688025
5,26014,"bias_w","Spatial bias",-0.00119959423318505
5,26015,"P_age_00_14","Population 0-14",-0.000751797342672944
5,26015,"P_age_15_39","Population 15-39",0.0132079590111971
5,26015,"P_read_write","Literacy",-0.00628176284953952
5,26015,"P_cell_phone","Cell phone",0.00283676432445645
5,26015,"P_internet","Internet",0.000707455968949944
5,26015,"P_poverty","Poverty",0.00130226882174611
5,26015,"bias_w","Spatial bias",0.0187435504049063
5,26016,"P_age_00_14","Population 0-14",-0.0035486554261297
5,26016,"P_age_15_39","Population 15-39",0.00746696768328547
5,26016,"P_read_write","Literacy",-0.00590924127027392
5,26016,"P_cell_phone","Cell phone",-0.0055104005150497
5,26016,"P_internet","Internet",-0.00816123280674219
5,26016,"P_poverty","Poverty",-0.011886821128428
5,26016,"bias_w","Spatial bias",-0.00569477630779147
5,26017,"P_age_00_14","Population 0-14",-0.00291835912503302
5,26017,"P_age_15_39","Population 15-39",-0.0057804468087852
5,26017,"P_read_write","Literacy",-0.00678961956873536
5,26017,"P_cell_phone","Cell phone",0.0278126671910286
5,26017,"P_internet","Internet",-0.00758634693920612
5,26017,"P_poverty","Poverty",-0.0080525167286396
5,26017,"bias_w","Spatial bias",-0.0525262616574764
5,26018,"P_age_00_14","Population 0-14",-0.00383263756521046
5,26018,"P_age_15_39","Population 15-39",-0.0051290662959218
5,26018,"P_read_write","Literacy",-0.00740737607702613
5,26018,"P_cell_phone","Cell phone",0.0126335620880127
5,26018,"P_internet","Internet",-0.00516047095879912
5,26018,"P_poverty","Poverty",-0.00392669346183538
5,26018,"bias_w","Spatial bias",-0.0263887625187635
5,26019,"P_age_00_14","Population 0-14",-0.00296233384869993
5,26019,"P_age_15_39","Population 15-39",-0.00383503711782396
5,26019,"P_read_write","Literacy",-0.00884391460567713
5,26019,"P_cell_phone","Cell phone",0.011849389411509
5,26019,"P_internet","Internet",-0.00576062221080065
5,26019,"P_poverty","Poverty",-0.00354719604365528
5,26019,"bias_w","Spatial bias",-0.0269701108336449
5,26020,"P_age_00_14","Population 0-14",-0.00291385618038476
5,26020,"P_age_15_39","Population 15-39",0.00300442357547581
5,26020,"P_read_write","Literacy",-0.00538982730358839
5,26020,"P_cell_phone","Cell phone",0.0018370890757069
5,26020,"P_internet","Internet",-0.00402663974091411
5,26020,"P_poverty","Poverty",0.000898604397661984
5,26020,"bias_w","Spatial bias",0.00286860764026642
5,26021,"P_age_00_14","Population 0-14",-0.00883503258228302
5,26021,"P_age_15_39","Population 15-39",0.0173398200422525
5,26021,"P_read_write","Literacy",-0.00607074424624443
5,26021,"P_cell_phone","Cell phone",-0.00557025335729122
5,26021,"P_internet","Internet",0.00500871893018484
5,26021,"P_poverty","Poverty",-0.019677272066474
5,26021,"bias_w","Spatial bias",0.0207782462239265
5,26022,"P_age_00_14","Population 0-14",-0.0061715985648334
5,26022,"P_age_15_39","Population 15-39",0.018110005185008
5,26022,"P_read_write","Literacy",-0.00533755170181394
5,26022,"P_cell_phone","Cell phone",-0.00107789493631572
5,26022,"P_internet","Internet",0.0068270075134933
5,26022,"P_poverty","Poverty",0.000946355576161295
5,26022,"bias_w","Spatial bias",-0.00484309904277325
5,26023,"P_age_00_14","Population 0-14",-0.00398525036871433
5,26023,"P_age_15_39","Population 15-39",0.00949499569833279
5,26023,"P_read_write","Literacy",-0.00804796069860458
5,26023,"P_cell_phone","Cell phone",-0.00453537283465266
5,26023,"P_internet","Internet",-0.00343605899251997
5,26023,"P_poverty","Poverty",-0.0119960429146886
5,26023,"bias_w","Spatial bias",-0.00249613332562149
5,26024,"P_age_00_14","Population 0-14",-0.00264848559163511
5,26024,"P_age_15_39","Population 15-39",0.019738769158721
5,26024,"P_read_write","Literacy",-0.00553933158516884
5,26024,"P_cell_phone","Cell phone",-0.00312603451311588
5,26024,"P_internet","Internet",-0.00434762286022305
5,26024,"P_poverty","Poverty",-0.00388192967511714
5,26024,"bias_w","Spatial bias",0.0238465555012226
5,26025,"P_age_00_14","Population 0-14",-0.00406698510050774
5,26025,"P_age_15_39","Population 15-39",-0.00386323360726237
5,26025,"P_read_write","Literacy",-0.00795964989811182
5,26025,"P_cell_phone","Cell phone",0.00597251299768686
5,26025,"P_internet","Internet",-0.00455799931660295
5,26025,"P_poverty","Poverty",0.000447907019406557
5,26025,"bias_w","Spatial bias",-0.00892021134495735
5,26027,"P_age_00_14","Population 0-14",0.00760533520951867
5,26027,"P_age_15_39","Population 15-39",-0.00322838849388063
5,26027,"P_read_write","Literacy",-0.00821656361222267
5,26027,"P_cell_phone","Cell phone",0.00850131548941135
5,26027,"P_internet","Internet",-0.00700555182993412
5,26027,"P_poverty","Poverty",-0.0038310110103339
5,26027,"bias_w","Spatial bias",-0.00672748684883118
5,26028,"P_age_00_14","Population 0-14",-0.00334351509809494
5,26028,"P_age_15_39","Population 15-39",0.0139879444614053
5,26028,"P_read_write","Literacy",-0.00484768580645323
5,26028,"P_cell_phone","Cell phone",0.00417309207841754
5,26028,"P_internet","Internet",0.00417208671569824
5,26028,"P_poverty","Poverty",-0.00390666071325541
5,26028,"bias_w","Spatial bias",0.0197861324995756
5,26029,"P_age_00_14","Population 0-14",-0.00445455126464367
5,26029,"P_age_15_39","Population 15-39",-0.00413573067635298
5,26029,"P_read_write","Literacy",-0.00762156769633293
5,26029,"P_cell_phone","Cell phone",0.0109834130853415
5,26029,"P_internet","Internet",-0.00533420778810978
5,26029,"P_poverty","Poverty",-0.00669745169579983
5,26029,"bias_w","Spatial bias",-0.00956326257437468
5,26030,"P_age_00_14","Population 0-14",-0.00500679994001985
5,26030,"P_age_15_39","Population 15-39",-0.00371116865426302
5,26030,"P_read_write","Literacy",-0.0102112386375666
5,26030,"P_cell_phone","Cell phone",0.0230912268161774
5,26030,"P_internet","Internet",-0.00608163652941585
5,26030,"P_poverty","Poverty",-0.00603627087548375
5,26030,"bias_w","Spatial bias",-0.0487089268863201
5,26031,"P_age_00_14","Population 0-14",-0.00481957336887717
5,26031,"P_age_15_39","Population 15-39",0.0048814401961863
5,26031,"P_read_write","Literacy",-0.00528293335810304
5,26031,"P_cell_phone","Cell phone",-0.00306444405578077
5,26031,"P_internet","Internet",-0.00402721902355552
5,26031,"P_poverty","Poverty",0.000955998431891203
5,26031,"bias_w","Spatial bias",0.0248424783349037
5,26032,"P_age_00_14","Population 0-14",-0.00548615772277117
5,26032,"P_age_15_39","Population 15-39",0.0220813434571028
5,26032,"P_read_write","Literacy",-0.00733829056844115
5,26032,"P_cell_phone","Cell phone",-0.00354765495285392
5,26032,"P_internet","Internet",-0.00534397503361106
5,26032,"P_poverty","Poverty",-0.0116688041016459
5,26032,"bias_w","Spatial bias",0.0227918773889542
5,26034,"P_age_00_14","Population 0-14",-0.00537184672430158
5,26034,"P_age_15_39","Population 15-39",0.021715110167861
5,26034,"P_read_write","Literacy",-0.00757806235924363
5,26034,"P_cell_phone","Cell phone",-0.00258075841702521
5,26034,"P_internet","Internet",-0.00761820608749986
5,26034,"P_poverty","Poverty",-0.023774454370141
5,26034,"bias_w","Spatial bias",-0.00352016719989479
5,26035,"P_age_00_14","Population 0-14",-0.00268651940859854
5,26035,"P_age_15_39","Population 15-39",-0.00460468139499426
5,26035,"P_read_write","Literacy",-0.00750025967136025
5,26035,"P_cell_phone","Cell phone",0.00434770062565804
5,26035,"P_internet","Internet",-0.0066220834851265
5,26035,"P_poverty","Poverty",0.00125666416715831
5,26035,"bias_w","Spatial bias",-0.00913520809262991
5,26036,"P_age_00_14","Population 0-14",-0.00364569993689656
5,26036,"P_age_15_39","Population 15-39",-0.00375127606093884
5,26036,"P_read_write","Literacy",-0.00723897432908416
5,26036,"P_cell_phone","Cell phone",0.0117677859961987
5,26036,"P_internet","Internet",-0.00480454321950674
5,26036,"P_poverty","Poverty",-0.00471658632159233
5,26036,"bias_w","Spatial bias",-0.00755853997543454
5,26037,"P_age_00_14","Population 0-14",-0.00765077024698257
5,26037,"P_age_15_39","Population 15-39",0.0266895722597837
5,26037,"P_read_write","Literacy",-0.00928295683115721
5,26037,"P_cell_phone","Cell phone",-0.00222489680163562
5,26037,"P_internet","Internet",0.000403095240471885
5,26037,"P_poverty","Poverty",-0.00876758061349392
5,26037,"bias_w","Spatial bias",-0.00465818634256721
5,26038,"P_age_00_14","Population 0-14",-0.00416890764608979
5,26038,"P_age_15_39","Population 15-39",-0.00376539002172649
5,26038,"P_read_write","Literacy",-0.00771524244919419
5,26038,"P_cell_phone","Cell phone",0.00902299489825964
5,26038,"P_internet","Internet",-0.00402193889021873
5,26038,"P_poverty","Poverty",-0.00747179612517357
5,26038,"bias_w","Spatial bias",0.0180543083697557
5,26039,"P_age_00_14","Population 0-14",0.00662299757823348
5,26039,"P_age_15_39","Population 15-39",-0.00442916806787252
5,26039,"P_read_write","Literacy",-0.0122234104201198
5,26039,"P_cell_phone","Cell phone",0.00245992839336395
5,26039,"P_internet","Internet",-0.00781816244125366
5,26039,"P_poverty","Poverty",0.000781656824983656
5,26039,"bias_w","Spatial bias",-0.00956999603658915
5,26040,"P_age_00_14","Population 0-14",-0.00271827168762684
5,26040,"P_age_15_39","Population 15-39",0.0208175573498011
5,26040,"P_read_write","Literacy",-0.00800205022096634
5,26040,"P_cell_phone","Cell phone",-0.00119534996338189
5,26040,"P_internet","Internet",0.00544020207598805
5,26040,"P_poverty","Poverty",0.00127836421597749
5,26040,"bias_w","Spatial bias",0.0248691234737635
5,26041,"P_age_00_14","Population 0-14",-0.00285477330908179
5,26041,"P_age_15_39","Population 15-39",-0.00329611008055508
5,26041,"P_read_write","Literacy",-0.00848697405308485
5,26041,"P_cell_phone","Cell phone",0.00974911451339722
5,26041,"P_internet","Internet",-0.00522105116397142
5,26041,"P_poverty","Poverty",-0.0157860293984413
5,26041,"bias_w","Spatial bias",0.0148316007107496
5,26043,"P_age_00_14","Population 0-14",-0.00386828323826194
5,26043,"P_age_15_39","Population 15-39",-0.00406411476433277
5,26043,"P_read_write","Literacy",-0.00912780035287142
5,26043,"P_cell_phone","Cell phone",0.0114384200423956
5,26043,"P_internet","Internet",-0.00531652197241783
5,26043,"P_poverty","Poverty",-0.0115315495058894
5,26043,"bias_w","Spatial bias",-0.00999760068953037
5,26044,"P_age_00_14","Population 0-14",-0.00332889868877828
5,26044,"P_age_15_39","Population 15-39",0.0239805821329355
5,26044,"P_read_write","Literacy",-0.00903892796486616
5,26044,"P_cell_phone","Cell phone",-0.00382897676900029
5,26044,"P_internet","Internet",-0.00653806002810597
5,26044,"P_poverty","Poverty",-0.00376513018272817
5,26044,"bias_w","Spatial bias",0.0259116347879171
5,26045,"P_age_00_14","Population 0-14",-0.00294112879782915
5,26045,"P_age_15_39","Population 15-39",0.0158042479306459
5,26045,"P_read_write","Literacy",-0.0104922065511346
5,26045,"P_cell_phone","Cell phone",-0.00191478373017162
5,26045,"P_internet","Internet",-0.00341251492500305
5,26045,"P_poverty","Poverty",0.000523729424457997
5,26045,"bias_w","Spatial bias",0.0198338851332664
5,26046,"P_age_00_14","Population 0-14",-0.00649249693378806
5,26046,"P_age_15_39","Population 15-39",0.00179029395803809
5,26046,"P_read_write","Literacy",-0.0105256689712405
5,26046,"P_cell_phone","Cell phone",0.00394091010093689
5,26046,"P_internet","Internet",-0.00310357427224517
5,26046,"P_poverty","Poverty",-0.00466271629557014
5,26046,"bias_w","Spatial bias",0.0163138061761856
5,26047,"P_age_00_14","Population 0-14",-0.00637557450681925
5,26047,"P_age_15_39","Population 15-39",-0.0120496870949864
5,26047,"P_read_write","Literacy",-0.00635766284540296
5,26047,"P_cell_phone","Cell phone",-0.0109148677438498
5,26047,"P_internet","Internet",-0.0107121178880334
5,26047,"P_poverty","Poverty",-0.0260414648801088
5,26047,"bias_w","Spatial bias",-0.0248692575842142
5,26048,"P_age_00_14","Population 0-14",-0.00293335109017789
5,26048,"P_age_15_39","Population 15-39",-0.00224118307232857
5,26048,"P_read_write","Literacy",-0.00855243764817715
5,26048,"P_cell_phone","Cell phone",0.0031750756315887
5,26048,"P_internet","Internet",-0.00561187509447336
5,26048,"P_poverty","Poverty",0.00112238770816475
5,26048,"bias_w","Spatial bias",-0.00511754723265767
5,26049,"P_age_00_14","Population 0-14",-0.00699831219390035
5,26049,"P_age_15_39","Population 15-39",0.00193128699902445
5,26049,"P_read_write","Literacy",0.00385734927840531
5,26049,"P_cell_phone","Cell phone",-0.00186434842180461
5,26049,"P_internet","Internet",0.00587232783436775
5,26049,"P_poverty","Poverty",-0.000674768991302699
5,26049,"bias_w","Spatial bias",0.00485107908025384
5,26050,"P_age_00_14","Population 0-14",-0.00697346404194832
5,26050,"P_age_15_39","Population 15-39",0.0221033506095409
5,26050,"P_read_write","Literacy",-0.00435583293437958
5,26050,"P_cell_phone","Cell phone",-0.000570926640648395
5,26050,"P_internet","Internet",5.51634439034387e-05
5,26050,"P_poverty","Poverty",0.00157123536337167
5,26050,"bias_w","Spatial bias",-0.00408880598843098
5,26051,"P_age_00_14","Population 0-14",-0.0037457209546119
5,26051,"P_age_15_39","Population 15-39",0.0122971581295133
5,26051,"P_read_write","Literacy",0.000864857283886522
5,26051,"P_cell_phone","Cell phone",-0.000998550094664097
5,26051,"P_internet","Internet",0.0061395913362503
5,26051,"P_poverty","Poverty",0.000838524370919913
5,26051,"bias_w","Spatial bias",-0.00537584722042084
5,26052,"P_age_00_14","Population 0-14",-0.00385492132045329
5,26052,"P_age_15_39","Population 15-39",0.0148674985393882
5,26052,"P_read_write","Literacy",-0.00435138633474708
5,26052,"P_cell_phone","Cell phone",-0.0014482419937849
5,26052,"P_internet","Internet",-0.00683906488120556
5,26052,"P_poverty","Poverty",0.00103225163184106
5,26052,"bias_w","Spatial bias",0.023589288815856
5,26053,"P_age_00_14","Population 0-14",-0.00270838430151343
5,26053,"P_age_15_39","Population 15-39",0.018256364390254
5,26053,"P_read_write","Literacy",-0.00649566389620304
5,26053,"P_cell_phone","Cell phone",-0.000470392551505938
5,26053,"P_internet","Internet",0.00145130697637796
5,26053,"P_poverty","Poverty",-0.0187827777117491
5,26053,"bias_w","Spatial bias",0.00456219911575317
5,26054,"P_age_00_14","Population 0-14",0.00994050968438387
5,26054,"P_age_15_39","Population 15-39",-0.00418817298486829
5,26054,"P_read_write","Literacy",-0.0108572393655777
5,26054,"P_cell_phone","Cell phone",0.00877728313207626
5,26054,"P_internet","Internet",-0.00552182225510478
5,26054,"P_poverty","Poverty",-0.00554182194173336
5,26054,"bias_w","Spatial bias",0.0324177853763103
5,26055,"P_age_00_14","Population 0-14",-0.00378752732649446
5,26055,"P_age_15_39","Population 15-39",-0.00273004616610706
5,26055,"P_read_write","Literacy",-0.00795495510101318
5,26055,"P_cell_phone","Cell phone",0.00413090968504548
5,26055,"P_internet","Internet",-0.00533141754567623
5,26055,"P_poverty","Poverty",0.00207395921461284
5,26055,"bias_w","Spatial bias",-0.030148945748806
5,26056,"P_age_00_14","Population 0-14",0.00979417283087969
5,26056,"P_age_15_39","Population 15-39",-0.0246243122965097
5,26056,"P_read_write","Literacy",0.00497930310666561
5,26056,"P_cell_phone","Cell phone",-0.00234789913520217
5,26056,"P_internet","Internet",0.000433181587141007
5,26056,"P_poverty","Poverty",0.00166058994363993
5,26056,"bias_w","Spatial bias",0.0234117172658443
5,26057,"P_age_00_14","Population 0-14",-0.00771302683278918
5,26057,"P_age_15_39","Population 15-39",0.0213045720010996
5,26057,"P_read_write","Literacy",-0.00316353794187307
5,26057,"P_cell_phone","Cell phone",-0.0010954518802464
5,26057,"P_internet","Internet",-0.00412998395040631
5,26057,"P_poverty","Poverty",0.000404657563194633
5,26057,"bias_w","Spatial bias",0.0228957068175077
5,26058,"P_age_00_14","Population 0-14",-0.00395811814814806
5,26058,"P_age_15_39","Population 15-39",-0.00367485731840134
5,26058,"P_read_write","Literacy",-0.008681895211339
5,26058,"P_cell_phone","Cell phone",0.0108130956068635
5,26058,"P_internet","Internet",-0.00519141601398587
5,26058,"P_poverty","Poverty",-0.0044961255043745
5,26058,"bias_w","Spatial bias",-0.00691782729700208
5,26059,"P_age_00_14","Population 0-14",-0.00274709914810956
5,26059,"P_age_15_39","Population 15-39",0.00308091077022254
5,26059,"P_read_write","Literacy",-0.013863836415112
5,26059,"P_cell_phone","Cell phone",0.00289791193790734
5,26059,"P_internet","Internet",0.000189117548870854
5,26059,"P_poverty","Poverty",0.000782870862167329
5,26059,"bias_w","Spatial bias",-0.0277112405747175
5,26060,"P_age_00_14","Population 0-14",-0.00307732471264899
5,26060,"P_age_15_39","Population 15-39",0.00320405839011073
5,26060,"P_read_write","Literacy",-0.00290683750063181
5,26060,"P_cell_phone","Cell phone",0.00124900683294982
5,26060,"P_internet","Internet",0.00509708328172565
5,26060,"P_poverty","Poverty",0.00027828526799567
5,26060,"bias_w","Spatial bias",0.0163867808878422
5,26061,"P_age_00_14","Population 0-14",-0.00412886310368776
5,26061,"P_age_15_39","Population 15-39",0.0247944891452789
5,26061,"P_read_write","Literacy",-0.00146244838833809
5,26061,"P_cell_phone","Cell phone",-0.00233996869064867
5,26061,"P_internet","Internet",-0.00995251443237066
5,26061,"P_poverty","Poverty",-0.0155342211946845
5,26061,"bias_w","Spatial bias",0.0247389804571867
5,26062,"P_age_00_14","Population 0-14",-0.00541431130841374
5,26062,"P_age_15_39","Population 15-39",0.0214155986905098
5,26062,"P_read_write","Literacy",-0.00395605573430657
5,26062,"P_cell_phone","Cell phone",0.00427843630313873
5,26062,"P_internet","Internet",0.00289492891170084
5,26062,"P_poverty","Poverty",-0.00278249802067876
5,26062,"bias_w","Spatial bias",0.0168870408087969
5,26063,"P_age_00_14","Population 0-14",-0.00617000460624695
5,26063,"P_age_15_39","Population 15-39",0.0243677422404289
5,26063,"P_read_write","Literacy",-0.00467966264113784
5,26063,"P_cell_phone","Cell phone",-0.00194625067524612
5,26063,"P_internet","Internet",-0.00682761985808611
5,26063,"P_poverty","Poverty",-0.00675683235749602
5,26063,"bias_w","Spatial bias",0.0258534532040358
5,26064,"P_age_00_14","Population 0-14",-0.00339173432439566
5,26064,"P_age_15_39","Population 15-39",0.0215326342731714
5,26064,"P_read_write","Literacy",-0.00838177464902401
5,26064,"P_cell_phone","Cell phone",-0.0050732558593154
5,26064,"P_internet","Internet",0.00499070202931762
5,26064,"P_poverty","Poverty",-0.00846630055457354
5,26064,"bias_w","Spatial bias",-0.0251198578625917
5,26065,"P_age_00_14","Population 0-14",-0.0049354238435626
5,26065,"P_age_15_39","Population 15-39",0.0104412389919162
5,26065,"P_read_write","Literacy",-0.00577664189040661
5,26065,"P_cell_phone","Cell phone",-0.00258400081656873
5,26065,"P_internet","Internet",0.00526061467826366
5,26065,"P_poverty","Poverty",-0.00152088433969766
5,26065,"bias_w","Spatial bias",-0.00343890557996929
5,26066,"P_age_00_14","Population 0-14",-0.00618737749755383
5,26066,"P_age_15_39","Population 15-39",0.0192253682762384
5,26066,"P_read_write","Literacy",-0.00393027532845736
5,26066,"P_cell_phone","Cell phone",-0.00310594472102821
5,26066,"P_internet","Internet",-0.00514513393864036
5,26066,"P_poverty","Poverty",-0.0112666944041848
5,26066,"bias_w","Spatial bias",0.0222396329045296
5,26067,"P_age_00_14","Population 0-14",-0.00308468192815781
5,26067,"P_age_15_39","Population 15-39",0.0207629073411226
5,26067,"P_read_write","Literacy",-0.00757268723100424
5,26067,"P_cell_phone","Cell phone",-0.0035785180516541
5,26067,"P_internet","Internet",-0.00316526391543448
5,26067,"P_poverty","Poverty",-0.00490841688588262
5,26067,"bias_w","Spatial bias",0.0190938003361225
5,26068,"P_age_00_14","Population 0-14",-0.00628690561279655
5,26068,"P_age_15_39","Population 15-39",0.0231779031455517
5,26068,"P_read_write","Literacy",-0.00689156958833337
5,26068,"P_cell_phone","Cell phone",-0.00335683906450868
5,26068,"P_internet","Internet",0.00314486818388104
5,26068,"P_poverty","Poverty",-0.00550243491306901
5,26068,"bias_w","Spatial bias",0.0209282226860523
5,26069,"P_age_00_14","Population 0-14",-0.00239774771034718
5,26069,"P_age_15_39","Population 15-39",0.00348589010536671
5,26069,"P_read_write","Literacy",0.00109585328027606
5,26069,"P_cell_phone","Cell phone",-0.00107474229298532
5,26069,"P_internet","Internet",0.00309254298917949
5,26069,"P_poverty","Poverty",0.00186713563743979
5,26069,"bias_w","Spatial bias",0.0261027049273252
5,26070,"P_age_00_14","Population 0-14",0.00661849090829492
5,26070,"P_age_15_39","Population 15-39",-0.00234539061784744
5,26070,"P_read_write","Literacy",-0.00545916007831693
5,26070,"P_cell_phone","Cell phone",0.00337896612472832
5,26070,"P_internet","Internet",-0.0081263417378068
5,26070,"P_poverty","Poverty",0.0014702285407111
5,26070,"bias_w","Spatial bias",-0.00796948652714491
5,26072,"P_age_00_14","Population 0-14",-0.00289242062717676
5,26072,"P_age_15_39","Population 15-39",-0.00295153027400374
5,26072,"P_read_write","Literacy",-0.00580577505752444
5,26072,"P_cell_phone","Cell phone",-0.00357983214780688
5,26072,"P_internet","Internet",0.00229155691340566
5,26072,"P_poverty","Poverty",0.00304430280812085
5,26072,"bias_w","Spatial bias",0.00813073758035898
5,27002,"P_age_00_14","Population 0-14",0.00743035832419991
5,27002,"P_age_15_39","Population 15-39",-0.00210208282805979
5,27002,"P_read_write","Literacy",-0.00258693471550941
5,27002,"P_cell_phone","Cell phone",-0.0025397667195648
5,27002,"P_internet","Internet",-0.00440616672858596
5,27002,"P_poverty","Poverty",0.00227398471906781
5,27002,"bias_w","Spatial bias",0.0192153099924326
5,27003,"P_age_00_14","Population 0-14",0.0084579149261117
5,27003,"P_age_15_39","Population 15-39",-0.00258994195610285
5,27003,"P_read_write","Literacy",-0.00445621134713292
5,27003,"P_cell_phone","Cell phone",-0.0013755748514086
5,27003,"P_internet","Internet",0.00584567338228226
5,27003,"P_poverty","Poverty",0.00256586703471839
5,27003,"bias_w","Spatial bias",0.0214150976389647
5,27004,"P_age_00_14","Population 0-14",-0.00411581946536899
5,27004,"P_age_15_39","Population 15-39",-0.00222756364382803
5,27004,"P_read_write","Literacy",-0.0021380742546171
5,27004,"P_cell_phone","Cell phone",0.00425394810736179
5,27004,"P_internet","Internet",-0.00449026888236403
5,27004,"P_poverty","Poverty",0.00122651050332934
5,27004,"bias_w","Spatial bias",0.0139591135084629
5,27005,"P_age_00_14","Population 0-14",-0.00177593133412302
5,27005,"P_age_15_39","Population 15-39",-0.00219979393295944
5,27005,"P_read_write","Literacy",-0.00265510356985033
5,27005,"P_cell_phone","Cell phone",-0.00116644927766174
5,27005,"P_internet","Internet",6.30204231129028e-05
5,27005,"P_poverty","Poverty",0.00253700604662299
5,27005,"bias_w","Spatial bias",0.0183679275214672
5,27006,"P_age_00_14","Population 0-14",5.03860173921566e-05
5,27006,"P_age_15_39","Population 15-39",-0.00304621574468911
5,27006,"P_read_write","Literacy",-0.00283108791336417
5,27006,"P_cell_phone","Cell phone",-0.000661173078697175
5,27006,"P_internet","Internet",0.00275486055761576
5,27006,"P_poverty","Poverty",0.00241968687623739
5,27006,"bias_w","Spatial bias",0.0188654195517302
5,27008,"P_age_00_14","Population 0-14",0.00800305791199207
5,27008,"P_age_15_39","Population 15-39",-0.00275707035325468
5,27008,"P_read_write","Literacy",-0.00202268664725125
5,27008,"P_cell_phone","Cell phone",-0.000924381078220904
5,27008,"P_internet","Internet",0.00349822058342397
5,27008,"P_poverty","Poverty",0.00195192941464484
5,27008,"bias_w","Spatial bias",0.0233484599739313
5,27010,"P_age_00_14","Population 0-14",-0.00245434534735978
5,27010,"P_age_15_39","Population 15-39",-0.00272453599609435
5,27010,"P_read_write","Literacy",-0.00423244526609778
5,27010,"P_cell_phone","Cell phone",-0.00182627839967608
5,27010,"P_internet","Internet",-0.000954527116846293
5,27010,"P_poverty","Poverty",0.00269395066425204
5,27010,"bias_w","Spatial bias",0.0208713300526142
5,27013,"P_age_00_14","Population 0-14",-0.00234806537628174
5,27013,"P_age_15_39","Population 15-39",-0.00186758488416672
5,27013,"P_read_write","Literacy",0.000241859088419005
5,27013,"P_cell_phone","Cell phone",-0.0017478356603533
5,27013,"P_internet","Internet",-0.00530165946111083
5,27013,"P_poverty","Poverty",0.00261796545237303
5,27013,"bias_w","Spatial bias",0.0178392715752125
5,27014,"P_age_00_14","Population 0-14",-0.00299410545267165
5,27014,"P_age_15_39","Population 15-39",-0.00284713529981673
5,27014,"P_read_write","Literacy",-0.00539073813706636
5,27014,"P_cell_phone","Cell phone",-0.00251760589890182
5,27014,"P_internet","Internet",-0.00382330524735153
5,27014,"P_poverty","Poverty",0.00239663058891892
5,27014,"bias_w","Spatial bias",0.0186930354684591
5,27016,"P_age_00_14","Population 0-14",-0.00275105377659202
5,27016,"P_age_15_39","Population 15-39",-0.00311828055419028
5,27016,"P_read_write","Literacy",-0.00201720651239157
5,27016,"P_cell_phone","Cell phone",-0.00137763109523803
5,27016,"P_internet","Internet",-0.00483368616551161
5,27016,"P_poverty","Poverty",0.00265488331206143
5,27016,"bias_w","Spatial bias",0.0200121235102415
5,28001,"P_age_00_14","Population 0-14",-0.00210691336542368
5,28001,"P_age_15_39","Population 15-39",0.00971924979239702
5,28001,"P_read_write","Literacy",-0.00195602863095701
5,28001,"P_cell_phone","Cell phone",-0.00200670235790312
5,28001,"P_internet","Internet",0.00229678931646049
5,28001,"P_poverty","Poverty",0.00124837399926037
5,28001,"bias_w","Spatial bias",0.0156607069075108
5,28002,"P_age_00_14","Population 0-14",-0.00296388030983508
5,28002,"P_age_15_39","Population 15-39",0.00331010553054512
5,28002,"P_read_write","Literacy",-0.00227759080007672
5,28002,"P_cell_phone","Cell phone",-0.000758360954932868
5,28002,"P_internet","Internet",0.00222576409578323
5,28002,"P_poverty","Poverty",0.0013134676264599
5,28002,"bias_w","Spatial bias",-0.00798942986875772
5,28003,"P_age_00_14","Population 0-14",-0.00319961016066372
5,28003,"P_age_15_39","Population 15-39",-0.00297856261022389
5,28003,"P_read_write","Literacy",-0.0063001667149365
5,28003,"P_cell_phone","Cell phone",0.00453578028827906
5,28003,"P_internet","Internet",-0.0046086679212749
5,28003,"P_poverty","Poverty",0.00237980228848755
5,28003,"bias_w","Spatial bias",-0.0250049829483032
5,28004,"P_age_00_14","Population 0-14",-0.00431221583858132
5,28004,"P_age_15_39","Population 15-39",0.00346383592113853
5,28004,"P_read_write","Literacy",-0.00191507604904473
5,28004,"P_cell_phone","Cell phone",-0.00313982903026044
5,28004,"P_internet","Internet",-0.00903420709073544
5,28004,"P_poverty","Poverty",0.00103852711617947
5,28004,"bias_w","Spatial bias",0.00386560964398086
5,28005,"P_age_00_14","Population 0-14",-0.00275214016437531
5,28005,"P_age_15_39","Population 15-39",0.0158806182444096
5,28005,"P_read_write","Literacy",-0.00348656764253974
5,28005,"P_cell_phone","Cell phone",-0.000597392558120191
5,28005,"P_internet","Internet",0.00539483362808824
5,28005,"P_poverty","Poverty",0.000609147595241666
5,28005,"bias_w","Spatial bias",0.0226013008505106
5,28006,"P_age_00_14","Population 0-14",0.0080192694440484
5,28006,"P_age_15_39","Population 15-39",0.00401342194527388
5,28006,"P_read_write","Literacy",0.00480404030531645
5,28006,"P_cell_phone","Cell phone",-0.000544527545571327
5,28006,"P_internet","Internet",0.00610067136585712
5,28006,"P_poverty","Poverty",0.00176811509300023
5,28006,"bias_w","Spatial bias",0.0216119196265936
5,28007,"P_age_00_14","Population 0-14",-0.00535442633554339
5,28007,"P_age_15_39","Population 15-39",0.00464215781539679
5,28007,"P_read_write","Literacy",-0.00551514467224479
5,28007,"P_cell_phone","Cell phone",-0.00269456370733678
5,28007,"P_internet","Internet",-0.000439842930063605
5,28007,"P_poverty","Poverty",0.00224378355778754
5,28007,"bias_w","Spatial bias",-0.0255698207765818
5,28008,"P_age_00_14","Population 0-14",0.0102259954437613
5,28008,"P_age_15_39","Population 15-39",0.004331283736974
5,28008,"P_read_write","Literacy",-0.00154148531146348
5,28008,"P_cell_phone","Cell phone",-0.000281095097307116
5,28008,"P_internet","Internet",0.00667385151609778
5,28008,"P_poverty","Poverty",0.00189395842608064
5,28008,"bias_w","Spatial bias",-0.0212879125028849
5,28010,"P_age_00_14","Population 0-14",-0.00328861828893423
5,28010,"P_age_15_39","Population 15-39",0.0155817065387964
5,28010,"P_read_write","Literacy",-0.00163208693265915
5,28010,"P_cell_phone","Cell phone",-0.00243558315560222
5,28010,"P_internet","Internet",0.00461049471050501
5,28010,"P_poverty","Poverty",0.000777178094722331
5,28010,"bias_w","Spatial bias",0.0223834179341793
5,28011,"P_age_00_14","Population 0-14",-0.00537102343514562
5,28011,"P_age_15_39","Population 15-39",0.00672018388286233
5,28011,"P_read_write","Literacy",-0.00218353373929858
5,28011,"P_cell_phone","Cell phone",-0.00260012154467404
5,28011,"P_internet","Internet",0.00524242222309113
5,28011,"P_poverty","Poverty",0.00123824924230576
5,28011,"bias_w","Spatial bias",-0.00610223319381475
5,28012,"P_age_00_14","Population 0-14",-0.00299236574210227
5,28012,"P_age_15_39","Population 15-39",0.00373395066708326
5,28012,"P_read_write","Literacy",-0.00203818338923156
5,28012,"P_cell_phone","Cell phone",-0.00285721523687243
5,28012,"P_internet","Internet",0.00187916588038206
5,28012,"P_poverty","Poverty",0.00206865184009075
5,28012,"bias_w","Spatial bias",-0.0070079299621284
5,28013,"P_age_00_14","Population 0-14",-0.00461154384538531
5,28013,"P_age_15_39","Population 15-39",0.00358297303318977
5,28013,"P_read_write","Literacy",-0.00432978663593531
5,28013,"P_cell_phone","Cell phone",-0.00272600958123803
5,28013,"P_internet","Internet",-0.00226461631245911
5,28013,"P_poverty","Poverty",0.000671945861540735
5,28013,"bias_w","Spatial bias",-0.00686258310452104
5,28014,"P_age_00_14","Population 0-14",-0.0100505640730262
5,28014,"P_age_15_39","Population 15-39",0.00699277734383941
5,28014,"P_read_write","Literacy",-0.00927469227463007
5,28014,"P_cell_phone","Cell phone",-0.00396248651668429
5,28014,"P_internet","Internet",-0.00762051809579134
5,28014,"P_poverty","Poverty",-0.00938801746815443
5,28014,"bias_w","Spatial bias",-0.0262180883437395
5,28015,"P_age_00_14","Population 0-14",-0.00368958222679794
5,28015,"P_age_15_39","Population 15-39",-0.00337340100668371
5,28015,"P_read_write","Literacy",-0.0035590510815382
5,28015,"P_cell_phone","Cell phone",0.0040571610443294
5,28015,"P_internet","Internet",-0.0061200731433928
5,28015,"P_poverty","Poverty",0.00209430791437626
5,28015,"bias_w","Spatial bias",-0.0257362350821495
5,28016,"P_age_00_14","Population 0-14",-0.00427102483808994
5,28016,"P_age_15_39","Population 15-39",0.0253649167716503
5,28016,"P_read_write","Literacy",-0.0033642693888396
5,28016,"P_cell_phone","Cell phone",-0.0027264985255897
5,28016,"P_internet","Internet",-0.00438061216846108
5,28016,"P_poverty","Poverty",0.00233648833818734
5,28016,"bias_w","Spatial bias",-0.00459673022851348
5,28017,"P_age_00_14","Population 0-14",-0.00238688010722399
5,28017,"P_age_15_39","Population 15-39",0.00379800936207175
5,28017,"P_read_write","Literacy",-0.00311537715606391
5,28017,"P_cell_phone","Cell phone",-0.000863447727169842
5,28017,"P_internet","Internet",0.00283723254688084
5,28017,"P_poverty","Poverty",0.00192310276906937
5,28017,"bias_w","Spatial bias",0.0173318441957235
5,28018,"P_age_00_14","Population 0-14",-0.00319486320950091
5,28018,"P_age_15_39","Population 15-39",0.0039523970335722
5,28018,"P_read_write","Literacy",-0.00387335661798716
5,28018,"P_cell_phone","Cell phone",-0.00115103390999138
5,28018,"P_internet","Internet",-5.98948572587688e-05
5,28018,"P_poverty","Poverty",0.00164797354955226
5,28018,"bias_w","Spatial bias",0.0200882814824581
5,28019,"P_age_00_14","Population 0-14",-0.00495848339051008
5,28019,"P_age_15_39","Population 15-39",0.0209709517657757
5,28019,"P_read_write","Literacy",-0.00151885813102126
5,28019,"P_cell_phone","Cell phone",-0.000579656800255179
5,28019,"P_internet","Internet",0.000435186899267137
5,28019,"P_poverty","Poverty",0.000879013969097286
5,28019,"bias_w","Spatial bias",0.00433872686699033
5,28020,"P_age_00_14","Population 0-14",-0.00392228504642844
5,28020,"P_age_15_39","Population 15-39",0.0242889784276485
5,28020,"P_read_write","Literacy",-0.00446103606373072
5,28020,"P_cell_phone","Cell phone",-0.000933552568312734
5,28020,"P_internet","Internet",-0.00809940323233604
5,28020,"P_poverty","Poverty",0.00215589534491301
5,28020,"bias_w","Spatial bias",-0.00556257087737322
5,28021,"P_age_00_14","Population 0-14",-0.00287419836968184
5,28021,"P_age_15_39","Population 15-39",0.00594280706718564
5,28021,"P_read_write","Literacy",-0.0038771650288254
5,28021,"P_cell_phone","Cell phone",0.000254431273788214
5,28021,"P_internet","Internet",-0.0069223870523274
5,28021,"P_poverty","Poverty",0.00225695478729904
5,28021,"bias_w","Spatial bias",-0.0185438562184572
5,28022,"P_age_00_14","Population 0-14",-0.00316458847373724
5,28022,"P_age_15_39","Population 15-39",-0.00359839457087219
5,28022,"P_read_write","Literacy",-0.00754121039062738
5,28022,"P_cell_phone","Cell phone",0.00709769455716014
5,28022,"P_internet","Internet",-0.00487596681341529
5,28022,"P_poverty","Poverty",-0.00233325315639377
5,28022,"bias_w","Spatial bias",-0.0104282889515162
5,28023,"P_age_00_14","Population 0-14",-0.00310703064315021
5,28023,"P_age_15_39","Population 15-39",0.0094974534586072
5,28023,"P_read_write","Literacy",-0.00274080689996481
5,28023,"P_cell_phone","Cell phone",0.00191500072833151
5,28023,"P_internet","Internet",0.00545022916048765
5,28023,"P_poverty","Poverty",0.000168726983247325
5,28023,"bias_w","Spatial bias",-0.00675859721377492
5,28024,"P_age_00_14","Population 0-14",-0.00749315461143851
5,28024,"P_age_15_39","Population 15-39",0.00820345524698496
5,28024,"P_read_write","Literacy",-0.00738425413146615
5,28024,"P_cell_phone","Cell phone",-0.00398031622171402
5,28024,"P_internet","Internet",-0.00489174760878086
5,28024,"P_poverty","Poverty",-0.00477763498201966
5,28024,"bias_w","Spatial bias",-0.00540847843512893
5,28025,"P_age_00_14","Population 0-14",-0.00724818743765354
5,28025,"P_age_15_39","Population 15-39",-0.00312998425215483
5,28025,"P_read_write","Literacy",-0.00472119497135282
5,28025,"P_cell_phone","Cell phone",0.00603213673457503
5,28025,"P_internet","Internet",-0.00318319071084261
5,28025,"P_poverty","Poverty",0.00203030253760517
5,28025,"bias_w","Spatial bias",-0.0282468684017658
5,28026,"P_age_00_14","Population 0-14",0.00719298608601093
5,28026,"P_age_15_39","Population 15-39",0.00410919869318604
5,28026,"P_read_write","Literacy",0.00386112625710666
5,28026,"P_cell_phone","Cell phone",-0.000579884683247656
5,28026,"P_internet","Internet",0.00431080535054207
5,28026,"P_poverty","Poverty",0.00149086641613394
5,28026,"bias_w","Spatial bias",0.0229040309786797
5,28027,"P_age_00_14","Population 0-14",-0.00260838307440281
5,28027,"P_age_15_39","Population 15-39",-0.00388081138953567
5,28027,"P_read_write","Literacy",-0.00722246617078781
5,28027,"P_cell_phone","Cell phone",0.0107156094163656
5,28027,"P_internet","Internet",-0.00343291205354035
5,28027,"P_poverty","Poverty",-0.00376197881996632
5,28027,"bias_w","Spatial bias",-0.0263879988342524
5,28028,"P_age_00_14","Population 0-14",-0.00235200836323202
5,28028,"P_age_15_39","Population 15-39",0.0053175613284111
5,28028,"P_read_write","Literacy",-0.00319469231180847
5,28028,"P_cell_phone","Cell phone",0.00217460747808218
5,28028,"P_internet","Internet",-0.00745267327874899
5,28028,"P_poverty","Poverty",0.00176452868618071
5,28028,"bias_w","Spatial bias",-0.00870572030544281
5,28029,"P_age_00_14","Population 0-14",-0.00284648244269192
5,28029,"P_age_15_39","Population 15-39",0.0102745564654469
5,28029,"P_read_write","Literacy",-0.00229554530233145
5,28029,"P_cell_phone","Cell phone",-0.00272341258823872
5,28029,"P_internet","Internet",-0.00798642728477716
5,28029,"P_poverty","Poverty",0.00216177478432655
5,28029,"bias_w","Spatial bias",-0.00298776384443045
5,28030,"P_age_00_14","Population 0-14",-0.00327151035889983
5,28030,"P_age_15_39","Population 15-39",0.00704437308013439
5,28030,"P_read_write","Literacy",-0.00313765788450837
5,28030,"P_cell_phone","Cell phone",-0.00339655671268702
5,28030,"P_internet","Internet",0.00216435105539858
5,28030,"P_poverty","Poverty",0.00318313157185912
5,28030,"bias_w","Spatial bias",-0.0232847239822149
5,28031,"P_age_00_14","Population 0-14",-0.00261296983808279
5,28031,"P_age_15_39","Population 15-39",0.0111339250579476
5,28031,"P_read_write","Literacy",-0.00270875683054328
5,28031,"P_cell_phone","Cell phone",-0.00114300544373691
5,28031,"P_internet","Internet",-0.00475660432130098
5,28031,"P_poverty","Poverty",0.000683274178300053
5,28031,"bias_w","Spatial bias",0.0203919261693954
5,28032,"P_age_00_14","Population 0-14",-0.00275310152210295
5,28032,"P_age_15_39","Population 15-39",-0.00518883904442191
5,28032,"P_read_write","Literacy",-0.0047526634298265
5,28032,"P_cell_phone","Cell phone",0.0119583494961262
5,28032,"P_internet","Internet",-0.00274747842922807
5,28032,"P_poverty","Poverty",-0.0029535514768213
5,28032,"bias_w","Spatial bias",-0.0294139590114355
5,28033,"P_age_00_14","Population 0-14",-0.00317149073816836
5,28033,"P_age_15_39","Population 15-39",-0.0027626424562186
5,28033,"P_read_write","Literacy",-0.00422063656151295
5,28033,"P_cell_phone","Cell phone",0.00398141564801335
5,28033,"P_internet","Internet",-0.00606463104486465
5,28033,"P_poverty","Poverty",0.0013545952970162
5,28033,"bias_w","Spatial bias",-0.0102413315325975
5,28034,"P_age_00_14","Population 0-14",-0.00430897250771523
5,28034,"P_age_15_39","Population 15-39",0.0175469722598791
5,28034,"P_read_write","Literacy",-0.00355781568214297
5,28034,"P_cell_phone","Cell phone",-0.00107051606755704
5,28034,"P_internet","Internet",0.00632794992998242
5,28034,"P_poverty","Poverty",0.00174113316461444
5,28034,"bias_w","Spatial bias",0.0255789794027805
5,28035,"P_age_00_14","Population 0-14",-0.00217725336551666
5,28035,"P_age_15_39","Population 15-39",0.00255804345943034
5,28035,"P_read_write","Literacy",-0.00349601195193827
5,28035,"P_cell_phone","Cell phone",0.00117065280210227
5,28035,"P_internet","Internet",-0.004952238406986
5,28035,"P_poverty","Poverty",0.00150479713920504
5,28035,"bias_w","Spatial bias",0.0150390351191163
5,28036,"P_age_00_14","Population 0-14",-0.00297931954264641
5,28036,"P_age_15_39","Population 15-39",0.00320103857666254
5,28036,"P_read_write","Literacy",-0.00224859127774835
5,28036,"P_cell_phone","Cell phone",-0.00277458573691547
5,28036,"P_internet","Internet",0.00596970692276955
5,28036,"P_poverty","Poverty",0.0016407435759902
5,28036,"bias_w","Spatial bias",0.0281136352568865
5,28037,"P_age_00_14","Population 0-14",-0.00344089209102094
5,28037,"P_age_15_39","Population 15-39",0.00277456897310913
5,28037,"P_read_write","Literacy",-0.00233239028602839
5,28037,"P_cell_phone","Cell phone",-0.00271825166419148
5,28037,"P_internet","Internet",-0.00771178444847465
5,28037,"P_poverty","Poverty",0.00129111087881029
5,28037,"bias_w","Spatial bias",0.0177259668707848
5,28038,"P_age_00_14","Population 0-14",-0.00504925241693854
5,28038,"P_age_15_39","Population 15-39",-0.00450867554172873
5,28038,"P_read_write","Literacy",-0.00601290306076407
5,28038,"P_cell_phone","Cell phone",0.0127184242010117
5,28038,"P_internet","Internet",-0.00470957718789577
5,28038,"P_poverty","Poverty",-0.00394932646304369
5,28038,"bias_w","Spatial bias",-0.0244849268347025
5,28039,"P_age_00_14","Population 0-14",0.00727846380323172
5,28039,"P_age_15_39","Population 15-39",0.00281155318953097
5,28039,"P_read_write","Literacy",-0.00176213984377682
5,28039,"P_cell_phone","Cell phone",-0.000614080636296421
5,28039,"P_internet","Internet",0.00549691589549184
5,28039,"P_poverty","Poverty",0.00139831134583801
5,28039,"bias_w","Spatial bias",0.0188445076346397
5,28040,"P_age_00_14","Population 0-14",-0.00361223728395998
5,28040,"P_age_15_39","Population 15-39",-0.00324076134711504
5,28040,"P_read_write","Literacy",-0.00394616508856416
5,28040,"P_cell_phone","Cell phone",0.0041778702288866
5,28040,"P_internet","Internet",-0.00739877484738827
5,28040,"P_poverty","Poverty",0.00130525731947273
5,28040,"bias_w","Spatial bias",-0.00874136481434107
5,28041,"P_age_00_14","Population 0-14",-0.00453401543200016
5,28041,"P_age_15_39","Population 15-39",-0.00365012674592435
5,28041,"P_read_write","Literacy",-0.00793939922004938
5,28041,"P_cell_phone","Cell phone",0.0110129388049245
5,28041,"P_internet","Internet",-0.00461533619090915
5,28041,"P_poverty","Poverty",-0.00287097319960594
5,28041,"bias_w","Spatial bias",-0.0237262398004532
5,28042,"P_age_00_14","Population 0-14",-0.00244921073317528
5,28042,"P_age_15_39","Population 15-39",0.0222632922232151
5,28042,"P_read_write","Literacy",-0.00603066338226199
5,28042,"P_cell_phone","Cell phone",-0.000966164865531027
5,28042,"P_internet","Internet",0.00155785633251071
5,28042,"P_poverty","Poverty",0.00161541986744851
5,28042,"bias_w","Spatial bias",0.0182352568954229
5,28043,"P_age_00_14","Population 0-14",-0.00468922546133399
5,28043,"P_age_15_39","Population 15-39",0.00686153303831816
5,28043,"P_read_write","Literacy",-0.00275615765713155
5,28043,"P_cell_phone","Cell phone",-0.00472273584455252
5,28043,"P_internet","Internet",-7.76337765273638e-05
5,28043,"P_poverty","Poverty",-0.0087516950443387
5,28043,"bias_w","Spatial bias",0.00263232598081231
5,29003,"P_age_00_14","Population 0-14",-0.00267273164354265
5,29003,"P_age_15_39","Population 15-39",-0.0121967904269695
5,29003,"P_read_write","Literacy",-0.00438246037811041
5,29003,"P_cell_phone","Cell phone",-0.0072925272397697
5,29003,"P_internet","Internet",0.0122361509129405
5,29003,"P_poverty","Poverty",0.00321762124076486
5,29003,"bias_w","Spatial bias",-0.0833896994590759
5,29004,"P_age_00_14","Population 0-14",-0.00328415841795504
5,29004,"P_age_15_39","Population 15-39",-0.00370067195035517
5,29004,"P_read_write","Literacy",-0.00279213255271316
5,29004,"P_cell_phone","Cell phone",-0.0010041231289506
5,29004,"P_internet","Internet",0.00590332597494125
5,29004,"P_poverty","Poverty",0.00260159792378545
5,29004,"bias_w","Spatial bias",0.0218816418200731
5,29007,"P_age_00_14","Population 0-14",0.0118104703724384
5,29007,"P_age_15_39","Population 15-39",-0.00240031071007252
5,29007,"P_read_write","Literacy",0.00462487200275064
5,29007,"P_cell_phone","Cell phone",-0.000347463239450008
5,29007,"P_internet","Internet",0.00597310485318303
5,29007,"P_poverty","Poverty",0.00204776832833886
5,29007,"bias_w","Spatial bias",0.00793715938925743
5,29008,"P_age_00_14","Population 0-14",0.0011684704804793
5,29008,"P_age_15_39","Population 15-39",-0.00347687886096537
5,29008,"P_read_write","Literacy",-0.00251769530586898
5,29008,"P_cell_phone","Cell phone",-0.000239309127209708
5,29008,"P_internet","Internet",0.00542051531374454
5,29008,"P_poverty","Poverty",0.00242695305496454
5,29008,"bias_w","Spatial bias",0.00763231702148914
5,29010,"P_age_00_14","Population 0-14",-0.00409799488261342
5,29010,"P_age_15_39","Population 15-39",-0.000876174890436232
5,29010,"P_read_write","Literacy",-0.00984275341033936
5,29010,"P_cell_phone","Cell phone",-0.0108391996473074
5,29010,"P_internet","Internet",-0.0107725383713841
5,29010,"P_poverty","Poverty",0.0044611319899559
5,29010,"bias_w","Spatial bias",-0.0706610679626465
5,29013,"P_age_00_14","Population 0-14",-0.000169685547007248
5,29013,"P_age_15_39","Population 15-39",-0.00267562409862876
5,29013,"P_read_write","Literacy",-0.0051327059045434
5,29013,"P_cell_phone","Cell phone",-0.000303673732560128
5,29013,"P_internet","Internet",-0.00386230740696192
5,29013,"P_poverty","Poverty",0.00423344969749451
5,29013,"bias_w","Spatial bias",-0.0245312042534351
5,29014,"P_age_00_14","Population 0-14",-0.00481030531227589
5,29014,"P_age_15_39","Population 15-39",-0.00972421746701002
5,29014,"P_read_write","Literacy",-0.0031304769217968
5,29014,"P_cell_phone","Cell phone",-0.00490290531888604
5,29014,"P_internet","Internet",-0.00504094688221812
5,29014,"P_poverty","Poverty",0.0035191411152482
5,29014,"bias_w","Spatial bias",-0.0708554089069366
5,29015,"P_age_00_14","Population 0-14",-0.00582487555220723
5,29015,"P_age_15_39","Population 15-39",-0.00355046382173896
5,29015,"P_read_write","Literacy",-0.00763728888705373
5,29015,"P_cell_phone","Cell phone",-0.0010493352310732
5,29015,"P_internet","Internet",-0.00414662668481469
5,29015,"P_poverty","Poverty",0.00406692828983068
5,29015,"bias_w","Spatial bias",-0.0256631541997194
5,29023,"P_age_00_14","Population 0-14",-0.0042359521612525
5,29023,"P_age_15_39","Population 15-39",-0.00486722309142351
5,29023,"P_read_write","Literacy",-0.00750301219522953
5,29023,"P_cell_phone","Cell phone",-0.00292413961142302
5,29023,"P_internet","Internet",-0.00493284268304706
5,29023,"P_poverty","Poverty",0.00398967927321792
5,29023,"bias_w","Spatial bias",-0.0341738574206829
5,29025,"P_age_00_14","Population 0-14",0.007812166120857
5,29025,"P_age_15_39","Population 15-39",-0.00567837851122022
5,29025,"P_read_write","Literacy",-0.003821752499789
5,29025,"P_cell_phone","Cell phone",8.06910793471616e-06
5,29025,"P_internet","Internet",-0.00818927492946386
5,29025,"P_poverty","Poverty",0.0025467392988503
5,29025,"bias_w","Spatial bias",-0.0146506195887923
5,29026,"P_age_00_14","Population 0-14",-0.00347740715369582
5,29026,"P_age_15_39","Population 15-39",-0.00331893260590732
5,29026,"P_read_write","Literacy",-0.0092293806374073
5,29026,"P_cell_phone","Cell phone",0.00230923923663795
5,29026,"P_internet","Internet",-0.00624667899683118
5,29026,"P_poverty","Poverty",0.00195142719894648
5,29026,"bias_w","Spatial bias",-0.0309130288660526
5,29030,"P_age_00_14","Population 0-14",0.0122653478756547
5,29030,"P_age_15_39","Population 15-39",-0.00439251819625497
5,29030,"P_read_write","Literacy",-0.00210831873118877
5,29030,"P_cell_phone","Cell phone",-0.00118606560863554
5,29030,"P_internet","Internet",0.00572910392656922
5,29030,"P_poverty","Poverty",0.00211571203544736
5,29030,"bias_w","Spatial bias",-0.00789118092507124
5,29031,"P_age_00_14","Population 0-14",-0.00364928436465561
5,29031,"P_age_15_39","Population 15-39",-0.00172738276887685
5,29031,"P_read_write","Literacy",-0.0105208791792393
5,29031,"P_cell_phone","Cell phone",0.00140598125290126
5,29031,"P_internet","Internet",-0.00431600492447615
5,29031,"P_poverty","Poverty",0.00322478171437979
5,29031,"bias_w","Spatial bias",-0.0641143098473549
5,29033,"P_age_00_14","Population 0-14",-0.00597199518233538
5,29033,"P_age_15_39","Population 15-39",-0.00465576630085707
5,29033,"P_read_write","Literacy",-0.00987953320145607
5,29033,"P_cell_phone","Cell phone",0.0354020521044731
5,29033,"P_internet","Internet",-0.00605402467772365
5,29033,"P_poverty","Poverty",-0.00338405324146152
5,29033,"bias_w","Spatial bias",-0.0653923526406288
5,29034,"P_age_00_14","Population 0-14",0.0127133401110768
5,29034,"P_age_15_39","Population 15-39",-0.0033105150796473
5,29034,"P_read_write","Literacy",3.02783446386456e-05
5,29034,"P_cell_phone","Cell phone",-0.00475177075713873
5,29034,"P_internet","Internet",0.0121814534068108
5,29034,"P_poverty","Poverty",0.0034544060472399
5,29034,"bias_w","Spatial bias",-0.0725337937474251
5,29037,"P_age_00_14","Population 0-14",0.0123710101470351
5,29037,"P_age_15_39","Population 15-39",-0.0044410084374249
5,29037,"P_read_write","Literacy",0.00384560599923134
5,29037,"P_cell_phone","Cell phone",-0.00135014555417001
5,29037,"P_internet","Internet",0.00264800665900111
5,29037,"P_poverty","Poverty",0.0018510416848585
5,29037,"bias_w","Spatial bias",-0.0060620722360909
5,29039,"P_age_00_14","Population 0-14",-0.000549614196643233
5,29039,"P_age_15_39","Population 15-39",-0.000876752426847816
5,29039,"P_read_write","Literacy",-0.0136205516755581
5,29039,"P_cell_phone","Cell phone",-0.00912181288003922
5,29039,"P_internet","Internet",-0.00336164818145335
5,29039,"P_poverty","Poverty",0.00483182072639465
5,29039,"bias_w","Spatial bias",-0.0857903584837914
5,29040,"P_age_00_14","Population 0-14",-0.00503966677933931
5,29040,"P_age_15_39","Population 15-39",-0.0121928099542856
5,29040,"P_read_write","Literacy",-0.0192735660821199
5,29040,"P_cell_phone","Cell phone",-0.0120035521686077
5,29040,"P_internet","Internet",0.003341716947034
5,29040,"P_poverty","Poverty",0.00352253555320203
5,29040,"bias_w","Spatial bias",-0.0968747660517693
5,29046,"P_age_00_14","Population 0-14",0.0133423060178757
5,29046,"P_age_15_39","Population 15-39",-0.00325002474710345
5,29046,"P_read_write","Literacy",-0.00167785619851202
5,29046,"P_cell_phone","Cell phone",-0.000828392338007689
5,29046,"P_internet","Internet",0.00264982879161835
5,29046,"P_poverty","Poverty",0.00164545583538711
5,29046,"bias_w","Spatial bias",-0.00592721346765757
5,29050,"P_age_00_14","Population 0-14",-0.00331637333147228
5,29050,"P_age_15_39","Population 15-39",4.52960739494301e-05
5,29050,"P_read_write","Literacy",-0.00756629183888435
5,29050,"P_cell_phone","Cell phone",-0.00994511321187019
5,29050,"P_internet","Internet",-0.014025111682713
5,29050,"P_poverty","Poverty",0.00491287605836987
5,29050,"bias_w","Spatial bias",-0.0682755336165428
5,29052,"P_age_00_14","Population 0-14",-0.00761356996372342
5,29052,"P_age_15_39","Population 15-39",-0.00735310046002269
5,29052,"P_read_write","Literacy",-0.0072053037583828
5,29052,"P_cell_phone","Cell phone",-0.00371274491772056
5,29052,"P_internet","Internet",0.002995899412781
5,29052,"P_poverty","Poverty",-0.0022909352555871
5,29052,"bias_w","Spatial bias",-0.051668006926775
5,30003,"P_age_00_14","Population 0-14",-0.00428573274984956
5,30003,"P_age_15_39","Population 15-39",-0.00215791864320636
5,30003,"P_read_write","Literacy",0.00364792183972895
5,30003,"P_cell_phone","Cell phone",-0.00099391583353281
5,30003,"P_internet","Internet",-0.00451792916283011
5,30003,"P_poverty","Poverty",0.00289584649726748
5,30003,"bias_w","Spatial bias",0.0191111136227846
5,30004,"P_age_00_14","Population 0-14",-0.00741710513830185
5,30004,"P_age_15_39","Population 15-39",0.00514575419947505
5,30004,"P_read_write","Literacy",0.00328733981586993
5,30004,"P_cell_phone","Cell phone",-0.00183066527824849
5,30004,"P_internet","Internet",-0.00426987977698445
5,30004,"P_poverty","Poverty",0.000948983943089843
5,30004,"bias_w","Spatial bias",-0.00482751941308379
5,30005,"P_age_00_14","Population 0-14",-0.00568306213244796
5,30005,"P_age_15_39","Population 15-39",0.00677016656845808
5,30005,"P_read_write","Literacy",0.00415762001648545
5,30005,"P_cell_phone","Cell phone",-0.000828058458864689
5,30005,"P_internet","Internet",0.00657480861991644
5,30005,"P_poverty","Poverty",0.00145379640161991
5,30005,"bias_w","Spatial bias",0.00606782082468271
5,30006,"P_age_00_14","Population 0-14",0.00830903649330139
5,30006,"P_age_15_39","Population 15-39",-0.00278868665918708
5,30006,"P_read_write","Literacy",0.00487316958606243
5,30006,"P_cell_phone","Cell phone",-0.00105336692649871
5,30006,"P_internet","Internet",0.00616060988977551
5,30006,"P_poverty","Poverty",0.00212564994581044
5,30006,"bias_w","Spatial bias",0.0181388296186924
5,30007,"P_age_00_14","Population 0-14",-0.00480331527069211
5,30007,"P_age_15_39","Population 15-39",0.00443260604515672
5,30007,"P_read_write","Literacy",0.00410522148013115
5,30007,"P_cell_phone","Cell phone",-0.00145900237839669
5,30007,"P_internet","Internet",0.00554134510457516
5,30007,"P_poverty","Poverty",0.00099604856222868
5,30007,"bias_w","Spatial bias",0.0208234656602144
5,30008,"P_age_00_14","Population 0-14",0.0112669477239251
5,30008,"P_age_15_39","Population 15-39",-0.00211365567520261
5,30008,"P_read_write","Literacy",0.00512704765424132
5,30008,"P_cell_phone","Cell phone",-0.00122772541362792
5,30008,"P_internet","Internet",0.00329116522334516
5,30008,"P_poverty","Poverty",0.00189703318756074
5,30008,"bias_w","Spatial bias",0.0240387450903654
5,30009,"P_age_00_14","Population 0-14",-0.00738578988239169
5,30009,"P_age_15_39","Population 15-39",0.00537393242120743
5,30009,"P_read_write","Literacy",0.0030418005771935
5,30009,"P_cell_phone","Cell phone",-0.00182706816121936
5,30009,"P_internet","Internet",-0.00651816604658961
5,30009,"P_poverty","Poverty",0.00119096401613206
5,30009,"bias_w","Spatial bias",0.0187690332531929
5,30010,"P_age_00_14","Population 0-14",0.0104068499058485
5,30010,"P_age_15_39","Population 15-39",-0.00304971099831164
5,30010,"P_read_write","Literacy",0.00519716693088412
5,30010,"P_cell_phone","Cell phone",-0.00132567808032036
5,30010,"P_internet","Internet",0.0012320150854066
5,30010,"P_poverty","Poverty",0.00186178600415587
5,30010,"bias_w","Spatial bias",-0.0025835670530796
5,30011,"P_age_00_14","Population 0-14",-0.00832492858171463
5,30011,"P_age_15_39","Population 15-39",-0.0084000900387764
5,30011,"P_read_write","Literacy",-0.00154891086276621
5,30011,"P_cell_phone","Cell phone",-0.00837733503431082
5,30011,"P_internet","Internet",-0.00776439579203725
5,30011,"P_poverty","Poverty",-0.0192595571279526
5,30011,"bias_w","Spatial bias",0.0197097416967154
5,30012,"P_age_00_14","Population 0-14",-0.00943529698997736
5,30012,"P_age_15_39","Population 15-39",0.00555327953770757
5,30012,"P_read_write","Literacy",0.0035379168111831
5,30012,"P_cell_phone","Cell phone",-0.00134696892928332
5,30012,"P_internet","Internet",0.00488976016640663
5,30012,"P_poverty","Poverty",0.000508514989633113
5,30012,"bias_w","Spatial bias",-0.00546121783554554
5,30013,"P_age_00_14","Population 0-14",-0.00309919426217675
5,30013,"P_age_15_39","Population 15-39",0.0056048477999866
5,30013,"P_read_write","Literacy",-0.00423176819458604
5,30013,"P_cell_phone","Cell phone",-0.00229692016728222
5,30013,"P_internet","Internet",-0.00844386592507362
5,30013,"P_poverty","Poverty",0.00150461390148848
5,30013,"bias_w","Spatial bias",0.0237635970115662
5,30014,"P_age_00_14","Population 0-14",-0.00692829769104719
5,30014,"P_age_15_39","Population 15-39",-0.00472515868023038
5,30014,"P_read_write","Literacy",-0.00284908362664282
5,30014,"P_cell_phone","Cell phone",-0.00205114367417991
5,30014,"P_internet","Internet",-0.00810811668634415
5,30014,"P_poverty","Poverty",0.00306756794452667
5,30014,"bias_w","Spatial bias",-0.00216040969826281
5,30015,"P_age_00_14","Population 0-14",-0.00856709852814674
5,30015,"P_age_15_39","Population 15-39",0.00589879462495446
5,30015,"P_read_write","Literacy",0.00351924193091691
5,30015,"P_cell_phone","Cell phone",-0.00146495993249118
5,30015,"P_internet","Internet",-0.00460897665470839
5,30015,"P_poverty","Poverty",0.00162142084445804
5,30015,"bias_w","Spatial bias",0.00562355387955904
5,30016,"P_age_00_14","Population 0-14",-0.00475046643987298
5,30016,"P_age_15_39","Population 15-39",-0.00376102142035961
5,30016,"P_read_write","Literacy",-0.00365767348557711
5,30016,"P_cell_phone","Cell phone",0.0029818972107023
5,30016,"P_internet","Internet",-0.00690131820738316
5,30016,"P_poverty","Poverty",0.00304024457000196
5,30016,"bias_w","Spatial bias",-0.0231730565428734
5,30017,"P_age_00_14","Population 0-14",-0.00550593063235283
5,30017,"P_age_15_39","Population 15-39",0.00535516999661922
5,30017,"P_read_write","Literacy",-0.00234498921781778
5,30017,"P_cell_phone","Cell phone",-0.00167013984173536
5,30017,"P_internet","Internet",0.00187099876347929
5,30017,"P_poverty","Poverty",0.000890603521838784
5,30017,"bias_w","Spatial bias",0.00353167811408639
5,30020,"P_age_00_14","Population 0-14",0.011965174227953
5,30020,"P_age_15_39","Population 15-39",-0.014581254683435
5,30020,"P_read_write","Literacy",0.00811608973890543
5,30020,"P_cell_phone","Cell phone",-0.00182405638042837
5,30020,"P_internet","Internet",0.00740110361948609
5,30020,"P_poverty","Poverty",0.00261544273234904
5,30020,"bias_w","Spatial bias",0.0260425880551338
5,30021,"P_age_00_14","Population 0-14",-0.00651274621486664
5,30021,"P_age_15_39","Population 15-39",-0.00490331696346402
5,30021,"P_read_write","Literacy",-0.00274243741296232
5,30021,"P_cell_phone","Cell phone",-0.000776768196374178
5,30021,"P_internet","Internet",-0.00450023263692856
5,30021,"P_poverty","Poverty",0.00313038844615221
5,30021,"bias_w","Spatial bias",-0.00346825434826314
5,30022,"P_age_00_14","Population 0-14",-0.0031341640278697
5,30022,"P_age_15_39","Population 15-39",-0.00441430089995265
5,30022,"P_read_write","Literacy",0.00499386293813586
5,30022,"P_cell_phone","Cell phone",-0.00144861720036715
5,30022,"P_internet","Internet",0.000477830762974918
5,30022,"P_poverty","Poverty",0.00234141107648611
5,30022,"bias_w","Spatial bias",0.00776102393865585
5,30023,"P_age_00_14","Population 0-14",-0.00294133997522295
5,30023,"P_age_15_39","Population 15-39",-0.0029319915920496
5,30023,"P_read_write","Literacy",0.00480522960424423
5,30023,"P_cell_phone","Cell phone",-0.00134088657796383
5,30023,"P_internet","Internet",0.00592466909438372
5,30023,"P_poverty","Poverty",0.00238625309430063
5,30023,"bias_w","Spatial bias",0.0198117215186357
5,30024,"P_age_00_14","Population 0-14",-0.00259980512782931
5,30024,"P_age_15_39","Population 15-39",-0.00353202736005187
5,30024,"P_read_write","Literacy",0.00422846851870418
5,30024,"P_cell_phone","Cell phone",-0.000989109394140542
5,30024,"P_internet","Internet",0.00597137631848454
5,30024,"P_poverty","Poverty",0.00214281026273966
5,30024,"bias_w","Spatial bias",0.0194060374051332
5,30025,"P_age_00_14","Population 0-14",0.0162842385470867
5,30025,"P_age_15_39","Population 15-39",0.00219901907257736
5,30025,"P_read_write","Literacy",0.00606509204953909
5,30025,"P_cell_phone","Cell phone",-0.000770216924138367
5,30025,"P_internet","Internet",0.00737815629690886
5,30025,"P_poverty","Poverty",0.00245726946741343
5,30025,"bias_w","Spatial bias",0.00957375951111317
5,30027,"P_age_00_14","Population 0-14",-0.00306433369405568
5,30027,"P_age_15_39","Population 15-39",0.0036284988746047
5,30027,"P_read_write","Literacy",0.00506845442578197
5,30027,"P_cell_phone","Cell phone",-0.00329290656372905
5,30027,"P_internet","Internet",0.00740927457809448
5,30027,"P_poverty","Poverty",0.00179478409700096
5,30027,"bias_w","Spatial bias",0.0277409292757511
5,30028,"P_age_00_14","Population 0-14",-0.00734612112864852
5,30028,"P_age_15_39","Population 15-39",-0.00709681771695614
5,30028,"P_read_write","Literacy",-0.00739447213709354
5,30028,"P_cell_phone","Cell phone",0.0243244618177414
5,30028,"P_internet","Internet",-0.0051009776070714
5,30028,"P_poverty","Poverty",0.00198947009630501
5,30028,"bias_w","Spatial bias",-0.0570160187780857
5,30031,"P_age_00_14","Population 0-14",-0.00347094843164086
5,30031,"P_age_15_39","Population 15-39",-0.00313830026425421
5,30031,"P_read_write","Literacy",0.00434758560732007
5,30031,"P_cell_phone","Cell phone",-0.00116337661165744
5,30031,"P_internet","Internet",0.00603003334254026
5,30031,"P_poverty","Poverty",0.00254864734597504
5,30031,"bias_w","Spatial bias",0.0186066888272762
5,30032,"P_age_00_14","Population 0-14",-0.00268159853294492
5,30032,"P_age_15_39","Population 15-39",-0.00280727562494576
5,30032,"P_read_write","Literacy",0.00405743205919862
5,30032,"P_cell_phone","Cell phone",-0.0018247376428917
5,30032,"P_internet","Internet",-0.00588576542213559
5,30032,"P_poverty","Poverty",0.00299300299957395
5,30032,"bias_w","Spatial bias",0.0244810879230499
5,30033,"P_age_00_14","Population 0-14",-0.00301174120977521
5,30033,"P_age_15_39","Population 15-39",0.00303394696675241
5,30033,"P_read_write","Literacy",0.00436889426782727
5,30033,"P_cell_phone","Cell phone",-0.0011404522228986
5,30033,"P_internet","Internet",0.00665847910568118
5,30033,"P_poverty","Poverty",0.00228867190890014
5,30033,"bias_w","Spatial bias",-0.00276984111405909
5,30034,"P_age_00_14","Population 0-14",-0.00494324881583452
5,30034,"P_age_15_39","Population 15-39",0.00530755985528231
5,30034,"P_read_write","Literacy",-0.00248763640411198
5,30034,"P_cell_phone","Cell phone",-0.00228875619359314
5,30034,"P_internet","Internet",-0.00888877175748348
5,30034,"P_poverty","Poverty",0.00200196728110313
5,30034,"bias_w","Spatial bias",0.0199659056961536
5,30035,"P_age_00_14","Population 0-14",-0.00191436894237995
5,30035,"P_age_15_39","Population 15-39",0.0106021147221327
5,30035,"P_read_write","Literacy",0.00444471044465899
5,30035,"P_cell_phone","Cell phone",-0.00133194972295314
5,30035,"P_internet","Internet",0.00725684966892004
5,30035,"P_poverty","Poverty",0.00184703595004976
5,30035,"bias_w","Spatial bias",0.0251315850764513
5,30037,"P_age_00_14","Population 0-14",0.0115050273016095
5,30037,"P_age_15_39","Population 15-39",-0.00152048049494624
5,30037,"P_read_write","Literacy",0.00787442550063133
5,30037,"P_cell_phone","Cell phone",-0.00106289016548544
5,30037,"P_internet","Internet",0.00721598882228136
5,30037,"P_poverty","Poverty",0.00285484292544425
5,30037,"bias_w","Spatial bias",0.0308784041553736
5,30038,"P_age_00_14","Population 0-14",-0.00608706846833229
5,30038,"P_age_15_39","Population 15-39",-0.0034645979758352
5,30038,"P_read_write","Literacy",-0.0020145105663687
5,30038,"P_cell_phone","Cell phone",-0.00153640122152865
5,30038,"P_internet","Internet",-0.0076260301284492
5,30038,"P_poverty","Poverty",0.00367942312732339
5,30038,"bias_w","Spatial bias",-0.0262735728174448
5,30039,"P_age_00_14","Population 0-14",-0.00447003124281764
5,30039,"P_age_15_39","Population 15-39",-0.00414218148216605
5,30039,"P_read_write","Literacy",-0.00575603963807225
5,30039,"P_cell_phone","Cell phone",0.0210344176739454
5,30039,"P_internet","Internet",-0.00757159199565649
5,30039,"P_poverty","Poverty",0.00259649148210883
5,30039,"bias_w","Spatial bias",-0.0467343702912331
5,30040,"P_age_00_14","Population 0-14",-0.00455207051709294
5,30040,"P_age_15_39","Population 15-39",-0.00231231562793255
5,30040,"P_read_write","Literacy",-0.00251078396104276
5,30040,"P_cell_phone","Cell phone",-0.00194131699390709
5,30040,"P_internet","Internet",-0.00769828213378787
5,30040,"P_poverty","Poverty",0.00283745466731489
5,30040,"bias_w","Spatial bias",0.0202248338609934
5,30042,"P_age_00_14","Population 0-14",-0.00359415356069803
5,30042,"P_age_15_39","Population 15-39",0.00472330348566175
5,30042,"P_read_write","Literacy",0.00364688877016306
5,30042,"P_cell_phone","Cell phone",-0.00134547322522849
5,30042,"P_internet","Internet",0.000484516145661473
5,30042,"P_poverty","Poverty",0.00140830664895475
5,30042,"bias_w","Spatial bias",0.0178966261446476
5,30043,"P_age_00_14","Population 0-14",-0.00363780627958477
5,30043,"P_age_15_39","Population 15-39",-0.00331744272261858
5,30043,"P_read_write","Literacy",0.00520395347848535
5,30043,"P_cell_phone","Cell phone",-0.00099614285863936
5,30043,"P_internet","Internet",0.00635721022263169
5,30043,"P_poverty","Poverty",0.00314239831641316
5,30043,"bias_w","Spatial bias",0.0194990467280149
5,30044,"P_age_00_14","Population 0-14",-0.0044398452155292
5,30044,"P_age_15_39","Population 15-39",-0.00284251128323376
5,30044,"P_read_write","Literacy",-0.00469260569661856
5,30044,"P_cell_phone","Cell phone",2.75232559943106e-06
5,30044,"P_internet","Internet",-0.00635557156056166
5,30044,"P_poverty","Poverty",0.0033686759416014
5,30044,"bias_w","Spatial bias",-0.0240296367555857
5,30045,"P_age_00_14","Population 0-14",-0.00689958687871695
5,30045,"P_age_15_39","Population 15-39",0.00563606759533286
5,30045,"P_read_write","Literacy",0.000574138248339295
5,30045,"P_cell_phone","Cell phone",-0.00188183423597366
5,30045,"P_internet","Internet",-0.00581340305507183
5,30045,"P_poverty","Poverty",0.00176441355142742
5,30045,"bias_w","Spatial bias",-0.000495165993925184
5,30046,"P_age_00_14","Population 0-14",-0.00496661104261875
5,30046,"P_age_15_39","Population 15-39",-0.00379688432440162
5,30046,"P_read_write","Literacy",0.0047392169944942
5,30046,"P_cell_phone","Cell phone",-0.00165620073676109
5,30046,"P_internet","Internet",0.00703751714900136
5,30046,"P_poverty","Poverty",0.00238995510153472
5,30046,"bias_w","Spatial bias",0.0212656650692225
5,30047,"P_age_00_14","Population 0-14",0.0162930265069008
5,30047,"P_age_15_39","Population 15-39",-0.00249442528001964
5,30047,"P_read_write","Literacy",0.00900179892778397
5,30047,"P_cell_phone","Cell phone",-0.00125909526832402
5,30047,"P_internet","Internet",0.00569358887150884
5,30047,"P_poverty","Poverty",0.00137416948564351
5,30047,"bias_w","Spatial bias",-0.0329086109995842
5,30048,"P_age_00_14","Population 0-14",-0.00590859493240714
5,30048,"P_age_15_39","Population 15-39",-0.0026885331608355
5,30048,"P_read_write","Literacy",-0.00259141810238361
5,30048,"P_cell_phone","Cell phone",0.00473188096657395
5,30048,"P_internet","Internet",-0.00767122860997915
5,30048,"P_poverty","Poverty",0.00226766848936677
5,30048,"bias_w","Spatial bias",-0.0272305533289909
5,30049,"P_age_00_14","Population 0-14",-0.00923939421772957
5,30049,"P_age_15_39","Population 15-39",-0.00623255874961615
5,30049,"P_read_write","Literacy",0.00626540975645185
5,30049,"P_cell_phone","Cell phone",-0.0016534075839445
5,30049,"P_internet","Internet",-0.00139691156800836
5,30049,"P_poverty","Poverty",0.00233444524928927
5,30049,"bias_w","Spatial bias",-0.0291179977357388
5,30050,"P_age_00_14","Population 0-14",-0.00188761611934751
5,30050,"P_age_15_39","Population 15-39",0.00275434576906264
5,30050,"P_read_write","Literacy",0.00784797314554453
5,30050,"P_cell_phone","Cell phone",-0.00112576596438885
5,30050,"P_internet","Internet",0.00112831452861428
5,30050,"P_poverty","Poverty",0.00159663858357817
5,30050,"bias_w","Spatial bias",0.0323633588850498
5,30051,"P_age_00_14","Population 0-14",-0.00176750402897596
5,30051,"P_age_15_39","Population 15-39",0.00243109348230064
5,30051,"P_read_write","Literacy",0.00505749601870775
5,30051,"P_cell_phone","Cell phone",-0.000980632030405104
5,30051,"P_internet","Internet",0.00601610215380788
5,30051,"P_poverty","Poverty",0.00178876973222941
5,30051,"bias_w","Spatial bias",0.0231494195759296
5,30052,"P_age_00_14","Population 0-14",-0.00381921580992639
5,30052,"P_age_15_39","Population 15-39",-0.00451470399275422
5,30052,"P_read_write","Literacy",0.00245997915044427
5,30052,"P_cell_phone","Cell phone",-0.00211756117641926
5,30052,"P_internet","Internet",0.00532103423029184
5,30052,"P_poverty","Poverty",0.00301989051513374
5,30052,"bias_w","Spatial bias",-0.00844112411141396
5,30053,"P_age_00_14","Population 0-14",-0.00242161052301526
5,30053,"P_age_15_39","Population 15-39",-0.0022904216311872
5,30053,"P_read_write","Literacy",-0.00233887857757509
5,30053,"P_cell_phone","Cell phone",-0.00241952878423035
5,30053,"P_internet","Internet",-0.00599230313673615
5,30053,"P_poverty","Poverty",0.00223831227049232
5,30053,"bias_w","Spatial bias",0.00707773072645068
5,30054,"P_age_00_14","Population 0-14",-0.00932415947318077
5,30054,"P_age_15_39","Population 15-39",0.0104366475716233
5,30054,"P_read_write","Literacy",0.00361225544475019
5,30054,"P_cell_phone","Cell phone",-0.00166571419686079
5,30054,"P_internet","Internet",0.00237994710914791
5,30054,"P_poverty","Poverty",0.00135132716968656
5,30054,"bias_w","Spatial bias",-0.00308874901384115
5,30055,"P_age_00_14","Population 0-14",-0.00475639384239912
5,30055,"P_age_15_39","Population 15-39",0.00610829517245293
5,30055,"P_read_write","Literacy",0.00298533472232521
5,30055,"P_cell_phone","Cell phone",-0.00172050064429641
5,30055,"P_internet","Internet",0.00667276978492737
5,30055,"P_poverty","Poverty",0.000956728763412684
5,30055,"bias_w","Spatial bias",0.0249519161880016
5,30057,"P_age_00_14","Population 0-14",0.0135273728519678
5,30057,"P_age_15_39","Population 15-39",-0.00256520602852106
5,30057,"P_read_write","Literacy",0.00599160511046648
5,30057,"P_cell_phone","Cell phone",-0.00130747351795435
5,30057,"P_internet","Internet",0.0061424863524735
5,30057,"P_poverty","Poverty",0.00280627678148448
5,30057,"bias_w","Spatial bias",-0.00601118244230747
5,30058,"P_age_00_14","Population 0-14",-0.00547588430345058
5,30058,"P_age_15_39","Population 15-39",0.0116981416940689
5,30058,"P_read_write","Literacy",0.00711723370477557
5,30058,"P_cell_phone","Cell phone",-0.00138313870411366
5,30058,"P_internet","Internet",0.00749134831130505
5,30058,"P_poverty","Poverty",0.00188044214155525
5,30058,"bias_w","Spatial bias",0.0317137874662876
5,30059,"P_age_00_14","Population 0-14",-0.00443245843052864
5,30059,"P_age_15_39","Population 15-39",-0.00441479915753007
5,30059,"P_read_write","Literacy",0.00224974774755538
5,30059,"P_cell_phone","Cell phone",-0.00094170612283051
5,30059,"P_internet","Internet",0.0024386765435338
5,30059,"P_poverty","Poverty",0.00303869904018939
5,30059,"bias_w","Spatial bias",-0.00746186263859272
5,30060,"P_age_00_14","Population 0-14",-0.00301397102884948
5,30060,"P_age_15_39","Population 15-39",0.00324706849642098
5,30060,"P_read_write","Literacy",0.00443745404481888
5,30060,"P_cell_phone","Cell phone",-0.00148372922558337
5,30060,"P_internet","Internet",0.000116414732474368
5,30060,"P_poverty","Poverty",0.00208080583252013
5,30060,"bias_w","Spatial bias",0.0229432974010706
5,30061,"P_age_00_14","Population 0-14",0.0070197768509388
5,30061,"P_age_15_39","Population 15-39",-0.00216853315941989
5,30061,"P_read_write","Literacy",0.00426211953163147
5,30061,"P_cell_phone","Cell phone",-0.00145446520764381
5,30061,"P_internet","Internet",-0.00753972586244345
5,30061,"P_poverty","Poverty",0.00229171616956592
5,30061,"bias_w","Spatial bias",0.0200565196573734
5,30063,"P_age_00_14","Population 0-14",-0.00435534678399563
5,30063,"P_age_15_39","Population 15-39",0.0135336546227336
5,30063,"P_read_write","Literacy",0.00440369639545679
5,30063,"P_cell_phone","Cell phone",-0.00151903904043138
5,30063,"P_internet","Internet",0.00721748638898134
5,30063,"P_poverty","Poverty",0.00158097932580858
5,30063,"bias_w","Spatial bias",0.0273265521973372
5,30065,"P_age_00_14","Population 0-14",-0.00342135434038937
5,30065,"P_age_15_39","Population 15-39",-0.00327070686034858
5,30065,"P_read_write","Literacy",-0.00450296048074961
5,30065,"P_cell_phone","Cell phone",0.00371199450455606
5,30065,"P_internet","Internet",-0.00657390849664807
5,30065,"P_poverty","Poverty",0.00101422856096178
5,30065,"bias_w","Spatial bias",0.00444511836394668
5,30066,"P_age_00_14","Population 0-14",-0.00270661734975874
5,30066,"P_age_15_39","Population 15-39",-0.00156950613018125
5,30066,"P_read_write","Literacy",0.00491517409682274
5,30066,"P_cell_phone","Cell phone",-0.00177368929143995
5,30066,"P_internet","Internet",0.00585282174870372
5,30066,"P_poverty","Poverty",0.00277630402706563
5,30066,"bias_w","Spatial bias",0.0236202422529459
5,30067,"P_age_00_14","Population 0-14",0.0150479227304459
5,30067,"P_age_15_39","Population 15-39",-0.001646633958444
5,30067,"P_read_write","Literacy",0.00952825043350458
5,30067,"P_cell_phone","Cell phone",-0.000842190464027226
5,30067,"P_internet","Internet",0.0100752618163824
5,30067,"P_poverty","Poverty",0.00280498643405735
5,30067,"bias_w","Spatial bias",0.0372103787958622
5,30068,"P_age_00_14","Population 0-14",-0.00407544337213039
5,30068,"P_age_15_39","Population 15-39",-0.00217481004074216
5,30068,"P_read_write","Literacy",-0.00422002887353301
5,30068,"P_cell_phone","Cell phone",0.00474381586536765
5,30068,"P_internet","Internet",-0.00641928240656853
5,30068,"P_poverty","Poverty",0.00168103317264467
5,30068,"bias_w","Spatial bias",-0.00792193412780762
5,30069,"P_age_00_14","Population 0-14",-0.00532767316326499
5,30069,"P_age_15_39","Population 15-39",0.00540330726653337
5,30069,"P_read_write","Literacy",-0.00217529246583581
5,30069,"P_cell_phone","Cell phone",-0.00245501706376672
5,30069,"P_internet","Internet",-0.00665596220642328
5,30069,"P_poverty","Poverty",0.00194371014367789
5,30069,"bias_w","Spatial bias",0.00838621333241463
5,30070,"P_age_00_14","Population 0-14",-0.0020741627085954
5,30070,"P_age_15_39","Population 15-39",0.00331591162830591
5,30070,"P_read_write","Literacy",0.000549494405277073
5,30070,"P_cell_phone","Cell phone",-0.000954141141846776
5,30070,"P_internet","Internet",-0.00452397856861353
5,30070,"P_poverty","Poverty",0.00230523315258324
5,30070,"bias_w","Spatial bias",0.0208013635128736
5,30071,"P_age_00_14","Population 0-14",-0.00348605192266405
5,30071,"P_age_15_39","Population 15-39",-0.00264161708764732
5,30071,"P_read_write","Literacy",0.000417679897509515
5,30071,"P_cell_phone","Cell phone",-0.000430786749348044
5,30071,"P_internet","Internet",-0.00364844012074172
5,30071,"P_poverty","Poverty",0.00300979916937649
5,30071,"bias_w","Spatial bias",0.00709683587774634
5,30072,"P_age_00_14","Population 0-14",0.0073691220022738
5,30072,"P_age_15_39","Population 15-39",-0.0015868975315243
5,30072,"P_read_write","Literacy",0.00420944765210152
5,30072,"P_cell_phone","Cell phone",-0.00122030533384532
5,30072,"P_internet","Internet",0.00598134333267808
5,30072,"P_poverty","Poverty",0.00202170293778181
5,30072,"bias_w","Spatial bias",0.0205590222030878
5,30073,"P_age_00_14","Population 0-14",-0.0022251398768276
5,30073,"P_age_15_39","Population 15-39",0.00296562141738832
5,30073,"P_read_write","Literacy",0.00446175923570991
5,30073,"P_cell_phone","Cell phone",-0.00107676768675447
5,30073,"P_internet","Internet",0.00234369002282619
5,30073,"P_poverty","Poverty",0.00176344008650631
5,30073,"bias_w","Spatial bias",0.0240484997630119
5,30075,"P_age_00_14","Population 0-14",-0.00481541501358151
5,30075,"P_age_15_39","Population 15-39",0.00845570769160986
5,30075,"P_read_write","Literacy",0.00387211935594678
5,30075,"P_cell_phone","Cell phone",-0.00137033138889819
5,30075,"P_internet","Internet",-0.00107474764809012
5,30075,"P_poverty","Poverty",0.00178256793878973
5,30075,"bias_w","Spatial bias",0.00741313770413399
5,30076,"P_age_00_14","Population 0-14",0.00815404765307903
5,30076,"P_age_15_39","Population 15-39",0.00242563895881176
5,30076,"P_read_write","Literacy",0.00591528275981545
5,30076,"P_cell_phone","Cell phone",-0.00251045357435942
5,30076,"P_internet","Internet",0.00721075758337975
5,30076,"P_poverty","Poverty",0.00222923280671239
5,30076,"bias_w","Spatial bias",0.0300200320780277
5,30077,"P_age_00_14","Population 0-14",-0.00409151148051023
5,30077,"P_age_15_39","Population 15-39",-0.0023818570189178
5,30077,"P_read_write","Literacy",0.00402760412544012
5,30077,"P_cell_phone","Cell phone",-0.0020907036960125
5,30077,"P_internet","Internet",-0.00069631717633456
5,30077,"P_poverty","Poverty",0.00238615530543029
5,30077,"bias_w","Spatial bias",0.0192362610250711
5,30078,"P_age_00_14","Population 0-14",-0.00458347471430898
5,30078,"P_age_15_39","Population 15-39",0.0118542062118649
5,30078,"P_read_write","Literacy",0.00679109757766128
5,30078,"P_cell_phone","Cell phone",-0.00141623103991151
5,30078,"P_internet","Internet",0.00730043090879917
5,30078,"P_poverty","Poverty",0.00172881013713777
5,30078,"bias_w","Spatial bias",0.0313943028450012
5,30079,"P_age_00_14","Population 0-14",-0.00366215431131423
5,30079,"P_age_15_39","Population 15-39",-0.00361316162161529
5,30079,"P_read_write","Literacy",0.00627076672390103
5,30079,"P_cell_phone","Cell phone",-0.00156867294572294
5,30079,"P_internet","Internet",0.00712137622758746
5,30079,"P_poverty","Poverty",0.00330659979954362
5,30079,"bias_w","Spatial bias",0.00941065326333046
5,30080,"P_age_00_14","Population 0-14",-0.00400186004117131
5,30080,"P_age_15_39","Population 15-39",-0.00480827130377293
5,30080,"P_read_write","Literacy",0.00551965413615108
5,30080,"P_cell_phone","Cell phone",-0.00139598362147808
5,30080,"P_internet","Internet",0.00241831876337528
5,30080,"P_poverty","Poverty",0.00206109299324453
5,30080,"bias_w","Spatial bias",-0.00837856531143188
5,30082,"P_age_00_14","Population 0-14",-0.00666431896388531
5,30082,"P_age_15_39","Population 15-39",-0.00533502921462059
5,30082,"P_read_write","Literacy",-0.00306244054809213
5,30082,"P_cell_phone","Cell phone",-0.00346215721219778
5,30082,"P_internet","Internet",-0.00842832494527102
5,30082,"P_poverty","Poverty",0.00202073343098164
5,30082,"bias_w","Spatial bias",0.00666458532214165
5,30083,"P_age_00_14","Population 0-14",-0.00382820959202945
5,30083,"P_age_15_39","Population 15-39",0.00441586971282959
5,30083,"P_read_write","Literacy",0.00547983264550567
5,30083,"P_cell_phone","Cell phone",-0.00105680094566196
5,30083,"P_internet","Internet",0.00689542107284069
5,30083,"P_poverty","Poverty",0.00163803552277386
5,30083,"bias_w","Spatial bias",0.0278401933610439
5,30084,"P_age_00_14","Population 0-14",-0.00924013741314411
5,30084,"P_age_15_39","Population 15-39",0.00995569303631783
5,30084,"P_read_write","Literacy",0.00242387689650059
5,30084,"P_cell_phone","Cell phone",-0.00139590620528907
5,30084,"P_internet","Internet",0.00571324490010738
5,30084,"P_poverty","Poverty",0.000410261360229924
5,30084,"bias_w","Spatial bias",0.0168877672404051
5,30087,"P_age_00_14","Population 0-14",-0.00646325573325157
5,30087,"P_age_15_39","Population 15-39",-0.0030255492310971
5,30087,"P_read_write","Literacy",-0.006317556835711
5,30087,"P_cell_phone","Cell phone",0.0242733545601368
5,30087,"P_internet","Internet",-0.00517624942585826
5,30087,"P_poverty","Poverty",0.00292706699110568
5,30087,"bias_w","Spatial bias",-0.0557490885257721
5,30089,"P_age_00_14","Population 0-14",-0.00418434292078018
5,30089,"P_age_15_39","Population 15-39",0.00453298492357135
5,30089,"P_read_write","Literacy",-0.00211893999949098
5,30089,"P_cell_phone","Cell phone",-0.00202169292606413
5,30089,"P_internet","Internet",-0.00511333951726556
5,30089,"P_poverty","Poverty",0.00220662681385875
5,30089,"bias_w","Spatial bias",-0.00109734234865755
5,30090,"P_age_00_14","Population 0-14",-0.0101388553157449
5,30090,"P_age_15_39","Population 15-39",-0.00994178745895624
5,30090,"P_read_write","Literacy",-0.011029758490622
5,30090,"P_cell_phone","Cell phone",-0.00305313686840236
5,30090,"P_internet","Internet",-0.00760596338659525
5,30090,"P_poverty","Poverty",0.00217831064946949
5,30090,"bias_w","Spatial bias",-0.0439457334578037
5,30091,"P_age_00_14","Population 0-14",-0.00211963476613164
5,30091,"P_age_15_39","Population 15-39",-0.00261023896746337
5,30091,"P_read_write","Literacy",0.00417539803311229
5,30091,"P_cell_phone","Cell phone",-0.00163641665130854
5,30091,"P_internet","Internet",-0.00415250798687339
5,30091,"P_poverty","Poverty",0.00290362443774939
5,30091,"bias_w","Spatial bias",0.0187734887003899
5,30092,"P_age_00_14","Population 0-14",-0.00508568529039621
5,30092,"P_age_15_39","Population 15-39",-0.00396021315827966
5,30092,"P_read_write","Literacy",0.00490202289074659
5,30092,"P_cell_phone","Cell phone",-0.00242668646387756
5,30092,"P_internet","Internet",-0.00558432238176465
5,30092,"P_poverty","Poverty",0.00194096402265131
5,30092,"bias_w","Spatial bias",-0.0370984934270382
5,30093,"P_age_00_14","Population 0-14",-0.0111705660820007
5,30093,"P_age_15_39","Population 15-39",-0.0121267689391971
5,30093,"P_read_write","Literacy",-0.00447760289534926
5,30093,"P_cell_phone","Cell phone",-0.016781447455287
5,30093,"P_internet","Internet",-0.025561785325408
5,30093,"P_poverty","Poverty",0.00330643262714148
5,30093,"bias_w","Spatial bias",-0.133925601840019
5,30094,"P_age_00_14","Population 0-14",-0.00411059567704797
5,30094,"P_age_15_39","Population 15-39",0.00322970328852534
5,30094,"P_read_write","Literacy",0.00394638488069177
5,30094,"P_cell_phone","Cell phone",-0.00124365696683526
5,30094,"P_internet","Internet",0.00208851578645408
5,30094,"P_poverty","Poverty",0.00159974512644112
5,30094,"bias_w","Spatial bias",0.0198204666376114
5,30095,"P_age_00_14","Population 0-14",-0.00377249717712402
5,30095,"P_age_15_39","Population 15-39",0.00532570481300354
5,30095,"P_read_write","Literacy",0.00423448719084263
5,30095,"P_cell_phone","Cell phone",-0.00098612776491791
5,30095,"P_internet","Internet",0.00271120434626937
5,30095,"P_poverty","Poverty",0.00166755984537303
5,30095,"bias_w","Spatial bias",0.0175502747297287
5,30097,"P_age_00_14","Population 0-14",-0.00675132730975747
5,30097,"P_age_15_39","Population 15-39",0.00567404413595796
5,30097,"P_read_write","Literacy",-0.0018980031600222
5,30097,"P_cell_phone","Cell phone",-0.0004078485944774
5,30097,"P_internet","Internet",-0.00646854098886251
5,30097,"P_poverty","Poverty",0.00181241985410452
5,30097,"bias_w","Spatial bias",-0.00222281296737492
5,30099,"P_age_00_14","Population 0-14",0.00892515014857054
5,30099,"P_age_15_39","Population 15-39",-0.00340566271916032
5,30099,"P_read_write","Literacy",0.00501907151192427
5,30099,"P_cell_phone","Cell phone",-0.00118608004413545
5,30099,"P_internet","Internet",0.00349200260825455
5,30099,"P_poverty","Poverty",0.00173373240977526
5,30099,"bias_w","Spatial bias",0.0204768031835556
5,30100,"P_age_00_14","Population 0-14",-0.0114260232076049
5,30100,"P_age_15_39","Population 15-39",-0.0093094976618886
5,30100,"P_read_write","Literacy",-0.00326363788917661
5,30100,"P_cell_phone","Cell phone",-0.00335690937936306
5,30100,"P_internet","Internet",-0.0021858480758965
5,30100,"P_poverty","Poverty",0.00273846741765738
5,30100,"bias_w","Spatial bias",-0.0379559136927128
5,30101,"P_age_00_14","Population 0-14",0.000992514425888658
5,30101,"P_age_15_39","Population 15-39",-0.00243644579313695
5,30101,"P_read_write","Literacy",0.00227817287668586
5,30101,"P_cell_phone","Cell phone",-0.00184851291123778
5,30101,"P_internet","Internet",-0.0058633228763938
5,30101,"P_poverty","Poverty",0.00253463955596089
5,30101,"bias_w","Spatial bias",0.00761538790538907
5,30102,"P_age_00_14","Population 0-14",-0.00374842574819922
5,30102,"P_age_15_39","Population 15-39",-0.00341889308765531
5,30102,"P_read_write","Literacy",-0.00177962065208703
5,30102,"P_cell_phone","Cell phone",-0.00264875078573823
5,30102,"P_internet","Internet",-0.00977985002100468
5,30102,"P_poverty","Poverty",0.00303791207261384
5,30102,"bias_w","Spatial bias",0.019509132951498
5,30104,"P_age_00_14","Population 0-14",-0.00238957419060171
5,30104,"P_age_15_39","Population 15-39",-0.00259915296919644
5,30104,"P_read_write","Literacy",0.00826467014849186
5,30104,"P_cell_phone","Cell phone",-0.00113086553756148
5,30104,"P_internet","Internet",0.00639510527253151
5,30104,"P_poverty","Poverty",0.00213601696304977
5,30104,"bias_w","Spatial bias",0.0299969092011452
5,30105,"P_age_00_14","Population 0-14",-0.00479140412062407
5,30105,"P_age_15_39","Population 15-39",-0.00216184603050351
5,30105,"P_read_write","Literacy",-0.00719389924779534
5,30105,"P_cell_phone","Cell phone",0.0213874187320471
5,30105,"P_internet","Internet",-0.00820375606417656
5,30105,"P_poverty","Poverty",0.00263123656623065
5,30105,"bias_w","Spatial bias",-0.0643091723322868
5,30107,"P_age_00_14","Population 0-14",0.0119386091828346
5,30107,"P_age_15_39","Population 15-39",-0.00315111968666315
5,30107,"P_read_write","Literacy",0.00604658666998148
5,30107,"P_cell_phone","Cell phone",-0.000670102948788553
5,30107,"P_internet","Internet",0.00746438093483448
5,30107,"P_poverty","Poverty",0.00240870541892946
5,30107,"bias_w","Spatial bias",0.00597153371199965
5,30108,"P_age_00_14","Population 0-14",-0.00547169568017125
5,30108,"P_age_15_39","Population 15-39",0.00729171792045236
5,30108,"P_read_write","Literacy",-0.00200142944231629
5,30108,"P_cell_phone","Cell phone",-0.00121098395902663
5,30108,"P_internet","Internet",-0.00949745904654264
5,30108,"P_poverty","Poverty",0.00293451291508973
5,30108,"bias_w","Spatial bias",-0.0197751838713884
5,30109,"P_age_00_14","Population 0-14",-0.00577619764953852
5,30109,"P_age_15_39","Population 15-39",-0.00253868685103953
5,30109,"P_read_write","Literacy",-0.00246510119177401
5,30109,"P_cell_phone","Cell phone",-0.00220221374183893
5,30109,"P_internet","Internet",-0.00863134115934372
5,30109,"P_poverty","Poverty",0.0030579618178308
5,30109,"bias_w","Spatial bias",0.010304806753993
5,30110,"P_age_00_14","Population 0-14",0.01316271815449
5,30110,"P_age_15_39","Population 15-39",-0.00160156725905836
5,30110,"P_read_write","Literacy",0.00843888241797686
5,30110,"P_cell_phone","Cell phone",-0.000848736672196537
5,30110,"P_internet","Internet",0.0085337208583951
5,30110,"P_poverty","Poverty",0.00255010509863496
5,30110,"bias_w","Spatial bias",0.0333791077136993
5,30111,"P_age_00_14","Population 0-14",-0.00289919227361679
5,30111,"P_age_15_39","Population 15-39",-0.00742916017770767
5,30111,"P_read_write","Literacy",-0.000270696473307908
5,30111,"P_cell_phone","Cell phone",-0.0045767892152071
5,30111,"P_internet","Internet",0.00317845097742975
5,30111,"P_poverty","Poverty",0.00404200982302427
5,30111,"bias_w","Spatial bias",-0.056716613471508
5,30112,"P_age_00_14","Population 0-14",-0.00925656594336033
5,30112,"P_age_15_39","Population 15-39",-0.00898114684969187
5,30112,"P_read_write","Literacy",0.00048446434084326
5,30112,"P_cell_phone","Cell phone",-0.00830743834376335
5,30112,"P_internet","Internet",-0.00623889919370413
5,30112,"P_poverty","Poverty",0.00384779390878975
5,30112,"bias_w","Spatial bias",-0.0875047370791435
5,30114,"P_age_00_14","Population 0-14",-0.00876276008784771
5,30114,"P_age_15_39","Population 15-39",0.00888510327786207
5,30114,"P_read_write","Literacy",-0.00203253072686493
5,30114,"P_cell_phone","Cell phone",-0.00134034920483828
5,30114,"P_internet","Internet",0.000504606054164469
5,30114,"P_poverty","Poverty",0.000564665824640542
5,30114,"bias_w","Spatial bias",0.0169742871075869
5,30115,"P_age_00_14","Population 0-14",-0.00424875598400831
5,30115,"P_age_15_39","Population 15-39",-0.00280604022555053
5,30115,"P_read_write","Literacy",-0.00256280694156885
5,30115,"P_cell_phone","Cell phone",-0.000587673974223435
5,30115,"P_internet","Internet",-0.00655957823619246
5,30115,"P_poverty","Poverty",0.00338288629427552
5,30115,"bias_w","Spatial bias",-0.000367569737136364
5,30116,"P_age_00_14","Population 0-14",-0.0041380450129509
5,30116,"P_age_15_39","Population 15-39",-0.00227428693324327
5,30116,"P_read_write","Literacy",0.00232468685135245
5,30116,"P_cell_phone","Cell phone",-0.00100041285622865
5,30116,"P_internet","Internet",0.000750378996599466
5,30116,"P_poverty","Poverty",0.00291729345917702
5,30116,"bias_w","Spatial bias",0.0177591200917959
5,30117,"P_age_00_14","Population 0-14",-0.00494938669726253
5,30117,"P_age_15_39","Population 15-39",-0.0036302269436419
5,30117,"P_read_write","Literacy",0.00459606060758233
5,30117,"P_cell_phone","Cell phone",-0.00174628722015768
5,30117,"P_internet","Internet",0.00517206592485309
5,30117,"P_poverty","Poverty",0.00242350879125297
5,30117,"bias_w","Spatial bias",0.0200717411935329
5,30118,"P_age_00_14","Population 0-14",-0.00725959567353129
5,30118,"P_age_15_39","Population 15-39",0.00727004883810878
5,30118,"P_read_write","Literacy",-0.00723194284364581
5,30118,"P_cell_phone","Cell phone",0.0267126578837633
5,30118,"P_internet","Internet",-0.00668065249919891
5,30118,"P_poverty","Poverty",-0.00257036322727799
5,30118,"bias_w","Spatial bias",-0.0620288662612438
5,30119,"P_age_00_14","Population 0-14",-0.00307958759367466
5,30119,"P_age_15_39","Population 15-39",0.00484299752861261
5,30119,"P_read_write","Literacy",0.00383751094341278
5,30119,"P_cell_phone","Cell phone",-0.00239880965091288
5,30119,"P_internet","Internet",-0.00124471576418728
5,30119,"P_poverty","Poverty",0.00204775761812925
5,30119,"bias_w","Spatial bias",0.00518211117014289
5,30121,"P_age_00_14","Population 0-14",-0.00548191368579865
5,30121,"P_age_15_39","Population 15-39",0.00513679487630725
5,30121,"P_read_write","Literacy",-0.00226872740313411
5,30121,"P_cell_phone","Cell phone",-0.00214792089536786
5,30121,"P_internet","Internet",0.00665275100618601
5,30121,"P_poverty","Poverty",0.000107438980194274
5,30121,"bias_w","Spatial bias",0.0229901634156704
5,30122,"P_age_00_14","Population 0-14",-0.0055028460919857
5,30122,"P_age_15_39","Population 15-39",-0.00334271346218884
5,30122,"P_read_write","Literacy",0.00596238952130079
5,30122,"P_cell_phone","Cell phone",-0.00147043983452022
5,30122,"P_internet","Internet",0.00725227780640125
5,30122,"P_poverty","Poverty",0.00189324910752475
5,30122,"bias_w","Spatial bias",0.00490096490830183
5,30123,"P_age_00_14","Population 0-14",-0.00433307327330112
5,30123,"P_age_15_39","Population 15-39",0.00257057091221213
5,30123,"P_read_write","Literacy",-0.00321087962947786
5,30123,"P_cell_phone","Cell phone",0.00163966533727944
5,30123,"P_internet","Internet",-0.00596662145107985
5,30123,"P_poverty","Poverty",0.000665334751829505
5,30123,"bias_w","Spatial bias",-0.00620479648932815
5,30124,"P_age_00_14","Population 0-14",-0.00655470648780465
5,30124,"P_age_15_39","Population 15-39",-0.0023971654009074
5,30124,"P_read_write","Literacy",-0.00994937494397163
5,30124,"P_cell_phone","Cell phone",-0.00225983560085297
5,30124,"P_internet","Internet",-0.00646731350570917
5,30124,"P_poverty","Poverty",0.0026935781352222
5,30124,"bias_w","Spatial bias",0.0224099475890398
5,30125,"P_age_00_14","Population 0-14",-0.00424907542765141
5,30125,"P_age_15_39","Population 15-39",-0.00366554991342127
5,30125,"P_read_write","Literacy",0.00423329463228583
5,30125,"P_cell_phone","Cell phone",-0.000912219868041575
5,30125,"P_internet","Internet",0.00247945124283433
5,30125,"P_poverty","Poverty",0.00243467558175325
5,30125,"bias_w","Spatial bias",0.0180417709052563
5,30126,"P_age_00_14","Population 0-14",-0.00863376539200544
5,30126,"P_age_15_39","Population 15-39",0.00655721686780453
5,30126,"P_read_write","Literacy",-0.00231016241014004
5,30126,"P_cell_phone","Cell phone",-0.00158031831961125
5,30126,"P_internet","Internet",-0.00610368885099888
5,30126,"P_poverty","Poverty",0.00100874644704163
5,30126,"bias_w","Spatial bias",-0.00585715007036924
5,30127,"P_age_00_14","Population 0-14",0.0170785561203957
5,30127,"P_age_15_39","Population 15-39",-0.0019896337762475
5,30127,"P_read_write","Literacy",0.00883326306939125
5,30127,"P_cell_phone","Cell phone",-0.00215234560891986
5,30127,"P_internet","Internet",0.00641888985410333
5,30127,"P_poverty","Poverty",0.00282748392783105
5,30127,"bias_w","Spatial bias",0.0167524758726358
5,30128,"P_age_00_14","Population 0-14",0.00813864916563034
5,30128,"P_age_15_39","Population 15-39",-0.00288872560486197
5,30128,"P_read_write","Literacy",-0.00162457663100213
5,30128,"P_cell_phone","Cell phone",-0.0031406010966748
5,30128,"P_internet","Internet",-0.00916120223701
5,30128,"P_poverty","Poverty",0.00259359530173242
5,30128,"bias_w","Spatial bias",0.0182618033140898
5,30129,"P_age_00_14","Population 0-14",-0.00273900711908937
5,30129,"P_age_15_39","Population 15-39",0.00860628485679626
5,30129,"P_read_write","Literacy",0.00379921915009618
5,30129,"P_cell_phone","Cell phone",-0.00199165847152472
5,30129,"P_internet","Internet",0.00711440294981003
5,30129,"P_poverty","Poverty",0.00202584778890014
5,30129,"bias_w","Spatial bias",-0.00594752514734864
5,30130,"P_age_00_14","Population 0-14",-0.00183981587179005
5,30130,"P_age_15_39","Population 15-39",0.00277943396940827
5,30130,"P_read_write","Literacy",0.00378608144819736
5,30130,"P_cell_phone","Cell phone",-0.00160101428627968
5,30130,"P_internet","Internet",-0.00571784796193242
5,30130,"P_poverty","Poverty",0.00168961647432297
5,30130,"bias_w","Spatial bias",0.0234900806099176
5,30131,"P_age_00_14","Population 0-14",-0.00656147766858339
5,30131,"P_age_15_39","Population 15-39",0.0030203266069293
5,30131,"P_read_write","Literacy",-0.0042029763571918
5,30131,"P_cell_phone","Cell phone",0.00312553881667554
5,30131,"P_internet","Internet",-0.00812508631497622
5,30131,"P_poverty","Poverty",0.000949302280787379
5,30131,"bias_w","Spatial bias",0.00441874703392386
5,30132,"P_age_00_14","Population 0-14",0.0139390416443348
5,30132,"P_age_15_39","Population 15-39",-0.00191641366109252
5,30132,"P_read_write","Literacy",0.015763308852911
5,30132,"P_cell_phone","Cell phone",-0.00387703650631011
5,30132,"P_internet","Internet",0.0131641970947385
5,30132,"P_poverty","Poverty",-6.57189302728511e-05
5,30132,"bias_w","Spatial bias",-0.0652150735259056
5,30133,"P_age_00_14","Population 0-14",-0.00457106763496995
5,30133,"P_age_15_39","Population 15-39",-0.00471433065831661
5,30133,"P_read_write","Literacy",-0.00565141625702381
5,30133,"P_cell_phone","Cell phone",0.00524299079552293
5,30133,"P_internet","Internet",-0.0109294457361102
5,30133,"P_poverty","Poverty",0.0021088367793709
5,30133,"bias_w","Spatial bias",-0.0315067321062088
5,30134,"P_age_00_14","Population 0-14",-0.00451885582879186
5,30134,"P_age_15_39","Population 15-39",0.00428012805059552
5,30134,"P_read_write","Literacy",-0.00237581646069884
5,30134,"P_cell_phone","Cell phone",-0.00168573635164648
5,30134,"P_internet","Internet",-0.00603183219209313
5,30134,"P_poverty","Poverty",0.00113325216807425
5,30134,"bias_w","Spatial bias",-0.00624341983348131
5,30136,"P_age_00_14","Population 0-14",-0.005624711047858
5,30136,"P_age_15_39","Population 15-39",-0.00221024779602885
5,30136,"P_read_write","Literacy",-0.00437750900164247
5,30136,"P_cell_phone","Cell phone",-0.0133408736437559
5,30136,"P_internet","Internet",-0.0250869505107403
5,30136,"P_poverty","Poverty",0.00291761197149754
5,30136,"bias_w","Spatial bias",-0.133416771888733
5,30138,"P_age_00_14","Population 0-14",-0.00704199820756912
5,30138,"P_age_15_39","Population 15-39",-0.00161013728938997
5,30138,"P_read_write","Literacy",-0.00536076026037335
5,30138,"P_cell_phone","Cell phone",0.0035714260302484
5,30138,"P_internet","Internet",-0.0102698178961873
5,30138,"P_poverty","Poverty",0.00379402679391205
5,30138,"bias_w","Spatial bias",-0.0643590018153191
5,30139,"P_age_00_14","Population 0-14",-0.00939783919602633
5,30139,"P_age_15_39","Population 15-39",0.00212670606561005
5,30139,"P_read_write","Literacy",0.00298907933756709
5,30139,"P_cell_phone","Cell phone",-0.00179203506559134
5,30139,"P_internet","Internet",-0.000297895283438265
5,30139,"P_poverty","Poverty",0.000404083664761856
5,30139,"bias_w","Spatial bias",0.0157975237816572
5,30140,"P_age_00_14","Population 0-14",-0.00892352685332298
5,30140,"P_age_15_39","Population 15-39",-0.0614641793072224
5,30140,"P_read_write","Literacy",0.00474727991968393
5,30140,"P_cell_phone","Cell phone",-0.00413205195218325
5,30140,"P_internet","Internet",0.00118668330833316
5,30140,"P_poverty","Poverty",2.69767697318457e-05
5,30140,"bias_w","Spatial bias",-0.0451209545135498
5,30141,"P_age_00_14","Population 0-14",-0.0038644140586257
5,30141,"P_age_15_39","Population 15-39",-0.00237265299074352
5,30141,"P_read_write","Literacy",0.00431159976869822
5,30141,"P_cell_phone","Cell phone",-0.00184041960164905
5,30141,"P_internet","Internet",0.000156198919285089
5,30141,"P_poverty","Poverty",0.00302637368440628
5,30141,"bias_w","Spatial bias",0.0247500482946634
5,30142,"P_age_00_14","Population 0-14",-0.00410879123955965
5,30142,"P_age_15_39","Population 15-39",0.00365311605855823
5,30142,"P_read_write","Literacy",0.00413811486214399
5,30142,"P_cell_phone","Cell phone",-0.000912289950065315
5,30142,"P_internet","Internet",0.0059782275930047
5,30142,"P_poverty","Poverty",0.00144414941314608
5,30142,"bias_w","Spatial bias",0.0179525576531887
5,30143,"P_age_00_14","Population 0-14",-0.00606884434819221
5,30143,"P_age_15_39","Population 15-39",0.00601803325116634
5,30143,"P_read_write","Literacy",0.00532240746542811
5,30143,"P_cell_phone","Cell phone",-0.00131189485546201
5,30143,"P_internet","Internet",0.0062875091098249
5,30143,"P_poverty","Poverty",0.00241896649822593
5,30143,"bias_w","Spatial bias",-0.00300345243886113
5,30144,"P_age_00_14","Population 0-14",-0.00255103455856442
5,30144,"P_age_15_39","Population 15-39",-0.0023684783373028
5,30144,"P_read_write","Literacy",0.00464621325954795
5,30144,"P_cell_phone","Cell phone",-0.00216771219857037
5,30144,"P_internet","Internet",0.00535835232585669
5,30144,"P_poverty","Poverty",0.0026480657979846
5,30144,"bias_w","Spatial bias",-0.00199758191592991
5,30145,"P_age_00_14","Population 0-14",-0.00484230276197195
5,30145,"P_age_15_39","Population 15-39",-0.0028291183989495
5,30145,"P_read_write","Literacy",-0.00200663041323423
5,30145,"P_cell_phone","Cell phone",-0.0024067226331681
5,30145,"P_internet","Internet",-0.0039071156643331
5,30145,"P_poverty","Poverty",0.00307745393365622
5,30145,"bias_w","Spatial bias",-0.000353252456989139
5,30147,"P_age_00_14","Population 0-14",0.0198898501694202
5,30147,"P_age_15_39","Population 15-39",-0.00055681134108454
5,30147,"P_read_write","Literacy",0.0184656456112862
5,30147,"P_cell_phone","Cell phone",-0.00269187544472516
5,30147,"P_internet","Internet",0.0192926321178675
5,30147,"P_poverty","Poverty",0.00134215946309268
5,30147,"bias_w","Spatial bias",-0.0850757360458374
5,30148,"P_age_00_14","Population 0-14",-0.00962030421942472
5,30148,"P_age_15_39","Population 15-39",-0.00928292889147997
5,30148,"P_read_write","Literacy",0.00831303466111422
5,30148,"P_cell_phone","Cell phone",-0.00607803929597139
5,30148,"P_internet","Internet",0.0039609344676137
5,30148,"P_poverty","Poverty",0.00443437416106462
5,30148,"bias_w","Spatial bias",-0.0592267885804176
5,30149,"P_age_00_14","Population 0-14",0.010459934361279
5,30149,"P_age_15_39","Population 15-39",-0.00167272158432752
5,30149,"P_read_write","Literacy",0.00830306205898523
5,30149,"P_cell_phone","Cell phone",-0.00108345167245716
5,30149,"P_internet","Internet",0.00654475204646587
5,30149,"P_poverty","Poverty",0.0027180986944586
5,30149,"bias_w","Spatial bias",0.0275428760796785
5,30150,"P_age_00_14","Population 0-14",-0.00509678898379207
5,30150,"P_age_15_39","Population 15-39",0.00454694451764226
5,30150,"P_read_write","Literacy",0.000291621399810538
5,30150,"P_cell_phone","Cell phone",-0.00131626205984503
5,30150,"P_internet","Internet",0.00428729318082333
5,30150,"P_poverty","Poverty",0.00181409623473883
5,30150,"bias_w","Spatial bias",0.026013346388936
5,30151,"P_age_00_14","Population 0-14",-0.00791544653475285
5,30151,"P_age_15_39","Population 15-39",0.015859380364418
5,30151,"P_read_write","Literacy",0.00198665075004101
5,30151,"P_cell_phone","Cell phone",-0.00125990691594779
5,30151,"P_internet","Internet",0.00683315331116319
5,30151,"P_poverty","Poverty",0.00108029821421951
5,30151,"bias_w","Spatial bias",0.0261274594813585
5,30152,"P_age_00_14","Population 0-14",-0.00839086621999741
5,30152,"P_age_15_39","Population 15-39",0.015814371407032
5,30152,"P_read_write","Literacy",-0.00176178908441216
5,30152,"P_cell_phone","Cell phone",-0.00259839184582233
5,30152,"P_internet","Internet",0.00559036573395133
5,30152,"P_poverty","Poverty",0.000684306374751031
5,30152,"bias_w","Spatial bias",-0.00447704549878836
5,30153,"P_age_00_14","Population 0-14",-0.00507590919733047
5,30153,"P_age_15_39","Population 15-39",0.00377631699666381
5,30153,"P_read_write","Literacy",0.00417435588315129
5,30153,"P_cell_phone","Cell phone",-0.000996547401882708
5,30153,"P_internet","Internet",0.00697623938322067
5,30153,"P_poverty","Poverty",0.00146806100383401
5,30153,"bias_w","Spatial bias",0.0253164209425449
5,30154,"P_age_00_14","Population 0-14",-0.00785971712321043
5,30154,"P_age_15_39","Population 15-39",0.0157883502542973
5,30154,"P_read_write","Literacy",0.00432667741551995
5,30154,"P_cell_phone","Cell phone",-0.0011961191194132
5,30154,"P_internet","Internet",0.00690448470413685
5,30154,"P_poverty","Poverty",0.00160774774849415
5,30154,"bias_w","Spatial bias",0.0263254605233669
5,30155,"P_age_00_14","Population 0-14",-0.00147396570537239
5,30155,"P_age_15_39","Population 15-39",0.00204512313939631
5,30155,"P_read_write","Literacy",0.00670785969123244
5,30155,"P_cell_phone","Cell phone",-0.00177502341102809
5,30155,"P_internet","Internet",0.00712996441870928
5,30155,"P_poverty","Poverty",0.00181893073022366
5,30155,"bias_w","Spatial bias",0.0206876005977392
5,30156,"P_age_00_14","Population 0-14",0.0116590308025479
5,30156,"P_age_15_39","Population 15-39",-0.00283288210630417
5,30156,"P_read_write","Literacy",0.00562443118542433
5,30156,"P_cell_phone","Cell phone",-0.00149679812602699
5,30156,"P_internet","Internet",-0.00862894300371408
5,30156,"P_poverty","Poverty",0.00193497003056109
5,30156,"bias_w","Spatial bias",-0.00555674312636256
5,30157,"P_age_00_14","Population 0-14",-0.004880809225142
5,30157,"P_age_15_39","Population 15-39",0.0050039691850543
5,30157,"P_read_write","Literacy",0.00442076288163662
5,30157,"P_cell_phone","Cell phone",-0.00103724759537727
5,30157,"P_internet","Internet",0.0018052946543321
5,30157,"P_poverty","Poverty",0.00162480655126274
5,30157,"bias_w","Spatial bias",0.0191293768584728
5,30158,"P_age_00_14","Population 0-14",-0.0054332260042429
5,30158,"P_age_15_39","Population 15-39",0.00551906088367105
5,30158,"P_read_write","Literacy",9.95982118183747e-05
5,30158,"P_cell_phone","Cell phone",-0.00141422019805759
5,30158,"P_internet","Internet",0.00289731356315315
5,30158,"P_poverty","Poverty",0.00141883490141481
5,30158,"bias_w","Spatial bias",0.0173087082803249
5,30159,"P_age_00_14","Population 0-14",0.0165601000189781
5,30159,"P_age_15_39","Population 15-39",-0.00332475313916802
5,30159,"P_read_write","Literacy",0.00932424888014793
5,30159,"P_cell_phone","Cell phone",-0.000918110425118357
5,30159,"P_internet","Internet",-0.00185454962775111
5,30159,"P_poverty","Poverty",0.00252769468352199
5,30159,"bias_w","Spatial bias",0.0380178801715374
5,30160,"P_age_00_14","Population 0-14",-0.00410283822566271
5,30160,"P_age_15_39","Population 15-39",0.00301489373669028
5,30160,"P_read_write","Literacy",-0.00205061887390912
5,30160,"P_cell_phone","Cell phone",-0.00113316578790545
5,30160,"P_internet","Internet",0.00257631507702172
5,30160,"P_poverty","Poverty",0.00166445737704635
5,30160,"bias_w","Spatial bias",0.0228047892451286
5,30161,"P_age_00_14","Population 0-14",-0.00331449508666992
5,30161,"P_age_15_39","Population 15-39",0.00721791898831725
5,30161,"P_read_write","Literacy",0.00336007750593126
5,30161,"P_cell_phone","Cell phone",-0.00121492054313421
5,30161,"P_internet","Internet",0.00602505495771766
5,30161,"P_poverty","Poverty",0.00171098299324512
5,30161,"bias_w","Spatial bias",0.022854546085
5,30162,"P_age_00_14","Population 0-14",-0.00500945886597037
5,30162,"P_age_15_39","Population 15-39",-0.00364556070417166
5,30162,"P_read_write","Literacy",0.00470841396600008
5,30162,"P_cell_phone","Cell phone",-0.00134657346643507
5,30162,"P_internet","Internet",0.00356515566818416
5,30162,"P_poverty","Poverty",0.00253181625157595
5,30162,"bias_w","Spatial bias",0.0163924470543861
5,30163,"P_age_00_14","Population 0-14",-2.27013497351436e-05
5,30163,"P_age_15_39","Population 15-39",0.00323133263736963
5,30163,"P_read_write","Literacy",0.00460303947329521
5,30163,"P_cell_phone","Cell phone",-0.000923149520531297
5,30163,"P_internet","Internet",0.00642418814823031
5,30163,"P_poverty","Poverty",0.00179142400156707
5,30163,"bias_w","Spatial bias",0.00514848344027996
5,30164,"P_age_00_14","Population 0-14",-0.00642238790169358
5,30164,"P_age_15_39","Population 15-39",-0.00404584920033813
5,30164,"P_read_write","Literacy",-0.00267692492343485
5,30164,"P_cell_phone","Cell phone",-0.00256840023212135
5,30164,"P_internet","Internet",-0.00677491584792733
5,30164,"P_poverty","Poverty",0.00303258141502738
5,30164,"bias_w","Spatial bias",-0.00176422181539237
5,30165,"P_age_00_14","Population 0-14",-0.00315946550108492
5,30165,"P_age_15_39","Population 15-39",-0.00393637688830495
5,30165,"P_read_write","Literacy",0.00467256177216768
5,30165,"P_cell_phone","Cell phone",-0.00140982714947313
5,30165,"P_internet","Internet",-0.00443563051521778
5,30165,"P_poverty","Poverty",0.00276622944511473
5,30165,"bias_w","Spatial bias",0.0219586919993162
5,30166,"P_age_00_14","Population 0-14",-0.00990284699946642
5,30166,"P_age_15_39","Population 15-39",-0.00827272515743971
5,30166,"P_read_write","Literacy",0.0134546048939228
5,30166,"P_cell_phone","Cell phone",-0.00592436408624053
5,30166,"P_internet","Internet",0.0125780878588557
5,30166,"P_poverty","Poverty",0.00355833792127669
5,30166,"bias_w","Spatial bias",-0.070688359439373
5,30167,"P_age_00_14","Population 0-14",-0.00281868246383965
5,30167,"P_age_15_39","Population 15-39",0.00365632842294872
5,30167,"P_read_write","Literacy",-0.00408017169684172
5,30167,"P_cell_phone","Cell phone",-0.00123948813416064
5,30167,"P_internet","Internet",0.0074783256277442
5,30167,"P_poverty","Poverty",0.00171150977257639
5,30167,"bias_w","Spatial bias",0.0332063287496567
5,30168,"P_age_00_14","Population 0-14",0.0150300608947873
5,30168,"P_age_15_39","Population 15-39",-0.00706595834344625
5,30168,"P_read_write","Literacy",0.0179628171026707
5,30168,"P_cell_phone","Cell phone",-0.00295938923954964
5,30168,"P_internet","Internet",0.0158341974020004
5,30168,"P_poverty","Poverty",0.00252614356577396
5,30168,"bias_w","Spatial bias",-0.0994069576263428
5,30169,"P_age_00_14","Population 0-14",-0.00410517770797014
5,30169,"P_age_15_39","Population 15-39",0.00576870981603861
5,30169,"P_read_write","Literacy",0.00424564350396395
5,30169,"P_cell_phone","Cell phone",-0.00141129712574184
5,30169,"P_internet","Internet",0.00580564653500915
5,30169,"P_poverty","Poverty",0.00160739291459322
5,30169,"bias_w","Spatial bias",-0.00410083448514342
5,30170,"P_age_00_14","Population 0-14",0.0102659966796637
5,30170,"P_age_15_39","Population 15-39",-0.00108016654849052
5,30170,"P_read_write","Literacy",0.00554523384198546
5,30170,"P_cell_phone","Cell phone",-0.00283872871659696
5,30170,"P_internet","Internet",0.00662392796948552
5,30170,"P_poverty","Poverty",0.00313938595354557
5,30170,"bias_w","Spatial bias",0.0260137263685465
5,30172,"P_age_00_14","Population 0-14",-0.00334993400610983
5,30172,"P_age_15_39","Population 15-39",0.00325312372297049
5,30172,"P_read_write","Literacy",0.00412221765145659
5,30172,"P_cell_phone","Cell phone",-0.00110466475598514
5,30172,"P_internet","Internet",0.00617428962141275
5,30172,"P_poverty","Poverty",0.00177403364796191
5,30172,"bias_w","Spatial bias",0.0142306089401245
5,30173,"P_age_00_14","Population 0-14",-0.00286465836688876
5,30173,"P_age_15_39","Population 15-39",-0.00239875563420355
5,30173,"P_read_write","Literacy",0.00450871791690588
5,30173,"P_cell_phone","Cell phone",-0.00134131778031588
5,30173,"P_internet","Internet",0.00609896657988429
5,30173,"P_poverty","Poverty",0.00282715982757509
5,30173,"bias_w","Spatial bias",0.0233644060790539
5,30174,"P_age_00_14","Population 0-14",-0.0050076562911272
5,30174,"P_age_15_39","Population 15-39",-0.0032672886736691
5,30174,"P_read_write","Literacy",-0.0019857264123857
5,30174,"P_cell_phone","Cell phone",-0.00238466076552868
5,30174,"P_internet","Internet",-0.00678688799962401
5,30174,"P_poverty","Poverty",0.00248494162224233
5,30174,"bias_w","Spatial bias",0.018641198053956
5,30175,"P_age_00_14","Population 0-14",-0.0045923856087029
5,30175,"P_age_15_39","Population 15-39",-0.00342460628598928
5,30175,"P_read_write","Literacy",-0.00224473606795073
5,30175,"P_cell_phone","Cell phone",-0.00203314516693354
5,30175,"P_internet","Internet",-0.00497133051976562
5,30175,"P_poverty","Poverty",0.00283019081689417
5,30175,"bias_w","Spatial bias",0.0221790205687284
5,30176,"P_age_00_14","Population 0-14",-0.00496977102011442
5,30176,"P_age_15_39","Population 15-39",0.0057770749554038
5,30176,"P_read_write","Literacy",0.00252973847091198
5,30176,"P_cell_phone","Cell phone",-0.00123302696738392
5,30176,"P_internet","Internet",0.000221555572352372
5,30176,"P_poverty","Poverty",0.0020035351626575
5,30176,"bias_w","Spatial bias",-0.0048365443944931
5,30177,"P_age_00_14","Population 0-14",0.0174460113048553
5,30177,"P_age_15_39","Population 15-39",-0.00186985009349883
5,30177,"P_read_write","Literacy",0.0141046764329076
5,30177,"P_cell_phone","Cell phone",-0.0026454608887434
5,30177,"P_internet","Internet",0.0160367656499147
5,30177,"P_poverty","Poverty",0.00156758236698806
5,30177,"bias_w","Spatial bias",-0.0684002488851547
5,30178,"P_age_00_14","Population 0-14",-0.00864489004015923
5,30178,"P_age_15_39","Population 15-39",0.00596826057881117
5,30178,"P_read_write","Literacy",0.00331357447430491
5,30178,"P_cell_phone","Cell phone",-0.000937131466343999
5,30178,"P_internet","Internet",-0.00502476980909705
5,30178,"P_poverty","Poverty",0.00176060001831502
5,30178,"bias_w","Spatial bias",-0.00310007692314684
5,30179,"P_age_00_14","Population 0-14",-0.0037306253798306
5,30179,"P_age_15_39","Population 15-39",-0.00427213683724403
5,30179,"P_read_write","Literacy",-0.00392163079231977
5,30179,"P_cell_phone","Cell phone",-0.0029602930881083
5,30179,"P_internet","Internet",0.00579366274178028
5,30179,"P_poverty","Poverty",0.0023630722425878
5,30179,"bias_w","Spatial bias",0.0244338270276785
5,30180,"P_age_00_14","Population 0-14",-0.00150690239388496
5,30180,"P_age_15_39","Population 15-39",0.00361134926788509
5,30180,"P_read_write","Literacy",0.00492185121402144
5,30180,"P_cell_phone","Cell phone",-0.00301388185471296
5,30180,"P_internet","Internet",0.00402849959209561
5,30180,"P_poverty","Poverty",0.00178014789707959
5,30180,"bias_w","Spatial bias",0.0244965478777885
5,30181,"P_age_00_14","Population 0-14",-0.00571391033008695
5,30181,"P_age_15_39","Population 15-39",0.00643379427492619
5,30181,"P_read_write","Literacy",0.00383532722480595
5,30181,"P_cell_phone","Cell phone",-0.00137172709219158
5,30181,"P_internet","Internet",-0.00416901102289557
5,30181,"P_poverty","Poverty",0.000877417856827378
5,30181,"bias_w","Spatial bias",-0.00323578785173595
5,30182,"P_age_00_14","Population 0-14",-0.00379013339988887
5,30182,"P_age_15_39","Population 15-39",-0.0126064755022526
5,30182,"P_read_write","Literacy",-0.00113040918949991
5,30182,"P_cell_phone","Cell phone",-0.0108026638627052
5,30182,"P_internet","Internet",-0.0161663983017206
5,30182,"P_poverty","Poverty",0.00433907750993967
5,30182,"bias_w","Spatial bias",-0.1002411916852
5,30183,"P_age_00_14","Population 0-14",-0.00254241959191859
5,30183,"P_age_15_39","Population 15-39",-0.00321997469291091
5,30183,"P_read_write","Literacy",0.000228529359446838
5,30183,"P_cell_phone","Cell phone",-0.00234032678417861
5,30183,"P_internet","Internet",-0.00654183560982347
5,30183,"P_poverty","Poverty",0.00273540336638689
5,30183,"bias_w","Spatial bias",0.0208285395056009
5,30184,"P_age_00_14","Population 0-14",0.0152811780571938
5,30184,"P_age_15_39","Population 15-39",-0.00182524311821908
5,30184,"P_read_write","Literacy",0.00817588623613119
5,30184,"P_cell_phone","Cell phone",-0.000775499502196908
5,30184,"P_internet","Internet",0.00846552941948175
5,30184,"P_poverty","Poverty",0.00283929496072233
5,30184,"bias_w","Spatial bias",0.0317512974143028
5,30186,"P_age_00_14","Population 0-14",-0.00609742384403944
5,30186,"P_age_15_39","Population 15-39",-0.00521967140957713
5,30186,"P_read_write","Literacy",-0.00307577266357839
5,30186,"P_cell_phone","Cell phone",-0.00218671304173768
5,30186,"P_internet","Internet",-0.00926178693771362
5,30186,"P_poverty","Poverty",0.00208882568404078
5,30186,"bias_w","Spatial bias",0.0214382484555244
5,30187,"P_age_00_14","Population 0-14",0.015611213631928
5,30187,"P_age_15_39","Population 15-39",-0.00166723423171788
5,30187,"P_read_write","Literacy",0.0143880918622017
5,30187,"P_cell_phone","Cell phone",-0.00282900291495025
5,30187,"P_internet","Internet",0.0176586452871561
5,30187,"P_poverty","Poverty",0.00287796487100422
5,30187,"bias_w","Spatial bias",-0.071700930595398
5,30188,"P_age_00_14","Population 0-14",-0.00499871140345931
5,30188,"P_age_15_39","Population 15-39",-0.00379410292953253
5,30188,"P_read_write","Literacy",0.00493958871811628
5,30188,"P_cell_phone","Cell phone",-0.00121458224020898
5,30188,"P_internet","Internet",0.000846174836624414
5,30188,"P_poverty","Poverty",0.00235786172561347
5,30188,"bias_w","Spatial bias",0.0218013096600771
5,30189,"P_age_00_14","Population 0-14",-0.00438503129407763
5,30189,"P_age_15_39","Population 15-39",-0.00323405023664236
5,30189,"P_read_write","Literacy",-0.00446243118494749
5,30189,"P_cell_phone","Cell phone",-0.00198533572256565
5,30189,"P_internet","Internet",-0.00718716392293572
5,30189,"P_poverty","Poverty",0.00290068401955068
5,30189,"bias_w","Spatial bias",0.0163654461503029
5,30190,"P_age_00_14","Population 0-14",-0.00829570647329092
5,30190,"P_age_15_39","Population 15-39",0.0142296869307756
5,30190,"P_read_write","Literacy",0.00165321922395378
5,30190,"P_cell_phone","Cell phone",-0.00167694047559053
5,30190,"P_internet","Internet",0.00175691221375018
5,30190,"P_poverty","Poverty",0.000322948093526065
5,30190,"bias_w","Spatial bias",0.00473932921886444
5,30191,"P_age_00_14","Population 0-14",-0.00590893719345331
5,30191,"P_age_15_39","Population 15-39",0.0044345329515636
5,30191,"P_read_write","Literacy",-0.00106392474845052
5,30191,"P_cell_phone","Cell phone",-0.00172267970629036
5,30191,"P_internet","Internet",-0.00668358383700252
5,30191,"P_poverty","Poverty",0.0017447043210268
5,30191,"bias_w","Spatial bias",-0.00423493329435587
5,30192,"P_age_00_14","Population 0-14",-0.00452493596822023
5,30192,"P_age_15_39","Population 15-39",0.00576549349352717
5,30192,"P_read_write","Literacy",-0.00204720394685864
5,30192,"P_cell_phone","Cell phone",-0.00128254166338593
5,30192,"P_internet","Internet",-0.00505264848470688
5,30192,"P_poverty","Poverty",0.00148995046038181
5,30192,"bias_w","Spatial bias",0.0174206513911486
5,30193,"P_age_00_14","Population 0-14",-0.00638895481824875
5,30193,"P_age_15_39","Population 15-39",-0.0040719504468143
5,30193,"P_read_write","Literacy",-0.00767758814617991
5,30193,"P_cell_phone","Cell phone",0.0228407084941864
5,30193,"P_internet","Internet",-0.00476530892774463
5,30193,"P_poverty","Poverty",0.00317116314545274
5,30193,"bias_w","Spatial bias",-0.0533942356705666
5,30194,"P_age_00_14","Population 0-14",0.01941111497581
5,30194,"P_age_15_39","Population 15-39",-0.00359313818626106
5,30194,"P_read_write","Literacy",0.00603357935324311
5,30194,"P_cell_phone","Cell phone",-0.00155004183761775
5,30194,"P_internet","Internet",0.00192437146324664
5,30194,"P_poverty","Poverty",0.0016852238913998
5,30194,"bias_w","Spatial bias",-0.00943221617490053
5,30195,"P_age_00_14","Population 0-14",0.013074018061161
5,30195,"P_age_15_39","Population 15-39",-0.00316991517320275
5,30195,"P_read_write","Literacy",0.00804267637431622
5,30195,"P_cell_phone","Cell phone",-0.000801353307906538
5,30195,"P_internet","Internet",0.00760973617434502
5,30195,"P_poverty","Poverty",0.00274787261150777
5,30195,"bias_w","Spatial bias",0.0310425497591496
5,30196,"P_age_00_14","Population 0-14",-0.00418087793514132
5,30196,"P_age_15_39","Population 15-39",0.00585707044228911
5,30196,"P_read_write","Literacy",-0.00201284629292786
5,30196,"P_cell_phone","Cell phone",-0.00202368921600282
5,30196,"P_internet","Internet",-0.00865286029875278
5,30196,"P_poverty","Poverty",0.00112536991946399
5,30196,"bias_w","Spatial bias",-0.00742417387664318
5,30197,"P_age_00_14","Population 0-14",-0.00345631456002593
5,30197,"P_age_15_39","Population 15-39",0.00545273534953594
5,30197,"P_read_write","Literacy",0.00380701874382794
5,30197,"P_cell_phone","Cell phone",-0.00132825947366655
5,30197,"P_internet","Internet",0.00348047190345824
5,30197,"P_poverty","Poverty",0.00194021232891828
5,30197,"bias_w","Spatial bias",0.0221651270985603
5,30198,"P_age_00_14","Population 0-14",-0.00336669594980776
5,30198,"P_age_15_39","Population 15-39",0.0040312772616744
5,30198,"P_read_write","Literacy",0.00455015478655696
5,30198,"P_cell_phone","Cell phone",-0.000948029453866184
5,30198,"P_internet","Internet",0.00568765727803111
5,30198,"P_poverty","Poverty",0.00179684697650373
5,30198,"bias_w","Spatial bias",0.0225897617638111
5,30200,"P_age_00_14","Population 0-14",-0.00768052972853184
5,30200,"P_age_15_39","Population 15-39",-0.00495046190917492
5,30200,"P_read_write","Literacy",0.00073801469989121
5,30200,"P_cell_phone","Cell phone",-0.00132955657318234
5,30200,"P_internet","Internet",0.000869894516654313
5,30200,"P_poverty","Poverty",0.00187889614608139
5,30200,"bias_w","Spatial bias",0.0201617777347565
5,30201,"P_age_00_14","Population 0-14",-0.00184026837814599
5,30201,"P_age_15_39","Population 15-39",-0.00199702009558678
5,30201,"P_read_write","Literacy",0.0078214518725872
5,30201,"P_cell_phone","Cell phone",-0.00161627971101552
5,30201,"P_internet","Internet",0.00631865300238132
5,30201,"P_poverty","Poverty",0.00240379082970321
5,30201,"bias_w","Spatial bias",0.0258464608341455
5,30202,"P_age_00_14","Population 0-14",0.00999518763273954
5,30202,"P_age_15_39","Population 15-39",0.00175870838575065
5,30202,"P_read_write","Literacy",0.00527253281325102
5,30202,"P_cell_phone","Cell phone",-0.00272732344456017
5,30202,"P_internet","Internet",0.00643451884388924
5,30202,"P_poverty","Poverty",0.00258010160177946
5,30202,"bias_w","Spatial bias",0.0257249474525452
5,30204,"P_age_00_14","Population 0-14",-0.004386015702039
5,30204,"P_age_15_39","Population 15-39",0.00452175596728921
5,30204,"P_read_write","Literacy",-0.00276110065169632
5,30204,"P_cell_phone","Cell phone",0.0027640238404274
5,30204,"P_internet","Internet",-0.00732109835371375
5,30204,"P_poverty","Poverty",0.00258830678649247
5,30204,"bias_w","Spatial bias",-0.021935960277915
5,30205,"P_age_00_14","Population 0-14",-0.00400402769446373
5,30205,"P_age_15_39","Population 15-39",0.00322640407830477
5,30205,"P_read_write","Literacy",-0.00179276440758258
5,30205,"P_cell_phone","Cell phone",-0.00257642148062587
5,30205,"P_internet","Internet",0.00234341342002153
5,30205,"P_poverty","Poverty",0.0013533573364839
5,30205,"bias_w","Spatial bias",0.0207527186721563
5,30207,"P_age_00_14","Population 0-14",-0.00441232090815902
5,30207,"P_age_15_39","Population 15-39",0.00275232060812414
5,30207,"P_read_write","Literacy",0.00365676428191364
5,30207,"P_cell_phone","Cell phone",-0.00200933031737804
5,30207,"P_internet","Internet",-0.00371356983669102
5,30207,"P_poverty","Poverty",0.00166894029825926
5,30207,"bias_w","Spatial bias",0.00337316049262881
5,30208,"P_age_00_14","Population 0-14",-0.00663515366613865
5,30208,"P_age_15_39","Population 15-39",0.00379406451247633
5,30208,"P_read_write","Literacy",0.000668390304781497
5,30208,"P_cell_phone","Cell phone",-0.00218605645932257
5,30208,"P_internet","Internet",-0.00962995085865259
5,30208,"P_poverty","Poverty",0.000697129289619625
5,30208,"bias_w","Spatial bias",0.00714185694232583
5,30209,"P_age_00_14","Population 0-14",-0.00235555111430585
5,30209,"P_age_15_39","Population 15-39",-0.00246113305911422
5,30209,"P_read_write","Literacy",0.00800202041864395
5,30209,"P_cell_phone","Cell phone",-0.00151149218436331
5,30209,"P_internet","Internet",0.00627267686650157
5,30209,"P_poverty","Poverty",0.00205746875144541
5,30209,"bias_w","Spatial bias",0.0276014823466539
5,30210,"P_age_00_14","Population 0-14",0.00995349232107401
5,30210,"P_age_15_39","Population 15-39",-0.00215128832496703
5,30210,"P_read_write","Literacy",0.0046466444619
5,30210,"P_cell_phone","Cell phone",-0.00127981812693179
5,30210,"P_internet","Internet",0.00655597588047385
5,30210,"P_poverty","Poverty",0.00188714696560055
5,30210,"bias_w","Spatial bias",0.0252868868410587
5,30211,"P_age_00_14","Population 0-14",-0.0064174635335803
5,30211,"P_age_15_39","Population 15-39",0.00338812079280615
5,30211,"P_read_write","Literacy",-0.00212333863601089
5,30211,"P_cell_phone","Cell phone",-0.000475434877444059
5,30211,"P_internet","Internet",-0.00485678669065237
5,30211,"P_poverty","Poverty",0.00178017560392618
5,30211,"bias_w","Spatial bias",0.0047921072691679
5,30212,"P_age_00_14","Population 0-14",0.00908594112843275
5,30212,"P_age_15_39","Population 15-39",0.0022506054956466
5,30212,"P_read_write","Literacy",0.00481399707496166
5,30212,"P_cell_phone","Cell phone",-0.000985607504844666
5,30212,"P_internet","Internet",0.00600808905437589
5,30212,"P_poverty","Poverty",0.0013281584251672
5,30212,"bias_w","Spatial bias",0.0229011885821819
5,32001,"P_age_00_14","Population 0-14",-0.00295967631973326
5,32001,"P_age_15_39","Population 15-39",0.00561714870855212
5,32001,"P_read_write","Literacy",-0.00207568216137588
5,32001,"P_cell_phone","Cell phone",-0.00352862640284002
5,32001,"P_internet","Internet",-0.00374057609587908
5,32001,"P_poverty","Poverty",0.00136920250952244
5,32001,"bias_w","Spatial bias",-0.00451375776901841
5,32002,"P_age_00_14","Population 0-14",0.00792569387704134
5,32002,"P_age_15_39","Population 15-39",0.00575764244422317
5,32002,"P_read_write","Literacy",-0.00676195276901126
5,32002,"P_cell_phone","Cell phone",-0.00109683279879391
5,32002,"P_internet","Internet",-0.0097287530079484
5,32002,"P_poverty","Poverty",0.000895766075700521
5,32002,"bias_w","Spatial bias",-0.000183355732588097
5,32003,"P_age_00_14","Population 0-14",-0.00428308639675379
5,32003,"P_age_15_39","Population 15-39",0.011629625223577
5,32003,"P_read_write","Literacy",-0.00402509933337569
5,32003,"P_cell_phone","Cell phone",-0.00274174590595067
5,32003,"P_internet","Internet",-0.00648579467087984
5,32003,"P_poverty","Poverty",0.000773997977375984
5,32003,"bias_w","Spatial bias",0.0053134374320507
5,32004,"P_age_00_14","Population 0-14",0.006907700560987
5,32004,"P_age_15_39","Population 15-39",0.00340305035933852
5,32004,"P_read_write","Literacy",-0.00403233617544174
5,32004,"P_cell_phone","Cell phone",-0.00240901601500809
5,32004,"P_internet","Internet",0.000286179652903229
5,32004,"P_poverty","Poverty",0.00151087914127856
5,32004,"bias_w","Spatial bias",0.0172994509339333
5,32005,"P_age_00_14","Population 0-14",0.00461654830724001
5,32005,"P_age_15_39","Population 15-39",0.000203102070372552
5,32005,"P_read_write","Literacy",-0.00710392277687788
5,32005,"P_cell_phone","Cell phone",-0.0092380503192544
5,32005,"P_internet","Internet",-0.0101731587201357
5,32005,"P_poverty","Poverty",0.00348481419496238
5,32005,"bias_w","Spatial bias",-0.078038677573204
5,32006,"P_age_00_14","Population 0-14",-0.00123854551929981
5,32006,"P_age_15_39","Population 15-39",0.00333363329991698
5,32006,"P_read_write","Literacy",-0.00513764843344688
5,32006,"P_cell_phone","Cell phone",-0.00290448940359056
5,32006,"P_internet","Internet",0.000234910752624273
5,32006,"P_poverty","Poverty",0.00211188313551247
5,32006,"bias_w","Spatial bias",0.00416910368949175
5,32008,"P_age_00_14","Population 0-14",0.0119591997936368
5,32008,"P_age_15_39","Population 15-39",-0.00235873716883361
5,32008,"P_read_write","Literacy",-0.00245632184669375
5,32008,"P_cell_phone","Cell phone",-0.0012546869693324
5,32008,"P_internet","Internet",0.00245531019754708
5,32008,"P_poverty","Poverty",0.00201721861958504
5,32008,"bias_w","Spatial bias",0.00597490044310689
5,32009,"P_age_00_14","Population 0-14",-0.0017936957301572
5,32009,"P_age_15_39","Population 15-39",0.0040764007717371
5,32009,"P_read_write","Literacy",-0.00214683380909264
5,32009,"P_cell_phone","Cell phone",-0.00091233232524246
5,32009,"P_internet","Internet",-0.00102124700788409
5,32009,"P_poverty","Poverty",0.00117396330460906
5,32009,"bias_w","Spatial bias",0.0187041386961937
5,32010,"P_age_00_14","Population 0-14",0.00124909717123955
5,32010,"P_age_15_39","Population 15-39",-0.00307377753779292
5,32010,"P_read_write","Literacy",-0.00430146651342511
5,32010,"P_cell_phone","Cell phone",-0.00410888344049454
5,32010,"P_internet","Internet",-0.00697475019842386
5,32010,"P_poverty","Poverty",0.00260434718802571
5,32010,"bias_w","Spatial bias",-0.0036415143404156
5,32011,"P_age_00_14","Population 0-14",-0.00350803695619106
5,32011,"P_age_15_39","Population 15-39",0.00587282609194517
5,32011,"P_read_write","Literacy",-0.00155636924318969
5,32011,"P_cell_phone","Cell phone",-0.000511496560648084
5,32011,"P_internet","Internet",-0.00965640041977167
5,32011,"P_poverty","Poverty",0.00100078771356493
5,32011,"bias_w","Spatial bias",-0.00405158149078488
5,32012,"P_age_00_14","Population 0-14",0.00972097273916006
5,32012,"P_age_15_39","Population 15-39",-0.00334126525558531
5,32012,"P_read_write","Literacy",-0.00269132968969643
5,32012,"P_cell_phone","Cell phone",-0.000653118418995291
5,32012,"P_internet","Internet",-0.00709826964884996
5,32012,"P_poverty","Poverty",0.00246606417931616
5,32012,"bias_w","Spatial bias",0.0090639516711235
5,32013,"P_age_00_14","Population 0-14",0.00892294570803642
5,32013,"P_age_15_39","Population 15-39",-0.00860426761209965
5,32013,"P_read_write","Literacy",-0.0135352881625295
5,32013,"P_cell_phone","Cell phone",-0.0107881184667349
5,32013,"P_internet","Internet",-0.00385673134587705
5,32013,"P_poverty","Poverty",0.00357711897231638
5,32013,"bias_w","Spatial bias",-0.0721616819500923
5,32015,"P_age_00_14","Population 0-14",-0.00359833845868707
5,32015,"P_age_15_39","Population 15-39",0.0241454038769007
5,32015,"P_read_write","Literacy",-0.00193280109670013
5,32015,"P_cell_phone","Cell phone",-0.00242597376927733
5,32015,"P_internet","Internet",-0.0105019863694906
5,32015,"P_poverty","Poverty",0.0011578407138586
5,32015,"bias_w","Spatial bias",-0.00641560601070523
5,32016,"P_age_00_14","Population 0-14",0.00840248074382544
5,32016,"P_age_15_39","Population 15-39",-0.00224098865874112
5,32016,"P_read_write","Literacy",-0.00197308254428208
5,32016,"P_cell_phone","Cell phone",-0.000993445166386664
5,32016,"P_internet","Internet",0.00112808949779719
5,32016,"P_poverty","Poverty",0.00216123601421714
5,32016,"bias_w","Spatial bias",0.0201597977429628
5,32017,"P_age_00_14","Population 0-14",-0.00159067660570145
5,32017,"P_age_15_39","Population 15-39",-0.00262313685379922
5,32017,"P_read_write","Literacy",-0.00680666789412498
5,32017,"P_cell_phone","Cell phone",0.0321503989398479
5,32017,"P_internet","Internet",-0.00477350316941738
5,32017,"P_poverty","Poverty",-0.00328131578862667
5,32017,"bias_w","Spatial bias",-0.069463923573494
5,32018,"P_age_00_14","Population 0-14",-0.00570439407601953
5,32018,"P_age_15_39","Population 15-39",-0.00084864511154592
5,32018,"P_read_write","Literacy",-0.00279414607211947
5,32018,"P_cell_phone","Cell phone",-0.00227782502770424
5,32018,"P_internet","Internet",-0.010215169750154
5,32018,"P_poverty","Poverty",0.00070497760316357
5,32018,"bias_w","Spatial bias",0.00452920561656356
5,32019,"P_age_00_14","Population 0-14",-0.000705992337316275
5,32019,"P_age_15_39","Population 15-39",-0.00477414019405842
5,32019,"P_read_write","Literacy",-0.00328157725743949
5,32019,"P_cell_phone","Cell phone",-0.00163815112318844
5,32019,"P_internet","Internet",-0.00828386750072241
5,32019,"P_poverty","Poverty",0.0039916061796248
5,32019,"bias_w","Spatial bias",-0.0231268852949142
5,32020,"P_age_00_14","Population 0-14",-0.00368243595585227
5,32020,"P_age_15_39","Population 15-39",-0.0026290575042367
5,32020,"P_read_write","Literacy",-0.00344805209897459
5,32020,"P_cell_phone","Cell phone",-0.00190597109030932
5,32020,"P_internet","Internet",-0.00681321322917938
5,32020,"P_poverty","Poverty",0.00250109215267003
5,32020,"bias_w","Spatial bias",-0.00370261608622968
5,32021,"P_age_00_14","Population 0-14",0.010116720572114
5,32021,"P_age_15_39","Population 15-39",0.00276600266806781
5,32021,"P_read_write","Literacy",0.0025574192404747
5,32021,"P_cell_phone","Cell phone",-0.000705565325915813
5,32021,"P_internet","Internet",-0.00762641383334994
5,32021,"P_poverty","Poverty",0.00182564335409552
5,32021,"bias_w","Spatial bias",0.0192908123135567
5,32023,"P_age_00_14","Population 0-14",-0.00274368398822844
5,32023,"P_age_15_39","Population 15-39",0.00481079146265984
5,32023,"P_read_write","Literacy",0.000136632996145636
5,32023,"P_cell_phone","Cell phone",-0.00330512830987573
5,32023,"P_internet","Internet",-0.00738875707611442
5,32023,"P_poverty","Poverty",0.00143264618236572
5,32023,"bias_w","Spatial bias",-0.00494434125721455
5,32024,"P_age_00_14","Population 0-14",0.00743476627394557
5,32024,"P_age_15_39","Population 15-39",-0.00287866871803999
5,32024,"P_read_write","Literacy",-0.00615881849080324
5,32024,"P_cell_phone","Cell phone",-0.00338253099471331
5,32024,"P_internet","Internet",-0.00721368007361889
5,32024,"P_poverty","Poverty",0.00195082440041006
5,32024,"bias_w","Spatial bias",0.0207912493497133
5,32025,"P_age_00_14","Population 0-14",0.00783554278314114
5,32025,"P_age_15_39","Population 15-39",-0.00227474817074835
5,32025,"P_read_write","Literacy",-0.000200683833099902
5,32025,"P_cell_phone","Cell phone",-0.000842949084471911
5,32025,"P_internet","Internet",-0.00409176433458924
5,32025,"P_poverty","Poverty",0.00197494495660067
5,32025,"bias_w","Spatial bias",0.0167755279690027
5,32028,"P_age_00_14","Population 0-14",-0.0035269777290523
5,32028,"P_age_15_39","Population 15-39",0.00478571373969316
5,32028,"P_read_write","Literacy",-0.00210004881955683
5,32028,"P_cell_phone","Cell phone",-0.00183964194729924
5,32028,"P_internet","Internet",-0.00964023545384407
5,32028,"P_poverty","Poverty",0.00158833677414805
5,32028,"bias_w","Spatial bias",-0.00521392421796918
5,32030,"P_age_00_14","Population 0-14",-0.003644451033324
5,32030,"P_age_15_39","Population 15-39",0.00484918523579836
5,32030,"P_read_write","Literacy",-0.00377578241750598
5,32030,"P_cell_phone","Cell phone",-0.00224652187898755
5,32030,"P_internet","Internet",-0.00741516100242734
5,32030,"P_poverty","Poverty",0.000813862308859825
5,32030,"bias_w","Spatial bias",0.00556790875270963
5,32031,"P_age_00_14","Population 0-14",-0.00316561618819833
5,32031,"P_age_15_39","Population 15-39",0.0137490900233388
5,32031,"P_read_write","Literacy",-0.00392648810520768
5,32031,"P_cell_phone","Cell phone",-0.000447133730631322
5,32031,"P_internet","Internet",-0.000127050108858384
5,32031,"P_poverty","Poverty",0.00218807603232563
5,32031,"bias_w","Spatial bias",-0.0241202842444181
5,32032,"P_age_00_14","Population 0-14",-0.0058737387880683
5,32032,"P_age_15_39","Population 15-39",-0.0200842414051294
5,32032,"P_read_write","Literacy",-0.0112741626799107
5,32032,"P_cell_phone","Cell phone",-0.0312770456075668
5,32032,"P_internet","Internet",-0.0202592667192221
5,32032,"P_poverty","Poverty",-0.0288889016956091
5,32032,"bias_w","Spatial bias",-0.123779691755772
5,32033,"P_age_00_14","Population 0-14",-0.00367941544391215
5,32033,"P_age_15_39","Population 15-39",0.0213386211544275
5,32033,"P_read_write","Literacy",-0.00130720867309719
5,32033,"P_cell_phone","Cell phone",-0.00159096263814718
5,32033,"P_internet","Internet",-0.00944140926003456
5,32033,"P_poverty","Poverty",0.00112605874892324
5,32033,"bias_w","Spatial bias",-0.0047823628410697
5,32034,"P_age_00_14","Population 0-14",-0.00232268567197025
5,32034,"P_age_15_39","Population 15-39",0.00469799758866429
5,32034,"P_read_write","Literacy",-0.00138721673283726
5,32034,"P_cell_phone","Cell phone",-0.00368523434735835
5,32034,"P_internet","Internet",-0.0089201582595706
5,32034,"P_poverty","Poverty",0.00125809444580227
5,32034,"bias_w","Spatial bias",0.00405136868357658
5,32035,"P_age_00_14","Population 0-14",0.00944711361080408
5,32035,"P_age_15_39","Population 15-39",-0.0022792664822191
5,32035,"P_read_write","Literacy",-0.00232848292216659
5,32035,"P_cell_phone","Cell phone",-0.000761922856327146
5,32035,"P_internet","Internet",0.00284083653241396
5,32035,"P_poverty","Poverty",0.00202297465875745
5,32035,"bias_w","Spatial bias",0.019615164026618
5,32036,"P_age_00_14","Population 0-14",0.00742862606421113
5,32036,"P_age_15_39","Population 15-39",-0.00308149354532361
5,32036,"P_read_write","Literacy",-0.00223033386282623
5,32036,"P_cell_phone","Cell phone",-0.000963078462518752
5,32036,"P_internet","Internet",-0.00807427521795034
5,32036,"P_poverty","Poverty",0.00206467509269714
5,32036,"bias_w","Spatial bias",0.0192224495112896
5,32037,"P_age_00_14","Population 0-14",0.00859178230166435
5,32037,"P_age_15_39","Population 15-39",-0.00879887957125902
5,32037,"P_read_write","Literacy",-0.00224375887773931
5,32037,"P_cell_phone","Cell phone",-0.00663297856226563
5,32037,"P_internet","Internet",0.00187693757470697
5,32037,"P_poverty","Poverty",0.00340315233916044
5,32037,"bias_w","Spatial bias",-0.133417725563049
5,32038,"P_age_00_14","Population 0-14",0.0100166443735361
5,32038,"P_age_15_39","Population 15-39",0.00500630587339401
5,32038,"P_read_write","Literacy",-0.00189797265920788
5,32038,"P_cell_phone","Cell phone",-0.000710110238287598
5,32038,"P_internet","Internet",0.00614651339128613
5,32038,"P_poverty","Poverty",0.00162718095816672
5,32038,"bias_w","Spatial bias",-0.00387518666684628
5,32039,"P_age_00_14","Population 0-14",-0.00194563274271786
5,32039,"P_age_15_39","Population 15-39",-0.00288165989331901
5,32039,"P_read_write","Literacy",-0.00165836850646883
5,32039,"P_cell_phone","Cell phone",-0.0033650144468993
5,32039,"P_internet","Internet",-0.00544508267194033
5,32039,"P_poverty","Poverty",0.00310270278714597
5,32039,"bias_w","Spatial bias",0.00693751592189074
5,32040,"P_age_00_14","Population 0-14",0.0077199311926961
5,32040,"P_age_15_39","Population 15-39",0.00390757154673338
5,32040,"P_read_write","Literacy",-0.00714172702282667
5,32040,"P_cell_phone","Cell phone",-0.00103510532062501
5,32040,"P_internet","Internet",0.00100336130708456
5,32040,"P_poverty","Poverty",0.00156283972319216
5,32040,"bias_w","Spatial bias",0.00813485309481621
5,32041,"P_age_00_14","Population 0-14",-0.00204041786491871
5,32041,"P_age_15_39","Population 15-39",0.0113663421943784
5,32041,"P_read_write","Literacy",0.00259362673386931
5,32041,"P_cell_phone","Cell phone",-0.00331467622891068
5,32041,"P_internet","Internet",0.0044943243265152
5,32041,"P_poverty","Poverty",0.000988997984677553
5,32041,"bias_w","Spatial bias",0.0183590035885572
5,32042,"P_age_00_14","Population 0-14",-0.00079603708581999
5,32042,"P_age_15_39","Population 15-39",-0.00225501414388418
5,32042,"P_read_write","Literacy",-0.00467101717367768
5,32042,"P_cell_phone","Cell phone",-0.0045290132984519
5,32042,"P_internet","Internet",-0.00652101309970021
5,32042,"P_poverty","Poverty",0.00234085996635258
5,32042,"bias_w","Spatial bias",0.0205354522913694
5,32043,"P_age_00_14","Population 0-14",-0.0058947978541255
5,32043,"P_age_15_39","Population 15-39",0.00510465633124113
5,32043,"P_read_write","Literacy",-0.00188634218648076
5,32043,"P_cell_phone","Cell phone",-0.00178034172859043
5,32043,"P_internet","Internet",-0.0110100815072656
5,32043,"P_poverty","Poverty",0.00199123821221292
5,32043,"bias_w","Spatial bias",-0.00416753673925996
5,32044,"P_age_00_14","Population 0-14",-0.000790805032011122
5,32044,"P_age_15_39","Population 15-39",-0.00547606684267521
5,32044,"P_read_write","Literacy",-0.00259205000475049
5,32044,"P_cell_phone","Cell phone",-0.000838763546198606
5,32044,"P_internet","Internet",-0.00753720290958881
5,32044,"P_poverty","Poverty",0.00399464461952448
5,32044,"bias_w","Spatial bias",-0.0226043481379747
5,32045,"P_age_00_14","Population 0-14",-0.00140856904909015
5,32045,"P_age_15_39","Population 15-39",0.00501393247395754
5,32045,"P_read_write","Literacy",-0.00463266624137759
5,32045,"P_cell_phone","Cell phone",-0.00304558780044317
5,32045,"P_internet","Internet",-0.00587348360568285
5,32045,"P_poverty","Poverty",0.00142970052547753
5,32045,"bias_w","Spatial bias",-0.00279358751140535
5,32046,"P_age_00_14","Population 0-14",-0.00682777492329478
5,32046,"P_age_15_39","Population 15-39",0.0230810549110174
5,32046,"P_read_write","Literacy",-0.00186187250073999
5,32046,"P_cell_phone","Cell phone",-0.00311737623997033
5,32046,"P_internet","Internet",8.5165178461466e-05
5,32046,"P_poverty","Poverty",0.00207397271879017
5,32046,"bias_w","Spatial bias",-0.0316298231482506
5,32047,"P_age_00_14","Population 0-14",-0.00258663715794683
5,32047,"P_age_15_39","Population 15-39",0.00389139680191875
5,32047,"P_read_write","Literacy",-0.00416477350518107
5,32047,"P_cell_phone","Cell phone",-0.00100286770612001
5,32047,"P_internet","Internet",-0.00535577535629272
5,32047,"P_poverty","Poverty",0.00111284910235554
5,32047,"bias_w","Spatial bias",0.00500613451004028
5,32048,"P_age_00_14","Population 0-14",-0.00169733830261976
5,32048,"P_age_15_39","Population 15-39",-0.00302175292745233
5,32048,"P_read_write","Literacy",-0.00441813142970204
5,32048,"P_cell_phone","Cell phone",-0.00291757890954614
5,32048,"P_internet","Internet",-0.00579079147428274
5,32048,"P_poverty","Poverty",0.00258965184912086
5,32048,"bias_w","Spatial bias",-0.0037633921019733
5,32049,"P_age_00_14","Population 0-14",-0.00163993937894702
5,32049,"P_age_15_39","Population 15-39",0.00434541096910834
5,32049,"P_read_write","Literacy",-0.00237862230278552
5,32049,"P_cell_phone","Cell phone",-0.00106505479197949
5,32049,"P_internet","Internet",1.94422700587893e-05
5,32049,"P_poverty","Poverty",0.00127546128351241
5,32049,"bias_w","Spatial bias",0.0162236876785755
5,32050,"P_age_00_14","Population 0-14",0.00175890838727355
5,32050,"P_age_15_39","Population 15-39",-0.0159204993396997
5,32050,"P_read_write","Literacy",-0.0165310297161341
5,32050,"P_cell_phone","Cell phone",-0.0222724992781878
5,32050,"P_internet","Internet",-0.0296119637787342
5,32050,"P_poverty","Poverty",0.00214148708619177
5,32050,"bias_w","Spatial bias",-0.150703892111778
5,32051,"P_age_00_14","Population 0-14",0.00955062080174685
5,32051,"P_age_15_39","Population 15-39",0.00278384075500071
5,32051,"P_read_write","Literacy",-0.00231200223788619
5,32051,"P_cell_phone","Cell phone",-0.000711242784745991
5,32051,"P_internet","Internet",0.000199461821466684
5,32051,"P_poverty","Poverty",0.00184839824214578
5,32051,"bias_w","Spatial bias",-0.00479089329019189
5,32052,"P_age_00_14","Population 0-14",0.00924675166606903
5,32052,"P_age_15_39","Population 15-39",-0.00668398477137089
5,32052,"P_read_write","Literacy",-0.0054820729419589
5,32052,"P_cell_phone","Cell phone",-0.00533735752105713
5,32052,"P_internet","Internet",-0.00650710193440318
5,32052,"P_poverty","Poverty",-0.0108640501275659
5,32052,"bias_w","Spatial bias",0.00834923982620239
5,32053,"P_age_00_14","Population 0-14",0.00598375592380762
5,32053,"P_age_15_39","Population 15-39",0.00330195343121886
5,32053,"P_read_write","Literacy",-0.00214696396142244
5,32053,"P_cell_phone","Cell phone",-0.000963155820500106
5,32053,"P_internet","Internet",-0.00841350294649601
5,32053,"P_poverty","Poverty",0.00131951016373932
5,32053,"bias_w","Spatial bias",0.0196246709674597
5,32054,"P_age_00_14","Population 0-14",0.0095112007111311
5,32054,"P_age_15_39","Population 15-39",-0.00254314998164773
5,32054,"P_read_write","Literacy",-0.00212749908678234
5,32054,"P_cell_phone","Cell phone",-0.000914041302166879
5,32054,"P_internet","Internet",0.00348139391280711
5,32054,"P_poverty","Poverty",0.0024665673263371
5,32054,"bias_w","Spatial bias",0.0213855877518654
5,32055,"P_age_00_14","Population 0-14",-0.00144071318209171
5,32055,"P_age_15_39","Population 15-39",0.0108035625889897
5,32055,"P_read_write","Literacy",-0.00773780699819326
5,32055,"P_cell_phone","Cell phone",-0.00909316446632147
5,32055,"P_internet","Internet",-0.0147759569808841
5,32055,"P_poverty","Poverty",0.00289210164919496
5,32055,"bias_w","Spatial bias",-0.0683519095182419
5,32056,"P_age_00_14","Population 0-14",-0.00458297040313482
5,32056,"P_age_15_39","Population 15-39",-0.0018595258006826
5,32056,"P_read_write","Literacy",-0.00670825829729438
5,32056,"P_cell_phone","Cell phone",0.0323305130004883
5,32056,"P_internet","Internet",-0.00429813284426928
5,32056,"P_poverty","Poverty",-0.00401964271441102
5,32056,"bias_w","Spatial bias",-0.0934807434678078
5,32057,"P_age_00_14","Population 0-14",0.0121752172708511
5,32057,"P_age_15_39","Population 15-39",-0.00659031886607409
5,32057,"P_read_write","Literacy",-1.07309242594056e-05
5,32057,"P_cell_phone","Cell phone",-0.00325369485653937
5,32057,"P_internet","Internet",0.00818368885666132
5,32057,"P_poverty","Poverty",0.00325242360122502
5,32057,"bias_w","Spatial bias",-0.076313316822052
5,32058,"P_age_00_14","Population 0-14",-0.00295855151489377
5,32058,"P_age_15_39","Population 15-39",0.00500598270446062
5,32058,"P_read_write","Literacy",-0.00243536778725684
5,32058,"P_cell_phone","Cell phone",-0.00174201000481844
5,32058,"P_internet","Internet",-0.0044058240018785
5,32058,"P_poverty","Poverty",0.00102009542752057
5,32058,"bias_w","Spatial bias",0.00422553904354572
