"fold_id","eta","max_depth","min_child_weight","subsample","colsample_bytree","lambda","alpha","optimal_trees","min_RMSE"
1,0.05,3,1,0.65,0.8,0,0,243,0.00133960610976728
2,0.01,7,3,0.65,1,1,0,1174,0.0014715434423044
3,0.01,5,7,0.8,0.9,0,0,1073,0.00135062316184041
4,0.01,5,3,0.65,1,1,0,1293,0.00131397697440153
5,0.01,7,3,0.8,1,1,0,1059,0.00152649899928949
