"Fold_ID","Area_code","Feature","Plot_label","SHAP_Value"
2,1001,"P_age_00_14","Population 0-14",6.53011084068567e-05
2,1001,"P_migrants","Migrants",0.000101057805295568
2,1001,"P_university_studies","University degree",-0.00059601163957268
2,1001,"P_read_write","Literacy",-0.000300317798973992
2,1001,"P_cell_phone","Cell phone",-0.000212474973523058
2,1001,"P_internet","Internet",-0.00313699478283525
2,1001,"Current_income","Income",-0.00182364578358829
2,1002,"P_age_00_14","Population 0-14",0.000200707712792791
2,1002,"P_migrants","Migrants",-2.06460135814268e-05
2,1002,"P_university_studies","University degree",0.000129058214952238
2,1002,"P_read_write","Literacy",-0.000174559303559363
2,1002,"P_cell_phone","Cell phone",3.97946496377699e-05
2,1002,"P_internet","Internet",-0.00029009350691922
2,1002,"Current_income","Income",-0.000155912508489564
2,1003,"P_age_00_14","Population 0-14",7.71305858506821e-05
2,1003,"P_migrants","Migrants",-0.00018952859682031
2,1003,"P_university_studies","University degree",0.000187159021152183
2,1003,"P_read_write","Literacy",-0.000100947720056865
2,1003,"P_cell_phone","Cell phone",-0.000210966463782825
2,1003,"P_internet","Internet",-0.000996121438220143
2,1003,"Current_income","Income",-0.000427424063673243
2,1005,"P_age_00_14","Population 0-14",0.000298594502964988
2,1005,"P_migrants","Migrants",6.19203055975959e-05
2,1005,"P_university_studies","University degree",-0.000423677585786209
2,1005,"P_read_write","Literacy",-9.90880071185529e-05
2,1005,"P_cell_phone","Cell phone",-0.000209475008887239
2,1005,"P_internet","Internet",-0.00210332195274532
2,1005,"Current_income","Income",-0.000699563999660313
2,1006,"P_age_00_14","Population 0-14",0.000323299929732457
2,1006,"P_migrants","Migrants",4.4260872527957e-05
2,1006,"P_university_studies","University degree",-0.000285042973700911
2,1006,"P_read_write","Literacy",-0.000102901532955002
2,1006,"P_cell_phone","Cell phone",-0.000493152416311204
2,1006,"P_internet","Internet",-0.00168343621771783
2,1006,"Current_income","Income",-0.000253319507464767
2,1008,"P_age_00_14","Population 0-14",0.000271580094704404
2,1008,"P_migrants","Migrants",2.4836115699145e-05
2,1008,"P_university_studies","University degree",1.29073387142853e-05
2,1008,"P_read_write","Literacy",-0.000133732726681046
2,1008,"P_cell_phone","Cell phone",-0.000227176235057414
2,1008,"P_internet","Internet",0.000366374384611845
2,1008,"Current_income","Income",-3.62120190402493e-05
2,1010,"P_age_00_14","Population 0-14",0.000187550598639064
2,1010,"P_migrants","Migrants",1.82576241058996e-05
2,1010,"P_university_studies","University degree",0.000130016895127483
2,1010,"P_read_write","Literacy",-0.000136230839416385
2,1010,"P_cell_phone","Cell phone",4.14687965530902e-05
2,1010,"P_internet","Internet",0.000499715737532824
2,1010,"Current_income","Income",-4.99798188684508e-05
2,1011,"P_age_00_14","Population 0-14",0.000361287355190143
2,1011,"P_migrants","Migrants",2.54207971011056e-05
2,1011,"P_university_studies","University degree",6.12110961810686e-05
2,1011,"P_read_write","Literacy",-0.000132291606860235
2,1011,"P_cell_phone","Cell phone",-0.000435038789873943
2,1011,"P_internet","Internet",-0.0014083890710026
2,1011,"Current_income","Income",-0.000463056523585692
2,2001,"P_age_00_14","Population 0-14",-0.000276556354947388
2,2001,"P_migrants","Migrants",-0.000578443519771099
2,2001,"P_university_studies","University degree",-0.00065595144405961
2,2001,"P_read_write","Literacy",-0.000296612153761089
2,2001,"P_cell_phone","Cell phone",-0.000438374991063029
2,2001,"P_internet","Internet",-0.00336838699877262
2,2001,"Current_income","Income",-0.00182710727676749
2,2002,"P_age_00_14","Population 0-14",-0.000349546200595796
2,2002,"P_migrants","Migrants",-0.00131624552886933
2,2002,"P_university_studies","University degree",-0.00123840000014752
2,2002,"P_read_write","Literacy",-0.000213353749131784
2,2002,"P_cell_phone","Cell phone",-0.000673085101880133
2,2002,"P_internet","Internet",-0.00362977385520935
2,2002,"Current_income","Income",-0.00300042028538883
2,2003,"P_age_00_14","Population 0-14",-0.000130482570966706
2,2003,"P_migrants","Migrants",-0.00121745257638395
2,2003,"P_university_studies","University degree",-0.000569431926123798
2,2003,"P_read_write","Literacy",-0.000357792247086763
2,2003,"P_cell_phone","Cell phone",-0.000948200817219913
2,2003,"P_internet","Internet",-0.0029015566688031
2,2003,"Current_income","Income",-0.00301405321806669
2,2004,"P_age_00_14","Population 0-14",-0.000313315744278952
2,2004,"P_migrants","Migrants",-0.00135797774419188
2,2004,"P_university_studies","University degree",-0.000766815268434584
2,2004,"P_read_write","Literacy",5.07564891449874e-06
2,2004,"P_cell_phone","Cell phone",-0.000824064947664738
2,2004,"P_internet","Internet",-0.00444693816825747
2,2004,"Current_income","Income",-0.00329035031609237
2,2005,"P_age_00_14","Population 0-14",-0.000324545457260683
2,2005,"P_migrants","Migrants",-0.00140739476773888
2,2005,"P_university_studies","University degree",-0.000179708018549718
2,2005,"P_read_write","Literacy",-0.000303704640828073
2,2005,"P_cell_phone","Cell phone",-0.00052123429486528
2,2005,"P_internet","Internet",-0.00338873430155218
2,2005,"Current_income","Income",-0.00126575562171638
2,3001,"P_age_00_14","Population 0-14",-5.66280214115977e-05
2,3001,"P_migrants","Migrants",-6.00097373535391e-05
2,3001,"P_university_studies","University degree",-6.62637612549588e-05
2,3001,"P_read_write","Literacy",-0.000147497587022372
2,3001,"P_cell_phone","Cell phone",-0.000587918097153306
2,3001,"P_internet","Internet",-0.00105382525362074
2,3001,"Current_income","Income",-0.000595659774262458
2,3003,"P_age_00_14","Population 0-14",-0.000327922723954543
2,3003,"P_migrants","Migrants",5.70944102946669e-05
2,3003,"P_university_studies","University degree",-0.000571709591895342
2,3003,"P_read_write","Literacy",-0.000302485103020445
2,3003,"P_cell_phone","Cell phone",-0.00036344604450278
2,3003,"P_internet","Internet",-0.00321418000385165
2,3003,"Current_income","Income",-0.00256148423068225
2,3008,"P_age_00_14","Population 0-14",8.01166679593734e-05
2,3008,"P_migrants","Migrants",-6.90692613716237e-05
2,3008,"P_university_studies","University degree",-0.000721505784895271
2,3008,"P_read_write","Literacy",-0.000342644867487252
2,3008,"P_cell_phone","Cell phone",-0.000662968144752085
2,3008,"P_internet","Internet",-0.00244828150607646
2,3008,"Current_income","Income",-0.00215154443867505
2,3009,"P_age_00_14","Population 0-14",2.71218377747573e-05
2,3009,"P_migrants","Migrants",-9.83930003712885e-05
2,3009,"P_university_studies","University degree",-0.000348369212588295
2,3009,"P_read_write","Literacy",-0.000258243031566963
2,3009,"P_cell_phone","Cell phone",-0.000617704004980624
2,3009,"P_internet","Internet",-0.00102621328551322
2,3009,"Current_income","Income",-0.000814171740785241
2,4001,"P_age_00_14","Population 0-14",3.87351246899925e-05
2,4001,"P_migrants","Migrants",0.000165504752658308
2,4001,"P_university_studies","University degree",-0.000284163921605796
2,4001,"P_read_write","Literacy",9.28193549043499e-05
2,4001,"P_cell_phone","Cell phone",0.000189334110473283
2,4001,"P_internet","Internet",0.000401508412323892
2,4001,"Current_income","Income",-3.56451018888038e-05
2,4002,"P_age_00_14","Population 0-14",-0.000200508380657993
2,4002,"P_migrants","Migrants",3.73900656995829e-05
2,4002,"P_university_studies","University degree",-0.000681079283822328
2,4002,"P_read_write","Literacy",-0.000124833779409528
2,4002,"P_cell_phone","Cell phone",-0.000635701406281441
2,4002,"P_internet","Internet",-0.0019997030030936
2,4002,"Current_income","Income",-0.000599761784542352
2,4003,"P_age_00_14","Population 0-14",-1.12207235360984e-05
2,4003,"P_migrants","Migrants",4.21842414652929e-05
2,4003,"P_university_studies","University degree",-0.000743144017178565
2,4003,"P_read_write","Literacy",-0.000141664335387759
2,4003,"P_cell_phone","Cell phone",-0.000625234562903643
2,4003,"P_internet","Internet",-0.00163119845092297
2,4003,"Current_income","Income",-0.000959759287070483
2,4004,"P_age_00_14","Population 0-14",7.6023417932447e-05
2,4004,"P_migrants","Migrants",-0.000270845805061981
2,4004,"P_university_studies","University degree",7.29104722267948e-05
2,4004,"P_read_write","Literacy",6.12362782703713e-05
2,4004,"P_cell_phone","Cell phone",0.000162585187354125
2,4004,"P_internet","Internet",0.000382652797270566
2,4004,"Current_income","Income",-5.2332179620862e-05
2,4005,"P_age_00_14","Population 0-14",6.64568360662088e-05
2,4005,"P_migrants","Migrants",0.000140043790452182
2,4005,"P_university_studies","University degree",-0.000257823354331776
2,4005,"P_read_write","Literacy",5.90264862694312e-05
2,4005,"P_cell_phone","Cell phone",0.0002165058394894
2,4005,"P_internet","Internet",0.00038707215571776
2,4005,"Current_income","Income",8.90830633579753e-05
2,4006,"P_age_00_14","Population 0-14",0.00017822565860115
2,4006,"P_migrants","Migrants",2.22158973883779e-06
2,4006,"P_university_studies","University degree",1.89257934835041e-05
2,4006,"P_read_write","Literacy",8.3215898484923e-05
2,4006,"P_cell_phone","Cell phone",0.000246586103457958
2,4006,"P_internet","Internet",0.00109447503928095
2,4006,"Current_income","Income",-1.74878023244673e-05
2,4007,"P_age_00_14","Population 0-14",6.18324847891927e-05
2,4007,"P_migrants","Migrants",2.82715445791837e-05
2,4007,"P_university_studies","University degree",-4.68700545752654e-06
2,4007,"P_read_write","Literacy",4.89504091092385e-05
2,4007,"P_cell_phone","Cell phone",0.000176329325768165
2,4007,"P_internet","Internet",0.000664661289192736
2,4007,"Current_income","Income",0.000281794113107026
2,4008,"P_age_00_14","Population 0-14",6.44822212052532e-05
2,4008,"P_migrants","Migrants",0.000126223807455972
2,4008,"P_university_studies","University degree",-6.56131815048866e-05
2,4008,"P_read_write","Literacy",6.23663145233877e-05
2,4008,"P_cell_phone","Cell phone",0.00021632264542859
2,4008,"P_internet","Internet",0.000896310550160706
2,4008,"Current_income","Income",-1.99435125978198e-05
2,4009,"P_age_00_14","Population 0-14",0.000164763172506355
2,4009,"P_migrants","Migrants",8.44223905005492e-06
2,4009,"P_university_studies","University degree",-3.19960213346349e-06
2,4009,"P_read_write","Literacy",7.33469059923664e-05
2,4009,"P_cell_phone","Cell phone",0.00015483214519918
2,4009,"P_internet","Internet",0.000669301254674792
2,4009,"Current_income","Income",-2.44762359216111e-05
2,4010,"P_age_00_14","Population 0-14",0.000191537808859721
2,4010,"P_migrants","Migrants",-4.389099922264e-05
2,4010,"P_university_studies","University degree",0.000201837421627715
2,4010,"P_read_write","Literacy",0.00010873495193664
2,4010,"P_cell_phone","Cell phone",0.000263268739217892
2,4010,"P_internet","Internet",0.00123003066983074
2,4010,"Current_income","Income",0.000494731590151787
2,4011,"P_age_00_14","Population 0-14",0.000176993606146425
2,4011,"P_migrants","Migrants",-2.13660659937887e-05
2,4011,"P_university_studies","University degree",0.000168205922818743
2,4011,"P_read_write","Literacy",0.000114416761789471
2,4011,"P_cell_phone","Cell phone",0.000290862139081582
2,4011,"P_internet","Internet",0.00124815513845533
2,4011,"Current_income","Income",0.000411055778386071
2,5001,"P_age_00_14","Population 0-14",-0.000610875082202256
2,5001,"P_migrants","Migrants",-0.000151300031575374
2,5001,"P_university_studies","University degree",0.000120434691780247
2,5001,"P_read_write","Literacy",-0.000241244008066133
2,5001,"P_cell_phone","Cell phone",-0.00014200147415977
2,5001,"P_internet","Internet",0.00136353867128491
2,5001,"Current_income","Income",-0.00144236022606492
2,5002,"P_age_00_14","Population 0-14",0.000110412052890752
2,5002,"P_migrants","Migrants",-0.000700405682437122
2,5002,"P_university_studies","University degree",8.21551220724359e-05
2,5002,"P_read_write","Literacy",0.000188780875760131
2,5002,"P_cell_phone","Cell phone",-9.59016542765312e-05
2,5002,"P_internet","Internet",-0.00123729766346514
2,5002,"Current_income","Income",-0.00038999505341053
2,5004,"P_age_00_14","Population 0-14",0.000125729624414816
2,5004,"P_migrants","Migrants",5.48177740711253e-05
2,5004,"P_university_studies","University degree",-0.000851385411806405
2,5004,"P_read_write","Literacy",-0.00019612701726146
2,5004,"P_cell_phone","Cell phone",-0.000117277762910817
2,5004,"P_internet","Internet",-0.000925550586543977
2,5004,"Current_income","Income",-0.000498758221510798
2,5005,"P_age_00_14","Population 0-14",3.45999433193356e-06
2,5005,"P_migrants","Migrants",-3.39959260600153e-05
2,5005,"P_university_studies","University degree",0.000142692646477371
2,5005,"P_read_write","Literacy",2.37075619224925e-05
2,5005,"P_cell_phone","Cell phone",-0.00056833541020751
2,5005,"P_internet","Internet",0.000871828815434128
2,5005,"Current_income","Income",-4.81121896882541e-05
2,5006,"P_age_00_14","Population 0-14",6.21860308456235e-05
2,5006,"P_migrants","Migrants",2.48664819082478e-05
2,5006,"P_university_studies","University degree",1.8994185666088e-05
2,5006,"P_read_write","Literacy",-0.000207274497370236
2,5006,"P_cell_phone","Cell phone",-0.000103510094049852
2,5006,"P_internet","Internet",-0.000960179371759295
2,5006,"Current_income","Income",-0.000121626413601916
2,5007,"P_age_00_14","Population 0-14",4.24513491452672e-05
2,5007,"P_migrants","Migrants",2.79464329651091e-05
2,5007,"P_university_studies","University degree",-4.83929870824795e-05
2,5007,"P_read_write","Literacy",-0.00015323307889048
2,5007,"P_cell_phone","Cell phone",-3.75465679098852e-05
2,5007,"P_internet","Internet",0.000433000095654279
2,5007,"Current_income","Income",-0.000471373816253617
2,5008,"P_age_00_14","Population 0-14",5.48582393093966e-05
2,5008,"P_migrants","Migrants",-1.57922731887084e-05
2,5008,"P_university_studies","University degree",0.000187805984751321
2,5008,"P_read_write","Literacy",-0.000130618980620056
2,5008,"P_cell_phone","Cell phone",-0.000217302309465595
2,5008,"P_internet","Internet",0.000478219095384702
2,5008,"Current_income","Income",-3.57678909495007e-05
2,5009,"P_age_00_14","Population 0-14",9.33623960008845e-05
2,5009,"P_migrants","Migrants",9.51872425503097e-05
2,5009,"P_university_studies","University degree",-8.56307524372824e-05
2,5009,"P_read_write","Literacy",-0.00012725981650874
2,5009,"P_cell_phone","Cell phone",-0.000246661831624806
2,5009,"P_internet","Internet",-2.10582300042006e-07
2,5009,"Current_income","Income",-0.000328670197632164
2,5010,"P_age_00_14","Population 0-14",7.23416815162636e-05
2,5010,"P_migrants","Migrants",1.11854624265106e-05
2,5010,"P_university_studies","University degree",-0.000109329463157337
2,5010,"P_read_write","Literacy",1.22038829886151e-06
2,5010,"P_cell_phone","Cell phone",-0.000582894019316882
2,5010,"P_internet","Internet",-0.00182754010893404
2,5010,"Current_income","Income",-0.000602714659180492
2,5011,"P_age_00_14","Population 0-14",8.21294597699307e-05
2,5011,"P_migrants","Migrants",0.000114596623461694
2,5011,"P_university_studies","University degree",0.00014897808432579
2,5011,"P_read_write","Literacy",-0.000112962290586438
2,5011,"P_cell_phone","Cell phone",0.000163881646585651
2,5011,"P_internet","Internet",0.00105891830753535
2,5011,"Current_income","Income",-5.43495480087586e-05
2,5016,"P_age_00_14","Population 0-14",-0.000139560521347448
2,5016,"P_migrants","Migrants",7.57683737901971e-05
2,5016,"P_university_studies","University degree",3.91107496398035e-05
2,5016,"P_read_write","Literacy",-0.000116584851639345
2,5016,"P_cell_phone","Cell phone",-2.51442611443053e-06
2,5016,"P_internet","Internet",0.00123046000953764
2,5016,"Current_income","Income",-0.000132120258058421
2,5017,"P_age_00_14","Population 0-14",5.80065388930961e-05
2,5017,"P_migrants","Migrants",3.40902188327163e-05
2,5017,"P_university_studies","University degree",-8.43170273583382e-05
2,5017,"P_read_write","Literacy",-0.000133798195747659
2,5017,"P_cell_phone","Cell phone",-0.000285768299363554
2,5017,"P_internet","Internet",-0.000417001661844552
2,5017,"Current_income","Income",-0.000353042763890699
2,5018,"P_age_00_14","Population 0-14",-7.29989624232985e-05
2,5018,"P_migrants","Migrants",-4.35578367614653e-05
2,5018,"P_university_studies","University degree",-0.000824088463559747
2,5018,"P_read_write","Literacy",-9.14194388315082e-05
2,5018,"P_cell_phone","Cell phone",-0.000631492875982076
2,5018,"P_internet","Internet",-0.00233893864788115
2,5018,"Current_income","Income",-0.00117041391786188
2,5020,"P_age_00_14","Population 0-14",4.67356076114811e-05
2,5020,"P_migrants","Migrants",2.71931312454399e-05
2,5020,"P_university_studies","University degree",1.55751695274375e-05
2,5020,"P_read_write","Literacy",-0.00017455845954828
2,5020,"P_cell_phone","Cell phone",-0.000115001312224194
2,5020,"P_internet","Internet",-0.00100893701892346
2,5020,"Current_income","Income",-0.000539635773748159
2,5021,"P_age_00_14","Population 0-14",-8.51051954668947e-05
2,5021,"P_migrants","Migrants",0.000211635866435245
2,5021,"P_university_studies","University degree",1.99830283236224e-05
2,5021,"P_read_write","Literacy",-0.000123201592941768
2,5021,"P_cell_phone","Cell phone",-0.000504984054714441
2,5021,"P_internet","Internet",0.000643819977995008
2,5021,"Current_income","Income",-0.000152886990690604
2,5023,"P_age_00_14","Population 0-14",2.31318426813232e-05
2,5023,"P_migrants","Migrants",-5.76051252210164e-06
2,5023,"P_university_studies","University degree",1.47803439176641e-05
2,5023,"P_read_write","Literacy",-0.00017569845658727
2,5023,"P_cell_phone","Cell phone",0.000155840869410895
2,5023,"P_internet","Internet",0.000340301136020571
2,5023,"Current_income","Income",-3.34785113409453e-06
2,5024,"P_age_00_14","Population 0-14",3.67229840776417e-05
2,5024,"P_migrants","Migrants",0.000141529424581677
2,5024,"P_university_studies","University degree",-9.84283615252934e-05
2,5024,"P_read_write","Literacy",-0.000138751449412666
2,5024,"P_cell_phone","Cell phone",2.6814495868166e-05
2,5024,"P_internet","Internet",-0.000427591003244743
2,5024,"Current_income","Income",-0.000380974990548566
2,5026,"P_age_00_14","Population 0-14",2.60228989645839e-05
2,5026,"P_migrants","Migrants",-1.54102563101333e-05
2,5026,"P_university_studies","University degree",0.000188470090506598
2,5026,"P_read_write","Literacy",-0.000120560092909727
2,5026,"P_cell_phone","Cell phone",5.75539816054516e-05
2,5026,"P_internet","Internet",0.000816501735243946
2,5026,"Current_income","Income",-0.000291174132144079
2,5027,"P_age_00_14","Population 0-14",0.000159682225785218
2,5027,"P_migrants","Migrants",0.000103992453659885
2,5027,"P_university_studies","University degree",-0.000505052099470049
2,5027,"P_read_write","Literacy",-0.000313214317429811
2,5027,"P_cell_phone","Cell phone",-0.000703299709130079
2,5027,"P_internet","Internet",-0.0019330132054165
2,5027,"Current_income","Income",-0.000999009236693382
2,5029,"P_age_00_14","Population 0-14",9.61553523666225e-05
2,5029,"P_migrants","Migrants",0.000265848386334255
2,5029,"P_university_studies","University degree",0.000139008479891345
2,5029,"P_read_write","Literacy",-8.48404160933569e-05
2,5029,"P_cell_phone","Cell phone",-0.000222689195652492
2,5029,"P_internet","Internet",0.00129897985607386
2,5029,"Current_income","Income",-0.00039230939000845
2,5030,"P_age_00_14","Population 0-14",0.000154094144818373
2,5030,"P_migrants","Migrants",5.43815949640702e-05
2,5030,"P_university_studies","University degree",-0.000696537143085152
2,5030,"P_read_write","Literacy",4.50222396466415e-05
2,5030,"P_cell_phone","Cell phone",-0.000655217794701457
2,5030,"P_internet","Internet",-0.00336111872456968
2,5030,"Current_income","Income",-0.00194107368588448
2,5031,"P_age_00_14","Population 0-14",2.7183039492229e-05
2,5031,"P_migrants","Migrants",-1.41560440169997e-05
2,5031,"P_university_studies","University degree",-0.000221050824620761
2,5031,"P_read_write","Literacy",3.39626531058457e-05
2,5031,"P_cell_phone","Cell phone",-0.000605790584813803
2,5031,"P_internet","Internet",-0.000159794668434188
2,5031,"Current_income","Income",-0.000356533273588866
2,5032,"P_age_00_14","Population 0-14",-8.78267965163104e-05
2,5032,"P_migrants","Migrants",3.90685745514929e-05
2,5032,"P_university_studies","University degree",-0.000403304991777986
2,5032,"P_read_write","Literacy",-6.10514180152677e-05
2,5032,"P_cell_phone","Cell phone",-0.000257978041190654
2,5032,"P_internet","Internet",-0.0019350330112502
2,5032,"Current_income","Income",-0.000905127089936286
2,5033,"P_age_00_14","Population 0-14",7.9352677857969e-05
2,5033,"P_migrants","Migrants",2.64500231423881e-05
2,5033,"P_university_studies","University degree",-9.12399445951451e-06
2,5033,"P_read_write","Literacy",-0.000153778193634935
2,5033,"P_cell_phone","Cell phone",-8.64336743688909e-06
2,5033,"P_internet","Internet",0.000229793804464862
2,5033,"Current_income","Income",-0.000158505572471768
2,5034,"P_age_00_14","Population 0-14",0.000171493709785864
2,5034,"P_migrants","Migrants",1.65327783179237e-05
2,5034,"P_university_studies","University degree",2.65346102423791e-06
2,5034,"P_read_write","Literacy",-0.000123953184811398
2,5034,"P_cell_phone","Cell phone",0.000104639133496676
2,5034,"P_internet","Internet",0.000346399057889357
2,5034,"Current_income","Income",-5.18179695063736e-05
2,5035,"P_age_00_14","Population 0-14",-0.000105465136584826
2,5035,"P_migrants","Migrants",-4.46992708020844e-05
2,5035,"P_university_studies","University degree",-0.000803573406301439
2,5035,"P_read_write","Literacy",-6.74085531500168e-05
2,5035,"P_cell_phone","Cell phone",-0.000632743583992124
2,5035,"P_internet","Internet",-0.00229060696437955
2,5035,"Current_income","Income",-0.00111376668792218
2,5036,"P_age_00_14","Population 0-14",7.3177034209948e-05
2,5036,"P_migrants","Migrants",1.55968646140536e-05
2,5036,"P_university_studies","University degree",0.000152308828546666
2,5036,"P_read_write","Literacy",-0.000135963899083436
2,5036,"P_cell_phone","Cell phone",0.000107723572000396
2,5036,"P_internet","Internet",0.00116666930261999
2,5036,"Current_income","Income",-2.20989477384137e-05
2,5038,"P_age_00_14","Population 0-14",-2.88036571873818e-05
2,5038,"P_migrants","Migrants",-0.000810788886155933
2,5038,"P_university_studies","University degree",3.97568055632291e-06
2,5038,"P_read_write","Literacy",-0.00016426011279691
2,5038,"P_cell_phone","Cell phone",5.71249938730034e-06
2,5038,"P_internet","Internet",-0.000534253544174135
2,5038,"Current_income","Income",-0.00045168719952926
2,6007,"P_age_00_14","Population 0-14",-6.17114128544927e-05
2,6007,"P_migrants","Migrants",1.43956540341605e-05
2,6007,"P_university_studies","University degree",-0.000268097850494087
2,6007,"P_read_write","Literacy",-0.000160133975441568
2,6007,"P_cell_phone","Cell phone",-0.000612445583101362
2,6007,"P_internet","Internet",-0.00210073101334274
2,6007,"Current_income","Income",-0.000992320128716528
2,6009,"P_age_00_14","Population 0-14",6.5738960984163e-05
2,6009,"P_migrants","Migrants",2.22931757889455e-05
2,6009,"P_university_studies","University degree",2.39554829022381e-05
2,6009,"P_read_write","Literacy",5.70607880945317e-05
2,6009,"P_cell_phone","Cell phone",-0.000225096897338517
2,6009,"P_internet","Internet",-9.88171086646616e-05
2,6009,"Current_income","Income",-0.000312653661239892
2,7001,"P_age_00_14","Population 0-14",0.000202830284251831
2,7001,"P_migrants","Migrants",8.30470435175812e-06
2,7001,"P_university_studies","University degree",0.000169437829754315
2,7001,"P_read_write","Literacy",9.77455492829904e-05
2,7001,"P_cell_phone","Cell phone",0.000138312767376192
2,7001,"P_internet","Internet",0.000608242291491479
2,7001,"Current_income","Income",0.000404740945668891
2,7002,"P_age_00_14","Population 0-14",0.000157045142259449
2,7002,"P_migrants","Migrants",0.000103572354419157
2,7002,"P_university_studies","University degree",2.08885217034549e-06
2,7002,"P_read_write","Literacy",8.98977450560778e-05
2,7002,"P_cell_phone","Cell phone",0.000165861798450351
2,7002,"P_internet","Internet",0.00122565904166549
2,7002,"Current_income","Income",0.000286835245788097
2,7003,"P_age_00_14","Population 0-14",0.000157808273797855
2,7003,"P_migrants","Migrants",-5.06979995407164e-06
2,7003,"P_university_studies","University degree",0.000151040716446005
2,7003,"P_read_write","Literacy",0.000108811036625411
2,7003,"P_cell_phone","Cell phone",0.000244860246311873
2,7003,"P_internet","Internet",0.00122955988626927
2,7003,"Current_income","Income",0.000474318920169026
2,7004,"P_age_00_14","Population 0-14",0.000285974645521492
2,7004,"P_migrants","Migrants",0.000175207285792567
2,7004,"P_university_studies","University degree",0.000272419216344133
2,7004,"P_read_write","Literacy",0.000119600117614027
2,7004,"P_cell_phone","Cell phone",0.000297757243970409
2,7004,"P_internet","Internet",0.00125956151168793
2,7004,"Current_income","Income",0.000652561837341636
2,7005,"P_age_00_14","Population 0-14",0.00028052440029569
2,7005,"P_migrants","Migrants",0.000126857572467998
2,7005,"P_university_studies","University degree",0.000252428202657029
2,7005,"P_read_write","Literacy",0.000111940142232925
2,7005,"P_cell_phone","Cell phone",0.000267136609181762
2,7005,"P_internet","Internet",0.00124259607400745
2,7005,"Current_income","Income",0.000627695757430047
2,7006,"P_age_00_14","Population 0-14",0.000342962128343061
2,7006,"P_migrants","Migrants",-0.000125627440866083
2,7006,"P_university_studies","University degree",0.000287848233710974
2,7006,"P_read_write","Literacy",0.000102019708720036
2,7006,"P_cell_phone","Cell phone",0.00024702528025955
2,7006,"P_internet","Internet",0.000886107794940472
2,7006,"Current_income","Income",0.000572762452065945
2,7007,"P_age_00_14","Population 0-14",0.000269570737145841
2,7007,"P_migrants","Migrants",0.000172491127159446
2,7007,"P_university_studies","University degree",0.000228018572670408
2,7007,"P_read_write","Literacy",0.00010905672388617
2,7007,"P_cell_phone","Cell phone",0.000285994348814711
2,7007,"P_internet","Internet",0.00126131577417254
2,7007,"Current_income","Income",0.000690512242726982
2,7008,"P_age_00_14","Population 0-14",0.000316825084155425
2,7008,"P_migrants","Migrants",7.41291432859725e-06
2,7008,"P_university_studies","University degree",0.000191643674043007
2,7008,"P_read_write","Literacy",0.000105096725746989
2,7008,"P_cell_phone","Cell phone",0.000266576535068452
2,7008,"P_internet","Internet",0.000799655041191727
2,7008,"Current_income","Income",0.000556421815417707
2,7009,"P_age_00_14","Population 0-14",-5.62192781217163e-06
2,7009,"P_migrants","Migrants",4.4420321501093e-05
2,7009,"P_university_studies","University degree",-7.81610942794941e-05
2,7009,"P_read_write","Literacy",6.70383233227767e-05
2,7009,"P_cell_phone","Cell phone",8.34953316370957e-05
2,7009,"P_internet","Internet",0.000366876512998715
2,7009,"Current_income","Income",-7.49972750782035e-05
2,7010,"P_age_00_14","Population 0-14",0.000212428334634751
2,7010,"P_migrants","Migrants",5.768347546109e-05
2,7010,"P_university_studies","University degree",0.000213155130040832
2,7010,"P_read_write","Literacy",9.37178265303373e-05
2,7010,"P_cell_phone","Cell phone",0.000245194678427652
2,7010,"P_internet","Internet",0.00123003055341542
2,7010,"Current_income","Income",0.00054678414016962
2,7011,"P_age_00_14","Population 0-14",0.000214142579352483
2,7011,"P_migrants","Migrants",-8.8601082097739e-06
2,7011,"P_university_studies","University degree",0.000226061718421988
2,7011,"P_read_write","Literacy",5.60579355806112e-05
2,7011,"P_cell_phone","Cell phone",0.000241758782067336
2,7011,"P_internet","Internet",0.00120909477118403
2,7011,"Current_income","Income",0.000516294268891215
2,7012,"P_age_00_14","Population 0-14",0.000234679915593006
2,7012,"P_migrants","Migrants",3.69049557775725e-05
2,7012,"P_university_studies","University degree",-0.000103537466202397
2,7012,"P_read_write","Literacy",6.99144002282992e-05
2,7012,"P_cell_phone","Cell phone",2.82014734693803e-05
2,7012,"P_internet","Internet",-9.82689452939667e-05
2,7012,"Current_income","Income",0.000299461127724499
2,7013,"P_age_00_14","Population 0-14",0.000302441912936047
2,7013,"P_migrants","Migrants",0.000137394468765706
2,7013,"P_university_studies","University degree",5.19164723300491e-06
2,7013,"P_read_write","Literacy",0.000104163598734885
2,7013,"P_cell_phone","Cell phone",0.000290215277345851
2,7013,"P_internet","Internet",0.000951758353039622
2,7013,"Current_income","Income",0.000641951221041381
2,7014,"P_age_00_14","Population 0-14",0.000283670407952741
2,7014,"P_migrants","Migrants",0.000163716613315046
2,7014,"P_university_studies","University degree",0.000258880521869287
2,7014,"P_read_write","Literacy",0.000114373149699531
2,7014,"P_cell_phone","Cell phone",0.00028445350471884
2,7014,"P_internet","Internet",0.00125264632515609
2,7014,"Current_income","Income",0.000686013489030302
2,7015,"P_age_00_14","Population 0-14",0.000268439704086632
2,7015,"P_migrants","Migrants",-0.000446197460405529
2,7015,"P_university_studies","University degree",5.0681788707152e-05
2,7015,"P_read_write","Literacy",8.61618464114144e-05
2,7015,"P_cell_phone","Cell phone",6.43183011561632e-05
2,7015,"P_internet","Internet",0.00095086294459179
2,7015,"Current_income","Income",0.000308081536786631
2,7016,"P_age_00_14","Population 0-14",5.55811652702687e-07
2,7016,"P_migrants","Migrants",0.000124271173262969
2,7016,"P_university_studies","University degree",0.000151861386257224
2,7016,"P_read_write","Literacy",0.000100638608273584
2,7016,"P_cell_phone","Cell phone",0.000253995298407972
2,7016,"P_internet","Internet",0.00123145955149084
2,7016,"Current_income","Income",0.000300425192108378
2,7017,"P_age_00_14","Population 0-14",9.1626716312021e-05
2,7017,"P_migrants","Migrants",0.000123741323477589
2,7017,"P_university_studies","University degree",-1.66923273354769e-05
2,7017,"P_read_write","Literacy",8.00684792920947e-05
2,7017,"P_cell_phone","Cell phone",0.000221741574932821
2,7017,"P_internet","Internet",0.000708496547304094
2,7017,"Current_income","Income",0.000292509444989264
2,7018,"P_age_00_14","Population 0-14",0.000173483669641428
2,7018,"P_migrants","Migrants",6.80714802001603e-05
2,7018,"P_university_studies","University degree",0.000165260076755658
2,7018,"P_read_write","Literacy",0.000105668761534616
2,7018,"P_cell_phone","Cell phone",0.000252250611083582
2,7018,"P_internet","Internet",0.00123341183643788
2,7018,"Current_income","Income",0.000520294648595154
2,7019,"P_age_00_14","Population 0-14",0.00013425009092316
2,7019,"P_migrants","Migrants",3.81700847356115e-05
2,7019,"P_university_studies","University degree",-0.0003539438766893
2,7019,"P_read_write","Literacy",6.61585363559425e-05
2,7019,"P_cell_phone","Cell phone",7.34006753191352e-05
2,7019,"P_internet","Internet",0.000261100940406322
2,7019,"Current_income","Income",3.80914461857174e-05
2,7020,"P_age_00_14","Population 0-14",0.000195531712961383
2,7020,"P_migrants","Migrants",-2.76998744084267e-05
2,7020,"P_university_studies","University degree",0.000174966975464486
2,7020,"P_read_write","Literacy",0.000110900895379018
2,7020,"P_cell_phone","Cell phone",0.000257434323430061
2,7020,"P_internet","Internet",0.00124737480655313
2,7020,"Current_income","Income",0.000526014075148851
2,7021,"P_age_00_14","Population 0-14",0.000143270997796208
2,7021,"P_migrants","Migrants",7.80125337769277e-05
2,7021,"P_university_studies","University degree",1.62818596436409e-05
2,7021,"P_read_write","Literacy",9.15685668587685e-05
2,7021,"P_cell_phone","Cell phone",0.000242402515141293
2,7021,"P_internet","Internet",0.00124216952826828
2,7021,"Current_income","Income",0.000273205747362226
2,7022,"P_age_00_14","Population 0-14",0.00032811745768413
2,7022,"P_migrants","Migrants",0.000175017194123939
2,7022,"P_university_studies","University degree",0.000222677263082005
2,7022,"P_read_write","Literacy",0.000174085143953562
2,7022,"P_cell_phone","Cell phone",0.000341356120770797
2,7022,"P_internet","Internet",0.00135904143098742
2,7022,"Current_income","Income",0.000728767830878496
2,7023,"P_age_00_14","Population 0-14",0.000283209810731933
2,7023,"P_migrants","Migrants",0.000123582547530532
2,7023,"P_university_studies","University degree",0.000210697035072371
2,7023,"P_read_write","Literacy",0.000117926603707019
2,7023,"P_cell_phone","Cell phone",0.000295396079309285
2,7023,"P_internet","Internet",0.00129747972823679
2,7023,"Current_income","Income",0.000694033340550959
2,7024,"P_age_00_14","Population 0-14",0.000305413617752492
2,7024,"P_migrants","Migrants",0.000139403200591914
2,7024,"P_university_studies","University degree",0.000227885800995864
2,7024,"P_read_write","Literacy",0.000117404088086914
2,7024,"P_cell_phone","Cell phone",0.000296468293527141
2,7024,"P_internet","Internet",0.00129772850777954
2,7024,"Current_income","Income",0.000712828012183309
2,7025,"P_age_00_14","Population 0-14",0.000183135038241744
2,7025,"P_migrants","Migrants",0.000100936420494691
2,7025,"P_university_studies","University degree",-4.91138052893803e-06
2,7025,"P_read_write","Literacy",0.000104525708593428
2,7025,"P_cell_phone","Cell phone",0.000232417514780536
2,7025,"P_internet","Internet",0.000903216190636158
2,7025,"Current_income","Income",0.000508966099005193
2,7026,"P_age_00_14","Population 0-14",0.000310339004499838
2,7026,"P_migrants","Migrants",0.000163361997692846
2,7026,"P_university_studies","University degree",0.000230130361160263
2,7026,"P_read_write","Literacy",0.000115381277282722
2,7026,"P_cell_phone","Cell phone",0.000301755644613877
2,7026,"P_internet","Internet",0.00128866569139063
2,7026,"Current_income","Income",0.000706939841620624
2,7027,"P_age_00_14","Population 0-14",0.000163974575116299
2,7027,"P_migrants","Migrants",0.000165760604431853
2,7027,"P_university_studies","University degree",-0.000241159141296521
2,7027,"P_read_write","Literacy",7.33609485905617e-05
2,7027,"P_cell_phone","Cell phone",-5.46543997188564e-05
2,7027,"P_internet","Internet",0.00039516793913208
2,7027,"Current_income","Income",0.000352607283275574
2,7028,"P_age_00_14","Population 0-14",2.20979509322206e-05
2,7028,"P_migrants","Migrants",0.000167412988957949
2,7028,"P_university_studies","University degree",0.000207712088013068
2,7028,"P_read_write","Literacy",9.31681861402467e-05
2,7028,"P_cell_phone","Cell phone",0.000219271154492162
2,7028,"P_internet","Internet",0.00123682559933513
2,7028,"Current_income","Income",0.000516421510837972
2,7029,"P_age_00_14","Population 0-14",0.000151565342093818
2,7029,"P_migrants","Migrants",7.59675240260549e-05
2,7029,"P_university_studies","University degree",0.000156456939294003
2,7029,"P_read_write","Literacy",8.09005359769799e-05
2,7029,"P_cell_phone","Cell phone",0.000209408870432526
2,7029,"P_internet","Internet",0.0011933509958908
2,7029,"Current_income","Income",0.000386440136935562
2,7030,"P_age_00_14","Population 0-14",0.000297525664791465
2,7030,"P_migrants","Migrants",4.1337270886288e-06
2,7030,"P_university_studies","University degree",0.000217455526581034
2,7030,"P_read_write","Literacy",0.000105315099062864
2,7030,"P_cell_phone","Cell phone",0.000258328451309353
2,7030,"P_internet","Internet",0.000903871317859739
2,7030,"Current_income","Income",0.000601231120526791
2,7031,"P_age_00_14","Population 0-14",0.000284241454210132
2,7031,"P_migrants","Migrants",0.000181842318852432
2,7031,"P_university_studies","University degree",0.000266883405856788
2,7031,"P_read_write","Literacy",0.000136791539262049
2,7031,"P_cell_phone","Cell phone",0.000316770951030776
2,7031,"P_internet","Internet",0.00130796153098345
2,7031,"Current_income","Income",0.000694297545123845
2,7032,"P_age_00_14","Population 0-14",0.000220088768401183
2,7032,"P_migrants","Migrants",-2.40961071540369e-06
2,7032,"P_university_studies","University degree",2.23290135181742e-05
2,7032,"P_read_write","Literacy",9.8119504400529e-05
2,7032,"P_cell_phone","Cell phone",0.000238039356190711
2,7032,"P_internet","Internet",0.000898440310265869
2,7032,"Current_income","Income",0.000466697296360508
2,7033,"P_age_00_14","Population 0-14",0.000197628149180673
2,7033,"P_migrants","Migrants",0.000134131798404269
2,7033,"P_university_studies","University degree",0.000223249197006226
2,7033,"P_read_write","Literacy",0.000108481021015905
2,7033,"P_cell_phone","Cell phone",0.00024714443134144
2,7033,"P_internet","Internet",0.00122659816406667
2,7033,"Current_income","Income",0.000555274076759815
2,7034,"P_age_00_14","Population 0-14",0.000256903877016157
2,7034,"P_migrants","Migrants",-0.000480407732538879
2,7034,"P_university_studies","University degree",0.000217495980905369
2,7034,"P_read_write","Literacy",9.84711878118105e-05
2,7034,"P_cell_phone","Cell phone",0.000275454629445449
2,7034,"P_internet","Internet",0.000960853882133961
2,7034,"Current_income","Income",0.000465574470581487
2,7035,"P_age_00_14","Population 0-14",0.000243117392528802
2,7035,"P_migrants","Migrants",-0.00038591559859924
2,7035,"P_university_studies","University degree",0.000228313641855493
2,7035,"P_read_write","Literacy",0.000112208246719092
2,7035,"P_cell_phone","Cell phone",0.00026177684776485
2,7035,"P_internet","Internet",0.0013159466907382
2,7035,"Current_income","Income",0.000453911750810221
2,7036,"P_age_00_14","Population 0-14",0.000229720506467856
2,7036,"P_migrants","Migrants",1.71896954270778e-05
2,7036,"P_university_studies","University degree",0.00018459020066075
2,7036,"P_read_write","Literacy",7.52739506424405e-05
2,7036,"P_cell_phone","Cell phone",0.000152944237925112
2,7036,"P_internet","Internet",0.00123473932035267
2,7036,"Current_income","Income",0.000651017646305263
2,7037,"P_age_00_14","Population 0-14",9.51020556385629e-05
2,7037,"P_migrants","Migrants",-4.24720237788279e-05
2,7037,"P_university_studies","University degree",-7.63628631830215e-05
2,7037,"P_read_write","Literacy",9.39994279178791e-05
2,7037,"P_cell_phone","Cell phone",0.000237097701756284
2,7037,"P_internet","Internet",0.00125948095228523
2,7037,"Current_income","Income",0.000278866733424366
2,7038,"P_age_00_14","Population 0-14",0.00029236072441563
2,7038,"P_migrants","Migrants",0.000150395280797966
2,7038,"P_university_studies","University degree",0.000256014318438247
2,7038,"P_read_write","Literacy",0.000122494326205924
2,7038,"P_cell_phone","Cell phone",0.00029558251844719
2,7038,"P_internet","Internet",0.00125944474712014
2,7038,"Current_income","Income",0.000684129423461854
2,7039,"P_age_00_14","Population 0-14",0.000274580932455137
2,7039,"P_migrants","Migrants",0.000121642267913558
2,7039,"P_university_studies","University degree",0.000252599915256724
2,7039,"P_read_write","Literacy",0.000109961583802942
2,7039,"P_cell_phone","Cell phone",0.000262518296949565
2,7039,"P_internet","Internet",0.00125401362311095
2,7039,"Current_income","Income",0.000615483149886131
2,7040,"P_age_00_14","Population 0-14",8.04064111434855e-05
2,7040,"P_migrants","Migrants",-0.000147916754940525
2,7040,"P_university_studies","University degree",-4.09478816436604e-05
2,7040,"P_read_write","Literacy",5.84690278628841e-05
2,7040,"P_cell_phone","Cell phone",0.000162312717293389
2,7040,"P_internet","Internet",0.000628020148724318
2,7040,"Current_income","Income",-4.64750301034655e-05
2,7041,"P_age_00_14","Population 0-14",0.000233303639106452
2,7041,"P_migrants","Migrants",-3.10385003103875e-05
2,7041,"P_university_studies","University degree",0.000221858179429546
2,7041,"P_read_write","Literacy",9.18896039365791e-05
2,7041,"P_cell_phone","Cell phone",0.000300797400996089
2,7041,"P_internet","Internet",0.00126386084593832
2,7041,"Current_income","Income",0.000689951004460454
2,7042,"P_age_00_14","Population 0-14",0.000174625543877482
2,7042,"P_migrants","Migrants",0.000161091156769544
2,7042,"P_university_studies","University degree",0.000156000882270746
2,7042,"P_read_write","Literacy",0.000102421152405441
2,7042,"P_cell_phone","Cell phone",0.000249816075665876
2,7042,"P_internet","Internet",0.000778661749791354
2,7042,"Current_income","Income",0.000522993796039373
2,7043,"P_age_00_14","Population 0-14",0.000212250713957474
2,7043,"P_migrants","Migrants",0.000144312492921017
2,7043,"P_university_studies","University degree",-0.000111206616566051
2,7043,"P_read_write","Literacy",9.03578038560227e-05
2,7043,"P_cell_phone","Cell phone",0.000230027188081294
2,7043,"P_internet","Internet",0.000504435447510332
2,7043,"Current_income","Income",0.000407810468459502
2,7044,"P_age_00_14","Population 0-14",0.00024673220468685
2,7044,"P_migrants","Migrants",0.00016385962953791
2,7044,"P_university_studies","University degree",0.000198804002138786
2,7044,"P_read_write","Literacy",0.000110224464151543
2,7044,"P_cell_phone","Cell phone",0.000261170527664945
2,7044,"P_internet","Internet",0.00122519477736205
2,7044,"Current_income","Income",0.000562104745768011
2,7045,"P_age_00_14","Population 0-14",0.000188265141332522
2,7045,"P_migrants","Migrants",0.000129761479911394
2,7045,"P_university_studies","University degree",0.00018350052414462
2,7045,"P_read_write","Literacy",0.000116442788566928
2,7045,"P_cell_phone","Cell phone",0.00026664964389056
2,7045,"P_internet","Internet",0.00124118360690773
2,7045,"Current_income","Income",0.000520800880622119
2,7046,"P_age_00_14","Population 0-14",4.36305672337767e-05
2,7046,"P_migrants","Migrants",0.000124725978821516
2,7046,"P_university_studies","University degree",3.6093158996664e-05
2,7046,"P_read_write","Literacy",8.76463891472667e-05
2,7046,"P_cell_phone","Cell phone",0.000232708873227239
2,7046,"P_internet","Internet",0.00107101933099329
2,7046,"Current_income","Income",0.000400277058361098
2,7047,"P_age_00_14","Population 0-14",0.000258308253251016
2,7047,"P_migrants","Migrants",0.000123351943329908
2,7047,"P_university_studies","University degree",0.000208861543796957
2,7047,"P_read_write","Literacy",0.000106617801066022
2,7047,"P_cell_phone","Cell phone",0.000266712915617973
2,7047,"P_internet","Internet",0.00125679525081068
2,7047,"Current_income","Income",0.000569297873880714
2,7048,"P_age_00_14","Population 0-14",8.45211252453737e-05
2,7048,"P_migrants","Migrants",0.000126724145957269
2,7048,"P_university_studies","University degree",2.39657492784318e-05
2,7048,"P_read_write","Literacy",8.44481110107154e-05
2,7048,"P_cell_phone","Cell phone",0.000219729306991212
2,7048,"P_internet","Internet",0.00115058186929673
2,7048,"Current_income","Income",8.94622862688266e-05
2,7049,"P_age_00_14","Population 0-14",0.000256339786574244
2,7049,"P_migrants","Migrants",0.000175340683199465
2,7049,"P_university_studies","University degree",0.000256200088188052
2,7049,"P_read_write","Literacy",0.000108610081952065
2,7049,"P_cell_phone","Cell phone",0.000285339483525604
2,7049,"P_internet","Internet",0.00126485514920205
2,7049,"Current_income","Income",0.000689505250193179
2,7050,"P_age_00_14","Population 0-14",5.35928847966716e-06
2,7050,"P_migrants","Migrants",0.000168385275173932
2,7050,"P_university_studies","University degree",4.48919017799199e-05
2,7050,"P_read_write","Literacy",8.57158229337074e-05
2,7050,"P_cell_phone","Cell phone",0.000245854316744953
2,7050,"P_internet","Internet",0.00125041184946895
2,7050,"Current_income","Income",0.000422740093199536
2,7051,"P_age_00_14","Population 0-14",0.000165856108651496
2,7051,"P_migrants","Migrants",6.14246073382674e-06
2,7051,"P_university_studies","University degree",0.000131441061967053
2,7051,"P_read_write","Literacy",8.58331259223633e-05
2,7051,"P_cell_phone","Cell phone",0.000174240980413742
2,7051,"P_internet","Internet",0.000892017094884068
2,7051,"Current_income","Income",0.000277436658507213
2,7052,"P_age_00_14","Population 0-14",0.000292918848572299
2,7052,"P_migrants","Migrants",-1.23947993415641e-05
2,7052,"P_university_studies","University degree",0.000249060103669763
2,7052,"P_read_write","Literacy",0.000117682728159707
2,7052,"P_cell_phone","Cell phone",0.000304594956105575
2,7052,"P_internet","Internet",0.0012924293987453
2,7052,"Current_income","Income",0.00072417309274897
2,7053,"P_age_00_14","Population 0-14",0.000282533466815948
2,7053,"P_migrants","Migrants",-4.19742900703568e-05
2,7053,"P_university_studies","University degree",0.000256720377365127
2,7053,"P_read_write","Literacy",4.94175292260479e-05
2,7053,"P_cell_phone","Cell phone",0.000237882937653922
2,7053,"P_internet","Internet",0.00122850597836077
2,7053,"Current_income","Income",0.000605633074883372
2,7054,"P_age_00_14","Population 0-14",9.48287852224894e-05
2,7054,"P_migrants","Migrants",-0.000525795680005103
2,7054,"P_university_studies","University degree",0.000233086597290821
2,7054,"P_read_write","Literacy",9.78447424131446e-05
2,7054,"P_cell_phone","Cell phone",0.000276593083981425
2,7054,"P_internet","Internet",0.00065730803180486
2,7054,"Current_income","Income",0.000362816150300205
2,7055,"P_age_00_14","Population 0-14",9.23027182579972e-05
2,7055,"P_migrants","Migrants",-0.000602871004957706
2,7055,"P_university_studies","University degree",5.44320755579975e-05
2,7055,"P_read_write","Literacy",7.29804887669161e-05
2,7055,"P_cell_phone","Cell phone",-0.000239931905525737
2,7055,"P_internet","Internet",0.00125824939459562
2,7055,"Current_income","Income",0.000463072501588613
2,7056,"P_age_00_14","Population 0-14",0.000276656035566702
2,7056,"P_migrants","Migrants",0.000125809398014098
2,7056,"P_university_studies","University degree",0.000214712272281758
2,7056,"P_read_write","Literacy",0.000103774516901467
2,7056,"P_cell_phone","Cell phone",0.000291085074422881
2,7056,"P_internet","Internet",0.0013003348140046
2,7056,"Current_income","Income",0.000693301088176668
2,7057,"P_age_00_14","Population 0-14",0.000300364918075502
2,7057,"P_migrants","Migrants",-4.6502329496434e-05
2,7057,"P_university_studies","University degree",0.000176026878762059
2,7057,"P_read_write","Literacy",7.92244318290614e-05
2,7057,"P_cell_phone","Cell phone",0.00027792010223493
2,7057,"P_internet","Internet",0.000779253721702844
2,7057,"Current_income","Income",0.00060504802968353
2,7058,"P_age_00_14","Population 0-14",0.000224767500185408
2,7058,"P_migrants","Migrants",0.00010998595826095
2,7058,"P_university_studies","University degree",0.000156599940964952
2,7058,"P_read_write","Literacy",0.000105335493572056
2,7058,"P_cell_phone","Cell phone",0.000257790234172717
2,7058,"P_internet","Internet",0.00126605317927897
2,7058,"Current_income","Income",0.000551786390133202
2,7059,"P_age_00_14","Population 0-14",0.000279883766779676
2,7059,"P_migrants","Migrants",0.000132515604491346
2,7059,"P_university_studies","University degree",0.000209877092856914
2,7059,"P_read_write","Literacy",0.000133210065541789
2,7059,"P_cell_phone","Cell phone",0.000314568838803098
2,7059,"P_internet","Internet",0.00128912855871022
2,7059,"Current_income","Income",0.000685024017002434
2,7060,"P_age_00_14","Population 0-14",0.000225668612984009
2,7060,"P_migrants","Migrants",0.000129772204672918
2,7060,"P_university_studies","University degree",0.000228266231715679
2,7060,"P_read_write","Literacy",0.000112092231574934
2,7060,"P_cell_phone","Cell phone",0.000298088969429955
2,7060,"P_internet","Internet",0.00123653910122812
2,7060,"Current_income","Income",0.000678188167512417
2,7061,"P_age_00_14","Population 0-14",0.000207125907763839
2,7061,"P_migrants","Migrants",0.000110328823211603
2,7061,"P_university_studies","University degree",3.82313191948924e-06
2,7061,"P_read_write","Literacy",8.50744618219323e-05
2,7061,"P_cell_phone","Cell phone",0.000237700282013975
2,7061,"P_internet","Internet",0.000654274947009981
2,7061,"Current_income","Income",0.000275864411378279
2,7062,"P_age_00_14","Population 0-14",0.000170803468790837
2,7062,"P_migrants","Migrants",0.000110795379441697
2,7062,"P_university_studies","University degree",0.000142703036544845
2,7062,"P_read_write","Literacy",0.00010198654490523
2,7062,"P_cell_phone","Cell phone",0.000239858316490427
2,7062,"P_internet","Internet",0.00115590868517756
2,7062,"Current_income","Income",0.000393038324546069
2,7063,"P_age_00_14","Population 0-14",0.000189427635632455
2,7063,"P_migrants","Migrants",0.000103467507869937
2,7063,"P_university_studies","University degree",0.000153850633068942
2,7063,"P_read_write","Literacy",-1.16689125206904e-05
2,7063,"P_cell_phone","Cell phone",0.000213001330848783
2,7063,"P_internet","Internet",0.0012105405330658
2,7063,"Current_income","Income",0.000504025025293231
2,7064,"P_age_00_14","Population 0-14",0.00029151514172554
2,7064,"P_migrants","Migrants",0.000185283919563517
2,7064,"P_university_studies","University degree",0.00023548626631964
2,7064,"P_read_write","Literacy",0.000178842848981731
2,7064,"P_cell_phone","Cell phone",0.00033986524795182
2,7064,"P_internet","Internet",0.00136371410917491
2,7064,"Current_income","Income",0.000712979992385954
2,7065,"P_age_00_14","Population 0-14",0.000219863562961109
2,7065,"P_migrants","Migrants",5.79427069169469e-06
2,7065,"P_university_studies","University degree",4.21104459746857e-06
2,7065,"P_read_write","Literacy",0.000105821287434082
2,7065,"P_cell_phone","Cell phone",0.000245524541242048
2,7065,"P_internet","Internet",0.000897671736311167
2,7065,"Current_income","Income",0.000275370664894581
2,7066,"P_age_00_14","Population 0-14",0.000316507852403447
2,7066,"P_migrants","Migrants",0.000175076958839782
2,7066,"P_university_studies","University degree",0.000217781416722573
2,7066,"P_read_write","Literacy",0.000117454052087851
2,7066,"P_cell_phone","Cell phone",0.000303242297377437
2,7066,"P_internet","Internet",0.00130654138047248
2,7066,"Current_income","Income",0.000713592919055372
2,7067,"P_age_00_14","Population 0-14",0.000174067987245508
2,7067,"P_migrants","Migrants",0.000113515932753216
2,7067,"P_university_studies","University degree",0.000213120787520893
2,7067,"P_read_write","Literacy",0.000104694307083264
2,7067,"P_cell_phone","Cell phone",0.000258955813478678
2,7067,"P_internet","Internet",0.00123269925825298
2,7067,"Current_income","Income",0.000526662275660783
2,7068,"P_age_00_14","Population 0-14",8.1418220361229e-05
2,7068,"P_migrants","Migrants",0.000152349806739949
2,7068,"P_university_studies","University degree",-0.000181929091922939
2,7068,"P_read_write","Literacy",8.44498135847971e-05
2,7068,"P_cell_phone","Cell phone",0.000216909116716124
2,7068,"P_internet","Internet",0.000672808615490794
2,7068,"Current_income","Income",-4.65476296085399e-05
2,7069,"P_age_00_14","Population 0-14",6.92048561177216e-05
2,7069,"P_migrants","Migrants",-2.79187061096309e-05
2,7069,"P_university_studies","University degree",4.38285896962043e-05
2,7069,"P_read_write","Literacy",9.76877563516609e-05
2,7069,"P_cell_phone","Cell phone",0.000233239959925413
2,7069,"P_internet","Internet",0.00115649972576648
2,7069,"Current_income","Income",0.000356629549060017
2,7070,"P_age_00_14","Population 0-14",0.000221431677346118
2,7070,"P_migrants","Migrants",0.000123259858810343
2,7070,"P_university_studies","University degree",0.000237675674725324
2,7070,"P_read_write","Literacy",7.9200319305528e-05
2,7070,"P_cell_phone","Cell phone",0.000274683174211532
2,7070,"P_internet","Internet",0.00123377318959683
2,7070,"Current_income","Income",0.000651366543024778
2,7071,"P_age_00_14","Population 0-14",0.000153372413478792
2,7071,"P_migrants","Migrants",7.61772480473155e-06
2,7071,"P_university_studies","University degree",0.000158640235895291
2,7071,"P_read_write","Literacy",0.000100604433100671
2,7071,"P_cell_phone","Cell phone",0.000246402545599267
2,7071,"P_internet","Internet",0.000867222843226045
2,7071,"Current_income","Income",0.000394642498577014
2,7072,"P_age_00_14","Population 0-14",0.000186946068424731
2,7072,"P_migrants","Migrants",0.000107019019196741
2,7072,"P_university_studies","University degree",0.000175282402778976
2,7072,"P_read_write","Literacy",0.000112638466816861
2,7072,"P_cell_phone","Cell phone",0.000266309449216351
2,7072,"P_internet","Internet",0.00127150793559849
2,7072,"Current_income","Income",0.000526818155776709
2,7073,"P_age_00_14","Population 0-14",0.000186097546247765
2,7073,"P_migrants","Migrants",0.000121511759061832
2,7073,"P_university_studies","University degree",-5.76217234993237e-06
2,7073,"P_read_write","Literacy",0.000103329526609741
2,7073,"P_cell_phone","Cell phone",0.000251155521254987
2,7073,"P_internet","Internet",0.00123580719809979
2,7073,"Current_income","Income",0.000507137330714613
2,7074,"P_age_00_14","Population 0-14",0.000220200323383324
2,7074,"P_migrants","Migrants",0.000115446855488699
2,7074,"P_university_studies","University degree",-7.02843972248957e-05
2,7074,"P_read_write","Literacy",-7.02738179825246e-06
2,7074,"P_cell_phone","Cell phone",-3.63309627573472e-05
2,7074,"P_internet","Internet",0.000383585400413722
2,7074,"Current_income","Income",-0.000138056871946901
2,7075,"P_age_00_14","Population 0-14",0.000259976950474083
2,7075,"P_migrants","Migrants",0.000104411548818462
2,7075,"P_university_studies","University degree",0.000182551448233426
2,7075,"P_read_write","Literacy",0.000103854916233104
2,7075,"P_cell_phone","Cell phone",0.000248245691182092
2,7075,"P_internet","Internet",0.00123489589896053
2,7075,"Current_income","Income",0.000445756100816652
2,7076,"P_age_00_14","Population 0-14",0.000258919200859964
2,7076,"P_migrants","Migrants",0.00013623561244458
2,7076,"P_university_studies","University degree",0.000274986668955535
2,7076,"P_read_write","Literacy",0.000120303877338301
2,7076,"P_cell_phone","Cell phone",0.000302378088235855
2,7076,"P_internet","Internet",0.00127440795768052
2,7076,"Current_income","Income",0.000678159180097282
2,7077,"P_age_00_14","Population 0-14",0.000273036072030663
2,7077,"P_migrants","Migrants",0.000141855372930877
2,7077,"P_university_studies","University degree",0.00023676578712184
2,7077,"P_read_write","Literacy",0.000126381506561302
2,7077,"P_cell_phone","Cell phone",0.000305517722154036
2,7077,"P_internet","Internet",0.00126257864758372
2,7077,"Current_income","Income",0.000697977025993168
2,7078,"P_age_00_14","Population 0-14",0.00019728546612896
2,7078,"P_migrants","Migrants",9.92487621260807e-05
2,7078,"P_university_studies","University degree",-0.000457927817478776
2,7078,"P_read_write","Literacy",8.99002407095395e-05
2,7078,"P_cell_phone","Cell phone",-8.07479864306515e-06
2,7078,"P_internet","Internet",-3.3257485483773e-05
2,7078,"Current_income","Income",2.90554671664722e-05
2,7079,"P_age_00_14","Population 0-14",0.000176137240487151
2,7079,"P_migrants","Migrants",0.000106268373201601
2,7079,"P_university_studies","University degree",1.9134549802402e-05
2,7079,"P_read_write","Literacy",8.65916299517266e-05
2,7079,"P_cell_phone","Cell phone",0.000208194833248854
2,7079,"P_internet","Internet",0.000662423670291901
2,7079,"Current_income","Income",0.000410147185903043
2,7080,"P_age_00_14","Population 0-14",0.000265211594523862
2,7080,"P_migrants","Migrants",2.09145509870723e-05
2,7080,"P_university_studies","University degree",0.000255412276601419
2,7080,"P_read_write","Literacy",0.000115409689897206
2,7080,"P_cell_phone","Cell phone",0.000275165599305183
2,7080,"P_internet","Internet",0.00123211729805917
2,7080,"Current_income","Income",0.000675642921123654
2,7081,"P_age_00_14","Population 0-14",0.000244537281105295
2,7081,"P_migrants","Migrants",0.000161578005645424
2,7081,"P_university_studies","University degree",0.000256140250712633
2,7081,"P_read_write","Literacy",0.000107395106169861
2,7081,"P_cell_phone","Cell phone",0.000299884733976796
2,7081,"P_internet","Internet",0.00127637886907905
2,7081,"Current_income","Income",0.000676507072057575
2,7082,"P_age_00_14","Population 0-14",0.000318082864396274
2,7082,"P_migrants","Migrants",0.000170074257766828
2,7082,"P_university_studies","University degree",0.000239195986068808
2,7082,"P_read_write","Literacy",0.000131482142023742
2,7082,"P_cell_phone","Cell phone",0.00032810919219628
2,7082,"P_internet","Internet",0.00129159342031926
2,7082,"Current_income","Income",0.000714971858542413
2,7083,"P_age_00_14","Population 0-14",0.000178739501279779
2,7083,"P_migrants","Migrants",1.77641104528448e-05
2,7083,"P_university_studies","University degree",0.00014080163964536
2,7083,"P_read_write","Literacy",9.51066613197327e-05
2,7083,"P_cell_phone","Cell phone",0.000230880992603488
2,7083,"P_internet","Internet",0.00113570492248982
2,7083,"Current_income","Income",0.000465055549284443
2,7084,"P_age_00_14","Population 0-14",0.000234794788411818
2,7084,"P_migrants","Migrants",0.00013048633991275
2,7084,"P_university_studies","University degree",0.00020155381935183
2,7084,"P_read_write","Literacy",0.000124061014503241
2,7084,"P_cell_phone","Cell phone",0.000355350784957409
2,7084,"P_internet","Internet",0.00116415356751531
2,7084,"Current_income","Income",0.000690226617734879
2,7085,"P_age_00_14","Population 0-14",0.000179217735421844
2,7085,"P_migrants","Migrants",0.000104672486486379
2,7085,"P_university_studies","University degree",0.000193184154340997
2,7085,"P_read_write","Literacy",0.000110944354673848
2,7085,"P_cell_phone","Cell phone",0.000154556517372839
2,7085,"P_internet","Internet",0.00121477828361094
2,7085,"Current_income","Income",0.000524461502209306
2,7086,"P_age_00_14","Population 0-14",0.000264478177996352
2,7086,"P_migrants","Migrants",0.00020125754235778
2,7086,"P_university_studies","University degree",-0.000352781789842993
2,7086,"P_read_write","Literacy",0.000116389099275693
2,7086,"P_cell_phone","Cell phone",8.95015546120703e-05
2,7086,"P_internet","Internet",0.000413144414778799
2,7086,"Current_income","Income",0.000409275671700016
2,7087,"P_age_00_14","Population 0-14",0.000289695948595181
2,7087,"P_migrants","Migrants",-0.000420164345996454
2,7087,"P_university_studies","University degree",0.000240594381466508
2,7087,"P_read_write","Literacy",0.00012959650484845
2,7087,"P_cell_phone","Cell phone",0.000285332062048838
2,7087,"P_internet","Internet",0.000528068048879504
2,7087,"Current_income","Income",0.000465879566036165
2,7088,"P_age_00_14","Population 0-14",0.000175889392266981
2,7088,"P_migrants","Migrants",0.000107085368654225
2,7088,"P_university_studies","University degree",6.87546253175242e-06
2,7088,"P_read_write","Literacy",9.15556447580457e-05
2,7088,"P_cell_phone","Cell phone",0.000251627207035199
2,7088,"P_internet","Internet",0.00040278208325617
2,7088,"Current_income","Income",0.000530645833350718
2,7089,"P_age_00_14","Population 0-14",7.12095206836239e-05
2,7089,"P_migrants","Migrants",-0.000933123112190515
2,7089,"P_university_studies","University degree",-0.000498188950587064
2,7089,"P_read_write","Literacy",-1.39801177283516e-05
2,7089,"P_cell_phone","Cell phone",-0.000134819551021792
2,7089,"P_internet","Internet",0.000160405339556746
2,7089,"Current_income","Income",-1.63288477779133e-05
2,7090,"P_age_00_14","Population 0-14",0.000149270024849102
2,7090,"P_migrants","Migrants",0.000100441546237562
2,7090,"P_university_studies","University degree",0.00015403755242005
2,7090,"P_read_write","Literacy",9.82608908088878e-05
2,7090,"P_cell_phone","Cell phone",0.000254249112913385
2,7090,"P_internet","Internet",0.00121587049216032
2,7090,"Current_income","Income",0.000519694469403476
2,7091,"P_age_00_14","Population 0-14",0.000195464788703248
2,7091,"P_migrants","Migrants",0.000120929333206732
2,7091,"P_university_studies","University degree",-1.72606814885512e-05
2,7091,"P_read_write","Literacy",0.00010320964793209
2,7091,"P_cell_phone","Cell phone",0.000233125305385329
2,7091,"P_internet","Internet",0.00123747671023011
2,7091,"Current_income","Income",0.000404118909500539
2,7092,"P_age_00_14","Population 0-14",0.000187161451322027
2,7092,"P_migrants","Migrants",3.22440428135451e-05
2,7092,"P_university_studies","University degree",0.000162244352395646
2,7092,"P_read_write","Literacy",0.000112141904537566
2,7092,"P_cell_phone","Cell phone",0.000259049731539562
2,7092,"P_internet","Internet",0.00122193049173802
2,7092,"Current_income","Income",0.000411232525948435
2,7093,"P_age_00_14","Population 0-14",0.000301619031233713
2,7093,"P_migrants","Migrants",0.00016966080875136
2,7093,"P_university_studies","University degree",0.000211146747460589
2,7093,"P_read_write","Literacy",0.000114911737910006
2,7093,"P_cell_phone","Cell phone",0.000281661079498008
2,7093,"P_internet","Internet",0.00128072476945817
2,7093,"Current_income","Income",0.000694810005370528
2,7094,"P_age_00_14","Population 0-14",0.0002749812847469
2,7094,"P_migrants","Migrants",0.000124565121950582
2,7094,"P_university_studies","University degree",0.000241389832808636
2,7094,"P_read_write","Literacy",0.000121445395052433
2,7094,"P_cell_phone","Cell phone",0.000271190889179707
2,7094,"P_internet","Internet",0.00124606490135193
2,7094,"Current_income","Income",0.000639566336758435
2,7096,"P_age_00_14","Population 0-14",0.000271171098574996
2,7096,"P_migrants","Migrants",0.000170227256603539
2,7096,"P_university_studies","University degree",0.00028784538153559
2,7096,"P_read_write","Literacy",0.000120443815831095
2,7096,"P_cell_phone","Cell phone",0.000299003149848431
2,7096,"P_internet","Internet",0.00127497571520507
2,7096,"Current_income","Income",0.000693193927872926
2,7097,"P_age_00_14","Population 0-14",4.89953126816545e-05
2,7097,"P_migrants","Migrants",4.30207983299624e-05
2,7097,"P_university_studies","University degree",-5.6138691434171e-05
2,7097,"P_read_write","Literacy",7.5623182056006e-05
2,7097,"P_cell_phone","Cell phone",6.48184213787317e-05
2,7097,"P_internet","Internet",0.000480523623991758
2,7097,"Current_income","Income",7.6165575592313e-05
2,7098,"P_age_00_14","Population 0-14",0.000214636471355334
2,7098,"P_migrants","Migrants",0.00014158571138978
2,7098,"P_university_studies","University degree",0.000201576229301281
2,7098,"P_read_write","Literacy",0.00010290013597114
2,7098,"P_cell_phone","Cell phone",0.000259963533608243
2,7098,"P_internet","Internet",0.00122952368110418
2,7098,"Current_income","Income",0.000555775361135602
2,7099,"P_age_00_14","Population 0-14",0.000338750454830006
2,7099,"P_migrants","Migrants",-0.00038231976213865
2,7099,"P_university_studies","University degree",0.000359559373464435
2,7099,"P_read_write","Literacy",0.000102775637060404
2,7099,"P_cell_phone","Cell phone",0.000262482644757256
2,7099,"P_internet","Internet",0.00125391024630517
2,7099,"Current_income","Income",0.000592794211115688
2,7100,"P_age_00_14","Population 0-14",0.000221494468860328
2,7100,"P_migrants","Migrants",0.000136030517751351
2,7100,"P_university_studies","University degree",0.000259074498899281
2,7100,"P_read_write","Literacy",0.000105795879790094
2,7100,"P_cell_phone","Cell phone",0.000251254037721083
2,7100,"P_internet","Internet",0.00122520688455552
2,7100,"Current_income","Income",0.000532321922946721
2,7101,"P_age_00_14","Population 0-14",-5.57216626475565e-05
2,7101,"P_migrants","Migrants",8.60549553181045e-05
2,7101,"P_university_studies","University degree",-0.000985010643489659
2,7101,"P_read_write","Literacy",-0.000136087590362877
2,7101,"P_cell_phone","Cell phone",-0.000280081032542512
2,7101,"P_internet","Internet",-0.0021759606897831
2,7101,"Current_income","Income",-0.000376181589672342
2,7102,"P_age_00_14","Population 0-14",9.40120735322125e-05
2,7102,"P_migrants","Migrants",-0.000351922411937267
2,7102,"P_university_studies","University degree",3.57451390300412e-05
2,7102,"P_read_write","Literacy",0.000106822400994133
2,7102,"P_cell_phone","Cell phone",0.000143085286254063
2,7102,"P_internet","Internet",0.00115277711302042
2,7102,"Current_income","Income",0.000342641695169732
2,7103,"P_age_00_14","Population 0-14",0.000193644518731162
2,7103,"P_migrants","Migrants",-3.22216578751977e-06
2,7103,"P_university_studies","University degree",0.000156536174472421
2,7103,"P_read_write","Literacy",8.90138617251068e-05
2,7103,"P_cell_phone","Cell phone",0.00023728035739623
2,7103,"P_internet","Internet",0.00121931440662593
2,7103,"Current_income","Income",0.000455763249192387
2,7104,"P_age_00_14","Population 0-14",4.524142423179e-05
2,7104,"P_migrants","Migrants",-3.70023481082171e-05
2,7104,"P_university_studies","University degree",0.000154602894326672
2,7104,"P_read_write","Literacy",9.12229152163491e-05
2,7104,"P_cell_phone","Cell phone",0.000221914931898937
2,7104,"P_internet","Internet",0.000889215851202607
2,7104,"Current_income","Income",0.00039917480899021
2,7105,"P_age_00_14","Population 0-14",0.000133029665448703
2,7105,"P_migrants","Migrants",-9.58233285928145e-05
2,7105,"P_university_studies","University degree",0.000268374365987256
2,7105,"P_read_write","Literacy",8.68945935508236e-05
2,7105,"P_cell_phone","Cell phone",0.000149575556861237
2,7105,"P_internet","Internet",0.000799659348558635
2,7105,"Current_income","Income",0.000526313728187233
2,7106,"P_age_00_14","Population 0-14",0.000137496783281676
2,7106,"P_migrants","Migrants",6.45984328002669e-05
2,7106,"P_university_studies","University degree",0.000153077591676265
2,7106,"P_read_write","Literacy",0.000100075267255306
2,7106,"P_cell_phone","Cell phone",0.000240881228819489
2,7106,"P_internet","Internet",0.0012317089131102
2,7106,"Current_income","Income",0.000512028229422867
2,7107,"P_age_00_14","Population 0-14",0.00017760535411071
2,7107,"P_migrants","Migrants",-2.05988794732548e-06
2,7107,"P_university_studies","University degree",-4.06947947340086e-06
2,7107,"P_read_write","Literacy",0.00010286332690157
2,7107,"P_cell_phone","Cell phone",0.000234463703236543
2,7107,"P_internet","Internet",0.000731822394300252
2,7107,"Current_income","Income",0.000518486718647182
2,7108,"P_age_00_14","Population 0-14",7.93060826254077e-05
2,7108,"P_migrants","Migrants",0.000136799149913713
2,7108,"P_university_studies","University degree",-8.1943318946287e-05
2,7108,"P_read_write","Literacy",8.68213901412673e-05
2,7108,"P_cell_phone","Cell phone",0.000144529505632818
2,7108,"P_internet","Internet",0.000736773770768195
2,7108,"Current_income","Income",0.000398152216803282
2,7109,"P_age_00_14","Population 0-14",0.000302149710478261
2,7109,"P_migrants","Migrants",0.000135347581817769
2,7109,"P_university_studies","University degree",-4.33406312367879e-05
2,7109,"P_read_write","Literacy",0.000123999649076723
2,7109,"P_cell_phone","Cell phone",0.000300528859952465
2,7109,"P_internet","Internet",0.00120261253323406
2,7109,"Current_income","Income",0.000626677414402366
2,7110,"P_age_00_14","Population 0-14",0.000210465121199377
2,7110,"P_migrants","Migrants",0.000118983451102395
2,7110,"P_university_studies","University degree",0.000216522297705524
2,7110,"P_read_write","Literacy",0.000110734108602628
2,7110,"P_cell_phone","Cell phone",0.000250410084845498
2,7110,"P_internet","Internet",0.00124472624156624
2,7110,"Current_income","Income",0.000550994416698813
2,7111,"P_age_00_14","Population 0-14",0.000297203048830852
2,7111,"P_migrants","Migrants",0.000197471614228562
2,7111,"P_university_studies","University degree",0.00022557529155165
2,7111,"P_read_write","Literacy",0.00011467735748738
2,7111,"P_cell_phone","Cell phone",0.000304942193906754
2,7111,"P_internet","Internet",0.00125764845870435
2,7111,"Current_income","Income",0.00069536897353828
2,7112,"P_age_00_14","Population 0-14",0.000322345731547102
2,7112,"P_migrants","Migrants",0.000177398454979993
2,7112,"P_university_studies","University degree",0.000216185420867987
2,7112,"P_read_write","Literacy",0.000115427239506971
2,7112,"P_cell_phone","Cell phone",0.000298207567539066
2,7112,"P_internet","Internet",0.0013010666007176
2,7112,"Current_income","Income",0.000708169769495726
2,7113,"P_age_00_14","Population 0-14",0.000290561583824456
2,7113,"P_migrants","Migrants",0.000183548414497636
2,7113,"P_university_studies","University degree",0.000226259246119298
2,7113,"P_read_write","Literacy",0.000125307371490635
2,7113,"P_cell_phone","Cell phone",0.000305903115076944
2,7113,"P_internet","Internet",0.00131148798391223
2,7113,"Current_income","Income",0.000701895565725863
2,7114,"P_age_00_14","Population 0-14",0.000395963725168258
2,7114,"P_migrants","Migrants",-0.000459633360151201
2,7114,"P_university_studies","University degree",0.000352578674210235
2,7114,"P_read_write","Literacy",0.000117569936264772
2,7114,"P_cell_phone","Cell phone",0.000294771220069379
2,7114,"P_internet","Internet",0.00140143290627748
2,7114,"Current_income","Income",0.000666957115754485
2,7115,"P_age_00_14","Population 0-14",0.00039056857349351
2,7115,"P_migrants","Migrants",-0.000211663616937585
2,7115,"P_university_studies","University degree",0.000276719249086455
2,7115,"P_read_write","Literacy",0.000139450945425779
2,7115,"P_cell_phone","Cell phone",0.000320973224006593
2,7115,"P_internet","Internet",0.00132124777883291
2,7115,"Current_income","Income",0.000772449711803347
2,7116,"P_age_00_14","Population 0-14",0.000372034992324188
2,7116,"P_migrants","Migrants",-0.000161982316058129
2,7116,"P_university_studies","University degree",0.000302227068459615
2,7116,"P_read_write","Literacy",0.00010420515172882
2,7116,"P_cell_phone","Cell phone",0.000251521094469354
2,7116,"P_internet","Internet",0.00130580109544098
2,7116,"Current_income","Income",0.000615632103290409
2,7117,"P_age_00_14","Population 0-14",0.000370907568139955
2,7117,"P_migrants","Migrants",-1.15240172817721e-05
2,7117,"P_university_studies","University degree",0.000241331654251553
2,7117,"P_read_write","Literacy",0.000122710989671759
2,7117,"P_cell_phone","Cell phone",0.000296629790682346
2,7117,"P_internet","Internet",0.00089777255197987
2,7117,"Current_income","Income",0.00071864586789161
2,7118,"P_age_00_14","Population 0-14",0.000290381809463724
2,7118,"P_migrants","Migrants",0.000180159651790746
2,7118,"P_university_studies","University degree",0.000214455649256706
2,7118,"P_read_write","Literacy",0.000126284052385017
2,7118,"P_cell_phone","Cell phone",0.000298809638479725
2,7118,"P_internet","Internet",0.00129448797088116
2,7118,"Current_income","Income",0.00070407398743555
2,7119,"P_age_00_14","Population 0-14",0.000314246863126755
2,7119,"P_migrants","Migrants",0.000181260402314365
2,7119,"P_university_studies","University degree",0.00022181349049788
2,7119,"P_read_write","Literacy",0.000106982348370366
2,7119,"P_cell_phone","Cell phone",0.000303708075080067
2,7119,"P_internet","Internet",0.00130852730944753
2,7119,"Current_income","Income",0.00068004842614755
2,7120,"P_age_00_14","Population 0-14",0.000353516254108399
2,7120,"P_migrants","Migrants",2.6760108085e-05
2,7120,"P_university_studies","University degree",0.000221765469177626
2,7120,"P_read_write","Literacy",0.000128768617287278
2,7120,"P_cell_phone","Cell phone",0.000341809762176126
2,7120,"P_internet","Internet",0.00129921734333038
2,7120,"Current_income","Income",0.000704833772033453
2,7121,"P_age_00_14","Population 0-14",0.0002562343433965
2,7121,"P_migrants","Migrants",0.000155240297317505
2,7121,"P_university_studies","University degree",0.000171230552950874
2,7121,"P_read_write","Literacy",0.000108404150523711
2,7121,"P_cell_phone","Cell phone",0.000265802489593625
2,7121,"P_internet","Internet",0.00127951719332486
2,7121,"Current_income","Income",0.000555348640773445
2,7122,"P_age_00_14","Population 0-14",6.39709251117893e-05
2,7122,"P_migrants","Migrants",0.000111573375761509
2,7122,"P_university_studies","University degree",0.000153535162098706
2,7122,"P_read_write","Literacy",9.33917835936882e-05
2,7122,"P_cell_phone","Cell phone",0.000213755847653374
2,7122,"P_internet","Internet",0.00121354684233665
2,7122,"Current_income","Income",0.000394043134292588
2,7123,"P_age_00_14","Population 0-14",5.36870829819236e-05
2,7123,"P_migrants","Migrants",8.10971687315032e-05
2,7123,"P_university_studies","University degree",1.7271435353905e-05
2,7123,"P_read_write","Literacy",9.61821206146851e-05
2,7123,"P_cell_phone","Cell phone",0.000152369670104235
2,7123,"P_internet","Internet",0.000779002148192376
2,7123,"Current_income","Income",0.000272471865173429
2,7124,"P_age_00_14","Population 0-14",0.000193226704141125
2,7124,"P_migrants","Migrants",1.63895711011719e-05
2,7124,"P_university_studies","University degree",0.000157567919814028
2,7124,"P_read_write","Literacy",0.000103462203696836
2,7124,"P_cell_phone","Cell phone",0.000245400908170268
2,7124,"P_internet","Internet",0.0012264964170754
2,7124,"Current_income","Income",0.000398220348870382
2,8002,"P_age_00_14","Population 0-14",3.52589586327667e-06
2,8002,"P_migrants","Migrants",-0.000101073615951464
2,8002,"P_university_studies","University degree",-0.000147103943163529
2,8002,"P_read_write","Literacy",-0.000227996672037989
2,8002,"P_cell_phone","Cell phone",-0.000657401047646999
2,8002,"P_internet","Internet",-0.000931710354052484
2,8002,"Current_income","Income",-0.000346325687132776
2,8003,"P_age_00_14","Population 0-14",-0.000149620536831208
2,8003,"P_migrants","Migrants",2.96766265819315e-05
2,8003,"P_university_studies","University degree",-6.75004339427687e-05
2,8003,"P_read_write","Literacy",-0.000129670384922065
2,8003,"P_cell_phone","Cell phone",-2.97231167678547e-06
2,8003,"P_internet","Internet",-0.000867075403220952
2,8003,"Current_income","Income",-0.000510317389853299
2,8004,"P_age_00_14","Population 0-14",3.43640494975261e-05
2,8004,"P_migrants","Migrants",3.85234416171443e-05
2,8004,"P_university_studies","University degree",0.000235112296650186
2,8004,"P_read_write","Literacy",0.000103651684185024
2,8004,"P_cell_phone","Cell phone",-0.000458150665508583
2,8004,"P_internet","Internet",0.000114050504635088
2,8004,"Current_income","Income",-0.000183519427082501
2,8005,"P_age_00_14","Population 0-14",0.000286722497548908
2,8005,"P_migrants","Migrants",-0.000959298573434353
2,8005,"P_university_studies","University degree",0.000307991169393063
2,8005,"P_read_write","Literacy",-0.000172648302395828
2,8005,"P_cell_phone","Cell phone",-0.000626302789896727
2,8005,"P_internet","Internet",-0.000497533124871552
2,8005,"Current_income","Income",-0.000432191591244191
2,8006,"P_age_00_14","Population 0-14",-8.95645644050092e-05
2,8006,"P_migrants","Migrants",-0.000512698432430625
2,8006,"P_university_studies","University degree",0.000329290778608993
2,8006,"P_read_write","Literacy",-8.06912503321655e-05
2,8006,"P_cell_phone","Cell phone",-0.00060141971334815
2,8006,"P_internet","Internet",0.000131124616018496
2,8006,"Current_income","Income",-4.95291242259555e-05
2,8007,"P_age_00_14","Population 0-14",0.000292969198198989
2,8007,"P_migrants","Migrants",-3.13793098030146e-05
2,8007,"P_university_studies","University degree",0.000213543215068057
2,8007,"P_read_write","Literacy",0.000163102347869426
2,8007,"P_cell_phone","Cell phone",0.000301846099318936
2,8007,"P_internet","Internet",0.00128044991288334
2,8007,"Current_income","Income",0.000406125909648836
2,8008,"P_age_00_14","Population 0-14",0.000208908182685263
2,8008,"P_migrants","Migrants",0.000150938532897271
2,8008,"P_university_studies","University degree",0.000219294452108443
2,8008,"P_read_write","Literacy",0.000154070861754008
2,8008,"P_cell_phone","Cell phone",0.00029887628625147
2,8008,"P_internet","Internet",0.00128155457787216
2,8008,"Current_income","Income",0.000556913204491138
2,8009,"P_age_00_14","Population 0-14",9.25088388612494e-05
2,8009,"P_migrants","Migrants",7.00100499670953e-05
2,8009,"P_university_studies","University degree",1.71599476743722e-05
2,8009,"P_read_write","Literacy",0.00010177111835219
2,8009,"P_cell_phone","Cell phone",0.000285316025838256
2,8009,"P_internet","Internet",0.00127535883802921
2,8009,"Current_income","Income",0.000426328158937395
2,8011,"P_age_00_14","Population 0-14",-8.05684103397653e-05
2,8011,"P_migrants","Migrants",4.62153548141941e-06
2,8011,"P_university_studies","University degree",-0.000140145974000916
2,8011,"P_read_write","Literacy",-0.000204929674509913
2,8011,"P_cell_phone","Cell phone",-0.000623688451014459
2,8011,"P_internet","Internet",-0.00131784821860492
2,8011,"Current_income","Income",-0.000490765960421413
2,8012,"P_age_00_14","Population 0-14",0.000211150283575989
2,8012,"P_migrants","Migrants",-1.49714451254113e-05
2,8012,"P_university_studies","University degree",0.000184800868737511
2,8012,"P_read_write","Literacy",0.000149589905049652
2,8012,"P_cell_phone","Cell phone",0.000296744314255193
2,8012,"P_internet","Internet",0.000873057346325368
2,8012,"Current_income","Income",7.77600071160123e-05
2,8013,"P_age_00_14","Population 0-14",-6.57846030662768e-05
2,8013,"P_migrants","Migrants",-0.000752803287468851
2,8013,"P_university_studies","University degree",-1.21343164209975e-05
2,8013,"P_read_write","Literacy",-0.000159333809278905
2,8013,"P_cell_phone","Cell phone",-0.000579723448026925
2,8013,"P_internet","Internet",-6.24103922746144e-05
2,8013,"Current_income","Income",-0.000234830746194348
2,8014,"P_age_00_14","Population 0-14",-0.00010438709432492
2,8014,"P_migrants","Migrants",-4.00126300519332e-05
2,8014,"P_university_studies","University degree",0.000208565368666314
2,8014,"P_read_write","Literacy",-0.000163540913490579
2,8014,"P_cell_phone","Cell phone",6.01125475441222e-06
2,8014,"P_internet","Internet",0.000760648399591446
2,8014,"Current_income","Income",-2.43502508965321e-05
2,8016,"P_age_00_14","Population 0-14",-8.19484630483203e-05
2,8016,"P_migrants","Migrants",-0.000177871625055559
2,8016,"P_university_studies","University degree",0.00025298836408183
2,8016,"P_read_write","Literacy",-9.86794402706437e-05
2,8016,"P_cell_phone","Cell phone",-0.000602843414526433
2,8016,"P_internet","Internet",-0.00101339526008815
2,8016,"Current_income","Income",-0.000413384870626032
2,8017,"P_age_00_14","Population 0-14",3.1728770409245e-05
2,8017,"P_migrants","Migrants",-0.000460683979326859
2,8017,"P_university_studies","University degree",-0.000157881091581658
2,8017,"P_read_write","Literacy",-0.000367137807188556
2,8017,"P_cell_phone","Cell phone",-0.000388062821002677
2,8017,"P_internet","Internet",-0.00148396927397698
2,8017,"Current_income","Income",-0.00111505610402673
2,8018,"P_age_00_14","Population 0-14",-9.22695617191494e-05
2,8018,"P_migrants","Migrants",-0.0001263100275537
2,8018,"P_university_studies","University degree",0.000203537114430219
2,8018,"P_read_write","Literacy",-0.000104208193079103
2,8018,"P_cell_phone","Cell phone",-0.000475609180284664
2,8018,"P_internet","Internet",0.000700812961440533
2,8018,"Current_income","Income",-0.000313651253236458
2,8019,"P_age_00_14","Population 0-14",-0.000246973737375811
2,8019,"P_migrants","Migrants",5.06095966557041e-05
2,8019,"P_university_studies","University degree",-0.000690765271428972
2,8019,"P_read_write","Literacy",0.000107473191746976
2,8019,"P_cell_phone","Cell phone",-0.000348037865478545
2,8019,"P_internet","Internet",-0.00334246852435172
2,8019,"Current_income","Income",-0.0025966230314225
2,8020,"P_age_00_14","Population 0-14",0.000131947614136152
2,8020,"P_migrants","Migrants",0.000111313253000844
2,8020,"P_university_studies","University degree",1.98463385459036e-05
2,8020,"P_read_write","Literacy",0.000137255585286766
2,8020,"P_cell_phone","Cell phone",0.000272987090284005
2,8020,"P_internet","Internet",0.0012890852522105
2,8020,"Current_income","Income",0.000340267637511715
2,8021,"P_age_00_14","Population 0-14",-2.50458815571619e-05
2,8021,"P_migrants","Migrants",2.12144277611515e-05
2,8021,"P_university_studies","University degree",-0.000302313215797767
2,8021,"P_read_write","Literacy",-0.000223763752728701
2,8021,"P_cell_phone","Cell phone",-0.000442801421741024
2,8021,"P_internet","Internet",-0.00217090267688036
2,8021,"Current_income","Income",-0.000774325744714588
2,8022,"P_age_00_14","Population 0-14",-0.000234283885220066
2,8022,"P_migrants","Migrants",-0.000140302086947486
2,8022,"P_university_studies","University degree",0.000320665363688022
2,8022,"P_read_write","Literacy",-7.28734594304115e-05
2,8022,"P_cell_phone","Cell phone",0.000244667869992554
2,8022,"P_internet","Internet",-0.000827236683107913
2,8022,"Current_income","Income",7.02026736689731e-05
2,8023,"P_age_00_14","Population 0-14",0.000379453529603779
2,8023,"P_migrants","Migrants",-0.00068089464912191
2,8023,"P_university_studies","University degree",0.000339010817697272
2,8023,"P_read_write","Literacy",-0.000100808923889417
2,8023,"P_cell_phone","Cell phone",-0.000523238035384566
2,8023,"P_internet","Internet",0.000779102323576808
2,8023,"Current_income","Income",-0.000399687676690519
2,8024,"P_age_00_14","Population 0-14",-0.000477411027532071
2,8024,"P_migrants","Migrants",-0.000555770297069103
2,8024,"P_university_studies","University degree",0.000321095110848546
2,8024,"P_read_write","Literacy",-7.97189204604365e-05
2,8024,"P_cell_phone","Cell phone",-0.000260591477854177
2,8024,"P_internet","Internet",-0.000231320038437843
2,8024,"Current_income","Income",-0.000467457051854581
2,8025,"P_age_00_14","Population 0-14",-8.8169785158243e-05
2,8025,"P_migrants","Migrants",-0.00036048490437679
2,8025,"P_university_studies","University degree",3.18677957693581e-05
2,8025,"P_read_write","Literacy",-7.27094666217454e-05
2,8025,"P_cell_phone","Cell phone",-0.000577767030335963
2,8025,"P_internet","Internet",0.000962321471888572
2,8025,"Current_income","Income",-0.000423617282649502
2,8026,"P_age_00_14","Population 0-14",-0.000276019214652479
2,8026,"P_migrants","Migrants",-0.000307388370856643
2,8026,"P_university_studies","University degree",0.000395685085095465
2,8026,"P_read_write","Literacy",-0.000110210145066958
2,8026,"P_cell_phone","Cell phone",0.000111025328806136
2,8026,"P_internet","Internet",-0.00143941002897918
2,8026,"Current_income","Income",-0.000266922783339396
2,8027,"P_age_00_14","Population 0-14",0.000226314456085674
2,8027,"P_migrants","Migrants",0.000124125697766431
2,8027,"P_university_studies","University degree",9.53453036345309e-06
2,8027,"P_read_write","Literacy",0.000155899557285011
2,8027,"P_cell_phone","Cell phone",0.000290979340206832
2,8027,"P_internet","Internet",0.00130714941769838
2,8027,"Current_income","Income",0.000419428979512304
2,8029,"P_age_00_14","Population 0-14",0.000206668133614585
2,8029,"P_migrants","Migrants",0.000121363140351605
2,8029,"P_university_studies","University degree",0.000159981151227839
2,8029,"P_read_write","Literacy",0.00015689866268076
2,8029,"P_cell_phone","Cell phone",0.000289340823655948
2,8029,"P_internet","Internet",0.00127378408797085
2,8029,"Current_income","Income",0.000296458252705634
2,8030,"P_age_00_14","Population 0-14",0.000184692355105653
2,8030,"P_migrants","Migrants",0.000114245864097029
2,8030,"P_university_studies","University degree",0.000146384074469097
2,8030,"P_read_write","Literacy",0.000146671183756553
2,8030,"P_cell_phone","Cell phone",0.000269215001026168
2,8030,"P_internet","Internet",0.00125916441902518
2,8030,"Current_income","Income",0.000473753811093047
2,8031,"P_age_00_14","Population 0-14",6.97885025147116e-06
2,8031,"P_migrants","Migrants",-9.11920942598954e-05
2,8031,"P_university_studies","University degree",3.30580805893987e-05
2,8031,"P_read_write","Literacy",-0.000150531632243656
2,8031,"P_cell_phone","Cell phone",1.84163600351894e-05
2,8031,"P_internet","Internet",0.000675323302857578
2,8031,"Current_income","Income",-0.000146290039992891
2,8032,"P_age_00_14","Population 0-14",-5.19427339895628e-05
2,8032,"P_migrants","Migrants",1.66494392033201e-05
2,8032,"P_university_studies","University degree",-0.000275581638561562
2,8032,"P_read_write","Literacy",-0.000238921027630568
2,8032,"P_cell_phone","Cell phone",-0.00055706303101033
2,8032,"P_internet","Internet",-0.00215534376911819
2,8032,"Current_income","Income",-0.00105288764461875
2,8033,"P_age_00_14","Population 0-14",-0.000192567356862128
2,8033,"P_migrants","Migrants",-0.0004025736998301
2,8033,"P_university_studies","University degree",-0.000243755974224769
2,8033,"P_read_write","Literacy",-0.000158594717504457
2,8033,"P_cell_phone","Cell phone",9.59042808972299e-05
2,8033,"P_internet","Internet",0.000530853809323162
2,8033,"Current_income","Income",0.000130231404909864
2,8034,"P_age_00_14","Population 0-14",-0.000272476754616946
2,8034,"P_migrants","Migrants",-0.000280198903055862
2,8034,"P_university_studies","University degree",0.000294976052828133
2,8034,"P_read_write","Literacy",-0.000135846275952645
2,8034,"P_cell_phone","Cell phone",-0.000196410401258618
2,8034,"P_internet","Internet",-0.000119071977678686
2,8034,"Current_income","Income",-0.000377253600163385
2,8035,"P_age_00_14","Population 0-14",0.000452877109637484
2,8035,"P_migrants","Migrants",-0.000362412683898583
2,8035,"P_university_studies","University degree",0.000432457483839244
2,8035,"P_read_write","Literacy",-0.000127394989249296
2,8035,"P_cell_phone","Cell phone",-0.000526329735293984
2,8035,"P_internet","Internet",0.000718593888450414
2,8035,"Current_income","Income",-0.000374988827388734
2,8036,"P_age_00_14","Population 0-14",3.19693535857368e-05
2,8036,"P_migrants","Migrants",-3.19992568620364e-06
2,8036,"P_university_studies","University degree",-8.41441433294676e-05
2,8036,"P_read_write","Literacy",-0.000131447784951888
2,8036,"P_cell_phone","Cell phone",-0.000247264571953565
2,8036,"P_internet","Internet",-0.00102490338031203
2,8036,"Current_income","Income",-0.000701639975886792
2,8037,"P_age_00_14","Population 0-14",-6.97498035151511e-05
2,8037,"P_migrants","Migrants",-0.00113706686533988
2,8037,"P_university_studies","University degree",-0.000471244362415746
2,8037,"P_read_write","Literacy",0.00010868002573261
2,8037,"P_cell_phone","Cell phone",-0.00040866737253964
2,8037,"P_internet","Internet",-0.00264562293887138
2,8037,"Current_income","Income",-0.00220154481939971
2,8038,"P_age_00_14","Population 0-14",-5.79683292016853e-05
2,8038,"P_migrants","Migrants",-0.000216415413888171
2,8038,"P_university_studies","University degree",0.000253885169513524
2,8038,"P_read_write","Literacy",-0.000206795200938359
2,8038,"P_cell_phone","Cell phone",-0.000608550675678998
2,8038,"P_internet","Internet",0.000357747805537656
2,8038,"Current_income","Income",-1.67907637660392e-05
2,8039,"P_age_00_14","Population 0-14",-1.11032049971982e-05
2,8039,"P_migrants","Migrants",4.88198293169262e-06
2,8039,"P_university_studies","University degree",-2.67768373305444e-05
2,8039,"P_read_write","Literacy",-8.81764353835024e-05
2,8039,"P_cell_phone","Cell phone",-3.15220131597016e-06
2,8039,"P_internet","Internet",-0.00166420615278184
2,8039,"Current_income","Income",-0.000119223317597061
2,8040,"P_age_00_14","Population 0-14",2.02062110474799e-05
2,8040,"P_migrants","Migrants",-1.34425772557734e-05
2,8040,"P_university_studies","University degree",0.000151298256241716
2,8040,"P_read_write","Literacy",-0.000162602853379212
2,8040,"P_cell_phone","Cell phone",-0.000327751040458679
2,8040,"P_internet","Internet",0.000876347650773823
2,8040,"Current_income","Income",-7.78762405388989e-05
2,8041,"P_age_00_14","Population 0-14",0.000187595156603493
2,8041,"P_migrants","Migrants",0.000208687240956351
2,8041,"P_university_studies","University degree",0.000209502206416801
2,8041,"P_read_write","Literacy",0.00012534434790723
2,8041,"P_cell_phone","Cell phone",0.000288635783363134
2,8041,"P_internet","Internet",0.00139220571145415
2,8041,"Current_income","Income",0.000337325705913827
2,8042,"P_age_00_14","Population 0-14",-0.000388699729228392
2,8042,"P_migrants","Migrants",0.000300381449051201
2,8042,"P_university_studies","University degree",0.000308447342831641
2,8042,"P_read_write","Literacy",7.849776011426e-05
2,8042,"P_cell_phone","Cell phone",0.000328990747220814
2,8042,"P_internet","Internet",0.00157730968203396
2,8042,"Current_income","Income",-7.76838278397918e-05
2,8043,"P_age_00_14","Population 0-14",-0.000214084604522213
2,8043,"P_migrants","Migrants",-0.000383473059628159
2,8043,"P_university_studies","University degree",0.000276904844213277
2,8043,"P_read_write","Literacy",-0.000138681134558283
2,8043,"P_cell_phone","Cell phone",-7.36893125576898e-05
2,8043,"P_internet","Internet",0.00138435990083963
2,8043,"Current_income","Income",0.000498061941470951
2,8044,"P_age_00_14","Population 0-14",-2.07051507459255e-05
2,8044,"P_migrants","Migrants",1.04539922176627e-05
2,8044,"P_university_studies","University degree",0.000151981745148078
2,8044,"P_read_write","Literacy",-0.000164087061421014
2,8044,"P_cell_phone","Cell phone",-1.96947930817259e-05
2,8044,"P_internet","Internet",0.000616943230852485
2,8044,"Current_income","Income",-9.27727014641277e-05
2,8045,"P_age_00_14","Population 0-14",3.53967843693681e-05
2,8045,"P_migrants","Migrants",-7.71796476328745e-05
2,8045,"P_university_studies","University degree",4.27265404141508e-05
2,8045,"P_read_write","Literacy",-8.6170737631619e-05
2,8045,"P_cell_phone","Cell phone",-0.000496185210067779
2,8045,"P_internet","Internet",-0.000980688724666834
2,8045,"Current_income","Income",-0.000941581558436155
2,8046,"P_age_00_14","Population 0-14",0.000183092299266718
2,8046,"P_migrants","Migrants",0.000140572810778394
2,8046,"P_university_studies","University degree",0.000208960715099238
2,8046,"P_read_write","Literacy",0.000140183241455816
2,8046,"P_cell_phone","Cell phone",0.000271436525508761
2,8046,"P_internet","Internet",0.00124751252587885
2,8046,"Current_income","Income",0.000540841661859304
2,8047,"P_age_00_14","Population 0-14",0.000148678445839323
2,8047,"P_migrants","Migrants",9.49616060097469e-06
2,8047,"P_university_studies","University degree",0.000232699399930425
2,8047,"P_read_write","Literacy",8.59281499288045e-05
2,8047,"P_cell_phone","Cell phone",0.000240087800193578
2,8047,"P_internet","Internet",0.00121434638276696
2,8047,"Current_income","Income",0.000417901814216748
2,8048,"P_age_00_14","Population 0-14",-3.72714384866413e-05
2,8048,"P_migrants","Migrants",-0.00037733549834229
2,8048,"P_university_studies","University degree",0.00028383856988512
2,8048,"P_read_write","Literacy",-0.000122289478895254
2,8048,"P_cell_phone","Cell phone",-0.000625141779892147
2,8048,"P_internet","Internet",0.000635208562016487
2,8048,"Current_income","Income",-0.000486035278299823
2,8049,"P_age_00_14","Population 0-14",8.63501645653741e-06
2,8049,"P_migrants","Migrants",-1.1670914318529e-05
2,8049,"P_university_studies","University degree",0.000165678735356778
2,8049,"P_read_write","Literacy",9.47639855439775e-05
2,8049,"P_cell_phone","Cell phone",7.79303372837603e-05
2,8049,"P_internet","Internet",0.00119809759780765
2,8049,"Current_income","Income",3.19339437737653e-06
2,8050,"P_age_00_14","Population 0-14",6.9366091338452e-05
2,8050,"P_migrants","Migrants",-0.000482634583022445
2,8050,"P_university_studies","University degree",-0.000334860582370311
2,8050,"P_read_write","Literacy",-0.0003350478655193
2,8050,"P_cell_phone","Cell phone",-0.000454801949672401
2,8050,"P_internet","Internet",-0.00181757903192192
2,8050,"Current_income","Income",-0.000941681151743978
2,8051,"P_age_00_14","Population 0-14",0.000190420920262113
2,8051,"P_migrants","Migrants",-5.33085512870457e-05
2,8051,"P_university_studies","University degree",0.000171412320923992
2,8051,"P_read_write","Literacy",7.63265270506963e-05
2,8051,"P_cell_phone","Cell phone",0.000220265457755886
2,8051,"P_internet","Internet",0.00122397567611188
2,8051,"Current_income","Income",-2.317003418284e-05
2,8052,"P_age_00_14","Population 0-14",-1.14824961201521e-05
2,8052,"P_migrants","Migrants",-0.00106037058867514
2,8052,"P_university_studies","University degree",-3.421542714932e-06
2,8052,"P_read_write","Literacy",-0.000205070580705069
2,8052,"P_cell_phone","Cell phone",-0.000669843459036201
2,8052,"P_internet","Internet",-0.00120499718468636
2,8052,"Current_income","Income",-0.000418896932387725
2,8053,"P_age_00_14","Population 0-14",-1.45246649481123e-05
2,8053,"P_migrants","Migrants",-0.000958328077103943
2,8053,"P_university_studies","University degree",0.000287709757685661
2,8053,"P_read_write","Literacy",-0.000125037622638047
2,8053,"P_cell_phone","Cell phone",-0.000256147235631943
2,8053,"P_internet","Internet",-7.37351147108711e-05
2,8053,"Current_income","Income",-0.000681956124026328
2,8054,"P_age_00_14","Population 0-14",9.06714121811092e-05
2,8054,"P_migrants","Migrants",-0.000995432608760893
2,8054,"P_university_studies","University degree",0.000108249456388876
2,8054,"P_read_write","Literacy",-0.000512623519171029
2,8054,"P_cell_phone","Cell phone",-0.00081532442709431
2,8054,"P_internet","Internet",2.59871230809949e-05
2,8054,"Current_income","Income",-0.000734121422283351
2,8055,"P_age_00_14","Population 0-14",-9.19858284760267e-05
2,8055,"P_migrants","Migrants",-0.000127550301840529
2,8055,"P_university_studies","University degree",3.61231795977801e-05
2,8055,"P_read_write","Literacy",-0.000123256046208553
2,8055,"P_cell_phone","Cell phone",-0.000616566161625087
2,8055,"P_internet","Internet",-0.000923353072721511
2,8055,"Current_income","Income",-5.38281165063381e-05
2,8056,"P_age_00_14","Population 0-14",-0.000287183444015682
2,8056,"P_migrants","Migrants",-0.000126957311294973
2,8056,"P_university_studies","University degree",0.000323187588946894
2,8056,"P_read_write","Literacy",5.0307069614064e-05
2,8056,"P_cell_phone","Cell phone",-0.000164730532560498
2,8056,"P_internet","Internet",-1.49459456224577e-05
2,8056,"Current_income","Income",0.000158062102855183
2,8057,"P_age_00_14","Population 0-14",-0.000391847715945914
2,8057,"P_migrants","Migrants",-7.67488672863692e-05
2,8057,"P_university_studies","University degree",0.000229550685617141
2,8057,"P_read_write","Literacy",6.56546471873298e-05
2,8057,"P_cell_phone","Cell phone",-0.00010345655027777
2,8057,"P_internet","Internet",0.00059370748931542
2,8057,"Current_income","Income",2.0200955987093e-05
2,8058,"P_age_00_14","Population 0-14",-0.000324345979606733
2,8058,"P_migrants","Migrants",1.13315654743928e-05
2,8058,"P_university_studies","University degree",0.000257769803283736
2,8058,"P_read_write","Literacy",-9.51624024310149e-05
2,8058,"P_cell_phone","Cell phone",-0.000233269878663123
2,8058,"P_internet","Internet",0.000258369225775823
2,8058,"Current_income","Income",-9.16018761927262e-05
2,8059,"P_age_00_14","Population 0-14",3.01918089462561e-06
2,8059,"P_migrants","Migrants",-3.51362141373102e-05
2,8059,"P_university_studies","University degree",-9.7088333859574e-05
2,8059,"P_read_write","Literacy",-0.000121033743198495
2,8059,"P_cell_phone","Cell phone",-0.000601410225499421
2,8059,"P_internet","Internet",-0.00099124398548156
2,8059,"Current_income","Income",-0.000426355458330363
2,8060,"P_age_00_14","Population 0-14",6.60309597151354e-05
2,8060,"P_migrants","Migrants",-2.25660733121913e-05
2,8060,"P_university_studies","University degree",-5.09863093611784e-05
2,8060,"P_read_write","Literacy",-0.000107092615508009
2,8060,"P_cell_phone","Cell phone",-0.000587196962442249
2,8060,"P_internet","Internet",-0.000900531595107168
2,8060,"Current_income","Income",-0.000340689730364829
2,8061,"P_age_00_14","Population 0-14",-0.00038447102997452
2,8061,"P_migrants","Migrants",-0.000106763181975111
2,8061,"P_university_studies","University degree",0.000119817341328599
2,8061,"P_read_write","Literacy",-0.000126000813907012
2,8061,"P_cell_phone","Cell phone",-7.30671854398679e-06
2,8061,"P_internet","Internet",0.00135529437102377
2,8061,"Current_income","Income",-0.000476847868412733
2,8062,"P_age_00_14","Population 0-14",-5.38867279828992e-05
2,8062,"P_migrants","Migrants",-1.86306806426728e-05
2,8062,"P_university_studies","University degree",3.25599758070894e-05
2,8062,"P_read_write","Literacy",-7.35926005290821e-05
2,8062,"P_cell_phone","Cell phone",-0.000606520043220371
2,8062,"P_internet","Internet",-0.00100340065546334
2,8062,"Current_income","Income",-0.000294888188363984
2,8063,"P_age_00_14","Population 0-14",-1.71978481375845e-05
2,8063,"P_migrants","Migrants",-1.33650128191221e-05
2,8063,"P_university_studies","University degree",0.000172757281688973
2,8063,"P_read_write","Literacy",-1.60762610903475e-05
2,8063,"P_cell_phone","Cell phone",0.000228674922254868
2,8063,"P_internet","Internet",0.0012567425146699
2,8063,"Current_income","Income",0.00010626334551489
2,8064,"P_age_00_14","Population 0-14",-0.00044477081974037
2,8064,"P_migrants","Migrants",-0.000234933380852453
2,8064,"P_university_studies","University degree",3.79315024474636e-05
2,8064,"P_read_write","Literacy",-6.01675783400424e-05
2,8064,"P_cell_phone","Cell phone",4.77476969535928e-05
2,8064,"P_internet","Internet",-0.00101323903072625
2,8064,"Current_income","Income",1.97488998310291e-06
2,8065,"P_age_00_14","Population 0-14",0.000205984470085241
2,8065,"P_migrants","Migrants",0.000121985438454431
2,8065,"P_university_studies","University degree",0.000217779219383374
2,8065,"P_read_write","Literacy",0.000155577887198888
2,8065,"P_cell_phone","Cell phone",0.000297962891636416
2,8065,"P_internet","Internet",0.00129152298904955
2,8065,"Current_income","Income",0.000535366765689105
2,8066,"P_age_00_14","Population 0-14",0.000147673694300465
2,8066,"P_migrants","Migrants",0.00014455096970778
2,8066,"P_university_studies","University degree",0.000174876418896019
2,8066,"P_read_write","Literacy",0.000152111912029795
2,8066,"P_cell_phone","Cell phone",0.000285000278381631
2,8066,"P_internet","Internet",0.00129691336769611
2,8066,"Current_income","Income",0.000535444123670459
2,8067,"P_age_00_14","Population 0-14",-7.33178603695706e-05
2,8067,"P_migrants","Migrants",-0.000237031912547536
2,8067,"P_university_studies","University degree",0.000337372155627236
2,8067,"P_read_write","Literacy",-0.000100780787761323
2,8067,"P_cell_phone","Cell phone",-0.000205535397981293
2,8067,"P_internet","Internet",0.000839435262605548
2,8067,"Current_income","Income",-0.000394395348848775
2,9002,"P_age_00_14","Population 0-14",-0.000858862767927349
2,9002,"P_migrants","Migrants",-3.14165627059992e-05
2,9002,"P_university_studies","University degree",-0.00112496805377305
2,9002,"P_read_write","Literacy",-5.340679854271e-05
2,9002,"P_cell_phone","Cell phone",-0.000803120608907193
2,9002,"P_internet","Internet",-0.00432763947173953
2,9002,"Current_income","Income",-0.00262825889512897
2,9003,"P_age_00_14","Population 0-14",-0.000831010867841542
2,9003,"P_migrants","Migrants",-2.45995070145e-05
2,9003,"P_university_studies","University degree",-0.00223522982560098
2,9003,"P_read_write","Literacy",-5.72901371924672e-05
2,9003,"P_cell_phone","Cell phone",-0.000985233928076923
2,9003,"P_internet","Internet",-0.00491123180836439
2,9003,"Current_income","Income",-0.00350839411839843
2,9004,"P_age_00_14","Population 0-14",-0.00117168051656336
2,9004,"P_migrants","Migrants",-0.000817962340079248
2,9004,"P_university_studies","University degree",-0.00165847549214959
2,9004,"P_read_write","Literacy",-0.000510932528413832
2,9004,"P_cell_phone","Cell phone",-0.000793837592937052
2,9004,"P_internet","Internet",-0.00467075733467937
2,9004,"Current_income","Income",-0.00266236555762589
2,9005,"P_age_00_14","Population 0-14",-0.000966547930147499
2,9005,"P_migrants","Migrants",3.19617647619452e-05
2,9005,"P_university_studies","University degree",-0.00106430589221418
2,9005,"P_read_write","Literacy",-0.000358667835826054
2,9005,"P_cell_phone","Cell phone",-0.000699508935213089
2,9005,"P_internet","Internet",-0.00390358781442046
2,9005,"Current_income","Income",-0.00121120712719858
2,9006,"P_age_00_14","Population 0-14",-0.000951076042838395
2,9006,"P_migrants","Migrants",2.94047322313418e-06
2,9006,"P_university_studies","University degree",-0.00108824658673257
2,9006,"P_read_write","Literacy",-1.62117648869753e-05
2,9006,"P_cell_phone","Cell phone",-0.000778087589424103
2,9006,"P_internet","Internet",-0.00437397276982665
2,9006,"Current_income","Income",-0.00218274490907788
2,9007,"P_age_00_14","Population 0-14",-0.000882523774635047
2,9007,"P_migrants","Migrants",7.61275878176093e-05
2,9007,"P_university_studies","University degree",-0.000619752332568169
2,9007,"P_read_write","Literacy",-0.000309667870169505
2,9007,"P_cell_phone","Cell phone",-0.00065337197156623
2,9007,"P_internet","Internet",-0.00341056613251567
2,9007,"Current_income","Income",-0.00121931522153318
2,9008,"P_age_00_14","Population 0-14",-0.00101537711452693
2,9008,"P_migrants","Migrants",1.14114436655655e-05
2,9008,"P_university_studies","University degree",-0.00121040118392557
2,9008,"P_read_write","Literacy",-0.00035522150574252
2,9008,"P_cell_phone","Cell phone",-0.00078076811041683
2,9008,"P_internet","Internet",-0.00447524292394519
2,9008,"Current_income","Income",-0.00130982825066894
2,9009,"P_age_00_14","Population 0-14",-0.000141969983815216
2,9009,"P_migrants","Migrants",0.000189754311577417
2,9009,"P_university_studies","University degree",-0.000125955019029789
2,9009,"P_read_write","Literacy",-0.000164803946972825
2,9009,"P_cell_phone","Cell phone",-3.37460805894807e-05
2,9009,"P_internet","Internet",-0.00141989346593618
2,9009,"Current_income","Income",-0.000416494876844808
2,9010,"P_age_00_14","Population 0-14",-0.00103329250123352
2,9010,"P_migrants","Migrants",-7.52640835344209e-06
2,9010,"P_university_studies","University degree",-0.0011039130622521
2,9010,"P_read_write","Literacy",-0.000380275188945234
2,9010,"P_cell_phone","Cell phone",-0.000813489605206996
2,9010,"P_internet","Internet",-0.00442510889843106
2,9010,"Current_income","Income",-0.00222921371459961
2,9011,"P_age_00_14","Population 0-14",-0.000717090384569019
2,9011,"P_migrants","Migrants",0.000105438586615492
2,9011,"P_university_studies","University degree",-0.000575050944462419
2,9011,"P_read_write","Literacy",-0.000232813821639866
2,9011,"P_cell_phone","Cell phone",-0.000627879286184907
2,9011,"P_internet","Internet",-0.0033648326061666
2,9011,"Current_income","Income",-0.000571702024899423
2,9012,"P_age_00_14","Population 0-14",-0.00103742128703743
2,9012,"P_migrants","Migrants",-8.76707326824544e-06
2,9012,"P_university_studies","University degree",-0.00102689757477492
2,9012,"P_read_write","Literacy",-0.000356048665707931
2,9012,"P_cell_phone","Cell phone",-0.000809913966804743
2,9012,"P_internet","Internet",-0.00440812762826681
2,9012,"Current_income","Income",-0.00257793511264026
2,9013,"P_age_00_14","Population 0-14",-0.00104119582101703
2,9013,"P_migrants","Migrants",0.000108347448986024
2,9013,"P_university_studies","University degree",-0.000861671229358763
2,9013,"P_read_write","Literacy",-0.000281030515907332
2,9013,"P_cell_phone","Cell phone",-0.000718681199941784
2,9013,"P_internet","Internet",-0.0030486392788589
2,9013,"Current_income","Income",-0.00124479294754565
2,9014,"P_age_00_14","Population 0-14",-0.000520093541126698
2,9014,"P_migrants","Migrants",-0.000633098767139018
2,9014,"P_university_studies","University degree",-0.00261052907444537
2,9014,"P_read_write","Literacy",0.00123769417405128
2,9014,"P_cell_phone","Cell phone",-0.00123201333917677
2,9014,"P_internet","Internet",-0.00659355474635959
2,9014,"Current_income","Income",-0.00653963536024094
2,9015,"P_age_00_14","Population 0-14",-0.000756245572119951
2,9015,"P_migrants","Migrants",-0.000795534055214375
2,9015,"P_university_studies","University degree",-0.00150144670624286
2,9015,"P_read_write","Literacy",6.54390605632216e-05
2,9015,"P_cell_phone","Cell phone",-0.00087474100291729
2,9015,"P_internet","Internet",-0.00463388115167618
2,9015,"Current_income","Income",-0.0039599989540875
2,9016,"P_age_00_14","Population 0-14",-0.000638798112049699
2,9016,"P_migrants","Migrants",-0.000991247594356537
2,9016,"P_university_studies","University degree",-0.00268311658874154
2,9016,"P_read_write","Literacy",0.00130232912488282
2,9016,"P_cell_phone","Cell phone",-0.00106732442509383
2,9016,"P_internet","Internet",-0.00599380396306515
2,9016,"Current_income","Income",-0.00504339905455709
2,9017,"P_age_00_14","Population 0-14",-0.000908354064449668
2,9017,"P_migrants","Migrants",2.73081423074473e-06
2,9017,"P_university_studies","University degree",-0.00102793041151017
2,9017,"P_read_write","Literacy",-6.3613937527407e-05
2,9017,"P_cell_phone","Cell phone",-0.000798547582235187
2,9017,"P_internet","Internet",-0.00433447444811463
2,9017,"Current_income","Income",-0.00258728628978133
2,10001,"P_age_00_14","Population 0-14",3.70000234397594e-05
2,10001,"P_migrants","Migrants",1.34358160721604e-05
2,10001,"P_university_studies","University degree",-3.17196791002061e-05
2,10001,"P_read_write","Literacy",-0.000134329195134342
2,10001,"P_cell_phone","Cell phone",-9.94218862615526e-05
2,10001,"P_internet","Internet",0.000653935479931533
2,10001,"Current_income","Income",0.000306358764646575
2,10002,"P_age_00_14","Population 0-14",0.000141302371048369
2,10002,"P_migrants","Migrants",-1.2222862096678e-05
2,10002,"P_university_studies","University degree",0.000169848630321212
2,10002,"P_read_write","Literacy",9.29248999455012e-05
2,10002,"P_cell_phone","Cell phone",0.00023057303042151
2,10002,"P_internet","Internet",0.000261091685388237
2,10002,"Current_income","Income",9.67539090197533e-05
2,10003,"P_age_00_14","Population 0-14",0.000214327563298866
2,10003,"P_migrants","Migrants",-0.000236910040257499
2,10003,"P_university_studies","University degree",0.000273820944130421
2,10003,"P_read_write","Literacy",-7.39558963687159e-05
2,10003,"P_cell_phone","Cell phone",0.000157406233483925
2,10003,"P_internet","Internet",0.000114829090307467
2,10003,"Current_income","Income",0.000376534269889817
2,10004,"P_age_00_14","Population 0-14",6.43121020402759e-05
2,10004,"P_migrants","Migrants",2.00150370801566e-05
2,10004,"P_university_studies","University degree",0.000140470510814339
2,10004,"P_read_write","Literacy",-0.000140807387651876
2,10004,"P_cell_phone","Cell phone",3.23662447954121e-06
2,10004,"P_internet","Internet",0.000646886648610234
2,10004,"Current_income","Income",-0.000346332177286968
2,10005,"P_age_00_14","Population 0-14",0.000134093483211473
2,10005,"P_migrants","Migrants",4.48886639787816e-05
2,10005,"P_university_studies","University degree",-0.00066678668372333
2,10005,"P_read_write","Literacy",0.000201515387743711
2,10005,"P_cell_phone","Cell phone",-0.000395272829337046
2,10005,"P_internet","Internet",-0.00185225484892726
2,10005,"Current_income","Income",-0.000951259513385594
2,10006,"P_age_00_14","Population 0-14",0.000157814167323522
2,10006,"P_migrants","Migrants",1.26793665913283e-05
2,10006,"P_university_studies","University degree",0.000159655464813113
2,10006,"P_read_write","Literacy",-1.840659933805e-05
2,10006,"P_cell_phone","Cell phone",0.000213211606023833
2,10006,"P_internet","Internet",0.00117793050594628
2,10006,"Current_income","Income",0.000272325007244945
2,10007,"P_age_00_14","Population 0-14",0.000119319702207576
2,10007,"P_migrants","Migrants",8.67653070599772e-05
2,10007,"P_university_studies","University degree",-0.000287059927359223
2,10007,"P_read_write","Literacy",-0.000219584573642351
2,10007,"P_cell_phone","Cell phone",-0.000580612279009074
2,10007,"P_internet","Internet",-0.00141678331419826
2,10007,"Current_income","Income",-0.000597009260673076
2,10008,"P_age_00_14","Population 0-14",2.57536539720604e-05
2,10008,"P_migrants","Migrants",1.66280842677224e-05
2,10008,"P_university_studies","University degree",4.41828960902058e-05
2,10008,"P_read_write","Literacy",-0.000136844493681565
2,10008,"P_cell_phone","Cell phone",-0.000112951987830456
2,10008,"P_internet","Internet",-0.000935314747039229
2,10008,"Current_income","Income",-0.000432917906437069
2,10009,"P_age_00_14","Population 0-14",0.000102044810773805
2,10009,"P_migrants","Migrants",-1.93812938960036e-05
2,10009,"P_university_studies","University degree",0.000177080219145864
2,10009,"P_read_write","Literacy",8.07325632194988e-05
2,10009,"P_cell_phone","Cell phone",0.000230111574637704
2,10009,"P_internet","Internet",0.00104234076570719
2,10009,"Current_income","Income",-5.75737358303741e-05
2,10010,"P_age_00_14","Population 0-14",-2.99884941341588e-05
2,10010,"P_migrants","Migrants",-0.000104308965092059
2,10010,"P_university_studies","University degree",0.000168728700373322
2,10010,"P_read_write","Literacy",-0.000115727656520903
2,10010,"P_cell_phone","Cell phone",8.1387952377554e-05
2,10010,"P_internet","Internet",0.000687181716784835
2,10010,"Current_income","Income",-5.95924029767048e-05
2,10011,"P_age_00_14","Population 0-14",3.29626004713646e-06
2,10011,"P_migrants","Migrants",-0.000242804875597358
2,10011,"P_university_studies","University degree",0.000264894624706358
2,10011,"P_read_write","Literacy",-8.81448431755416e-05
2,10011,"P_cell_phone","Cell phone",6.93680558470078e-05
2,10011,"P_internet","Internet",0.00128908583428711
2,10011,"Current_income","Income",-1.72235795616871e-05
2,10012,"P_age_00_14","Population 0-14",9.31631584535353e-05
2,10012,"P_migrants","Migrants",3.39952639478724e-05
2,10012,"P_university_studies","University degree",-0.000257761188549921
2,10012,"P_read_write","Literacy",-0.000204966534511186
2,10012,"P_cell_phone","Cell phone",-0.00058744236594066
2,10012,"P_internet","Internet",-0.00108142290264368
2,10012,"Current_income","Income",-0.000319416983984411
2,10013,"P_age_00_14","Population 0-14",0.000265827286057174
2,10013,"P_migrants","Migrants",2.74461144726956e-05
2,10013,"P_university_studies","University degree",0.000141721466206945
2,10013,"P_read_write","Literacy",-9.76839510258287e-05
2,10013,"P_cell_phone","Cell phone",7.0738467911724e-05
2,10013,"P_internet","Internet",0.000401696626795456
2,10013,"Current_income","Income",-0.000405779283028096
2,10014,"P_age_00_14","Population 0-14",0.000321070081554353
2,10014,"P_migrants","Migrants",-6.87718465997023e-06
2,10014,"P_university_studies","University degree",0.000220897345570847
2,10014,"P_read_write","Literacy",0.000181007460923865
2,10014,"P_cell_phone","Cell phone",0.000340648723067716
2,10014,"P_internet","Internet",0.00136872567236423
2,10014,"Current_income","Income",0.000692089321091771
2,10015,"P_age_00_14","Population 0-14",7.79884794610552e-05
2,10015,"P_migrants","Migrants",-6.31920556770638e-05
2,10015,"P_university_studies","University degree",5.0982282118639e-05
2,10015,"P_read_write","Literacy",-0.00014208753418643
2,10015,"P_cell_phone","Cell phone",9.78546668193303e-05
2,10015,"P_internet","Internet",0.000874743622262031
2,10015,"Current_income","Income",-4.39615832874551e-05
2,10016,"P_age_00_14","Population 0-14",3.40620572387706e-05
2,10016,"P_migrants","Migrants",-1.18496654977207e-05
2,10016,"P_university_studies","University degree",3.23996609949972e-05
2,10016,"P_read_write","Literacy",-0.00012291049642954
2,10016,"P_cell_phone","Cell phone",7.77647728682496e-05
2,10016,"P_internet","Internet",0.00065397477010265
2,10016,"Current_income","Income",-8.26480536488816e-05
2,10017,"P_age_00_14","Population 0-14",-3.96625910070725e-05
2,10017,"P_migrants","Migrants",-0.000116720082587563
2,10017,"P_university_studies","University degree",7.667500176467e-05
2,10017,"P_read_write","Literacy",-9.92729983408935e-05
2,10017,"P_cell_phone","Cell phone",0.000160889307153411
2,10017,"P_internet","Internet",0.000726759142708033
2,10017,"Current_income","Income",-0.000389729480957612
2,10018,"P_age_00_14","Population 0-14",-2.84235848084791e-05
2,10018,"P_migrants","Migrants",-0.000114782160380855
2,10018,"P_university_studies","University degree",2.73870646196883e-05
2,10018,"P_read_write","Literacy",-5.07611985085532e-05
2,10018,"P_cell_phone","Cell phone",-1.82415151357418e-05
2,10018,"P_internet","Internet",0.000290824915282428
2,10018,"Current_income","Income",-0.00033188727684319
2,10019,"P_age_00_14","Population 0-14",0.000146739999763668
2,10019,"P_migrants","Migrants",-2.49866843660129e-05
2,10019,"P_university_studies","University degree",8.92159296199679e-05
2,10019,"P_read_write","Literacy",4.37743146903813e-05
2,10019,"P_cell_phone","Cell phone",0.000203580377274193
2,10019,"P_internet","Internet",0.00102969096042216
2,10019,"Current_income","Income",0.000280461506918073
2,10020,"P_age_00_14","Population 0-14",7.0754927037342e-06
2,10020,"P_migrants","Migrants",-3.82751204597298e-05
2,10020,"P_university_studies","University degree",9.04293556232005e-05
2,10020,"P_read_write","Literacy",-0.000115931281470694
2,10020,"P_cell_phone","Cell phone",7.23190387361683e-05
2,10020,"P_internet","Internet",0.000646385597065091
2,10020,"Current_income","Income",-3.58984216290992e-05
2,10021,"P_age_00_14","Population 0-14",7.30490573914722e-05
2,10021,"P_migrants","Migrants",-2.33287973969709e-05
2,10021,"P_university_studies","University degree",4.14335991081316e-05
2,10021,"P_read_write","Literacy",-0.000133927183924243
2,10021,"P_cell_phone","Cell phone",8.44279566081241e-05
2,10021,"P_internet","Internet",0.000901542662177235
2,10021,"Current_income","Income",4.50634297521901e-06
2,10023,"P_age_00_14","Population 0-14",0.000218768633203581
2,10023,"P_migrants","Migrants",0.000124760845210403
2,10023,"P_university_studies","University degree",0.000111869136162568
2,10023,"P_read_write","Literacy",-0.000174314904143102
2,10023,"P_cell_phone","Cell phone",0.000211687889532186
2,10023,"P_internet","Internet",0.000767692166846246
2,10023,"Current_income","Income",-0.00011958851973759
2,10024,"P_age_00_14","Population 0-14",8.49213756737299e-05
2,10024,"P_migrants","Migrants",-1.81165378307924e-05
2,10024,"P_university_studies","University degree",1.06270617834525e-05
2,10024,"P_read_write","Literacy",-0.00010508690320421
2,10024,"P_cell_phone","Cell phone",6.27671543043107e-05
2,10024,"P_internet","Internet",0.000771059654653072
2,10024,"Current_income","Income",0.000101758945675101
2,10025,"P_age_00_14","Population 0-14",-0.000152858468936756
2,10025,"P_migrants","Migrants",-0.000107828615000471
2,10025,"P_university_studies","University degree",0.000228537202929147
2,10025,"P_read_write","Literacy",-6.83803009451367e-05
2,10025,"P_cell_phone","Cell phone",0.00017736604786478
2,10025,"P_internet","Internet",0.000685912847984582
2,10025,"Current_income","Income",8.45189242681954e-06
2,10026,"P_age_00_14","Population 0-14",0.00022053939756006
2,10026,"P_migrants","Migrants",0.000117313080409076
2,10026,"P_university_studies","University degree",0.000179494905751199
2,10026,"P_read_write","Literacy",-0.000193430852959864
2,10026,"P_cell_phone","Cell phone",0.000233782251598313
2,10026,"P_internet","Internet",0.000839986430946738
2,10026,"Current_income","Income",0.000272355973720551
2,10027,"P_age_00_14","Population 0-14",9.7063903012895e-06
2,10027,"P_migrants","Migrants",-5.01362883369438e-05
2,10027,"P_university_studies","University degree",0.000132891669636592
2,10027,"P_read_write","Literacy",2.20810979953967e-05
2,10027,"P_cell_phone","Cell phone",0.000231110796448775
2,10027,"P_internet","Internet",0.00118507561273873
2,10027,"Current_income","Income",0.000328878755681217
2,10028,"P_age_00_14","Population 0-14",6.83752077748068e-05
2,10028,"P_migrants","Migrants",-1.39164549182169e-05
2,10028,"P_university_studies","University degree",5.30874167452566e-05
2,10028,"P_read_write","Literacy",-0.000110550477984361
2,10028,"P_cell_phone","Cell phone",-0.000106807761767413
2,10028,"P_internet","Internet",0.00115455558989197
2,10028,"Current_income","Income",-5.22097288921941e-05
2,10029,"P_age_00_14","Population 0-14",3.95537499571219e-05
2,10029,"P_migrants","Migrants",-0.000272192875854671
2,10029,"P_university_studies","University degree",0.000223036913666874
2,10029,"P_read_write","Literacy",-0.000107122228655498
2,10029,"P_cell_phone","Cell phone",-0.000232619131566025
2,10029,"P_internet","Internet",0.000364839244866744
2,10029,"Current_income","Income",0.000200406255316921
2,10030,"P_age_00_14","Population 0-14",-6.03174203206436e-06
2,10030,"P_migrants","Migrants",-0.00019461904594209
2,10030,"P_university_studies","University degree",0.000271536671789363
2,10030,"P_read_write","Literacy",-0.000101340927358251
2,10030,"P_cell_phone","Cell phone",0.000222918970393948
2,10030,"P_internet","Internet",0.0012558032758534
2,10030,"Current_income","Income",0.000384245591703802
2,10031,"P_age_00_14","Population 0-14",4.58446265838575e-05
2,10031,"P_migrants","Migrants",-3.38997233484406e-05
2,10031,"P_university_studies","University degree",0.00018984753114637
2,10031,"P_read_write","Literacy",-9.54450952121988e-05
2,10031,"P_cell_phone","Cell phone",8.85574845597148e-05
2,10031,"P_internet","Internet",0.000643409846816212
2,10031,"Current_income","Income",-6.55566282148357e-06
2,10032,"P_age_00_14","Population 0-14",5.45796538062859e-05
2,10032,"P_migrants","Migrants",-5.93470394960605e-05
2,10032,"P_university_studies","University degree",2.65109974861844e-05
2,10032,"P_read_write","Literacy",-0.000168065627804026
2,10032,"P_cell_phone","Cell phone",-9.11422976059839e-05
2,10032,"P_internet","Internet",0.000236568346736021
2,10032,"Current_income","Income",-0.000427993742050603
2,10034,"P_age_00_14","Population 0-14",0.000204172960366122
2,10034,"P_migrants","Migrants",-2.58376294368645e-05
2,10034,"P_university_studies","University degree",0.000201724353246391
2,10034,"P_read_write","Literacy",9.4501010607928e-05
2,10034,"P_cell_phone","Cell phone",0.000296974350931123
2,10034,"P_internet","Internet",0.000395374925574288
2,10034,"Current_income","Income",-7.16584618203342e-05
2,10035,"P_age_00_14","Population 0-14",-3.11227086058352e-06
2,10035,"P_migrants","Migrants",-0.000172647152794525
2,10035,"P_university_studies","University degree",0.000181208451977
2,10035,"P_read_write","Literacy",-0.00012346678704489
2,10035,"P_cell_phone","Cell phone",0.000230296835070476
2,10035,"P_internet","Internet",0.000887342204805464
2,10035,"Current_income","Income",-0.000488704186864197
2,10036,"P_age_00_14","Population 0-14",0.000156810114276595
2,10036,"P_migrants","Migrants",-2.76693322120991e-06
2,10036,"P_university_studies","University degree",-1.16709929898207e-06
2,10036,"P_read_write","Literacy",-0.000120613360195421
2,10036,"P_cell_phone","Cell phone",-0.0002275213773828
2,10036,"P_internet","Internet",0.00115429947618395
2,10036,"Current_income","Income",-0.000144757577800192
2,10037,"P_age_00_14","Population 0-14",0.000198070803890005
2,10037,"P_migrants","Migrants",-7.97127722762525e-05
2,10037,"P_university_studies","University degree",0.000238897016970441
2,10037,"P_read_write","Literacy",2.24417417484801e-05
2,10037,"P_cell_phone","Cell phone",0.000262040499364957
2,10037,"P_internet","Internet",-0.000984313432127237
2,10037,"Current_income","Income",-3.16714358632453e-05
2,10039,"P_age_00_14","Population 0-14",0.000355631491402164
2,10039,"P_migrants","Migrants",-0.000309782306430861
2,10039,"P_university_studies","University degree",0.000189253085409291
2,10039,"P_read_write","Literacy",-0.000112267618533224
2,10039,"P_cell_phone","Cell phone",-0.000544852577149868
2,10039,"P_internet","Internet",0.000377844786271453
2,10039,"Current_income","Income",-0.000415728572988883
2,11001,"P_age_00_14","Population 0-14",3.70379857486114e-05
2,11001,"P_migrants","Migrants",-2.04495954676531e-05
2,11001,"P_university_studies","University degree",0.000141602096846327
2,11001,"P_read_write","Literacy",5.74956175114494e-05
2,11001,"P_cell_phone","Cell phone",0.00013511604629457
2,11001,"P_internet","Internet",0.000193535059224814
2,11001,"Current_income","Income",-0.000276969483820722
2,11002,"P_age_00_14","Population 0-14",-9.47216612985358e-05
2,11002,"P_migrants","Migrants",3.95898069882605e-07
2,11002,"P_university_studies","University degree",2.71082935796585e-05
2,11002,"P_read_write","Literacy",5.42625857633539e-05
2,11002,"P_cell_phone","Cell phone",7.33533161110245e-05
2,11002,"P_internet","Internet",-0.000432391971116886
2,11002,"Current_income","Income",-0.000143718658364378
2,11008,"P_age_00_14","Population 0-14",6.51678201393224e-05
2,11008,"P_migrants","Migrants",-8.99104543350404e-06
2,11008,"P_university_studies","University degree",0.0001488661946496
2,11008,"P_read_write","Literacy",7.20277748769149e-05
2,11008,"P_cell_phone","Cell phone",6.69747896608897e-05
2,11008,"P_internet","Internet",0.000207267294172198
2,11008,"Current_income","Income",-4.20697833760642e-05
2,11010,"P_age_00_14","Population 0-14",3.75375748262741e-05
2,11010,"P_migrants","Migrants",-4.77312687507947e-06
2,11010,"P_university_studies","University degree",0.000170102663105354
2,11010,"P_read_write","Literacy",4.23730598413385e-05
2,11010,"P_cell_phone","Cell phone",-3.19151185976807e-05
2,11010,"P_internet","Internet",0.000646853644866496
2,11010,"Current_income","Income",-4.13482339354232e-05
2,11012,"P_age_00_14","Population 0-14",3.05273788399063e-05
2,11012,"P_migrants","Migrants",-4.95075837534387e-05
2,11012,"P_university_studies","University degree",0.000164846191182733
2,11012,"P_read_write","Literacy",6.0816131735919e-05
2,11012,"P_cell_phone","Cell phone",6.88480649841949e-05
2,11012,"P_internet","Internet",0.000211426435271278
2,11012,"Current_income","Income",-5.08809498569462e-05
2,11017,"P_age_00_14","Population 0-14",5.81584827159531e-05
2,11017,"P_migrants","Migrants",5.84852023166604e-05
2,11017,"P_university_studies","University degree",-0.000259111518971622
2,11017,"P_read_write","Literacy",-0.000148340361192822
2,11017,"P_cell_phone","Cell phone",-0.000110555767605547
2,11017,"P_internet","Internet",-0.0014053339837119
2,11017,"Current_income","Income",-0.00059082213556394
2,11018,"P_age_00_14","Population 0-14",9.99452913674759e-06
2,11018,"P_migrants","Migrants",2.79557607427705e-05
2,11018,"P_university_studies","University degree",0.000143414217745885
2,11018,"P_read_write","Literacy",4.22798475483432e-05
2,11018,"P_cell_phone","Cell phone",0.000133599649416283
2,11018,"P_internet","Internet",0.000359058059984818
2,11018,"Current_income","Income",-0.000146149817737751
2,11019,"P_age_00_14","Population 0-14",4.01821307605132e-05
2,11019,"P_migrants","Migrants",-1.049209095072e-05
2,11019,"P_university_studies","University degree",0.000168639016919769
2,11019,"P_read_write","Literacy",8.69476498337463e-05
2,11019,"P_cell_phone","Cell phone",0.000171729334397241
2,11019,"P_internet","Internet",0.000855476595461369
2,11019,"Current_income","Income",-5.65493464819156e-05
2,11020,"P_age_00_14","Population 0-14",3.89180640922859e-05
2,11020,"P_migrants","Migrants",-1.03705906440155e-05
2,11020,"P_university_studies","University degree",-0.000379457662347704
2,11020,"P_read_write","Literacy",-0.000125328966532834
2,11020,"P_cell_phone","Cell phone",-0.00064825575100258
2,11020,"P_internet","Internet",-0.0021736454218626
2,11020,"Current_income","Income",-0.00070920999860391
2,11021,"P_age_00_14","Population 0-14",-0.000736698391847312
2,11021,"P_migrants","Migrants",-4.53526372439228e-05
2,11021,"P_university_studies","University degree",-5.43495625606738e-05
2,11021,"P_read_write","Literacy",-3.50579830410425e-05
2,11021,"P_cell_phone","Cell phone",7.97236862126738e-05
2,11021,"P_internet","Internet",-0.00147569971159101
2,11021,"Current_income","Income",-0.000418285722844303
2,11022,"P_age_00_14","Population 0-14",9.60328179644421e-05
2,11022,"P_migrants","Migrants",3.03737397189252e-05
2,11022,"P_university_studies","University degree",0.000170927494764328
2,11022,"P_read_write","Literacy",8.4483515820466e-05
2,11022,"P_cell_phone","Cell phone",9.144806972472e-05
2,11022,"P_internet","Internet",0.000856811180710793
2,11022,"Current_income","Income",-4.50740953965578e-05
2,11023,"P_age_00_14","Population 0-14",4.14585156249814e-05
2,11023,"P_migrants","Migrants",5.20517505719909e-06
2,11023,"P_university_studies","University degree",3.77346805180423e-05
2,11023,"P_read_write","Literacy",6.73180911689997e-05
2,11023,"P_cell_phone","Cell phone",0.000174185232026502
2,11023,"P_internet","Internet",0.00036209006793797
2,11023,"Current_income","Income",-8.11849458841607e-05
2,11024,"P_age_00_14","Population 0-14",7.17414468454081e-06
2,11024,"P_migrants","Migrants",8.56974293128587e-06
2,11024,"P_university_studies","University degree",0.000167034493642859
2,11024,"P_read_write","Literacy",5.7065553846769e-05
2,11024,"P_cell_phone","Cell phone",0.000123702047858387
2,11024,"P_internet","Internet",0.000217956316191703
2,11024,"Current_income","Income",-9.43856502999552e-05
2,11025,"P_age_00_14","Population 0-14",0.000186691540875472
2,11025,"P_migrants","Migrants",-2.10241455533833e-06
2,11025,"P_university_studies","University degree",0.000153620436321944
2,11025,"P_read_write","Literacy",-0.000122414479847066
2,11025,"P_cell_phone","Cell phone",-0.000187134341103956
2,11025,"P_internet","Internet",0.000212181577808224
2,11025,"Current_income","Income",-0.000127971943584271
2,11026,"P_age_00_14","Population 0-14",0.000100224497145973
2,11026,"P_migrants","Migrants",6.72913165544742e-06
2,11026,"P_university_studies","University degree",0.000136620801640674
2,11026,"P_read_write","Literacy",5.42127963854e-05
2,11026,"P_cell_phone","Cell phone",0.000204489624593407
2,11026,"P_internet","Internet",0.000350053334841505
2,11026,"Current_income","Income",0.000268925883574411
2,11028,"P_age_00_14","Population 0-14",-0.000120572003652342
2,11028,"P_migrants","Migrants",-6.70353347231867e-06
2,11028,"P_university_studies","University degree",2.21419086301466e-05
2,11028,"P_read_write","Literacy",5.4669137171004e-05
2,11028,"P_cell_phone","Cell phone",0.000117733376100659
2,11028,"P_internet","Internet",-0.000654535600915551
2,11028,"Current_income","Income",7.88237866800046e-06
2,11031,"P_age_00_14","Population 0-14",9.85914521152154e-05
2,11031,"P_migrants","Migrants",2.44286220549839e-05
2,11031,"P_university_studies","University degree",2.85572914435761e-05
2,11031,"P_read_write","Literacy",-0.00011081528646173
2,11031,"P_cell_phone","Cell phone",-4.43444514530711e-05
2,11031,"P_internet","Internet",-0.000990554923191667
2,11031,"Current_income","Income",-0.000392052257666364
2,11036,"P_age_00_14","Population 0-14",-0.000148907274706289
2,11036,"P_migrants","Migrants",-7.04369449522346e-05
2,11036,"P_university_studies","University degree",5.30934194102883e-05
2,11036,"P_read_write","Literacy",8.49829739308916e-05
2,11036,"P_cell_phone","Cell phone",0.000245529867243022
2,11036,"P_internet","Internet",-0.00101271737366915
2,11036,"Current_income","Income",-0.000122626690426841
2,11037,"P_age_00_14","Population 0-14",0.000116518393042497
2,11037,"P_migrants","Migrants",3.8445541576948e-05
2,11037,"P_university_studies","University degree",2.3050170057104e-05
2,11037,"P_read_write","Literacy",-2.40861591009889e-05
2,11037,"P_cell_phone","Cell phone",-3.91872999898624e-05
2,11037,"P_internet","Internet",-0.000260204396909103
2,11037,"Current_income","Income",-0.000480804854305461
2,11038,"P_age_00_14","Population 0-14",-3.74336668755859e-05
2,11038,"P_migrants","Migrants",1.22308538266225e-05
2,11038,"P_university_studies","University degree",3.76354182662908e-05
2,11038,"P_read_write","Literacy",3.79837183572818e-05
2,11038,"P_cell_phone","Cell phone",7.42233460186981e-05
2,11038,"P_internet","Internet",-0.000104188402474392
2,11038,"Current_income","Income",-0.000272236706223339
2,11039,"P_age_00_14","Population 0-14",-8.85542904143222e-05
2,11039,"P_migrants","Migrants",-6.5789713517006e-06
2,11039,"P_university_studies","University degree",0.000150381340063177
2,11039,"P_read_write","Literacy",7.1110473072622e-05
2,11039,"P_cell_phone","Cell phone",0.000215123931411654
2,11039,"P_internet","Internet",0.000201631934032775
2,11039,"Current_income","Income",-9.17727447813377e-05
2,11041,"P_age_00_14","Population 0-14",-0.000265114998910576
2,11041,"P_migrants","Migrants",-6.13082229392603e-05
2,11041,"P_university_studies","University degree",2.71839235210791e-05
2,11041,"P_read_write","Literacy",-3.74915725842584e-05
2,11041,"P_cell_phone","Cell phone",6.86437779222615e-05
2,11041,"P_internet","Internet",-0.0010148057481274
2,11041,"Current_income","Income",-0.000455214496469125
2,11046,"P_age_00_14","Population 0-14",-1.05932895166916e-05
2,11046,"P_migrants","Migrants",-4.49826029580436e-06
2,11046,"P_university_studies","University degree",6.08307891525328e-05
2,11046,"P_read_write","Literacy",7.99906338215806e-05
2,11046,"P_cell_phone","Cell phone",0.000223268478293903
2,11046,"P_internet","Internet",6.2375889683608e-05
2,11046,"Current_income","Income",-0.000147257364005782
2,12001,"P_age_00_14","Population 0-14",-7.64684955356643e-05
2,12001,"P_migrants","Migrants",6.35778123978525e-05
2,12001,"P_university_studies","University degree",-0.000400069082388654
2,12001,"P_read_write","Literacy",-3.40284241246991e-05
2,12001,"P_cell_phone","Cell phone",-0.000271441153017804
2,12001,"P_internet","Internet",-0.00139604182913899
2,12001,"Current_income","Income",-2.61370223597623e-05
2,12002,"P_age_00_14","Population 0-14",0.000182608957402408
2,12002,"P_migrants","Migrants",-1.31923516164534e-05
2,12002,"P_university_studies","University degree",0.000219430905417539
2,12002,"P_read_write","Literacy",0.000109580418211408
2,12002,"P_cell_phone","Cell phone",0.000257556413998827
2,12002,"P_internet","Internet",0.00114447250962257
2,12002,"Current_income","Income",0.00054622843163088
2,12003,"P_age_00_14","Population 0-14",0.00018562983314041
2,12003,"P_migrants","Migrants",-2.27863565669395e-05
2,12003,"P_university_studies","University degree",4.16504517488647e-05
2,12003,"P_read_write","Literacy",0.000102373996924143
2,12003,"P_cell_phone","Cell phone",0.000249789445661008
2,12003,"P_internet","Internet",0.00118996878154576
2,12003,"Current_income","Income",0.000412004592362791
2,12005,"P_age_00_14","Population 0-14",0.000205473581445403
2,12005,"P_migrants","Migrants",-4.89196245325729e-05
2,12005,"P_university_studies","University degree",0.000163934993906878
2,12005,"P_read_write","Literacy",0.000102273144875653
2,12005,"P_cell_phone","Cell phone",0.000238517066463828
2,12005,"P_internet","Internet",0.000856967468280345
2,12005,"Current_income","Income",0.000414450507378206
2,12006,"P_age_00_14","Population 0-14",0.000155163259478286
2,12006,"P_migrants","Migrants",-3.01672184832569e-06
2,12006,"P_university_studies","University degree",-9.97484166873619e-05
2,12006,"P_read_write","Literacy",9.08607253222726e-05
2,12006,"P_cell_phone","Cell phone",0.000231608966714703
2,12006,"P_internet","Internet",0.00090109946904704
2,12006,"Current_income","Income",0.000392730871681124
2,12007,"P_age_00_14","Population 0-14",0.000163668169989251
2,12007,"P_migrants","Migrants",-8.95910670806188e-06
2,12007,"P_university_studies","University degree",-7.71746927057393e-05
2,12007,"P_read_write","Literacy",9.30868700379506e-05
2,12007,"P_cell_phone","Cell phone",0.000181666866410524
2,12007,"P_internet","Internet",0.000373742077499628
2,12007,"Current_income","Income",0.000278596387943253
2,12008,"P_age_00_14","Population 0-14",0.00014435313642025
2,12008,"P_migrants","Migrants",-8.26732775749406e-06
2,12008,"P_university_studies","University degree",0.000172011539689265
2,12008,"P_read_write","Literacy",0.000107983403722756
2,12008,"P_cell_phone","Cell phone",0.000247547635808587
2,12008,"P_internet","Internet",0.00120739231351763
2,12008,"Current_income","Income",0.000406841310905293
2,12009,"P_age_00_14","Population 0-14",0.000163174816407263
2,12009,"P_migrants","Migrants",0.000125916645629331
2,12009,"P_university_studies","University degree",0.000191981001989916
2,12009,"P_read_write","Literacy",0.00010141781240236
2,12009,"P_cell_phone","Cell phone",0.00025564429233782
2,12009,"P_internet","Internet",0.00124165369197726
2,12009,"Current_income","Income",0.000526954478118569
2,12010,"P_age_00_14","Population 0-14",0.000221140595385805
2,12010,"P_migrants","Migrants",4.6977696911199e-05
2,12010,"P_university_studies","University degree",0.00023653193784412
2,12010,"P_read_write","Literacy",0.000113459464046173
2,12010,"P_cell_phone","Cell phone",0.000258418993325904
2,12010,"P_internet","Internet",0.00123515748418868
2,12010,"Current_income","Income",0.000552978948689997
2,12011,"P_age_00_14","Population 0-14",5.0195350922877e-05
2,12011,"P_migrants","Migrants",1.10212386061903e-05
2,12011,"P_university_studies","University degree",1.94222029676894e-05
2,12011,"P_read_write","Literacy",9.89767504506744e-05
2,12011,"P_cell_phone","Cell phone",0.000226602031034417
2,12011,"P_internet","Internet",0.000659777375403792
2,12011,"Current_income","Income",0.000288920215098187
2,12012,"P_age_00_14","Population 0-14",0.000211545455385931
2,12012,"P_migrants","Migrants",3.90625427826308e-05
2,12012,"P_university_studies","University degree",1.01104842542554e-05
2,12012,"P_read_write","Literacy",0.000120027776574716
2,12012,"P_cell_phone","Cell phone",0.000259694701526314
2,12012,"P_internet","Internet",0.00127135880757123
2,12012,"Current_income","Income",0.000414023321354762
2,12013,"P_age_00_14","Population 0-14",7.66878292779438e-05
2,12013,"P_migrants","Migrants",1.14038530227845e-05
2,12013,"P_university_studies","University degree",4.32340711995494e-05
2,12013,"P_read_write","Literacy",0.000100307246611919
2,12013,"P_cell_phone","Cell phone",0.000245129718678072
2,12013,"P_internet","Internet",0.00125418952666223
2,12013,"Current_income","Income",0.000425368139985949
2,12014,"P_age_00_14","Population 0-14",-0.000207494565984234
2,12014,"P_migrants","Migrants",-5.8245905165677e-06
2,12014,"P_university_studies","University degree",-9.16595381568186e-05
2,12014,"P_read_write","Literacy",7.38973831175826e-05
2,12014,"P_cell_phone","Cell phone",0.000174331755260937
2,12014,"P_internet","Internet",0.000398070784285665
2,12014,"Current_income","Income",0.000120668119052425
2,12015,"P_age_00_14","Population 0-14",-2.66269616986392e-05
2,12015,"P_migrants","Migrants",-4.24615473093581e-06
2,12015,"P_university_studies","University degree",3.71439746231772e-05
2,12015,"P_read_write","Literacy",5.57150851818733e-05
2,12015,"P_cell_phone","Cell phone",0.000239794957451522
2,12015,"P_internet","Internet",0.000601342995651066
2,12015,"Current_income","Income",0.000290077325189486
2,12017,"P_age_00_14","Population 0-14",0.000107104562630411
2,12017,"P_migrants","Migrants",6.51450591249159e-06
2,12017,"P_university_studies","University degree",4.31699045293499e-05
2,12017,"P_read_write","Literacy",0.000104079721495509
2,12017,"P_cell_phone","Cell phone",0.000175932786078192
2,12017,"P_internet","Internet",0.000793295097537339
2,12017,"Current_income","Income",6.8562374508474e-05
2,12018,"P_age_00_14","Population 0-14",0.000124100348330103
2,12018,"P_migrants","Migrants",1.31985752886976e-05
2,12018,"P_university_studies","University degree",2.46076288021868e-05
2,12018,"P_read_write","Literacy",0.000108728287159465
2,12018,"P_cell_phone","Cell phone",0.000156314563355409
2,12018,"P_internet","Internet",0.00076702592195943
2,12018,"Current_income","Income",0.000182978415978141
2,12019,"P_age_00_14","Population 0-14",0.00019148770661559
2,12019,"P_migrants","Migrants",2.59570351772709e-05
2,12019,"P_university_studies","University degree",0.000241208530496806
2,12019,"P_read_write","Literacy",0.000113926078483928
2,12019,"P_cell_phone","Cell phone",0.00025454763090238
2,12019,"P_internet","Internet",0.000856612750794739
2,12019,"Current_income","Income",0.000536698964424431
2,12020,"P_age_00_14","Population 0-14",0.000187027806532569
2,12020,"P_migrants","Migrants",6.8414730776567e-05
2,12020,"P_university_studies","University degree",0.000214024024899118
2,12020,"P_read_write","Literacy",0.000111731220385991
2,12020,"P_cell_phone","Cell phone",0.000256188388448209
2,12020,"P_internet","Internet",0.00122661225032061
2,12020,"Current_income","Income",0.000539949862286448
2,12021,"P_age_00_14","Population 0-14",5.26626026839949e-05
2,12021,"P_migrants","Migrants",-1.78292102646083e-05
2,12021,"P_university_studies","University degree",2.85091628029477e-05
2,12021,"P_read_write","Literacy",0.000111762987216935
2,12021,"P_cell_phone","Cell phone",0.000180789007572457
2,12021,"P_internet","Internet",0.000502841314300895
2,12021,"Current_income","Income",0.000303277076454833
2,12022,"P_age_00_14","Population 0-14",7.15067581040785e-05
2,12022,"P_migrants","Migrants",-5.18306796948309e-06
2,12022,"P_university_studies","University degree",0.000162973505211994
2,12022,"P_read_write","Literacy",9.25322965485975e-05
2,12022,"P_cell_phone","Cell phone",0.000261324021266773
2,12022,"P_internet","Internet",0.000653502240311354
2,12022,"Current_income","Income",0.000533323152922094
2,12023,"P_age_00_14","Population 0-14",0.000170073879417032
2,12023,"P_migrants","Migrants",1.52350241933163e-06
2,12023,"P_university_studies","University degree",2.28373901336454e-05
2,12023,"P_read_write","Literacy",0.000106175066321157
2,12023,"P_cell_phone","Cell phone",0.000233491911785677
2,12023,"P_internet","Internet",0.000909182883333415
2,12023,"Current_income","Income",0.000312484451569617
2,12024,"P_age_00_14","Population 0-14",0.000169000923051499
2,12024,"P_migrants","Migrants",-3.33071948261932e-05
2,12024,"P_university_studies","University degree",0.000170073835761286
2,12024,"P_read_write","Literacy",0.000101803423603997
2,12024,"P_cell_phone","Cell phone",0.000251631485298276
2,12024,"P_internet","Internet",0.00124331749975681
2,12024,"Current_income","Income",0.000520469679031521
2,12025,"P_age_00_14","Population 0-14",0.000179162132553756
2,12025,"P_migrants","Migrants",1.88660342246294e-05
2,12025,"P_university_studies","University degree",0.00016652095655445
2,12025,"P_read_write","Literacy",0.000109802844235674
2,12025,"P_cell_phone","Cell phone",0.000245168019318953
2,12025,"P_internet","Internet",0.00122528523206711
2,12025,"Current_income","Income",0.000477326393593103
2,12026,"P_age_00_14","Population 0-14",1.90069349628175e-05
2,12026,"P_migrants","Migrants",-1.62637552421074e-05
2,12026,"P_university_studies","University degree",0.000213404084206559
2,12026,"P_read_write","Literacy",9.26600114325993e-05
2,12026,"P_cell_phone","Cell phone",0.000253991718636826
2,12026,"P_internet","Internet",0.00123999419156462
2,12026,"Current_income","Income",0.000481347524328157
2,12027,"P_age_00_14","Population 0-14",1.27298644656548e-05
2,12027,"P_migrants","Migrants",-6.1331687902566e-05
2,12027,"P_university_studies","University degree",0.000179798051249236
2,12027,"P_read_write","Literacy",9.30454552872106e-05
2,12027,"P_cell_phone","Cell phone",0.000263710098806769
2,12027,"P_internet","Internet",0.00114572583697736
2,12027,"Current_income","Income",0.000348545057931915
2,12028,"P_age_00_14","Population 0-14",0.000193601590581238
2,12028,"P_migrants","Migrants",8.21311186882667e-05
2,12028,"P_university_studies","University degree",1.22408773677307e-05
2,12028,"P_read_write","Literacy",0.000117660478281323
2,12028,"P_cell_phone","Cell phone",0.000229908022447489
2,12028,"P_internet","Internet",0.000800075649749488
2,12028,"Current_income","Income",9.41469552344643e-05
2,12029,"P_age_00_14","Population 0-14",0.000150271574966609
2,12029,"P_migrants","Migrants",8.84904438862577e-05
2,12029,"P_university_studies","University degree",-0.000870568619575351
2,12029,"P_read_write","Literacy",-3.09154602291528e-05
2,12029,"P_cell_phone","Cell phone",-0.000269076437689364
2,12029,"P_internet","Internet",-0.00182278838474303
2,12029,"Current_income","Income",-3.03281940432498e-05
2,12030,"P_age_00_14","Population 0-14",0.000211290011066012
2,12030,"P_migrants","Migrants",8.75283967616269e-06
2,12030,"P_university_studies","University degree",2.18640252569458e-05
2,12030,"P_read_write","Literacy",0.000118196941912174
2,12030,"P_cell_phone","Cell phone",0.000217915629036725
2,12030,"P_internet","Internet",0.000903532956726849
2,12030,"Current_income","Income",7.78189496486448e-05
2,12031,"P_age_00_14","Population 0-14",0.000166444384376518
2,12031,"P_migrants","Migrants",-2.23112729145214e-05
2,12031,"P_university_studies","University degree",0.000171729305293411
2,12031,"P_read_write","Literacy",0.000100589415524155
2,12031,"P_cell_phone","Cell phone",0.000254275626502931
2,12031,"P_internet","Internet",0.00123012415133417
2,12031,"Current_income","Income",0.00047858411562629
2,12032,"P_age_00_14","Population 0-14",0.000207118704565801
2,12032,"P_migrants","Migrants",4.71121929876972e-05
2,12032,"P_university_studies","University degree",0.000207038523512892
2,12032,"P_read_write","Literacy",0.000104045524494722
2,12032,"P_cell_phone","Cell phone",0.000258554035099223
2,12032,"P_internet","Internet",0.00123992108274251
2,12032,"Current_income","Income",0.000542241439688951
2,12033,"P_age_00_14","Population 0-14",0.000166976620675996
2,12033,"P_migrants","Migrants",-1.7351445649183e-06
2,12033,"P_university_studies","University degree",1.8419121261104e-05
2,12033,"P_read_write","Literacy",0.000101599369372707
2,12033,"P_cell_phone","Cell phone",0.000243553091422655
2,12033,"P_internet","Internet",0.000653549912385643
2,12033,"Current_income","Income",0.000484817806864157
2,12034,"P_age_00_14","Population 0-14",4.22879711550195e-05
2,12034,"P_migrants","Migrants",-1.73838577666174e-06
2,12034,"P_university_studies","University degree",3.13060045300517e-05
2,12034,"P_read_write","Literacy",0.000107813648355659
2,12034,"P_cell_phone","Cell phone",0.000245119066676125
2,12034,"P_internet","Internet",0.000662719248794019
2,12034,"Current_income","Income",0.000316047051455826
2,12035,"P_age_00_14","Population 0-14",4.5948716433486e-05
2,12035,"P_migrants","Migrants",1.49785100802546e-05
2,12035,"P_university_studies","University degree",-0.000421401433413848
2,12035,"P_read_write","Literacy",-4.03070334868971e-05
2,12035,"P_cell_phone","Cell phone",-0.000235115367104299
2,12035,"P_internet","Internet",-0.00146935565862805
2,12035,"Current_income","Income",-1.62917021953035e-05
2,12036,"P_age_00_14","Population 0-14",0.000178365997271612
2,12036,"P_migrants","Migrants",-4.02938940169406e-06
2,12036,"P_university_studies","University degree",0.000156389578478411
2,12036,"P_read_write","Literacy",0.000106527244497556
2,12036,"P_cell_phone","Cell phone",0.000241262940107845
2,12036,"P_internet","Internet",0.0012233501765877
2,12036,"Current_income","Income",0.000472286716103554
2,12037,"P_age_00_14","Population 0-14",-9.56312760536093e-06
2,12037,"P_migrants","Migrants",1.15662078314926e-06
2,12037,"P_university_studies","University degree",0.000159217699547298
2,12037,"P_read_write","Literacy",8.98194921319373e-05
2,12037,"P_cell_phone","Cell phone",0.000246536859776825
2,12037,"P_internet","Internet",0.00112921488471329
2,12037,"Current_income","Income",0.000409419211791828
2,12039,"P_age_00_14","Population 0-14",6.89942025928758e-05
2,12039,"P_migrants","Migrants",-4.23159599449718e-06
2,12039,"P_university_studies","University degree",3.28703608829528e-05
2,12039,"P_read_write","Literacy",0.000118717420264147
2,12039,"P_cell_phone","Cell phone",0.000233836908591911
2,12039,"P_internet","Internet",0.000832449062727392
2,12039,"Current_income","Income",0.00030742769013159
2,12040,"P_age_00_14","Population 0-14",0.00018837368406821
2,12040,"P_migrants","Migrants",-7.8310495155165e-06
2,12040,"P_university_studies","University degree",0.000193861822481267
2,12040,"P_read_write","Literacy",0.000100689343526028
2,12040,"P_cell_phone","Cell phone",0.000243189439061098
2,12040,"P_internet","Internet",0.00121752684935927
2,12040,"Current_income","Income",0.000468912126962095
2,12041,"P_age_00_14","Population 0-14",0.000168348153238185
2,12041,"P_migrants","Migrants",0.000124503072584048
2,12041,"P_university_studies","University degree",6.64769004288246e-07
2,12041,"P_read_write","Literacy",0.00012852948566433
2,12041,"P_cell_phone","Cell phone",0.000264173315372318
2,12041,"P_internet","Internet",0.00127833615988493
2,12041,"Current_income","Income",0.000518054002895951
2,12042,"P_age_00_14","Population 0-14",0.000197609319002368
2,12042,"P_migrants","Migrants",7.70070982980542e-05
2,12042,"P_university_studies","University degree",0.000169621634995565
2,12042,"P_read_write","Literacy",0.000116114322736394
2,12042,"P_cell_phone","Cell phone",0.000249330623773858
2,12042,"P_internet","Internet",0.000900323502719402
2,12042,"Current_income","Income",0.000531267723999918
2,12044,"P_age_00_14","Population 0-14",8.25649985927157e-05
2,12044,"P_migrants","Migrants",3.93777518183924e-05
2,12044,"P_university_studies","University degree",1.07323767224443e-05
2,12044,"P_read_write","Literacy",0.000109404070826713
2,12044,"P_cell_phone","Cell phone",0.000239645669353195
2,12044,"P_internet","Internet",0.000394147005863488
2,12044,"Current_income","Income",0.000414425245253369
2,12045,"P_age_00_14","Population 0-14",0.00018429130432196
2,12045,"P_migrants","Migrants",-1.92743991647149e-05
2,12045,"P_university_studies","University degree",0.000175224937265739
2,12045,"P_read_write","Literacy",0.000112050918687601
2,12045,"P_cell_phone","Cell phone",0.000251985009526834
2,12045,"P_internet","Internet",0.000681684701703489
2,12045,"Current_income","Income",0.00049103976925835
2,12046,"P_age_00_14","Population 0-14",0.00018279931100551
2,12046,"P_migrants","Migrants",3.19868304359261e-05
2,12046,"P_university_studies","University degree",-0.000101040517620277
2,12046,"P_read_write","Literacy",0.000112402252852917
2,12046,"P_cell_phone","Cell phone",0.000238646942307241
2,12046,"P_internet","Internet",0.000809819728601724
2,12046,"Current_income","Income",8.71149022714235e-05
2,12047,"P_age_00_14","Population 0-14",0.000240724606555887
2,12047,"P_migrants","Migrants",-1.99538462766213e-05
2,12047,"P_university_studies","University degree",0.000147225917316973
2,12047,"P_read_write","Literacy",9.76243172772229e-05
2,12047,"P_cell_phone","Cell phone",0.00025584117975086
2,12047,"P_internet","Internet",0.00123763782903552
2,12047,"Current_income","Income",0.000490365724544972
2,12048,"P_age_00_14","Population 0-14",0.000102034857263789
2,12048,"P_migrants","Migrants",-9.44861585594481e-06
2,12048,"P_university_studies","University degree",6.60281375530758e-06
2,12048,"P_read_write","Literacy",9.81881894404069e-05
2,12048,"P_cell_phone","Cell phone",-3.18143866024911e-05
2,12048,"P_internet","Internet",-0.000868259405251592
2,12048,"Current_income","Income",0.000110151908302214
2,12049,"P_age_00_14","Population 0-14",8.51409931783564e-05
2,12049,"P_migrants","Migrants",-1.48738263305859e-05
2,12049,"P_university_studies","University degree",0.00015767446893733
2,12049,"P_read_write","Literacy",4.61965537397191e-05
2,12049,"P_cell_phone","Cell phone",0.000176962013938464
2,12049,"P_internet","Internet",0.000634431897196919
2,12049,"Current_income","Income",0.000304073706502095
2,12050,"P_age_00_14","Population 0-14",8.92324605956674e-05
2,12050,"P_migrants","Migrants",2.12991762964521e-05
2,12050,"P_university_studies","University degree",-0.000268311647232622
2,12050,"P_read_write","Literacy",8.03684088168666e-05
2,12050,"P_cell_phone","Cell phone",7.24795754649676e-05
2,12050,"P_internet","Internet",-0.000827359035611153
2,12050,"Current_income","Income",-8.3939548858325e-06
2,12051,"P_age_00_14","Population 0-14",0.0001711751538096
2,12051,"P_migrants","Migrants",1.56263467943063e-05
2,12051,"P_university_studies","University degree",0.000204542462597601
2,12051,"P_read_write","Literacy",0.000109451437310781
2,12051,"P_cell_phone","Cell phone",0.000244562921579927
2,12051,"P_internet","Internet",0.00117518601473421
2,12051,"Current_income","Income",0.000416063965531066
2,12052,"P_age_00_14","Population 0-14",0.000167076592333615
2,12052,"P_migrants","Migrants",8.42709268908948e-05
2,12052,"P_university_studies","University degree",0.000162240059580654
2,12052,"P_read_write","Literacy",0.000125389662571251
2,12052,"P_cell_phone","Cell phone",0.00026091278414242
2,12052,"P_internet","Internet",0.00124327756930143
2,12052,"Current_income","Income",0.000485353113617748
2,12053,"P_age_00_14","Population 0-14",0.000146665683132596
2,12053,"P_migrants","Migrants",2.1651405859302e-06
2,12053,"P_university_studies","University degree",0.000154732275404967
2,12053,"P_read_write","Literacy",0.00011203002941329
2,12053,"P_cell_phone","Cell phone",0.000239199856878258
2,12053,"P_internet","Internet",0.00122926291078329
2,12053,"Current_income","Income",9.87318635452539e-05
2,12054,"P_age_00_14","Population 0-14",0.00016219807730522
2,12054,"P_migrants","Migrants",1.17689442049596e-05
2,12054,"P_university_studies","University degree",0.00019263853027951
2,12054,"P_read_write","Literacy",9.58356031333096e-05
2,12054,"P_cell_phone","Cell phone",0.000252275262027979
2,12054,"P_internet","Internet",0.00122484704479575
2,12054,"Current_income","Income",0.000478474859846756
2,12055,"P_age_00_14","Population 0-14",-4.10675529565196e-05
2,12055,"P_migrants","Migrants",4.15513895859476e-05
2,12055,"P_university_studies","University degree",4.8735591917648e-06
2,12055,"P_read_write","Literacy",6.07086258241907e-05
2,12055,"P_cell_phone","Cell phone",0.00013059438788332
2,12055,"P_internet","Internet",-0.000282238470390439
2,12055,"Current_income","Income",-1.17503959700116e-05
2,12056,"P_age_00_14","Population 0-14",0.000202909315703437
2,12056,"P_migrants","Migrants",2.98185696010478e-05
2,12056,"P_university_studies","University degree",1.572798100824e-05
2,12056,"P_read_write","Literacy",0.000108000793261454
2,12056,"P_cell_phone","Cell phone",0.000247092160861939
2,12056,"P_internet","Internet",0.00109349342528731
2,12056,"Current_income","Income",0.000511040270794183
2,12057,"P_age_00_14","Population 0-14",4.5698008761974e-05
2,12057,"P_migrants","Migrants",-6.7771652538795e-06
2,12057,"P_university_studies","University degree",3.4804212191375e-05
2,12057,"P_read_write","Literacy",0.000100335695606191
2,12057,"P_cell_phone","Cell phone",0.000245816685492173
2,12057,"P_internet","Internet",0.000392326212022454
2,12057,"Current_income","Income",6.75984165354748e-06
2,12058,"P_age_00_14","Population 0-14",0.000169288439792581
2,12058,"P_migrants","Migrants",-3.42174134857487e-05
2,12058,"P_university_studies","University degree",-5.57436942472123e-06
2,12058,"P_read_write","Literacy",9.50496760196984e-05
2,12058,"P_cell_phone","Cell phone",0.00022863014601171
2,12058,"P_internet","Internet",0.000661382859107107
2,12058,"Current_income","Income",-1.57683443831047e-05
2,12059,"P_age_00_14","Population 0-14",5.11592115799431e-05
2,12059,"P_migrants","Migrants",6.0618485804298e-06
2,12059,"P_university_studies","University degree",2.17571614484768e-05
2,12059,"P_read_write","Literacy",0.00010201997065451
2,12059,"P_cell_phone","Cell phone",0.000248715630732477
2,12059,"P_internet","Internet",0.000668058870360255
2,12059,"Current_income","Income",0.000294420780846849
2,12060,"P_age_00_14","Population 0-14",0.000154921333887614
2,12060,"P_migrants","Migrants",-1.74910474015633e-06
2,12060,"P_university_studies","University degree",0.000214757499634288
2,12060,"P_read_write","Literacy",9.10879098228179e-05
2,12060,"P_cell_phone","Cell phone",0.000227277574595064
2,12060,"P_internet","Internet",0.00121646409388632
2,12060,"Current_income","Income",0.000476690096547827
2,12061,"P_age_00_14","Population 0-14",9.34758354560472e-05
2,12061,"P_migrants","Migrants",0.000127996012452058
2,12061,"P_university_studies","University degree",-0.00031909640529193
2,12061,"P_read_write","Literacy",0.000114443071652204
2,12061,"P_cell_phone","Cell phone",0.000179053051397204
2,12061,"P_internet","Internet",0.000331847579218447
2,12061,"Current_income","Income",5.49161904928042e-06
2,12063,"P_age_00_14","Population 0-14",0.000155055240611546
2,12063,"P_migrants","Migrants",0.000111357891000807
2,12063,"P_university_studies","University degree",0.000175694061908871
2,12063,"P_read_write","Literacy",0.000153080705786124
2,12063,"P_cell_phone","Cell phone",0.000298699626000598
2,12063,"P_internet","Internet",0.00127743615303189
2,12063,"Current_income","Income",0.000547332921996713
2,12064,"P_age_00_14","Population 0-14",2.71871958830161e-05
2,12064,"P_migrants","Migrants",-1.65985284183989e-06
2,12064,"P_university_studies","University degree",1.43043635034701e-05
2,12064,"P_read_write","Literacy",7.76208617025986e-05
2,12064,"P_cell_phone","Cell phone",0.000232978389249183
2,12064,"P_internet","Internet",0.000861276523210108
2,12064,"Current_income","Income",0.000319989281706512
2,12066,"P_age_00_14","Population 0-14",0.00020790210692212
2,12066,"P_migrants","Migrants",-2.76000992016634e-05
2,12066,"P_university_studies","University degree",-0.000114876151201315
2,12066,"P_read_write","Literacy",0.000121636454423424
2,12066,"P_cell_phone","Cell phone",0.00023198380949907
2,12066,"P_internet","Internet",0.000679785909596831
2,12066,"Current_income","Income",0.000288003851892427
2,12067,"P_age_00_14","Population 0-14",0.000108447442471515
2,12067,"P_migrants","Migrants",8.95926314115059e-06
2,12067,"P_university_studies","University degree",-9.062383469427e-05
2,12067,"P_read_write","Literacy",0.000108492378785741
2,12067,"P_cell_phone","Cell phone",0.000226902600843459
2,12067,"P_internet","Internet",0.000667355896439403
2,12067,"Current_income","Income",0.000413108558859676
2,12069,"P_age_00_14","Population 0-14",0.000171314415638335
2,12069,"P_migrants","Migrants",-3.80770507035777e-05
2,12069,"P_university_studies","University degree",0.000247966207098216
2,12069,"P_read_write","Literacy",0.000102061712823343
2,12069,"P_cell_phone","Cell phone",0.000255754304816946
2,12069,"P_internet","Internet",0.00122426135931164
2,12069,"Current_income","Income",0.000523336231708527
2,12070,"P_age_00_14","Population 0-14",2.24610303121153e-05
2,12070,"P_migrants","Migrants",-0.000147878294228576
2,12070,"P_university_studies","University degree",0.000211368009331636
2,12070,"P_read_write","Literacy",0.000110611006675754
2,12070,"P_cell_phone","Cell phone",0.000273721845587716
2,12070,"P_internet","Internet",0.00124105927534401
2,12070,"Current_income","Income",0.000339211546815932
2,12072,"P_age_00_14","Population 0-14",0.000166876619914547
2,12072,"P_migrants","Migrants",0.00014500149700325
2,12072,"P_university_studies","University degree",0.000185144206625409
2,12072,"P_read_write","Literacy",0.000120626325951889
2,12072,"P_cell_phone","Cell phone",0.000270701857516542
2,12072,"P_internet","Internet",0.00122410117182881
2,12072,"Current_income","Income",0.000529857526998967
2,12073,"P_age_00_14","Population 0-14",0.000137306968099438
2,12073,"P_migrants","Migrants",-8.6389572970802e-06
2,12073,"P_university_studies","University degree",0.0001961368980119
2,12073,"P_read_write","Literacy",9.1974638053216e-05
2,12073,"P_cell_phone","Cell phone",0.000252370693488047
2,12073,"P_internet","Internet",0.00063140707788989
2,12073,"Current_income","Income",0.000406524399295449
2,12074,"P_age_00_14","Population 0-14",0.000163666481967084
2,12074,"P_migrants","Migrants",7.50707695260644e-05
2,12074,"P_university_studies","University degree",0.000216542364796624
2,12074,"P_read_write","Literacy",0.000104816113889683
2,12074,"P_cell_phone","Cell phone",0.000245692674070597
2,12074,"P_internet","Internet",0.00122272351291031
2,12074,"Current_income","Income",0.000509518024045974
2,12075,"P_age_00_14","Population 0-14",0.000181488620000891
2,12075,"P_migrants","Migrants",-3.18601087201387e-06
2,12075,"P_university_studies","University degree",-7.6493997767102e-06
2,12075,"P_read_write","Literacy",0.000111261979327537
2,12075,"P_cell_phone","Cell phone",6.47099514026195e-05
2,12075,"P_internet","Internet",-3.93029986298643e-05
2,12075,"Current_income","Income",0.000285472720861435
2,12076,"P_age_00_14","Population 0-14",0.00021306742564775
2,12076,"P_migrants","Migrants",0.000123660152894445
2,12076,"P_university_studies","University degree",0.00022288975014817
2,12076,"P_read_write","Literacy",0.000154953202581964
2,12076,"P_cell_phone","Cell phone",0.000301766180200502
2,12076,"P_internet","Internet",0.00131395133212209
2,12076,"Current_income","Income",0.000549354415852576
2,12077,"P_age_00_14","Population 0-14",0.000158834358444437
2,12077,"P_migrants","Migrants",-1.11848967208061e-05
2,12077,"P_university_studies","University degree",2.09970366995549e-05
2,12077,"P_read_write","Literacy",0.000111792862298898
2,12077,"P_cell_phone","Cell phone",0.000231704136240296
2,12077,"P_internet","Internet",0.000646307074930519
2,12077,"Current_income","Income",0.00028543482767418
2,12079,"P_age_00_14","Population 0-14",0.000211598424357362
2,12079,"P_migrants","Migrants",0.000122823810670525
2,12079,"P_university_studies","University degree",0.000227383614401333
2,12079,"P_read_write","Literacy",0.000100645367638208
2,12079,"P_cell_phone","Cell phone",0.000257890002103522
2,12079,"P_internet","Internet",0.00122813857160509
2,12079,"Current_income","Income",0.000547102419659495
2,12080,"P_age_00_14","Population 0-14",0.000125414706417359
2,12080,"P_migrants","Migrants",-4.67715508420952e-05
2,12080,"P_university_studies","University degree",0.000169177408679388
2,12080,"P_read_write","Literacy",0.000108082451333757
2,12080,"P_cell_phone","Cell phone",0.000254903512541205
2,12080,"P_internet","Internet",0.00122925825417042
2,12080,"Current_income","Income",0.000494607898872346
2,12081,"P_age_00_14","Population 0-14",0.00019224728748668
2,12081,"P_migrants","Migrants",3.56031500814424e-06
2,12081,"P_university_studies","University degree",-3.50806622009259e-05
2,12081,"P_read_write","Literacy",0.000133021923829801
2,12081,"P_cell_phone","Cell phone",0.000271636206889525
2,12081,"P_internet","Internet",0.0012885358883068
2,12081,"Current_income","Income",0.000505206757225096
2,13001,"P_age_00_14","Population 0-14",6.11187133472413e-05
2,13001,"P_migrants","Migrants",-0.000178248417796567
2,13001,"P_university_studies","University degree",0.000244218535954133
2,13001,"P_read_write","Literacy",8.76412668731064e-05
2,13001,"P_cell_phone","Cell phone",7.34991990611888e-05
2,13001,"P_internet","Internet",0.000213393781450577
2,13001,"Current_income","Income",-3.7636131310137e-05
2,13002,"P_age_00_14","Population 0-14",0.000206694865482859
2,13002,"P_migrants","Migrants",-7.54856000639847e-06
2,13002,"P_university_studies","University degree",0.00024707822012715
2,13002,"P_read_write","Literacy",0.00012056966079399
2,13002,"P_cell_phone","Cell phone",0.000236996478633955
2,13002,"P_internet","Internet",0.00124213937669992
2,13002,"Current_income","Income",0.000470739119919017
2,13003,"P_age_00_14","Population 0-14",-9.14386328076944e-06
2,13003,"P_migrants","Migrants",-2.96161415462848e-05
2,13003,"P_university_studies","University degree",-0.000274978374363855
2,13003,"P_read_write","Literacy",-0.000190628168638796
2,13003,"P_cell_phone","Cell phone",-4.47115453425795e-05
2,13003,"P_internet","Internet",-0.000894965894985944
2,13003,"Current_income","Income",-0.000142163393320516
2,13004,"P_age_00_14","Population 0-14",5.97863036091439e-05
2,13004,"P_migrants","Migrants",-2.31363683269592e-05
2,13004,"P_university_studies","University degree",0.000180900140549056
2,13004,"P_read_write","Literacy",9.90977132460102e-05
2,13004,"P_cell_phone","Cell phone",0.000133911147713661
2,13004,"P_internet","Internet",0.00115568505134434
2,13004,"Current_income","Income",0.000309108727378771
2,13005,"P_age_00_14","Population 0-14",-8.76463382155634e-05
2,13005,"P_migrants","Migrants",-2.46768331635394e-06
2,13005,"P_university_studies","University degree",0.000168461730936542
2,13005,"P_read_write","Literacy",-2.59341813944047e-05
2,13005,"P_cell_phone","Cell phone",2.37642652791692e-05
2,13005,"P_internet","Internet",-0.00109477597288787
2,13005,"Current_income","Income",-3.59733239747584e-05
2,13007,"P_age_00_14","Population 0-14",1.58754719450371e-05
2,13007,"P_migrants","Migrants",-1.57241502165562e-05
2,13007,"P_university_studies","University degree",0.000138671515742317
2,13007,"P_read_write","Literacy",3.33646457875147e-05
2,13007,"P_cell_phone","Cell phone",0.000130014712340198
2,13007,"P_internet","Internet",0.00076993100810796
2,13007,"Current_income","Income",-2.03420295292744e-05
2,13008,"P_age_00_14","Population 0-14",-8.49515417939983e-05
2,13008,"P_migrants","Migrants",2.29142042371677e-05
2,13008,"P_university_studies","University degree",2.63210722550866e-06
2,13008,"P_read_write","Literacy",-3.74279843526892e-05
2,13008,"P_cell_phone","Cell phone",-0.00010960538929794
2,13008,"P_internet","Internet",-0.00102379370946437
2,13008,"Current_income","Income",-0.000155959773110226
2,13009,"P_age_00_14","Population 0-14",-2.44439343077829e-05
2,13009,"P_migrants","Migrants",-1.80358747456921e-05
2,13009,"P_university_studies","University degree",0.000161043237312697
2,13009,"P_read_write","Literacy",-0.000123184465337545
2,13009,"P_cell_phone","Cell phone",7.1457187004853e-05
2,13009,"P_internet","Internet",0.00050474627641961
2,13009,"Current_income","Income",-1.01945670394343e-05
2,13010,"P_age_00_14","Population 0-14",-0.000136968315928243
2,13010,"P_migrants","Migrants",5.47638956049923e-05
2,13010,"P_university_studies","University degree",-0.000147137892781757
2,13010,"P_read_write","Literacy",-0.000129251566249877
2,13010,"P_cell_phone","Cell phone",-0.000249000469921157
2,13010,"P_internet","Internet",-0.000966535764746368
2,13010,"Current_income","Income",-0.000424444995587692
2,13011,"P_age_00_14","Population 0-14",3.35013864969369e-05
2,13011,"P_migrants","Migrants",0.00014162267325446
2,13011,"P_university_studies","University degree",1.64020839292789e-05
2,13011,"P_read_write","Literacy",0.000107792249764316
2,13011,"P_cell_phone","Cell phone",0.000255824241321534
2,13011,"P_internet","Internet",0.00116225460078567
2,13011,"Current_income","Income",0.000410719541832805
2,13013,"P_age_00_14","Population 0-14",0.000116203147626948
2,13013,"P_migrants","Migrants",6.50824513286352e-05
2,13013,"P_university_studies","University degree",-8.68943025125191e-05
2,13013,"P_read_write","Literacy",-0.000213798470213078
2,13013,"P_cell_phone","Cell phone",-0.000631606206297874
2,13013,"P_internet","Internet",-0.000976339913904667
2,13013,"Current_income","Income",-4.14097194152419e-05
2,13016,"P_age_00_14","Population 0-14",3.6904209991917e-05
2,13016,"P_migrants","Migrants",-5.35897925146855e-05
2,13016,"P_university_studies","University degree",0.000143918150570244
2,13016,"P_read_write","Literacy",5.68440154893324e-05
2,13016,"P_cell_phone","Cell phone",5.01420472573955e-05
2,13016,"P_internet","Internet",0.000355406577000394
2,13016,"Current_income","Income",-1.49644129123772e-05
2,13017,"P_age_00_14","Population 0-14",-1.42316389428743e-06
2,13017,"P_migrants","Migrants",-3.45494554494508e-05
2,13017,"P_university_studies","University degree",0.000170688857906498
2,13017,"P_read_write","Literacy",6.26999244559556e-05
2,13017,"P_cell_phone","Cell phone",0.000175705950823613
2,13017,"P_internet","Internet",0.000716350972652435
2,13017,"Current_income","Income",0.000292912329314277
2,13019,"P_age_00_14","Population 0-14",4.0815307329467e-06
2,13019,"P_migrants","Migrants",-0.000104701925010886
2,13019,"P_university_studies","University degree",0.000171865234733559
2,13019,"P_read_write","Literacy",4.50853949587326e-05
2,13019,"P_cell_phone","Cell phone",0.000134414032800123
2,13019,"P_internet","Internet",0.000896665500476956
2,13019,"Current_income","Income",0.000298147322610021
2,13021,"P_age_00_14","Population 0-14",-8.41988949105144e-05
2,13021,"P_migrants","Migrants",-2.54693004535511e-05
2,13021,"P_university_studies","University degree",1.69115082826465e-05
2,13021,"P_read_write","Literacy",-0.000172311352798715
2,13021,"P_cell_phone","Cell phone",-0.000248418946284801
2,13021,"P_internet","Internet",-0.000909006921574473
2,13021,"Current_income","Income",-3.3880252885865e-05
2,13022,"P_age_00_14","Population 0-14",-0.000133111054310575
2,13022,"P_migrants","Migrants",-6.93035981385037e-05
2,13022,"P_university_studies","University degree",1.43807310450939e-05
2,13022,"P_read_write","Literacy",-0.000179508526343852
2,13022,"P_cell_phone","Cell phone",-0.000118719261081424
2,13022,"P_internet","Internet",-0.000113816015073098
2,13022,"Current_income","Income",-4.18691415688954e-05
2,13023,"P_age_00_14","Population 0-14",-0.000131941822473891
2,13023,"P_migrants","Migrants",-3.51091111951973e-05
2,13023,"P_university_studies","University degree",-0.000332504976540804
2,13023,"P_read_write","Literacy",-0.000142213655635715
2,13023,"P_cell_phone","Cell phone",5.67724491702393e-05
2,13023,"P_internet","Internet",-0.000868370349053293
2,13023,"Current_income","Income",-5.1794861064991e-05
2,13024,"P_age_00_14","Population 0-14",4.63483702333178e-05
2,13024,"P_migrants","Migrants",-9.89891414064914e-05
2,13024,"P_university_studies","University degree",0.000181636205525137
2,13024,"P_read_write","Literacy",3.99836935685016e-05
2,13024,"P_cell_phone","Cell phone",-0.000111711167846806
2,13024,"P_internet","Internet",0.000643905310425907
2,13024,"Current_income","Income",-1.21210644010716e-06
2,13025,"P_age_00_14","Population 0-14",4.81915458294679e-06
2,13025,"P_migrants","Migrants",0.000133828303660266
2,13025,"P_university_studies","University degree",4.39927862316836e-05
2,13025,"P_read_write","Literacy",8.88663416844793e-05
2,13025,"P_cell_phone","Cell phone",0.00025360772269778
2,13025,"P_internet","Internet",0.00123704131692648
2,13025,"Current_income","Income",0.000416141992900521
2,13027,"P_age_00_14","Population 0-14",5.54585749341641e-05
2,13027,"P_migrants","Migrants",0.00012968634837307
2,13027,"P_university_studies","University degree",0.000176388435647823
2,13027,"P_read_write","Literacy",0.000109887267171871
2,13027,"P_cell_phone","Cell phone",0.00025733231450431
2,13027,"P_internet","Internet",0.00123082136269659
2,13027,"Current_income","Income",0.000523547525517642
2,13035,"P_age_00_14","Population 0-14",7.4313473305665e-05
2,13035,"P_migrants","Migrants",-7.53198173697456e-06
2,13035,"P_university_studies","University degree",0.000174802378751338
2,13035,"P_read_write","Literacy",5.13225713802967e-05
2,13035,"P_cell_phone","Cell phone",-3.41702143487055e-05
2,13035,"P_internet","Internet",0.000692701316438615
2,13035,"Current_income","Income",9.71657573245466e-05
2,13038,"P_age_00_14","Population 0-14",1.55259567691246e-05
2,13038,"P_migrants","Migrants",-3.2085066777654e-05
2,13038,"P_university_studies","University degree",0.000161221920279786
2,13038,"P_read_write","Literacy",8.1791433331091e-05
2,13038,"P_cell_phone","Cell phone",8.19806009531021e-05
2,13038,"P_internet","Internet",0.000513221020810306
2,13038,"Current_income","Income",7.57052839617245e-05
2,13039,"P_age_00_14","Population 0-14",-0.000192591964150779
2,13039,"P_migrants","Migrants",-3.15638390020467e-05
2,13039,"P_university_studies","University degree",-4.85966811538674e-05
2,13039,"P_read_write","Literacy",-0.000157219692482613
2,13039,"P_cell_phone","Cell phone",-0.000285969930700958
2,13039,"P_internet","Internet",-0.000999951967969537
2,13039,"Current_income","Income",-6.04819651925936e-05
2,13041,"P_age_00_14","Population 0-14",-0.000107695093902294
2,13041,"P_migrants","Migrants",-3.33205462084152e-05
2,13041,"P_university_studies","University degree",-0.000104773425846361
2,13041,"P_read_write","Literacy",-0.000179861977812834
2,13041,"P_cell_phone","Cell phone",7.29571765987203e-05
2,13041,"P_internet","Internet",-0.000905888329725713
2,13041,"Current_income","Income",-0.000132123081129976
2,13044,"P_age_00_14","Population 0-14",-4.4996508222539e-05
2,13044,"P_migrants","Migrants",1.42599774335395e-05
2,13044,"P_university_studies","University degree",0.000177014400833286
2,13044,"P_read_write","Literacy",4.7502078814432e-05
2,13044,"P_cell_phone","Cell phone",8.20408167783171e-05
2,13044,"P_internet","Internet",0.000895717123057693
2,13044,"Current_income","Income",2.80447943623585e-06
2,13045,"P_age_00_14","Population 0-14",2.27933087444399e-05
2,13045,"P_migrants","Migrants",-9.58721375354799e-06
2,13045,"P_university_studies","University degree",0.000166581608937122
2,13045,"P_read_write","Literacy",-3.17159134510803e-07
2,13045,"P_cell_phone","Cell phone",4.41576448793057e-05
2,13045,"P_internet","Internet",0.000651471724268049
2,13045,"Current_income","Income",-8.30328099254984e-06
2,13048,"P_age_00_14","Population 0-14",-0.00112867215648293
2,13048,"P_migrants","Migrants",-6.39332283753902e-05
2,13048,"P_university_studies","University degree",-0.00135295325890183
2,13048,"P_read_write","Literacy",-0.000305072346236557
2,13048,"P_cell_phone","Cell phone",-0.000497443077620119
2,13048,"P_internet","Internet",-0.00345119694247842
2,13048,"Current_income","Income",-0.00121268129441887
2,13050,"P_age_00_14","Population 0-14",-0.00014795662718825
2,13050,"P_migrants","Migrants",-3.763950735447e-05
2,13050,"P_university_studies","University degree",-0.000362652208423242
2,13050,"P_read_write","Literacy",-0.000164414959726855
2,13050,"P_cell_phone","Cell phone",-3.89707420254126e-05
2,13050,"P_internet","Internet",-0.001059117494151
2,13050,"Current_income","Income",-0.000469376420369372
2,13051,"P_age_00_14","Population 0-14",-0.000271549622993916
2,13051,"P_migrants","Migrants",4.16769353250857e-06
2,13051,"P_university_studies","University degree",-0.0012641588691622
2,13051,"P_read_write","Literacy",-0.000140692849527113
2,13051,"P_cell_phone","Cell phone",-0.000745664990972728
2,13051,"P_internet","Internet",-0.00353845185600221
2,13051,"Current_income","Income",-0.000455859408248216
2,13052,"P_age_00_14","Population 0-14",-9.48489250731654e-05
2,13052,"P_migrants","Migrants",-1.38046034408035e-05
2,13052,"P_university_studies","University degree",-3.83327969757374e-05
2,13052,"P_read_write","Literacy",-0.000181382900336757
2,13052,"P_cell_phone","Cell phone",-0.000251790537731722
2,13052,"P_internet","Internet",-0.000961587065830827
2,13052,"Current_income","Income",-6.40788784949109e-05
2,13053,"P_age_00_14","Population 0-14",3.79729317501187e-05
2,13053,"P_migrants","Migrants",8.10261844890192e-05
2,13053,"P_university_studies","University degree",0.000149890751345083
2,13053,"P_read_write","Literacy",0.000100911602203269
2,13053,"P_cell_phone","Cell phone",0.000255585502600297
2,13053,"P_internet","Internet",0.00114866031799465
2,13053,"Current_income","Income",0.000409453903557733
2,13054,"P_age_00_14","Population 0-14",-6.14840391790494e-05
2,13054,"P_migrants","Migrants",-9.52085156313842e-06
2,13054,"P_university_studies","University degree",-8.9512141130399e-05
2,13054,"P_read_write","Literacy",-0.000129568972624838
2,13054,"P_cell_phone","Cell phone",0.000138432311359793
2,13054,"P_internet","Internet",0.000364761857781559
2,13054,"Current_income","Income",6.73832516895345e-07
2,13056,"P_age_00_14","Population 0-14",-4.07328298024368e-06
2,13056,"P_migrants","Migrants",-1.6014217180782e-05
2,13056,"P_university_studies","University degree",-0.000153433560626581
2,13056,"P_read_write","Literacy",-0.000131071486975998
2,13056,"P_cell_phone","Cell phone",-0.000657467695418745
2,13056,"P_internet","Internet",-0.000993625377304852
2,13056,"Current_income","Income",0.000163143093232065
2,13057,"P_age_00_14","Population 0-14",3.36195080308244e-05
2,13057,"P_migrants","Migrants",-5.17028638569172e-05
2,13057,"P_university_studies","University degree",0.000167478894582018
2,13057,"P_read_write","Literacy",6.176588794915e-05
2,13057,"P_cell_phone","Cell phone",4.92235631099902e-05
2,13057,"P_internet","Internet",0.000887801754288375
2,13057,"Current_income","Income",-2.37092881434364e-05
2,13060,"P_age_00_14","Population 0-14",9.11890019779094e-05
2,13060,"P_migrants","Migrants",-1.08375988929765e-05
2,13060,"P_university_studies","University degree",5.07448312419001e-05
2,13060,"P_read_write","Literacy",0.000105881517811213
2,13060,"P_cell_phone","Cell phone",0.000249208998866379
2,13060,"P_internet","Internet",0.00089948286768049
2,13060,"Current_income","Income",0.000406250532250851
2,13061,"P_age_00_14","Population 0-14",-0.000409983011195436
2,13061,"P_migrants","Migrants",-1.22253131848993e-05
2,13061,"P_university_studies","University degree",-0.000425614067353308
2,13061,"P_read_write","Literacy",-0.000147596467286348
2,13061,"P_cell_phone","Cell phone",-0.000311644369503483
2,13061,"P_internet","Internet",-0.00153928773943335
2,13061,"Current_income","Income",-0.00040302675915882
2,13063,"P_age_00_14","Population 0-14",9.2960101483186e-07
2,13063,"P_migrants","Migrants",4.35113834100775e-05
2,13063,"P_university_studies","University degree",-9.28326426219428e-06
2,13063,"P_read_write","Literacy",-0.000164776458404958
2,13063,"P_cell_phone","Cell phone",-2.95379486487946e-05
2,13063,"P_internet","Internet",-0.000590859504882246
2,13063,"Current_income","Income",-0.000465315883047879
2,13064,"P_age_00_14","Population 0-14",-8.99050355656072e-05
2,13064,"P_migrants","Migrants",8.85308872966561e-06
2,13064,"P_university_studies","University degree",4.15778085880447e-05
2,13064,"P_read_write","Literacy",-0.000101442652521655
2,13064,"P_cell_phone","Cell phone",0.000142515156767331
2,13064,"P_internet","Internet",0.000375753617845476
2,13064,"Current_income","Income",1.09065076685511e-05
2,13065,"P_age_00_14","Population 0-14",-6.27035042271018e-05
2,13065,"P_migrants","Migrants",5.5073673138395e-05
2,13065,"P_university_studies","University degree",2.65888920694124e-05
2,13065,"P_read_write","Literacy",-3.90144050470553e-05
2,13065,"P_cell_phone","Cell phone",-2.54288188443752e-05
2,13065,"P_internet","Internet",0.000142561650136486
2,13065,"Current_income","Income",-4.05415266868658e-05
2,13066,"P_age_00_14","Population 0-14",-1.10135661088862e-05
2,13066,"P_migrants","Migrants",0.000188294405234046
2,13066,"P_university_studies","University degree",0.00014705874491483
2,13066,"P_read_write","Literacy",-0.000154902460053563
2,13066,"P_cell_phone","Cell phone",-0.000103150283393916
2,13066,"P_internet","Internet",-0.00133394123986363
2,13066,"Current_income","Income",-0.000148614126374014
2,13067,"P_age_00_14","Population 0-14",3.57217431883328e-05
2,13067,"P_migrants","Migrants",-2.40974695771001e-05
2,13067,"P_university_studies","University degree",2.73573441518238e-05
2,13067,"P_read_write","Literacy",-0.000117374409455806
2,13067,"P_cell_phone","Cell phone",6.54225295875221e-05
2,13067,"P_internet","Internet",0.000501262140460312
2,13067,"Current_income","Income",-4.83348158013541e-05
2,13069,"P_age_00_14","Population 0-14",0.000171151055837981
2,13069,"P_migrants","Migrants",3.26369081449229e-05
2,13069,"P_university_studies","University degree",-0.000291259057121351
2,13069,"P_read_write","Literacy",0.000153191213030368
2,13069,"P_cell_phone","Cell phone",-0.000249919481575489
2,13069,"P_internet","Internet",-0.00179872405715287
2,13069,"Current_income","Income",-0.00023699679877609
2,13070,"P_age_00_14","Population 0-14",-5.28826822119299e-05
2,13070,"P_migrants","Migrants",6.16705146967433e-05
2,13070,"P_university_studies","University degree",1.54479293996701e-05
2,13070,"P_read_write","Literacy",-0.000149737563333474
2,13070,"P_cell_phone","Cell phone",5.69192088732962e-05
2,13070,"P_internet","Internet",-0.000197276051039807
2,13070,"Current_income","Income",-8.7864616943989e-05
2,13072,"P_age_00_14","Population 0-14",-0.000299438077490777
2,13072,"P_migrants","Migrants",1.08982076199027e-05
2,13072,"P_university_studies","University degree",-0.000338275800459087
2,13072,"P_read_write","Literacy",-0.000139249808853492
2,13072,"P_cell_phone","Cell phone",-0.00026372104184702
2,13072,"P_internet","Internet",-0.00129586225375533
2,13072,"Current_income","Income",-0.000340630649589002
2,13074,"P_age_00_14","Population 0-14",-9.30071764742024e-05
2,13074,"P_migrants","Migrants",0.000125050559290685
2,13074,"P_university_studies","University degree",-3.84899385608151e-06
2,13074,"P_read_write","Literacy",-0.000177006659214385
2,13074,"P_cell_phone","Cell phone",-5.40283253940288e-05
2,13074,"P_internet","Internet",0.00012612299178727
2,13074,"Current_income","Income",-0.000147027167258784
2,13075,"P_age_00_14","Population 0-14",-1.31709657580359e-05
2,13075,"P_migrants","Migrants",0.000125343256513588
2,13075,"P_university_studies","University degree",-1.44669838846312e-05
2,13075,"P_read_write","Literacy",-0.000125556965940632
2,13075,"P_cell_phone","Cell phone",-0.000580431544221938
2,13075,"P_internet","Internet",-0.00112444872502238
2,13075,"Current_income","Income",-4.07789921155199e-05
2,13076,"P_age_00_14","Population 0-14",-0.000220554298721254
2,13076,"P_migrants","Migrants",-1.13422884169267e-05
2,13076,"P_university_studies","University degree",-0.000349788751918823
2,13076,"P_read_write","Literacy",-0.00013489494449459
2,13076,"P_cell_phone","Cell phone",-0.000280586711596698
2,13076,"P_internet","Internet",-0.00137209112290293
2,13076,"Current_income","Income",-0.000723075470887125
2,13077,"P_age_00_14","Population 0-14",-3.13730706693605e-05
2,13077,"P_migrants","Migrants",-7.59312970330939e-05
2,13077,"P_university_studies","University degree",-0.000393041817005724
2,13077,"P_read_write","Literacy",-0.000133524619741365
2,13077,"P_cell_phone","Cell phone",-0.000667892280034721
2,13077,"P_internet","Internet",-0.00144985481165349
2,13077,"Current_income","Income",-0.00027172829140909
2,13078,"P_age_00_14","Population 0-14",0.000147400409332477
2,13078,"P_migrants","Migrants",0.000168889891938306
2,13078,"P_university_studies","University degree",0.000251768447924405
2,13078,"P_read_write","Literacy",0.000111866786028259
2,13078,"P_cell_phone","Cell phone",0.000257803272688761
2,13078,"P_internet","Internet",0.00125079276040196
2,13078,"Current_income","Income",0.000531429017428309
2,13082,"P_age_00_14","Population 0-14",-9.92162749753334e-05
2,13082,"P_migrants","Migrants",-4.09587155445479e-05
2,13082,"P_university_studies","University degree",-4.18120689573698e-05
2,13082,"P_read_write","Literacy",-0.000177784502739087
2,13082,"P_cell_phone","Cell phone",-0.00061771139735356
2,13082,"P_internet","Internet",-0.00181635131593794
2,13082,"Current_income","Income",-5.2563762437785e-05
2,13083,"P_age_00_14","Population 0-14",-7.8511715400964e-05
2,13083,"P_migrants","Migrants",-5.23904636793304e-05
2,13083,"P_university_studies","University degree",-0.000898474943824112
2,13083,"P_read_write","Literacy",-0.000179596216185018
2,13083,"P_cell_phone","Cell phone",-0.000664125429466367
2,13083,"P_internet","Internet",-0.0014735849108547
2,13083,"Current_income","Income",-4.04110251110978e-05
2,14001,"P_age_00_14","Population 0-14",9.14299671421759e-05
2,14001,"P_migrants","Migrants",-8.97322461241856e-05
2,14001,"P_university_studies","University degree",0.000183081603609025
2,14001,"P_read_write","Literacy",6.17281402810477e-05
2,14001,"P_cell_phone","Cell phone",-0.000541650515515357
2,14001,"P_internet","Internet",-0.000993428868241608
2,14001,"Current_income","Income",-0.00041104425326921
2,14002,"P_age_00_14","Population 0-14",0.000263250840362161
2,14002,"P_migrants","Migrants",2.34862545767101e-05
2,14002,"P_university_studies","University degree",-0.000111282337456942
2,14002,"P_read_write","Literacy",-7.61859919293784e-05
2,14002,"P_cell_phone","Cell phone",-0.000464827171526849
2,14002,"P_internet","Internet",-0.00178977334871888
2,14002,"Current_income","Income",-0.000273065496003255
2,14003,"P_age_00_14","Population 0-14",-1.07785963336937e-05
2,14003,"P_migrants","Migrants",-9.91290216916241e-05
2,14003,"P_university_studies","University degree",-6.35047690593638e-05
2,14003,"P_read_write","Literacy",-0.000117782328743488
2,14003,"P_cell_phone","Cell phone",-0.00054339860798791
2,14003,"P_internet","Internet",-0.000943644845392555
2,14003,"Current_income","Income",-0.000520129280630499
2,14005,"P_age_00_14","Population 0-14",0.000122846613521688
2,14005,"P_migrants","Migrants",3.18522215820849e-05
2,14005,"P_university_studies","University degree",-4.6311456571857e-06
2,14005,"P_read_write","Literacy",-0.000151779124280438
2,14005,"P_cell_phone","Cell phone",-0.000261721084825695
2,14005,"P_internet","Internet",-0.00127734942361712
2,14005,"Current_income","Income",-0.000262631103396416
2,14006,"P_age_00_14","Population 0-14",-9.96042872429825e-05
2,14006,"P_migrants","Migrants",-3.44337568094488e-05
2,14006,"P_university_studies","University degree",-5.66382077522576e-05
2,14006,"P_read_write","Literacy",-0.000127271792734973
2,14006,"P_cell_phone","Cell phone",-2.58918225881644e-05
2,14006,"P_internet","Internet",-0.00138090329710394
2,14006,"Current_income","Income",-0.000563850742764771
2,14007,"P_age_00_14","Population 0-14",4.38866190961562e-05
2,14007,"P_migrants","Migrants",-2.67180021182867e-05
2,14007,"P_university_studies","University degree",2.39644814428175e-05
2,14007,"P_read_write","Literacy",-0.000104467733763158
2,14007,"P_cell_phone","Cell phone",-9.59982353379019e-05
2,14007,"P_internet","Internet",-0.000305676861898974
2,14007,"Current_income","Income",-4.11693581554573e-05
2,14008,"P_age_00_14","Population 0-14",7.20438547432423e-05
2,14008,"P_migrants","Migrants",1.14049953481299e-05
2,14008,"P_university_studies","University degree",-1.86046399903717e-05
2,14008,"P_read_write","Literacy",1.90280225069728e-05
2,14008,"P_cell_phone","Cell phone",-0.000611636496614665
2,14008,"P_internet","Internet",-0.0018486191984266
2,14008,"Current_income","Income",-0.000310777279082686
2,14009,"P_age_00_14","Population 0-14",9.41567777772434e-05
2,14009,"P_migrants","Migrants",8.3936984083266e-06
2,14009,"P_university_studies","University degree",-0.000127626379253343
2,14009,"P_read_write","Literacy",-0.000143799450597726
2,14009,"P_cell_phone","Cell phone",-0.000604603672400117
2,14009,"P_internet","Internet",-0.00141698773950338
2,14009,"Current_income","Income",-0.000276019098237157
2,14011,"P_age_00_14","Population 0-14",2.30047062359517e-05
2,14011,"P_migrants","Migrants",5.16491900270921e-06
2,14011,"P_university_studies","University degree",0.000168841739650816
2,14011,"P_read_write","Literacy",4.29064275522251e-05
2,14011,"P_cell_phone","Cell phone",0.000137444643769413
2,14011,"P_internet","Internet",0.000777575536631048
2,14011,"Current_income","Income",-2.70427250370631e-07
2,14012,"P_age_00_14","Population 0-14",-0.000182637711986899
2,14012,"P_migrants","Migrants",-0.000176845147507265
2,14012,"P_university_studies","University degree",4.41005286120344e-05
2,14012,"P_read_write","Literacy",-0.000164181605214253
2,14012,"P_cell_phone","Cell phone",-0.00029257353162393
2,14012,"P_internet","Internet",0.000732732587493956
2,14012,"Current_income","Income",-0.00045392956235446
2,14013,"P_age_00_14","Population 0-14",5.80641244596336e-05
2,14013,"P_migrants","Migrants",4.92153048980981e-06
2,14013,"P_university_studies","University degree",4.37802469832604e-08
2,14013,"P_read_write","Literacy",-5.04773088323418e-05
2,14013,"P_cell_phone","Cell phone",-0.000277670711511746
2,14013,"P_internet","Internet",-0.00118854560423642
2,14013,"Current_income","Income",-0.00013922734069638
2,14015,"P_age_00_14","Population 0-14",-7.13529607310193e-06
2,14015,"P_migrants","Migrants",-7.66307402955135e-06
2,14015,"P_university_studies","University degree",-0.00035191368078813
2,14015,"P_read_write","Literacy",-0.000129385167383589
2,14015,"P_cell_phone","Cell phone",-0.000618503428995609
2,14015,"P_internet","Internet",-0.0020694718696177
2,14015,"Current_income","Income",-0.000426940561737865
2,14016,"P_age_00_14","Population 0-14",0.000199150323169306
2,14016,"P_migrants","Migrants",-1.93411597138038e-06
2,14016,"P_university_studies","University degree",0.000171423816937022
2,14016,"P_read_write","Literacy",5.58304891455919e-05
2,14016,"P_cell_phone","Cell phone",6.14633318036795e-05
2,14016,"P_internet","Internet",-0.000881828949786723
2,14016,"Current_income","Income",-0.000469205202534795
2,14017,"P_age_00_14","Population 0-14",3.0321099984576e-05
2,14017,"P_migrants","Migrants",-8.6494255810976e-05
2,14017,"P_university_studies","University degree",0.00016478072211612
2,14017,"P_read_write","Literacy",-0.000118065479910001
2,14017,"P_cell_phone","Cell phone",0.000139025578391738
2,14017,"P_internet","Internet",-0.000424302037572488
2,14017,"Current_income","Income",-4.47620695922524e-05
2,14019,"P_age_00_14","Population 0-14",0.000213825376704335
2,14019,"P_migrants","Migrants",-7.50399749449571e-06
2,14019,"P_university_studies","University degree",1.29814707179321e-05
2,14019,"P_read_write","Literacy",0.000150382882566191
2,14019,"P_cell_phone","Cell phone",0.000239920875173993
2,14019,"P_internet","Internet",0.000649537134449929
2,14019,"Current_income","Income",0.000513944309204817
2,14020,"P_age_00_14","Population 0-14",4.18151903431863e-05
2,14020,"P_migrants","Migrants",-7.42827251087874e-05
2,14020,"P_university_studies","University degree",0.000158848517457955
2,14020,"P_read_write","Literacy",-0.000195218468434177
2,14020,"P_cell_phone","Cell phone",0.000137545226607472
2,14020,"P_internet","Internet",0.00059258274268359
2,14020,"Current_income","Income",-5.4829604778206e-05
2,14021,"P_age_00_14","Population 0-14",2.31077901844401e-05
2,14021,"P_migrants","Migrants",-8.5850924733677e-06
2,14021,"P_university_studies","University degree",1.38201203299104e-05
2,14021,"P_read_write","Literacy",-4.59665097878315e-05
2,14021,"P_cell_phone","Cell phone",6.82143145240843e-05
2,14021,"P_internet","Internet",-0.000780625501647592
2,14021,"Current_income","Income",-0.000435769296018407
2,14022,"P_age_00_14","Population 0-14",0.000102408033853862
2,14022,"P_migrants","Migrants",-0.000138345232699066
2,14022,"P_university_studies","University degree",1.65684086823603e-05
2,14022,"P_read_write","Literacy",-6.21608996880241e-05
2,14022,"P_cell_phone","Cell phone",-0.000312524993205443
2,14022,"P_internet","Internet",-0.000883496075402945
2,14022,"Current_income","Income",-0.000434102141298354
2,14024,"P_age_00_14","Population 0-14",-9.92789573501796e-05
2,14024,"P_migrants","Migrants",1.11308518171427e-05
2,14024,"P_university_studies","University degree",1.1363476914994e-05
2,14024,"P_read_write","Literacy",-0.00010654806101229
2,14024,"P_cell_phone","Cell phone",-0.000212196973734535
2,14024,"P_internet","Internet",-0.00101660273503512
2,14024,"Current_income","Income",-0.000428348197601736
2,14025,"P_age_00_14","Population 0-14",-4.50994339189492e-05
2,14025,"P_migrants","Migrants",-0.000113138172309846
2,14025,"P_university_studies","University degree",-0.000410153937991709
2,14025,"P_read_write","Literacy",-0.00012232520384714
2,14025,"P_cell_phone","Cell phone",-0.000238285138038918
2,14025,"P_internet","Internet",-0.00177954602986574
2,14025,"Current_income","Income",-0.000429156178142875
2,14027,"P_age_00_14","Population 0-14",0.000132179964566603
2,14027,"P_migrants","Migrants",-6.47481147098006e-06
2,14027,"P_university_studies","University degree",0.00015523390902672
2,14027,"P_read_write","Literacy",9.53590570134111e-05
2,14027,"P_cell_phone","Cell phone",0.000226688483962789
2,14027,"P_internet","Internet",0.000775634835008532
2,14027,"Current_income","Income",0.000278934719972312
2,14028,"P_age_00_14","Population 0-14",-7.14277921360917e-05
2,14028,"P_migrants","Migrants",-0.00021027862385381
2,14028,"P_university_studies","University degree",0.000215481835766695
2,14028,"P_read_write","Literacy",-8.67515791469486e-06
2,14028,"P_cell_phone","Cell phone",8.42533627292141e-05
2,14028,"P_internet","Internet",0.000359100697096437
2,14028,"Current_income","Income",-3.56952368747443e-05
2,14029,"P_age_00_14","Population 0-14",3.08906855934765e-05
2,14029,"P_migrants","Migrants",-2.16262887988705e-05
2,14029,"P_university_studies","University degree",0.000180940434802324
2,14029,"P_read_write","Literacy",4.90582096972503e-05
2,14029,"P_cell_phone","Cell phone",-0.000101995807199273
2,14029,"P_internet","Internet",0.000212298284168355
2,14029,"Current_income","Income",-8.23706286610104e-05
2,14031,"P_age_00_14","Population 0-14",0.000121171884529758
2,14031,"P_migrants","Migrants",-9.76304800133221e-05
2,14031,"P_university_studies","University degree",0.000163102158694528
2,14031,"P_read_write","Literacy",0.000148510109283961
2,14031,"P_cell_phone","Cell phone",0.000226638978347182
2,14031,"P_internet","Internet",0.000727673876099288
2,14031,"Current_income","Income",0.000316868477966636
2,14033,"P_age_00_14","Population 0-14",4.84701558889356e-05
2,14033,"P_migrants","Migrants",-0.00020138404215686
2,14033,"P_university_studies","University degree",0.000202739436645061
2,14033,"P_read_write","Literacy",2.2010137399775e-05
2,14033,"P_cell_phone","Cell phone",6.95076669217087e-05
2,14033,"P_internet","Internet",-0.00105545169208199
2,14033,"Current_income","Income",-0.000388520187698305
2,14035,"P_age_00_14","Population 0-14",8.02714057499543e-05
2,14035,"P_migrants","Migrants",-5.31507657797192e-06
2,14035,"P_university_studies","University degree",0.000156695386976935
2,14035,"P_read_write","Literacy",-4.5450527977664e-05
2,14035,"P_cell_phone","Cell phone",-0.000214649233384989
2,14035,"P_internet","Internet",-0.000448084552772343
2,14035,"Current_income","Income",-0.000336768047418445
2,14036,"P_age_00_14","Population 0-14",8.33622107165866e-05
2,14036,"P_migrants","Migrants",1.16217379400041e-05
2,14036,"P_university_studies","University degree",-9.6157964435406e-05
2,14036,"P_read_write","Literacy",-0.00011865486158058
2,14036,"P_cell_phone","Cell phone",-0.000337889272486791
2,14036,"P_internet","Internet",-0.00131142849568278
2,14036,"Current_income","Income",-0.000130846325191669
2,14037,"P_age_00_14","Population 0-14",4.50034931418486e-05
2,14037,"P_migrants","Migrants",-9.51185866142623e-05
2,14037,"P_university_studies","University degree",-0.000341804116033018
2,14037,"P_read_write","Literacy",-0.00011249644740019
2,14037,"P_cell_phone","Cell phone",-0.000352344184648246
2,14037,"P_internet","Internet",-0.00200521526858211
2,14037,"Current_income","Income",-0.000316013291012496
2,14038,"P_age_00_14","Population 0-14",-2.97093556582695e-05
2,14038,"P_migrants","Migrants",-3.67630709661171e-05
2,14038,"P_university_studies","University degree",0.000177765206899494
2,14038,"P_read_write","Literacy",4.91661376145203e-05
2,14038,"P_cell_phone","Cell phone",0.000180717368493788
2,14038,"P_internet","Internet",0.000204020689125173
2,14038,"Current_income","Income",-0.000291464966721833
2,14039,"P_age_00_14","Population 0-14",-0.000815899984445423
2,14039,"P_migrants","Migrants",5.51167031517252e-05
2,14039,"P_university_studies","University degree",-0.000780364207457751
2,14039,"P_read_write","Literacy",0.000109555425297003
2,14039,"P_cell_phone","Cell phone",-0.000720218347851187
2,14039,"P_internet","Internet",-0.00421501090750098
2,14039,"Current_income","Income",-0.00253160344436765
2,14040,"P_age_00_14","Population 0-14",8.06616953923367e-05
2,14040,"P_migrants","Migrants",4.21342929257662e-06
2,14040,"P_university_studies","University degree",0.000197549190488644
2,14040,"P_read_write","Literacy",1.81305540536414e-06
2,14040,"P_cell_phone","Cell phone",8.72105156304315e-05
2,14040,"P_internet","Internet",0.000696635455824435
2,14040,"Current_income","Income",-9.2754753495683e-06
2,14043,"P_age_00_14","Population 0-14",1.19431724669994e-05
2,14043,"P_migrants","Migrants",-0.000243278627749532
2,14043,"P_university_studies","University degree",3.95105598727241e-05
2,14043,"P_read_write","Literacy",-1.12366669782205e-05
2,14043,"P_cell_phone","Cell phone",3.58945326297544e-05
2,14043,"P_internet","Internet",-0.00044828251702711
2,14043,"Current_income","Income",-0.000434723478974774
2,14044,"P_age_00_14","Population 0-14",0.000225585550651886
2,14044,"P_migrants","Migrants",-2.69743450189708e-05
2,14044,"P_university_studies","University degree",1.2108292139601e-05
2,14044,"P_read_write","Literacy",-0.000223051305511035
2,14044,"P_cell_phone","Cell phone",-0.000803463044576347
2,14044,"P_internet","Internet",-0.00138663628604263
2,14044,"Current_income","Income",-0.000346233719028533
2,14045,"P_age_00_14","Population 0-14",4.45789446530398e-05
2,14045,"P_migrants","Migrants",-0.000225200565182604
2,14045,"P_university_studies","University degree",0.000209962017834187
2,14045,"P_read_write","Literacy",-8.44010355649516e-06
2,14045,"P_cell_phone","Cell phone",3.89093038393185e-05
2,14045,"P_internet","Internet",-0.000192773688468151
2,14045,"Current_income","Income",-0.000305718771414831
2,14046,"P_age_00_14","Population 0-14",0.000107485117041506
2,14046,"P_migrants","Migrants",-0.000263194961007684
2,14046,"P_university_studies","University degree",0.000290773459710181
2,14046,"P_read_write","Literacy",-8.58607236295938e-05
2,14046,"P_cell_phone","Cell phone",-0.000313174707116559
2,14046,"P_internet","Internet",-0.00180309545248747
2,14046,"Current_income","Income",-0.000418835144955665
2,14048,"P_age_00_14","Population 0-14",5.35708932147827e-06
2,14048,"P_migrants","Migrants",-0.000206758457352407
2,14048,"P_university_studies","University degree",0.000213313338463195
2,14048,"P_read_write","Literacy",8.87476635398343e-05
2,14048,"P_cell_phone","Cell phone",-0.000543114845640957
2,14048,"P_internet","Internet",-0.00065369630465284
2,14048,"Current_income","Income",-0.000364929583156481
2,14051,"P_age_00_14","Population 0-14",0.000249868346145377
2,14051,"P_migrants","Migrants",-3.52200404449832e-05
2,14051,"P_university_studies","University degree",8.10834899311885e-06
2,14051,"P_read_write","Literacy",-0.000213192630326375
2,14051,"P_cell_phone","Cell phone",-0.000601354229729623
2,14051,"P_internet","Internet",-0.00090544210979715
2,14051,"Current_income","Income",-0.000127671301015653
2,14053,"P_age_00_14","Population 0-14",0.000108777720015496
2,14053,"P_migrants","Migrants",-4.18667150370311e-06
2,14053,"P_university_studies","University degree",-0.000108553642348852
2,14053,"P_read_write","Literacy",-0.000143691446282901
2,14053,"P_cell_phone","Cell phone",-0.000313141819788143
2,14053,"P_internet","Internet",-0.00141615094617009
2,14053,"Current_income","Income",9.92083096207352e-06
2,14055,"P_age_00_14","Population 0-14",0.000207694552955218
2,14055,"P_migrants","Migrants",-4.82026371173561e-05
2,14055,"P_university_studies","University degree",6.48703417027718e-06
2,14055,"P_read_write","Literacy",-0.000147182086948305
2,14055,"P_cell_phone","Cell phone",-0.000516001309733838
2,14055,"P_internet","Internet",-0.000968827167525887
2,14055,"Current_income","Income",-0.000316661520628259
2,14058,"P_age_00_14","Population 0-14",-6.98131989338435e-05
2,14058,"P_migrants","Migrants",-5.9525958931772e-05
2,14058,"P_university_studies","University degree",-5.81304338993505e-05
2,14058,"P_read_write","Literacy",-0.000118834774184506
2,14058,"P_cell_phone","Cell phone",-1.4345942872751e-05
2,14058,"P_internet","Internet",-0.00116910738870502
2,14058,"Current_income","Income",-0.000340056023560464
2,14060,"P_age_00_14","Population 0-14",1.35937643790385e-05
2,14060,"P_migrants","Migrants",-3.52523384208325e-05
2,14060,"P_university_studies","University degree",0.000196028529899195
2,14060,"P_read_write","Literacy",2.73182231467217e-05
2,14060,"P_cell_phone","Cell phone",3.04307686747052e-05
2,14060,"P_internet","Internet",0.000354634685209021
2,14060,"Current_income","Income",-3.68293840438128e-05
2,14062,"P_age_00_14","Population 0-14",-6.13085430813953e-05
2,14062,"P_migrants","Migrants",-0.000139884388772771
2,14062,"P_university_studies","University degree",0.000199955291463993
2,14062,"P_read_write","Literacy",-8.61750668263994e-05
2,14062,"P_cell_phone","Cell phone",0.00018887197074946
2,14062,"P_internet","Internet",0.000600988569203764
2,14062,"Current_income","Income",-0.000138320741825737
2,14063,"P_age_00_14","Population 0-14",4.44539473392069e-05
2,14063,"P_migrants","Migrants",1.21241801025462e-05
2,14063,"P_university_studies","University degree",-0.000361322250682861
2,14063,"P_read_write","Literacy",-0.000111233035568148
2,14063,"P_cell_phone","Cell phone",-0.000586426293011755
2,14063,"P_internet","Internet",-0.00210526818409562
2,14063,"Current_income","Income",-0.000386934902053326
2,14064,"P_age_00_14","Population 0-14",0.00019787807832472
2,14064,"P_migrants","Migrants",3.1735644370201e-06
2,14064,"P_university_studies","University degree",0.000131250111735426
2,14064,"P_read_write","Literacy",-1.64484190463554e-05
2,14064,"P_cell_phone","Cell phone",-4.9144869990414e-05
2,14064,"P_internet","Internet",0.000360201462171972
2,14064,"Current_income","Income",-4.10298016504385e-05
2,14067,"P_age_00_14","Population 0-14",-0.000134659232571721
2,14067,"P_migrants","Migrants",-0.000505321484524757
2,14067,"P_university_studies","University degree",-0.000571376935113221
2,14067,"P_read_write","Literacy",-0.000270792603259906
2,14067,"P_cell_phone","Cell phone",-0.00053966575069353
2,14067,"P_internet","Internet",-0.00347404181957245
2,14067,"Current_income","Income",-0.00066792726283893
2,14068,"P_age_00_14","Population 0-14",2.72631023108261e-05
2,14068,"P_migrants","Migrants",-0.000171083185705356
2,14068,"P_university_studies","University degree",5.79654551984277e-05
2,14068,"P_read_write","Literacy",4.69003134639934e-05
2,14068,"P_cell_phone","Cell phone",0.000200330119696446
2,14068,"P_internet","Internet",-0.000424095895141363
2,14068,"Current_income","Income",-1.51689382619224e-05
2,14070,"P_age_00_14","Population 0-14",0.000170880986843258
2,14070,"P_migrants","Migrants",9.56273579504341e-05
2,14070,"P_university_studies","University degree",4.65977936983109e-05
2,14070,"P_read_write","Literacy",-0.000140094838570803
2,14070,"P_cell_phone","Cell phone",-0.000478438101708889
2,14070,"P_internet","Internet",-0.000967049098107964
2,14070,"Current_income","Income",-0.000542166118975729
2,14071,"P_age_00_14","Population 0-14",7.2422277298756e-05
2,14071,"P_migrants","Migrants",-4.55624831374735e-06
2,14071,"P_university_studies","University degree",0.000199299087398686
2,14071,"P_read_write","Literacy",5.8503937907517e-05
2,14071,"P_cell_phone","Cell phone",0.000141112497658469
2,14071,"P_internet","Internet",0.00121651694644243
2,14071,"Current_income","Income",-4.57945498055778e-05
2,14072,"P_age_00_14","Population 0-14",0.000203607225557789
2,14072,"P_migrants","Migrants",-5.63665926165413e-05
2,14072,"P_university_studies","University degree",0.000193886226043105
2,14072,"P_read_write","Literacy",-4.89891426695976e-05
2,14072,"P_cell_phone","Cell phone",-0.000181095616426319
2,14072,"P_internet","Internet",-0.000856309838127345
2,14072,"Current_income","Income",-4.45598816440906e-05
2,14073,"P_age_00_14","Population 0-14",0.000105409228126518
2,14073,"P_migrants","Migrants",5.85133102504187e-06
2,14073,"P_university_studies","University degree",-3.00477258861065e-05
2,14073,"P_read_write","Literacy",-0.000105419996543787
2,14073,"P_cell_phone","Cell phone",-0.000587958726100624
2,14073,"P_internet","Internet",-0.00185235729441047
2,14073,"Current_income","Income",-0.000331959367031232
2,14074,"P_age_00_14","Population 0-14",3.24177672155201e-05
2,14074,"P_migrants","Migrants",-0.000365440588211641
2,14074,"P_university_studies","University degree",0.000266825052676722
2,14074,"P_read_write","Literacy",-8.68160568643361e-05
2,14074,"P_cell_phone","Cell phone",-0.000506777490954846
2,14074,"P_internet","Internet",-0.00133407092653215
2,14074,"Current_income","Income",-0.000397362367948517
2,14075,"P_age_00_14","Population 0-14",4.28290550189558e-05
2,14075,"P_migrants","Migrants",1.61774005391635e-05
2,14075,"P_university_studies","University degree",2.49973909376422e-05
2,14075,"P_read_write","Literacy",-0.000134419169626199
2,14075,"P_cell_phone","Cell phone",-1.05299195638509e-05
2,14075,"P_internet","Internet",4.82665709569119e-05
2,14075,"Current_income","Income",-6.58151620882563e-05
2,14076,"P_age_00_14","Population 0-14",0.000223271243157797
2,14076,"P_migrants","Migrants",-0.000148875828017481
2,14076,"P_university_studies","University degree",0.00018242429359816
2,14076,"P_read_write","Literacy",-2.3106424123398e-05
2,14076,"P_cell_phone","Cell phone",-0.00025229633320123
2,14076,"P_internet","Internet",0.000793766288552433
2,14076,"Current_income","Income",-0.000403443234972656
2,14077,"P_age_00_14","Population 0-14",-9.19351223274134e-05
2,14077,"P_migrants","Migrants",-0.000205953227123246
2,14077,"P_university_studies","University degree",-4.01245379180182e-05
2,14077,"P_read_write","Literacy",-0.00015213388542179
2,14077,"P_cell_phone","Cell phone",0.000142536096973345
2,14077,"P_internet","Internet",-0.0012837623944506
2,14077,"Current_income","Income",-0.000563508016057312
2,14078,"P_age_00_14","Population 0-14",3.76840944227297e-05
2,14078,"P_migrants","Migrants",-9.7669406386558e-05
2,14078,"P_university_studies","University degree",0.000190170729183592
2,14078,"P_read_write","Literacy",-2.20775509660598e-05
2,14078,"P_cell_phone","Cell phone",-0.000323805783409625
2,14078,"P_internet","Internet",-0.00158251891843975
2,14078,"Current_income","Income",-0.000305671448586509
2,14080,"P_age_00_14","Population 0-14",-1.9050939954468e-05
2,14080,"P_migrants","Migrants",-0.000131395732751116
2,14080,"P_university_studies","University degree",0.000199134912691079
2,14080,"P_read_write","Literacy",5.14954735990614e-05
2,14080,"P_cell_phone","Cell phone",0.000222982271225192
2,14080,"P_internet","Internet",0.00034006912028417
2,14080,"Current_income","Income",-7.79377660364844e-05
2,14081,"P_age_00_14","Population 0-14",-7.88426623330452e-05
2,14081,"P_migrants","Migrants",-5.7266643125331e-05
2,14081,"P_university_studies","University degree",0.000187660742085427
2,14081,"P_read_write","Literacy",-2.20001074922038e-05
2,14081,"P_cell_phone","Cell phone",0.000238620588788763
2,14081,"P_internet","Internet",0.000201004528207704
2,14081,"Current_income","Income",-3.54524527210742e-05
2,14083,"P_age_00_14","Population 0-14",8.87485221028328e-05
2,14083,"P_migrants","Migrants",2.50369812420104e-05
2,14083,"P_university_studies","University degree",-4.81996430607978e-05
2,14083,"P_read_write","Literacy",-0.000121470569865778
2,14083,"P_cell_phone","Cell phone",-0.00061196432216093
2,14083,"P_internet","Internet",-0.00188354344572872
2,14083,"Current_income","Income",-0.000433433015132323
2,14084,"P_age_00_14","Population 0-14",2.24486193474149e-05
2,14084,"P_migrants","Migrants",-2.31658941629576e-05
2,14084,"P_university_studies","University degree",4.89749181724619e-05
2,14084,"P_read_write","Literacy",-7.817373261787e-05
2,14084,"P_cell_phone","Cell phone",0.000170303566846997
2,14084,"P_internet","Internet",0.000228642340516672
2,14084,"Current_income","Income",-0.000149513783981092
2,14090,"P_age_00_14","Population 0-14",-7.85201918915845e-05
2,14090,"P_migrants","Migrants",-4.99256675539073e-05
2,14090,"P_university_studies","University degree",5.0667833420448e-05
2,14090,"P_read_write","Literacy",-0.000102898666227702
2,14090,"P_cell_phone","Cell phone",7.07380168023519e-05
2,14090,"P_internet","Internet",-0.000181851093657315
2,14090,"Current_income","Income",-0.000338228797772899
2,14091,"P_age_00_14","Population 0-14",3.51900089299306e-05
2,14091,"P_migrants","Migrants",-7.86932141636498e-05
2,14091,"P_university_studies","University degree",0.000206040989723988
2,14091,"P_read_write","Literacy",-9.27471337490715e-05
2,14091,"P_cell_phone","Cell phone",5.51535667909775e-05
2,14091,"P_internet","Internet",-0.00181865075137466
2,14091,"Current_income","Income",-0.000143382741953246
2,14093,"P_age_00_14","Population 0-14",8.14168888609856e-05
2,14093,"P_migrants","Migrants",1.9157831047778e-05
2,14093,"P_university_studies","University degree",-0.000144177305628546
2,14093,"P_read_write","Literacy",-0.000106942490674555
2,14093,"P_cell_phone","Cell phone",-0.000651497161015868
2,14093,"P_internet","Internet",-0.00218355772085488
2,14093,"Current_income","Income",-0.000133931287564337
2,14094,"P_age_00_14","Population 0-14",0.000102036101452541
2,14094,"P_migrants","Migrants",-3.42452367476653e-05
2,14094,"P_university_studies","University degree",-0.000164223631145433
2,14094,"P_read_write","Literacy",-0.000182182557182387
2,14094,"P_cell_phone","Cell phone",-0.000363934726919979
2,14094,"P_internet","Internet",-0.00160081614740193
2,14094,"Current_income","Income",-0.000467227044282481
2,14095,"P_age_00_14","Population 0-14",-9.08375659491867e-05
2,14095,"P_migrants","Migrants",-5.65647969779093e-05
2,14095,"P_university_studies","University degree",4.89357944388757e-06
2,14095,"P_read_write","Literacy",-0.000161681833560579
2,14095,"P_cell_phone","Cell phone",5.97105972701684e-05
2,14095,"P_internet","Internet",-0.00177752645686269
2,14095,"Current_income","Income",-0.000444607925601304
2,14097,"P_age_00_14","Population 0-14",0.000239887027419172
2,14097,"P_migrants","Migrants",-1.0190311883207e-07
2,14097,"P_university_studies","University degree",-0.00048511556815356
2,14097,"P_read_write","Literacy",3.34372930410609e-06
2,14097,"P_cell_phone","Cell phone",-0.000539761793334037
2,14097,"P_internet","Internet",-0.0023450804874301
2,14097,"Current_income","Income",-0.00037734184297733
2,14098,"P_age_00_14","Population 0-14",5.46917726751417e-05
2,14098,"P_migrants","Migrants",9.79685955826426e-06
2,14098,"P_university_studies","University degree",-0.000482541508972645
2,14098,"P_read_write","Literacy",-0.000264388276264071
2,14098,"P_cell_phone","Cell phone",-0.000523710739798844
2,14098,"P_internet","Internet",-0.00321393692865968
2,14098,"Current_income","Income",-0.000955247145611793
2,14100,"P_age_00_14","Population 0-14",8.16426545497961e-05
2,14100,"P_migrants","Migrants",-2.5078034013859e-06
2,14100,"P_university_studies","University degree",4.63976357423235e-05
2,14100,"P_read_write","Literacy",1.85301250894554e-05
2,14100,"P_cell_phone","Cell phone",-9.26664870348759e-06
2,14100,"P_internet","Internet",0.000370809837477282
2,14100,"Current_income","Income",-0.000153756423969753
2,14101,"P_age_00_14","Population 0-14",0.000121815537568182
2,14101,"P_migrants","Migrants",3.16913865390234e-05
2,14101,"P_university_studies","University degree",-0.0004205426084809
2,14101,"P_read_write","Literacy",-0.000256752042332664
2,14101,"P_cell_phone","Cell phone",-0.000369085581041873
2,14101,"P_internet","Internet",-0.00254185870289803
2,14101,"Current_income","Income",-0.000603276945184916
2,14104,"P_age_00_14","Population 0-14",-4.19799143855926e-05
2,14104,"P_migrants","Migrants",-1.38867353598471e-05
2,14104,"P_university_studies","University degree",0.000186075107194483
2,14104,"P_read_write","Literacy",-4.55864137620665e-05
2,14104,"P_cell_phone","Cell phone",9.26847715163603e-05
2,14104,"P_internet","Internet",-0.000886678288225085
2,14104,"Current_income","Income",-5.68013820156921e-05
2,14105,"P_age_00_14","Population 0-14",5.67011084058322e-05
2,14105,"P_migrants","Migrants",2.3468421659345e-06
2,14105,"P_university_studies","University degree",0.000170857645571232
2,14105,"P_read_write","Literacy",-3.92253286918276e-06
2,14105,"P_cell_phone","Cell phone",-0.000206091281143017
2,14105,"P_internet","Internet",0.000213375009479932
2,14105,"Current_income","Income",-0.00039568982901983
2,14109,"P_age_00_14","Population 0-14",6.3802617660258e-05
2,14109,"P_migrants","Migrants",-1.64304537975113e-06
2,14109,"P_university_studies","University degree",0.000154850538820028
2,14109,"P_read_write","Literacy",5.76166457904037e-05
2,14109,"P_cell_phone","Cell phone",-0.000202105322387069
2,14109,"P_internet","Internet",0.000196720342501067
2,14109,"Current_income","Income",-0.000137401293613948
2,14110,"P_age_00_14","Population 0-14",-3.94836642954033e-05
2,14110,"P_migrants","Migrants",-0.000188845122465864
2,14110,"P_university_studies","University degree",-0.000133180335978977
2,14110,"P_read_write","Literacy",-0.000152860171510838
2,14110,"P_cell_phone","Cell phone",7.364774501184e-05
2,14110,"P_internet","Internet",-0.00180657184682786
2,14110,"Current_income","Income",-0.000392692512832582
2,14111,"P_age_00_14","Population 0-14",3.33765492541716e-05
2,14111,"P_migrants","Migrants",-0.000230776495300233
2,14111,"P_university_studies","University degree",-4.28997418566723e-06
2,14111,"P_read_write","Literacy",-6.11092182225548e-05
2,14111,"P_cell_phone","Cell phone",-0.000589489878620952
2,14111,"P_internet","Internet",-0.00154865020886064
2,14111,"Current_income","Income",-0.00139680353458971
2,14114,"P_age_00_14","Population 0-14",3.8887548726052e-05
2,14114,"P_migrants","Migrants",-6.27141853328794e-05
2,14114,"P_university_studies","University degree",2.59231073869159e-05
2,14114,"P_read_write","Literacy",-9.4254755822476e-05
2,14114,"P_cell_phone","Cell phone",-0.000269307260168716
2,14114,"P_internet","Internet",-0.001336480374448
2,14114,"Current_income","Income",-0.000360795122105628
2,14115,"P_age_00_14","Population 0-14",0.000127815015730448
2,14115,"P_migrants","Migrants",-7.59708855184726e-05
2,14115,"P_university_studies","University degree",0.000176799643668346
2,14115,"P_read_write","Literacy",6.48170607746579e-05
2,14115,"P_cell_phone","Cell phone",1.92994830285897e-05
2,14115,"P_internet","Internet",-0.000267141324002296
2,14115,"Current_income","Income",-3.5777389712166e-05
2,14116,"P_age_00_14","Population 0-14",3.57670869561844e-05
2,14116,"P_migrants","Migrants",-0.000439140654634684
2,14116,"P_university_studies","University degree",0.00032260044827126
2,14116,"P_read_write","Literacy",-0.000136038550408557
2,14116,"P_cell_phone","Cell phone",-0.000107567866507452
2,14116,"P_internet","Internet",-0.00211039534769952
2,14116,"Current_income","Income",-0.000135287642478943
2,14117,"P_age_00_14","Population 0-14",-3.27179441228509e-05
2,14117,"P_migrants","Migrants",-0.000154725523316301
2,14117,"P_university_studies","University degree",0.000276143720839173
2,14117,"P_read_write","Literacy",1.97119643416954e-05
2,14117,"P_cell_phone","Cell phone",2.37754829868209e-05
2,14117,"P_internet","Internet",0.000367922679288313
2,14117,"Current_income","Income",-8.43366942717694e-05
2,14118,"P_age_00_14","Population 0-14",-8.73369644978084e-05
2,14118,"P_migrants","Migrants",-0.000262584740994498
2,14118,"P_university_studies","University degree",6.93853653501719e-05
2,14118,"P_read_write","Literacy",-1.91261606232729e-05
2,14118,"P_cell_phone","Cell phone",-2.19400408241199e-05
2,14118,"P_internet","Internet",-0.000911249197088182
2,14118,"Current_income","Income",-0.000131536085973494
2,14120,"P_age_00_14","Population 0-14",-0.000239814515225589
2,14120,"P_migrants","Migrants",6.47576598566957e-05
2,14120,"P_university_studies","University degree",-0.000935122836381197
2,14120,"P_read_write","Literacy",0.000151752261444926
2,14120,"P_cell_phone","Cell phone",-0.000452874432085082
2,14120,"P_internet","Internet",-0.00430344231426716
2,14120,"Current_income","Income",-0.00247631967067719
2,14123,"P_age_00_14","Population 0-14",5.24386778124608e-05
2,14123,"P_migrants","Migrants",-8.10534174888744e-07
2,14123,"P_university_studies","University degree",0.000181929164682515
2,14123,"P_read_write","Literacy",4.2386422137497e-05
2,14123,"P_cell_phone","Cell phone",1.44665600601002e-05
2,14123,"P_internet","Internet",0.000383620848879218
2,14123,"Current_income","Income",-0.000429646635893732
2,14124,"P_age_00_14","Population 0-14",7.48516322346404e-05
2,14124,"P_migrants","Migrants",-7.01959797879681e-05
2,14124,"P_university_studies","University degree",1.35953659992083e-05
2,14124,"P_read_write","Literacy",-7.50421022530645e-05
2,14124,"P_cell_phone","Cell phone",-0.000610109185799956
2,14124,"P_internet","Internet",-0.00108874344732612
2,14124,"Current_income","Income",-0.00047172445920296
2,14125,"P_age_00_14","Population 0-14",0.000300144107313827
2,14125,"P_migrants","Migrants",-7.19619638402946e-05
2,14125,"P_university_studies","University degree",0.000253878912189975
2,14125,"P_read_write","Literacy",3.2717471185606e-05
2,14125,"P_cell_phone","Cell phone",-0.000499287154525518
2,14125,"P_internet","Internet",-0.000886798603460193
2,14125,"Current_income","Income",-0.000380370096536353
2,15001,"P_age_00_14","Population 0-14",0.000170571118360385
2,15001,"P_migrants","Migrants",-1.21561452033347e-05
2,15001,"P_university_studies","University degree",3.16013793053571e-05
2,15001,"P_read_write","Literacy",7.81124545028433e-05
2,15001,"P_cell_phone","Cell phone",0.000235663974308409
2,15001,"P_internet","Internet",0.000898601836524904
2,15001,"Current_income","Income",-8.61567095853388e-05
2,15002,"P_age_00_14","Population 0-14",-0.000206481214263476
2,15002,"P_migrants","Migrants",0.0001305296755163
2,15002,"P_university_studies","University degree",-0.000134947418700904
2,15002,"P_read_write","Literacy",-0.000176720684976317
2,15002,"P_cell_phone","Cell phone",-0.000603312393650413
2,15002,"P_internet","Internet",-0.00143957766704261
2,15002,"Current_income","Income",-0.000333218777086586
2,15003,"P_age_00_14","Population 0-14",8.03496222943068e-05
2,15003,"P_migrants","Migrants",7.06857317709364e-05
2,15003,"P_university_studies","University degree",0.000149442232213914
2,15003,"P_read_write","Literacy",3.95573515561409e-05
2,15003,"P_cell_phone","Cell phone",0.000135288326418959
2,15003,"P_internet","Internet",0.000880059029441327
2,15003,"Current_income","Income",-5.51129523955751e-05
2,15004,"P_age_00_14","Population 0-14",0.000121740078611765
2,15004,"P_migrants","Migrants",-1.02316762422561e-05
2,15004,"P_university_studies","University degree",4.47108504886273e-05
2,15004,"P_read_write","Literacy",7.03631303622387e-05
2,15004,"P_cell_phone","Cell phone",7.35749636078253e-05
2,15004,"P_internet","Internet",0.000671376823447645
2,15004,"Current_income","Income",-1.3546782611229e-05
2,15005,"P_age_00_14","Population 0-14",9.80983968474902e-05
2,15005,"P_migrants","Migrants",0.000130483836983331
2,15005,"P_university_studies","University degree",2.42744281422347e-05
2,15005,"P_read_write","Literacy",-3.41866580129135e-05
2,15005,"P_cell_phone","Cell phone",0.000174230895936489
2,15005,"P_internet","Internet",0.00038741814205423
2,15005,"Current_income","Income",-4.17716291849501e-05
2,15006,"P_age_00_14","Population 0-14",9.91263805190101e-05
2,15006,"P_migrants","Migrants",-1.6544228856219e-05
2,15006,"P_university_studies","University degree",-0.000359873782144859
2,15006,"P_read_write","Literacy",-0.000172524552908726
2,15006,"P_cell_phone","Cell phone",-7.81111702963244e-06
2,15006,"P_internet","Internet",-0.00183508510235697
2,15006,"Current_income","Income",-5.95775527472142e-05
2,15007,"P_age_00_14","Population 0-14",0.000206929602427408
2,15007,"P_migrants","Migrants",5.68533541809302e-05
2,15007,"P_university_studies","University degree",0.000164290613611229
2,15007,"P_read_write","Literacy",8.49844509502873e-05
2,15007,"P_cell_phone","Cell phone",0.000230145000386983
2,15007,"P_internet","Internet",0.00114846508949995
2,15007,"Current_income","Income",0.000291908218059689
2,15008,"P_age_00_14","Population 0-14",8.29596610856242e-05
2,15008,"P_migrants","Migrants",1.71297460838105e-06
2,15008,"P_university_studies","University degree",4.21544864366297e-05
2,15008,"P_read_write","Literacy",9.31781687540933e-05
2,15008,"P_cell_phone","Cell phone",8.07192336651497e-05
2,15008,"P_internet","Internet",0.000890158000402153
2,15008,"Current_income","Income",0.000405901577323675
2,15009,"P_age_00_14","Population 0-14",-9.76332667050883e-05
2,15009,"P_migrants","Migrants",0.000164568336913362
2,15009,"P_university_studies","University degree",-0.000100584598840214
2,15009,"P_read_write","Literacy",-0.000236995314480737
2,15009,"P_cell_phone","Cell phone",6.4358813688159e-05
2,15009,"P_internet","Internet",-0.000931105634663254
2,15009,"Current_income","Income",-0.000144893521792255
2,15010,"P_age_00_14","Population 0-14",2.31968101616076e-06
2,15010,"P_migrants","Migrants",0.00020200754806865
2,15010,"P_university_studies","University degree",1.32333889268921e-05
2,15010,"P_read_write","Literacy",-0.000141832191729918
2,15010,"P_cell_phone","Cell phone",4.14586320403032e-05
2,15010,"P_internet","Internet",-0.000874452467542142
2,15010,"Current_income","Income",-0.000450218736659735
2,15011,"P_age_00_14","Population 0-14",-0.000263840309344232
2,15011,"P_migrants","Migrants",0.000139975541969761
2,15011,"P_university_studies","University degree",1.91946128325071e-05
2,15011,"P_read_write","Literacy",-0.000166609010193497
2,15011,"P_cell_phone","Cell phone",-0.000539009284693748
2,15011,"P_internet","Internet",-0.00108499929774553
2,15011,"Current_income","Income",-8.34180464153178e-05
2,15012,"P_age_00_14","Population 0-14",0.000122213736176491
2,15012,"P_migrants","Migrants",0.000129492371343076
2,15012,"P_university_studies","University degree",-6.16827310295776e-05
2,15012,"P_read_write","Literacy",-0.000150509440572932
2,15012,"P_cell_phone","Cell phone",6.99267766322009e-05
2,15012,"P_internet","Internet",-0.00145290012005717
2,15012,"Current_income","Income",-0.000272578676231205
2,15013,"P_age_00_14","Population 0-14",-0.00101518048904836
2,15013,"P_migrants","Migrants",-2.82827204500791e-05
2,15013,"P_university_studies","University degree",-0.00101409631315619
2,15013,"P_read_write","Literacy",-0.00040440252632834
2,15013,"P_cell_phone","Cell phone",-0.000788995355833322
2,15013,"P_internet","Internet",-0.00440691830590367
2,15013,"Current_income","Income",-0.00208187801763415
2,15014,"P_age_00_14","Population 0-14",0.000135580019559711
2,15014,"P_migrants","Migrants",0.000131058535771444
2,15014,"P_university_studies","University degree",-0.000275108526693657
2,15014,"P_read_write","Literacy",-2.44341972575057e-05
2,15014,"P_cell_phone","Cell phone",6.90009546815418e-05
2,15014,"P_internet","Internet",-0.000815955572761595
2,15014,"Current_income","Income",-0.000407963467296213
2,15015,"P_age_00_14","Population 0-14",4.12856534239836e-05
2,15015,"P_migrants","Migrants",3.47989443980623e-05
2,15015,"P_university_studies","University degree",0.000143098513945006
2,15015,"P_read_write","Literacy",-0.000122527068015188
2,15015,"P_cell_phone","Cell phone",0.000176682660821825
2,15015,"P_internet","Internet",0.0007129090372473
2,15015,"Current_income","Income",-3.05599496641662e-05
2,15016,"P_age_00_14","Population 0-14",-1.63195254572202e-05
2,15016,"P_migrants","Migrants",0.000145227677421644
2,15016,"P_university_studies","University degree",5.72996850678464e-06
2,15016,"P_read_write","Literacy",-0.000123131787404418
2,15016,"P_cell_phone","Cell phone",6.50748479529284e-05
2,15016,"P_internet","Internet",0.000108826985524502
2,15016,"Current_income","Income",-0.000163712131325155
2,15017,"P_age_00_14","Population 0-14",1.49081497511361e-05
2,15017,"P_migrants","Migrants",9.71135959844105e-05
2,15017,"P_university_studies","University degree",-1.83851316251094e-05
2,15017,"P_read_write","Literacy",-0.000209381731110625
2,15017,"P_cell_phone","Cell phone",-0.000244870490860194
2,15017,"P_internet","Internet",-0.000389728316804394
2,15017,"Current_income","Income",-9.18301375349984e-05
2,15018,"P_age_00_14","Population 0-14",3.5335666325409e-05
2,15018,"P_migrants","Migrants",6.27925037406385e-05
2,15018,"P_university_studies","University degree",-0.000977314077317715
2,15018,"P_read_write","Literacy",-0.000173174921656027
2,15018,"P_cell_phone","Cell phone",-0.000618569494690746
2,15018,"P_internet","Internet",-0.00183208950329572
2,15018,"Current_income","Income",-0.000137107868795283
2,15019,"P_age_00_14","Population 0-14",8.93605101737194e-06
2,15019,"P_migrants","Migrants",0.000138242307002656
2,15019,"P_university_studies","University degree",-0.000158936527441256
2,15019,"P_read_write","Literacy",-0.000172173939063214
2,15019,"P_cell_phone","Cell phone",-4.1835261072265e-05
2,15019,"P_internet","Internet",-0.0018485204782337
2,15019,"Current_income","Income",-0.00014786358224228
2,15020,"P_age_00_14","Population 0-14",-0.000870567746460438
2,15020,"P_migrants","Migrants",3.52486422343645e-05
2,15020,"P_university_studies","University degree",-0.00101720984093845
2,15020,"P_read_write","Literacy",0.0010418170131743
2,15020,"P_cell_phone","Cell phone",-0.000722172204405069
2,15020,"P_internet","Internet",-0.00427661882713437
2,15020,"Current_income","Income",-0.00091606960631907
2,15021,"P_age_00_14","Population 0-14",0.000235699888435192
2,15021,"P_migrants","Migrants",-4.14135001847171e-06
2,15021,"P_university_studies","University degree",0.00015618845645804
2,15021,"P_read_write","Literacy",7.18362935003825e-05
2,15021,"P_cell_phone","Cell phone",0.000136689894134179
2,15021,"P_internet","Internet",0.000879090861417353
2,15021,"Current_income","Income",-9.120863978751e-06
2,15022,"P_age_00_14","Population 0-14",-7.66364682931453e-05
2,15022,"P_migrants","Migrants",0.000191718572750688
2,15022,"P_university_studies","University degree",-0.000272890494670719
2,15022,"P_read_write","Literacy",-0.000197336077690125
2,15022,"P_cell_phone","Cell phone",-0.000126311730127782
2,15022,"P_internet","Internet",-0.00144080386962742
2,15022,"Current_income","Income",-0.000140151532832533
2,15023,"P_age_00_14","Population 0-14",8.93249743967317e-05
2,15023,"P_migrants","Migrants",0.000206376847927459
2,15023,"P_university_studies","University degree",-2.50310426963551e-06
2,15023,"P_read_write","Literacy",-0.000151024825754575
2,15023,"P_cell_phone","Cell phone",-0.000230087229283527
2,15023,"P_internet","Internet",-0.00096007896354422
2,15023,"Current_income","Income",-9.36298529268242e-05
2,15024,"P_age_00_14","Population 0-14",-0.000412658497225493
2,15024,"P_migrants","Migrants",8.54269674164243e-05
2,15024,"P_university_studies","University degree",-0.000824284157715738
2,15024,"P_read_write","Literacy",0.000199400892597623
2,15024,"P_cell_phone","Cell phone",-0.000431786203989759
2,15024,"P_internet","Internet",-0.0038180856499821
2,15024,"Current_income","Income",-0.000770705926697701
2,15025,"P_age_00_14","Population 0-14",5.56175982637797e-05
2,15025,"P_migrants","Migrants",0.000104619532066863
2,15025,"P_university_studies","University degree",-0.000155693691340275
2,15025,"P_read_write","Literacy",-0.000155936679220758
2,15025,"P_cell_phone","Cell phone",-0.000314227072522044
2,15025,"P_internet","Internet",-0.00192093581426889
2,15025,"Current_income","Income",-0.000354074843926355
2,15026,"P_age_00_14","Population 0-14",0.000113624555524439
2,15026,"P_migrants","Migrants",0.000124848214909434
2,15026,"P_university_studies","University degree",0.000139299780130386
2,15026,"P_read_write","Literacy",6.85221966705285e-05
2,15026,"P_cell_phone","Cell phone",6.4690837461967e-05
2,15026,"P_internet","Internet",0.000768657366279513
2,15026,"Current_income","Income",-1.39987887450843e-05
2,15027,"P_age_00_14","Population 0-14",6.53517199680209e-05
2,15027,"P_migrants","Migrants",0.000207324221264571
2,15027,"P_university_studies","University degree",-0.000406233128160238
2,15027,"P_read_write","Literacy",-0.00025433988776058
2,15027,"P_cell_phone","Cell phone",-0.000644186337012798
2,15027,"P_internet","Internet",-0.00220227940008044
2,15027,"Current_income","Income",-6.06695684837177e-05
2,15028,"P_age_00_14","Population 0-14",-5.10780591866933e-05
2,15028,"P_migrants","Migrants",0.000141233162139542
2,15028,"P_university_studies","University degree",-9.8265110864304e-05
2,15028,"P_read_write","Literacy",-0.000199470276129432
2,15028,"P_cell_phone","Cell phone",-1.75202876562253e-05
2,15028,"P_internet","Internet",-0.000962369958870113
2,15028,"Current_income","Income",-2.51690871664323e-05
2,15029,"P_age_00_14","Population 0-14",-6.07100482739042e-05
2,15029,"P_migrants","Migrants",0.000132193381432444
2,15029,"P_university_studies","University degree",-0.000246147275902331
2,15029,"P_read_write","Literacy",-0.00023699548910372
2,15029,"P_cell_phone","Cell phone",-0.00066118617542088
2,15029,"P_internet","Internet",-0.00225004786625504
2,15029,"Current_income","Income",2.04186540031515e-06
2,15030,"P_age_00_14","Population 0-14",1.36605613079155e-05
2,15030,"P_migrants","Migrants",0.000206978656933643
2,15030,"P_university_studies","University degree",-1.51221647683997e-05
2,15030,"P_read_write","Literacy",-0.000193411091458984
2,15030,"P_cell_phone","Cell phone",-0.000256112864008173
2,15030,"P_internet","Internet",-0.00109459122177213
2,15030,"Current_income","Income",-0.000443227181676775
2,15031,"P_age_00_14","Population 0-14",7.36192523618229e-05
2,15031,"P_migrants","Migrants",9.79439791990444e-05
2,15031,"P_university_studies","University degree",0.000142551172757521
2,15031,"P_read_write","Literacy",-0.00017673333059065
2,15031,"P_cell_phone","Cell phone",-7.05761631252244e-05
2,15031,"P_internet","Internet",-0.00150054600089788
2,15031,"Current_income","Income",-7.17244838597253e-05
2,15032,"P_age_00_14","Population 0-14",0.000280556356301531
2,15032,"P_migrants","Migrants",8.20863351691514e-05
2,15032,"P_university_studies","University degree",0.000206384618650191
2,15032,"P_read_write","Literacy",0.000109488450107165
2,15032,"P_cell_phone","Cell phone",0.000258671439951286
2,15032,"P_internet","Internet",0.00124821451026946
2,15032,"Current_income","Income",0.000426485203206539
2,15033,"P_age_00_14","Population 0-14",-0.000456107052741572
2,15033,"P_migrants","Migrants",9.06089117052034e-05
2,15033,"P_university_studies","University degree",-0.000475536857265979
2,15033,"P_read_write","Literacy",-0.000309147813823074
2,15033,"P_cell_phone","Cell phone",-0.000338831974659115
2,15033,"P_internet","Internet",-0.00250471499748528
2,15033,"Current_income","Income",-0.000746348756365478
2,15034,"P_age_00_14","Population 0-14",0.000227119599003345
2,15034,"P_migrants","Migrants",7.94965235400014e-05
2,15034,"P_university_studies","University degree",0.000160765048349276
2,15034,"P_read_write","Literacy",-0.000114323578600306
2,15034,"P_cell_phone","Cell phone",0.00015122871263884
2,15034,"P_internet","Internet",0.000776876404415816
2,15034,"Current_income","Income",0.000116328883450478
2,15035,"P_age_00_14","Population 0-14",0.000191587678273208
2,15035,"P_migrants","Migrants",0.000154247842147015
2,15035,"P_university_studies","University degree",-6.77646021358669e-05
2,15035,"P_read_write","Literacy",0.000195642627659254
2,15035,"P_cell_phone","Cell phone",-0.000126660146634094
2,15035,"P_internet","Internet",-0.00140297960024327
2,15035,"Current_income","Income",-0.000355913856765255
2,15036,"P_age_00_14","Population 0-14",3.54784606315661e-05
2,15036,"P_migrants","Migrants",0.000106769279227592
2,15036,"P_university_studies","University degree",0.00014273336273618
2,15036,"P_read_write","Literacy",-4.91395439894404e-05
2,15036,"P_cell_phone","Cell phone",7.28496597730555e-05
2,15036,"P_internet","Internet",0.000512695172801614
2,15036,"Current_income","Income",-6.66414125589654e-05
2,15037,"P_age_00_14","Population 0-14",-0.000495107320602983
2,15037,"P_migrants","Migrants",-0.000875023833941668
2,15037,"P_university_studies","University degree",-0.00143146223854274
2,15037,"P_read_write","Literacy",-0.000449251354439184
2,15037,"P_cell_phone","Cell phone",-0.00078260904410854
2,15037,"P_internet","Internet",-0.00363939045928419
2,15037,"Current_income","Income",-0.00266382028348744
2,15038,"P_age_00_14","Population 0-14",8.81189480423927e-05
2,15038,"P_migrants","Migrants",0.000120787117339205
2,15038,"P_university_studies","University degree",3.04653858620441e-05
2,15038,"P_read_write","Literacy",-7.59952599764802e-05
2,15038,"P_cell_phone","Cell phone",7.51659827074036e-05
2,15038,"P_internet","Internet",-0.000385196675779298
2,15038,"Current_income","Income",-8.91693052835763e-05
2,15039,"P_age_00_14","Population 0-14",-0.000110128828964662
2,15039,"P_migrants","Migrants",0.000125193517305888
2,15039,"P_university_studies","University degree",-0.000165393154020421
2,15039,"P_read_write","Literacy",-0.000244262482738122
2,15039,"P_cell_phone","Cell phone",-0.000652349961455911
2,15039,"P_internet","Internet",-0.00224246876314282
2,15039,"Current_income","Income",-0.000324350985465571
2,15040,"P_age_00_14","Population 0-14",0.000122203360660933
2,15040,"P_migrants","Migrants",-5.61298793400056e-06
2,15040,"P_university_studies","University degree",-8.68225106387399e-05
2,15040,"P_read_write","Literacy",-1.52580751091591e-05
2,15040,"P_cell_phone","Cell phone",-0.000290310883428901
2,15040,"P_internet","Internet",-0.00100157514680177
2,15040,"Current_income","Income",-4.66747114842292e-05
2,15041,"P_age_00_14","Population 0-14",0.000269465934252366
2,15041,"P_migrants","Migrants",2.16305602407374e-06
2,15041,"P_university_studies","University degree",0.000211322490940802
2,15041,"P_read_write","Literacy",9.74015711108223e-05
2,15041,"P_cell_phone","Cell phone",0.000262357323663309
2,15041,"P_internet","Internet",0.00124936574138701
2,15041,"Current_income","Income",0.00057710480177775
2,15042,"P_age_00_14","Population 0-14",5.76242709939834e-05
2,15042,"P_migrants","Migrants",0.000124517973745242
2,15042,"P_university_studies","University degree",2.0931322069373e-05
2,15042,"P_read_write","Literacy",4.65291595901363e-05
2,15042,"P_cell_phone","Cell phone",5.05052739754319e-05
2,15042,"P_internet","Internet",0.000356454896973446
2,15042,"Current_income","Income",-8.71643424034119e-05
2,15043,"P_age_00_14","Population 0-14",0.000161911288159899
2,15043,"P_migrants","Migrants",0.000180147704668343
2,15043,"P_university_studies","University degree",1.42093767863116e-05
2,15043,"P_read_write","Literacy",-0.000166600249940529
2,15043,"P_cell_phone","Cell phone",0.000204145209863782
2,15043,"P_internet","Internet",0.000218939865590073
2,15043,"Current_income","Income",-7.36938018235378e-05
2,15044,"P_age_00_14","Population 0-14",-0.000119514465040993
2,15044,"P_migrants","Migrants",0.000234139050007798
2,15044,"P_university_studies","University degree",-0.000139812647830695
2,15044,"P_read_write","Literacy",0.000177330875885673
2,15044,"P_cell_phone","Cell phone",-0.000218431130633689
2,15044,"P_internet","Internet",-0.00216784561052918
2,15044,"Current_income","Income",-0.000472554675070569
2,15045,"P_age_00_14","Population 0-14",9.2743484856328e-06
2,15045,"P_migrants","Migrants",5.32310114067513e-05
2,15045,"P_university_studies","University degree",2.76820046565263e-05
2,15045,"P_read_write","Literacy",-0.000114222282718401
2,15045,"P_cell_phone","Cell phone",5.86043279326987e-05
2,15045,"P_internet","Internet",0.000385565537726507
2,15045,"Current_income","Income",-0.00041366697405465
2,15046,"P_age_00_14","Population 0-14",6.75906039759866e-06
2,15046,"P_migrants","Migrants",0.000129684558487497
2,15046,"P_university_studies","University degree",8.70109374773165e-07
2,15046,"P_read_write","Literacy",-0.000132623361423612
2,15046,"P_cell_phone","Cell phone",-2.40443142729418e-07
2,15046,"P_internet","Internet",-0.000992009532637894
2,15046,"Current_income","Income",-7.82500064815395e-05
2,15047,"P_age_00_14","Population 0-14",0.000155230154632591
2,15047,"P_migrants","Migrants",6.02962172706611e-05
2,15047,"P_university_studies","University degree",0.000152297172462568
2,15047,"P_read_write","Literacy",7.56023509893566e-05
2,15047,"P_cell_phone","Cell phone",0.000236042193137109
2,15047,"P_internet","Internet",0.00115125568117946
2,15047,"Current_income","Income",7.09061059751548e-05
2,15048,"P_age_00_14","Population 0-14",4.16918628616259e-05
2,15048,"P_migrants","Migrants",9.26751163206063e-05
2,15048,"P_university_studies","University degree",-0.000112120949779637
2,15048,"P_read_write","Literacy",-0.000127219143905677
2,15048,"P_cell_phone","Cell phone",7.84192598075606e-05
2,15048,"P_internet","Internet",0.000230588586418889
2,15048,"Current_income","Income",-0.00014739646576345
2,15049,"P_age_00_14","Population 0-14",0.000143389232107438
2,15049,"P_migrants","Migrants",-4.90938964503584e-06
2,15049,"P_university_studies","University degree",0.000131726963445544
2,15049,"P_read_write","Literacy",-3.94162634620443e-05
2,15049,"P_cell_phone","Cell phone",0.000182714444235899
2,15049,"P_internet","Internet",-0.000172965417732485
2,15049,"Current_income","Income",9.91055130725726e-05
2,15050,"P_age_00_14","Population 0-14",7.0996829890646e-05
2,15050,"P_migrants","Migrants",0.000138681818498299
2,15050,"P_university_studies","University degree",3.12156407744624e-05
2,15050,"P_read_write","Literacy",-0.000140355623443611
2,15050,"P_cell_phone","Cell phone",6.50041693006642e-05
2,15050,"P_internet","Internet",0.000372052745660767
2,15050,"Current_income","Income",-5.42846901225857e-05
2,15051,"P_age_00_14","Population 0-14",-2.8426311473595e-06
2,15051,"P_migrants","Migrants",5.07123259012587e-05
2,15051,"P_university_studies","University degree",-0.000413386354921386
2,15051,"P_read_write","Literacy",-0.000187902987818234
2,15051,"P_cell_phone","Cell phone",-0.00028240995015949
2,15051,"P_internet","Internet",-0.00154832738917321
2,15051,"Current_income","Income",-2.65834933088627e-05
2,15052,"P_age_00_14","Population 0-14",7.14612251613289e-05
2,15052,"P_migrants","Migrants",-3.49434121744707e-05
2,15052,"P_university_studies","University degree",0.000151444168295711
2,15052,"P_read_write","Literacy",4.30973814218305e-05
2,15052,"P_cell_phone","Cell phone",0.000224752526264638
2,15052,"P_internet","Internet",0.000651959329843521
2,15052,"Current_income","Income",-2.60772412730148e-05
2,15053,"P_age_00_14","Population 0-14",-1.1874821211677e-05
2,15053,"P_migrants","Migrants",9.02074607438408e-05
2,15053,"P_university_studies","University degree",-0.000149501851410605
2,15053,"P_read_write","Literacy",-0.000198089619516395
2,15053,"P_cell_phone","Cell phone",-0.000545720220543444
2,15053,"P_internet","Internet",-0.00186750246211886
2,15053,"Current_income","Income",-0.000403240614105016
2,15054,"P_age_00_14","Population 0-14",-0.000989947002381086
2,15054,"P_migrants","Migrants",3.48790963471401e-05
2,15054,"P_university_studies","University degree",-0.00134812097530812
2,15054,"P_read_write","Literacy",7.58566748118028e-05
2,15054,"P_cell_phone","Cell phone",-0.000746228964999318
2,15054,"P_internet","Internet",-0.00434810528531671
2,15054,"Current_income","Income",-0.00200189603492618
2,15055,"P_age_00_14","Population 0-14",1.1221578461118e-05
2,15055,"P_migrants","Migrants",0.000165467878105119
2,15055,"P_university_studies","University degree",-0.000288626266410574
2,15055,"P_read_write","Literacy",-0.000188939142390154
2,15055,"P_cell_phone","Cell phone",-6.47447377559729e-05
2,15055,"P_internet","Internet",-0.00184065802022815
2,15055,"Current_income","Income",-0.000611189461778849
2,15056,"P_age_00_14","Population 0-14",0.000161165968165733
2,15056,"P_migrants","Migrants",5.82655302423518e-05
2,15056,"P_university_studies","University degree",0.000142464195960201
2,15056,"P_read_write","Literacy",8.33428493933752e-05
2,15056,"P_cell_phone","Cell phone",0.000229424011195078
2,15056,"P_internet","Internet",0.00113841926213354
2,15056,"Current_income","Income",-2.84872785414336e-05
2,15057,"P_age_00_14","Population 0-14",-0.00102391978725791
2,15057,"P_migrants","Migrants",-9.03675481822575e-06
2,15057,"P_university_studies","University degree",-0.00108509359415621
2,15057,"P_read_write","Literacy",-0.000387895794119686
2,15057,"P_cell_phone","Cell phone",-0.000737450027372688
2,15057,"P_internet","Internet",-0.00329258549027145
2,15057,"Current_income","Income",-0.00246879435144365
2,15058,"P_age_00_14","Population 0-14",-0.000887212925590575
2,15058,"P_migrants","Migrants",7.61487390263937e-05
2,15058,"P_university_studies","University degree",-0.000674990005791187
2,15058,"P_read_write","Literacy",-0.000321726343827322
2,15058,"P_cell_phone","Cell phone",-0.000338652811478823
2,15058,"P_internet","Internet",-0.0033892213832587
2,15058,"Current_income","Income",-0.00052139483159408
2,15059,"P_age_00_14","Population 0-14",0.00014093131176196
2,15059,"P_migrants","Migrants",0.000125584469060414
2,15059,"P_university_studies","University degree",-0.000144741003168747
2,15059,"P_read_write","Literacy",-0.000259087275480852
2,15059,"P_cell_phone","Cell phone",-0.000631305447313935
2,15059,"P_internet","Internet",-0.00130600249394774
2,15059,"Current_income","Income",-5.69345684198197e-05
2,15060,"P_age_00_14","Population 0-14",-8.58963685459457e-05
2,15060,"P_migrants","Migrants",0.000151863467181101
2,15060,"P_university_studies","University degree",-0.000144511024700478
2,15060,"P_read_write","Literacy",-0.000163026823429391
2,15060,"P_cell_phone","Cell phone",-0.000537747691851109
2,15060,"P_internet","Internet",-0.00187805923633277
2,15060,"Current_income","Income",-0.000329980917740613
2,15061,"P_age_00_14","Population 0-14",-8.49200660013594e-06
2,15061,"P_migrants","Migrants",0.000152034874190576
2,15061,"P_university_studies","University degree",1.93277155631222e-05
2,15061,"P_read_write","Literacy",-0.000165512334206142
2,15061,"P_cell_phone","Cell phone",5.6265685998369e-05
2,15061,"P_internet","Internet",-0.000416670663980767
2,15061,"Current_income","Income",-0.000298043945804238
2,15062,"P_age_00_14","Population 0-14",-7.1638947702013e-05
2,15062,"P_migrants","Migrants",6.49719077046029e-05
2,15062,"P_university_studies","University degree",-0.000360788370016962
2,15062,"P_read_write","Literacy",-0.000144078134326264
2,15062,"P_cell_phone","Cell phone",-0.000301067339023575
2,15062,"P_internet","Internet",-0.0018400251865387
2,15062,"Current_income","Income",-0.000394324626540765
2,15063,"P_age_00_14","Population 0-14",0.000177890673512593
2,15063,"P_migrants","Migrants",-4.87586112285499e-06
2,15063,"P_university_studies","University degree",0.000153037093696184
2,15063,"P_read_write","Literacy",5.29447015651385e-06
2,15063,"P_cell_phone","Cell phone",0.000198275331058539
2,15063,"P_internet","Internet",0.000643381092231721
2,15063,"Current_income","Income",0.000299551233183593
2,15064,"P_age_00_14","Population 0-14",0.000121568868053146
2,15064,"P_migrants","Migrants",7.72833300288767e-05
2,15064,"P_university_studies","University degree",0.000150603867950849
2,15064,"P_read_write","Literacy",3.8865578972036e-05
2,15064,"P_cell_phone","Cell phone",0.000139901749207638
2,15064,"P_internet","Internet",0.000111421526526101
2,15064,"Current_income","Income",0.000297140650218353
2,15065,"P_age_00_14","Population 0-14",1.08976360024826e-06
2,15065,"P_migrants","Migrants",9.0237139374949e-05
2,15065,"P_university_studies","University degree",2.40496319747763e-05
2,15065,"P_read_write","Literacy",-0.000163424614584073
2,15065,"P_cell_phone","Cell phone",-9.21875544008799e-05
2,15065,"P_internet","Internet",-1.99601963686291e-05
2,15065,"Current_income","Income",-0.000358415185473859
2,15066,"P_age_00_14","Population 0-14",0.000155749017721973
2,15066,"P_migrants","Migrants",1.2414643606462e-06
2,15066,"P_university_studies","University degree",0.000170672225067392
2,15066,"P_read_write","Literacy",8.41892178868875e-05
2,15066,"P_cell_phone","Cell phone",0.000248541444307193
2,15066,"P_internet","Internet",0.00123704900033772
2,15066,"Current_income","Income",0.000429873849498108
2,15067,"P_age_00_14","Population 0-14",7.14218986104243e-05
2,15067,"P_migrants","Migrants",0.000130033717141487
2,15067,"P_university_studies","University degree",1.12204297693097e-05
2,15067,"P_read_write","Literacy",-4.90890161017887e-05
2,15067,"P_cell_phone","Cell phone",6.18346894043498e-05
2,15067,"P_internet","Internet",-2.0605906684068e-05
2,15067,"Current_income","Income",8.44477108330466e-05
2,15068,"P_age_00_14","Population 0-14",5.17776970809791e-05
2,15068,"P_migrants","Migrants",5.09578421770129e-05
2,15068,"P_university_studies","University degree",1.73117423400981e-05
2,15068,"P_read_write","Literacy",-0.000165648190886714
2,15068,"P_cell_phone","Cell phone",6.97756768204272e-05
2,15068,"P_internet","Internet",0.000227271419134922
2,15068,"Current_income","Income",-7.56807712605223e-05
2,15069,"P_age_00_14","Population 0-14",-4.87577235617209e-05
2,15069,"P_migrants","Migrants",0.000139825511723757
2,15069,"P_university_studies","University degree",-0.000480281247291714
2,15069,"P_read_write","Literacy",-0.00016650500765536
2,15069,"P_cell_phone","Cell phone",-0.000254397047683597
2,15069,"P_internet","Internet",-0.00230069714598358
2,15069,"Current_income","Income",0.000341534847393632
2,15070,"P_age_00_14","Population 0-14",-1.16545461423812e-05
2,15070,"P_migrants","Migrants",0.000123148085549474
2,15070,"P_university_studies","University degree",-5.65928930882365e-05
2,15070,"P_read_write","Literacy",-0.000170235463883728
2,15070,"P_cell_phone","Cell phone",-0.000319120154017583
2,15070,"P_internet","Internet",-0.00194009649567306
2,15070,"Current_income","Income",-0.000431739230407402
2,15071,"P_age_00_14","Population 0-14",2.80715357803274e-05
2,15071,"P_migrants","Migrants",0.000112899993837345
2,15071,"P_university_studies","University degree",3.40314327331726e-05
2,15071,"P_read_write","Literacy",-0.000107416453829501
2,15071,"P_cell_phone","Cell phone",6.80044395267032e-05
2,15071,"P_internet","Internet",0.00038909210707061
2,15071,"Current_income","Income",-0.000165433375514112
2,15072,"P_age_00_14","Population 0-14",4.24476238549687e-05
2,15072,"P_migrants","Migrants",0.000117144016257953
2,15072,"P_university_studies","University degree",-0.000181822484591976
2,15072,"P_read_write","Literacy",-0.000176584973814897
2,15072,"P_cell_phone","Cell phone",5.63810717721935e-05
2,15072,"P_internet","Internet",-0.00149826100096107
2,15072,"Current_income","Income",-0.000114042573841289
2,15073,"P_age_00_14","Population 0-14",0.000123456455185078
2,15073,"P_migrants","Migrants",0.000142962773679756
2,15073,"P_university_studies","University degree",-0.000762640440370888
2,15073,"P_read_write","Literacy",-0.000266651128185913
2,15073,"P_cell_phone","Cell phone",-0.000579978572204709
2,15073,"P_internet","Internet",-0.00227366364561021
2,15073,"Current_income","Income",-0.000224313247599639
2,15074,"P_age_00_14","Population 0-14",0.000191643091966398
2,15074,"P_migrants","Migrants",0.000119660260679666
2,15074,"P_university_studies","University degree",0.00014998167171143
2,15074,"P_read_write","Literacy",9.85241931630298e-05
2,15074,"P_cell_phone","Cell phone",0.000184517513844185
2,15074,"P_internet","Internet",0.00109002203680575
2,15074,"Current_income","Income",0.000276865350315347
2,15075,"P_age_00_14","Population 0-14",-9.38455268624239e-05
2,15075,"P_migrants","Migrants",0.000152562788571231
2,15075,"P_university_studies","University degree",-8.44362875795923e-05
2,15075,"P_read_write","Literacy",-0.000162866723258048
2,15075,"P_cell_phone","Cell phone",-0.000286374910501763
2,15075,"P_internet","Internet",-0.000959208759013563
2,15075,"Current_income","Income",-0.000254692829912528
2,15076,"P_age_00_14","Population 0-14",-2.21444788621739e-05
2,15076,"P_migrants","Migrants",3.45016160281375e-05
2,15076,"P_university_studies","University degree",-0.0004019160696771
2,15076,"P_read_write","Literacy",-0.00024686788674444
2,15076,"P_cell_phone","Cell phone",-0.000621670566033572
2,15076,"P_internet","Internet",-0.00188824359793216
2,15076,"Current_income","Income",-0.000423333636717871
2,15077,"P_age_00_14","Population 0-14",0.000168288737768307
2,15077,"P_migrants","Migrants",-7.22426011634525e-06
2,15077,"P_university_studies","University degree",1.61382449732628e-05
2,15077,"P_read_write","Literacy",7.90480407886207e-05
2,15077,"P_cell_phone","Cell phone",7.0323163527064e-05
2,15077,"P_internet","Internet",0.00060797791229561
2,15077,"Current_income","Income",0.00029263726901263
2,15078,"P_age_00_14","Population 0-14",0.000222940201638266
2,15078,"P_migrants","Migrants",6.90899905748665e-05
2,15078,"P_university_studies","University degree",0.000144280536915176
2,15078,"P_read_write","Literacy",6.87928186380304e-05
2,15078,"P_cell_phone","Cell phone",0.000249104399699718
2,15078,"P_internet","Internet",0.000809038174338639
2,15078,"Current_income","Income",0.00039469703915529
2,15079,"P_age_00_14","Population 0-14",3.32971758325584e-05
2,15079,"P_migrants","Migrants",-4.6450051740976e-05
2,15079,"P_university_studies","University degree",1.01559153335984e-05
2,15079,"P_read_write","Literacy",-0.000161384145030752
2,15079,"P_cell_phone","Cell phone",-3.61367747245822e-05
2,15079,"P_internet","Internet",0.000668166729155928
2,15079,"Current_income","Income",-5.19149507454131e-05
2,15080,"P_age_00_14","Population 0-14",0.000182677758857608
2,15080,"P_migrants","Migrants",-8.91312265594024e-06
2,15080,"P_university_studies","University degree",9.80883851298131e-05
2,15080,"P_read_write","Literacy",0.000106048122688662
2,15080,"P_cell_phone","Cell phone",0.000228796721785329
2,15080,"P_internet","Internet",0.00116079626604915
2,15080,"Current_income","Income",0.000397947325836867
2,15081,"P_age_00_14","Population 0-14",-7.35632929718122e-05
2,15081,"P_migrants","Migrants",4.90507918584626e-05
2,15081,"P_university_studies","University degree",-0.000855481659527868
2,15081,"P_read_write","Literacy",5.74840778426733e-05
2,15081,"P_cell_phone","Cell phone",-0.000549360003788024
2,15081,"P_internet","Internet",-0.00255701155401766
2,15081,"Current_income","Income",-0.000616213656030595
2,15082,"P_age_00_14","Population 0-14",0.000207311590202153
2,15082,"P_migrants","Migrants",-1.096976120607e-06
2,15082,"P_university_studies","University degree",-0.000101916477433406
2,15082,"P_read_write","Literacy",8.41769069666043e-05
2,15082,"P_cell_phone","Cell phone",4.57403693872038e-05
2,15082,"P_internet","Internet",0.000377024320187047
2,15082,"Current_income","Income",8.41306682559662e-05
2,15083,"P_age_00_14","Population 0-14",0.000106528335891198
2,15083,"P_migrants","Migrants",0.000135180947836488
2,15083,"P_university_studies","University degree",-1.00815341284033e-05
2,15083,"P_read_write","Literacy",-0.000175272973137908
2,15083,"P_cell_phone","Cell phone",-0.000258797605056316
2,15083,"P_internet","Internet",-0.000974245020188391
2,15083,"Current_income","Income",-7.94787119957618e-05
2,15084,"P_age_00_14","Population 0-14",5.833311661263e-05
2,15084,"P_migrants","Migrants",0.000121214594400954
2,15084,"P_university_studies","University degree",1.56601727212546e-05
2,15084,"P_read_write","Literacy",-0.000153813569340855
2,15084,"P_cell_phone","Cell phone",-5.2423776651267e-05
2,15084,"P_internet","Internet",0.000376248324755579
2,15084,"Current_income","Income",-9.99280928226653e-06
2,15085,"P_age_00_14","Population 0-14",7.5451323937159e-05
2,15085,"P_migrants","Migrants",-1.65472956723534e-05
2,15085,"P_university_studies","University degree",2.64881982730003e-05
2,15085,"P_read_write","Literacy",7.91571292211302e-05
2,15085,"P_cell_phone","Cell phone",0.00019836422870867
2,15085,"P_internet","Internet",0.000362793944077566
2,15085,"Current_income","Income",-6.17989499005489e-05
2,15086,"P_age_00_14","Population 0-14",0.000190272330655716
2,15086,"P_migrants","Migrants",-1.05875997178373e-05
2,15086,"P_university_studies","University degree",0.000152330379933119
2,15086,"P_read_write","Literacy",7.06837454345077e-05
2,15086,"P_cell_phone","Cell phone",0.000232284655794501
2,15086,"P_internet","Internet",0.000867103517521173
2,15086,"Current_income","Income",0.000302214582916349
2,15087,"P_age_00_14","Population 0-14",0.00019102924852632
2,15087,"P_migrants","Migrants",0.000108605643617921
2,15087,"P_university_studies","University degree",1.03739403130021e-05
2,15087,"P_read_write","Literacy",-1.61790667334571e-05
2,15087,"P_cell_phone","Cell phone",0.000169034901773557
2,15087,"P_internet","Internet",0.000354660500306636
2,15087,"Current_income","Income",0.000273631187155843
2,15088,"P_age_00_14","Population 0-14",0.000105776438431349
2,15088,"P_migrants","Migrants",4.71834682684857e-05
2,15088,"P_university_studies","University degree",-9.8257114586886e-05
2,15088,"P_read_write","Literacy",-8.20772402221337e-05
2,15088,"P_cell_phone","Cell phone",0.000140703428769484
2,15088,"P_internet","Internet",-0.000940699828788638
2,15088,"Current_income","Income",-3.65694249921944e-05
2,15089,"P_age_00_14","Population 0-14",2.76746377494419e-05
2,15089,"P_migrants","Migrants",0.00018933585670311
2,15089,"P_university_studies","University degree",-5.8043013268616e-05
2,15089,"P_read_write","Literacy",-0.000150475781993009
2,15089,"P_cell_phone","Cell phone",-0.000579969200771302
2,15089,"P_internet","Internet",-0.000894219207111746
2,15089,"Current_income","Income",-4.05283681175206e-05
2,15090,"P_age_00_14","Population 0-14",0.00011348124826327
2,15090,"P_migrants","Migrants",7.94586012489162e-05
2,15090,"P_university_studies","University degree",9.24563937587664e-06
2,15090,"P_read_write","Literacy",-4.1072336898651e-05
2,15090,"P_cell_phone","Cell phone",0.000154522247612476
2,15090,"P_internet","Internet",-0.000184318530955352
2,15090,"Current_income","Income",9.39442941216839e-07
2,15091,"P_age_00_14","Population 0-14",3.33512907673139e-05
2,15091,"P_migrants","Migrants",0.000155862464453094
2,15091,"P_university_studies","University degree",8.15054931990744e-07
2,15091,"P_read_write","Literacy",-0.000172866522916593
2,15091,"P_cell_phone","Cell phone",-7.15020214556716e-05
2,15091,"P_internet","Internet",-0.00140997208654881
2,15091,"Current_income","Income",-0.000426578830229118
2,15092,"P_age_00_14","Population 0-14",-0.000113368791062385
2,15092,"P_migrants","Migrants",0.000102027130196802
2,15092,"P_university_studies","University degree",-0.000119613505376037
2,15092,"P_read_write","Literacy",-0.00014354515587911
2,15092,"P_cell_phone","Cell phone",-0.000589974923059344
2,15092,"P_internet","Internet",-0.00112461240496486
2,15092,"Current_income","Income",-0.00048010642058216
2,15093,"P_age_00_14","Population 0-14",3.22152445733082e-05
2,15093,"P_migrants","Migrants",9.96658200165257e-05
2,15093,"P_university_studies","University degree",1.09182610685821e-05
2,15093,"P_read_write","Literacy",-0.00015628153050784
2,15093,"P_cell_phone","Cell phone",-9.62285321293166e-06
2,15093,"P_internet","Internet",-0.000856331898830831
2,15093,"Current_income","Income",-0.000449140323325992
2,15094,"P_age_00_14","Population 0-14",2.80919794022338e-05
2,15094,"P_migrants","Migrants",6.70550361974165e-05
2,15094,"P_university_studies","University degree",1.62215128511889e-05
2,15094,"P_read_write","Literacy",-0.000155827670823783
2,15094,"P_cell_phone","Cell phone",2.29560209845658e-05
2,15094,"P_internet","Internet",0.000374130700947717
2,15094,"Current_income","Income",-4.98195840918925e-05
2,15095,"P_age_00_14","Population 0-14",-0.000105572995380498
2,15095,"P_migrants","Migrants",9.09819500520825e-05
2,15095,"P_university_studies","University degree",-4.72085375804454e-05
2,15095,"P_read_write","Literacy",-0.00013050039706286
2,15095,"P_cell_phone","Cell phone",-0.000588101102039218
2,15095,"P_internet","Internet",-0.00141495582647622
2,15095,"Current_income","Income",-0.000956455885898322
2,15096,"P_age_00_14","Population 0-14",-3.22821288136765e-05
2,15096,"P_migrants","Migrants",0.000160673793288879
2,15096,"P_university_studies","University degree",1.95493121282198e-05
2,15096,"P_read_write","Literacy",-0.000143848010338843
2,15096,"P_cell_phone","Cell phone",-0.000218099419726059
2,15096,"P_internet","Internet",-0.000407898565754294
2,15096,"Current_income","Income",-0.000163622040417977
2,15097,"P_age_00_14","Population 0-14",0.000205673204618506
2,15097,"P_migrants","Migrants",-8.92750085768057e-06
2,15097,"P_university_studies","University degree",2.02907685888931e-05
2,15097,"P_read_write","Literacy",3.56598720827606e-05
2,15097,"P_cell_phone","Cell phone",0.000180830887984484
2,15097,"P_internet","Internet",0.000795619678683579
2,15097,"Current_income","Income",-6.67345375404693e-06
2,15098,"P_age_00_14","Population 0-14",3.25936962326523e-05
2,15098,"P_migrants","Migrants",0.000194578606169671
2,15098,"P_university_studies","University degree",-1.55716952576768e-05
2,15098,"P_read_write","Literacy",-0.000171511230291799
2,15098,"P_cell_phone","Cell phone",-2.57650917774299e-05
2,15098,"P_internet","Internet",-0.00144161225762218
2,15098,"Current_income","Income",3.15978904836811e-05
2,15099,"P_age_00_14","Population 0-14",-0.000240594963543117
2,15099,"P_migrants","Migrants",3.80358505935874e-05
2,15099,"P_university_studies","University degree",-0.000379826291464269
2,15099,"P_read_write","Literacy",-0.000249152246396989
2,15099,"P_cell_phone","Cell phone",-0.000552386685740203
2,15099,"P_internet","Internet",-0.00182630529161543
2,15099,"Current_income","Income",-0.00061603297945112
2,15100,"P_age_00_14","Population 0-14",-1.19715032269596e-05
2,15100,"P_migrants","Migrants",0.000166000434546731
2,15100,"P_university_studies","University degree",1.45285730468458e-05
2,15100,"P_read_write","Literacy",-0.000183511525392532
2,15100,"P_cell_phone","Cell phone",-0.000607897702138871
2,15100,"P_internet","Internet",-0.000982247060164809
2,15100,"Current_income","Income",0.000143581622978672
2,15101,"P_age_00_14","Population 0-14",8.50865835673176e-05
2,15101,"P_migrants","Migrants",0.000129686028230935
2,15101,"P_university_studies","University degree",-8.51031218189746e-05
2,15101,"P_read_write","Literacy",-0.000156938272994012
2,15101,"P_cell_phone","Cell phone",0.000137745460961014
2,15101,"P_internet","Internet",-0.000959057593718171
2,15101,"Current_income","Income",-0.000149855928611942
2,15102,"P_age_00_14","Population 0-14",-1.10238233901327e-05
2,15102,"P_migrants","Migrants",3.37783822033089e-05
2,15102,"P_university_studies","University degree",3.09085335175041e-05
2,15102,"P_read_write","Literacy",-7.082957381499e-06
2,15102,"P_cell_phone","Cell phone",8.60245054354891e-05
2,15102,"P_internet","Internet",0.000667366257403046
2,15102,"Current_income","Income",-0.000134711124701425
2,15103,"P_age_00_14","Population 0-14",-0.000160935203894041
2,15103,"P_migrants","Migrants",0.000274264108156785
2,15103,"P_university_studies","University degree",-0.000297367048915476
2,15103,"P_read_write","Literacy",-0.000148683175211772
2,15103,"P_cell_phone","Cell phone",-0.00017717266746331
2,15103,"P_internet","Internet",-0.00146698264870793
2,15103,"Current_income","Income",-0.000386222935048863
2,15104,"P_age_00_14","Population 0-14",-0.00084697938291356
2,15104,"P_migrants","Migrants",4.68026919406839e-05
2,15104,"P_university_studies","University degree",-0.000838505977299064
2,15104,"P_read_write","Literacy",-0.000357412645826116
2,15104,"P_cell_phone","Cell phone",-0.000729970226529986
2,15104,"P_internet","Internet",-0.00365330139175057
2,15104,"Current_income","Income",-0.00262350426055491
2,15105,"P_age_00_14","Population 0-14",0.000114060676423833
2,15105,"P_migrants","Migrants",4.44348643213743e-06
2,15105,"P_university_studies","University degree",4.04942948080134e-05
2,15105,"P_read_write","Literacy",9.62990889092907e-05
2,15105,"P_cell_phone","Cell phone",0.000148975639604032
2,15105,"P_internet","Internet",0.00126033998094499
2,15105,"Current_income","Income",0.000409296102588996
2,15106,"P_age_00_14","Population 0-14",-0.000104084829217754
2,15106,"P_migrants","Migrants",7.98034452600405e-05
2,15106,"P_university_studies","University degree",-0.000794001272879541
2,15106,"P_read_write","Literacy",-0.000132440822198987
2,15106,"P_cell_phone","Cell phone",-0.000561050663236529
2,15106,"P_internet","Internet",-0.00216341530904174
2,15106,"Current_income","Income",-0.00104403460863978
2,15107,"P_age_00_14","Population 0-14",-5.7935671065934e-05
2,15107,"P_migrants","Migrants",-8.18874832475558e-06
2,15107,"P_university_studies","University degree",-5.40340897714486e-06
2,15107,"P_read_write","Literacy",-8.47891205921769e-05
2,15107,"P_cell_phone","Cell phone",-0.000284328794805333
2,15107,"P_internet","Internet",-0.00112048687878996
2,15107,"Current_income","Income",-7.16382419341244e-05
2,15108,"P_age_00_14","Population 0-14",-0.000100983197626192
2,15108,"P_migrants","Migrants",0.000163399658049457
2,15108,"P_university_studies","University degree",-0.000545644201338291
2,15108,"P_read_write","Literacy",-0.000262986693996936
2,15108,"P_cell_phone","Cell phone",-0.000671252724714577
2,15108,"P_internet","Internet",-0.0032309906091541
2,15108,"Current_income","Income",-0.000486906559672207
2,15109,"P_age_00_14","Population 0-14",-0.000382019759854302
2,15109,"P_migrants","Migrants",9.62882331805304e-05
2,15109,"P_university_studies","University degree",-0.000419557880377397
2,15109,"P_read_write","Literacy",-0.000269359210506082
2,15109,"P_cell_phone","Cell phone",-0.00066572951618582
2,15109,"P_internet","Internet",-0.0032464258838445
2,15109,"Current_income","Income",-0.000828200776595622
2,15110,"P_age_00_14","Population 0-14",-3.87451073038392e-05
2,15110,"P_migrants","Migrants",-0.000127876861370169
2,15110,"P_university_studies","University degree",-0.000292787182843313
2,15110,"P_read_write","Literacy",-3.44456202583387e-05
2,15110,"P_cell_phone","Cell phone",4.21422482759226e-05
2,15110,"P_internet","Internet",-0.00097818800713867
2,15110,"Current_income","Income",-0.00025716342497617
2,15111,"P_age_00_14","Population 0-14",0.000218176559428684
2,15111,"P_migrants","Migrants",0.00011717138113454
2,15111,"P_university_studies","University degree",0.000229059340199456
2,15111,"P_read_write","Literacy",9.38405355555005e-05
2,15111,"P_cell_phone","Cell phone",0.00023229383805301
2,15111,"P_internet","Internet",0.00122162397019565
2,15111,"Current_income","Income",0.000412276072893292
2,15112,"P_age_00_14","Population 0-14",0.000162816606462002
2,15112,"P_migrants","Migrants",0.000115812799776904
2,15112,"P_university_studies","University degree",0.000130032407469116
2,15112,"P_read_write","Literacy",7.09254018147476e-05
2,15112,"P_cell_phone","Cell phone",0.000216654370888136
2,15112,"P_internet","Internet",0.000779730267822742
2,15112,"Current_income","Income",-2.00344675249653e-05
2,15113,"P_age_00_14","Population 0-14",0.000215664054849185
2,15113,"P_migrants","Migrants",-1.54666777234524e-05
2,15113,"P_university_studies","University degree",0.000154497858602554
2,15113,"P_read_write","Literacy",4.06216749979649e-05
2,15113,"P_cell_phone","Cell phone",0.000135379712446593
2,15113,"P_internet","Internet",0.000721239950507879
2,15113,"Current_income","Income",8.07055039331317e-05
2,15114,"P_age_00_14","Population 0-14",0.000207373130251653
2,15114,"P_migrants","Migrants",0.000115818154881708
2,15114,"P_university_studies","University degree",0.000237350090174004
2,15114,"P_read_write","Literacy",0.000102607882581651
2,15114,"P_cell_phone","Cell phone",0.000233795493841171
2,15114,"P_internet","Internet",0.00122844753786922
2,15114,"Current_income","Income",8.56954284245148e-05
2,15115,"P_age_00_14","Population 0-14",3.98262091039214e-05
2,15115,"P_migrants","Migrants",0.000145293437526561
2,15115,"P_university_studies","University degree",-0.000126109705888666
2,15115,"P_read_write","Literacy",-0.000168099155416712
2,15115,"P_cell_phone","Cell phone",-3.07846785290167e-05
2,15115,"P_internet","Internet",-0.00109814433380961
2,15115,"Current_income","Income",-8.28390548122115e-05
2,15116,"P_age_00_14","Population 0-14",0.000335691584041342
2,15116,"P_migrants","Migrants",-5.74271070945542e-05
2,15116,"P_university_studies","University degree",7.94878724263981e-06
2,15116,"P_read_write","Literacy",8.22999572847039e-05
2,15116,"P_cell_phone","Cell phone",6.72900205245242e-05
2,15116,"P_internet","Internet",0.000379885255824775
2,15116,"Current_income","Income",-1.05788899418258e-07
2,15117,"P_age_00_14","Population 0-14",0.000126071681734174
2,15117,"P_migrants","Migrants",-1.29149348140345e-05
2,15117,"P_university_studies","University degree",0.000146981270518154
2,15117,"P_read_write","Literacy",7.95711821410805e-05
2,15117,"P_cell_phone","Cell phone",0.000211767852306366
2,15117,"P_internet","Internet",0.000762322568334639
2,15117,"Current_income","Income",7.84315561759286e-05
2,15118,"P_age_00_14","Population 0-14",0.000105526531115174
2,15118,"P_migrants","Migrants",0.000182798132300377
2,15118,"P_university_studies","University degree",-0.000324524968164042
2,15118,"P_read_write","Literacy",-0.000170410654391162
2,15118,"P_cell_phone","Cell phone",4.46412341261748e-05
2,15118,"P_internet","Internet",-0.00136577838566154
2,15118,"Current_income","Income",-0.00049559015315026
2,15119,"P_age_00_14","Population 0-14",0.000181217823410407
2,15119,"P_migrants","Migrants",-1.17863482955727e-05
2,15119,"P_university_studies","University degree",0.000155932561028749
2,15119,"P_read_write","Literacy",9.72538837231696e-05
2,15119,"P_cell_phone","Cell phone",0.000248418800765648
2,15119,"P_internet","Internet",0.00122934707906097
2,15119,"Current_income","Income",0.000291645817924291
2,15120,"P_age_00_14","Population 0-14",0.000110759494418744
2,15120,"P_migrants","Migrants",0.000178592774318531
2,15120,"P_university_studies","University degree",-4.8933598009171e-05
2,15120,"P_read_write","Literacy",-0.000217280234210193
2,15120,"P_cell_phone","Cell phone",-0.00060657731955871
2,15120,"P_internet","Internet",-0.00141154753509909
2,15120,"Current_income","Income",-0.000283547909930348
2,15121,"P_age_00_14","Population 0-14",-0.000932578928768635
2,15121,"P_migrants","Migrants",3.74368755728938e-05
2,15121,"P_university_studies","University degree",-0.000951078254729509
2,15121,"P_read_write","Literacy",0.000110307038994506
2,15121,"P_cell_phone","Cell phone",-0.000713459390681237
2,15121,"P_internet","Internet",-0.00418990524485707
2,15121,"Current_income","Income",-0.00210698903538287
2,15122,"P_age_00_14","Population 0-14",5.06869801029097e-05
2,15122,"P_migrants","Migrants",8.76934427651577e-05
2,15122,"P_university_studies","University degree",-1.6805579434731e-05
2,15122,"P_read_write","Literacy",-0.000195693501154892
2,15122,"P_cell_phone","Cell phone",-0.000274304649792612
2,15122,"P_internet","Internet",-0.00192435318604112
2,15122,"Current_income","Income",-3.15724209940527e-05
2,15123,"P_age_00_14","Population 0-14",0.000196632579900324
2,15123,"P_migrants","Migrants",-1.59257197083207e-05
2,15123,"P_university_studies","University degree",2.94650926662143e-05
2,15123,"P_read_write","Literacy",9.16296412469819e-05
2,15123,"P_cell_phone","Cell phone",0.000145931902807206
2,15123,"P_internet","Internet",0.000787217170000076
2,15123,"Current_income","Income",0.000401026161853224
2,15124,"P_age_00_14","Population 0-14",0.000290575932012871
2,15124,"P_migrants","Migrants",0.000135716123622842
2,15124,"P_university_studies","University degree",0.000249392818659544
2,15124,"P_read_write","Literacy",0.000110687324195169
2,15124,"P_cell_phone","Cell phone",0.000260222383076325
2,15124,"P_internet","Internet",0.00123063614591956
2,15124,"Current_income","Income",0.000534898310434073
2,15125,"P_age_00_14","Population 0-14",8.67185444803908e-05
2,15125,"P_migrants","Migrants",0.000156254551257007
2,15125,"P_university_studies","University degree",-0.000345297274179757
2,15125,"P_read_write","Literacy",-0.000239776825765148
2,15125,"P_cell_phone","Cell phone",-0.000307960901409388
2,15125,"P_internet","Internet",-0.00193920347373933
2,15125,"Current_income","Income",-1.23229792734492e-05
2,16003,"P_age_00_14","Population 0-14",0.000105341503513046
2,16003,"P_migrants","Migrants",7.5910461418971e-06
2,16003,"P_university_studies","University degree",0.000161270232638344
2,16003,"P_read_write","Literacy",7.79505862738006e-05
2,16003,"P_cell_phone","Cell phone",-0.000188683217857033
2,16003,"P_internet","Internet",0.000650919508188963
2,16003,"Current_income","Income",-0.000395850365748629
2,16005,"P_age_00_14","Population 0-14",0.000157595568452962
2,16005,"P_migrants","Migrants",3.84464765375014e-05
2,16005,"P_university_studies","University degree",0.000127291452372447
2,16005,"P_read_write","Literacy",3.7141715438338e-05
2,16005,"P_cell_phone","Cell phone",0.000160988915013149
2,16005,"P_internet","Internet",0.000848967174533755
2,16005,"Current_income","Income",-1.76088942680508e-05
2,16007,"P_age_00_14","Population 0-14",0.000139164520078339
2,16007,"P_migrants","Migrants",1.22957544590463e-05
2,16007,"P_university_studies","University degree",0.000173848515260033
2,16007,"P_read_write","Literacy",7.71534032537602e-05
2,16007,"P_cell_phone","Cell phone",8.18264306872152e-05
2,16007,"P_internet","Internet",0.000793687417171896
2,16007,"Current_income","Income",-0.000134759800857864
2,16013,"P_age_00_14","Population 0-14",0.000187181663932279
2,16013,"P_migrants","Migrants",1.53006089931296e-06
2,16013,"P_university_studies","University degree",0.000178255897480994
2,16013,"P_read_write","Literacy",0.000108932486909907
2,16013,"P_cell_phone","Cell phone",0.000226197997108102
2,16013,"P_internet","Internet",0.000873495533596724
2,16013,"Current_income","Income",0.000421565870055929
2,16017,"P_age_00_14","Population 0-14",0.000205306292627938
2,16017,"P_migrants","Migrants",-1.9759363567573e-05
2,16017,"P_university_studies","University degree",0.000195717075257562
2,16017,"P_read_write","Literacy",8.25378519948572e-05
2,16017,"P_cell_phone","Cell phone",6.23172163614072e-05
2,16017,"P_internet","Internet",0.00112059735693038
2,16017,"Current_income","Income",-4.7407804231625e-05
2,16018,"P_age_00_14","Population 0-14",2.27613090828527e-05
2,16018,"P_migrants","Migrants",7.42914653528715e-06
2,16018,"P_university_studies","University degree",0.00021443865261972
2,16018,"P_read_write","Literacy",6.11053983448073e-05
2,16018,"P_cell_phone","Cell phone",-2.61942823271966e-05
2,16018,"P_internet","Internet",0.000636222015600652
2,16018,"Current_income","Income",-7.41675421522814e-06
2,16020,"P_age_00_14","Population 0-14",4.01953620894346e-05
2,16020,"P_migrants","Migrants",-1.92558818525868e-05
2,16020,"P_university_studies","University degree",0.000155503643327393
2,16020,"P_read_write","Literacy",8.19090710137971e-05
2,16020,"P_cell_phone","Cell phone",0.000120494391012471
2,16020,"P_internet","Internet",0.000380452926037833
2,16020,"Current_income","Income",-2.44885086431168e-05
2,16022,"P_age_00_14","Population 0-14",-3.67765387636609e-05
2,16022,"P_migrants","Migrants",-5.05981688547763e-06
2,16022,"P_university_studies","University degree",0.00018455930694472
2,16022,"P_read_write","Literacy",5.1511095080059e-05
2,16022,"P_cell_phone","Cell phone",-0.00010121470404556
2,16022,"P_internet","Internet",0.000208934070542455
2,16022,"Current_income","Income",-3.80672718165442e-05
2,16031,"P_age_00_14","Population 0-14",0.000163801916642115
2,16031,"P_migrants","Migrants",-2.93726188829169e-05
2,16031,"P_university_studies","University degree",0.000180072485818528
2,16031,"P_read_write","Literacy",8.04616283858195e-05
2,16031,"P_cell_phone","Cell phone",0.000182457806658931
2,16031,"P_internet","Internet",0.00117694563232362
2,16031,"Current_income","Income",-6.02036607233458e-06
2,16034,"P_age_00_14","Population 0-14",0.000111199158709496
2,16034,"P_migrants","Migrants",-1.56531228867607e-07
2,16034,"P_university_studies","University degree",2.8513013603515e-05
2,16034,"P_read_write","Literacy",5.82772263442166e-05
2,16034,"P_cell_phone","Cell phone",-2.79732867056737e-05
2,16034,"P_internet","Internet",0.000288995332084596
2,16034,"Current_income","Income",-0.000166931611602195
2,16038,"P_age_00_14","Population 0-14",4.08455671276897e-05
2,16038,"P_migrants","Migrants",-8.71862139320001e-05
2,16038,"P_university_studies","University degree",-7.52868945710361e-05
2,16038,"P_read_write","Literacy",8.41448854771443e-05
2,16038,"P_cell_phone","Cell phone",0.00019118029740639
2,16038,"P_internet","Internet",0.000247141433646902
2,16038,"Current_income","Income",-0.000173261258169077
2,16040,"P_age_00_14","Population 0-14",5.03282608406153e-05
2,16040,"P_migrants","Migrants",-1.85048411367461e-05
2,16040,"P_university_studies","University degree",0.000174939574208111
2,16040,"P_read_write","Literacy",8.19974156911485e-05
2,16040,"P_cell_phone","Cell phone",0.000142205666634254
2,16040,"P_internet","Internet",0.00060435279738158
2,16040,"Current_income","Income",-6.6214612161275e-05
2,16041,"P_age_00_14","Population 0-14",0.000107314714114182
2,16041,"P_migrants","Migrants",3.18729030368559e-06
2,16041,"P_university_studies","University degree",0.00017245342314709
2,16041,"P_read_write","Literacy",7.03263867762871e-05
2,16041,"P_cell_phone","Cell phone",1.80739698407706e-05
2,16041,"P_internet","Internet",0.000359081197530031
2,16041,"Current_income","Income",-1.11469644252793e-05
2,16046,"P_age_00_14","Population 0-14",0.00016723177395761
2,16046,"P_migrants","Migrants",-3.38106583512854e-05
2,16046,"P_university_studies","University degree",0.000157041256898083
2,16046,"P_read_write","Literacy",8.68713832460344e-05
2,16046,"P_cell_phone","Cell phone",1.5488938515773e-05
2,16046,"P_internet","Internet",0.000882625230588019
2,16046,"Current_income","Income",-0.000151834421558306
2,16047,"P_age_00_14","Population 0-14",0.000243979942752048
2,16047,"P_migrants","Migrants",-3.13081545755267e-05
2,16047,"P_university_studies","University degree",0.000176782836206257
2,16047,"P_read_write","Literacy",6.64709368720651e-05
2,16047,"P_cell_phone","Cell phone",0.000143348413985223
2,16047,"P_internet","Internet",0.000601606094278395
2,16047,"Current_income","Income",-6.79576842230745e-05
2,16049,"P_age_00_14","Population 0-14",0.000216476415516809
2,16049,"P_migrants","Migrants",-1.45199737744406e-05
2,16049,"P_university_studies","University degree",0.000213714403798804
2,16049,"P_read_write","Literacy",9.75541479419917e-05
2,16049,"P_cell_phone","Cell phone",0.000181023016921245
2,16049,"P_internet","Internet",0.00113099615555257
2,16049,"Current_income","Income",0.00029346244991757
2,16050,"P_age_00_14","Population 0-14",0.000174849206814542
2,16050,"P_migrants","Migrants",-5.6324520301132e-06
2,16050,"P_university_studies","University degree",2.09338068088982e-05
2,16050,"P_read_write","Literacy",6.42881932435557e-05
2,16050,"P_cell_phone","Cell phone",6.61977974232286e-05
2,16050,"P_internet","Internet",0.000369783054338768
2,16050,"Current_income","Income",-5.35013023181818e-05
2,16057,"P_age_00_14","Population 0-14",0.000108118576463312
2,16057,"P_migrants","Migrants",-4.79187074233778e-05
2,16057,"P_university_studies","University degree",0.000170489714946598
2,16057,"P_read_write","Literacy",0.00010589216981316
2,16057,"P_cell_phone","Cell phone",0.000222059403313324
2,16057,"P_internet","Internet",0.0012002510484308
2,16057,"Current_income","Income",0.000307617970975116
2,16061,"P_age_00_14","Population 0-14",0.000188797595910728
2,16061,"P_migrants","Migrants",6.5123378590215e-05
2,16061,"P_university_studies","University degree",0.000208019017009065
2,16061,"P_read_write","Literacy",7.71949999034405e-05
2,16061,"P_cell_phone","Cell phone",6.39685240457766e-05
2,16061,"P_internet","Internet",0.00121983699500561
2,16061,"Current_income","Income",8.24825110612437e-05
2,16072,"P_age_00_14","Population 0-14",2.73510268016253e-05
2,16072,"P_migrants","Migrants",8.29357850307133e-06
2,16072,"P_university_studies","University degree",0.000144981808261946
2,16072,"P_read_write","Literacy",5.68160612601787e-05
2,16072,"P_cell_phone","Cell phone",0.000139325333293527
2,16072,"P_internet","Internet",0.000346515880664811
2,16072,"Current_income","Income",-0.000296778773190454
2,16077,"P_age_00_14","Population 0-14",2.25065432459814e-05
2,16077,"P_migrants","Migrants",-2.48553460551193e-05
2,16077,"P_university_studies","University degree",0.00010416020086268
2,16077,"P_read_write","Literacy",8.93945398274809e-05
2,16077,"P_cell_phone","Cell phone",0.000185559183591977
2,16077,"P_internet","Internet",0.000651695008855313
2,16077,"Current_income","Income",9.07798748812638e-05
2,16078,"P_age_00_14","Population 0-14",-0.00014631258090958
2,16078,"P_migrants","Migrants",-7.24618575986824e-06
2,16078,"P_university_studies","University degree",0.000169781284057535
2,16078,"P_read_write","Literacy",7.17816292308271e-05
2,16078,"P_cell_phone","Cell phone",0.000173099993844517
2,16078,"P_internet","Internet",6.33940217085183e-05
2,16078,"Current_income","Income",-0.00015150431136135
2,16080,"P_age_00_14","Population 0-14",0.000217578242882155
2,16080,"P_migrants","Migrants",-2.39594137383392e-05
2,16080,"P_university_studies","University degree",0.000170159648405388
2,16080,"P_read_write","Literacy",9.13833064259961e-05
2,16080,"P_cell_phone","Cell phone",1.77590591192711e-05
2,16080,"P_internet","Internet",0.000884163600858301
2,16080,"Current_income","Income",-7.60041848479887e-06
2,16081,"P_age_00_14","Population 0-14",0.000206900338525884
2,16081,"P_migrants","Migrants",-1.13853357106564e-05
2,16081,"P_university_studies","University degree",0.000192168750800192
2,16081,"P_read_write","Literacy",9.14868942345493e-05
2,16081,"P_cell_phone","Cell phone",0.000254780141403899
2,16081,"P_internet","Internet",0.00123384699691087
2,16081,"Current_income","Income",0.000540278211701661
2,16088,"P_age_00_14","Population 0-14",0.000150649473653175
2,16088,"P_migrants","Migrants",1.25516157822858e-06
2,16088,"P_university_studies","University degree",-0.000333286385284737
2,16088,"P_read_write","Literacy",-0.000140243457281031
2,16088,"P_cell_phone","Cell phone",-0.000483743700897321
2,16088,"P_internet","Internet",-0.00177061278373003
2,16088,"Current_income","Income",-8.80431107361801e-05
2,16092,"P_age_00_14","Population 0-14",0.000180412142071873
2,16092,"P_migrants","Migrants",-4.90415477543138e-05
2,16092,"P_university_studies","University degree",0.000167113554198295
2,16092,"P_read_write","Literacy",9.69085158430971e-05
2,16092,"P_cell_phone","Cell phone",0.000180237169843167
2,16092,"P_internet","Internet",0.00122811936307698
2,16092,"Current_income","Income",0.000285012909444049
2,16093,"P_age_00_14","Population 0-14",0.000171222287463024
2,16093,"P_migrants","Migrants",-2.0573081656039e-06
2,16093,"P_university_studies","University degree",0.00014562692376785
2,16093,"P_read_write","Literacy",6.62042293697596e-05
2,16093,"P_cell_phone","Cell phone",0.000216774002183229
2,16093,"P_internet","Internet",0.000722949742339551
2,16093,"Current_income","Income",-0.000167070247698575
2,16098,"P_age_00_14","Population 0-14",7.34834247850813e-05
2,16098,"P_migrants","Migrants",-3.17295525746886e-05
2,16098,"P_university_studies","University degree",3.50413429259788e-05
2,16098,"P_read_write","Literacy",4.27694685640745e-05
2,16098,"P_cell_phone","Cell phone",8.96659184945747e-05
2,16098,"P_internet","Internet",0.000384947255952284
2,16098,"Current_income","Income",-5.77552855247632e-05
2,16099,"P_age_00_14","Population 0-14",0.000137912749778479
2,16099,"P_migrants","Migrants",-0.000104910301160999
2,16099,"P_university_studies","University degree",0.000187772515346296
2,16099,"P_read_write","Literacy",9.25382119021378e-05
2,16099,"P_cell_phone","Cell phone",0.000231530502787791
2,16099,"P_internet","Internet",0.00115129677578807
2,16099,"Current_income","Income",8.95900739124045e-05
2,16101,"P_age_00_14","Population 0-14",0.000167300953762606
2,16101,"P_migrants","Migrants",2.69552720055799e-06
2,16101,"P_university_studies","University degree",0.000189668091479689
2,16101,"P_read_write","Literacy",0.000112644498585723
2,16101,"P_cell_phone","Cell phone",0.000151942265802063
2,16101,"P_internet","Internet",0.00121979997493327
2,16101,"Current_income","Income",-6.05719878876698e-06
2,16110,"P_age_00_14","Population 0-14",5.10051395394839e-05
2,16110,"P_migrants","Migrants",-2.69824104179861e-05
2,16110,"P_university_studies","University degree",0.000154694469529204
2,16110,"P_read_write","Literacy",6.99844604241662e-05
2,16110,"P_cell_phone","Cell phone",6.7346656578593e-05
2,16110,"P_internet","Internet",0.000390140252420679
2,16110,"Current_income","Income",-0.000371010508388281
2,16112,"P_age_00_14","Population 0-14",0.000108012805867475
2,16112,"P_migrants","Migrants",1.40155279950704e-05
2,16112,"P_university_studies","University degree",-0.000118265677883755
2,16112,"P_read_write","Literacy",3.22405649058055e-05
2,16112,"P_cell_phone","Cell phone",6.98153744451702e-05
2,16112,"P_internet","Internet",-0.000829300843179226
2,16112,"Current_income","Income",-0.000169604652910493
2,17001,"P_age_00_14","Population 0-14",3.67625179933384e-05
2,17001,"P_migrants","Migrants",1.26908503261802e-06
2,17001,"P_university_studies","University degree",2.24174982577097e-05
2,17001,"P_read_write","Literacy",5.55006699869409e-05
2,17001,"P_cell_phone","Cell phone",0.000136085101985373
2,17001,"P_internet","Internet",-0.00088553928071633
2,17001,"Current_income","Income",0.000117464805953205
2,17002,"P_age_00_14","Population 0-14",-0.000384654966183007
2,17002,"P_migrants","Migrants",-0.000105939820059575
2,17002,"P_university_studies","University degree",-0.000525659823324531
2,17002,"P_read_write","Literacy",-0.000174655913724564
2,17002,"P_cell_phone","Cell phone",-0.000655702082440257
2,17002,"P_internet","Internet",-0.00103352300357074
2,17002,"Current_income","Income",-0.000526095973327756
2,17003,"P_age_00_14","Population 0-14",7.85682932473719e-05
2,17003,"P_migrants","Migrants",4.22002722189063e-06
2,17003,"P_university_studies","University degree",1.87193836609367e-05
2,17003,"P_read_write","Literacy",8.06849056971259e-05
2,17003,"P_cell_phone","Cell phone",2.34356684813974e-05
2,17003,"P_internet","Internet",0.000133373236167245
2,17003,"Current_income","Income",0.00010385020141257
2,17004,"P_age_00_14","Population 0-14",4.36355439887848e-05
2,17004,"P_migrants","Migrants",-1.17952561140555e-06
2,17004,"P_university_studies","University degree",2.08182041205873e-06
2,17004,"P_read_write","Literacy",4.21861004724633e-05
2,17004,"P_cell_phone","Cell phone",-0.000117473835416604
2,17004,"P_internet","Internet",-0.00088565523037687
2,17004,"Current_income","Income",0.000106286715890747
2,17005,"P_age_00_14","Population 0-14",-0.000104321967228316
2,17005,"P_migrants","Migrants",-3.3120064472314e-05
2,17005,"P_university_studies","University degree",0.000176625049789436
2,17005,"P_read_write","Literacy",6.66330452077091e-05
2,17005,"P_cell_phone","Cell phone",0.000234820909099653
2,17005,"P_internet","Internet",0.000360301462933421
2,17005,"Current_income","Income",-1.57309602855094e-06
2,17006,"P_age_00_14","Population 0-14",-0.000236908832448535
2,17006,"P_migrants","Migrants",-7.5641342846211e-05
2,17006,"P_university_studies","University degree",-0.000426251557655632
2,17006,"P_read_write","Literacy",-0.000128184576169588
2,17006,"P_cell_phone","Cell phone",-0.000678516051266342
2,17006,"P_internet","Internet",-0.00215907068923116
2,17006,"Current_income","Income",-0.000273336801910773
2,17007,"P_age_00_14","Population 0-14",-0.0010850909166038
2,17007,"P_migrants","Migrants",-2.65414382738527e-05
2,17007,"P_university_studies","University degree",-0.00143330497667193
2,17007,"P_read_write","Literacy",-0.000379084434825927
2,17007,"P_cell_phone","Cell phone",-0.000792012782767415
2,17007,"P_internet","Internet",-0.00444936333224177
2,17007,"Current_income","Income",-0.000799374538473785
2,17008,"P_age_00_14","Population 0-14",-0.000106968487671111
2,17008,"P_migrants","Migrants",-6.69772271066904e-05
2,17008,"P_university_studies","University degree",-0.00045408820733428
2,17008,"P_read_write","Literacy",-0.000150794890942052
2,17008,"P_cell_phone","Cell phone",-0.000720453099347651
2,17008,"P_internet","Internet",-0.00218730000779033
2,17008,"Current_income","Income",-0.000699507945682853
2,17009,"P_age_00_14","Population 0-14",7.74117052060319e-06
2,17009,"P_migrants","Migrants",5.82204893362359e-06
2,17009,"P_university_studies","University degree",-0.000111546178231947
2,17009,"P_read_write","Literacy",-0.000154767025378533
2,17009,"P_cell_phone","Cell phone",-0.000227548647671938
2,17009,"P_internet","Internet",-0.00109810405410826
2,17009,"Current_income","Income",0.0003387653559912
2,17010,"P_age_00_14","Population 0-14",1.16032670121058e-05
2,17010,"P_migrants","Migrants",-2.00787690118887e-05
2,17010,"P_university_studies","University degree",-1.97836470761104e-06
2,17010,"P_read_write","Literacy",-8.59600768308155e-05
2,17010,"P_cell_phone","Cell phone",-2.46455761043762e-06
2,17010,"P_internet","Internet",-0.000523647642694414
2,17010,"Current_income","Income",0.000425956153776497
2,17011,"P_age_00_14","Population 0-14",-0.000342852872563526
2,17011,"P_migrants","Migrants",-6.82593235978857e-05
2,17011,"P_university_studies","University degree",-0.000624938460532576
2,17011,"P_read_write","Literacy",-0.000163818636792712
2,17011,"P_cell_phone","Cell phone",-0.000669787230435759
2,17011,"P_internet","Internet",-0.00331642711535096
2,17011,"Current_income","Income",-0.00052772049093619
2,17012,"P_age_00_14","Population 0-14",-0.0002056193043245
2,17012,"P_migrants","Migrants",-3.31307637679856e-05
2,17012,"P_university_studies","University degree",-0.000401151599362493
2,17012,"P_read_write","Literacy",-9.03485488379374e-05
2,17012,"P_cell_phone","Cell phone",-0.000260928209172562
2,17012,"P_internet","Internet",-0.00178370473440737
2,17012,"Current_income","Income",-1.07034920802107e-05
2,17013,"P_age_00_14","Population 0-14",-7.4859635788016e-05
2,17013,"P_migrants","Migrants",-1.04125119833043e-05
2,17013,"P_university_studies","University degree",-9.81583070824854e-05
2,17013,"P_read_write","Literacy",-1.31984834297327e-05
2,17013,"P_cell_phone","Cell phone",-3.74489427485969e-05
2,17013,"P_internet","Internet",6.0925664001843e-05
2,17013,"Current_income","Income",0.000101818230177741
2,17014,"P_age_00_14","Population 0-14",-7.53460408304818e-05
2,17014,"P_migrants","Migrants",-2.76008813671069e-05
2,17014,"P_university_studies","University degree",-9.75883158389479e-05
2,17014,"P_read_write","Literacy",-1.84345444722567e-05
2,17014,"P_cell_phone","Cell phone",0.000135267851874232
2,17014,"P_internet","Internet",-0.00111184979323298
2,17014,"Current_income","Income",0.000114889669930562
2,17015,"P_age_00_14","Population 0-14",-4.79159643873572e-05
2,17015,"P_migrants","Migrants",-1.38755440275418e-05
2,17015,"P_university_studies","University degree",2.49512540904107e-05
2,17015,"P_read_write","Literacy",3.21327170240693e-05
2,17015,"P_cell_phone","Cell phone",0.000139742565806955
2,17015,"P_internet","Internet",-0.00126674619968981
2,17015,"Current_income","Income",0.00032239340362139
2,17016,"P_age_00_14","Population 0-14",5.1381066441536e-05
2,17016,"P_migrants","Migrants",-2.43498780037044e-05
2,17016,"P_university_studies","University degree",0.000151764063048176
2,17016,"P_read_write","Literacy",-3.83974038413726e-05
2,17016,"P_cell_phone","Cell phone",0.000118137977551669
2,17016,"P_internet","Internet",0.000351083755958825
2,17016,"Current_income","Income",0.000392489484511316
2,17017,"P_age_00_14","Population 0-14",-6.69781729811803e-05
2,17017,"P_migrants","Migrants",1.8445382011123e-05
2,17017,"P_university_studies","University degree",-9.77556046564132e-05
2,17017,"P_read_write","Literacy",-3.8420394048444e-06
2,17017,"P_cell_phone","Cell phone",7.90930571383797e-05
2,17017,"P_internet","Internet",-0.00130608177278191
2,17017,"Current_income","Income",2.38218490267172e-05
2,17018,"P_age_00_14","Population 0-14",-8.6616950284224e-05
2,17018,"P_migrants","Migrants",-4.86484605062287e-05
2,17018,"P_university_studies","University degree",-0.000188614081707783
2,17018,"P_read_write","Literacy",-7.02176766935736e-05
2,17018,"P_cell_phone","Cell phone",-0.00063642265740782
2,17018,"P_internet","Internet",-0.00146745587699115
2,17018,"Current_income","Income",-2.72245324595133e-05
2,17019,"P_age_00_14","Population 0-14",-1.04140117400675e-05
2,17019,"P_migrants","Migrants",6.5570911829127e-06
2,17019,"P_university_studies","University degree",2.8770415156032e-05
2,17019,"P_read_write","Literacy",8.11777717899531e-05
2,17019,"P_cell_phone","Cell phone",4.95365857204888e-05
2,17019,"P_internet","Internet",0.000365491316188127
2,17019,"Current_income","Income",0.000285908114165068
2,17020,"P_age_00_14","Population 0-14",-0.000114769667561632
2,17020,"P_migrants","Migrants",-0.000105501116195228
2,17020,"P_university_studies","University degree",-0.000341819802997634
2,17020,"P_read_write","Literacy",-0.000145088764838874
2,17020,"P_cell_phone","Cell phone",-0.00025067976093851
2,17020,"P_internet","Internet",-0.002093335846439
2,17020,"Current_income","Income",-5.41193730896339e-05
2,17021,"P_age_00_14","Population 0-14",-9.93693902273662e-05
2,17021,"P_migrants","Migrants",-3.1874151318334e-05
2,17021,"P_university_studies","University degree",-1.562929355714e-05
2,17021,"P_read_write","Literacy",-3.19203536491841e-05
2,17021,"P_cell_phone","Cell phone",8.20351706352085e-05
2,17021,"P_internet","Internet",-0.000271955272182822
2,17021,"Current_income","Income",-4.9648474487185e-06
2,17022,"P_age_00_14","Population 0-14",0.000129623294924386
2,17022,"P_migrants","Migrants",-1.14701315396815e-05
2,17022,"P_university_studies","University degree",0.000133766807266511
2,17022,"P_read_write","Literacy",-0.000123153571621515
2,17022,"P_cell_phone","Cell phone",6.04499437031336e-05
2,17022,"P_internet","Internet",0.000355652853613719
2,17022,"Current_income","Income",0.000401126337237656
2,17023,"P_age_00_14","Population 0-14",8.64637404447421e-05
2,17023,"P_migrants","Migrants",0.000119307151180692
2,17023,"P_university_studies","University degree",0.000154878594912589
2,17023,"P_read_write","Literacy",-0.000123090649140067
2,17023,"P_cell_phone","Cell phone",6.56635020277463e-05
2,17023,"P_internet","Internet",0.000608579895924777
2,17023,"Current_income","Income",0.00041670908103697
2,17024,"P_age_00_14","Population 0-14",-7.81147755333222e-05
2,17024,"P_migrants","Migrants",-1.644050644245e-05
2,17024,"P_university_studies","University degree",3.66245240002172e-06
2,17024,"P_read_write","Literacy",-2.15913969441317e-05
2,17024,"P_cell_phone","Cell phone",-4.15686590713449e-05
2,17024,"P_internet","Internet",-0.00142455648165196
2,17024,"Current_income","Income",-4.27269624196924e-05
2,17025,"P_age_00_14","Population 0-14",-0.000183024894795381
2,17025,"P_migrants","Migrants",-4.61160125269089e-05
2,17025,"P_university_studies","University degree",-0.000114624897832982
2,17025,"P_read_write","Literacy",-1.52923403220484e-05
2,17025,"P_cell_phone","Cell phone",0.000169784732861444
2,17025,"P_internet","Internet",-0.0011089367326349
2,17025,"Current_income","Income",0.000110167165985331
2,17026,"P_age_00_14","Population 0-14",-2.41131037910236e-05
2,17026,"P_migrants","Migrants",1.23288782560849e-05
2,17026,"P_university_studies","University degree",-8.83427856024355e-05
2,17026,"P_read_write","Literacy",-0.000109160908323247
2,17026,"P_cell_phone","Cell phone",-0.000599724473431706
2,17026,"P_internet","Internet",-0.000802929163910449
2,17026,"Current_income","Income",2.01160419237567e-05
2,17027,"P_age_00_14","Population 0-14",4.48633218184114e-05
2,17027,"P_migrants","Migrants",1.64906323334435e-05
2,17027,"P_university_studies","University degree",0.00015184587391559
2,17027,"P_read_write","Literacy",-0.000120238597446587
2,17027,"P_cell_phone","Cell phone",-8.4783197962679e-05
2,17027,"P_internet","Internet",0.000488080753711984
2,17027,"Current_income","Income",0.000305491499602795
2,17028,"P_age_00_14","Population 0-14",-6.68505381327122e-05
2,17028,"P_migrants","Migrants",-4.78419096907601e-05
2,17028,"P_university_studies","University degree",-0.000127468621940352
2,17028,"P_read_write","Literacy",-0.000128939384012483
2,17028,"P_cell_phone","Cell phone",-0.000297876540571451
2,17028,"P_internet","Internet",-0.0014990814961493
2,17028,"Current_income","Income",-9.44952698773704e-05
2,17029,"P_age_00_14","Population 0-14",-0.000107365449366625
2,17029,"P_migrants","Migrants",-6.62396705592982e-05
2,17029,"P_university_studies","University degree",-0.00012216110189911
2,17029,"P_read_write","Literacy",-0.000133145877043717
2,17029,"P_cell_phone","Cell phone",-0.000327848072629422
2,17029,"P_internet","Internet",-0.00132035894785076
2,17029,"Current_income","Income",-0.000164863275131211
2,17030,"P_age_00_14","Population 0-14",6.00189523538575e-05
2,17030,"P_migrants","Migrants",6.88717000230099e-06
2,17030,"P_university_studies","University degree",1.13266605694662e-05
2,17030,"P_read_write","Literacy",-0.000123845122288913
2,17030,"P_cell_phone","Cell phone",-0.000229926270549186
2,17030,"P_internet","Internet",-0.000883992237504572
2,17030,"Current_income","Income",1.09483380583697e-05
2,17031,"P_age_00_14","Population 0-14",-0.000405944447265938
2,17031,"P_migrants","Migrants",1.00065672086203e-05
2,17031,"P_university_studies","University degree",-0.000491212063934654
2,17031,"P_read_write","Literacy",-0.000120796205010265
2,17031,"P_cell_phone","Cell phone",-0.000284673646092415
2,17031,"P_internet","Internet",-0.0024119361769408
2,17031,"Current_income","Income",-0.000418830779381096
2,17032,"P_age_00_14","Population 0-14",-6.53022798360325e-05
2,17032,"P_migrants","Migrants",-6.40673488305765e-06
2,17032,"P_university_studies","University degree",-8.92022653715685e-05
2,17032,"P_read_write","Literacy",-0.000162465570610948
2,17032,"P_cell_phone","Cell phone",0.000181662733666599
2,17032,"P_internet","Internet",-0.000394375092582777
2,17032,"Current_income","Income",0.000106332743598614
2,17033,"P_age_00_14","Population 0-14",2.6913088731817e-05
2,17033,"P_migrants","Migrants",1.35576428874629e-05
2,17033,"P_university_studies","University degree",7.2581951826578e-06
2,17033,"P_read_write","Literacy",-4.76492568850517e-05
2,17033,"P_cell_phone","Cell phone",0.000144532765261829
2,17033,"P_internet","Internet",-0.000370787951396778
2,17033,"Current_income","Income",0.00039353733882308
2,17034,"P_age_00_14","Population 0-14",7.06217761035077e-05
2,17034,"P_migrants","Migrants",-1.23943837024854e-05
2,17034,"P_university_studies","University degree",0.000192215607967228
2,17034,"P_read_write","Literacy",0.000101892961538397
2,17034,"P_cell_phone","Cell phone",0.000184335993253626
2,17034,"P_internet","Internet",0.000355493888491765
2,17034,"Current_income","Income",0.00040874516707845
2,17035,"P_age_00_14","Population 0-14",5.18557390023489e-05
2,17035,"P_migrants","Migrants",0.000131342196254991
2,17035,"P_university_studies","University degree",0.000168884522281587
2,17035,"P_read_write","Literacy",8.45292597659864e-05
2,17035,"P_cell_phone","Cell phone",0.000174214321305044
2,17035,"P_internet","Internet",0.000370961090084165
2,17035,"Current_income","Income",0.000287682021735236
2,18001,"P_age_00_14","Population 0-14",6.1738675867673e-05
2,18001,"P_migrants","Migrants",5.09852316099568e-06
2,18001,"P_university_studies","University degree",-0.000292177719529718
2,18001,"P_read_write","Literacy",-1.74606375367148e-05
2,18001,"P_cell_phone","Cell phone",8.25460738269612e-05
2,18001,"P_internet","Internet",0.000299862789688632
2,18001,"Current_income","Income",-0.000127707535284571
2,18002,"P_age_00_14","Population 0-14",-6.26488254056312e-05
2,18002,"P_migrants","Migrants",-2.72279157798039e-05
2,18002,"P_university_studies","University degree",-7.85852898843586e-05
2,18002,"P_read_write","Literacy",-0.000135191716253757
2,18002,"P_cell_phone","Cell phone",-6.10939832768054e-06
2,18002,"P_internet","Internet",0.000232778242207132
2,18002,"Current_income","Income",-0.000408904510550201
2,18003,"P_age_00_14","Population 0-14",-3.93135851481929e-05
2,18003,"P_migrants","Migrants",-0.000111577006464358
2,18003,"P_university_studies","University degree",7.15664718882181e-05
2,18003,"P_read_write","Literacy",-1.8965463823406e-05
2,18003,"P_cell_phone","Cell phone",0.000137424387503415
2,18003,"P_internet","Internet",-0.000187105659279041
2,18003,"Current_income","Income",-0.000345624430337921
2,18004,"P_age_00_14","Population 0-14",2.53073903877521e-05
2,18004,"P_migrants","Migrants",-0.000238497013924643
2,18004,"P_university_studies","University degree",1.86758063591697e-06
2,18004,"P_read_write","Literacy",-0.000117358562420122
2,18004,"P_cell_phone","Cell phone",-0.000567617767956108
2,18004,"P_internet","Internet",-0.000448660051915795
2,18004,"Current_income","Income",-0.000359578378265724
2,18005,"P_age_00_14","Population 0-14",0.000158492926857434
2,18005,"P_migrants","Migrants",9.40689569688402e-05
2,18005,"P_university_studies","University degree",0.000144645178806968
2,18005,"P_read_write","Literacy",0.000142096090712585
2,18005,"P_cell_phone","Cell phone",0.000278840074315667
2,18005,"P_internet","Internet",0.00126010831445456
2,18005,"Current_income","Income",0.000543421076145023
2,18006,"P_age_00_14","Population 0-14",8.03623697720468e-05
2,18006,"P_migrants","Migrants",-4.40322291979101e-05
2,18006,"P_university_studies","University degree",4.77359026263002e-05
2,18006,"P_read_write","Literacy",-0.000137298295157962
2,18006,"P_cell_phone","Cell phone",-0.00052922178292647
2,18006,"P_internet","Internet",-0.000996977207250893
2,18006,"Current_income","Income",-0.000927888439036906
2,18007,"P_age_00_14","Population 0-14",0.000241538116824813
2,18007,"P_migrants","Migrants",2.12348095374182e-05
2,18007,"P_university_studies","University degree",-8.83916727616452e-05
2,18007,"P_read_write","Literacy",-3.81768877559807e-05
2,18007,"P_cell_phone","Cell phone",6.79934528307058e-05
2,18007,"P_internet","Internet",0.00066806748509407
2,18007,"Current_income","Income",-3.25186192640103e-05
2,18008,"P_age_00_14","Population 0-14",0.000155238347360864
2,18008,"P_migrants","Migrants",7.98746114014648e-05
2,18008,"P_university_studies","University degree",-0.000468831713078544
2,18008,"P_read_write","Literacy",-9.19430967769586e-05
2,18008,"P_cell_phone","Cell phone",-0.000583604210987687
2,18008,"P_internet","Internet",-0.00205954629927874
2,18008,"Current_income","Income",-0.000691593799274415
2,18009,"P_age_00_14","Population 0-14",0.000299265084322542
2,18009,"P_migrants","Migrants",0.00013383112673182
2,18009,"P_university_studies","University degree",0.000235534433159046
2,18009,"P_read_write","Literacy",0.000165141624165699
2,18009,"P_cell_phone","Cell phone",0.000294226047117263
2,18009,"P_internet","Internet",0.00133332761470228
2,18009,"Current_income","Income",0.00062913924921304
2,18010,"P_age_00_14","Population 0-14",3.24152715620585e-05
2,18010,"P_migrants","Migrants",8.85295776242856e-06
2,18010,"P_university_studies","University degree",5.03705123264808e-05
2,18010,"P_read_write","Literacy",-1.10553273771075e-05
2,18010,"P_cell_phone","Cell phone",0.000168761005625129
2,18010,"P_internet","Internet",0.000787847791798413
2,18010,"Current_income","Income",-5.02624279761221e-05
2,18011,"P_age_00_14","Population 0-14",8.86767520569265e-05
2,18011,"P_migrants","Migrants",5.75831836613361e-06
2,18011,"P_university_studies","University degree",1.19484157039551e-05
2,18011,"P_read_write","Literacy",3.80434066755697e-05
2,18011,"P_cell_phone","Cell phone",0.000166960919159465
2,18011,"P_internet","Internet",0.000508442230056971
2,18011,"Current_income","Income",-5.56928353034891e-05
2,18012,"P_age_00_14","Population 0-14",1.45400481414981e-05
2,18012,"P_migrants","Migrants",-5.95088276895694e-05
2,18012,"P_university_studies","University degree",2.08842484425986e-05
2,18012,"P_read_write","Literacy",-8.03304283181205e-05
2,18012,"P_cell_phone","Cell phone",-1.40805796036148e-05
2,18012,"P_internet","Internet",0.000334413285600021
2,18012,"Current_income","Income",-0.0002839507360477
2,18013,"P_age_00_14","Population 0-14",-0.000139046387630515
2,18013,"P_migrants","Migrants",-0.000159819421241991
2,18013,"P_university_studies","University degree",3.48117609973997e-05
2,18013,"P_read_write","Literacy",-0.000162048163474537
2,18013,"P_cell_phone","Cell phone",7.72378625697456e-05
2,18013,"P_internet","Internet",0.00034167489502579
2,18013,"Current_income","Income",-0.000141962882480584
2,18014,"P_age_00_14","Population 0-14",2.47071875492111e-05
2,18014,"P_migrants","Migrants",-4.84096235595644e-05
2,18014,"P_university_studies","University degree",0.000133928740979172
2,18014,"P_read_write","Literacy",3.81446843675803e-05
2,18014,"P_cell_phone","Cell phone",6.23841842752881e-05
2,18014,"P_internet","Internet",0.000652858056128025
2,18014,"Current_income","Income",-0.000349478155840188
2,18015,"P_age_00_14","Population 0-14",-3.41287741321139e-05
2,18015,"P_migrants","Migrants",3.17764970532153e-05
2,18015,"P_university_studies","University degree",4.35066140198614e-05
2,18015,"P_read_write","Literacy",-1.83319880306954e-05
2,18015,"P_cell_phone","Cell phone",9.51047186390497e-05
2,18015,"P_internet","Internet",0.00037654337938875
2,18015,"Current_income","Income",-0.00042470611515455
2,18016,"P_age_00_14","Population 0-14",-2.82796627288917e-05
2,18016,"P_migrants","Migrants",3.56792152160779e-05
2,18016,"P_university_studies","University degree",-5.15269712195732e-05
2,18016,"P_read_write","Literacy",-2.49631684710039e-05
2,18016,"P_cell_phone","Cell phone",0.000131912529468536
2,18016,"P_internet","Internet",0.000364475010428578
2,18016,"Current_income","Income",-0.000429798034019768
2,18017,"P_age_00_14","Population 0-14",-8.50552314659581e-05
2,18017,"P_migrants","Migrants",5.11437101522461e-05
2,18017,"P_university_studies","University degree",-0.00066720339236781
2,18017,"P_read_write","Literacy",-0.000190988852409646
2,18017,"P_cell_phone","Cell phone",-0.000402856705477461
2,18017,"P_internet","Internet",-0.00224551744759083
2,18017,"Current_income","Income",-0.000973522255662829
2,18018,"P_age_00_14","Population 0-14",-0.000109196997073013
2,18018,"P_migrants","Migrants",4.47961501777172e-05
2,18018,"P_university_studies","University degree",-5.18220149388071e-05
2,18018,"P_read_write","Literacy",-9.90982662187889e-05
2,18018,"P_cell_phone","Cell phone",3.85680032195523e-05
2,18018,"P_internet","Internet",-3.67539291801222e-06
2,18018,"Current_income","Income",-0.000565209775231779
2,18019,"P_age_00_14","Population 0-14",0.000180531744263135
2,18019,"P_migrants","Migrants",-1.06411916931393e-05
2,18019,"P_university_studies","University degree",0.000187276746146381
2,18019,"P_read_write","Literacy",0.000147661339724436
2,18019,"P_cell_phone","Cell phone",0.000272448698524386
2,18019,"P_internet","Internet",0.00125744193792343
2,18019,"Current_income","Income",0.000293157121632248
2,18020,"P_age_00_14","Population 0-14",0.00017273509001825
2,18020,"P_migrants","Migrants",-0.000455328437965363
2,18020,"P_university_studies","University degree",-0.000356664997525513
2,18020,"P_read_write","Literacy",-0.000115853050374426
2,18020,"P_cell_phone","Cell phone",-0.000330149981891736
2,18020,"P_internet","Internet",-0.00178890954703093
2,18020,"Current_income","Income",-0.000682828947901726
2,19001,"P_age_00_14","Population 0-14",8.21554203866981e-05
2,19001,"P_migrants","Migrants",-5.59415525458462e-07
2,19001,"P_university_studies","University degree",0.000111256711534224
2,19001,"P_read_write","Literacy",-7.78138128225692e-05
2,19001,"P_cell_phone","Cell phone",-0.000244950235355645
2,19001,"P_internet","Internet",-0.000955985393375158
2,19001,"Current_income","Income",-0.000636938668321818
2,19002,"P_age_00_14","Population 0-14",-0.000299780571367592
2,19002,"P_migrants","Migrants",-0.000585967791266739
2,19002,"P_university_studies","University degree",0.000185953715117648
2,19002,"P_read_write","Literacy",-0.000189116530236788
2,19002,"P_cell_phone","Cell phone",-4.80679846077692e-05
2,19002,"P_internet","Internet",-0.000464914308395237
2,19002,"Current_income","Income",-0.00110451271757483
2,19003,"P_age_00_14","Population 0-14",-0.000393093330785632
2,19003,"P_migrants","Migrants",-0.00122955348342657
2,19003,"P_university_studies","University degree",0.000184437638381496
2,19003,"P_read_write","Literacy",-0.000166987767443061
2,19003,"P_cell_phone","Cell phone",-0.000715432921424508
2,19003,"P_internet","Internet",0.000388235202990472
2,19003,"Current_income","Income",-9.03733525774442e-05
2,19004,"P_age_00_14","Population 0-14",-0.000154622626723722
2,19004,"P_migrants","Migrants",-5.66032285860274e-05
2,19004,"P_university_studies","University degree",-0.000275350175797939
2,19004,"P_read_write","Literacy",-0.000468984362669289
2,19004,"P_cell_phone","Cell phone",-0.000722771917935461
2,19004,"P_internet","Internet",-0.00243643275462091
2,19004,"Current_income","Income",-0.00344183319248259
2,19005,"P_age_00_14","Population 0-14",-2.54561564361211e-05
2,19005,"P_migrants","Migrants",-0.000914704869501293
2,19005,"P_university_studies","University degree",5.08431003254373e-05
2,19005,"P_read_write","Literacy",-0.000138609277200885
2,19005,"P_cell_phone","Cell phone",-0.00063135870732367
2,19005,"P_internet","Internet",-0.000942547107115388
2,19005,"Current_income","Income",-0.000709598127286881
2,19006,"P_age_00_14","Population 0-14",3.54791268364352e-06
2,19006,"P_migrants","Migrants",4.11554829042871e-05
2,19006,"P_university_studies","University degree",-0.000728069106116891
2,19006,"P_read_write","Literacy",0.000951501133386046
2,19006,"P_cell_phone","Cell phone",-0.000784860050771385
2,19006,"P_internet","Internet",-0.00472124945372343
2,19006,"Current_income","Income",-0.00317210145294666
2,19007,"P_age_00_14","Population 0-14",1.40704150908277e-05
2,19007,"P_migrants","Migrants",8.46094990265556e-05
2,19007,"P_university_studies","University degree",0.000161144300363958
2,19007,"P_read_write","Literacy",6.10779534326866e-05
2,19007,"P_cell_phone","Cell phone",0.000214032741496339
2,19007,"P_internet","Internet",0.00111688813194633
2,19007,"Current_income","Income",-8.14378654467873e-05
2,19008,"P_age_00_14","Population 0-14",-0.000123291174531914
2,19008,"P_migrants","Migrants",-7.70944916439475e-06
2,19008,"P_university_studies","University degree",-3.12253177980892e-05
2,19008,"P_read_write","Literacy",-0.000197592802578583
2,19008,"P_cell_phone","Cell phone",-0.000234670573263429
2,19008,"P_internet","Internet",-0.000458678026916459
2,19008,"Current_income","Income",-0.000457221554825082
2,19009,"P_age_00_14","Population 0-14",-2.41617617575685e-05
2,19009,"P_migrants","Migrants",-7.52647883928148e-06
2,19009,"P_university_studies","University degree",-6.2269733462017e-05
2,19009,"P_read_write","Literacy",-0.000332439318299294
2,19009,"P_cell_phone","Cell phone",-0.000626216817181557
2,19009,"P_internet","Internet",-0.00186171883251518
2,19009,"Current_income","Income",-0.000645918014924973
2,19010,"P_age_00_14","Population 0-14",0.00029070200980641
2,19010,"P_migrants","Migrants",9.52142636378994e-06
2,19010,"P_university_studies","University degree",0.000245610572164878
2,19010,"P_read_write","Literacy",-1.88660924322903e-05
2,19010,"P_cell_phone","Cell phone",-0.000387915235478431
2,19010,"P_internet","Internet",-0.00151993113104254
2,19010,"Current_income","Income",-0.000451485131634399
2,19011,"P_age_00_14","Population 0-14",-9.91664783214219e-05
2,19011,"P_migrants","Migrants",-0.000777545210439712
2,19011,"P_university_studies","University degree",7.46036384953186e-05
2,19011,"P_read_write","Literacy",-0.000161397285410203
2,19011,"P_cell_phone","Cell phone",-0.00062837393488735
2,19011,"P_internet","Internet",-0.00101384753361344
2,19011,"Current_income","Income",-0.00162988412193954
2,19012,"P_age_00_14","Population 0-14",0.000304436514852569
2,19012,"P_migrants","Migrants",3.70475900126621e-05
2,19012,"P_university_studies","University degree",0.000259497901424766
2,19012,"P_read_write","Literacy",9.5075520221144e-05
2,19012,"P_cell_phone","Cell phone",-0.000365449610399082
2,19012,"P_internet","Internet",-0.0014648325741291
2,19012,"Current_income","Income",-0.0011296896263957
2,19013,"P_age_00_14","Population 0-14",-0.000208276309422217
2,19013,"P_migrants","Migrants",-0.00105190137401223
2,19013,"P_university_studies","University degree",-3.16884688800201e-05
2,19013,"P_read_write","Literacy",-0.000217197113670409
2,19013,"P_cell_phone","Cell phone",-0.000282143882941455
2,19013,"P_internet","Internet",-0.000632670882623643
2,19013,"Current_income","Income",-0.00178432720713317
2,19014,"P_age_00_14","Population 0-14",0.00014212062524166
2,19014,"P_migrants","Migrants",-1.04876326076919e-05
2,19014,"P_university_studies","University degree",3.29709400830325e-05
2,19014,"P_read_write","Literacy",7.9394543718081e-05
2,19014,"P_cell_phone","Cell phone",0.000209176811040379
2,19014,"P_internet","Internet",0.000901931838598102
2,19014,"Current_income","Income",-4.84245611005463e-05
2,19015,"P_age_00_14","Population 0-14",-0.000211374717764556
2,19015,"P_migrants","Migrants",-0.000307037669699639
2,19015,"P_university_studies","University degree",0.000332540599629283
2,19015,"P_read_write","Literacy",-7.98823675722815e-05
2,19015,"P_cell_phone","Cell phone",-0.000362535996828228
2,19015,"P_internet","Internet",0.00143046432640404
2,19015,"Current_income","Income",-0.000219928027945571
2,19016,"P_age_00_14","Population 0-14",-6.62137899780646e-05
2,19016,"P_migrants","Migrants",-6.5148492467415e-06
2,19016,"P_university_studies","University degree",0.000170999017427675
2,19016,"P_read_write","Literacy",-7.57838715799153e-05
2,19016,"P_cell_phone","Cell phone",-0.000605278299190104
2,19016,"P_internet","Internet",0.000625763670541346
2,19016,"Current_income","Income",-0.00114092871081084
2,19017,"P_age_00_14","Population 0-14",3.34519354510121e-05
2,19017,"P_migrants","Migrants",2.8612314054044e-05
2,19017,"P_university_studies","University degree",4.05876489821821e-05
2,19017,"P_read_write","Literacy",-2.16759035538416e-05
2,19017,"P_cell_phone","Cell phone",0.000207174380193464
2,19017,"P_internet","Internet",0.000825632887426764
2,19017,"Current_income","Income",-0.000164578654221259
2,19018,"P_age_00_14","Population 0-14",0.000321308296406642
2,19018,"P_migrants","Migrants",7.92671926319599e-05
2,19018,"P_university_studies","University degree",-0.000551417528185993
2,19018,"P_read_write","Literacy",0.000109563159639947
2,19018,"P_cell_phone","Cell phone",-0.000623586704023182
2,19018,"P_internet","Internet",-0.00246203504502773
2,19018,"Current_income","Income",-0.00113847351167351
2,19019,"P_age_00_14","Population 0-14",-0.00103695446159691
2,19019,"P_migrants","Migrants",-0.00100052519701421
2,19019,"P_university_studies","University degree",-0.00348148983903229
2,19019,"P_read_write","Literacy",-0.000271210941718891
2,19019,"P_cell_phone","Cell phone",-0.00137470755726099
2,19019,"P_internet","Internet",-0.00742768682539463
2,19019,"Current_income","Income",-0.00721634970977902
2,19020,"P_age_00_14","Population 0-14",-2.25532730837585e-05
2,19020,"P_migrants","Migrants",-0.00159737560898066
2,19020,"P_university_studies","University degree",2.24776231334545e-05
2,19020,"P_read_write","Literacy",-0.000175393506651744
2,19020,"P_cell_phone","Cell phone",-0.000736068584956229
2,19020,"P_internet","Internet",-7.29566381778568e-05
2,19020,"Current_income","Income",-0.00124652800150216
2,19021,"P_age_00_14","Population 0-14",0.000151027357787825
2,19021,"P_migrants","Migrants",1.30553353301366e-05
2,19021,"P_university_studies","University degree",-0.000468833110062405
2,19021,"P_read_write","Literacy",2.71013304882217e-05
2,19021,"P_cell_phone","Cell phone",-0.000420800701249391
2,19021,"P_internet","Internet",-0.00363812665455043
2,19021,"Current_income","Income",-0.00259398343041539
2,19022,"P_age_00_14","Population 0-14",-0.00019870774121955
2,19022,"P_migrants","Migrants",-0.000230979712796398
2,19022,"P_university_studies","University degree",9.56162621150725e-05
2,19022,"P_read_write","Literacy",-0.000160474955919199
2,19022,"P_cell_phone","Cell phone",-0.000681387085933238
2,19022,"P_internet","Internet",0.000352390459738672
2,19022,"Current_income","Income",-0.000337853329256177
2,19023,"P_age_00_14","Population 0-14",-0.000446303485659882
2,19023,"P_migrants","Migrants",-0.00136162294074893
2,19023,"P_university_studies","University degree",0.000198743873625062
2,19023,"P_read_write","Literacy",-0.000140848336741328
2,19023,"P_cell_phone","Cell phone",-0.000485893309814855
2,19023,"P_internet","Internet",-0.00153637095354497
2,19023,"Current_income","Income",-0.000977615942247212
2,19024,"P_age_00_14","Population 0-14",8.81378364283592e-05
2,19024,"P_migrants","Migrants",7.55274086259305e-05
2,19024,"P_university_studies","University degree",0.000168356811627746
2,19024,"P_read_write","Literacy",-0.000116819450340699
2,19024,"P_cell_phone","Cell phone",0.00017525524890516
2,19024,"P_internet","Internet",0.00120312673971057
2,19024,"Current_income","Income",9.7587238997221e-05
2,19025,"P_age_00_14","Population 0-14",0.00026496103964746
2,19025,"P_migrants","Migrants",7.72506682551466e-05
2,19025,"P_university_studies","University degree",-1.58857765200082e-05
2,19025,"P_read_write","Literacy",0.000570430362131447
2,19025,"P_cell_phone","Cell phone",-0.000548855983652174
2,19025,"P_internet","Internet",-0.00234630820341408
2,19025,"Current_income","Income",-0.000461152056232095
2,19026,"P_age_00_14","Population 0-14",-0.000809916586149484
2,19026,"P_migrants","Migrants",-1.51921021824819e-05
2,19026,"P_university_studies","University degree",-0.000865228299517184
2,19026,"P_read_write","Literacy",4.10283246310428e-05
2,19026,"P_cell_phone","Cell phone",-0.000873460550792515
2,19026,"P_internet","Internet",-0.00444434117525816
2,19026,"Current_income","Income",-0.00407329620793462
2,19027,"P_age_00_14","Population 0-14",-0.000378293741960078
2,19027,"P_migrants","Migrants",-0.00133906549308449
2,19027,"P_university_studies","University degree",0.000135774011141621
2,19027,"P_read_write","Literacy",-0.000178170317667536
2,19027,"P_cell_phone","Cell phone",-4.91441642225254e-05
2,19027,"P_internet","Internet",-0.000997092458419502
2,19027,"Current_income","Income",-0.00212050369009376
2,19028,"P_age_00_14","Population 0-14",-3.9145328628365e-05
2,19028,"P_migrants","Migrants",1.53037562995451e-05
2,19028,"P_university_studies","University degree",4.3069292587461e-05
2,19028,"P_read_write","Literacy",-0.000153091823449358
2,19028,"P_cell_phone","Cell phone",-0.000626927358098328
2,19028,"P_internet","Internet",0.000349611393176019
2,19028,"Current_income","Income",-0.000450874358648434
2,19029,"P_age_00_14","Population 0-14",-0.000105266815808136
2,19029,"P_migrants","Migrants",-5.02883767694584e-06
2,19029,"P_university_studies","University degree",-6.71154557494447e-05
2,19029,"P_read_write","Literacy",-9.3069720605854e-05
2,19029,"P_cell_phone","Cell phone",-0.000257228472037241
2,19029,"P_internet","Internet",-0.00139633181970567
2,19029,"Current_income","Income",-0.000375983479898423
2,19030,"P_age_00_14","Population 0-14",-1.15244492917554e-05
2,19030,"P_migrants","Migrants",0.000147513637784868
2,19030,"P_university_studies","University degree",0.000192707171663642
2,19030,"P_read_write","Literacy",-0.00011368005652912
2,19030,"P_cell_phone","Cell phone",0.000217378823435865
2,19030,"P_internet","Internet",0.00118964351713657
2,19030,"Current_income","Income",-8.6237967479974e-05
2,19031,"P_age_00_14","Population 0-14",0.000236280990066007
2,19031,"P_migrants","Migrants",4.70180821139365e-05
2,19031,"P_university_studies","University degree",-0.000182722709723748
2,19031,"P_read_write","Literacy",-6.10315837548114e-05
2,19031,"P_cell_phone","Cell phone",-0.00055740715470165
2,19031,"P_internet","Internet",-0.00231076078489423
2,19031,"Current_income","Income",-0.000799610977992415
2,19032,"P_age_00_14","Population 0-14",-1.42803764902055e-06
2,19032,"P_migrants","Migrants",-0.000361453567165881
2,19032,"P_university_studies","University degree",0.000196344510186464
2,19032,"P_read_write","Literacy",-0.000190028862562031
2,19032,"P_cell_phone","Cell phone",-0.000620693201199174
2,19032,"P_internet","Internet",0.000326785404467955
2,19032,"Current_income","Income",-0.000474776519695297
2,19033,"P_age_00_14","Population 0-14",-0.00014137415564619
2,19033,"P_migrants","Migrants",-4.45586520072538e-05
2,19033,"P_university_studies","University degree",-0.000104396589449607
2,19033,"P_read_write","Literacy",-0.000240410736296326
2,19033,"P_cell_phone","Cell phone",-0.000602789339609444
2,19033,"P_internet","Internet",-0.00181867170613259
2,19033,"Current_income","Income",-0.00110380828846246
2,19034,"P_age_00_14","Population 0-14",-1.19974301924231e-05
2,19034,"P_migrants","Migrants",-3.62680184480269e-05
2,19034,"P_university_studies","University degree",7.21412361599505e-05
2,19034,"P_read_write","Literacy",-0.000165394099894911
2,19034,"P_cell_phone","Cell phone",-0.000301800901070237
2,19034,"P_internet","Internet",-0.000970107736065984
2,19034,"Current_income","Income",-0.00115683302283287
2,19035,"P_age_00_14","Population 0-14",-0.000265786948148161
2,19035,"P_migrants","Migrants",-0.000257404753938317
2,19035,"P_university_studies","University degree",0.000301023188512772
2,19035,"P_read_write","Literacy",0.000148948791320436
2,19035,"P_cell_phone","Cell phone",-0.000687248015310615
2,19035,"P_internet","Internet",0.000297689955914393
2,19035,"Current_income","Income",-0.000721626856829971
2,19036,"P_age_00_14","Population 0-14",0.000230991208809428
2,19036,"P_migrants","Migrants",-2.92004642687971e-05
2,19036,"P_university_studies","University degree",0.000113450900244061
2,19036,"P_read_write","Literacy",9.85108927125111e-05
2,19036,"P_cell_phone","Cell phone",0.000248641241341829
2,19036,"P_internet","Internet",0.00121407606638968
2,19036,"Current_income","Income",0.000323378597386181
2,19037,"P_age_00_14","Population 0-14",3.52155111613683e-05
2,19037,"P_migrants","Migrants",9.99467301880941e-05
2,19037,"P_university_studies","University degree",0.000138375646201894
2,19037,"P_read_write","Literacy",-0.000163523873197846
2,19037,"P_cell_phone","Cell phone",-7.93797735241242e-05
2,19037,"P_internet","Internet",0.000342824088875204
2,19037,"Current_income","Income",-0.000583039305638522
2,19038,"P_age_00_14","Population 0-14",-0.000124507510918193
2,19038,"P_migrants","Migrants",-1.38773566504824e-05
2,19038,"P_university_studies","University degree",-0.000308990624034777
2,19038,"P_read_write","Literacy",-0.000293748045805842
2,19038,"P_cell_phone","Cell phone",-0.000656142539810389
2,19038,"P_internet","Internet",-0.00192666077055037
2,19038,"Current_income","Income",-0.00295353028923273
2,19039,"P_age_00_14","Population 0-14",-0.000911429815459996
2,19039,"P_migrants","Migrants",2.94709061563481e-05
2,19039,"P_university_studies","University degree",-0.00122218194883317
2,19039,"P_read_write","Literacy",-0.00046917112194933
2,19039,"P_cell_phone","Cell phone",-0.000932622060645372
2,19039,"P_internet","Internet",-0.00514309434220195
2,19039,"Current_income","Income",-0.00624820357188582
2,19040,"P_age_00_14","Population 0-14",-0.000322131440043449
2,19040,"P_migrants","Migrants",-0.000168673970620148
2,19040,"P_university_studies","University degree",0.000128331186715513
2,19040,"P_read_write","Literacy",-0.000188727382919751
2,19040,"P_cell_phone","Cell phone",-0.000124605692690238
2,19040,"P_internet","Internet",-0.000505641975905746
2,19040,"Current_income","Income",-0.000561762659344822
2,19041,"P_age_00_14","Population 0-14",0.0003096318396274
2,19041,"P_migrants","Migrants",3.10978794004768e-05
2,19041,"P_university_studies","University degree",0.000238805921981111
2,19041,"P_read_write","Literacy",-7.48955790186301e-05
2,19041,"P_cell_phone","Cell phone",-0.000507547927554697
2,19041,"P_internet","Internet",-0.00150646665133536
2,19041,"Current_income","Income",-0.000846717040985823
2,19042,"P_age_00_14","Population 0-14",-0.000722190947271883
2,19042,"P_migrants","Migrants",-0.00180194759741426
2,19042,"P_university_studies","University degree",0.000124205616884865
2,19042,"P_read_write","Literacy",-0.000148023769725114
2,19042,"P_cell_phone","Cell phone",-0.000521492096595466
2,19042,"P_internet","Internet",-0.000611755473073572
2,19042,"Current_income","Income",-0.00118774105794728
2,19043,"P_age_00_14","Population 0-14",-3.20024737447966e-05
2,19043,"P_migrants","Migrants",1.16707515189773e-05
2,19043,"P_university_studies","University degree",0.000221239912207238
2,19043,"P_read_write","Literacy",5.70409392821603e-05
2,19043,"P_cell_phone","Cell phone",0.000229125027544796
2,19043,"P_internet","Internet",0.00118731893599033
2,19043,"Current_income","Income",-0.000153453191160224
2,19044,"P_age_00_14","Population 0-14",-0.000267702125711367
2,19044,"P_migrants","Migrants",-7.36657893867232e-05
2,19044,"P_university_studies","University degree",-0.0004452666034922
2,19044,"P_read_write","Literacy",-0.000313653406919912
2,19044,"P_cell_phone","Cell phone",-0.000602067913860083
2,19044,"P_internet","Internet",-0.00206709792837501
2,19044,"Current_income","Income",-0.00320875365287066
2,19045,"P_age_00_14","Population 0-14",0.00025722972350195
2,19045,"P_migrants","Migrants",5.44741997146048e-05
2,19045,"P_university_studies","University degree",3.33790967488312e-06
2,19045,"P_read_write","Literacy",8.87199421413243e-05
2,19045,"P_cell_phone","Cell phone",-0.000559379230253398
2,19045,"P_internet","Internet",-0.00136350572574884
2,19045,"Current_income","Income",-0.000992092886008322
2,19046,"P_age_00_14","Population 0-14",-0.000797464919742197
2,19046,"P_migrants","Migrants",-1.84994332812494e-05
2,19046,"P_university_studies","University degree",-0.00102479988709092
2,19046,"P_read_write","Literacy",-0.000118443538667634
2,19046,"P_cell_phone","Cell phone",-0.0009641622309573
2,19046,"P_internet","Internet",-0.00508338632062078
2,19046,"Current_income","Income",-0.00452832784503698
2,19047,"P_age_00_14","Population 0-14",-0.000123174875625409
2,19047,"P_migrants","Migrants",9.53152630245313e-05
2,19047,"P_university_studies","University degree",-3.41606646543369e-05
2,19047,"P_read_write","Literacy",-9.72580164670944e-05
2,19047,"P_cell_phone","Cell phone",-0.000563742069061846
2,19047,"P_internet","Internet",-0.00141901872120798
2,19047,"Current_income","Income",-0.00111278623808175
2,19048,"P_age_00_14","Population 0-14",-0.000287664704956114
2,19048,"P_migrants","Migrants",-2.07086450245697e-05
2,19048,"P_university_studies","University degree",-0.000845070637296885
2,19048,"P_read_write","Literacy",-0.000403341866331175
2,19048,"P_cell_phone","Cell phone",-0.000745427736546844
2,19048,"P_internet","Internet",-0.00430489936843514
2,19048,"Current_income","Income",-0.00280484580434859
2,19049,"P_age_00_14","Population 0-14",-0.000685693870764226
2,19049,"P_migrants","Migrants",7.97708162281197e-06
2,19049,"P_university_studies","University degree",-0.00129638123326004
2,19049,"P_read_write","Literacy",-0.000455182074801996
2,19049,"P_cell_phone","Cell phone",-0.000785251671914011
2,19049,"P_internet","Internet",-0.00317339668981731
2,19049,"Current_income","Income",-0.00483717862516642
2,19050,"P_age_00_14","Population 0-14",-0.000339989986969158
2,19050,"P_migrants","Migrants",-3.27491434291005e-05
2,19050,"P_university_studies","University degree",0.000224293340579607
2,19050,"P_read_write","Literacy",-8.39790518512018e-05
2,19050,"P_cell_phone","Cell phone",8.54395620990545e-05
2,19050,"P_internet","Internet",0.00134271720889956
2,19050,"Current_income","Income",-0.00142607640009373
2,19051,"P_age_00_14","Population 0-14",-0.000546704221051186
2,19051,"P_migrants","Migrants",1.70539897226263e-05
2,19051,"P_university_studies","University degree",0.000105021186755039
2,19051,"P_read_write","Literacy",-9.25397835089825e-05
2,19051,"P_cell_phone","Cell phone",0.000191790517419577
2,19051,"P_internet","Internet",0.000303497858112678
2,19051,"Current_income","Income",-0.000963922764640301
2,20005,"P_age_00_14","Population 0-14",-0.000465326971607283
2,20005,"P_migrants","Migrants",0.000208733079489321
2,20005,"P_university_studies","University degree",-0.000396094139432535
2,20005,"P_read_write","Literacy",7.93375511420891e-05
2,20005,"P_cell_phone","Cell phone",0.000216041036765091
2,20005,"P_internet","Internet",0.000402126286644489
2,20005,"Current_income","Income",-2.23032857320504e-05
2,20008,"P_age_00_14","Population 0-14",-0.00015409939805977
2,20008,"P_migrants","Migrants",0.000229703757213429
2,20008,"P_university_studies","University degree",0.000200904978555627
2,20008,"P_read_write","Literacy",0.000100311473943293
2,20008,"P_cell_phone","Cell phone",0.000255495484452695
2,20008,"P_internet","Internet",0.00131608138326555
2,20008,"Current_income","Income",0.00047673552762717
2,20010,"P_age_00_14","Population 0-14",-0.000292009790427983
2,20010,"P_migrants","Migrants",0.00010001624468714
2,20010,"P_university_studies","University degree",-0.000307072303257883
2,20010,"P_read_write","Literacy",-2.34275357797742e-05
2,20010,"P_cell_phone","Cell phone",0.000138554023578763
2,20010,"P_internet","Internet",0.000312332267640159
2,20010,"Current_income","Income",-0.000362845225026831
2,20012,"P_age_00_14","Population 0-14",0.000185653028893284
2,20012,"P_migrants","Migrants",0.000118471740279347
2,20012,"P_university_studies","University degree",0.000227521872147918
2,20012,"P_read_write","Literacy",0.000153055210830644
2,20012,"P_cell_phone","Cell phone",0.00029342551715672
2,20012,"P_internet","Internet",0.001287771621719
2,20012,"Current_income","Income",0.000540198758244514
2,20014,"P_age_00_14","Population 0-14",-4.3459400330903e-05
2,20014,"P_migrants","Migrants",4.43506432930008e-05
2,20014,"P_university_studies","University degree",-0.000324735825415701
2,20014,"P_read_write","Literacy",-1.63392596732592e-05
2,20014,"P_cell_phone","Cell phone",-0.000288037292193621
2,20014,"P_internet","Internet",-0.00128477916587144
2,20014,"Current_income","Income",-0.000111159395601135
2,20015,"P_age_00_14","Population 0-14",0.000184069009264931
2,20015,"P_migrants","Migrants",-1.49002053149161e-05
2,20015,"P_university_studies","University degree",0.000157112532178871
2,20015,"P_read_write","Literacy",9.83531135716476e-05
2,20015,"P_cell_phone","Cell phone",0.000257658364716917
2,20015,"P_internet","Internet",0.00054946995805949
2,20015,"Current_income","Income",0.000562428496778011
2,20017,"P_age_00_14","Population 0-14",2.80623171420302e-05
2,20017,"P_migrants","Migrants",-1.50310388562502e-05
2,20017,"P_university_studies","University degree",9.60729157668538e-05
2,20017,"P_read_write","Literacy",8.11247955425642e-05
2,20017,"P_cell_phone","Cell phone",0.00025896355509758
2,20017,"P_internet","Internet",0.00124264019541442
2,20017,"Current_income","Income",0.000497403962071985
2,20021,"P_age_00_14","Population 0-14",4.96600259793922e-05
2,20021,"P_migrants","Migrants",7.44339777156711e-05
2,20021,"P_university_studies","University degree",1.38758850880549e-05
2,20021,"P_read_write","Literacy",8.51999429869466e-05
2,20021,"P_cell_phone","Cell phone",5.78611943637952e-05
2,20021,"P_internet","Internet",0.000484838616102934
2,20021,"Current_income","Income",-5.26797848579008e-05
2,20025,"P_age_00_14","Population 0-14",5.2556653827196e-05
2,20025,"P_migrants","Migrants",-8.6676836872357e-06
2,20025,"P_university_studies","University degree",2.7664347726386e-05
2,20025,"P_read_write","Literacy",9.8670061561279e-05
2,20025,"P_cell_phone","Cell phone",-2.52974268732942e-06
2,20025,"P_internet","Internet",0.000730790314264596
2,20025,"Current_income","Income",0.000106230982055422
2,20028,"P_age_00_14","Population 0-14",7.82437709858641e-05
2,20028,"P_migrants","Migrants",-1.24931409573037e-06
2,20028,"P_university_studies","University degree",0.000176637462573126
2,20028,"P_read_write","Literacy",0.000105551953311078
2,20028,"P_cell_phone","Cell phone",0.000235393745242618
2,20028,"P_internet","Internet",0.000643646286334842
2,20028,"Current_income","Income",-4.41262673120946e-05
2,20030,"P_age_00_14","Population 0-14",-0.000308621441945434
2,20030,"P_migrants","Migrants",0.000195445274584927
2,20030,"P_university_studies","University degree",-0.000950112415011972
2,20030,"P_read_write","Literacy",1.02752619568491e-05
2,20030,"P_cell_phone","Cell phone",-0.000529578304849565
2,20030,"P_internet","Internet",-0.0015997524606064
2,20030,"Current_income","Income",-0.00037976578460075
2,20036,"P_age_00_14","Population 0-14",0.000159451112267561
2,20036,"P_migrants","Migrants",0.000198271911358461
2,20036,"P_university_studies","University degree",0.000249848933890462
2,20036,"P_read_write","Literacy",0.000109687287476845
2,20036,"P_cell_phone","Cell phone",0.000266414310317487
2,20036,"P_internet","Internet",-0.000137818773509935
2,20036,"Current_income","Income",0.000591988849919289
2,20043,"P_age_00_14","Population 0-14",1.06273018900538e-05
2,20043,"P_migrants","Migrants",0.00016424483328592
2,20043,"P_university_studies","University degree",-0.000222248927457258
2,20043,"P_read_write","Literacy",0.000100675999419764
2,20043,"P_cell_phone","Cell phone",8.44599780975841e-05
2,20043,"P_internet","Internet",-0.000769165926612914
2,20043,"Current_income","Income",-5.64699112146627e-05
2,20052,"P_age_00_14","Population 0-14",-5.95258243265562e-05
2,20052,"P_migrants","Migrants",-3.49579531757627e-05
2,20052,"P_university_studies","University degree",-9.93006615317427e-05
2,20052,"P_read_write","Literacy",7.70238839322701e-05
2,20052,"P_cell_phone","Cell phone",0.000235101164435036
2,20052,"P_internet","Internet",0.000898974132724106
2,20052,"Current_income","Income",8.8497792603448e-05
2,20053,"P_age_00_14","Population 0-14",-0.000345061387633905
2,20053,"P_migrants","Migrants",0.000198042034753598
2,20053,"P_university_studies","University degree",-6.94812333676964e-05
2,20053,"P_read_write","Literacy",7.20030002412386e-05
2,20053,"P_cell_phone","Cell phone",9.84016296570189e-05
2,20053,"P_internet","Internet",0.000483478041132912
2,20053,"Current_income","Income",0.000305215071421117
2,20056,"P_age_00_14","Population 0-14",7.39014139981009e-05
2,20056,"P_migrants","Migrants",1.49293407503137e-06
2,20056,"P_university_studies","University degree",0.000174117754795589
2,20056,"P_read_write","Literacy",0.000118910647870507
2,20056,"P_cell_phone","Cell phone",0.000243317699641921
2,20056,"P_internet","Internet",0.00122212758287787
2,20056,"Current_income","Income",0.000413169240346178
2,20057,"P_age_00_14","Population 0-14",4.02674086217303e-05
2,20057,"P_migrants","Migrants",1.08030835690442e-05
2,20057,"P_university_studies","University degree",-5.37245796294883e-05
2,20057,"P_read_write","Literacy",7.46397054172121e-05
2,20057,"P_cell_phone","Cell phone",0.000182098214281723
2,20057,"P_internet","Internet",0.000649760651867837
2,20057,"Current_income","Income",-4.3927848309977e-05
2,20059,"P_age_00_14","Population 0-14",0.000111087851109914
2,20059,"P_migrants","Migrants",8.82762014953187e-06
2,20059,"P_university_studies","University degree",1.0289809324604e-05
2,20059,"P_read_write","Literacy",9.38141674851067e-05
2,20059,"P_cell_phone","Cell phone",8.21952853584662e-05
2,20059,"P_internet","Internet",0.000388610118534416
2,20059,"Current_income","Income",-5.78844992560335e-05
2,20061,"P_age_00_14","Population 0-14",0.000182941657840274
2,20061,"P_migrants","Migrants",-8.57018221722683e-06
2,20061,"P_university_studies","University degree",0.000203132498427294
2,20061,"P_read_write","Literacy",9.78401367319748e-05
2,20061,"P_cell_phone","Cell phone",0.000239081302424893
2,20061,"P_internet","Internet",0.00120089272968471
2,20061,"Current_income","Income",0.000283335975836962
2,20066,"P_age_00_14","Population 0-14",-2.80703497992363e-05
2,20066,"P_migrants","Migrants",0.000138415358378552
2,20066,"P_university_studies","University degree",4.21113982156385e-05
2,20066,"P_read_write","Literacy",7.64753422117792e-05
2,20066,"P_cell_phone","Cell phone",0.000229621859034523
2,20066,"P_internet","Internet",0.00113955361302942
2,20066,"Current_income","Income",0.000406523467972875
2,20069,"P_age_00_14","Population 0-14",0.000232090475037694
2,20069,"P_migrants","Migrants",7.17433294994407e-06
2,20069,"P_university_studies","University degree",0.000148569408338517
2,20069,"P_read_write","Literacy",0.000110282278910745
2,20069,"P_cell_phone","Cell phone",0.000250758719630539
2,20069,"P_internet","Internet",0.00124186475295573
2,20069,"Current_income","Income",0.000524633098393679
2,20070,"P_age_00_14","Population 0-14",0.000137273105792701
2,20070,"P_migrants","Migrants",0.0001180795734399
2,20070,"P_university_studies","University degree",-6.2735098254052e-06
2,20070,"P_read_write","Literacy",0.000100034230854362
2,20070,"P_cell_phone","Cell phone",0.000226666816161014
2,20070,"P_internet","Internet",0.000731884851120412
2,20070,"Current_income","Income",0.000300946150673553
2,20071,"P_age_00_14","Population 0-14",0.00015486880147364
2,20071,"P_migrants","Migrants",2.10284124477766e-05
2,20071,"P_university_studies","University degree",0.000219430497963913
2,20071,"P_read_write","Literacy",0.000109217595309019
2,20071,"P_cell_phone","Cell phone",0.000259476073551923
2,20071,"P_internet","Internet",0.00115822395309806
2,20071,"Current_income","Income",0.000411187880672514
2,20074,"P_age_00_14","Population 0-14",0.000200468624825589
2,20074,"P_migrants","Migrants",1.02771509773447e-05
2,20074,"P_university_studies","University degree",7.87775206845254e-05
2,20074,"P_read_write","Literacy",7.06100254319608e-05
2,20074,"P_cell_phone","Cell phone",0.000227026888751425
2,20074,"P_internet","Internet",0.00120369950309396
2,20074,"Current_income","Income",0.000531096651684493
2,20075,"P_age_00_14","Population 0-14",-0.000282588327536359
2,20075,"P_migrants","Migrants",-1.54011668200837e-05
2,20075,"P_university_studies","University degree",-1.33724406623514e-05
2,20075,"P_read_write","Literacy",9.36120559345e-05
2,20075,"P_cell_phone","Cell phone",8.33945086924359e-05
2,20075,"P_internet","Internet",0.00125211535487324
2,20075,"Current_income","Income",0.000305898021906614
2,20076,"P_age_00_14","Population 0-14",8.97309801075608e-05
2,20076,"P_migrants","Migrants",-7.06821010680869e-05
2,20076,"P_university_studies","University degree",0.000244250812102109
2,20076,"P_read_write","Literacy",9.56747971940786e-05
2,20076,"P_cell_phone","Cell phone",0.000267071125563234
2,20076,"P_internet","Internet",-5.91784300922882e-05
2,20076,"Current_income","Income",0.000510535552166402
2,20079,"P_age_00_14","Population 0-14",-0.000100480057881214
2,20079,"P_migrants","Migrants",0.000199469286599196
2,20079,"P_university_studies","University degree",-0.000345815235050395
2,20079,"P_read_write","Literacy",-0.00010665236186469
2,20079,"P_cell_phone","Cell phone",-0.000526212621480227
2,20079,"P_internet","Internet",-0.0016715720994398
2,20079,"Current_income","Income",-0.000288109731627628
2,20080,"P_age_00_14","Population 0-14",-0.000147890110383742
2,20080,"P_migrants","Migrants",-0.000105312552477699
2,20080,"P_university_studies","University degree",0.000205418298719451
2,20080,"P_read_write","Literacy",6.50799629511312e-05
2,20080,"P_cell_phone","Cell phone",0.000281378597719595
2,20080,"P_internet","Internet",0.000535020080860704
2,20080,"Current_income","Income",0.00037514022551477
2,20082,"P_age_00_14","Population 0-14",5.76428392378148e-05
2,20082,"P_migrants","Migrants",-6.26114479018725e-06
2,20082,"P_university_studies","University degree",0.000187362165888771
2,20082,"P_read_write","Literacy",9.9608201708179e-05
2,20082,"P_cell_phone","Cell phone",0.000253766338573769
2,20082,"P_internet","Internet",0.00122356973588467
2,20082,"Current_income","Income",0.000400985591113567
2,20085,"P_age_00_14","Population 0-14",0.000250635464908555
2,20085,"P_migrants","Migrants",0.00012454905663617
2,20085,"P_university_studies","University degree",0.000297465274343267
2,20085,"P_read_write","Literacy",0.000141134791192599
2,20085,"P_cell_phone","Cell phone",0.000299835955956951
2,20085,"P_internet","Internet",0.00126137840561569
2,20085,"Current_income","Income",0.000579281942918897
2,20090,"P_age_00_14","Population 0-14",9.17100405786186e-05
2,20090,"P_migrants","Migrants",1.38589120979304e-05
2,20090,"P_university_studies","University degree",2.2888805688126e-05
2,20090,"P_read_write","Literacy",0.000127837192849256
2,20090,"P_cell_phone","Cell phone",0.000237517480854876
2,20090,"P_internet","Internet",0.000780343427322805
2,20090,"Current_income","Income",0.000127587176393718
2,20095,"P_age_00_14","Population 0-14",0.000267327413894236
2,20095,"P_migrants","Migrants",0.000147535160067491
2,20095,"P_university_studies","University degree",0.000209884630749002
2,20095,"P_read_write","Literacy",0.00012786868319381
2,20095,"P_cell_phone","Cell phone",0.000306881032884121
2,20095,"P_internet","Internet",0.00124123226851225
2,20095,"Current_income","Income",0.000667904678266495
2,20101,"P_age_00_14","Population 0-14",-9.74066279013641e-05
2,20101,"P_migrants","Migrants",-0.000384847051464021
2,20101,"P_university_studies","University degree",0.000326095905620605
2,20101,"P_read_write","Literacy",8.50731084938161e-05
2,20101,"P_cell_phone","Cell phone",0.000266855786321685
2,20101,"P_internet","Internet",0.000443205877672881
2,20101,"Current_income","Income",0.000521880749147385
2,20111,"P_age_00_14","Population 0-14",0.000195822591194883
2,20111,"P_migrants","Migrants",1.69293634826317e-05
2,20111,"P_university_studies","University degree",0.000247369869612157
2,20111,"P_read_write","Literacy",0.000109359039925039
2,20111,"P_cell_phone","Cell phone",0.000259596185060218
2,20111,"P_internet","Internet",0.00126019748859107
2,20111,"Current_income","Income",0.000412811583373696
2,20113,"P_age_00_14","Population 0-14",0.000188819263712503
2,20113,"P_migrants","Migrants",0.000120540848001838
2,20113,"P_university_studies","University degree",0.000206806173082441
2,20113,"P_read_write","Literacy",9.34932686504908e-05
2,20113,"P_cell_phone","Cell phone",4.99379930261057e-05
2,20113,"P_internet","Internet",0.000795577303506434
2,20113,"Current_income","Income",0.000547043222468346
2,20117,"P_age_00_14","Population 0-14",0.000144588702823967
2,20117,"P_migrants","Migrants",0.000108981643279549
2,20117,"P_university_studies","University degree",0.000223075388930738
2,20117,"P_read_write","Literacy",9.91499837255105e-05
2,20117,"P_cell_phone","Cell phone",0.000251302000833675
2,20117,"P_internet","Internet",0.00122188881505281
2,20117,"Current_income","Income",0.000468364160042256
2,20122,"P_age_00_14","Population 0-14",7.29793055143091e-06
2,20122,"P_migrants","Migrants",8.79161746070167e-07
2,20122,"P_university_studies","University degree",-7.97655593487434e-05
2,20122,"P_read_write","Literacy",-0.000101314639323391
2,20122,"P_cell_phone","Cell phone",0.000240831039263867
2,20122,"P_internet","Internet",0.00112259818706661
2,20122,"Current_income","Income",0.000454693770734593
2,20124,"P_age_00_14","Population 0-14",6.77020943840034e-05
2,20124,"P_migrants","Migrants",0.000130654530948959
2,20124,"P_university_studies","University degree",0.000175091394339688
2,20124,"P_read_write","Literacy",0.000103586746263318
2,20124,"P_cell_phone","Cell phone",0.000247098039835691
2,20124,"P_internet","Internet",0.00077421497553587
2,20124,"Current_income","Income",0.000279752071946859
2,20125,"P_age_00_14","Population 0-14",0.000173342879861593
2,20125,"P_migrants","Migrants",5.15085594088305e-05
2,20125,"P_university_studies","University degree",0.000219960638787597
2,20125,"P_read_write","Literacy",0.000113478330604266
2,20125,"P_cell_phone","Cell phone",0.00026732956757769
2,20125,"P_internet","Internet",0.00123064406216145
2,20125,"Current_income","Income",0.000548816577065736
2,20126,"P_age_00_14","Population 0-14",0.000189566650078632
2,20126,"P_migrants","Migrants",2.37207186728483e-05
2,20126,"P_university_studies","University degree",0.000216461354284547
2,20126,"P_read_write","Literacy",0.000107957792351954
2,20126,"P_cell_phone","Cell phone",0.000249822594923899
2,20126,"P_internet","Internet",0.00125172210391611
2,20126,"Current_income","Income",0.00054339854978025
2,20130,"P_age_00_14","Population 0-14",5.44188806088641e-05
2,20130,"P_migrants","Migrants",-3.17852754960768e-06
2,20130,"P_university_studies","University degree",0.000194425010704435
2,20130,"P_read_write","Literacy",9.49078821577132e-05
2,20130,"P_cell_phone","Cell phone",0.000264011643594131
2,20130,"P_internet","Internet",0.00122394238132983
2,20130,"Current_income","Income",0.000525895738974214
2,20141,"P_age_00_14","Population 0-14",0.000183466836460866
2,20141,"P_migrants","Migrants",-8.56414658301219e-07
2,20141,"P_university_studies","University degree",9.62978356255917e-06
2,20141,"P_read_write","Literacy",0.000151108688442037
2,20141,"P_cell_phone","Cell phone",0.000302314409054816
2,20141,"P_internet","Internet",0.00132860231678933
2,20141,"Current_income","Income",0.000510837242472917
2,20143,"P_age_00_14","Population 0-14",9.73326314124279e-06
2,20143,"P_migrants","Migrants",1.8136044673156e-05
2,20143,"P_university_studies","University degree",-6.86742569087073e-05
2,20143,"P_read_write","Literacy",8.07037358754314e-05
2,20143,"P_cell_phone","Cell phone",0.000231150857871398
2,20143,"P_internet","Internet",0.000767837569583207
2,20143,"Current_income","Income",0.000296168989734724
2,20146,"P_age_00_14","Population 0-14",0.000297765858704224
2,20146,"P_migrants","Migrants",0.000130342872580513
2,20146,"P_university_studies","University degree",0.000195646018255502
2,20146,"P_read_write","Literacy",0.000102238009276334
2,20146,"P_cell_phone","Cell phone",0.000260809407336637
2,20146,"P_internet","Internet",0.000896327896043658
2,20146,"Current_income","Income",0.000591623014770448
2,20148,"P_age_00_14","Population 0-14",0.000207292527193204
2,20148,"P_migrants","Migrants",-2.69368320005015e-05
2,20148,"P_university_studies","University degree",0.000155365924001671
2,20148,"P_read_write","Literacy",0.000108872052805964
2,20148,"P_cell_phone","Cell phone",0.0002401953242952
2,20148,"P_internet","Internet",0.00121365813538432
2,20148,"Current_income","Income",0.00053402065532282
2,20149,"P_age_00_14","Population 0-14",0.000193165076780133
2,20149,"P_migrants","Migrants",-5.62756076760706e-06
2,20149,"P_university_studies","University degree",0.000163842007168569
2,20149,"P_read_write","Literacy",0.00010452966671437
2,20149,"P_cell_phone","Cell phone",-8.97399604582461e-06
2,20149,"P_internet","Internet",0.0012391961645335
2,20149,"Current_income","Income",0.000479234731756151
2,20153,"P_age_00_14","Population 0-14",0.000191725557669997
2,20153,"P_migrants","Migrants",-6.75835781294154e-06
2,20153,"P_university_studies","University degree",0.000136640112032183
2,20153,"P_read_write","Literacy",9.80159966275096e-05
2,20153,"P_cell_phone","Cell phone",7.5115924119018e-05
2,20153,"P_internet","Internet",0.000870507734362036
2,20153,"Current_income","Income",0.00040206965059042
2,20154,"P_age_00_14","Population 0-14",0.000186677891178988
2,20154,"P_migrants","Migrants",-2.00230824702885e-05
2,20154,"P_university_studies","University degree",0.000155779125634581
2,20154,"P_read_write","Literacy",0.000101925405033398
2,20154,"P_cell_phone","Cell phone",0.000253796315519139
2,20154,"P_internet","Internet",0.00106007780414075
2,20154,"Current_income","Income",0.000538870634045452
2,20155,"P_age_00_14","Population 0-14",0.000150167514220811
2,20155,"P_migrants","Migrants",-3.7676640204154e-05
2,20155,"P_university_studies","University degree",0.000180253948201425
2,20155,"P_read_write","Literacy",0.000114138238132
2,20155,"P_cell_phone","Cell phone",0.000259019754594192
2,20155,"P_internet","Internet",0.00123148458078504
2,20155,"Current_income","Income",0.000477988331113011
2,20158,"P_age_00_14","Population 0-14",0.000204244017368183
2,20158,"P_migrants","Migrants",-1.00436363936751e-05
2,20158,"P_university_studies","University degree",0.000120600729133002
2,20158,"P_read_write","Literacy",9.7855729109142e-05
2,20158,"P_cell_phone","Cell phone",0.000253088044701144
2,20158,"P_internet","Internet",0.000787623459473252
2,20158,"Current_income","Income",0.000529900542460382
2,20159,"P_age_00_14","Population 0-14",0.000218601446249522
2,20159,"P_migrants","Migrants",-1.14684680738719e-05
2,20159,"P_university_studies","University degree",0.00014943684800528
2,20159,"P_read_write","Literacy",0.000118046133138705
2,20159,"P_cell_phone","Cell phone",0.00026933295885101
2,20159,"P_internet","Internet",0.00125542830210179
2,20159,"Current_income","Income",0.000541323563084006
2,20167,"P_age_00_14","Population 0-14",0.000271694239927456
2,20167,"P_migrants","Migrants",0.000240243796724826
2,20167,"P_university_studies","University degree",0.000144246529089287
2,20167,"P_read_write","Literacy",8.60862055560574e-05
2,20167,"P_cell_phone","Cell phone",0.000250425277044997
2,20167,"P_internet","Internet",0.000454971712315455
2,20167,"Current_income","Income",0.000553972378838807
2,20168,"P_age_00_14","Population 0-14",0.000211837133974768
2,20168,"P_migrants","Migrants",-0.000154843786731362
2,20168,"P_university_studies","University degree",0.000277126004220918
2,20168,"P_read_write","Literacy",0.000124836369650438
2,20168,"P_cell_phone","Cell phone",0.000286223541479558
2,20168,"P_internet","Internet",0.000428370869485661
2,20168,"Current_income","Income",0.000476873596198857
2,20170,"P_age_00_14","Population 0-14",3.66299245797563e-05
2,20170,"P_migrants","Migrants",-2.24676205107244e-05
2,20170,"P_university_studies","University degree",0.000150198451592587
2,20170,"P_read_write","Literacy",9.52417103690095e-05
2,20170,"P_cell_phone","Cell phone",0.000262131303315982
2,20170,"P_internet","Internet",0.00109465350396931
2,20170,"Current_income","Income",0.000537957705091685
2,20180,"P_age_00_14","Population 0-14",6.31048824288882e-05
2,20180,"P_migrants","Migrants",-5.83930996072013e-05
2,20180,"P_university_studies","University degree",6.43892635707743e-05
2,20180,"P_read_write","Literacy",0.000101728044683114
2,20180,"P_cell_phone","Cell phone",0.000260092347161844
2,20180,"P_internet","Internet",0.00115699984598905
2,20180,"Current_income","Income",0.000335165706928819
2,20185,"P_age_00_14","Population 0-14",9.59484023042023e-05
2,20185,"P_migrants","Migrants",1.77134879777441e-05
2,20185,"P_university_studies","University degree",-9.73888891167007e-05
2,20185,"P_read_write","Literacy",0.00012425787281245
2,20185,"P_cell_phone","Cell phone",0.000230341291171499
2,20185,"P_internet","Internet",0.000816213141661137
2,20185,"Current_income","Income",0.000295740464935079
2,20188,"P_age_00_14","Population 0-14",0.000152031454490498
2,20188,"P_migrants","Migrants",2.83939571090741e-05
2,20188,"P_university_studies","University degree",0.000186257340828888
2,20188,"P_read_write","Literacy",0.00012386406888254
2,20188,"P_cell_phone","Cell phone",0.00025075618759729
2,20188,"P_internet","Internet",0.0012302219402045
2,20188,"Current_income","Income",0.00041117868386209
2,20190,"P_age_00_14","Population 0-14",7.07724539097399e-05
2,20190,"P_migrants","Migrants",1.57410249812528e-06
2,20190,"P_university_studies","University degree",0.000167214777320623
2,20190,"P_read_write","Literacy",0.000105076287582051
2,20190,"P_cell_phone","Cell phone",0.000254604441579431
2,20190,"P_internet","Internet",0.00065393780823797
2,20190,"Current_income","Income",0.000419199437601492
2,20198,"P_age_00_14","Population 0-14",1.39289322760305e-05
2,20198,"P_migrants","Migrants",9.06604764168151e-05
2,20198,"P_university_studies","University degree",0.000166930636623874
2,20198,"P_read_write","Literacy",9.21453902265057e-05
2,20198,"P_cell_phone","Cell phone",0.000251337187364697
2,20198,"P_internet","Internet",0.00121097383089364
2,20198,"Current_income","Income",0.000298013124847785
2,20202,"P_age_00_14","Population 0-14",0.000197531218873337
2,20202,"P_migrants","Migrants",-1.11188419396058e-05
2,20202,"P_university_studies","University degree",0.000239462344325148
2,20202,"P_read_write","Literacy",0.000113171117845923
2,20202,"P_cell_phone","Cell phone",0.000256844621617347
2,20202,"P_internet","Internet",0.000668401422444731
2,20202,"Current_income","Income",0.00053344015032053
2,20203,"P_age_00_14","Population 0-14",0.000235011175391264
2,20203,"P_migrants","Migrants",-1.90499558812007e-05
2,20203,"P_university_studies","University degree",0.000133683468447998
2,20203,"P_read_write","Literacy",9.38971425057389e-05
2,20203,"P_cell_phone","Cell phone",0.000254719197982922
2,20203,"P_internet","Internet",0.000881384534295648
2,20203,"Current_income","Income",0.000547082803677768
2,20204,"P_age_00_14","Population 0-14",-0.000120368837087881
2,20204,"P_migrants","Migrants",-6.58588942314964e-06
2,20204,"P_university_studies","University degree",0.000120230746688321
2,20204,"P_read_write","Literacy",6.81903911754489e-05
2,20204,"P_cell_phone","Cell phone",0.000265793118160218
2,20204,"P_internet","Internet",0.000670238165184855
2,20204,"Current_income","Income",0.000335981254465878
2,20207,"P_age_00_14","Population 0-14",0.000198216454009525
2,20207,"P_migrants","Migrants",-2.30312434723601e-05
2,20207,"P_university_studies","University degree",0.000204164010938257
2,20207,"P_read_write","Literacy",0.000107178071630187
2,20207,"P_cell_phone","Cell phone",0.000256504106801003
2,20207,"P_internet","Internet",0.00123381474986672
2,20207,"Current_income","Income",0.000543119036592543
2,20209,"P_age_00_14","Population 0-14",-0.000363867526175454
2,20209,"P_migrants","Migrants",0.000235261817579158
2,20209,"P_university_studies","University degree",-5.2080606110394e-05
2,20209,"P_read_write","Literacy",6.9996458478272e-05
2,20209,"P_cell_phone","Cell phone",0.000269815296633169
2,20209,"P_internet","Internet",0.00120521557983011
2,20209,"Current_income","Income",0.000462899130070582
2,20211,"P_age_00_14","Population 0-14",0.000230860925512388
2,20211,"P_migrants","Migrants",0.000100401615782175
2,20211,"P_university_studies","University degree",0.000161520991241559
2,20211,"P_read_write","Literacy",9.52463451540098e-05
2,20211,"P_cell_phone","Cell phone",0.000233592742006294
2,20211,"P_internet","Internet",0.00123806542251259
2,20211,"Current_income","Income",0.000543663220014423
2,20213,"P_age_00_14","Population 0-14",0.000266904127784073
2,20213,"P_migrants","Migrants",-0.00052246858831495
2,20213,"P_university_studies","University degree",0.00031436956487596
2,20213,"P_read_write","Literacy",0.000142707751365378
2,20213,"P_cell_phone","Cell phone",-0.000415463786339387
2,20213,"P_internet","Internet",0.00135954050347209
2,20213,"Current_income","Income",0.000494012085255235
2,20225,"P_age_00_14","Population 0-14",0.00013896006566938
2,20225,"P_migrants","Migrants",0.000118896612548269
2,20225,"P_university_studies","University degree",0.000242833979427814
2,20225,"P_read_write","Literacy",0.000121277822472621
2,20225,"P_cell_phone","Cell phone",0.000252734229434282
2,20225,"P_internet","Internet",0.00121693778783083
2,20225,"Current_income","Income",0.000414133508456871
2,20229,"P_age_00_14","Population 0-14",0.00024772880715318
2,20229,"P_migrants","Migrants",0.000136187562020496
2,20229,"P_university_studies","University degree",0.000180601302417926
2,20229,"P_read_write","Literacy",0.000100869438028894
2,20229,"P_cell_phone","Cell phone",0.000259548978647217
2,20229,"P_internet","Internet",0.00126210157759488
2,20229,"Current_income","Income",0.000551143719349056
2,20235,"P_age_00_14","Population 0-14",8.58236380736344e-05
2,20235,"P_migrants","Migrants",-1.09733136923751e-05
2,20235,"P_university_studies","University degree",9.82908895821311e-05
2,20235,"P_read_write","Literacy",0.000101038662251085
2,20235,"P_cell_phone","Cell phone",0.000254293874604627
2,20235,"P_internet","Internet",0.000888020906131715
2,20235,"Current_income","Income",0.000432497065048665
2,20236,"P_age_00_14","Population 0-14",0.000231777725275606
2,20236,"P_migrants","Migrants",-2.82412529486464e-05
2,20236,"P_university_studies","University degree",0.000152562279254198
2,20236,"P_read_write","Literacy",0.000151153028127737
2,20236,"P_cell_phone","Cell phone",0.000297491176752374
2,20236,"P_internet","Internet",0.00126068259123713
2,20236,"Current_income","Income",0.000556488812435418
2,20238,"P_age_00_14","Population 0-14",8.20196655695327e-05
2,20238,"P_migrants","Migrants",7.71204031480011e-06
2,20238,"P_university_studies","University degree",0.000265496026258916
2,20238,"P_read_write","Literacy",0.000124632570077665
2,20238,"P_cell_phone","Cell phone",-6.85724153299816e-05
2,20238,"P_internet","Internet",-0.000230094461585395
2,20238,"Current_income","Income",0.000547868607100099
2,20241,"P_age_00_14","Population 0-14",-1.69784889294533e-05
2,20241,"P_migrants","Migrants",-1.05611861727084e-05
2,20241,"P_university_studies","University degree",0.000180710310814902
2,20241,"P_read_write","Literacy",0.000103678423329256
2,20241,"P_cell_phone","Cell phone",0.000251825083978474
2,20241,"P_internet","Internet",0.00113316858187318
2,20241,"Current_income","Income",0.000422786135459319
2,20248,"P_age_00_14","Population 0-14",0.000175006774952635
2,20248,"P_migrants","Migrants",0.000151266562170349
2,20248,"P_university_studies","University degree",0.00020190751820337
2,20248,"P_read_write","Literacy",0.000157483547809534
2,20248,"P_cell_phone","Cell phone",0.000292161799734458
2,20248,"P_internet","Internet",0.00126356014516205
2,20248,"Current_income","Income",0.000346170796547085
2,20253,"P_age_00_14","Population 0-14",-5.39028269486153e-06
2,20253,"P_migrants","Migrants",0.000126211423776112
2,20253,"P_university_studies","University degree",0.000168237835168839
2,20253,"P_read_write","Literacy",0.000146625316119753
2,20253,"P_cell_phone","Cell phone",0.000308472925098613
2,20253,"P_internet","Internet",0.0012651530560106
2,20253,"Current_income","Income",0.000378935277694836
2,20254,"P_age_00_14","Population 0-14",7.33217675588094e-05
2,20254,"P_migrants","Migrants",4.40525809608516e-06
2,20254,"P_university_studies","University degree",0.000148602790432051
2,20254,"P_read_write","Literacy",9.79591641225852e-05
2,20254,"P_cell_phone","Cell phone",0.000246202456764877
2,20254,"P_internet","Internet",0.000364537758287042
2,20254,"Current_income","Income",0.000315750687150285
2,20263,"P_age_00_14","Population 0-14",0.000224343661102466
2,20263,"P_migrants","Migrants",1.73851403815206e-05
2,20263,"P_university_studies","University degree",0.000141355194500647
2,20263,"P_read_write","Literacy",0.000104794991784729
2,20263,"P_cell_phone","Cell phone",0.000181307652383111
2,20263,"P_internet","Internet",0.00116116646677256
2,20263,"Current_income","Income",0.000546044495422393
2,20265,"P_age_00_14","Population 0-14",2.94106521323556e-05
2,20265,"P_migrants","Migrants",8.69506766321138e-05
2,20265,"P_university_studies","University degree",0.000183771815500222
2,20265,"P_read_write","Literacy",9.95066584437154e-05
2,20265,"P_cell_phone","Cell phone",0.000251669756835327
2,20265,"P_internet","Internet",0.00122575007844716
2,20265,"Current_income","Income",0.000467397039756179
2,20266,"P_age_00_14","Population 0-14",5.75475314690266e-05
2,20266,"P_migrants","Migrants",0.000104342972917948
2,20266,"P_university_studies","University degree",0.000210556623642333
2,20266,"P_read_write","Literacy",0.000108098429336678
2,20266,"P_cell_phone","Cell phone",0.000259911437751725
2,20266,"P_internet","Internet",0.000693465350195765
2,20266,"Current_income","Income",0.000420471391407773
2,20268,"P_age_00_14","Population 0-14",0.000184289558092132
2,20268,"P_migrants","Migrants",1.24039152069599e-05
2,20268,"P_university_studies","University degree",0.000448318722192198
2,20268,"P_read_write","Literacy",0.000183835043571889
2,20268,"P_cell_phone","Cell phone",-0.000130707951029763
2,20268,"P_internet","Internet",-0.00251140678301454
2,20268,"Current_income","Income",0.000179045906406827
2,20272,"P_age_00_14","Population 0-14",0.000268004572717473
2,20272,"P_migrants","Migrants",-3.22231494465086e-06
2,20272,"P_university_studies","University degree",0.000246999610681087
2,20272,"P_read_write","Literacy",0.000132669098093174
2,20272,"P_cell_phone","Cell phone",-0.000570130243431777
2,20272,"P_internet","Internet",0.00066824845271185
2,20272,"Current_income","Income",0.00056299747666344
2,20277,"P_age_00_14","Population 0-14",0.000148094724863768
2,20277,"P_migrants","Migrants",-3.71416754205711e-05
2,20277,"P_university_studies","University degree",0.000200648908503354
2,20277,"P_read_write","Literacy",0.000110487533675041
2,20277,"P_cell_phone","Cell phone",0.000261910608969629
2,20277,"P_internet","Internet",0.00124280306044966
2,20277,"Current_income","Income",0.000409287458751351
2,20279,"P_age_00_14","Population 0-14",3.0022360078874e-05
2,20279,"P_migrants","Migrants",0.000180837741936557
2,20279,"P_university_studies","University degree",0.000265466398559511
2,20279,"P_read_write","Literacy",9.85461883828975e-05
2,20279,"P_cell_phone","Cell phone",0.000258613319601864
2,20279,"P_internet","Internet",-0.000744757009670138
2,20279,"Current_income","Income",0.000329920381773263
2,20282,"P_age_00_14","Population 0-14",1.75809418578865e-05
2,20282,"P_migrants","Migrants",2.69957381533459e-05
2,20282,"P_university_studies","University degree",0.000166479265317321
2,20282,"P_read_write","Literacy",7.3128285293933e-05
2,20282,"P_cell_phone","Cell phone",0.000225929412408732
2,20282,"P_internet","Internet",0.00120451638940722
2,20282,"Current_income","Income",0.000522005604580045
2,20285,"P_age_00_14","Population 0-14",7.70523838582449e-05
2,20285,"P_migrants","Migrants",3.06785441352986e-05
2,20285,"P_university_studies","University degree",0.000175954468431883
2,20285,"P_read_write","Literacy",0.000105318154965062
2,20285,"P_cell_phone","Cell phone",0.000219558467506431
2,20285,"P_internet","Internet",0.00121748726814985
2,20285,"Current_income","Income",0.000476707966299728
2,20289,"P_age_00_14","Population 0-14",2.0067956938874e-05
2,20289,"P_migrants","Migrants",-2.38744669331936e-05
2,20289,"P_university_studies","University degree",-3.2026058761403e-05
2,20289,"P_read_write","Literacy",9.16569188120775e-05
2,20289,"P_cell_phone","Cell phone",0.000257050123764202
2,20289,"P_internet","Internet",0.00124879786744714
2,20289,"Current_income","Income",0.000421732518589124
2,20291,"P_age_00_14","Population 0-14",0.000176682093297131
2,20291,"P_migrants","Migrants",4.0802093280945e-05
2,20291,"P_university_studies","University degree",0.000159714007168077
2,20291,"P_read_write","Literacy",5.15333013026975e-05
2,20291,"P_cell_phone","Cell phone",0.000244701222982258
2,20291,"P_internet","Internet",0.00120657996740192
2,20291,"Current_income","Income",0.000541959248948842
2,20300,"P_age_00_14","Population 0-14",8.59186475281604e-05
2,20300,"P_migrants","Migrants",-8.92194566404214e-06
2,20300,"P_university_studies","University degree",3.56782547896728e-05
2,20300,"P_read_write","Literacy",0.000111679328256287
2,20300,"P_cell_phone","Cell phone",0.000250346318352968
2,20300,"P_internet","Internet",0.00092433561803773
2,20300,"Current_income","Income",0.000415008631534874
2,20302,"P_age_00_14","Population 0-14",0.000185047218110412
2,20302,"P_migrants","Migrants",6.64207982481457e-05
2,20302,"P_university_studies","University degree",0.000209962498047389
2,20302,"P_read_write","Literacy",0.000100694560387637
2,20302,"P_cell_phone","Cell phone",0.000258486223174259
2,20302,"P_internet","Internet",0.00122830434702337
2,20302,"Current_income","Income",0.000535228406079113
2,20305,"P_age_00_14","Population 0-14",-0.00025463750353083
2,20305,"P_migrants","Migrants",0.00018788652960211
2,20305,"P_university_studies","University degree",-0.000866884889546782
2,20305,"P_read_write","Literacy",-1.96919154404895e-05
2,20305,"P_cell_phone","Cell phone",4.75517590530217e-05
2,20305,"P_internet","Internet",-0.000827520038001239
2,20305,"Current_income","Income",2.93104608317662e-06
2,20306,"P_age_00_14","Population 0-14",0.000240295528783463
2,20306,"P_migrants","Migrants",3.59773221134674e-05
2,20306,"P_university_studies","University degree",0.000151226326124743
2,20306,"P_read_write","Literacy",0.000106868210423272
2,20306,"P_cell_phone","Cell phone",0.000249354518018663
2,20306,"P_internet","Internet",0.00122136040590703
2,20306,"Current_income","Income",0.000517060456331819
2,20307,"P_age_00_14","Population 0-14",4.7826182708377e-05
2,20307,"P_migrants","Migrants",0.000122238096082583
2,20307,"P_university_studies","University degree",3.39738144248258e-05
2,20307,"P_read_write","Literacy",9.11257884581573e-05
2,20307,"P_cell_phone","Cell phone",0.000252001394983381
2,20307,"P_internet","Internet",0.000706650025676936
2,20307,"Current_income","Income",0.000422182056354359
2,20308,"P_age_00_14","Population 0-14",7.61839692131616e-05
2,20308,"P_migrants","Migrants",0.000102907433756627
2,20308,"P_university_studies","University degree",3.68932137462252e-06
2,20308,"P_read_write","Literacy",6.42044979031198e-05
2,20308,"P_cell_phone","Cell phone",5.57213970751036e-05
2,20308,"P_internet","Internet",0.000369796063750982
2,20308,"Current_income","Income",0.000292132637696341
2,20312,"P_age_00_14","Population 0-14",0.000172743166331202
2,20312,"P_migrants","Migrants",7.39948663976975e-05
2,20312,"P_university_studies","University degree",0.000239310393226333
2,20312,"P_read_write","Literacy",0.000119354917842429
2,20312,"P_cell_phone","Cell phone",0.000259644672041759
2,20312,"P_internet","Internet",0.000860060681588948
2,20312,"Current_income","Income",0.000528232718352228
2,20314,"P_age_00_14","Population 0-14",-7.079779607011e-05
2,20314,"P_migrants","Migrants",-3.89723427360877e-05
2,20314,"P_university_studies","University degree",0.000218629604205489
2,20314,"P_read_write","Literacy",6.97977884556167e-05
2,20314,"P_cell_phone","Cell phone",0.000238296503084712
2,20314,"P_internet","Internet",0.00120768777560443
2,20314,"Current_income","Income",0.00040235897176899
2,20316,"P_age_00_14","Population 0-14",-0.000231034864555113
2,20316,"P_migrants","Migrants",-7.4144491009065e-06
2,20316,"P_university_studies","University degree",0.000284098874544725
2,20316,"P_read_write","Literacy",-6.37511475360952e-05
2,20316,"P_cell_phone","Cell phone",0.000271415134193376
2,20316,"P_internet","Internet",0.000398155971197411
2,20316,"Current_income","Income",0.000438043323811144
2,20318,"P_age_00_14","Population 0-14",8.35852479212917e-05
2,20318,"P_migrants","Migrants",8.55258167575812e-06
2,20318,"P_university_studies","University degree",-0.000106656683783513
2,20318,"P_read_write","Literacy",0.000100825491244905
2,20318,"P_cell_phone","Cell phone",-0.000574674806557596
2,20318,"P_internet","Internet",-0.000831369659863412
2,20318,"Current_income","Income",-2.5924549845513e-05
2,20319,"P_age_00_14","Population 0-14",2.54884380410658e-05
2,20319,"P_migrants","Migrants",8.54201134643517e-05
2,20319,"P_university_studies","University degree",1.90982173080556e-05
2,20319,"P_read_write","Literacy",8.27673211460933e-05
2,20319,"P_cell_phone","Cell phone",0.000251496210694313
2,20319,"P_internet","Internet",0.00121154834050685
2,20319,"Current_income","Income",0.000485961994854733
2,20324,"P_age_00_14","Population 0-14",0.000158293754793704
2,20324,"P_migrants","Migrants",-1.10641649371246e-05
2,20324,"P_university_studies","University degree",1.61344196385471e-05
2,20324,"P_read_write","Literacy",0.000115023307444062
2,20324,"P_cell_phone","Cell phone",0.000194853448192589
2,20324,"P_internet","Internet",0.000397000228986144
2,20324,"Current_income","Income",-4.4716307456838e-05
2,20327,"P_age_00_14","Population 0-14",8.22186630102806e-05
2,20327,"P_migrants","Migrants",3.40233600581996e-05
2,20327,"P_university_studies","University degree",3.24241264024749e-05
2,20327,"P_read_write","Literacy",0.000114759473945014
2,20327,"P_cell_phone","Cell phone",0.000231146623264067
2,20327,"P_internet","Internet",0.000902058207429945
2,20327,"Current_income","Income",9.17418874450959e-05
2,20328,"P_age_00_14","Population 0-14",0.000251774559728801
2,20328,"P_migrants","Migrants",0.00012545712525025
2,20328,"P_university_studies","University degree",0.000184637698112056
2,20328,"P_read_write","Literacy",8.30967692309059e-05
2,20328,"P_cell_phone","Cell phone",0.000259255029959604
2,20328,"P_internet","Internet",0.00122723414096981
2,20328,"Current_income","Income",0.00062673503998667
2,20334,"P_age_00_14","Population 0-14",8.12941725598648e-05
2,20334,"P_migrants","Migrants",1.6219797771555e-06
2,20334,"P_university_studies","University degree",0.000157671383931302
2,20334,"P_read_write","Literacy",0.000120805103506427
2,20334,"P_cell_phone","Cell phone",0.000218218076042831
2,20334,"P_internet","Internet",0.000696184055414051
2,20334,"Current_income","Income",0.000122762154205702
2,20344,"P_age_00_14","Population 0-14",0.000226847711019218
2,20344,"P_migrants","Migrants",5.73840297874995e-05
2,20344,"P_university_studies","University degree",0.000135465888888575
2,20344,"P_read_write","Literacy",9.87498133326881e-05
2,20344,"P_cell_phone","Cell phone",0.000253913138294592
2,20344,"P_internet","Internet",0.00114982947707176
2,20344,"Current_income","Income",0.000496512919198722
2,20345,"P_age_00_14","Population 0-14",7.8011114965193e-05
2,20345,"P_migrants","Migrants",-1.82958119694376e-05
2,20345,"P_university_studies","University degree",4.05151113227475e-05
2,20345,"P_read_write","Literacy",0.000104764032585081
2,20345,"P_cell_phone","Cell phone",0.000241064204601571
2,20345,"P_internet","Internet",0.00126497854944319
2,20345,"Current_income","Income",0.000418022420490161
2,20347,"P_age_00_14","Population 0-14",0.00013778850552626
2,20347,"P_migrants","Migrants",2.70025611825986e-05
2,20347,"P_university_studies","University degree",0.000278696097666398
2,20347,"P_read_write","Literacy",5.31107689312194e-05
2,20347,"P_cell_phone","Cell phone",0.000259773165453225
2,20347,"P_internet","Internet",0.00064557179575786
2,20347,"Current_income","Income",0.000566623173654079
2,20351,"P_age_00_14","Population 0-14",1.42629442052566e-05
2,20351,"P_migrants","Migrants",-0.000131168562802486
2,20351,"P_university_studies","University degree",0.000207888486329466
2,20351,"P_read_write","Literacy",8.84616019902751e-05
2,20351,"P_cell_phone","Cell phone",0.000257051025982946
2,20351,"P_internet","Internet",0.00122919690329581
2,20351,"Current_income","Income",0.000495087937451899
2,20353,"P_age_00_14","Population 0-14",0.000176821107743308
2,20353,"P_migrants","Migrants",-3.28613314195536e-05
2,20353,"P_university_studies","University degree",0.000218263521674089
2,20353,"P_read_write","Literacy",9.48207380133681e-05
2,20353,"P_cell_phone","Cell phone",0.00025352297234349
2,20353,"P_internet","Internet",0.000316354882670566
2,20353,"Current_income","Income",0.000515590771101415
2,20357,"P_age_00_14","Population 0-14",-0.000283553963527083
2,20357,"P_migrants","Migrants",0.000329055939801037
2,20357,"P_university_studies","University degree",0.000154585184645839
2,20357,"P_read_write","Literacy",8.7927357526496e-05
2,20357,"P_cell_phone","Cell phone",0.000287513772491366
2,20357,"P_internet","Internet",0.00139350758399814
2,20357,"Current_income","Income",0.000338987214490771
2,20361,"P_age_00_14","Population 0-14",-3.49617730535101e-05
2,20361,"P_migrants","Migrants",-1.57346930791391e-05
2,20361,"P_university_studies","University degree",0.000102307574707083
2,20361,"P_read_write","Literacy",9.13859330466948e-05
2,20361,"P_cell_phone","Cell phone",0.000274152611382306
2,20361,"P_internet","Internet",0.00124843185767531
2,20361,"Current_income","Income",0.000542212801519781
2,20362,"P_age_00_14","Population 0-14",-9.63231650530361e-05
2,20362,"P_migrants","Migrants",0.000258972402662039
2,20362,"P_university_studies","University degree",0.000195230808458291
2,20362,"P_read_write","Literacy",9.48167435126379e-05
2,20362,"P_cell_phone","Cell phone",0.000236039632000029
2,20362,"P_internet","Internet",-0.000149501633131877
2,20362,"Current_income","Income",-1.80261631612666e-05
2,20364,"P_age_00_14","Population 0-14",0.000184417105629109
2,20364,"P_migrants","Migrants",2.93461871478939e-05
2,20364,"P_university_studies","University degree",0.000156283887918107
2,20364,"P_read_write","Literacy",0.000116546296339948
2,20364,"P_cell_phone","Cell phone",0.000250431301537901
2,20364,"P_internet","Internet",0.000888108334038407
2,20364,"Current_income","Income",-1.72106192621868e-05
2,20366,"P_age_00_14","Population 0-14",0.00020621505973395
2,20366,"P_migrants","Migrants",2.1622441636282e-05
2,20366,"P_university_studies","University degree",0.000183771742740646
2,20366,"P_read_write","Literacy",0.000101275203633122
2,20366,"P_cell_phone","Cell phone",-5.43427495358628e-06
2,20366,"P_internet","Internet",0.0012282645329833
2,20366,"Current_income","Income",0.00054385547991842
2,20367,"P_age_00_14","Population 0-14",3.20302497129887e-05
2,20367,"P_migrants","Migrants",0.000129689709865488
2,20367,"P_university_studies","University degree",0.000211700287763961
2,20367,"P_read_write","Literacy",0.000107770785689354
2,20367,"P_cell_phone","Cell phone",0.000184096439625137
2,20367,"P_internet","Internet",0.00115005986299366
2,20367,"Current_income","Income",0.000307796377455816
2,20384,"P_age_00_14","Population 0-14",0.000206967451958917
2,20384,"P_migrants","Migrants",-5.45558359590359e-05
2,20384,"P_university_studies","University degree",0.000178659742232412
2,20384,"P_read_write","Literacy",0.000118530304462183
2,20384,"P_cell_phone","Cell phone",0.000159431612701155
2,20384,"P_internet","Internet",0.00122610852122307
2,20384,"Current_income","Income",0.000432769884355366
2,20386,"P_age_00_14","Population 0-14",0.000248012045631185
2,20386,"P_migrants","Migrants",2.50833545578644e-05
2,20386,"P_university_studies","University degree",0.000213189661735669
2,20386,"P_read_write","Literacy",0.000121662043966353
2,20386,"P_cell_phone","Cell phone",0.000260005181189626
2,20386,"P_internet","Internet",0.00116974429693073
2,20386,"Current_income","Income",0.00055639969650656
2,20391,"P_age_00_14","Population 0-14",0.000310690986225381
2,20391,"P_migrants","Migrants",0.000137749637360685
2,20391,"P_university_studies","University degree",0.000198481808183715
2,20391,"P_read_write","Literacy",0.000117371440865099
2,20391,"P_cell_phone","Cell phone",0.000294686673441902
2,20391,"P_internet","Internet",0.00124831334687769
2,20391,"Current_income","Income",0.000684191181790084
2,20398,"P_age_00_14","Population 0-14",-4.70381710329093e-05
2,20398,"P_migrants","Migrants",6.77895422995789e-06
2,20398,"P_university_studies","University degree",0.000164499841048382
2,20398,"P_read_write","Literacy",8.67443668539636e-05
2,20398,"P_cell_phone","Cell phone",0.000155870133312419
2,20398,"P_internet","Internet",0.00087475951295346
2,20398,"Current_income","Income",-4.28952189395204e-05
2,20401,"P_age_00_14","Population 0-14",0.000188535908819176
2,20401,"P_migrants","Migrants",-9.83897334663197e-05
2,20401,"P_university_studies","University degree",1.57628237502649e-05
2,20401,"P_read_write","Literacy",8.32846199045889e-05
2,20401,"P_cell_phone","Cell phone",6.08820009802002e-05
2,20401,"P_internet","Internet",0.00043325123260729
2,20401,"Current_income","Income",-6.53462702757679e-05
2,20402,"P_age_00_14","Population 0-14",0.000116509254439734
2,20402,"P_migrants","Migrants",-1.57643553393427e-05
2,20402,"P_university_studies","University degree",2.2139705833979e-05
2,20402,"P_read_write","Literacy",0.000103045676951297
2,20402,"P_cell_phone","Cell phone",0.000249321892624721
2,20402,"P_internet","Internet",0.00117503176443279
2,20402,"Current_income","Income",0.000316968536935747
2,20407,"P_age_00_14","Population 0-14",0.000183329932042398
2,20407,"P_migrants","Migrants",7.15117057552561e-05
2,20407,"P_university_studies","University degree",0.000198816560441628
2,20407,"P_read_write","Literacy",0.00010106685658684
2,20407,"P_cell_phone","Cell phone",0.000236232721363194
2,20407,"P_internet","Internet",0.001119643333368
2,20407,"Current_income","Income",0.000421445118263364
2,20410,"P_age_00_14","Population 0-14",0.0001242008729605
2,20410,"P_migrants","Migrants",7.29362727724947e-05
2,20410,"P_university_studies","University degree",0.000228828110266477
2,20410,"P_read_write","Literacy",-0.000102238329418469
2,20410,"P_cell_phone","Cell phone",0.000227732787607238
2,20410,"P_internet","Internet",0.0010981677332893
2,20410,"Current_income","Income",0.000518994987942278
2,20412,"P_age_00_14","Population 0-14",0.000185098469955847
2,20412,"P_migrants","Migrants",0.000126325365272351
2,20412,"P_university_studies","University degree",0.000267555005848408
2,20412,"P_read_write","Literacy",0.000116448289190885
2,20412,"P_cell_phone","Cell phone",0.00026989434263669
2,20412,"P_internet","Internet",0.000544948095921427
2,20412,"Current_income","Income",0.000544850248843431
2,20413,"P_age_00_14","Population 0-14",8.10392812127247e-05
2,20413,"P_migrants","Migrants",9.38117518671788e-05
2,20413,"P_university_studies","University degree",-0.00014145350723993
2,20413,"P_read_write","Literacy",6.48352506686933e-05
2,20413,"P_cell_phone","Cell phone",-0.000201721297344193
2,20413,"P_internet","Internet",-0.00118336104787886
2,20413,"Current_income","Income",-0.000414262118283659
2,20414,"P_age_00_14","Population 0-14",4.63266624137759e-05
2,20414,"P_migrants","Migrants",2.78324091596005e-06
2,20414,"P_university_studies","University degree",0.000166904967045411
2,20414,"P_read_write","Literacy",9.55280265770853e-05
2,20414,"P_cell_phone","Cell phone",0.00020671023230534
2,20414,"P_internet","Internet",0.00074550008866936
2,20414,"Current_income","Income",0.000478709174785763
2,20415,"P_age_00_14","Population 0-14",0.000171295876498334
2,20415,"P_migrants","Migrants",-1.14710098841897e-06
2,20415,"P_university_studies","University degree",0.000217698529013433
2,20415,"P_read_write","Literacy",0.00010849777754629
2,20415,"P_cell_phone","Cell phone",0.000188964302651584
2,20415,"P_internet","Internet",0.00120702874846756
2,20415,"Current_income","Income",0.000418531853938475
2,20418,"P_age_00_14","Population 0-14",-2.6651472580852e-05
2,20418,"P_migrants","Migrants",4.92187900817953e-05
2,20418,"P_university_studies","University degree",-7.46396908652969e-05
2,20418,"P_read_write","Literacy",0.000114821465103887
2,20418,"P_cell_phone","Cell phone",8.69397481437773e-05
2,20418,"P_internet","Internet",-0.000350627291481942
2,20418,"Current_income","Income",-0.000349066307535395
2,20421,"P_age_00_14","Population 0-14",-3.86927385989111e-05
2,20421,"P_migrants","Migrants",3.79831981263123e-05
2,20421,"P_university_studies","University degree",-5.87201648158953e-05
2,20421,"P_read_write","Literacy",1.80946390173631e-05
2,20421,"P_cell_phone","Cell phone",8.1670681538526e-05
2,20421,"P_internet","Internet",0.000363686995115131
2,20421,"Current_income","Income",-3.79866241928539e-06
2,20424,"P_age_00_14","Population 0-14",0.000211354257771745
2,20424,"P_migrants","Migrants",-5.29545468452852e-06
2,20424,"P_university_studies","University degree",0.000141784461447969
2,20424,"P_read_write","Literacy",0.000102765450719744
2,20424,"P_cell_phone","Cell phone",0.000255040562478825
2,20424,"P_internet","Internet",0.00123024475760758
2,20424,"Current_income","Income",0.000496779102832079
2,20427,"P_age_00_14","Population 0-14",1.51814392665983e-05
2,20427,"P_migrants","Migrants",3.03261658700649e-05
2,20427,"P_university_studies","University degree",2.79331707133679e-05
2,20427,"P_read_write","Literacy",0.000101795005321037
2,20427,"P_cell_phone","Cell phone",0.000230839810683392
2,20427,"P_internet","Internet",0.000652336806524545
2,20427,"Current_income","Income",0.000287204573396593
2,20428,"P_age_00_14","Population 0-14",0.000162444193847477
2,20428,"P_migrants","Migrants",0.000106758525362238
2,20428,"P_university_studies","University degree",0.000219681984162889
2,20428,"P_read_write","Literacy",9.60389879764989e-05
2,20428,"P_cell_phone","Cell phone",0.000235526764299721
2,20428,"P_internet","Internet",0.00119687255937606
2,20428,"Current_income","Income",0.000542276771739125
2,20429,"P_age_00_14","Population 0-14",-4.02005862270016e-05
2,20429,"P_migrants","Migrants",-9.37065706239082e-05
2,20429,"P_university_studies","University degree",0.000183021213160828
2,20429,"P_read_write","Literacy",8.94342592800967e-05
2,20429,"P_cell_phone","Cell phone",0.000265815586317331
2,20429,"P_internet","Internet",0.00115053111221641
2,20429,"Current_income","Income",0.000541846558917314
2,20433,"P_age_00_14","Population 0-14",0.000352457660483196
2,20433,"P_migrants","Migrants",3.62608989235014e-05
2,20433,"P_university_studies","University degree",0.00022474089928437
2,20433,"P_read_write","Literacy",0.000140226373332553
2,20433,"P_cell_phone","Cell phone",0.000312634365400299
2,20433,"P_internet","Internet",0.000431661028414965
2,20433,"Current_income","Income",0.000722872326150537
2,20439,"P_age_00_14","Population 0-14",0.000205562697374262
2,20439,"P_migrants","Migrants",-1.57815538841533e-05
2,20439,"P_university_studies","University degree",0.000202619514311664
2,20439,"P_read_write","Literacy",0.000109275941213127
2,20439,"P_cell_phone","Cell phone",0.000259279040619731
2,20439,"P_internet","Internet",0.000913552008569241
2,20439,"Current_income","Income",0.000399128039134666
2,20440,"P_age_00_14","Population 0-14",-0.000325950997648761
2,20440,"P_migrants","Migrants",0.000262596702668816
2,20440,"P_university_studies","University degree",0.000179512237082236
2,20440,"P_read_write","Literacy",7.8111443144735e-05
2,20440,"P_cell_phone","Cell phone",0.000285032234387472
2,20440,"P_internet","Internet",0.00135804910678416
2,20440,"Current_income","Income",0.000418420386267826
2,20441,"P_age_00_14","Population 0-14",0.000203404604690149
2,20441,"P_migrants","Migrants",0.000109462103864644
2,20441,"P_university_studies","University degree",0.00016073469305411
2,20441,"P_read_write","Literacy",0.000111883753561415
2,20441,"P_cell_phone","Cell phone",0.000224901508772746
2,20441,"P_internet","Internet",0.000850565556902438
2,20441,"Current_income","Income",0.000454655120847747
2,20448,"P_age_00_14","Population 0-14",0.00029184075538069
2,20448,"P_migrants","Migrants",0.000182567411684431
2,20448,"P_university_studies","University degree",0.000213300882023759
2,20448,"P_read_write","Literacy",0.000109712658741046
2,20448,"P_cell_phone","Cell phone",0.000260625965893269
2,20448,"P_internet","Internet",0.00122518592979759
2,20448,"Current_income","Income",0.000624641892500222
2,20449,"P_age_00_14","Population 0-14",-1.01143441497697e-05
2,20449,"P_migrants","Migrants",-2.17601500480669e-05
2,20449,"P_university_studies","University degree",0.000172727319295518
2,20449,"P_read_write","Literacy",8.06452735560015e-05
2,20449,"P_cell_phone","Cell phone",0.000261625711573288
2,20449,"P_internet","Internet",-0.000864349363837391
2,20449,"Current_income","Income",0.000192739447811618
2,20450,"P_age_00_14","Population 0-14",0.000289796385914087
2,20450,"P_migrants","Migrants",0.000132066183141433
2,20450,"P_university_studies","University degree",0.000262268265942112
2,20450,"P_read_write","Literacy",0.000128455372760072
2,20450,"P_cell_phone","Cell phone",0.000308535672957078
2,20450,"P_internet","Internet",0.00127275683917105
2,20450,"Current_income","Income",0.00069792103022337
2,20453,"P_age_00_14","Population 0-14",4.366471330286e-05
2,20453,"P_migrants","Migrants",-1.32836339616915e-05
2,20453,"P_university_studies","University degree",4.27696795668453e-05
2,20453,"P_read_write","Literacy",0.000101542485936079
2,20453,"P_cell_phone","Cell phone",0.000266077608102933
2,20453,"P_internet","Internet",0.000758514332119375
2,20453,"Current_income","Income",0.000323446263791993
2,20465,"P_age_00_14","Population 0-14",0.000166670462931506
2,20465,"P_migrants","Migrants",0.000163058619364165
2,20465,"P_university_studies","University degree",0.000215941836358979
2,20465,"P_read_write","Literacy",9.56825751927681e-05
2,20465,"P_cell_phone","Cell phone",0.00024837939417921
2,20465,"P_internet","Internet",0.00121812603902072
2,20465,"Current_income","Income",0.00052260170923546
2,20466,"P_age_00_14","Population 0-14",0.00025636437931098
2,20466,"P_migrants","Migrants",2.03496638278011e-05
2,20466,"P_university_studies","University degree",0.000203979012439959
2,20466,"P_read_write","Literacy",0.000131213048007339
2,20466,"P_cell_phone","Cell phone",0.00028801365988329
2,20466,"P_internet","Internet",0.00124342855997384
2,20466,"Current_income","Income",0.00051502394489944
2,20467,"P_age_00_14","Population 0-14",7.80929549364373e-05
2,20467,"P_migrants","Migrants",1.16552319013863e-05
2,20467,"P_university_studies","University degree",2.69443971774308e-05
2,20467,"P_read_write","Literacy",0.000108506690594368
2,20467,"P_cell_phone","Cell phone",0.000240558903897181
2,20467,"P_internet","Internet",0.000890424009412527
2,20467,"Current_income","Income",9.69914908637293e-05
2,20470,"P_age_00_14","Population 0-14",-0.00011588100460358
2,20470,"P_migrants","Migrants",0.000188007106771693
2,20470,"P_university_studies","University degree",0.000224615549086593
2,20470,"P_read_write","Literacy",8.4973762568552e-05
2,20470,"P_cell_phone","Cell phone",0.000263255904428661
2,20470,"P_internet","Internet",0.000350226764567196
2,20470,"Current_income","Income",0.000556256039999425
2,20472,"P_age_00_14","Population 0-14",-0.000139316354761831
2,20472,"P_migrants","Migrants",9.14881311473437e-05
2,20472,"P_university_studies","University degree",-6.37809935142286e-05
2,20472,"P_read_write","Literacy",6.85150880599394e-05
2,20472,"P_cell_phone","Cell phone",0.000130337968585081
2,20472,"P_internet","Internet",0.000417706090956926
2,20472,"Current_income","Income",2.77500731726832e-07
2,20474,"P_age_00_14","Population 0-14",6.63039900246076e-05
2,20474,"P_migrants","Migrants",-3.54042185790604e-06
2,20474,"P_university_studies","University degree",3.98661286453716e-05
2,20474,"P_read_write","Literacy",9.52073532971554e-05
2,20474,"P_cell_phone","Cell phone",0.000238408814766444
2,20474,"P_internet","Internet",0.00124703568872064
2,20474,"Current_income","Income",0.000321968051139265
2,20477,"P_age_00_14","Population 0-14",1.33602206915384e-05
2,20477,"P_migrants","Migrants",-0.000113043119199574
2,20477,"P_university_studies","University degree",3.21969673677813e-05
2,20477,"P_read_write","Literacy",0.000105061524664052
2,20477,"P_cell_phone","Cell phone",0.000272315053734928
2,20477,"P_internet","Internet",0.0012365507427603
2,20477,"Current_income","Income",0.000560998742002994
2,20482,"P_age_00_14","Population 0-14",0.000101904384791851
2,20482,"P_migrants","Migrants",2.2241918486543e-05
2,20482,"P_university_studies","University degree",-6.68617794872262e-05
2,20482,"P_read_write","Literacy",0.0001227043394465
2,20482,"P_cell_phone","Cell phone",0.000209281191928312
2,20482,"P_internet","Internet",0.000712291745003313
2,20482,"Current_income","Income",-0.000440231146058068
2,20485,"P_age_00_14","Population 0-14",0.000171241248608567
2,20485,"P_migrants","Migrants",1.24299970138964e-06
2,20485,"P_university_studies","University degree",0.000199330563191324
2,20485,"P_read_write","Literacy",0.000103217345895246
2,20485,"P_cell_phone","Cell phone",0.000242868438363075
2,20485,"P_internet","Internet",0.0012194593437016
2,20485,"Current_income","Income",0.000545305432751775
2,20489,"P_age_00_14","Population 0-14",0.000180180577444844
2,20489,"P_migrants","Migrants",-2.50006360147381e-05
2,20489,"P_university_studies","University degree",0.000236539650359191
2,20489,"P_read_write","Literacy",0.000112496170913801
2,20489,"P_cell_phone","Cell phone",0.000242245383560658
2,20489,"P_internet","Internet",0.000657999014947563
2,20489,"Current_income","Income",0.000525192124769092
2,20495,"P_age_00_14","Population 0-14",0.000226173768169247
2,20495,"P_migrants","Migrants",0.000127512743347324
2,20495,"P_university_studies","University degree",0.00014958372048568
2,20495,"P_read_write","Literacy",0.000153589222463779
2,20495,"P_cell_phone","Cell phone",0.000297575752483681
2,20495,"P_internet","Internet",0.00127162539865822
2,20495,"Current_income","Income",0.000564884103368968
2,20497,"P_age_00_14","Population 0-14",0.000216170024941675
2,20497,"P_migrants","Migrants",-8.66640766616911e-06
2,20497,"P_university_studies","University degree",0.000210575293749571
2,20497,"P_read_write","Literacy",0.00012347727897577
2,20497,"P_cell_phone","Cell phone",0.000261363486060873
2,20497,"P_internet","Internet",0.00123192043974996
2,20497,"Current_income","Income",0.000436304719187319
2,20498,"P_age_00_14","Population 0-14",0.000165421210112981
2,20498,"P_migrants","Migrants",-3.01043819490587e-05
2,20498,"P_university_studies","University degree",0.000194070322322659
2,20498,"P_read_write","Literacy",9.62019694270566e-05
2,20498,"P_cell_phone","Cell phone",0.000251225021202117
2,20498,"P_internet","Internet",0.00122544867917895
2,20498,"Current_income","Income",0.000538227497600019
2,20505,"P_age_00_14","Population 0-14",-0.000134118061396293
2,20505,"P_migrants","Migrants",0.000143192839459516
2,20505,"P_university_studies","University degree",2.12494887819048e-05
2,20505,"P_read_write","Literacy",6.44255414954387e-05
2,20505,"P_cell_phone","Cell phone",0.000119958313007373
2,20505,"P_internet","Internet",0.000347175140632316
2,20505,"Current_income","Income",-2.55340000876458e-06
2,20507,"P_age_00_14","Population 0-14",0.000164806158863939
2,20507,"P_migrants","Migrants",-0.000130829837871715
2,20507,"P_university_studies","University degree",0.000207187855266966
2,20507,"P_read_write","Literacy",9.96567032416351e-05
2,20507,"P_cell_phone","Cell phone",0.000178058573510498
2,20507,"P_internet","Internet",0.00124164612498134
2,20507,"Current_income","Income",0.00041589920874685
2,20508,"P_age_00_14","Population 0-14",-0.000253843463724479
2,20508,"P_migrants","Migrants",0.000146059857797809
2,20508,"P_university_studies","University degree",-8.35418031783774e-05
2,20508,"P_read_write","Literacy",6.4068372012116e-05
2,20508,"P_cell_phone","Cell phone",5.50473378098104e-05
2,20508,"P_internet","Internet",0.000274326361250132
2,20508,"Current_income","Income",-4.31082844443154e-05
2,20509,"P_age_00_14","Population 0-14",0.000206935263122432
2,20509,"P_migrants","Migrants",-2.86119611700997e-05
2,20509,"P_university_studies","University degree",0.000239085988141596
2,20509,"P_read_write","Literacy",0.000110512046376243
2,20509,"P_cell_phone","Cell phone",0.000253824371611699
2,20509,"P_internet","Internet",0.00123370159417391
2,20509,"Current_income","Income",0.000516487052664161
2,20512,"P_age_00_14","Population 0-14",0.000219237728742883
2,20512,"P_migrants","Migrants",-3.12195734295528e-05
2,20512,"P_university_studies","University degree",0.000144126257509924
2,20512,"P_read_write","Literacy",0.000100013719929848
2,20512,"P_cell_phone","Cell phone",0.000247534364461899
2,20512,"P_internet","Internet",0.00124954874627292
2,20512,"Current_income","Income",0.000491336279083043
2,20513,"P_age_00_14","Population 0-14",0.000135865469928831
2,20513,"P_migrants","Migrants",8.52378288982436e-05
2,20513,"P_university_studies","University degree",0.000153810222400352
2,20513,"P_read_write","Literacy",0.000108731364889536
2,20513,"P_cell_phone","Cell phone",0.000252493628067896
2,20513,"P_internet","Internet",0.000861294684000313
2,20513,"Current_income","Income",0.000404838443500921
2,20515,"P_age_00_14","Population 0-14",1.56601399794454e-05
2,20515,"P_migrants","Migrants",0.000124679849250242
2,20515,"P_university_studies","University degree",-0.000232268663239665
2,20515,"P_read_write","Literacy",5.11825310240965e-05
2,20515,"P_cell_phone","Cell phone",8.45423783175647e-05
2,20515,"P_internet","Internet",-0.000340047874487936
2,20515,"Current_income","Income",-6.99648298905231e-05
2,20516,"P_age_00_14","Population 0-14",0.000203603995032609
2,20516,"P_migrants","Migrants",-1.0039376320492e-05
2,20516,"P_university_studies","University degree",0.000194188120076433
2,20516,"P_read_write","Literacy",9.70358378253877e-05
2,20516,"P_cell_phone","Cell phone",0.00025523969088681
2,20516,"P_internet","Internet",0.00123314710799605
2,20516,"Current_income","Income",0.000522353278938681
2,20525,"P_age_00_14","Population 0-14",7.31398176867515e-06
2,20525,"P_migrants","Migrants",9.34488998609595e-05
2,20525,"P_university_studies","University degree",0.000149376195622608
2,20525,"P_read_write","Literacy",9.27804139791988e-05
2,20525,"P_cell_phone","Cell phone",0.00024730825680308
2,20525,"P_internet","Internet",0.000881099374964833
2,20525,"Current_income","Income",0.000405108148697764
2,20526,"P_age_00_14","Population 0-14",0.000197910179849714
2,20526,"P_migrants","Migrants",6.01885476498865e-05
2,20526,"P_university_studies","University degree",0.000160117371706292
2,20526,"P_read_write","Literacy",0.000124981379485689
2,20526,"P_cell_phone","Cell phone",0.000261582812527195
2,20526,"P_internet","Internet",0.000653956201858819
2,20526,"Current_income","Income",0.000483813259052113
2,20533,"P_age_00_14","Population 0-14",8.41732980916277e-05
2,20533,"P_migrants","Migrants",-2.26106312766206e-05
2,20533,"P_university_studies","University degree",0.0002526773896534
2,20533,"P_read_write","Literacy",8.01029018475674e-05
2,20533,"P_cell_phone","Cell phone",0.000233852028031833
2,20533,"P_internet","Internet",-0.000355141470208764
2,20533,"Current_income","Income",0.000312713120365515
2,20534,"P_age_00_14","Population 0-14",0.000247609568759799
2,20534,"P_migrants","Migrants",-2.354459502385e-05
2,20534,"P_university_studies","University degree",0.000137846975121647
2,20534,"P_read_write","Literacy",9.57000083872117e-05
2,20534,"P_cell_phone","Cell phone",0.000246152892941609
2,20534,"P_internet","Internet",0.00125317624770105
2,20534,"Current_income","Income",0.000301167368888855
2,20535,"P_age_00_14","Population 0-14",0.000201860253582709
2,20535,"P_migrants","Migrants",-7.0797027547087e-06
2,20535,"P_university_studies","University degree",0.000163710734341294
2,20535,"P_read_write","Literacy",0.000100141878647264
2,20535,"P_cell_phone","Cell phone",0.000254749436862767
2,20535,"P_internet","Internet",0.00125500478316098
2,20535,"Current_income","Income",0.000543734349776059
2,20538,"P_age_00_14","Population 0-14",0.000101470905065071
2,20538,"P_migrants","Migrants",0.000111625755380373
2,20538,"P_university_studies","University degree",0.000104904742329381
2,20538,"P_read_write","Literacy",7.12322726030834e-05
2,20538,"P_cell_phone","Cell phone",0.000251454388489947
2,20538,"P_internet","Internet",0.00122119416482747
2,20538,"Current_income","Income",0.000420169293647632
2,20542,"P_age_00_14","Population 0-14",-6.60400037304498e-05
2,20542,"P_migrants","Migrants",-2.24016766878776e-05
2,20542,"P_university_studies","University degree",0.00018285664555151
2,20542,"P_read_write","Literacy",0.000101790079497732
2,20542,"P_cell_phone","Cell phone",0.000236364940064959
2,20542,"P_internet","Internet",0.00123701291158795
2,20542,"Current_income","Income",0.000434062443673611
2,20543,"P_age_00_14","Population 0-14",0.000194766456843354
2,20543,"P_migrants","Migrants",2.06670865736669e-05
2,20543,"P_university_studies","University degree",0.000238522174186073
2,20543,"P_read_write","Literacy",0.000118776450108271
2,20543,"P_cell_phone","Cell phone",0.000274450663710013
2,20543,"P_internet","Internet",0.00125524704344571
2,20543,"Current_income","Income",0.000485364435007796
2,20557,"P_age_00_14","Population 0-14",-0.000107655287138186
2,20557,"P_migrants","Migrants",0.000242272202740423
2,20557,"P_university_studies","University degree",-0.000347426597727463
2,20557,"P_read_write","Literacy",6.59239522065036e-05
2,20557,"P_cell_phone","Cell phone",5.08886405441444e-05
2,20557,"P_internet","Internet",-0.000153820947161876
2,20557,"Current_income","Income",1.7890119124786e-05
2,20563,"P_age_00_14","Population 0-14",-0.00036581521271728
2,20563,"P_migrants","Migrants",-0.000172422718605958
2,20563,"P_university_studies","University degree",-0.000135963258799165
2,20563,"P_read_write","Literacy",8.39882050058804e-05
2,20563,"P_cell_phone","Cell phone",0.000279428815701976
2,20563,"P_internet","Internet",0.0012178176548332
2,20563,"Current_income","Income",0.000422255310695618
2,21001,"P_age_00_14","Population 0-14",0.000207812612643465
2,21001,"P_migrants","Migrants",-1.91925864783116e-05
2,21001,"P_university_studies","University degree",0.000144625417306088
2,21001,"P_read_write","Literacy",6.44131505396217e-05
2,21001,"P_cell_phone","Cell phone",6.6152228100691e-05
2,21001,"P_internet","Internet",0.000645530759356916
2,21001,"Current_income","Income",6.75916598993354e-05
2,21002,"P_age_00_14","Population 0-14",-1.19268179332721e-05
2,21002,"P_migrants","Migrants",7.65645163482986e-05
2,21002,"P_university_studies","University degree",0.000200043679797091
2,21002,"P_read_write","Literacy",8.90127193997614e-05
2,21002,"P_cell_phone","Cell phone",0.000216187501791865
2,21002,"P_internet","Internet",0.0012239859206602
2,21002,"Current_income","Income",0.0003082191105932
2,21004,"P_age_00_14","Population 0-14",0.000250359764322639
2,21004,"P_migrants","Migrants",7.05624697729945e-05
2,21004,"P_university_studies","University degree",0.000186002012924291
2,21004,"P_read_write","Literacy",3.95551978726871e-05
2,21004,"P_cell_phone","Cell phone",0.000130082597024739
2,21004,"P_internet","Internet",0.000767558172810823
2,21004,"Current_income","Income",0.000301704014418647
2,21005,"P_age_00_14","Population 0-14",-0.000319428683724254
2,21005,"P_migrants","Migrants",3.95881070289761e-05
2,21005,"P_university_studies","University degree",3.08754133584443e-05
2,21005,"P_read_write","Literacy",0.000114584501716308
2,21005,"P_cell_phone","Cell phone",0.000260506669292226
2,21005,"P_internet","Internet",0.00131250987760723
2,21005,"Current_income","Income",0.000565303023904562
2,21006,"P_age_00_14","Population 0-14",0.000236319261603057
2,21006,"P_migrants","Migrants",0.000158764058141969
2,21006,"P_university_studies","University degree",0.000270091200945899
2,21006,"P_read_write","Literacy",0.000113502035674173
2,21006,"P_cell_phone","Cell phone",0.000295723526505753
2,21006,"P_internet","Internet",0.00121737574227154
2,21006,"Current_income","Income",0.000519767461810261
2,21007,"P_age_00_14","Population 0-14",0.000211416961974464
2,21007,"P_migrants","Migrants",-1.27352332128794e-05
2,21007,"P_university_studies","University degree",0.00010377377475379
2,21007,"P_read_write","Literacy",9.34682975639589e-05
2,21007,"P_cell_phone","Cell phone",0.000246498675551265
2,21007,"P_internet","Internet",0.00121817260514945
2,21007,"Current_income","Income",0.000495547370519489
2,21008,"P_age_00_14","Population 0-14",0.000162762153195217
2,21008,"P_migrants","Migrants",0.000123934878502041
2,21008,"P_university_studies","University degree",0.000142716118716635
2,21008,"P_read_write","Literacy",5.75985104660504e-05
2,21008,"P_cell_phone","Cell phone",-0.000234522914979607
2,21008,"P_internet","Internet",0.000341620063409209
2,21008,"Current_income","Income",0.00027598044835031
2,21011,"P_age_00_14","Population 0-14",0.000188777354196645
2,21011,"P_migrants","Migrants",-3.40396400133613e-05
2,21011,"P_university_studies","University degree",0.000268896023044363
2,21011,"P_read_write","Literacy",9.29995148908347e-05
2,21011,"P_cell_phone","Cell phone",0.000256426574196666
2,21011,"P_internet","Internet",0.000406740728067234
2,21011,"Current_income","Income",0.000491392624098808
2,21012,"P_age_00_14","Population 0-14",-6.77632101542258e-08
2,21012,"P_migrants","Migrants",1.35118489197339e-05
2,21012,"P_university_studies","University degree",0.000153588625835255
2,21012,"P_read_write","Literacy",6.84815677232109e-05
2,21012,"P_cell_phone","Cell phone",6.72037931508385e-05
2,21012,"P_internet","Internet",0.000868137052748352
2,21012,"Current_income","Income",0.000392041984014213
2,21014,"P_age_00_14","Population 0-14",1.91584003914613e-05
2,21014,"P_migrants","Migrants",0.000133062552777119
2,21014,"P_university_studies","University degree",0.000210588390473276
2,21014,"P_read_write","Literacy",9.53238413785584e-05
2,21014,"P_cell_phone","Cell phone",0.000244224414927885
2,21014,"P_internet","Internet",0.00120667403098196
2,21014,"Current_income","Income",0.000449414656031877
2,21015,"P_age_00_14","Population 0-14",0.00018205278320238
2,21015,"P_migrants","Migrants",0.0001897172187455
2,21015,"P_university_studies","University degree",-0.000109860760858282
2,21015,"P_read_write","Literacy",-0.000123048550449312
2,21015,"P_cell_phone","Cell phone",-0.000556013663299382
2,21015,"P_internet","Internet",-0.000943635473959148
2,21015,"Current_income","Income",-3.37720848619938e-05
2,21016,"P_age_00_14","Population 0-14",7.81409544288181e-05
2,21016,"P_migrants","Migrants",7.487502443837e-05
2,21016,"P_university_studies","University degree",0.000170797226019204
2,21016,"P_read_write","Literacy",9.51696929405443e-05
2,21016,"P_cell_phone","Cell phone",0.000221444133785553
2,21016,"P_internet","Internet",0.000680364319123328
2,21016,"Current_income","Income",0.000411166460253298
2,21017,"P_age_00_14","Population 0-14",0.000254274753388017
2,21017,"P_migrants","Migrants",0.000135972062707879
2,21017,"P_university_studies","University degree",0.000166645913850516
2,21017,"P_read_write","Literacy",0.000108445630758069
2,21017,"P_cell_phone","Cell phone",0.00014463285333477
2,21017,"P_internet","Internet",0.00115467223804444
2,21017,"Current_income","Income",0.000477985944598913
2,21019,"P_age_00_14","Population 0-14",2.22194448724622e-05
2,21019,"P_migrants","Migrants",-2.13439780054614e-05
2,21019,"P_university_studies","University degree",-0.000353409588569775
2,21019,"P_read_write","Literacy",-0.000138383082230575
2,21019,"P_cell_phone","Cell phone",-4.05350874643773e-05
2,21019,"P_internet","Internet",-0.00126184802502394
2,21019,"Current_income","Income",-0.000153191198478453
2,21020,"P_age_00_14","Population 0-14",0.000165437202667817
2,21020,"P_migrants","Migrants",6.5007210650947e-05
2,21020,"P_university_studies","University degree",0.000157105401740409
2,21020,"P_read_write","Literacy",-0.000123484700452536
2,21020,"P_cell_phone","Cell phone",0.000138023286126554
2,21020,"P_internet","Internet",0.000638066441752017
2,21020,"Current_income","Income",0.000308434042381123
2,21021,"P_age_00_14","Population 0-14",7.64487267588265e-05
2,21021,"P_migrants","Migrants",-9.46570580708794e-05
2,21021,"P_university_studies","University degree",0.000212131766602397
2,21021,"P_read_write","Literacy",8.01302812760696e-05
2,21021,"P_cell_phone","Cell phone",0.000251151039265096
2,21021,"P_internet","Internet",-0.000831193290650845
2,21021,"Current_income","Income",-5.80057940169354e-06
2,21022,"P_age_00_14","Population 0-14",6.17475379840471e-05
2,21022,"P_migrants","Migrants",-6.6020320446114e-06
2,21022,"P_university_studies","University degree",0.000188834586879238
2,21022,"P_read_write","Literacy",8.92966345418245e-05
2,21022,"P_cell_phone","Cell phone",0.000243714996031485
2,21022,"P_internet","Internet",0.00112070061732084
2,21022,"Current_income","Income",0.000490444246679544
2,21023,"P_age_00_14","Population 0-14",0.000174638669705018
2,21023,"P_migrants","Migrants",3.30235779983923e-05
2,21023,"P_university_studies","University degree",0.000169588121934794
2,21023,"P_read_write","Literacy",0.000102214638900477
2,21023,"P_cell_phone","Cell phone",0.000236746636801399
2,21023,"P_internet","Internet",0.00122464459855109
2,21023,"Current_income","Income",0.0005358214257285
2,21025,"P_age_00_14","Population 0-14",7.97566171968356e-05
2,21025,"P_migrants","Migrants",5.45653665540158e-06
2,21025,"P_university_studies","University degree",4.30996951763518e-05
2,21025,"P_read_write","Literacy",0.000105813996924553
2,21025,"P_cell_phone","Cell phone",0.000189533355296589
2,21025,"P_internet","Internet",0.00125940376892686
2,21025,"Current_income","Income",0.000396714225644246
2,21026,"P_age_00_14","Population 0-14",3.93847476516385e-05
2,21026,"P_migrants","Migrants",-9.60171382757835e-06
2,21026,"P_university_studies","University degree",0.00024104057229124
2,21026,"P_read_write","Literacy",0.000109691289253533
2,21026,"P_cell_phone","Cell phone",0.00024098958238028
2,21026,"P_internet","Internet",-0.000327184505295008
2,21026,"Current_income","Income",0.000333511794451624
2,21028,"P_age_00_14","Population 0-14",0.000244915107032284
2,21028,"P_migrants","Migrants",0.000184855118277483
2,21028,"P_university_studies","University degree",0.000258013984421268
2,21028,"P_read_write","Literacy",0.000103943559224717
2,21028,"P_cell_phone","Cell phone",0.000270706455921754
2,21028,"P_internet","Internet",0.00123907579109073
2,21028,"Current_income","Income",0.000622379593551159
2,21029,"P_age_00_14","Population 0-14",3.33993630192708e-05
2,21029,"P_migrants","Migrants",0.000155254834680818
2,21029,"P_university_studies","University degree",-2.85440146399196e-05
2,21029,"P_read_write","Literacy",7.78151224949397e-05
2,21029,"P_cell_phone","Cell phone",0.000234362392802723
2,21029,"P_internet","Internet",0.000900344923138618
2,21029,"Current_income","Income",0.000464374577859417
2,21030,"P_age_00_14","Population 0-14",4.67902791569941e-05
2,21030,"P_migrants","Migrants",6.53061360935681e-05
2,21030,"P_university_studies","University degree",0.000195307526155375
2,21030,"P_read_write","Literacy",9.12929099285975e-05
2,21030,"P_cell_phone","Cell phone",0.000257509382208809
2,21030,"P_internet","Internet",0.000418761424953118
2,21030,"Current_income","Income",0.000509108416736126
2,21031,"P_age_00_14","Population 0-14",6.30607028142549e-05
2,21031,"P_migrants","Migrants",-1.36663429657347e-05
2,21031,"P_university_studies","University degree",0.00017438865324948
2,21031,"P_read_write","Literacy",9.8357028036844e-05
2,21031,"P_cell_phone","Cell phone",0.000197601460968144
2,21031,"P_internet","Internet",0.00121954630594701
2,21031,"Current_income","Income",0.000422286306275055
2,21032,"P_age_00_14","Population 0-14",3.53879258909728e-05
2,21032,"P_migrants","Migrants",8.90104274731129e-08
2,21032,"P_university_studies","University degree",0.000169817358255386
2,21032,"P_read_write","Literacy",8.92712341737933e-05
2,21032,"P_cell_phone","Cell phone",0.000250830984441563
2,21032,"P_internet","Internet",0.00083901931066066
2,21032,"Current_income","Income",0.000434805348049849
2,21033,"P_age_00_14","Population 0-14",7.20033494872041e-05
2,21033,"P_migrants","Migrants",-1.21568955364637e-05
2,21033,"P_university_studies","University degree",0.000201124144950882
2,21033,"P_read_write","Literacy",-9.7344302048441e-05
2,21033,"P_cell_phone","Cell phone",0.000245640054345131
2,21033,"P_internet","Internet",0.00122144049964845
2,21033,"Current_income","Income",0.000499353453051299
2,21034,"P_age_00_14","Population 0-14",0.000132301342091523
2,21034,"P_migrants","Migrants",-2.23496135731693e-05
2,21034,"P_university_studies","University degree",-0.000360932637704536
2,21034,"P_read_write","Literacy",-0.000173054824699648
2,21034,"P_cell_phone","Cell phone",-7.9585071944166e-05
2,21034,"P_internet","Internet",-0.00142832240089774
2,21034,"Current_income","Income",3.84552258765325e-05
2,21038,"P_age_00_14","Population 0-14",0.000282654393231496
2,21038,"P_migrants","Migrants",0.000147760554682463
2,21038,"P_university_studies","University degree",0.000224932577111758
2,21038,"P_read_write","Literacy",-0.000128509884234518
2,21038,"P_cell_phone","Cell phone",5.4266994993668e-05
2,21038,"P_internet","Internet",0.000764642318245023
2,21038,"Current_income","Income",0.000150216757901944
2,21039,"P_age_00_14","Population 0-14",0.0001371363614453
2,21039,"P_migrants","Migrants",1.05061126305372e-05
2,21039,"P_university_studies","University degree",0.000165313816978596
2,21039,"P_read_write","Literacy",0.000108240892586764
2,21039,"P_cell_phone","Cell phone",0.000246542418608442
2,21039,"P_internet","Internet",0.00122556288260967
2,21039,"Current_income","Income",0.00047830500989221
2,21040,"P_age_00_14","Population 0-14",0.000183894910151139
2,21040,"P_migrants","Migrants",0.000107756175566465
2,21040,"P_university_studies","University degree",0.00017283734632656
2,21040,"P_read_write","Literacy",3.97317962779198e-05
2,21040,"P_cell_phone","Cell phone",5.97102043684572e-05
2,21040,"P_internet","Internet",0.00114900816697627
2,21040,"Current_income","Income",0.000263818335952237
2,21041,"P_age_00_14","Population 0-14",-0.000131459906697273
2,21041,"P_migrants","Migrants",9.33992341742851e-05
2,21041,"P_university_studies","University degree",-0.000983164645731449
2,21041,"P_read_write","Literacy",8.06331227067858e-05
2,21041,"P_cell_phone","Cell phone",-0.000476004497613758
2,21041,"P_internet","Internet",-0.00243151606991887
2,21041,"Current_income","Income",-0.000619553320575505
2,21043,"P_age_00_14","Population 0-14",0.000133288020151667
2,21043,"P_migrants","Migrants",0.000131477383547463
2,21043,"P_university_studies","University degree",0.000153740867972374
2,21043,"P_read_write","Literacy",0.000111783730972093
2,21043,"P_cell_phone","Cell phone",0.000190135979210027
2,21043,"P_internet","Internet",0.00123835832346231
2,21043,"Current_income","Income",0.000405972823500633
2,21044,"P_age_00_14","Population 0-14",0.000169472026755102
2,21044,"P_migrants","Migrants",7.84167932579294e-05
2,21044,"P_university_studies","University degree",0.000150527004734613
2,21044,"P_read_write","Literacy",5.75335252506193e-05
2,21044,"P_cell_phone","Cell phone",6.09315575275104e-05
2,21044,"P_internet","Internet",0.000690769113134593
2,21044,"Current_income","Income",0.000272802193649113
2,21045,"P_age_00_14","Population 0-14",4.88023579237051e-05
2,21045,"P_migrants","Migrants",2.65478010987863e-05
2,21045,"P_university_studies","University degree",1.25995411508484e-05
2,21045,"P_read_write","Literacy",7.18692754162475e-05
2,21045,"P_cell_phone","Cell phone",0.000172520987689495
2,21045,"P_internet","Internet",0.000482949952129275
2,21045,"Current_income","Income",-2.13533476198791e-05
2,21046,"P_age_00_14","Population 0-14",0.000187400350114331
2,21046,"P_migrants","Migrants",4.89151170768309e-05
2,21046,"P_university_studies","University degree",0.000151484491652809
2,21046,"P_read_write","Literacy",3.18354432238266e-05
2,21046,"P_cell_phone","Cell phone",0.000214991261600517
2,21046,"P_internet","Internet",0.000187991085113026
2,21046,"Current_income","Income",0.000388158223358914
2,21047,"P_age_00_14","Population 0-14",5.12820624862798e-05
2,21047,"P_migrants","Migrants",2.11969381780364e-05
2,21047,"P_university_studies","University degree",-6.07995061727706e-05
2,21047,"P_read_write","Literacy",8.53364908834919e-05
2,21047,"P_cell_phone","Cell phone",0.000216445434489287
2,21047,"P_internet","Internet",0.000516207714099437
2,21047,"Current_income","Income",-2.04470179596683e-05
2,21048,"P_age_00_14","Population 0-14",4.45510559075046e-05
2,21048,"P_migrants","Migrants",-2.43609501922037e-05
2,21048,"P_university_studies","University degree",0.000155128684127703
2,21048,"P_read_write","Literacy",-0.000160927520482801
2,21048,"P_cell_phone","Cell phone",5.8672721934272e-05
2,21048,"P_internet","Internet",0.000216013460885733
2,21048,"Current_income","Income",0.000307086680550128
2,21049,"P_age_00_14","Population 0-14",0.000219467940041795
2,21049,"P_migrants","Migrants",0.00011310692934785
2,21049,"P_university_studies","University degree",0.000160176772624254
2,21049,"P_read_write","Literacy",0.000111541470687371
2,21049,"P_cell_phone","Cell phone",0.000266024202574044
2,21049,"P_internet","Internet",0.00126810709480196
2,21049,"Current_income","Income",0.000551230565179139
2,21050,"P_age_00_14","Population 0-14",0.000255188875598833
2,21050,"P_migrants","Migrants",0.000120601143862586
2,21050,"P_university_studies","University degree",0.000170183193404227
2,21050,"P_read_write","Literacy",0.000119442353025079
2,21050,"P_cell_phone","Cell phone",0.000264568981947377
2,21050,"P_internet","Internet",0.00123060797341168
2,21050,"Current_income","Income",0.000564668036531657
2,21051,"P_age_00_14","Population 0-14",3.85505773010664e-05
2,21051,"P_migrants","Migrants",-2.11353449230955e-06
2,21051,"P_university_studies","University degree",0.00014550585183315
2,21051,"P_read_write","Literacy",8.28425399959087e-05
2,21051,"P_cell_phone","Cell phone",8.01670175860636e-05
2,21051,"P_internet","Internet",6.22670995653607e-05
2,21051,"Current_income","Income",-4.7128603910096e-05
2,21052,"P_age_00_14","Population 0-14",-0.000339792633894831
2,21052,"P_migrants","Migrants",0.00031972152646631
2,21052,"P_university_studies","University degree",0.000226123142056167
2,21052,"P_read_write","Literacy",7.40984905860387e-05
2,21052,"P_cell_phone","Cell phone",0.000259168446063995
2,21052,"P_internet","Internet",0.00074453221168369
2,21052,"Current_income","Income",0.000427583290729672
2,21053,"P_age_00_14","Population 0-14",0.000129632229800336
2,21053,"P_migrants","Migrants",-4.08758314733859e-05
2,21053,"P_university_studies","University degree",0.00013553180906456
2,21053,"P_read_write","Literacy",5.95397104916628e-05
2,21053,"P_cell_phone","Cell phone",8.14637969597243e-05
2,21053,"P_internet","Internet",0.000632337527349591
2,21053,"Current_income","Income",0.000266997114522383
2,21054,"P_age_00_14","Population 0-14",0.000213809806155041
2,21054,"P_migrants","Migrants",0.000116985414933879
2,21054,"P_university_studies","University degree",0.000164171360665932
2,21054,"P_read_write","Literacy",8.29330892884172e-05
2,21054,"P_cell_phone","Cell phone",6.09601229371037e-05
2,21054,"P_internet","Internet",0.000890246708877385
2,21054,"Current_income","Income",0.000266565999481827
2,21056,"P_age_00_14","Population 0-14",-0.000139218071126379
2,21056,"P_migrants","Migrants",-3.68036126019433e-05
2,21056,"P_university_studies","University degree",-8.5869432950858e-05
2,21056,"P_read_write","Literacy",8.57737177284434e-05
2,21056,"P_cell_phone","Cell phone",0.000284468726022169
2,21056,"P_internet","Internet",0.000660146703012288
2,21056,"Current_income","Income",0.000328464549966156
2,21057,"P_age_00_14","Population 0-14",0.000218751316424459
2,21057,"P_migrants","Migrants",-1.6993222743622e-05
2,21057,"P_university_studies","University degree",0.000166975107276812
2,21057,"P_read_write","Literacy",8.66324044181965e-05
2,21057,"P_cell_phone","Cell phone",0.000237351239775307
2,21057,"P_internet","Internet",0.000852920231409371
2,21057,"Current_income","Income",0.000525003299117088
2,21058,"P_age_00_14","Population 0-14",0.000226146003114991
2,21058,"P_migrants","Migrants",6.94558621034957e-05
2,21058,"P_university_studies","University degree",0.000213364546652883
2,21058,"P_read_write","Literacy",0.000110970468085725
2,21058,"P_cell_phone","Cell phone",0.000243475107708946
2,21058,"P_internet","Internet",0.00122106925118715
2,21058,"Current_income","Income",0.000553300022147596
2,21060,"P_age_00_14","Population 0-14",0.000210400365176611
2,21060,"P_migrants","Migrants",-2.34292638197076e-05
2,21060,"P_university_studies","University degree",0.000205443386221305
2,21060,"P_read_write","Literacy",-7.83874056651257e-05
2,21060,"P_cell_phone","Cell phone",0.000175575871253386
2,21060,"P_internet","Internet",0.000221993861487135
2,21060,"Current_income","Income",0.000483635609271005
2,21061,"P_age_00_14","Population 0-14",0.000227757598622702
2,21061,"P_migrants","Migrants",0.000144052217365243
2,21061,"P_university_studies","University degree",0.000181596158654429
2,21061,"P_read_write","Literacy",9.85731894616038e-05
2,21061,"P_cell_phone","Cell phone",0.000258673535427079
2,21061,"P_internet","Internet",0.00122151814866811
2,21061,"Current_income","Income",0.000547748291864991
2,21062,"P_age_00_14","Population 0-14",9.51099282247014e-05
2,21062,"P_migrants","Migrants",-6.16681927567697e-06
2,21062,"P_university_studies","University degree",0.000206748212804087
2,21062,"P_read_write","Literacy",8.87178975972347e-05
2,21062,"P_cell_phone","Cell phone",0.000146994250826538
2,21062,"P_internet","Internet",0.000479983194964007
2,21062,"Current_income","Income",0.000283973291516304
2,21063,"P_age_00_14","Population 0-14",0.000165304736583494
2,21063,"P_migrants","Migrants",2.20271995203802e-05
2,21063,"P_university_studies","University degree",0.000132692133774981
2,21063,"P_read_write","Literacy",5.73621291550808e-05
2,21063,"P_cell_phone","Cell phone",0.000126318729599006
2,21063,"P_internet","Internet",0.00075890589505434
2,21063,"Current_income","Income",-1.81335417437367e-05
2,21064,"P_age_00_14","Population 0-14",2.70905748038786e-05
2,21064,"P_migrants","Migrants",9.41649195738137e-05
2,21064,"P_university_studies","University degree",0.00016312938532792
2,21064,"P_read_write","Literacy",8.90891169547103e-05
2,21064,"P_cell_phone","Cell phone",0.000259157182881609
2,21064,"P_internet","Internet",0.000870334275532514
2,21064,"Current_income","Income",0.000421423581428826
2,21065,"P_age_00_14","Population 0-14",0.000207271412364207
2,21065,"P_migrants","Migrants",0.0001053930609487
2,21065,"P_university_studies","University degree",0.000204060619580559
2,21065,"P_read_write","Literacy",9.39014717005193e-05
2,21065,"P_cell_phone","Cell phone",4.87894976686221e-05
2,21065,"P_internet","Internet",0.00113466032780707
2,21065,"Current_income","Income",0.000474394590128213
2,21067,"P_age_00_14","Population 0-14",0.00015085021732375
2,21067,"P_migrants","Migrants",6.12906296737492e-05
2,21067,"P_university_studies","University degree",0.000127169114421122
2,21067,"P_read_write","Literacy",8.93474352778867e-05
2,21067,"P_cell_phone","Cell phone",0.00016480112390127
2,21067,"P_internet","Internet",0.000703463971149176
2,21067,"Current_income","Income",0.000282060034805909
2,21068,"P_age_00_14","Population 0-14",0.000153888177010231
2,21068,"P_migrants","Migrants",0.00011456372885732
2,21068,"P_university_studies","University degree",0.000242344773141667
2,21068,"P_read_write","Literacy",0.000113227120891679
2,21068,"P_cell_phone","Cell phone",0.000253438949584961
2,21068,"P_internet","Internet",0.00113800459075719
2,21068,"Current_income","Income",0.000531194265931845
2,21069,"P_age_00_14","Population 0-14",0.000155197572894394
2,21069,"P_migrants","Migrants",-6.34588877801434e-06
2,21069,"P_university_studies","University degree",0.000176377303432673
2,21069,"P_read_write","Literacy",3.85599123546854e-05
2,21069,"P_cell_phone","Cell phone",0.000168695274624042
2,21069,"P_internet","Internet",0.000623542116954923
2,21069,"Current_income","Income",0.000265404931269586
2,21070,"P_age_00_14","Population 0-14",-1.02331869129557e-05
2,21070,"P_migrants","Migrants",2.2952949620958e-06
2,21070,"P_university_studies","University degree",0.000176010507857427
2,21070,"P_read_write","Literacy",7.46450896258466e-05
2,21070,"P_cell_phone","Cell phone",0.000231166428420693
2,21070,"P_internet","Internet",0.00113024259917438
2,21070,"Current_income","Income",0.000425106059992686
2,21071,"P_age_00_14","Population 0-14",0.0001043706870405
2,21071,"P_migrants","Migrants",8.13311562524177e-05
2,21071,"P_university_studies","University degree",-0.000102245641755871
2,21071,"P_read_write","Literacy",5.43118876521476e-05
2,21071,"P_cell_phone","Cell phone",6.10150273132604e-05
2,21071,"P_internet","Internet",0.000230971127166413
2,21071,"Current_income","Income",-9.5197137852665e-06
2,21072,"P_age_00_14","Population 0-14",6.30795184406452e-05
2,21072,"P_migrants","Migrants",0.000118808005936444
2,21072,"P_university_studies","University degree",0.000192727893590927
2,21072,"P_read_write","Literacy",0.000100500219559763
2,21072,"P_cell_phone","Cell phone",0.000254389306064695
2,21072,"P_internet","Internet",0.00123381894081831
2,21072,"Current_income","Income",0.00052351038902998
2,21073,"P_age_00_14","Population 0-14",6.65073312120512e-05
2,21073,"P_migrants","Migrants",2.7104722448712e-06
2,21073,"P_university_studies","University degree",0.000150327061419375
2,21073,"P_read_write","Literacy",8.65376277943142e-05
2,21073,"P_cell_phone","Cell phone",0.00022988673299551
2,21073,"P_internet","Internet",0.00076046894537285
2,21073,"Current_income","Income",0.000291510805254802
2,21074,"P_age_00_14","Population 0-14",9.57048396230675e-05
2,21074,"P_migrants","Migrants",6.11656796536408e-05
2,21074,"P_university_studies","University degree",-0.000112447247374803
2,21074,"P_read_write","Literacy",-0.000163426419021562
2,21074,"P_cell_phone","Cell phone",-0.000242737427470274
2,21074,"P_internet","Internet",-0.00095497042639181
2,21074,"Current_income","Income",-8.32633668323979e-05
2,21075,"P_age_00_14","Population 0-14",0.000235943734878674
2,21075,"P_migrants","Migrants",0.000126740720588714
2,21075,"P_university_studies","University degree",0.00020360313646961
2,21075,"P_read_write","Literacy",9.08131332835183e-05
2,21075,"P_cell_phone","Cell phone",0.00018538701988291
2,21075,"P_internet","Internet",0.0012345997383818
2,21075,"Current_income","Income",0.000542818452231586
2,21076,"P_age_00_14","Population 0-14",4.09939530072734e-05
2,21076,"P_migrants","Migrants",7.05720085534267e-05
2,21076,"P_university_studies","University degree",0.000170876199263148
2,21076,"P_read_write","Literacy",8.98266807780601e-05
2,21076,"P_cell_phone","Cell phone",0.000220691814320162
2,21076,"P_internet","Internet",0.00113183283247054
2,21076,"Current_income","Income",0.000392638670746237
2,21077,"P_age_00_14","Population 0-14",9.60552642936818e-05
2,21077,"P_migrants","Migrants",0.000205216172616929
2,21077,"P_university_studies","University degree",0.00023648701608181
2,21077,"P_read_write","Literacy",0.000111741617729422
2,21077,"P_cell_phone","Cell phone",0.000284341454971582
2,21077,"P_internet","Internet",0.000562761852052063
2,21077,"Current_income","Income",0.000555945152882487
2,21078,"P_age_00_14","Population 0-14",0.000293606193736196
2,21078,"P_migrants","Migrants",0.000137685390654951
2,21078,"P_university_studies","University degree",0.000238612192333676
2,21078,"P_read_write","Literacy",0.000121636017865967
2,21078,"P_cell_phone","Cell phone",0.000361494108801708
2,21078,"P_internet","Internet",0.000770822400227189
2,21078,"Current_income","Income",0.000721087213605642
2,21079,"P_age_00_14","Population 0-14",7.83889990998432e-05
2,21079,"P_migrants","Migrants",-1.08156555143069e-05
2,21079,"P_university_studies","University degree",0.000172226136783138
2,21079,"P_read_write","Literacy",-0.000150074774865061
2,21079,"P_cell_phone","Cell phone",0.00014575534441974
2,21079,"P_internet","Internet",0.000498664390761405
2,21079,"Current_income","Income",0.000286748574580997
2,21080,"P_age_00_14","Population 0-14",4.36176787843578e-06
2,21080,"P_migrants","Migrants",0.000168540282174945
2,21080,"P_university_studies","University degree",0.000241240399191156
2,21080,"P_read_write","Literacy",9.24792693695053e-05
2,21080,"P_cell_phone","Cell phone",0.000252125551924109
2,21080,"P_internet","Internet",0.00121708691585809
2,21080,"Current_income","Income",0.000515158346388489
2,21081,"P_age_00_14","Population 0-14",9.34631316340528e-05
2,21081,"P_migrants","Migrants",-3.29120666719973e-05
2,21081,"P_university_studies","University degree",3.51518210663926e-05
2,21081,"P_read_write","Literacy",9.68590829870664e-05
2,21081,"P_cell_phone","Cell phone",0.000254553713602945
2,21081,"P_internet","Internet",0.000873073993716389
2,21081,"Current_income","Income",0.000496136432047933
2,21083,"P_age_00_14","Population 0-14",0.000160476280143484
2,21083,"P_migrants","Migrants",4.60716328234412e-05
2,21083,"P_university_studies","University degree",0.000179575115907937
2,21083,"P_read_write","Literacy",9.52071131905541e-05
2,21083,"P_cell_phone","Cell phone",0.000237059794017114
2,21083,"P_internet","Internet",0.00119618175085634
2,21083,"Current_income","Income",0.00049196369946003
2,21084,"P_age_00_14","Population 0-14",0.000164617085829377
2,21084,"P_migrants","Migrants",0.000195700733456761
2,21084,"P_university_studies","University degree",0.000239803557633422
2,21084,"P_read_write","Literacy",0.000120817545393948
2,21084,"P_cell_phone","Cell phone",0.000240714827668853
2,21084,"P_internet","Internet",0.00121562066487968
2,21084,"Current_income","Income",0.000628777430392802
2,21085,"P_age_00_14","Population 0-14",5.14937783009373e-05
2,21085,"P_migrants","Migrants",1.01999712569523e-05
2,21085,"P_university_studies","University degree",-8.80414008861408e-05
2,21085,"P_read_write","Literacy",5.33437123522162e-05
2,21085,"P_cell_phone","Cell phone",0.000117433861305472
2,21085,"P_internet","Internet",-0.000851830816827714
2,21085,"Current_income","Income",-4.55051849712618e-05
2,21086,"P_age_00_14","Population 0-14",0.000147069076774642
2,21086,"P_migrants","Migrants",0.000127935301861726
2,21086,"P_university_studies","University degree",0.000225985495490022
2,21086,"P_read_write","Literacy",0.000102566795249004
2,21086,"P_cell_phone","Cell phone",0.000251516699790955
2,21086,"P_internet","Internet",0.000765789765864611
2,21086,"Current_income","Income",0.000473163992865011
2,21087,"P_age_00_14","Population 0-14",0.00012313193292357
2,21087,"P_migrants","Migrants",-1.141187203757e-05
2,21087,"P_university_studies","University degree",0.000197061934159137
2,21087,"P_read_write","Literacy",0.000104500897577964
2,21087,"P_cell_phone","Cell phone",0.000254524493357167
2,21087,"P_internet","Internet",0.00121288176160306
2,21087,"Current_income","Income",0.000520992092788219
2,21088,"P_age_00_14","Population 0-14",2.11068654607516e-05
2,21088,"P_migrants","Migrants",0.000135112029965967
2,21088,"P_university_studies","University degree",0.000184365213499404
2,21088,"P_read_write","Literacy",9.67582018347457e-05
2,21088,"P_cell_phone","Cell phone",0.000236218940699473
2,21088,"P_internet","Internet",0.00121530576143414
2,21088,"Current_income","Income",0.00051171617815271
2,21089,"P_age_00_14","Population 0-14",0.000147130616824143
2,21089,"P_migrants","Migrants",0.000120357472042087
2,21089,"P_university_studies","University degree",0.000231546495342627
2,21089,"P_read_write","Literacy",0.000102089470601641
2,21089,"P_cell_phone","Cell phone",0.000240297144046053
2,21089,"P_internet","Internet",0.00120118795894086
2,21089,"Current_income","Income",0.000517504115123302
2,21090,"P_age_00_14","Population 0-14",0.000140069678309374
2,21090,"P_migrants","Migrants",-9.61716796155088e-06
2,21090,"P_university_studies","University degree",-0.000140186006319709
2,21090,"P_read_write","Literacy",-0.000163324104505591
2,21090,"P_cell_phone","Cell phone",-1.59796072694007e-05
2,21090,"P_internet","Internet",-0.000967853993643075
2,21090,"Current_income","Income",7.72187559050508e-06
2,21091,"P_age_00_14","Population 0-14",-2.79730443253356e-06
2,21091,"P_migrants","Migrants",8.67324415594339e-05
2,21091,"P_university_studies","University degree",-0.000135865149786696
2,21091,"P_read_write","Literacy",-6.17277619312517e-05
2,21091,"P_cell_phone","Cell phone",-0.000296953512588516
2,21091,"P_internet","Internet",-0.00101877737324685
2,21091,"Current_income","Income",0.000305982859572396
2,21092,"P_age_00_14","Population 0-14",0.000152904060087167
2,21092,"P_migrants","Migrants",-3.21500774589367e-05
2,21092,"P_university_studies","University degree",0.00018061907030642
2,21092,"P_read_write","Literacy",0.000110235727333929
2,21092,"P_cell_phone","Cell phone",0.000245756498770788
2,21092,"P_internet","Internet",0.00113458663690835
2,21092,"Current_income","Income",0.000494943524245173
2,21093,"P_age_00_14","Population 0-14",0.000171669831615873
2,21093,"P_migrants","Migrants",0.000125667516840622
2,21093,"P_university_studies","University degree",0.000189711267012171
2,21093,"P_read_write","Literacy",9.87166349659674e-05
2,21093,"P_cell_phone","Cell phone",0.000238991022342816
2,21093,"P_internet","Internet",0.00120796903502196
2,21093,"Current_income","Income",0.000490232545416802
2,21094,"P_age_00_14","Population 0-14",0.000182692267117091
2,21094,"P_migrants","Migrants",3.90919267374557e-05
2,21094,"P_university_studies","University degree",1.32445848066709e-05
2,21094,"P_read_write","Literacy",-1.46614411278279e-05
2,21094,"P_cell_phone","Cell phone",5.11354264745023e-05
2,21094,"P_internet","Internet",0.000381097517674789
2,21094,"Current_income","Income",8.88325594132766e-05
2,21095,"P_age_00_14","Population 0-14",9.50951653067023e-05
2,21095,"P_migrants","Migrants",-2.73570258286782e-05
2,21095,"P_university_studies","University degree",0.000173228021594696
2,21095,"P_read_write","Literacy",-0.000166331010404974
2,21095,"P_cell_phone","Cell phone",0.000243100395891815
2,21095,"P_internet","Internet",0.000869224371854216
2,21095,"Current_income","Income",0.000494656735099852
2,21096,"P_age_00_14","Population 0-14",0.00010719971760409
2,21096,"P_migrants","Migrants",2.8245956855244e-05
2,21096,"P_university_studies","University degree",0.000197632223716937
2,21096,"P_read_write","Literacy",-1.40003185151727e-05
2,21096,"P_cell_phone","Cell phone",7.68357567721978e-05
2,21096,"P_internet","Internet",-0.000161615593242459
2,21096,"Current_income","Income",0.000347400433383882
2,21097,"P_age_00_14","Population 0-14",9.69041284406558e-05
2,21097,"P_migrants","Migrants",-1.53128457895946e-05
2,21097,"P_university_studies","University degree",3.62113023584243e-05
2,21097,"P_read_write","Literacy",-9.62625417741947e-05
2,21097,"P_cell_phone","Cell phone",9.28547669900581e-05
2,21097,"P_internet","Internet",-0.00057201535673812
2,21097,"Current_income","Income",0.000167266087373719
2,21098,"P_age_00_14","Population 0-14",6.74618422635831e-05
2,21098,"P_migrants","Migrants",-3.90750828955788e-05
2,21098,"P_university_studies","University degree",0.00016953689919319
2,21098,"P_read_write","Literacy",6.998008757364e-05
2,21098,"P_cell_phone","Cell phone",0.000234000821365044
2,21098,"P_internet","Internet",0.000637949677184224
2,21098,"Current_income","Income",0.000270688382443041
2,21099,"P_age_00_14","Population 0-14",0.000204595140530728
2,21099,"P_migrants","Migrants",-3.15057804982644e-05
2,21099,"P_university_studies","University degree",0.000157493399456143
2,21099,"P_read_write","Literacy",9.51748734223656e-05
2,21099,"P_cell_phone","Cell phone",0.000215183274121955
2,21099,"P_internet","Internet",0.00116410246118903
2,21099,"Current_income","Income",0.000317206518957391
2,21100,"P_age_00_14","Population 0-14",0.000173447420820594
2,21100,"P_migrants","Migrants",0.000109270738903433
2,21100,"P_university_studies","University degree",0.000216292421100661
2,21100,"P_read_write","Literacy",0.000103574209788349
2,21100,"P_cell_phone","Cell phone",0.000250367942498997
2,21100,"P_internet","Internet",0.00120243057608604
2,21100,"Current_income","Income",0.000537521904334426
2,21101,"P_age_00_14","Population 0-14",-2.66838424067828e-06
2,21101,"P_migrants","Migrants",0.00019909517141059
2,21101,"P_university_studies","University degree",0.000192307299585082
2,21101,"P_read_write","Literacy",8.91152740223333e-05
2,21101,"P_cell_phone","Cell phone",0.000243816393776797
2,21101,"P_internet","Internet",0.00119324028491974
2,21101,"Current_income","Income",0.000479784212075174
2,21102,"P_age_00_14","Population 0-14",0.000343973282724619
2,21102,"P_migrants","Migrants",-5.49155265616719e-05
2,21102,"P_university_studies","University degree",0.000326711218804121
2,21102,"P_read_write","Literacy",-0.000113204820081592
2,21102,"P_cell_phone","Cell phone",1.37297547553317e-05
2,21102,"P_internet","Internet",-0.000332006020471454
2,21102,"Current_income","Income",0.000358082645107061
2,21103,"P_age_00_14","Population 0-14",0.000164881144883111
2,21103,"P_migrants","Migrants",6.2523948145099e-05
2,21103,"P_university_studies","University degree",0.000210273952689022
2,21103,"P_read_write","Literacy",8.98598373169079e-05
2,21103,"P_cell_phone","Cell phone",0.000231609912589192
2,21103,"P_internet","Internet",0.000375131668988615
2,21103,"Current_income","Income",0.000394179252907634
2,21104,"P_age_00_14","Population 0-14",0.000282978493487462
2,21104,"P_migrants","Migrants",0.00011226750939386
2,21104,"P_university_studies","University degree",0.000186187084182166
2,21104,"P_read_write","Literacy",7.45221477700397e-05
2,21104,"P_cell_phone","Cell phone",0.000148141320096329
2,21104,"P_internet","Internet",0.000364016537787393
2,21104,"Current_income","Income",-5.34965547558386e-05
2,21105,"P_age_00_14","Population 0-14",7.1997732447926e-05
2,21105,"P_migrants","Migrants",2.34438211919041e-05
2,21105,"P_university_studies","University degree",0.000167274396517314
2,21105,"P_read_write","Literacy",8.40086577227339e-05
2,21105,"P_cell_phone","Cell phone",0.000156987691298127
2,21105,"P_internet","Internet",0.000629390124231577
2,21105,"Current_income","Income",0.000301670574117452
2,21106,"P_age_00_14","Population 0-14",0.000191568440641277
2,21106,"P_migrants","Migrants",-0.000728439830709249
2,21106,"P_university_studies","University degree",-0.00131690013222396
2,21106,"P_read_write","Literacy",8.18721787254617e-07
2,21106,"P_cell_phone","Cell phone",-7.76708839111961e-05
2,21106,"P_internet","Internet",-0.00141921441536397
2,21106,"Current_income","Income",-6.1802173149772e-05
2,21107,"P_age_00_14","Population 0-14",0.000173245716723613
2,21107,"P_migrants","Migrants",0.000116611350676976
2,21107,"P_university_studies","University degree",0.000252576457569376
2,21107,"P_read_write","Literacy",0.000102758524008095
2,21107,"P_cell_phone","Cell phone",0.00025004634517245
2,21107,"P_internet","Internet",0.00121757260058075
2,21107,"Current_income","Income",0.000528879289049655
2,21108,"P_age_00_14","Population 0-14",0.000154840396135114
2,21108,"P_migrants","Migrants",9.18332079891115e-05
2,21108,"P_university_studies","University degree",0.000125172373373061
2,21108,"P_read_write","Literacy",4.52138774562627e-05
2,21108,"P_cell_phone","Cell phone",4.80553644592874e-05
2,21108,"P_internet","Internet",0.000462521507870406
2,21108,"Current_income","Income",6.31059447186999e-05
2,21109,"P_age_00_14","Population 0-14",0.000178655129275285
2,21109,"P_migrants","Migrants",1.13209489427391e-06
2,21109,"P_university_studies","University degree",0.000188542588148266
2,21109,"P_read_write","Literacy",0.000104003418528009
2,21109,"P_cell_phone","Cell phone",0.00023954854987096
2,21109,"P_internet","Internet",0.00121126265730709
2,21109,"Current_income","Income",0.000499687215778977
2,21110,"P_age_00_14","Population 0-14",0.000267263560090214
2,21110,"P_migrants","Migrants",-2.27815326070413e-05
2,21110,"P_university_studies","University degree",0.000257477426202968
2,21110,"P_read_write","Literacy",0.000104459759313613
2,21110,"P_cell_phone","Cell phone",0.000175376175320707
2,21110,"P_internet","Internet",0.0011487154988572
2,21110,"Current_income","Income",-2.37134772760328e-05
2,21111,"P_age_00_14","Population 0-14",1.32769437186653e-05
2,21111,"P_migrants","Migrants",7.92491337051615e-05
2,21111,"P_university_studies","University degree",0.000156431720824912
2,21111,"P_read_write","Literacy",8.80102452356368e-05
2,21111,"P_cell_phone","Cell phone",0.000235438958043233
2,21111,"P_internet","Internet",0.00113038183189929
2,21111,"Current_income","Income",0.000514651648700237
2,21114,"P_age_00_14","Population 0-14",-0.0004437270690687
2,21114,"P_migrants","Migrants",-1.22281107906019e-06
2,21114,"P_university_studies","University degree",-0.00100746017415076
2,21114,"P_read_write","Literacy",-0.000282370077911764
2,21114,"P_cell_phone","Cell phone",-0.000680674915201962
2,21114,"P_internet","Internet",-0.00257605779916048
2,21114,"Current_income","Income",-0.00066226435592398
2,21115,"P_age_00_14","Population 0-14",0.000276704435236752
2,21115,"P_migrants","Migrants",3.05534522340167e-05
2,21115,"P_university_studies","University degree",0.000245190371060744
2,21115,"P_read_write","Literacy",0.000102825579233468
2,21115,"P_cell_phone","Cell phone",0.000182376752491109
2,21115,"P_internet","Internet",0.00113372644409537
2,21115,"Current_income","Income",0.000430007232353091
2,21116,"P_age_00_14","Population 0-14",0.000211925333132967
2,21116,"P_migrants","Migrants",0.000105030107079074
2,21116,"P_university_studies","University degree",0.000210475016501732
2,21116,"P_read_write","Literacy",0.000110973909613676
2,21116,"P_cell_phone","Cell phone",0.000251530989771709
2,21116,"P_internet","Internet",0.00115857098717242
2,21116,"Current_income","Income",0.000546347931958735
2,21117,"P_age_00_14","Population 0-14",9.89478940027766e-05
2,21117,"P_migrants","Migrants",8.94122204044834e-05
2,21117,"P_university_studies","University degree",1.33432422444457e-05
2,21117,"P_read_write","Literacy",-4.38976567238569e-05
2,21117,"P_cell_phone","Cell phone",-4.66255187347997e-05
2,21117,"P_internet","Internet",-0.000991687527857721
2,21117,"Current_income","Income",1.13465978301974e-06
2,21118,"P_age_00_14","Population 0-14",0.00025256592198275
2,21118,"P_migrants","Migrants",6.29458736511879e-05
2,21118,"P_university_studies","University degree",0.000236089807003736
2,21118,"P_read_write","Literacy",-3.87023792427499e-05
2,21118,"P_cell_phone","Cell phone",6.06540634180419e-05
2,21118,"P_internet","Internet",0.000352759117959067
2,21118,"Current_income","Income",0.000355880678398535
2,21119,"P_age_00_14","Population 0-14",-0.00118837074842304
2,21119,"P_migrants","Migrants",-0.000510690384544432
2,21119,"P_university_studies","University degree",-0.00271377572789788
2,21119,"P_read_write","Literacy",-0.000476347748190165
2,21119,"P_cell_phone","Cell phone",-0.000977909308858216
2,21119,"P_internet","Internet",-0.0049148197285831
2,21119,"Current_income","Income",-0.00138707191217691
2,21121,"P_age_00_14","Population 0-14",4.56207380921114e-05
2,21121,"P_migrants","Migrants",7.154443210311e-06
2,21121,"P_university_studies","University degree",0.000121444158139639
2,21121,"P_read_write","Literacy",8.81705927895382e-05
2,21121,"P_cell_phone","Cell phone",0.000264194532064721
2,21121,"P_internet","Internet",0.00122612447012216
2,21121,"Current_income","Income",0.000540179782547057
2,21122,"P_age_00_14","Population 0-14",0.000127185325254686
2,21122,"P_migrants","Migrants",-2.89713789243251e-05
2,21122,"P_university_studies","University degree",0.000216437751078047
2,21122,"P_read_write","Literacy",-0.000142856821184978
2,21122,"P_cell_phone","Cell phone",6.5197680669371e-05
2,21122,"P_internet","Internet",-0.000943097693379968
2,21122,"Current_income","Income",0.000469326216261834
2,21123,"P_age_00_14","Population 0-14",0.00018954357074108
2,21123,"P_migrants","Migrants",0.000120336895633955
2,21123,"P_university_studies","University degree",0.000117746094474569
2,21123,"P_read_write","Literacy",9.44440544117242e-05
2,21123,"P_cell_phone","Cell phone",0.000251771009061486
2,21123,"P_internet","Internet",0.00120868964586407
2,21123,"Current_income","Income",0.000547020346857607
2,21125,"P_age_00_14","Population 0-14",-0.000107986394141335
2,21125,"P_migrants","Migrants",6.47565866529476e-06
2,21125,"P_university_studies","University degree",-0.000193587882677093
2,21125,"P_read_write","Literacy",-0.000282922032056376
2,21125,"P_cell_phone","Cell phone",0.000127044957480393
2,21125,"P_internet","Internet",-0.00195500859990716
2,21125,"Current_income","Income",-0.00047244262532331
2,21126,"P_age_00_14","Population 0-14",0.000172762767761014
2,21126,"P_migrants","Migrants",-4.20144642703235e-05
2,21126,"P_university_studies","University degree",0.000164021155796945
2,21126,"P_read_write","Literacy",-0.000210074183996767
2,21126,"P_cell_phone","Cell phone",0.000188733742106706
2,21126,"P_internet","Internet",0.000704798905644566
2,21126,"Current_income","Income",0.000294863129965961
2,21128,"P_age_00_14","Population 0-14",0.000278543069725856
2,21128,"P_migrants","Migrants",2.71512853942113e-05
2,21128,"P_university_studies","University degree",0.000178030764800496
2,21128,"P_read_write","Literacy",6.75467890687287e-05
2,21128,"P_cell_phone","Cell phone",5.98502301727422e-05
2,21128,"P_internet","Internet",0.000774226093199104
2,21128,"Current_income","Income",-8.25197275844403e-05
2,21130,"P_age_00_14","Population 0-14",-0.000228983393753879
2,21130,"P_migrants","Migrants",4.99802263220772e-06
2,21130,"P_university_studies","University degree",0.00016807674546726
2,21130,"P_read_write","Literacy",7.66617886256427e-05
2,21130,"P_cell_phone","Cell phone",0.000168249898706563
2,21130,"P_internet","Internet",0.000759325921535492
2,21130,"Current_income","Income",0.000302457861835137
2,21131,"P_age_00_14","Population 0-14",4.82066352560651e-05
2,21131,"P_migrants","Migrants",-7.66557207043661e-07
2,21131,"P_university_studies","University degree",0.000181242314283736
2,21131,"P_read_write","Literacy",-0.000127704013721086
2,21131,"P_cell_phone","Cell phone",0.000161736708832905
2,21131,"P_internet","Internet",0.001214180723764
2,21131,"Current_income","Income",0.000286692724330351
2,21132,"P_age_00_14","Population 0-14",4.11300534324255e-05
2,21132,"P_migrants","Migrants",6.20259379502386e-05
2,21132,"P_university_studies","University degree",-0.000118445510452148
2,21132,"P_read_write","Literacy",-0.000163945922395214
2,21132,"P_cell_phone","Cell phone",-0.000314547651214525
2,21132,"P_internet","Internet",-0.000990801840089262
2,21132,"Current_income","Income",-3.8501118979184e-05
2,21133,"P_age_00_14","Population 0-14",-1.7117878087447e-05
2,21133,"P_migrants","Migrants",-1.56959795276634e-05
2,21133,"P_university_studies","University degree",0.000195806976989843
2,21133,"P_read_write","Literacy",8.40359934954904e-05
2,21133,"P_cell_phone","Cell phone",9.56320727709681e-05
2,21133,"P_internet","Internet",0.00049237284110859
2,21133,"Current_income","Income",0.000541647837962955
2,21134,"P_age_00_14","Population 0-14",3.6803223338211e-05
2,21134,"P_migrants","Migrants",5.95408273511566e-05
2,21134,"P_university_studies","University degree",0.000152914857608266
2,21134,"P_read_write","Literacy",-0.000130004482343793
2,21134,"P_cell_phone","Cell phone",0.000131167296785861
2,21134,"P_internet","Internet",0.000598109618294984
2,21134,"Current_income","Income",0.000287899485556409
2,21136,"P_age_00_14","Population 0-14",4.04587954108138e-05
2,21136,"P_migrants","Migrants",6.04207198193762e-05
2,21136,"P_university_studies","University degree",-0.000133797322632745
2,21136,"P_read_write","Literacy",-0.000213398670894094
2,21136,"P_cell_phone","Cell phone",-0.000623764586634934
2,21136,"P_internet","Internet",-0.00150519807357341
2,21136,"Current_income","Income",-4.62588905065786e-05
2,21137,"P_age_00_14","Population 0-14",0.000215617255889811
2,21137,"P_migrants","Migrants",0.000112205671030097
2,21137,"P_university_studies","University degree",0.000194615990039892
2,21137,"P_read_write","Literacy",0.000108083826489747
2,21137,"P_cell_phone","Cell phone",0.00016859034076333
2,21137,"P_internet","Internet",0.000835164275486022
2,21137,"Current_income","Income",0.000391075882362202
2,21138,"P_age_00_14","Population 0-14",0.000159993098350242
2,21138,"P_migrants","Migrants",-4.104051640752e-06
2,21138,"P_university_studies","University degree",0.000174023472936824
2,21138,"P_read_write","Literacy",6.79237782605924e-05
2,21138,"P_cell_phone","Cell phone",0.000151223721331917
2,21138,"P_internet","Internet",0.000624172738753259
2,21138,"Current_income","Income",0.000382528669433668
2,21140,"P_age_00_14","Population 0-14",-0.000166027035447769
2,21140,"P_migrants","Migrants",-1.59032133524306e-05
2,21140,"P_university_studies","University degree",-0.000996551942080259
2,21140,"P_read_write","Literacy",-0.000221431313548237
2,21140,"P_cell_phone","Cell phone",-0.000706371094565839
2,21140,"P_internet","Internet",-0.00254426500760019
2,21140,"Current_income","Income",-0.000455677654827014
2,21142,"P_age_00_14","Population 0-14",9.12105388124473e-05
2,21142,"P_migrants","Migrants",6.63628015900031e-05
2,21142,"P_university_studies","University degree",0.000149344559758902
2,21142,"P_read_write","Literacy",7.95229425420985e-05
2,21142,"P_cell_phone","Cell phone",5.81500898988452e-05
2,21142,"P_internet","Internet",0.000479434442240745
2,21142,"Current_income","Income",0.000266275979811326
2,21143,"P_age_00_14","Population 0-14",7.733180973446e-05
2,21143,"P_migrants","Migrants",9.35280186240561e-05
2,21143,"P_university_studies","University degree",0.00015842450375203
2,21143,"P_read_write","Literacy",-0.000158536015078425
2,21143,"P_cell_phone","Cell phone",5.79408842895646e-05
2,21143,"P_internet","Internet",-2.69932424998842e-05
2,21143,"Current_income","Income",0.000125954102259129
2,21144,"P_age_00_14","Population 0-14",0.000267444556811824
2,21144,"P_migrants","Migrants",0.000125521823065355
2,21144,"P_university_studies","University degree",0.000163562057423405
2,21144,"P_read_write","Literacy",-3.53779068973381e-05
2,21144,"P_cell_phone","Cell phone",1.04239479696844e-05
2,21144,"P_internet","Internet",0.000230688194278628
2,21144,"Current_income","Income",1.08072244984214e-05
2,21146,"P_age_00_14","Population 0-14",-0.000807052303571254
2,21146,"P_migrants","Migrants",-0.000115096612717025
2,21146,"P_university_studies","University degree",-0.000455890927696601
2,21146,"P_read_write","Literacy",1.75758086697897e-05
2,21146,"P_cell_phone","Cell phone",0.000242144582443871
2,21146,"P_internet","Internet",0.000674477312713861
2,21146,"Current_income","Income",0.000289798394078389
2,21148,"P_age_00_14","Population 0-14",0.000239556873566471
2,21148,"P_migrants","Migrants",4.34881576438784e-06
2,21148,"P_university_studies","University degree",0.000257050152868032
2,21148,"P_read_write","Literacy",7.30134997866116e-05
2,21148,"P_cell_phone","Cell phone",7.00729433447123e-05
2,21148,"P_internet","Internet",0.000653285882435739
2,21148,"Current_income","Income",9.41688995226286e-05
2,21149,"P_age_00_14","Population 0-14",0.000220964677282609
2,21149,"P_migrants","Migrants",0.000147507977089845
2,21149,"P_university_studies","University degree",0.000240682769799605
2,21149,"P_read_write","Literacy",9.70755427260883e-05
2,21149,"P_cell_phone","Cell phone",2.42070836975472e-05
2,21149,"P_internet","Internet",0.000628484704066068
2,21149,"Current_income","Income",7.42401753086597e-05
2,21150,"P_age_00_14","Population 0-14",0.0001221735146828
2,21150,"P_migrants","Migrants",-1.14524536911631e-05
2,21150,"P_university_studies","University degree",0.000193559899344109
2,21150,"P_read_write","Literacy",0.000110908542410471
2,21150,"P_cell_phone","Cell phone",0.000244688213570043
2,21150,"P_internet","Internet",0.00123113242443651
2,21150,"Current_income","Income",0.000498667941428721
2,21151,"P_age_00_14","Population 0-14",8.95684934221208e-05
2,21151,"P_migrants","Migrants",-3.43608262483031e-05
2,21151,"P_university_studies","University degree",3.22856722050346e-05
2,21151,"P_read_write","Literacy",-0.000181312861968763
2,21151,"P_cell_phone","Cell phone",0.000190481572644785
2,21151,"P_internet","Internet",0.000479771348182112
2,21151,"Current_income","Income",0.000403581943828613
2,21152,"P_age_00_14","Population 0-14",7.86821910878643e-05
2,21152,"P_migrants","Migrants",-1.71067204064457e-05
2,21152,"P_university_studies","University degree",0.000141711760079488
2,21152,"P_read_write","Literacy",3.29415015585255e-05
2,21152,"P_cell_phone","Cell phone",6.95998169248924e-05
2,21152,"P_internet","Internet",0.000854848593007773
2,21152,"Current_income","Income",0.000409667234634981
2,21153,"P_age_00_14","Population 0-14",0.000148234845255502
2,21153,"P_migrants","Migrants",5.21285037393682e-05
2,21153,"P_university_studies","University degree",1.73710268427385e-05
2,21153,"P_read_write","Literacy",-0.000146385238622315
2,21153,"P_cell_phone","Cell phone",0.000144248828291893
2,21153,"P_internet","Internet",0.000658869452308863
2,21153,"Current_income","Income",8.11874706414528e-05
2,21154,"P_age_00_14","Population 0-14",0.000250594806857407
2,21154,"P_migrants","Migrants",6.47702690912411e-05
2,21154,"P_university_studies","University degree",-1.67808764217625e-06
2,21154,"P_read_write","Literacy",-3.74831543012988e-05
2,21154,"P_cell_phone","Cell phone",6.63691243971698e-05
2,21154,"P_internet","Internet",-2.83763711195206e-05
2,21154,"Current_income","Income",8.85252848092932e-06
2,21158,"P_age_00_14","Population 0-14",-0.000122197772725485
2,21158,"P_migrants","Migrants",2.13433413591702e-05
2,21158,"P_university_studies","University degree",0.000200459631741978
2,21158,"P_read_write","Literacy",8.48348645376973e-05
2,21158,"P_cell_phone","Cell phone",0.000251290504820645
2,21158,"P_internet","Internet",0.00124573521316051
2,21158,"Current_income","Income",0.000418882147641852
2,21159,"P_age_00_14","Population 0-14",-0.000488762685563415
2,21159,"P_migrants","Migrants",-2.34454382734839e-05
2,21159,"P_university_studies","University degree",0.000168088678037748
2,21159,"P_read_write","Literacy",8.19529232103378e-05
2,21159,"P_cell_phone","Cell phone",0.000276144477538764
2,21159,"P_internet","Internet",0.00118727399967611
2,21159,"Current_income","Income",0.000401549914386123
2,21160,"P_age_00_14","Population 0-14",5.80469604756217e-05
2,21160,"P_migrants","Migrants",-5.425796189229e-05
2,21160,"P_university_studies","University degree",0.00020178196427878
2,21160,"P_read_write","Literacy",8.08132826932706e-05
2,21160,"P_cell_phone","Cell phone",0.000147586542880163
2,21160,"P_internet","Internet",0.00104835210368037
2,21160,"Current_income","Income",0.000408047897508368
2,21161,"P_age_00_14","Population 0-14",0.000107849322375841
2,21161,"P_migrants","Migrants",-1.41930931931711e-05
2,21161,"P_university_studies","University degree",0.000148932915180922
2,21161,"P_read_write","Literacy",3.90985660487786e-05
2,21161,"P_cell_phone","Cell phone",-0.000108944506791886
2,21161,"P_internet","Internet",0.000270606571575627
2,21161,"Current_income","Income",-1.45126650750171e-05
2,21162,"P_age_00_14","Population 0-14",6.25980319455266e-05
2,21162,"P_migrants","Migrants",0.000121433062304277
2,21162,"P_university_studies","University degree",0.000234580948017538
2,21162,"P_read_write","Literacy",9.98923278530128e-05
2,21162,"P_cell_phone","Cell phone",0.000251302175456658
2,21162,"P_internet","Internet",0.00121661473531276
2,21162,"Current_income","Income",0.000518593413289636
2,21163,"P_age_00_14","Population 0-14",0.000180651710252278
2,21163,"P_migrants","Migrants",1.6639058230794e-05
2,21163,"P_university_studies","University degree",0.000140883683343418
2,21163,"P_read_write","Literacy",3.35310323862359e-05
2,21163,"P_cell_phone","Cell phone",4.30836444138549e-05
2,21163,"P_internet","Internet",0.000636221666354686
2,21163,"Current_income","Income",0.000292089825961739
2,21164,"P_age_00_14","Population 0-14",0.000277494138572365
2,21164,"P_migrants","Migrants",3.38283680321183e-05
2,21164,"P_university_studies","University degree",-8.06387902230199e-07
2,21164,"P_read_write","Literacy",-0.000125897684483789
2,21164,"P_cell_phone","Cell phone",5.90532436035573e-05
2,21164,"P_internet","Internet",0.000366044201655313
2,21164,"Current_income","Income",-5.18682973051909e-05
2,21165,"P_age_00_14","Population 0-14",0.000225256677367724
2,21165,"P_migrants","Migrants",-2.37280728470068e-05
2,21165,"P_university_studies","University degree",0.000163528136909008
2,21165,"P_read_write","Literacy",9.688432328403e-05
2,21165,"P_cell_phone","Cell phone",0.000201031711185351
2,21165,"P_internet","Internet",0.00124797795433551
2,21165,"Current_income","Income",0.000561100256163627
2,21166,"P_age_00_14","Population 0-14",4.68442813144065e-05
2,21166,"P_migrants","Migrants",-1.66487063779641e-06
2,21166,"P_university_studies","University degree",0.000163180477102287
2,21166,"P_read_write","Literacy",9.45527353906073e-05
2,21166,"P_cell_phone","Cell phone",0.000176760018803179
2,21166,"P_internet","Internet",0.000336918135872111
2,21166,"Current_income","Income",8.31377619761042e-05
2,21167,"P_age_00_14","Population 0-14",0.000207933931960724
2,21167,"P_migrants","Migrants",0.0001154131241492
2,21167,"P_university_studies","University degree",0.000205668024136685
2,21167,"P_read_write","Literacy",9.75628281594254e-05
2,21167,"P_cell_phone","Cell phone",0.0002477205125615
2,21167,"P_internet","Internet",0.00120049342513084
2,21167,"Current_income","Income",0.000536785461008549
2,21168,"P_age_00_14","Population 0-14",0.000175826920894906
2,21168,"P_migrants","Migrants",-6.51503842163947e-06
2,21168,"P_university_studies","University degree",0.000211477032280527
2,21168,"P_read_write","Literacy",9.55047435127199e-05
2,21168,"P_cell_phone","Cell phone",0.000248147203819826
2,21168,"P_internet","Internet",0.00121802417561412
2,21168,"Current_income","Income",0.00040656456258148
2,21170,"P_age_00_14","Population 0-14",0.000194596927030943
2,21170,"P_migrants","Migrants",0.000130620581330732
2,21170,"P_university_studies","University degree",0.000214272615266964
2,21170,"P_read_write","Literacy",9.30073074414395e-05
2,21170,"P_cell_phone","Cell phone",0.000175927489181049
2,21170,"P_internet","Internet",0.000498074747156352
2,21170,"Current_income","Income",-6.5741507569328e-05
2,21171,"P_age_00_14","Population 0-14",3.15333818434738e-05
2,21171,"P_migrants","Migrants",4.17694682255387e-05
2,21171,"P_university_studies","University degree",0.000140913878567517
2,21171,"P_read_write","Literacy",-0.000167434001923539
2,21171,"P_cell_phone","Cell phone",4.61195631942246e-05
2,21171,"P_internet","Internet",-0.000335880293278024
2,21171,"Current_income","Income",-6.70731742502539e-06
2,21172,"P_age_00_14","Population 0-14",7.69330217735842e-05
2,21172,"P_migrants","Migrants",1.36127046062029e-05
2,21172,"P_university_studies","University degree",8.11932550277561e-05
2,21172,"P_read_write","Literacy",0.000104941820609383
2,21172,"P_cell_phone","Cell phone",0.000244657217990607
2,21172,"P_internet","Internet",0.000879260944202542
2,21172,"Current_income","Income",0.000398353557102382
2,21173,"P_age_00_14","Population 0-14",-2.22699691221351e-06
2,21173,"P_migrants","Migrants",0.000120205637358595
2,21173,"P_university_studies","University degree",-0.000549980730284005
2,21173,"P_read_write","Literacy",-0.000124185928143561
2,21173,"P_cell_phone","Cell phone",-0.000638551544398069
2,21173,"P_internet","Internet",-0.000169979597558267
2,21173,"Current_income","Income",-1.55952802742831e-05
2,21174,"P_age_00_14","Population 0-14",5.60048874831409e-06
2,21174,"P_migrants","Migrants",0.000144443183671683
2,21174,"P_university_studies","University degree",-0.000270549295237288
2,21174,"P_read_write","Literacy",-0.000161891090101562
2,21174,"P_cell_phone","Cell phone",-0.00026822421932593
2,21174,"P_internet","Internet",-0.000813418359030038
2,21174,"Current_income","Income",-0.0001460334751755
2,21175,"P_age_00_14","Population 0-14",8.86955604073592e-05
2,21175,"P_migrants","Migrants",2.09588797588367e-05
2,21175,"P_university_studies","University degree",0.000150265797856264
2,21175,"P_read_write","Literacy",-3.56685704900883e-05
2,21175,"P_cell_phone","Cell phone",7.55719156586565e-05
2,21175,"P_internet","Internet",0.000347448134562001
2,21175,"Current_income","Income",0.000297869701171294
2,21176,"P_age_00_14","Population 0-14",7.377311703749e-05
2,21176,"P_migrants","Migrants",-7.35054800315993e-06
2,21176,"P_university_studies","University degree",0.000140776261105202
2,21176,"P_read_write","Literacy",5.87799877393991e-05
2,21176,"P_cell_phone","Cell phone",0.000132327142637223
2,21176,"P_internet","Internet",0.000188196310773492
2,21176,"Current_income","Income",0.00028124125674367
2,21177,"P_age_00_14","Population 0-14",0.000200551046873443
2,21177,"P_migrants","Migrants",-1.04538257801323e-05
2,21177,"P_university_studies","University degree",0.000188083446118981
2,21177,"P_read_write","Literacy",0.000105517763586249
2,21177,"P_cell_phone","Cell phone",0.000127144565340132
2,21177,"P_internet","Internet",0.000863948720507324
2,21177,"Current_income","Income",0.000290009047603235
2,21178,"P_age_00_14","Population 0-14",0.000159627059474587
2,21178,"P_migrants","Migrants",0.000112449619336985
2,21178,"P_university_studies","University degree",0.000199634465388954
2,21178,"P_read_write","Literacy",9.84254511422478e-05
2,21178,"P_cell_phone","Cell phone",0.000256004917901009
2,21178,"P_internet","Internet",0.000797691231127828
2,21178,"Current_income","Income",0.00054263393394649
2,21179,"P_age_00_14","Population 0-14",0.000162108743097633
2,21179,"P_migrants","Migrants",-1.17550762297469e-05
2,21179,"P_university_studies","University degree",0.000157574104378
2,21179,"P_read_write","Literacy",9.64063874562271e-05
2,21179,"P_cell_phone","Cell phone",0.000211499471333809
2,21179,"P_internet","Internet",0.00111879128962755
2,21179,"Current_income","Income",0.00038012966979295
2,21180,"P_age_00_14","Population 0-14",0.000147094397107139
2,21180,"P_migrants","Migrants",2.15690306504257e-05
2,21180,"P_university_studies","University degree",0.000138783434522338
2,21180,"P_read_write","Literacy",-0.00012905293260701
2,21180,"P_cell_phone","Cell phone",0.000129025909700431
2,21180,"P_internet","Internet",0.000764624157454818
2,21180,"Current_income","Income",0.000285679649095982
2,21181,"P_age_00_14","Population 0-14",0.000167865655384958
2,21181,"P_migrants","Migrants",-1.08394488051999e-06
2,21181,"P_university_studies","University degree",0.000132954810396768
2,21181,"P_read_write","Literacy",-0.000174247616087086
2,21181,"P_cell_phone","Cell phone",0.00015580331091769
2,21181,"P_internet","Internet",0.000355804251739755
2,21181,"Current_income","Income",0.000320349325193092
2,21182,"P_age_00_14","Population 0-14",0.000271383265499026
2,21182,"P_migrants","Migrants",7.65101358410902e-05
2,21182,"P_university_studies","University degree",0.000323419837513939
2,21182,"P_read_write","Literacy",-0.000138669638545252
2,21182,"P_cell_phone","Cell phone",0.000228335324209183
2,21182,"P_internet","Internet",0.000217755659832619
2,21182,"Current_income","Income",0.00045354847679846
2,21183,"P_age_00_14","Population 0-14",0.000190732243936509
2,21183,"P_migrants","Migrants",0.000121804027003236
2,21183,"P_university_studies","University degree",0.000219398876652122
2,21183,"P_read_write","Literacy",0.000109426662675105
2,21183,"P_cell_phone","Cell phone",0.000264730042545125
2,21183,"P_internet","Internet",0.0012322508264333
2,21183,"Current_income","Income",0.000546431634575129
2,21184,"P_age_00_14","Population 0-14",0.000214762418181635
2,21184,"P_migrants","Migrants",7.3785093263723e-05
2,21184,"P_university_studies","University degree",0.000198216017452069
2,21184,"P_read_write","Literacy",0.0001035994864651
2,21184,"P_cell_phone","Cell phone",0.000255135295446962
2,21184,"P_internet","Internet",0.000774013460613787
2,21184,"Current_income","Income",0.000541956105735153
2,21185,"P_age_00_14","Population 0-14",0.000200960552319884
2,21185,"P_migrants","Migrants",1.94895483218716e-06
2,21185,"P_university_studies","University degree",0.000147490936797112
2,21185,"P_read_write","Literacy",6.67831482132897e-05
2,21185,"P_cell_phone","Cell phone",0.000169027654919773
2,21185,"P_internet","Internet",0.000840425374917686
2,21185,"Current_income","Income",8.19595516077243e-05
2,21186,"P_age_00_14","Population 0-14",9.26450666156597e-05
2,21186,"P_migrants","Migrants",2.14007268368732e-05
2,21186,"P_university_studies","University degree",1.20410804811399e-05
2,21186,"P_read_write","Literacy",6.34960379102267e-05
2,21186,"P_cell_phone","Cell phone",0.000136786067741923
2,21186,"P_internet","Internet",0.000885718734934926
2,21186,"Current_income","Income",-1.44526675285306e-05
2,21187,"P_age_00_14","Population 0-14",5.55487604287919e-05
2,21187,"P_migrants","Migrants",2.83086137642385e-05
2,21187,"P_university_studies","University degree",0.000186555495020002
2,21187,"P_read_write","Literacy",9.27445580600761e-05
2,21187,"P_cell_phone","Cell phone",0.000242278445512056
2,21187,"P_internet","Internet",0.000700075353961438
2,21187,"Current_income","Income",0.000522470043506473
2,21188,"P_age_00_14","Population 0-14",0.000189248064998537
2,21188,"P_migrants","Migrants",-3.72840586351231e-05
2,21188,"P_university_studies","University degree",0.000211635066079907
2,21188,"P_read_write","Literacy",4.77892754133791e-05
2,21188,"P_cell_phone","Cell phone",0.00024785817367956
2,21188,"P_internet","Internet",0.00122341560199857
2,21188,"Current_income","Income",0.00049615022726357
2,21189,"P_age_00_14","Population 0-14",0.000159180155606009
2,21189,"P_migrants","Migrants",1.35515510919504e-05
2,21189,"P_university_studies","University degree",0.000129329011542723
2,21189,"P_read_write","Literacy",-3.98618176404852e-05
2,21189,"P_cell_phone","Cell phone",0.000125057675177231
2,21189,"P_internet","Internet",0.000475528911920264
2,21189,"Current_income","Income",8.25067181722261e-05
2,21192,"P_age_00_14","Population 0-14",-6.54058894724585e-05
2,21192,"P_migrants","Migrants",0.0001491319417255
2,21192,"P_university_studies","University degree",0.00015057904238347
2,21192,"P_read_write","Literacy",9.75657749222592e-05
2,21192,"P_cell_phone","Cell phone",0.000247169169597328
2,21192,"P_internet","Internet",0.000635211472399533
2,21192,"Current_income","Income",0.000495497894007713
2,21193,"P_age_00_14","Population 0-14",0.000102875717857387
2,21193,"P_migrants","Migrants",-2.96445505227894e-05
2,21193,"P_university_studies","University degree",-2.81250805755917e-07
2,21193,"P_read_write","Literacy",7.60987677494995e-05
2,21193,"P_cell_phone","Cell phone",0.00024435028899461
2,21193,"P_internet","Internet",0.00122885371092707
2,21193,"Current_income","Income",0.000479640497360379
2,21194,"P_age_00_14","Population 0-14",7.90102276368998e-05
2,21194,"P_migrants","Migrants",3.13967575493734e-05
2,21194,"P_university_studies","University degree",2.69662541541038e-05
2,21194,"P_read_write","Literacy",9.76748924585991e-05
2,21194,"P_cell_phone","Cell phone",6.57617492834106e-05
2,21194,"P_internet","Internet",0.000509906327351928
2,21194,"Current_income","Income",8.62204469740391e-05
2,21195,"P_age_00_14","Population 0-14",0.000225841082283296
2,21195,"P_migrants","Migrants",-5.21575293532806e-06
2,21195,"P_university_studies","University degree",0.000155089859617874
2,21195,"P_read_write","Literacy",0.000107574793219101
2,21195,"P_cell_phone","Cell phone",0.000250854151090607
2,21195,"P_internet","Internet",0.00123789894860238
2,21195,"Current_income","Income",0.000544750830158591
2,21197,"P_age_00_14","Population 0-14",9.58407472353429e-05
2,21197,"P_migrants","Migrants",0.000133031222503632
2,21197,"P_university_studies","University degree",-1.76046523847617e-05
2,21197,"P_read_write","Literacy",6.52980743325315e-05
2,21197,"P_cell_phone","Cell phone",7.53780259401537e-05
2,21197,"P_internet","Internet",0.000494431878905743
2,21197,"Current_income","Income",0.000265450304141268
2,21198,"P_age_00_14","Population 0-14",2.97244405373931e-05
2,21198,"P_migrants","Migrants",-5.81709537073039e-05
2,21198,"P_university_studies","University degree",0.000160405383212492
2,21198,"P_read_write","Literacy",0.000104548809758853
2,21198,"P_cell_phone","Cell phone",0.000264050089754164
2,21198,"P_internet","Internet",0.00123905390501022
2,21198,"Current_income","Income",0.000599324819631875
2,21199,"P_age_00_14","Population 0-14",0.000194967156858183
2,21199,"P_migrants","Migrants",6.67706553940661e-05
2,21199,"P_university_studies","University degree",0.000187402867595665
2,21199,"P_read_write","Literacy",0.000102848774986342
2,21199,"P_cell_phone","Cell phone",0.000218183908145875
2,21199,"P_internet","Internet",0.000756613037083298
2,21199,"Current_income","Income",0.000389657099731266
2,21200,"P_age_00_14","Population 0-14",7.31133832232445e-06
2,21200,"P_migrants","Migrants",1.72748041222803e-05
2,21200,"P_university_studies","University degree",0.000168082609889098
2,21200,"P_read_write","Literacy",8.27894182293676e-05
2,21200,"P_cell_phone","Cell phone",0.000243835849687457
2,21200,"P_internet","Internet",0.00121378188487142
2,21200,"Current_income","Income",0.000385227001970634
2,21201,"P_age_00_14","Population 0-14",0.000203452931600623
2,21201,"P_migrants","Migrants",-9.64363207458518e-05
2,21201,"P_university_studies","University degree",0.00019911615527235
2,21201,"P_read_write","Literacy",9.06748828128912e-05
2,21201,"P_cell_phone","Cell phone",0.000147839964483865
2,21201,"P_internet","Internet",0.000853421282954514
2,21201,"Current_income","Income",0.00042735572787933
2,21202,"P_age_00_14","Population 0-14",0.000237057800404727
2,21202,"P_migrants","Migrants",0.00014626543270424
2,21202,"P_university_studies","University degree",0.000285136251477525
2,21202,"P_read_write","Literacy",0.000114980364742223
2,21202,"P_cell_phone","Cell phone",0.000240393870626576
2,21202,"P_internet","Internet",0.00118723697960377
2,21202,"Current_income","Income",0.000609437527600676
2,21203,"P_age_00_14","Population 0-14",0.000181600931682624
2,21203,"P_migrants","Migrants",-2.71425997198094e-05
2,21203,"P_university_studies","University degree",0.000144778590765782
2,21203,"P_read_write","Literacy",8.44607056933455e-05
2,21203,"P_cell_phone","Cell phone",0.000170642146258615
2,21203,"P_internet","Internet",0.000866559275891632
2,21203,"Current_income","Income",0.000458536786027253
2,21204,"P_age_00_14","Population 0-14",5.78767503611743e-05
2,21204,"P_migrants","Migrants",0.000140570089570247
2,21204,"P_university_studies","University degree",-6.51399022899568e-05
2,21204,"P_read_write","Literacy",-0.000104658152849879
2,21204,"P_cell_phone","Cell phone",0.000140768330311403
2,21204,"P_internet","Internet",0.0009109903476201
2,21204,"Current_income","Income",0.000293425138806924
2,21205,"P_age_00_14","Population 0-14",0.000211666440009139
2,21205,"P_migrants","Migrants",-8.4495852092914e-08
2,21205,"P_university_studies","University degree",0.000188773774425499
2,21205,"P_read_write","Literacy",5.67882925679442e-05
2,21205,"P_cell_phone","Cell phone",8.14240993349813e-05
2,21205,"P_internet","Internet",0.000845951493829489
2,21205,"Current_income","Income",0.000395876413676888
2,21206,"P_age_00_14","Population 0-14",0.000173765743966214
2,21206,"P_migrants","Migrants",-8.32617843116168e-06
2,21206,"P_university_studies","University degree",0.000167056816280819
2,21206,"P_read_write","Literacy",9.27278524613939e-05
2,21206,"P_cell_phone","Cell phone",0.000237067768466659
2,21206,"P_internet","Internet",0.00075564841972664
2,21206,"Current_income","Income",0.000337611651048064
2,21207,"P_age_00_14","Population 0-14",0.000130623375298455
2,21207,"P_migrants","Migrants",7.47811791370623e-05
2,21207,"P_university_studies","University degree",-2.48233718593838e-05
2,21207,"P_read_write","Literacy",9.0138302766718e-05
2,21207,"P_cell_phone","Cell phone",5.46321280125994e-05
2,21207,"P_internet","Internet",0.000880246807355434
2,21207,"Current_income","Income",8.58298153616488e-05
2,21208,"P_age_00_14","Population 0-14",0.000102171412436292
2,21208,"P_migrants","Migrants",7.80156333348714e-05
2,21208,"P_university_studies","University degree",-9.25007479963824e-05
2,21208,"P_read_write","Literacy",6.68790162308142e-05
2,21208,"P_cell_phone","Cell phone",-2.83206227322808e-05
2,21208,"P_internet","Internet",0.000391881330870092
2,21208,"Current_income","Income",-1.47606797327171e-05
2,21210,"P_age_00_14","Population 0-14",2.85604637610959e-05
2,21210,"P_migrants","Migrants",0.000150569350807928
2,21210,"P_university_studies","University degree",0.000151847343659028
2,21210,"P_read_write","Literacy",0.000109079730464146
2,21210,"P_cell_phone","Cell phone",0.000193996165762655
2,21210,"P_internet","Internet",0.00106094626244158
2,21210,"Current_income","Income",0.000509900040924549
2,21211,"P_age_00_14","Population 0-14",7.94086081441492e-05
2,21211,"P_migrants","Migrants",5.64632282475941e-05
2,21211,"P_university_studies","University degree",-0.000305425637634471
2,21211,"P_read_write","Literacy",-8.28042029752396e-05
2,21211,"P_cell_phone","Cell phone",-0.000103423866676167
2,21211,"P_internet","Internet",0.00039831711910665
2,21211,"Current_income","Income",4.53898201158154e-06
2,21212,"P_age_00_14","Population 0-14",0.000179968337761238
2,21212,"P_migrants","Migrants",0.000120615033665672
2,21212,"P_university_studies","University degree",0.000200646434677765
2,21212,"P_read_write","Literacy",0.000107690939330496
2,21212,"P_cell_phone","Cell phone",0.000243374553974718
2,21212,"P_internet","Internet",0.00120427634101361
2,21212,"Current_income","Income",0.000447485566837713
2,21213,"P_age_00_14","Population 0-14",0.000156845708261244
2,21213,"P_migrants","Migrants",0.00012523760960903
2,21213,"P_university_studies","University degree",0.00022901339980308
2,21213,"P_read_write","Literacy",0.000105403312772978
2,21213,"P_cell_phone","Cell phone",0.00026124541182071
2,21213,"P_internet","Internet",0.00121273077093065
2,21213,"Current_income","Income",0.000513449602294713
2,21215,"P_age_00_14","Population 0-14",-0.000137929440825246
2,21215,"P_migrants","Migrants",0.000144196004839614
2,21215,"P_university_studies","University degree",0.00017824477981776
2,21215,"P_read_write","Literacy",8.88955328264274e-05
2,21215,"P_cell_phone","Cell phone",0.000240987370489165
2,21215,"P_internet","Internet",0.00121472193859518
2,21215,"Current_income","Income",0.000413478177506477
2,21216,"P_age_00_14","Population 0-14",1.23458412417676e-05
2,21216,"P_migrants","Migrants",0.000171625302755274
2,21216,"P_university_studies","University degree",0.00017796628526412
2,21216,"P_read_write","Literacy",8.63348031998612e-05
2,21216,"P_cell_phone","Cell phone",0.000228093995247036
2,21216,"P_internet","Internet",0.00121889833826572
2,21216,"Current_income","Income",0.000478403904708102
2,22001,"P_age_00_14","Population 0-14",0.00019049561524298
2,22001,"P_migrants","Migrants",-3.03746255667647e-05
2,22001,"P_university_studies","University degree",0.000160572526510805
2,22001,"P_read_write","Literacy",9.54492134042084e-05
2,22001,"P_cell_phone","Cell phone",0.000221907321247272
2,22001,"P_internet","Internet",0.00122822134289891
2,22001,"Current_income","Income",-6.65676197968423e-05
2,22016,"P_age_00_14","Population 0-14",-2.6933435947285e-05
2,22016,"P_migrants","Migrants",-1.81577706825919e-05
2,22016,"P_university_studies","University degree",-0.000344830856192857
2,22016,"P_read_write","Literacy",-0.000131909459014423
2,22016,"P_cell_phone","Cell phone",-0.000639222387690097
2,22016,"P_internet","Internet",-0.00154331733938307
2,22016,"Current_income","Income",-0.00066567916655913
2,23001,"P_age_00_14","Population 0-14",-0.000140598582220264
2,23001,"P_migrants","Migrants",-0.00028925365768373
2,23001,"P_university_studies","University degree",-0.000470751634566113
2,23001,"P_read_write","Literacy",-0.000136527087306604
2,23001,"P_cell_phone","Cell phone",-0.000768238387536258
2,23001,"P_internet","Internet",-0.00344057311303914
2,23001,"Current_income","Income",-0.000419259653426707
2,23002,"P_age_00_14","Population 0-14",0.000173579959664494
2,23002,"P_migrants","Migrants",0.000100353725429159
2,23002,"P_university_studies","University degree",-1.73329021890822e-06
2,23002,"P_read_write","Literacy",0.000103507532912772
2,23002,"P_cell_phone","Cell phone",0.000242293128394522
2,23002,"P_internet","Internet",0.000377098156604916
2,23002,"Current_income","Income",0.000120735254313331
2,23003,"P_age_00_14","Population 0-14",-0.00034242999390699
2,23003,"P_migrants","Migrants",-0.000946530955843627
2,23003,"P_university_studies","University degree",-0.000285314454231411
2,23003,"P_read_write","Literacy",-0.000376259675249457
2,23003,"P_cell_phone","Cell phone",-0.00154863123316318
2,23003,"P_internet","Internet",-0.00254746153950691
2,23003,"Current_income","Income",-0.000248010386712849
2,23004,"P_age_00_14","Population 0-14",-7.90004705777392e-05
2,23004,"P_migrants","Migrants",-1.41460450322484e-05
2,23004,"P_university_studies","University degree",-0.000430816755397245
2,23004,"P_read_write","Literacy",-0.000130372558487579
2,23004,"P_cell_phone","Cell phone",-0.000637227785773575
2,23004,"P_internet","Internet",-0.00182622438296676
2,23004,"Current_income","Income",-0.000422955956310034
2,23005,"P_age_00_14","Population 0-14",-0.000270701362751424
2,23005,"P_migrants","Migrants",-0.000719464558642358
2,23005,"P_university_studies","University degree",-0.000825151044409722
2,23005,"P_read_write","Literacy",0.0001058206835296
2,23005,"P_cell_phone","Cell phone",-0.000590612005908042
2,23005,"P_internet","Internet",-0.00250319251790643
2,23005,"Current_income","Income",-0.00043586763786152
2,23006,"P_age_00_14","Population 0-14",0.000160949726705439
2,23006,"P_migrants","Migrants",9.76258525042795e-05
2,23006,"P_university_studies","University degree",1.32217774080345e-05
2,23006,"P_read_write","Literacy",0.00010528159327805
2,23006,"P_cell_phone","Cell phone",0.000249566248385236
2,23006,"P_internet","Internet",0.00079937296686694
2,23006,"Current_income","Income",0.000413859495893121
2,23007,"P_age_00_14","Population 0-14",0.000151804997585714
2,23007,"P_migrants","Migrants",-1.54749614011962e-05
2,23007,"P_university_studies","University degree",3.36454177158885e-05
2,23007,"P_read_write","Literacy",5.31878431502264e-05
2,23007,"P_cell_phone","Cell phone",0.000240478053456172
2,23007,"P_internet","Internet",0.000755049521103501
2,23007,"Current_income","Income",7.66709272284061e-05
2,23008,"P_age_00_14","Population 0-14",-0.000130577245727181
2,23008,"P_migrants","Migrants",-0.00146469299215823
2,23008,"P_university_studies","University degree",-0.000962721183896065
2,23008,"P_read_write","Literacy",0.000251900375587866
2,23008,"P_cell_phone","Cell phone",-0.000569166557397693
2,23008,"P_internet","Internet",-0.00206256750971079
2,23008,"Current_income","Income",-0.000574342382606119
2,23009,"P_age_00_14","Population 0-14",0.000161002797540277
2,23009,"P_migrants","Migrants",-0.000889907008968294
2,23009,"P_university_studies","University degree",-0.000313328288029879
2,23009,"P_read_write","Literacy",-0.000302667496725917
2,23009,"P_cell_phone","Cell phone",-0.000178561051143333
2,23009,"P_internet","Internet",-0.00140783633105457
2,23009,"Current_income","Income",-0.000291410891804844
2,23010,"P_age_00_14","Population 0-14",0.000211011181818321
2,23010,"P_migrants","Migrants",-0.000626325898338109
2,23010,"P_university_studies","University degree",2.62271914834855e-05
2,23010,"P_read_write","Literacy",0.000112768670078367
2,23010,"P_cell_phone","Cell phone",0.00031550315907225
2,23010,"P_internet","Internet",0.000863163673784584
2,23010,"Current_income","Income",0.000369867833796889
2,23011,"P_age_00_14","Population 0-14",-0.000402763427700847
2,23011,"P_migrants","Migrants",-0.00249171420000494
2,23011,"P_university_studies","University degree",-0.00225632195360959
2,23011,"P_read_write","Literacy",-0.000356987933628261
2,23011,"P_cell_phone","Cell phone",-0.000842301058582962
2,23011,"P_internet","Internet",-0.00254945969209075
2,23011,"Current_income","Income",-0.000956976262386888
2,24004,"P_age_00_14","Population 0-14",-0.000152287801029161
2,24004,"P_migrants","Migrants",-3.95032802771311e-05
2,24004,"P_university_studies","University degree",0.000133144698338583
2,24004,"P_read_write","Literacy",6.78282885928638e-05
2,24004,"P_cell_phone","Cell phone",0.000233076803851873
2,24004,"P_internet","Internet",0.00120260438416153
2,24004,"Current_income","Income",0.000162818789249286
2,24006,"P_age_00_14","Population 0-14",5.09284873260185e-05
2,24006,"P_migrants","Migrants",-1.1898740012839e-05
2,24006,"P_university_studies","University degree",0.00017767095414456
2,24006,"P_read_write","Literacy",7.56045192247257e-05
2,24006,"P_cell_phone","Cell phone",0.0002195513661718
2,24006,"P_internet","Internet",0.00117813295219094
2,24006,"Current_income","Income",8.947715832619e-05
2,24007,"P_age_00_14","Population 0-14",9.1362206148915e-05
2,24007,"P_migrants","Migrants",-1.52952161442954e-05
2,24007,"P_university_studies","University degree",-6.28262860118411e-05
2,24007,"P_read_write","Literacy",-1.71768188010901e-05
2,24007,"P_cell_phone","Cell phone",7.57217057980597e-05
2,24007,"P_internet","Internet",-1.44008699862752e-05
2,24007,"Current_income","Income",-8.28259144327603e-05
2,24008,"P_age_00_14","Population 0-14",-5.28142591065262e-05
2,24008,"P_migrants","Migrants",-2.77936351267272e-06
2,24008,"P_university_studies","University degree",2.73111727437936e-05
2,24008,"P_read_write","Literacy",-4.4686490582535e-05
2,24008,"P_cell_phone","Cell phone",0.000127583276480436
2,24008,"P_internet","Internet",0.000216125336010009
2,24008,"Current_income","Income",-9.55465147853829e-05
2,24010,"P_age_00_14","Population 0-14",0.000168845974258147
2,24010,"P_migrants","Migrants",-8.92684693099e-06
2,24010,"P_university_studies","University degree",0.000139531359309331
2,24010,"P_read_write","Literacy",5.16364743816666e-05
2,24010,"P_cell_phone","Cell phone",0.000229521654546261
2,24010,"P_internet","Internet",0.000804143375717103
2,24010,"Current_income","Income",7.54158681957051e-05
2,24015,"P_age_00_14","Population 0-14",2.24675841309363e-05
2,24015,"P_migrants","Migrants",5.4920597904129e-05
2,24015,"P_university_studies","University degree",0.000141502037877217
2,24015,"P_read_write","Literacy",3.90777240681928e-05
2,24015,"P_cell_phone","Cell phone",0.000221223366679624
2,24015,"P_internet","Internet",0.00077843148028478
2,24015,"Current_income","Income",-0.000182872943696566
2,24016,"P_age_00_14","Population 0-14",4.43019562226254e-05
2,24016,"P_migrants","Migrants",2.95024074148387e-06
2,24016,"P_university_studies","University degree",2.91767210001126e-05
2,24016,"P_read_write","Literacy",-3.13786495098611e-06
2,24016,"P_cell_phone","Cell phone",-0.000556094746571034
2,24016,"P_internet","Internet",0.000398187228711322
2,24016,"Current_income","Income",-0.000148121835081838
2,24017,"P_age_00_14","Population 0-14",5.37261839781422e-05
2,24017,"P_migrants","Migrants",-2.48032865783898e-05
2,24017,"P_university_studies","University degree",0.000165133227710612
2,24017,"P_read_write","Literacy",9.57640077103861e-05
2,24017,"P_cell_phone","Cell phone",0.000251368008321151
2,24017,"P_internet","Internet",0.00119711982551962
2,24017,"Current_income","Income",0.000422236567828804
2,24020,"P_age_00_14","Population 0-14",2.79913583653979e-05
2,24020,"P_migrants","Migrants",-3.57877183887467e-06
2,24020,"P_university_studies","University degree",-0.000380468700313941
2,24020,"P_read_write","Literacy",-0.000147234415635467
2,24020,"P_cell_phone","Cell phone",-0.000499237037729472
2,24020,"P_internet","Internet",-0.0017246943898499
2,24020,"Current_income","Income",-0.000397883966797963
2,24021,"P_age_00_14","Population 0-14",3.62991522706579e-05
2,24021,"P_migrants","Migrants",-2.58092859439785e-05
2,24021,"P_university_studies","University degree",0.000151823027408682
2,24021,"P_read_write","Literacy",2.1590610685962e-06
2,24021,"P_cell_phone","Cell phone",0.000183439347893
2,24021,"P_internet","Internet",0.000657800817862153
2,24021,"Current_income","Income",-5.85659981879871e-05
2,24022,"P_age_00_14","Population 0-14",5.55283841094933e-05
2,24022,"P_migrants","Migrants",-4.33023742516525e-05
2,24022,"P_university_studies","University degree",0.000215369203942828
2,24022,"P_read_write","Literacy",8.67368144099601e-05
2,24022,"P_cell_phone","Cell phone",0.000233137179748155
2,24022,"P_internet","Internet",0.00112804246600717
2,24022,"Current_income","Income",-5.87823478781502e-06
2,24028,"P_age_00_14","Population 0-14",-0.000283029687125236
2,24028,"P_migrants","Migrants",5.47563868167344e-05
2,24028,"P_university_studies","University degree",-0.000788901292253286
2,24028,"P_read_write","Literacy",-0.000291159783955663
2,24028,"P_cell_phone","Cell phone",-0.000632335722912103
2,24028,"P_internet","Internet",-0.0031972776632756
2,24028,"Current_income","Income",-0.00205692439340055
2,24035,"P_age_00_14","Population 0-14",-7.68255904404214e-06
2,24035,"P_migrants","Migrants",4.37511844211258e-05
2,24035,"P_university_studies","University degree",-0.000596113386563957
2,24035,"P_read_write","Literacy",-0.000236011401284486
2,24035,"P_cell_phone","Cell phone",-0.000636500248219818
2,24035,"P_internet","Internet",-0.00227531720884144
2,24035,"Current_income","Income",-0.000514856306836009
2,24044,"P_age_00_14","Population 0-14",0.000156833906657994
2,24044,"P_migrants","Migrants",4.53349457529839e-06
2,24044,"P_university_studies","University degree",0.000158424882101826
2,24044,"P_read_write","Literacy",5.72908102185465e-05
2,24044,"P_cell_phone","Cell phone",0.00021959918376524
2,24044,"P_internet","Internet",0.000821447814814746
2,24044,"Current_income","Income",7.70286060287617e-05
2,24045,"P_age_00_14","Population 0-14",-5.26189141965006e-05
2,24045,"P_migrants","Migrants",-1.35933669298538e-05
2,24045,"P_university_studies","University degree",0.000154969224240631
2,24045,"P_read_write","Literacy",7.17824732419103e-05
2,24045,"P_cell_phone","Cell phone",0.000131159802549519
2,24045,"P_internet","Internet",0.000766239536460489
2,24045,"Current_income","Income",-5.59237814741209e-05
2,24046,"P_age_00_14","Population 0-14",0.000197230445337482
2,24046,"P_migrants","Migrants",-4.76950081065297e-05
2,24046,"P_university_studies","University degree",0.00012241821968928
2,24046,"P_read_write","Literacy",6.17316836724058e-05
2,24046,"P_cell_phone","Cell phone",0.000173135078512132
2,24046,"P_internet","Internet",0.00112682685721666
2,24046,"Current_income","Income",-7.16347276465967e-05
2,24047,"P_age_00_14","Population 0-14",2.31445483223069e-05
2,24047,"P_migrants","Migrants",-2.49102540692547e-05
2,24047,"P_university_studies","University degree",2.07676621357678e-05
2,24047,"P_read_write","Literacy",7.48795937397517e-05
2,24047,"P_cell_phone","Cell phone",0.000222321599721909
2,24047,"P_internet","Internet",0.000264076777966693
2,24047,"Current_income","Income",0.00032582221319899
2,24048,"P_age_00_14","Population 0-14",6.11954892519861e-05
2,24048,"P_migrants","Migrants",3.68771434295923e-05
2,24048,"P_university_studies","University degree",2.70695891231298e-05
2,24048,"P_read_write","Literacy",-9.57632437348366e-06
2,24048,"P_cell_phone","Cell phone",5.34267637704033e-05
2,24048,"P_internet","Internet",-0.000901617982890457
2,24048,"Current_income","Income",-0.000147088663652539
2,24051,"P_age_00_14","Population 0-14",-3.49676520272624e-05
2,24051,"P_migrants","Migrants",-2.49416279984871e-06
2,24051,"P_university_studies","University degree",0.000155169967911206
2,24051,"P_read_write","Literacy",3.72725844499655e-05
2,24051,"P_cell_phone","Cell phone",0.000224402363528498
2,24051,"P_internet","Internet",0.000780758098699152
2,24051,"Current_income","Income",-1.66251429618569e-05
2,24052,"P_age_00_14","Population 0-14",1.00299512268975e-05
2,24052,"P_migrants","Migrants",-6.57158525427803e-05
2,24052,"P_university_studies","University degree",0.000206707059987821
2,24052,"P_read_write","Literacy",8.0604302638676e-05
2,24052,"P_cell_phone","Cell phone",0.000239825312746689
2,24052,"P_internet","Internet",0.000635760487057269
2,24052,"Current_income","Income",0.000284925888990983
2,24056,"P_age_00_14","Population 0-14",0.000175029155798256
2,24056,"P_migrants","Migrants",-2.04551415663445e-05
2,24056,"P_university_studies","University degree",0.000172479572938755
2,24056,"P_read_write","Literacy",8.08964832685888e-05
2,24056,"P_cell_phone","Cell phone",6.61142184981145e-05
2,24056,"P_internet","Internet",0.00105870980769396
2,24056,"Current_income","Income",-1.32406430566334e-05
2,24058,"P_age_00_14","Population 0-14",7.56878653191961e-05
2,24058,"P_migrants","Migrants",-2.84034958895063e-05
2,24058,"P_university_studies","University degree",3.33525495079812e-05
2,24058,"P_read_write","Literacy",-8.06846292107366e-05
2,24058,"P_cell_phone","Cell phone",0.000147232538438402
2,24058,"P_internet","Internet",0.000810272642411292
2,24058,"Current_income","Income",-0.00036376464413479
2,25001,"P_age_00_14","Population 0-14",-0.000124089536257088
2,25001,"P_migrants","Migrants",3.54675212292932e-05
2,25001,"P_university_studies","University degree",-0.000548701558727771
2,25001,"P_read_write","Literacy",-0.00013216384104453
2,25001,"P_cell_phone","Cell phone",-0.000239392276853323
2,25001,"P_internet","Internet",-0.00167625118046999
2,25001,"Current_income","Income",-0.000976885319687426
2,25004,"P_age_00_14","Population 0-14",3.01319341815542e-05
2,25004,"P_migrants","Migrants",3.50670234183781e-05
2,25004,"P_university_studies","University degree",-0.000105926301330328
2,25004,"P_read_write","Literacy",-2.56714811257552e-05
2,25004,"P_cell_phone","Cell phone",8.16366955405101e-05
2,25004,"P_internet","Internet",-0.000387377396691591
2,25004,"Current_income","Income",-0.000463641772512347
2,25005,"P_age_00_14","Population 0-14",0.000225958734517917
2,25005,"P_migrants","Migrants",7.54032316763187e-06
2,25005,"P_university_studies","University degree",4.22569282818586e-05
2,25005,"P_read_write","Literacy",8.24431190267205e-05
2,25005,"P_cell_phone","Cell phone",0.000207933728233911
2,25005,"P_internet","Internet",0.000364939332939684
2,25005,"Current_income","Income",-0.000131975291878916
2,25007,"P_age_00_14","Population 0-14",7.73916981415823e-05
2,25007,"P_migrants","Migrants",1.82535113708582e-05
2,25007,"P_university_studies","University degree",0.000182174408109859
2,25007,"P_read_write","Literacy",0.000107545980426949
2,25007,"P_cell_phone","Cell phone",4.92848121211864e-05
2,25007,"P_internet","Internet",0.000389213761081919
2,25007,"Current_income","Income",-4.80864910059609e-05
2,25008,"P_age_00_14","Population 0-14",0.000122816694783978
2,25008,"P_migrants","Migrants",4.79845111840405e-05
2,25008,"P_university_studies","University degree",3.63543040293735e-05
2,25008,"P_read_write","Literacy",7.47265903555672e-06
2,25008,"P_cell_phone","Cell phone",-0.000182067044079304
2,25008,"P_internet","Internet",0.00068270048359409
2,25008,"Current_income","Income",-0.000532280653715134
2,25009,"P_age_00_14","Population 0-14",9.4019720563665e-05
2,25009,"P_migrants","Migrants",2.23384995479137e-05
2,25009,"P_university_studies","University degree",-8.7222084403038e-05
2,25009,"P_read_write","Literacy",-2.37043004744919e-05
2,25009,"P_cell_phone","Cell phone",-0.000191306709893979
2,25009,"P_internet","Internet",-0.000878134567756206
2,25009,"Current_income","Income",-0.000273687997832894
2,25010,"P_age_00_14","Population 0-14",-1.98589968931628e-05
2,25010,"P_migrants","Migrants",6.02170803176705e-05
2,25010,"P_university_studies","University degree",-1.35124928419827e-05
2,25010,"P_read_write","Literacy",-4.51981759397313e-05
2,25010,"P_cell_phone","Cell phone",7.73408391978592e-05
2,25010,"P_internet","Internet",0.000513555132783949
2,25010,"Current_income","Income",-4.79280643048696e-05
2,25012,"P_age_00_14","Population 0-14",-0.00017352522991132
2,25012,"P_migrants","Migrants",2.30276309594046e-05
2,25012,"P_university_studies","University degree",-0.000658831384498626
2,25012,"P_read_write","Literacy",-0.000219443754758686
2,25012,"P_cell_phone","Cell phone",-0.000588370254263282
2,25012,"P_internet","Internet",-0.00213991291821003
2,25012,"Current_income","Income",-0.000989238265901804
2,25014,"P_age_00_14","Population 0-14",4.43688040832058e-05
2,25014,"P_migrants","Migrants",5.7256496802438e-05
2,25014,"P_university_studies","University degree",-5.73434444959275e-05
2,25014,"P_read_write","Literacy",-7.8112178016454e-05
2,25014,"P_cell_phone","Cell phone",1.35406016852357e-05
2,25014,"P_internet","Internet",8.09652774478309e-05
2,25014,"Current_income","Income",-0.00044184029684402
2,25016,"P_age_00_14","Population 0-14",-7.05311913407058e-06
2,25016,"P_migrants","Migrants",5.08082166561508e-06
2,25016,"P_university_studies","University degree",3.61109487130307e-05
2,25016,"P_read_write","Literacy",4.22303601226304e-05
2,25016,"P_cell_phone","Cell phone",0.000204783384106122
2,25016,"P_internet","Internet",0.00120851409155875
2,25016,"Current_income","Income",-0.000155211993842386
2,25017,"P_age_00_14","Population 0-14",3.24782813549973e-05
2,25017,"P_migrants","Migrants",7.70927817939082e-06
2,25017,"P_university_studies","University degree",3.73499024135526e-05
2,25017,"P_read_write","Literacy",7.3349874583073e-05
2,25017,"P_cell_phone","Cell phone",9.52104601310566e-05
2,25017,"P_internet","Internet",0.000778907095082104
2,25017,"Current_income","Income",-4.70666600449476e-05
2,26001,"P_age_00_14","Population 0-14",-0.000143819750519469
2,26001,"P_migrants","Migrants",1.72321852005553e-05
2,26001,"P_university_studies","University degree",0.000198547160835005
2,26001,"P_read_write","Literacy",-0.00014115494559519
2,26001,"P_cell_phone","Cell phone",-0.000236689884332009
2,26001,"P_internet","Internet",0.000192675070138648
2,26001,"Current_income","Income",-0.000418846990214661
2,26002,"P_age_00_14","Population 0-14",0.000121506331197452
2,26002,"P_migrants","Migrants",-0.000912324874661863
2,26002,"P_university_studies","University degree",-2.53317684837384e-05
2,26002,"P_read_write","Literacy",0.000351268536178395
2,26002,"P_cell_phone","Cell phone",-0.000125745820696466
2,26002,"P_internet","Internet",-0.00310091651044786
2,26002,"Current_income","Income",-0.0011128504993394
2,26003,"P_age_00_14","Population 0-14",-1.06928973764298e-05
2,26003,"P_migrants","Migrants",5.34832315679523e-06
2,26003,"P_university_studies","University degree",3.50379013980273e-05
2,26003,"P_read_write","Literacy",7.65865042922087e-05
2,26003,"P_cell_phone","Cell phone",0.00012932212848682
2,26003,"P_internet","Internet",0.000822220463305712
2,26003,"Current_income","Income",-8.63328241393901e-05
2,26004,"P_age_00_14","Population 0-14",1.88546528079314e-06
2,26004,"P_migrants","Migrants",-0.000442936870967969
2,26004,"P_university_studies","University degree",-3.71683454432059e-05
2,26004,"P_read_write","Literacy",-0.000177347392309457
2,26004,"P_cell_phone","Cell phone",-0.0011517588282004
2,26004,"P_internet","Internet",-0.00152169656939805
2,26004,"Current_income","Income",-0.000744288670830429
2,26005,"P_age_00_14","Population 0-14",2.35993284150027e-05
2,26005,"P_migrants","Migrants",4.83358271594625e-05
2,26005,"P_university_studies","University degree",8.73684039106593e-05
2,26005,"P_read_write","Literacy",-1.68393016792834e-05
2,26005,"P_cell_phone","Cell phone",0.000177136447746307
2,26005,"P_internet","Internet",-0.00135145068634301
2,26005,"Current_income","Income",4.05553419113858e-06
2,26006,"P_age_00_14","Population 0-14",-0.000190986233064905
2,26006,"P_migrants","Migrants",-9.52821646933444e-05
2,26006,"P_university_studies","University degree",3.40598890034016e-05
2,26006,"P_read_write","Literacy",-8.79580256878398e-05
2,26006,"P_cell_phone","Cell phone",-2.69157735601766e-05
2,26006,"P_internet","Internet",0.00104419887065887
2,26006,"Current_income","Income",-0.000313887663651258
2,26007,"P_age_00_14","Population 0-14",-0.000620180682744831
2,26007,"P_migrants","Migrants",-0.00017370555724483
2,26007,"P_university_studies","University degree",5.17217195010744e-05
2,26007,"P_read_write","Literacy",3.45610424119513e-05
2,26007,"P_cell_phone","Cell phone",-0.000644336629193276
2,26007,"P_internet","Internet",0.000710921769496053
2,26007,"Current_income","Income",-6.4248226408381e-05
2,26008,"P_age_00_14","Population 0-14",-0.000210584927117452
2,26008,"P_migrants","Migrants",3.89165325032081e-05
2,26008,"P_university_studies","University degree",0.000305063062114641
2,26008,"P_read_write","Literacy",-3.19344690069556e-05
2,26008,"P_cell_phone","Cell phone",-0.000503445684444159
2,26008,"P_internet","Internet",-0.000810076715424657
2,26008,"Current_income","Income",6.97654686518945e-05
2,26009,"P_age_00_14","Population 0-14",-8.2641199696809e-05
2,26009,"P_migrants","Migrants",2.46230156335514e-05
2,26009,"P_university_studies","University degree",0.000165938705322333
2,26009,"P_read_write","Literacy",-3.81679928977974e-05
2,26009,"P_cell_phone","Cell phone",0.000193677013157867
2,26009,"P_internet","Internet",0.000115078808448743
2,26009,"Current_income","Income",-0.000130060827359557
2,26010,"P_age_00_14","Population 0-14",-2.60502165474463e-05
2,26010,"P_migrants","Migrants",-0.000224488801904954
2,26010,"P_university_studies","University degree",0.000122694968013093
2,26010,"P_read_write","Literacy",-0.000102678844996262
2,26010,"P_cell_phone","Cell phone",-6.7260276637171e-07
2,26010,"P_internet","Internet",0.00029754126444459
2,26010,"Current_income","Income",0.000131727123516612
2,26011,"P_age_00_14","Population 0-14",-0.000290992844384164
2,26011,"P_migrants","Migrants",-7.8928867878858e-05
2,26011,"P_university_studies","University degree",0.000186962977750227
2,26011,"P_read_write","Literacy",-0.000174034168594517
2,26011,"P_cell_phone","Cell phone",-0.000550777767784894
2,26011,"P_internet","Internet",0.00124474638141692
2,26011,"Current_income","Income",-9.81976481853053e-05
2,26012,"P_age_00_14","Population 0-14",-4.47681813966483e-05
2,26012,"P_migrants","Migrants",-1.85314979717077e-06
2,26012,"P_university_studies","University degree",2.59774969890714e-05
2,26012,"P_read_write","Literacy",-0.000145186015288346
2,26012,"P_cell_phone","Cell phone",-0.000185182318091393
2,26012,"P_internet","Internet",0.000346749206073582
2,26012,"Current_income","Income",-0.000141691518365405
2,26013,"P_age_00_14","Population 0-14",2.28402168431785e-05
2,26013,"P_migrants","Migrants",-1.22135725177941e-05
2,26013,"P_university_studies","University degree",9.65187355177477e-05
2,26013,"P_read_write","Literacy",-3.57290628016926e-05
2,26013,"P_cell_phone","Cell phone",-0.000515528721734881
2,26013,"P_internet","Internet",-0.00181736820377409
2,26013,"Current_income","Income",-0.000326933077303693
2,26014,"P_age_00_14","Population 0-14",-0.000141725860885344
2,26014,"P_migrants","Migrants",3.62130194844212e-05
2,26014,"P_university_studies","University degree",8.16523970570415e-05
2,26014,"P_read_write","Literacy",-7.27920778444968e-05
2,26014,"P_cell_phone","Cell phone",-0.000106436928035691
2,26014,"P_internet","Internet",-0.000955827883444726
2,26014,"Current_income","Income",-9.66260122368112e-05
2,26015,"P_age_00_14","Population 0-14",-2.70879936579149e-05
2,26015,"P_migrants","Migrants",-0.000413175759604201
2,26015,"P_university_studies","University degree",0.000330503389704973
2,26015,"P_read_write","Literacy",-0.000265553535427898
2,26015,"P_cell_phone","Cell phone",-0.000662260106764734
2,26015,"P_internet","Internet",0.000369579996913671
2,26015,"Current_income","Income",0.000411694985814393
2,26016,"P_age_00_14","Population 0-14",-1.34470410557697e-05
2,26016,"P_migrants","Migrants",-1.86028114512737e-06
2,26016,"P_university_studies","University degree",4.00113240175415e-05
2,26016,"P_read_write","Literacy",-9.93636567727663e-05
2,26016,"P_cell_phone","Cell phone",-6.1009170167381e-05
2,26016,"P_internet","Internet",-0.00125877757091075
2,26016,"Current_income","Income",-0.000651102105621248
2,26017,"P_age_00_14","Population 0-14",6.27749104751274e-05
2,26017,"P_migrants","Migrants",-8.83786651684204e-06
2,26017,"P_university_studies","University degree",-0.000299389183055609
2,26017,"P_read_write","Literacy",-0.00012211999273859
2,26017,"P_cell_phone","Cell phone",-0.000656522111967206
2,26017,"P_internet","Internet",-0.00186160509474576
2,26017,"Current_income","Income",-0.000960955454502255
2,26018,"P_age_00_14","Population 0-14",-0.000185855649760924
2,26018,"P_migrants","Migrants",-7.33633578420267e-06
2,26018,"P_university_studies","University degree",-0.000591725984122604
2,26018,"P_read_write","Literacy",-0.000214666273677722
2,26018,"P_cell_phone","Cell phone",-0.000424166151788086
2,26018,"P_internet","Internet",-0.00205658283084631
2,26018,"Current_income","Income",-0.00098497117869556
2,26019,"P_age_00_14","Population 0-14",0.000144425517646596
2,26019,"P_migrants","Migrants",-0.000189648868399672
2,26019,"P_university_studies","University degree",-0.000368127948604524
2,26019,"P_read_write","Literacy",0.00160485052037984
2,26019,"P_cell_phone","Cell phone",-0.000210452359169722
2,26019,"P_internet","Internet",-0.00412811525166035
2,26019,"Current_income","Income",-0.00220039673149586
2,26020,"P_age_00_14","Population 0-14",5.10504032718018e-05
2,26020,"P_migrants","Migrants",-7.55594010115601e-06
2,26020,"P_university_studies","University degree",0.000172016196302138
2,26020,"P_read_write","Literacy",-0.000143705154187046
2,26020,"P_cell_phone","Cell phone",-0.000497563858516514
2,26020,"P_internet","Internet",0.000371962058125064
2,26020,"Current_income","Income",-7.28733939467929e-05
2,26022,"P_age_00_14","Population 0-14",-0.000893431482836604
2,26022,"P_migrants","Migrants",-0.000230139048653655
2,26022,"P_university_studies","University degree",-3.84710401704069e-05
2,26022,"P_read_write","Literacy",-0.000294922181637958
2,26022,"P_cell_phone","Cell phone",-0.000119232281576842
2,26022,"P_internet","Internet",0.000405312224756926
2,26022,"Current_income","Income",-0.000740957970265299
2,26023,"P_age_00_14","Population 0-14",-0.000197961431695148
2,26023,"P_migrants","Migrants",-0.000424870610004291
2,26023,"P_university_studies","University degree",5.81683343625627e-05
2,26023,"P_read_write","Literacy",-0.000200404203496873
2,26023,"P_cell_phone","Cell phone",-0.000115377457404975
2,26023,"P_internet","Internet",-0.000946945801842958
2,26023,"Current_income","Income",-0.000416289898566902
2,26024,"P_age_00_14","Population 0-14",-3.70872076018713e-05
2,26024,"P_migrants","Migrants",-0.000166865036590025
2,26024,"P_university_studies","University degree",2.6402671210235e-05
2,26024,"P_read_write","Literacy",-9.74138092715293e-05
2,26024,"P_cell_phone","Cell phone",7.56920417188667e-05
2,26024,"P_internet","Internet",-0.00162688223645091
2,26024,"Current_income","Income",5.25397226738278e-05
2,26026,"P_age_00_14","Population 0-14",-3.35049371642526e-05
2,26026,"P_migrants","Migrants",0.000115935996291228
2,26026,"P_university_studies","University degree",-7.49241444282234e-05
2,26026,"P_read_write","Literacy",-0.000154698587721214
2,26026,"P_cell_phone","Cell phone",0.000178358211996965
2,26026,"P_internet","Internet",0.000676900846883655
2,26026,"Current_income","Income",-0.000149107509059832
2,26027,"P_age_00_14","Population 0-14",0.000390830129617825
2,26027,"P_migrants","Migrants",-0.000349256384652108
2,26027,"P_university_studies","University degree",-0.000107899926661048
2,26027,"P_read_write","Literacy",-0.000200168171431869
2,26027,"P_cell_phone","Cell phone",-0.000188492282177322
2,26027,"P_internet","Internet",-0.00134833622723818
2,26027,"Current_income","Income",-0.000336462748236954
2,26028,"P_age_00_14","Population 0-14",-0.00026455000624992
2,26028,"P_migrants","Migrants",-1.54193439811934e-05
2,26028,"P_university_studies","University degree",6.1602309870068e-05
2,26028,"P_read_write","Literacy",-5.27439297002275e-05
2,26028,"P_cell_phone","Cell phone",-0.000556546670850366
2,26028,"P_internet","Internet",0.000798565393779427
2,26028,"Current_income","Income",-0.000105451821582392
2,26031,"P_age_00_14","Population 0-14",-0.000288965384243056
2,26031,"P_migrants","Migrants",-2.69116771960398e-05
2,26031,"P_university_studies","University degree",0.000156802576384507
2,26031,"P_read_write","Literacy",-0.000163185759447515
2,26031,"P_cell_phone","Cell phone",7.36150395823643e-05
2,26031,"P_internet","Internet",0.000193824656889774
2,26031,"Current_income","Income",2.39544715441298e-05
2,26032,"P_age_00_14","Population 0-14",-0.000211423190194182
2,26032,"P_migrants","Migrants",-0.000365696643711999
2,26032,"P_university_studies","University degree",8.27385811135173e-05
2,26032,"P_read_write","Literacy",0.000173985463334247
2,26032,"P_cell_phone","Cell phone",-3.33173666149378e-05
2,26032,"P_internet","Internet",-0.00120134092867374
2,26032,"Current_income","Income",-7.96224630903453e-05
2,26033,"P_age_00_14","Population 0-14",-8.51001896080561e-05
2,26033,"P_migrants","Migrants",6.77251082379371e-05
2,26033,"P_university_studies","University degree",-4.42856653535273e-05
2,26033,"P_read_write","Literacy",-0.00015112484106794
2,26033,"P_cell_phone","Cell phone",0.000100752105936408
2,26033,"P_internet","Internet",0.000382794940378517
2,26033,"Current_income","Income",-0.000464707874925807
2,26034,"P_age_00_14","Population 0-14",-0.00022369553335011
2,26034,"P_migrants","Migrants",-2.79960077023134e-05
2,26034,"P_university_studies","University degree",5.34441933268681e-05
2,26034,"P_read_write","Literacy",-6.77865755278617e-05
2,26034,"P_cell_phone","Cell phone",-0.000249272969085723
2,26034,"P_internet","Internet",-0.00199075299315155
2,26034,"Current_income","Income",-0.000430807063821703
2,26035,"P_age_00_14","Population 0-14",1.49239403981483e-05
2,26035,"P_migrants","Migrants",-0.00023970307665877
2,26035,"P_university_studies","University degree",5.45014045201242e-05
2,26035,"P_read_write","Literacy",-0.00010693180229282
2,26035,"P_cell_phone","Cell phone",-0.000562504748813808
2,26035,"P_internet","Internet",-0.00133465696126223
2,26035,"Current_income","Income",-0.000492520746774971
2,26036,"P_age_00_14","Population 0-14",6.74660550430417e-05
2,26036,"P_migrants","Migrants",-0.000261987268459052
2,26036,"P_university_studies","University degree",-0.000285179150523618
2,26036,"P_read_write","Literacy",0.000270803779130802
2,26036,"P_cell_phone","Cell phone",-0.000372441136278212
2,26036,"P_internet","Internet",-0.00213937554508448
2,26036,"Current_income","Income",-0.00187388597987592
2,26037,"P_age_00_14","Population 0-14",-0.000363494240446016
2,26037,"P_migrants","Migrants",-5.52437586520682e-06
2,26037,"P_university_studies","University degree",0.000196059307199903
2,26037,"P_read_write","Literacy",-0.000123677120427601
2,26037,"P_cell_phone","Cell phone",1.42271555887419e-05
2,26037,"P_internet","Internet",0.000245585601078346
2,26037,"Current_income","Income",-0.000133142370032147
2,26038,"P_age_00_14","Population 0-14",-0.000354156160028651
2,26038,"P_migrants","Migrants",-0.000152943990542553
2,26038,"P_university_studies","University degree",-0.00029686899506487
2,26038,"P_read_write","Literacy",0.000239191402215511
2,26038,"P_cell_phone","Cell phone",-0.000350337679265067
2,26038,"P_internet","Internet",-0.00149727577809244
2,26038,"Current_income","Income",-0.000818389060441405
2,26039,"P_age_00_14","Population 0-14",0.000240958470385522
2,26039,"P_migrants","Migrants",-0.000917569850571454
2,26039,"P_university_studies","University degree",6.90145679982379e-05
2,26039,"P_read_write","Literacy",0.000172370520886034
2,26039,"P_cell_phone","Cell phone",-0.000646968721412122
2,26039,"P_internet","Internet",-0.00131929281633347
2,26039,"Current_income","Income",-0.00043563699000515
2,26040,"P_age_00_14","Population 0-14",-1.50399619087693e-05
2,26040,"P_migrants","Migrants",-1.4883691619616e-05
2,26040,"P_university_studies","University degree",0.000167168967891484
2,26040,"P_read_write","Literacy",-9.15977070690133e-05
2,26040,"P_cell_phone","Cell phone",0.000119700613140594
2,26040,"P_internet","Internet",0.000783538445830345
2,26040,"Current_income","Income",7.77808018028736e-05
2,26041,"P_age_00_14","Population 0-14",7.92902137618512e-05
2,26041,"P_migrants","Migrants",-8.24113594717346e-05
2,26041,"P_university_studies","University degree",-0.000114983165985905
2,26041,"P_read_write","Literacy",0.000102947262348607
2,26041,"P_cell_phone","Cell phone",-0.000326370005495846
2,26041,"P_internet","Internet",-0.0033431607298553
2,26041,"Current_income","Income",-0.0022795326076448
2,26042,"P_age_00_14","Population 0-14",-8.76432823133655e-05
2,26042,"P_migrants","Migrants",6.31532820989378e-05
2,26042,"P_university_studies","University degree",-0.000264692411292344
2,26042,"P_read_write","Literacy",-9.69736211118288e-05
2,26042,"P_cell_phone","Cell phone",-0.000217849825276062
2,26042,"P_internet","Internet",-0.00111733993981034
2,26042,"Current_income","Income",-0.000991130247712135
2,26043,"P_age_00_14","Population 0-14",0.000152496475493535
2,26043,"P_migrants","Migrants",-0.000692580186296254
2,26043,"P_university_studies","University degree",-0.000471914885565639
2,26043,"P_read_write","Literacy",0.00114431581459939
2,26043,"P_cell_phone","Cell phone",-0.000279861851595342
2,26043,"P_internet","Internet",-0.00360473385080695
2,26043,"Current_income","Income",-0.00125345191918314
2,26044,"P_age_00_14","Population 0-14",-0.000175222885445692
2,26044,"P_migrants","Migrants",2.50738958129659e-05
2,26044,"P_university_studies","University degree",0.00038043488166295
2,26044,"P_read_write","Literacy",0.00133418035693467
2,26044,"P_cell_phone","Cell phone",7.39995157346129e-05
2,26044,"P_internet","Internet",-0.00285141263157129
2,26044,"Current_income","Income",-0.000568842806387693
2,26045,"P_age_00_14","Population 0-14",-0.000147701619425789
2,26045,"P_migrants","Migrants",-7.51615734770894e-05
2,26045,"P_university_studies","University degree",0.000177358597284183
2,26045,"P_read_write","Literacy",-0.000178891088580713
2,26045,"P_cell_phone","Cell phone",8.31360448501073e-05
2,26045,"P_internet","Internet",5.99055056227371e-05
2,26045,"Current_income","Income",-4.94379746669438e-05
2,26046,"P_age_00_14","Population 0-14",-0.00035133701749146
2,26046,"P_migrants","Migrants",-0.00082226499216631
2,26046,"P_university_studies","University degree",3.50744703609962e-05
2,26046,"P_read_write","Literacy",0.00152632116805762
2,26046,"P_cell_phone","Cell phone",-0.000249068980338052
2,26046,"P_internet","Internet",0.000416626280639321
2,26046,"Current_income","Income",-0.000662318954709917
2,26047,"P_age_00_14","Population 0-14",-5.46039555047173e-05
2,26047,"P_migrants","Migrants",1.69368013303028e-05
2,26047,"P_university_studies","University degree",-0.000106671926914714
2,26047,"P_read_write","Literacy",-0.000160446492373012
2,26047,"P_cell_phone","Cell phone",-0.000233571918215603
2,26047,"P_internet","Internet",-0.00141880195587873
2,26047,"Current_income","Income",-0.000415602087741718
2,26048,"P_age_00_14","Population 0-14",-5.18061096954625e-05
2,26048,"P_migrants","Migrants",-0.00174779898952693
2,26048,"P_university_studies","University degree",-0.00073756609344855
2,26048,"P_read_write","Literacy",-0.000554519763682038
2,26048,"P_cell_phone","Cell phone",-0.000791558180935681
2,26048,"P_internet","Internet",-0.00428055366501212
2,26048,"Current_income","Income",-0.00257087359204888
2,26049,"P_age_00_14","Population 0-14",-1.93361993297003e-05
2,26049,"P_migrants","Migrants",0.000117491588753182
2,26049,"P_university_studies","University degree",0.000216202955925837
2,26049,"P_read_write","Literacy",0.000135058333398774
2,26049,"P_cell_phone","Cell phone",0.000246829440584406
2,26049,"P_internet","Internet",0.00124526571016759
2,26049,"Current_income","Income",0.0003104105417151
2,26050,"P_age_00_14","Population 0-14",-0.000400040386011824
2,26050,"P_migrants","Migrants",-3.42028615705203e-05
2,26050,"P_university_studies","University degree",9.50724788708612e-05
2,26050,"P_read_write","Literacy",-6.96170172886923e-05
2,26050,"P_cell_phone","Cell phone",4.57629430457018e-05
2,26050,"P_internet","Internet",0.000241110581555404
2,26050,"Current_income","Income",-0.000105870349216275
2,26051,"P_age_00_14","Population 0-14",8.93766355147818e-06
2,26051,"P_migrants","Migrants",-5.49987362319371e-07
2,26051,"P_university_studies","University degree",0.000167347709066235
2,26051,"P_read_write","Literacy",5.25942814419977e-05
2,26051,"P_cell_phone","Cell phone",0.00021251238649711
2,26051,"P_internet","Internet",0.000835139071568847
2,26051,"Current_income","Income",-5.69299554626923e-05
2,26052,"P_age_00_14","Population 0-14",-0.000119561314932071
2,26052,"P_migrants","Migrants",-2.31553312914912e-05
2,26052,"P_university_studies","University degree",8.10783167253248e-05
2,26052,"P_read_write","Literacy",-9.65918225119822e-05
2,26052,"P_cell_phone","Cell phone",0.000165163888595998
2,26052,"P_internet","Internet",-0.000173375607118942
2,26052,"Current_income","Income",-0.000668794207740575
2,26053,"P_age_00_14","Population 0-14",6.65314291836694e-05
2,26053,"P_migrants","Migrants",-0.000349050067598
2,26053,"P_university_studies","University degree",-0.000154862907947972
2,26053,"P_read_write","Literacy",-5.24364259035792e-05
2,26053,"P_cell_phone","Cell phone",-8.74070392455906e-05
2,26053,"P_internet","Internet",0.000801081710960716
2,26053,"Current_income","Income",7.80125774326734e-05
2,26054,"P_age_00_14","Population 0-14",0.000279558997135609
2,26054,"P_migrants","Migrants",0.000344099040376022
2,26054,"P_university_studies","University degree",0.000157167422003113
2,26054,"P_read_write","Literacy",-0.00013018619210925
2,26054,"P_cell_phone","Cell phone",0.000124402096844278
2,26054,"P_internet","Internet",-0.000170866303960793
2,26054,"Current_income","Income",-0.000390166213037446
2,26055,"P_age_00_14","Population 0-14",2.56585517490748e-05
2,26055,"P_migrants","Migrants",-0.00129211891908199
2,26055,"P_university_studies","University degree",-0.000136640592245385
2,26055,"P_read_write","Literacy",-0.000218041575863026
2,26055,"P_cell_phone","Cell phone",-0.00071245979052037
2,26055,"P_internet","Internet",-0.00256470148451626
2,26055,"Current_income","Income",-0.00112841522786766
2,26056,"P_age_00_14","Population 0-14",0.000264516449533403
2,26056,"P_migrants","Migrants",6.00726561970077e-05
2,26056,"P_university_studies","University degree",0.000276581646176055
2,26056,"P_read_write","Literacy",0.000127533727209084
2,26056,"P_cell_phone","Cell phone",3.85791136068292e-05
2,26056,"P_internet","Internet",0.000718980096280575
2,26056,"Current_income","Income",-2.14913725358201e-05
2,26057,"P_age_00_14","Population 0-14",-0.000276041682809591
2,26057,"P_migrants","Migrants",2.72593333647819e-05
2,26057,"P_university_studies","University degree",0.000166803161846474
2,26057,"P_read_write","Literacy",-9.55899595282972e-05
2,26057,"P_cell_phone","Cell phone",7.43755081202835e-05
2,26057,"P_internet","Internet",0.000154210021719337
2,26057,"Current_income","Income",-0.000128491927171126
2,26058,"P_age_00_14","Population 0-14",1.11810486487229e-05
2,26058,"P_migrants","Migrants",-6.44972096779384e-05
2,26058,"P_university_studies","University degree",-0.000319800310535356
2,26058,"P_read_write","Literacy",0.000127701248857193
2,26058,"P_cell_phone","Cell phone",-0.0006039296858944
2,26058,"P_internet","Internet",-0.00204236037097871
2,26058,"Current_income","Income",-0.000771685387007892
2,26059,"P_age_00_14","Population 0-14",2.78255379271286e-06
2,26059,"P_migrants","Migrants",-1.97147146536736e-05
2,26059,"P_university_studies","University degree",0.000136635659146123
2,26059,"P_read_write","Literacy",4.12707049690653e-05
2,26059,"P_cell_phone","Cell phone",-0.000367588974768296
2,26059,"P_internet","Internet",0.000370734429452568
2,26059,"Current_income","Income",-0.00043014477705583
2,26060,"P_age_00_14","Population 0-14",-5.05165226059034e-05
2,26060,"P_migrants","Migrants",-0.000817792722955346
2,26060,"P_university_studies","University degree",0.000334584910888225
2,26060,"P_read_write","Literacy",-0.00014073375496082
2,26060,"P_cell_phone","Cell phone",-0.000631125236395746
2,26060,"P_internet","Internet",0.00133912556339055
2,26060,"Current_income","Income",3.55732772732154e-05
2,26061,"P_age_00_14","Population 0-14",-0.000141208394779824
2,26061,"P_migrants","Migrants",-2.20834808715153e-05
2,26061,"P_university_studies","University degree",0.000180990711669438
2,26061,"P_read_write","Literacy",-2.59673215623479e-05
2,26061,"P_cell_phone","Cell phone",0.000155186367919669
2,26061,"P_internet","Internet",-0.00130408105906099
2,26061,"Current_income","Income",-6.63564924252569e-06
2,26062,"P_age_00_14","Population 0-14",-0.000264014524873346
2,26062,"P_migrants","Migrants",-1.12310435724794e-05
2,26062,"P_university_studies","University degree",0.000215445936191827
2,26062,"P_read_write","Literacy",-7.68431200413033e-05
2,26062,"P_cell_phone","Cell phone",-0.00045147052151151
2,26062,"P_internet","Internet",0.00062382488977164
2,26062,"Current_income","Income",-0.000104572565760463
2,26063,"P_age_00_14","Population 0-14",-0.000204606534680352
2,26063,"P_migrants","Migrants",-0.00023199335555546
2,26063,"P_university_studies","University degree",0.000352380709955469
2,26063,"P_read_write","Literacy",-9.8558004538063e-05
2,26063,"P_cell_phone","Cell phone",9.63248021434993e-05
2,26063,"P_internet","Internet",-0.001039894297719
2,26063,"Current_income","Income",-5.10604477312881e-05
2,26064,"P_age_00_14","Population 0-14",-1.12574025479262e-05
2,26064,"P_migrants","Migrants",5.189689090912e-06
2,26064,"P_university_studies","University degree",0.000207187869818881
2,26064,"P_read_write","Literacy",-4.00770077249035e-05
2,26064,"P_cell_phone","Cell phone",5.54930447833613e-05
2,26064,"P_internet","Internet",0.00118049047887325
2,26064,"Current_income","Income",-0.000784149451646954
2,26065,"P_age_00_14","Population 0-14",-0.000156730471644551
2,26065,"P_migrants","Migrants",-7.22619370208122e-05
2,26065,"P_university_studies","University degree",0.000253732112469152
2,26065,"P_read_write","Literacy",-6.74770344630815e-05
2,26065,"P_cell_phone","Cell phone",-9.97289462247863e-05
2,26065,"P_internet","Internet",0.00125968491192907
2,26065,"Current_income","Income",-0.000450725958216935
2,26066,"P_age_00_14","Population 0-14",-0.000419497606344521
2,26066,"P_migrants","Migrants",2.04081607080298e-05
2,26066,"P_university_studies","University degree",4.94034429721069e-06
2,26066,"P_read_write","Literacy",-7.23056582501158e-05
2,26066,"P_cell_phone","Cell phone",-9.71600020420738e-05
2,26066,"P_internet","Internet",-0.000886876718141139
2,26066,"Current_income","Income",-0.000367229949915782
2,26067,"P_age_00_14","Population 0-14",-0.000117298055556603
2,26067,"P_migrants","Migrants",-8.38293126435019e-05
2,26067,"P_university_studies","University degree",0.000228403674555011
2,26067,"P_read_write","Literacy",-0.000201999733690172
2,26067,"P_cell_phone","Cell phone",-0.00010051834397018
2,26067,"P_internet","Internet",-1.54933229623566e-06
2,26067,"Current_income","Income",-0.000127703984617256
2,26068,"P_age_00_14","Population 0-14",-0.000353994662873447
2,26068,"P_migrants","Migrants",0.000143671553814784
2,26068,"P_university_studies","University degree",0.000120342214358971
2,26068,"P_read_write","Literacy",-8.29152704682201e-05
2,26068,"P_cell_phone","Cell phone",-6.70109438942745e-05
2,26068,"P_internet","Internet",0.000491595536004752
2,26068,"Current_income","Income",-0.000490084756165743
2,26069,"P_age_00_14","Population 0-14",3.36963712470606e-05
2,26069,"P_migrants","Migrants",6.35382675682195e-05
2,26069,"P_university_studies","University degree",0.000159685383550823
2,26069,"P_read_write","Literacy",7.63250573072582e-05
2,26069,"P_cell_phone","Cell phone",0.000225341180339456
2,26069,"P_internet","Internet",0.000758825859520584
2,26069,"Current_income","Income",-4.27255436079577e-05
2,26070,"P_age_00_14","Population 0-14",0.000220964066102169
2,26070,"P_migrants","Migrants",-0.000941975333262235
2,26070,"P_university_studies","University degree",1.96962828340475e-05
2,26070,"P_read_write","Literacy",-0.000176122004631907
2,26070,"P_cell_phone","Cell phone",-0.000644719926640391
2,26070,"P_internet","Internet",-0.0015026320470497
2,26070,"Current_income","Income",-0.000255817081779242
2,26071,"P_age_00_14","Population 0-14",-6.67761778458953e-05
2,26071,"P_migrants","Migrants",4.61730924143922e-05
2,26071,"P_university_studies","University degree",2.99584226013394e-05
2,26071,"P_read_write","Literacy",-0.000141676035127603
2,26071,"P_cell_phone","Cell phone",-7.87406752351671e-05
2,26071,"P_internet","Internet",0.000229106328333728
2,26071,"Current_income","Income",1.62754786288133e-05
2,26072,"P_age_00_14","Population 0-14",2.3431555746356e-05
2,26072,"P_migrants","Migrants",0.000129185660625808
2,26072,"P_university_studies","University degree",2.70426244242117e-05
2,26072,"P_read_write","Literacy",-0.000115726077638101
2,26072,"P_cell_phone","Cell phone",2.38333086599596e-05
2,26072,"P_internet","Internet",0.000748133228626102
2,26072,"Current_income","Income",-0.000137923736474477
2,27001,"P_age_00_14","Population 0-14",9.00260274647735e-05
2,27001,"P_migrants","Migrants",-2.29150532504718e-06
2,27001,"P_university_studies","University degree",3.10282775899395e-05
2,27001,"P_read_write","Literacy",7.91654238128103e-05
2,27001,"P_cell_phone","Cell phone",0.000252734025707468
2,27001,"P_internet","Internet",0.000790350895840675
2,27001,"Current_income","Income",0.000489721889607608
2,27002,"P_age_00_14","Population 0-14",0.000172114712768234
2,27002,"P_migrants","Migrants",0.000118900316010695
2,27002,"P_university_studies","University degree",-6.23733067186549e-05
2,27002,"P_read_write","Literacy",-5.44541653653141e-05
2,27002,"P_cell_phone","Cell phone",1.3244310139271e-05
2,27002,"P_internet","Internet",0.000383523438358679
2,27002,"Current_income","Income",-0.000169786566402763
2,27003,"P_age_00_14","Population 0-14",0.000175367429619655
2,27003,"P_migrants","Migrants",0.000123512174468488
2,27003,"P_university_studies","University degree",-1.45767353387782e-05
2,27003,"P_read_write","Literacy",-6.89609369146638e-05
2,27003,"P_cell_phone","Cell phone",0.000220924121094868
2,27003,"P_internet","Internet",0.000784083851613104
2,27003,"Current_income","Income",0.000500125868711621
2,27004,"P_age_00_14","Population 0-14",-0.00011986524623353
2,27004,"P_migrants","Migrants",6.92289395374246e-05
2,27004,"P_university_studies","University degree",-0.000691723776981235
2,27004,"P_read_write","Literacy",-0.000152339518535882
2,27004,"P_cell_phone","Cell phone",-0.000638412719126791
2,27004,"P_internet","Internet",-0.00173345569055527
2,27004,"Current_income","Income",-0.000555198406800628
2,27005,"P_age_00_14","Population 0-14",9.41953549045138e-05
2,27005,"P_migrants","Migrants",0.000146983555168845
2,27005,"P_university_studies","University degree",-7.2888025897555e-05
2,27005,"P_read_write","Literacy",-0.000116862385766581
2,27005,"P_cell_phone","Cell phone",0.00013120161020197
2,27005,"P_internet","Internet",0.000676264462526888
2,27005,"Current_income","Income",-5.38657368451823e-05
2,27006,"P_age_00_14","Population 0-14",0.000109911932668183
2,27006,"P_migrants","Migrants",0.000148718521813862
2,27006,"P_university_studies","University degree",-2.62818787177821e-07
2,27006,"P_read_write","Literacy",-7.812021067366e-05
2,27006,"P_cell_phone","Cell phone",0.000140244941576384
2,27006,"P_internet","Internet",0.000797665386926383
2,27006,"Current_income","Income",-1.60561721713748e-05
2,27007,"P_age_00_14","Population 0-14",1.96193450392457e-05
2,27007,"P_migrants","Migrants",3.21537263516802e-05
2,27007,"P_university_studies","University degree",-0.000325328699545935
2,27007,"P_read_write","Literacy",-0.000132337256218307
2,27007,"P_cell_phone","Cell phone",-4.03072190238163e-05
2,27007,"P_internet","Internet",0.000321522558806464
2,27007,"Current_income","Income",-2.44347356783692e-05
2,27008,"P_age_00_14","Population 0-14",0.000184094620635733
2,27008,"P_migrants","Migrants",0.000119519179861527
2,27008,"P_university_studies","University degree",7.27335373085225e-06
2,27008,"P_read_write","Literacy",3.60590784111992e-05
2,27008,"P_cell_phone","Cell phone",0.000127852967125364
2,27008,"P_internet","Internet",0.000780471949838102
2,27008,"Current_income","Income",-2.24711893679341e-05
2,27009,"P_age_00_14","Population 0-14",-4.58318463643081e-05
2,27009,"P_migrants","Migrants",0.000146586942719296
2,27009,"P_university_studies","University degree",-5.03841547470074e-05
2,27009,"P_read_write","Literacy",-3.42992207151838e-05
2,27009,"P_cell_phone","Cell phone",0.00015002116560936
2,27009,"P_internet","Internet",0.000796327949501574
2,27009,"Current_income","Income",-8.00315465312451e-05
2,27010,"P_age_00_14","Population 0-14",9.20054881135002e-05
2,27010,"P_migrants","Migrants",0.000147524711792357
2,27010,"P_university_studies","University degree",-7.12970868335105e-05
2,27010,"P_read_write","Literacy",-0.000118024392577354
2,27010,"P_cell_phone","Cell phone",0.000182387811946683
2,27010,"P_internet","Internet",0.000677426054608077
2,27010,"Current_income","Income",-4.96716893394478e-05
2,27011,"P_age_00_14","Population 0-14",4.1456278268015e-05
2,27011,"P_migrants","Migrants",0.000121262783068232
2,27011,"P_university_studies","University degree",0.000165276738698594
2,27011,"P_read_write","Literacy",5.9479229093995e-05
2,27011,"P_cell_phone","Cell phone",0.000258300569839776
2,27011,"P_internet","Internet",0.00122303003445268
2,27011,"Current_income","Income",0.000323701009619981
2,27012,"P_age_00_14","Population 0-14",6.06246212555561e-05
2,27012,"P_migrants","Migrants",0.000138759452966042
2,27012,"P_university_studies","University degree",-7.67874880693853e-05
2,27012,"P_read_write","Literacy",-7.39888491807505e-05
2,27012,"P_cell_phone","Cell phone",0.000221050620893948
2,27012,"P_internet","Internet",0.000786601740401238
2,27012,"Current_income","Income",-5.96950922044925e-05
2,27013,"P_age_00_14","Population 0-14",0.000104622078652028
2,27013,"P_migrants","Migrants",2.9731259928667e-05
2,27013,"P_university_studies","University degree",-0.000346430548233911
2,27013,"P_read_write","Literacy",-0.000127053543110378
2,27013,"P_cell_phone","Cell phone",-0.000217865148442797
2,27013,"P_internet","Internet",-0.00095037545543164
2,27013,"Current_income","Income",-0.000135061723995022
2,27014,"P_age_00_14","Population 0-14",8.8513879745733e-05
2,27014,"P_migrants","Migrants",0.000131587657961063
2,27014,"P_university_studies","University degree",-0.000321014027576894
2,27014,"P_read_write","Literacy",-0.000131356035126373
2,27014,"P_cell_phone","Cell phone",-9.72768611973152e-05
2,27014,"P_internet","Internet",-0.000349471607478335
2,27014,"Current_income","Income",-0.000305594789097086
2,27015,"P_age_00_14","Population 0-14",8.03560396889225e-05
2,27015,"P_migrants","Migrants",0.000116628085379489
2,27015,"P_university_studies","University degree",2.14064202737063e-05
2,27015,"P_read_write","Literacy",-3.53348559656297e-06
2,27015,"P_cell_phone","Cell phone",0.000236661726376042
2,27015,"P_internet","Internet",0.000874770281370729
2,27015,"Current_income","Income",0.000405147031415254
2,27016,"P_age_00_14","Population 0-14",4.22807606810238e-05
2,27016,"P_migrants","Migrants",0.000144925637869164
2,27016,"P_university_studies","University degree",-6.84359692968428e-05
2,27016,"P_read_write","Literacy",4.11452965636272e-05
2,27016,"P_cell_phone","Cell phone",5.51852826902177e-05
2,27016,"P_internet","Internet",9.56233780016191e-05
2,27016,"Current_income","Income",-0.000154445908265188
2,27017,"P_age_00_14","Population 0-14",6.21208600932732e-05
2,27017,"P_migrants","Migrants",-0.000206903336220421
2,27017,"P_university_studies","University degree",-4.43019853264559e-05
2,27017,"P_read_write","Literacy",3.52190727426205e-05
2,27017,"P_cell_phone","Cell phone",0.000184804230229929
2,27017,"P_internet","Internet",0.000433398847235367
2,27017,"Current_income","Income",-7.20650359653519e-06
2,28001,"P_age_00_14","Population 0-14",2.60076603808557e-06
2,28001,"P_migrants","Migrants",4.57593250757782e-06
2,28001,"P_university_studies","University degree",0.00012488137872424
2,28001,"P_read_write","Literacy",-2.91259657387855e-05
2,28001,"P_cell_phone","Cell phone",-0.000176102053956129
2,28001,"P_internet","Internet",0.000636768701951951
2,28001,"Current_income","Income",-3.39202961185947e-05
2,28004,"P_age_00_14","Population 0-14",-3.46173910656944e-05
2,28004,"P_migrants","Migrants",-9.60688794293674e-06
2,28004,"P_university_studies","University degree",0.000171802996192127
2,28004,"P_read_write","Literacy",4.78321016998962e-05
2,28004,"P_cell_phone","Cell phone",-6.20154096395709e-05
2,28004,"P_internet","Internet",-0.000898690545000136
2,28004,"Current_income","Income",0.000330161128658801
2,28005,"P_age_00_14","Population 0-14",-9.28931694943458e-05
2,28005,"P_migrants","Migrants",-0.000311079114908352
2,28005,"P_university_studies","University degree",0.000267068389803171
2,28005,"P_read_write","Literacy",-0.000122620811453089
2,28005,"P_cell_phone","Cell phone",-0.0001914029562613
2,28005,"P_internet","Internet",0.00125987885985523
2,28005,"Current_income","Income",0.000350308459019288
2,28006,"P_age_00_14","Population 0-14",0.0001351526734652
2,28006,"P_migrants","Migrants",7.72308485466056e-05
2,28006,"P_university_studies","University degree",0.000232226419029757
2,28006,"P_read_write","Literacy",9.83725258265622e-05
2,28006,"P_cell_phone","Cell phone",0.000247092772042379
2,28006,"P_internet","Internet",0.00112609867937863
2,28006,"Current_income","Income",0.000541796442121267
2,28007,"P_age_00_14","Population 0-14",-0.000291355681838468
2,28007,"P_migrants","Migrants",-0.00130689225625247
2,28007,"P_university_studies","University degree",4.17041337641422e-05
2,28007,"P_read_write","Literacy",-0.0002230187819805
2,28007,"P_cell_phone","Cell phone",-0.000251988356467336
2,28007,"P_internet","Internet",0.000269330485025421
2,28007,"Current_income","Income",-0.00052695139311254
2,28008,"P_age_00_14","Population 0-14",0.000168724625837058
2,28008,"P_migrants","Migrants",0.00016362001770176
2,28008,"P_university_studies","University degree",0.000208153549465351
2,28008,"P_read_write","Literacy",5.67746865272056e-05
2,28008,"P_cell_phone","Cell phone",0.000126788407214917
2,28008,"P_internet","Internet",0.000762451440095901
2,28008,"Current_income","Income",0.000337900972226635
2,28010,"P_age_00_14","Population 0-14",-0.00011471011384856
2,28010,"P_migrants","Migrants",-1.95792254089611e-05
2,28010,"P_university_studies","University degree",0.000155646092025563
2,28010,"P_read_write","Literacy",-4.58763897768222e-05
2,28010,"P_cell_phone","Cell phone",5.44276954315137e-05
2,28010,"P_internet","Internet",0.00131445459555835
2,28010,"Current_income","Income",-5.83265064051375e-05
2,28011,"P_age_00_14","Population 0-14",-0.000130291562527418
2,28011,"P_migrants","Migrants",6.90420893079136e-06
2,28011,"P_university_studies","University degree",3.96502146031708e-05
2,28011,"P_read_write","Literacy",4.16440052504186e-05
2,28011,"P_cell_phone","Cell phone",-0.000176049827132374
2,28011,"P_internet","Internet",0.00121301307808608
2,28011,"Current_income","Income",-5.19284221809357e-05
2,28012,"P_age_00_14","Population 0-14",3.37083038175479e-05
2,28012,"P_migrants","Migrants",-1.80108563654358e-05
2,28012,"P_university_studies","University degree",0.000143488039611839
2,28012,"P_read_write","Literacy",5.02857619721908e-05
2,28012,"P_cell_phone","Cell phone",-8.24584494694136e-05
2,28012,"P_internet","Internet",0.000700067670550197
2,28012,"Current_income","Income",-9.05652996152639e-05
2,28013,"P_age_00_14","Population 0-14",1.66169393196469e-05
2,28013,"P_migrants","Migrants",3.96210198232438e-05
2,28013,"P_university_studies","University degree",0.000186482488061301
2,28013,"P_read_write","Literacy",-0.000108901091152802
2,28013,"P_cell_phone","Cell phone",-6.16386678302661e-05
2,28013,"P_internet","Internet",0.00064501230372116
2,28013,"Current_income","Income",8.28368683869485e-06
2,28014,"P_age_00_14","Population 0-14",-0.000403612008085474
2,28014,"P_migrants","Migrants",-0.000596147787291557
2,28014,"P_university_studies","University degree",0.000178644229890779
2,28014,"P_read_write","Literacy",-0.000201083516003564
2,28014,"P_cell_phone","Cell phone",-2.4459075575578e-05
2,28014,"P_internet","Internet",-0.000239225497352891
2,28014,"Current_income","Income",-0.000131330220028758
2,28015,"P_age_00_14","Population 0-14",-4.50276529591065e-05
2,28015,"P_migrants","Migrants",-0.00120919663459063
2,28015,"P_university_studies","University degree",-0.000120877193694469
2,28015,"P_read_write","Literacy",-0.00019564587273635
2,28015,"P_cell_phone","Cell phone",-0.000643450766801834
2,28015,"P_internet","Internet",-0.00201834947802126
2,28015,"Current_income","Income",-0.000444780976977199
2,28016,"P_age_00_14","Population 0-14",-6.08779737376608e-05
2,28016,"P_migrants","Migrants",2.97198439511703e-05
2,28016,"P_university_studies","University degree",0.00016860720643308
2,28016,"P_read_write","Literacy",-0.000136080576339737
2,28016,"P_cell_phone","Cell phone",3.51326780219097e-05
2,28016,"P_internet","Internet",0.000336762430379167
2,28016,"Current_income","Income",1.15783941510017e-05
2,28017,"P_age_00_14","Population 0-14",3.94305716326926e-05
2,28017,"P_migrants","Migrants",9.21126047614962e-05
2,28017,"P_university_studies","University degree",-8.04637966211885e-05
2,28017,"P_read_write","Literacy",-2.61648201558273e-05
2,28017,"P_cell_phone","Cell phone",0.000181152048753574
2,28017,"P_internet","Internet",0.000787304248660803
2,28017,"Current_income","Income",0.000317671190714464
2,28018,"P_age_00_14","Population 0-14",-5.14898856636137e-05
2,28018,"P_migrants","Migrants",-3.03223550872644e-05
2,28018,"P_university_studies","University degree",2.21617592615075e-05
2,28018,"P_read_write","Literacy",-0.000107744548586197
2,28018,"P_cell_phone","Cell phone",-0.000268279487499967
2,28018,"P_internet","Internet",0.00065712648211047
2,28018,"Current_income","Income",-4.16352231695782e-05
2,28019,"P_age_00_14","Population 0-14",-0.000108964108221699
2,28019,"P_migrants","Migrants",1.34369720399263e-05
2,28019,"P_university_studies","University degree",3.93015616282355e-05
2,28019,"P_read_write","Literacy",3.01607142318971e-05
2,28019,"P_cell_phone","Cell phone",8.22159636300057e-05
2,28019,"P_internet","Internet",0.000491700950078666
2,28019,"Current_income","Income",-4.13013003708329e-05
2,28020,"P_age_00_14","Population 0-14",-8.08415279607289e-05
2,28020,"P_migrants","Migrants",7.50035997043597e-06
2,28020,"P_university_studies","University degree",0.000236603184021078
2,28020,"P_read_write","Literacy",-7.31641412130557e-05
2,28020,"P_cell_phone","Cell phone",9.71584740909748e-05
2,28020,"P_internet","Internet",-0.000289621675619856
2,28020,"Current_income","Income",0.000162148353410885
2,28021,"P_age_00_14","Population 0-14",-0.000229030338232405
2,28021,"P_migrants","Migrants",-1.4884036318108e-05
2,28021,"P_university_studies","University degree",-0.000322584237437695
2,28021,"P_read_write","Literacy",-0.000155074478243478
2,28021,"P_cell_phone","Cell phone",-0.000247366027906537
2,28021,"P_internet","Internet",-0.00121693802066147
2,28021,"Current_income","Income",-8.07244123279816e-06
2,28022,"P_age_00_14","Population 0-14",-9.00553495739587e-05
2,28022,"P_migrants","Migrants",-0.0013095336034894
2,28022,"P_university_studies","University degree",-0.00060287892119959
2,28022,"P_read_write","Literacy",-0.000276259845122695
2,28022,"P_cell_phone","Cell phone",-0.000621366838458925
2,28022,"P_internet","Internet",-0.00203848048113286
2,28022,"Current_income","Income",-0.000634962692856789
2,28023,"P_age_00_14","Population 0-14",2.09159170481144e-05
2,28023,"P_migrants","Migrants",-6.57296550343744e-05
2,28023,"P_university_studies","University degree",0.000227088748943061
2,28023,"P_read_write","Literacy",-4.12292356486432e-05
2,28023,"P_cell_phone","Cell phone",-0.000577414350118488
2,28023,"P_internet","Internet",0.00133825500961393
2,28023,"Current_income","Income",0.000159236456966028
2,28024,"P_age_00_14","Population 0-14",-0.000452295265858993
2,28024,"P_migrants","Migrants",-0.000172190499142744
2,28024,"P_university_studies","University degree",0.000150111925904639
2,28024,"P_read_write","Literacy",-0.000143799465149641
2,28024,"P_cell_phone","Cell phone",-0.000268153758952394
2,28024,"P_internet","Internet",-0.000476749788504094
2,28024,"Current_income","Income",-0.000274254445685074
2,28025,"P_age_00_14","Population 0-14",-0.000660235586110502
2,28025,"P_migrants","Migrants",-0.00129341892898083
2,28025,"P_university_studies","University degree",-0.000145607147715054
2,28025,"P_read_write","Literacy",-0.000198690599063411
2,28025,"P_cell_phone","Cell phone",-0.000716758659109473
2,28025,"P_internet","Internet",-0.00231017312034965
2,28025,"Current_income","Income",-0.000779285386670381
2,28026,"P_age_00_14","Population 0-14",9.2880436568521e-05
2,28026,"P_migrants","Migrants",-2.37692656810395e-05
2,28026,"P_university_studies","University degree",0.000197409870452248
2,28026,"P_read_write","Literacy",8.7811829871498e-05
2,28026,"P_cell_phone","Cell phone",0.000222298185690306
2,28026,"P_internet","Internet",0.000763600051868707
2,28026,"Current_income","Income",0.000531238154508173
2,28027,"P_age_00_14","Population 0-14",-2.43932136072544e-05
2,28027,"P_migrants","Migrants",-0.00154739595018327
2,28027,"P_university_studies","University degree",-0.000616808945778757
2,28027,"P_read_write","Literacy",-0.000315436074743047
2,28027,"P_cell_phone","Cell phone",-0.000649990688543767
2,28027,"P_internet","Internet",-0.00232633925043046
2,28027,"Current_income","Income",-0.00074973568553105
2,28028,"P_age_00_14","Population 0-14",6.53775205137208e-05
2,28028,"P_migrants","Migrants",-4.44731558673084e-05
2,28028,"P_university_studies","University degree",0.000221774389501661
2,28028,"P_read_write","Literacy",-7.94222942204215e-05
2,28028,"P_cell_phone","Cell phone",-0.000591211719438434
2,28028,"P_internet","Internet",-0.000158091526827775
2,28028,"Current_income","Income",0.000431962689617649
2,28029,"P_age_00_14","Population 0-14",-7.71984468883602e-06
2,28029,"P_migrants","Migrants",-2.73478999588406e-05
2,28029,"P_university_studies","University degree",4.5174852857599e-05
2,28029,"P_read_write","Literacy",-1.40588854264934e-05
2,28029,"P_cell_phone","Cell phone",-3.6824570997851e-05
2,28029,"P_internet","Internet",-0.000398587784729898
2,28029,"Current_income","Income",0.000322484382195398
2,28030,"P_age_00_14","Population 0-14",2.86577760562068e-05
2,28030,"P_migrants","Migrants",8.69798350322526e-06
2,28030,"P_university_studies","University degree",1.80557108251378e-05
2,28030,"P_read_write","Literacy",-0.000131567183416337
2,28030,"P_cell_phone","Cell phone",8.60304589878069e-06
2,28030,"P_internet","Internet",0.000665029278025031
2,28030,"Current_income","Income",-2.07472039619461e-05
2,28031,"P_age_00_14","Population 0-14",-4.44247598352376e-06
2,28031,"P_migrants","Migrants",0.000102511563454755
2,28031,"P_university_studies","University degree",0.000182727599167265
2,28031,"P_read_write","Literacy",-3.78945478587411e-05
2,28031,"P_cell_phone","Cell phone",0.000198670692043379
2,28031,"P_internet","Internet",0.00037385817267932
2,28031,"Current_income","Income",0.000339118356350809
2,28032,"P_age_00_14","Population 0-14",-0.000400048156734556
2,28032,"P_migrants","Migrants",-0.00104486988857388
2,28032,"P_university_studies","University degree",-0.000613707874435931
2,28032,"P_read_write","Literacy",-0.000416205934016034
2,28032,"P_cell_phone","Cell phone",-0.000715236994437873
2,28032,"P_internet","Internet",-0.00212285364978015
2,28032,"Current_income","Income",-0.0012108072405681
2,28033,"P_age_00_14","Population 0-14",-3.83171027351636e-05
2,28033,"P_migrants","Migrants",-0.00104068173095584
2,28033,"P_university_studies","University degree",-0.000154277018737048
2,28033,"P_read_write","Literacy",-0.000170412080478854
2,28033,"P_cell_phone","Cell phone",-0.000650633359327912
2,28033,"P_internet","Internet",-0.00149982061702758
2,28033,"Current_income","Income",-0.000771150516811758
2,28034,"P_age_00_14","Population 0-14",-6.52868693578057e-05
2,28034,"P_migrants","Migrants",0.000169659324456006
2,28034,"P_university_studies","University degree",0.000210294587304816
2,28034,"P_read_write","Literacy",-7.98376713646576e-05
2,28034,"P_cell_phone","Cell phone",0.000218803994357586
2,28034,"P_internet","Internet",0.00111428729724139
2,28034,"Current_income","Income",0.000420020194724202
2,28035,"P_age_00_14","Population 0-14",8.54639347380726e-06
2,28035,"P_migrants","Migrants",-5.96656427660491e-05
2,28035,"P_university_studies","University degree",1.44134655784001e-05
2,28035,"P_read_write","Literacy",-0.000125035468954593
2,28035,"P_cell_phone","Cell phone",-0.000524708942975849
2,28035,"P_internet","Internet",0.000284584471955895
2,28035,"Current_income","Income",-4.30322143074591e-05
2,28036,"P_age_00_14","Population 0-14",7.19316012691706e-05
2,28036,"P_migrants","Migrants",0.000175221401150338
2,28036,"P_university_studies","University degree",0.000193325293366797
2,28036,"P_read_write","Literacy",-3.23560707329307e-05
2,28036,"P_cell_phone","Cell phone",0.000258963089436293
2,28036,"P_internet","Internet",0.00131748733110726
2,28036,"Current_income","Income",0.000582763575948775
2,28039,"P_age_00_14","Population 0-14",0.000163837597938254
2,28039,"P_migrants","Migrants",-4.78358706459403e-05
2,28039,"P_university_studies","University degree",3.30158436554484e-05
2,28039,"P_read_write","Literacy",6.09534763498232e-05
2,28039,"P_cell_phone","Cell phone",0.000216911517782137
2,28039,"P_internet","Internet",0.00117388262879103
2,28039,"Current_income","Income",0.000250483775744215
2,28040,"P_age_00_14","Population 0-14",3.44923796546937e-06
2,28040,"P_migrants","Migrants",-0.00031846237834543
2,28040,"P_university_studies","University degree",-0.000235750107094646
2,28040,"P_read_write","Literacy",-0.000153587476233952
2,28040,"P_cell_phone","Cell phone",-0.00061936496058479
2,28040,"P_internet","Internet",-0.00143536960240453
2,28040,"Current_income","Income",-0.000402982201194391
2,28041,"P_age_00_14","Population 0-14",-0.000140235293656588
2,28041,"P_migrants","Migrants",-2.77591007034061e-05
2,28041,"P_university_studies","University degree",-0.00104973465204239
2,28041,"P_read_write","Literacy",-0.000327779998769984
2,28041,"P_cell_phone","Cell phone",-0.000483600044390187
2,28041,"P_internet","Internet",-0.00228042853996158
2,28041,"Current_income","Income",-0.000344154541380703
2,28042,"P_age_00_14","Population 0-14",-2.38695738516981e-05
2,28042,"P_migrants","Migrants",4.0971490307129e-06
2,28042,"P_university_studies","University degree",0.000186344332178123
2,28042,"P_read_write","Literacy",-0.000151718762936071
2,28042,"P_cell_phone","Cell phone",0.000111680681584403
2,28042,"P_internet","Internet",0.000636734184809029
2,28042,"Current_income","Income",-3.45092557836324e-05
2,28043,"P_age_00_14","Population 0-14",-0.000192291030543856
2,28043,"P_migrants","Migrants",1.93625164683908e-05
2,28043,"P_university_studies","University degree",-9.21841638046317e-05
2,28043,"P_read_write","Literacy",-0.00014633395767305
2,28043,"P_cell_phone","Cell phone",-0.000243628819589503
2,28043,"P_internet","Internet",0.000488543824758381
2,28043,"Current_income","Income",-0.000487454963149503
2,29001,"P_age_00_14","Population 0-14",-5.91548923694063e-05
2,29001,"P_migrants","Migrants",0.000161361458594911
2,29001,"P_university_studies","University degree",-0.000399852026021108
2,29001,"P_read_write","Literacy",0.000199306901777163
2,29001,"P_cell_phone","Cell phone",-0.000381449121050537
2,29001,"P_internet","Internet",-0.00180816987995058
2,29001,"Current_income","Income",-4.61007512058131e-05
2,29002,"P_age_00_14","Population 0-14",-2.20481542783091e-05
2,29002,"P_migrants","Migrants",0.000166959594935179
2,29002,"P_university_studies","University degree",-0.000665659666992724
2,29002,"P_read_write","Literacy",-0.000261456269072369
2,29002,"P_cell_phone","Cell phone",-0.000590679235756397
2,29002,"P_internet","Internet",-0.00185007881373167
2,29002,"Current_income","Income",-1.78925292857457e-05
2,29003,"P_age_00_14","Population 0-14",8.07503383839503e-05
2,29003,"P_migrants","Migrants",-1.67742182384245e-05
2,29003,"P_university_studies","University degree",0.000150585226947442
2,29003,"P_read_write","Literacy",-4.27938393841032e-05
2,29003,"P_cell_phone","Cell phone",-8.97394711500965e-05
2,29003,"P_internet","Internet",0.000897861027624458
2,29003,"Current_income","Income",-1.82356488949154e-05
2,29004,"P_age_00_14","Population 0-14",7.82983552198857e-05
2,29004,"P_migrants","Migrants",0.000131385313579813
2,29004,"P_university_studies","University degree",0.000157121525262482
2,29004,"P_read_write","Literacy",2.30358750741289e-06
2,29004,"P_cell_phone","Cell phone",0.000174206536030397
2,29004,"P_internet","Internet",0.00122005911543965
2,29004,"Current_income","Income",0.000269645475782454
2,29005,"P_age_00_14","Population 0-14",-0.000188828125828877
2,29005,"P_migrants","Migrants",5.37877895112615e-05
2,29005,"P_university_studies","University degree",-0.000840869382955134
2,29005,"P_read_write","Literacy",-0.000232994003454223
2,29005,"P_cell_phone","Cell phone",-0.000658112403471023
2,29005,"P_internet","Internet",-0.00189652666449547
2,29005,"Current_income","Income",-0.000115949340397492
2,29006,"P_age_00_14","Population 0-14",5.64596412004903e-05
2,29006,"P_migrants","Migrants",0.000105322076706216
2,29006,"P_university_studies","University degree",1.13025380414911e-05
2,29006,"P_read_write","Literacy",-0.000152008084114641
2,29006,"P_cell_phone","Cell phone",-0.000245970790274441
2,29006,"P_internet","Internet",-0.000117708987090737
2,29006,"Current_income","Income",-5.07023469253909e-05
2,29007,"P_age_00_14","Population 0-14",0.000158497889060527
2,29007,"P_migrants","Migrants",8.79011204233393e-05
2,29007,"P_university_studies","University degree",0.00013083076919429
2,29007,"P_read_write","Literacy",8.91354866325855e-05
2,29007,"P_cell_phone","Cell phone",5.04538766108453e-05
2,29007,"P_internet","Internet",0.000866642745677382
2,29007,"Current_income","Income",6.90721644787118e-05
2,29008,"P_age_00_14","Population 0-14",8.51168006192893e-05
2,29008,"P_migrants","Migrants",8.94212353159674e-05
2,29008,"P_university_studies","University degree",0.000154024048242718
2,29008,"P_read_write","Literacy",2.17968727156403e-06
2,29008,"P_cell_phone","Cell phone",7.18596929800697e-05
2,29008,"P_internet","Internet",0.00113467709161341
2,29008,"Current_income","Income",0.000281334476312622
2,29009,"P_age_00_14","Population 0-14",5.33241654920857e-05
2,29009,"P_migrants","Migrants",0.000111138404463418
2,29009,"P_university_studies","University degree",1.45046597026521e-05
2,29009,"P_read_write","Literacy",-0.000137019756948575
2,29009,"P_cell_phone","Cell phone",-5.88193252042402e-05
2,29009,"P_internet","Internet",0.000869567214976996
2,29009,"Current_income","Income",7.38123490009457e-05
2,29010,"P_age_00_14","Population 0-14",-2.48568394454196e-05
2,29010,"P_migrants","Migrants",8.09958801255561e-05
2,29010,"P_university_studies","University degree",-0.000384891463909298
2,29010,"P_read_write","Literacy",-0.000179858485353179
2,29010,"P_cell_phone","Cell phone",-0.00012246250116732
2,29010,"P_internet","Internet",-0.00093726086197421
2,29010,"Current_income","Income",-0.000141920580063015
2,29011,"P_age_00_14","Population 0-14",4.42671080236323e-05
2,29011,"P_migrants","Migrants",-2.52444988291245e-06
2,29011,"P_university_studies","University degree",0.000188007761607878
2,29011,"P_read_write","Literacy",-0.000118834082968533
2,29011,"P_cell_phone","Cell phone",6.59174620523117e-05
2,29011,"P_internet","Internet",-0.00174681155476719
2,29011,"Current_income","Income",-0.000121164710435551
2,29012,"P_age_00_14","Population 0-14",6.51581503916532e-05
2,29012,"P_migrants","Migrants",2.54765927820699e-05
2,29012,"P_university_studies","University degree",0.000181854135007598
2,29012,"P_read_write","Literacy",-0.000118942829431035
2,29012,"P_cell_phone","Cell phone",0.000127626670291647
2,29012,"P_internet","Internet",0.00111545308027416
2,29012,"Current_income","Income",0.000393979862565175
2,29013,"P_age_00_14","Population 0-14",8.2062731962651e-05
2,29013,"P_migrants","Migrants",9.69799875747412e-05
2,29013,"P_university_studies","University degree",1.06992165456177e-05
2,29013,"P_read_write","Literacy",-0.000133331282995641
2,29013,"P_cell_phone","Cell phone",0.000103070517070591
2,29013,"P_internet","Internet",0.000365628249710426
2,29013,"Current_income","Income",-9.97668466879986e-05
2,29014,"P_age_00_14","Population 0-14",3.98019401472993e-05
2,29014,"P_migrants","Migrants",-2.58885429502698e-05
2,29014,"P_university_studies","University degree",0.000143091470818035
2,29014,"P_read_write","Literacy",-8.41136570670642e-05
2,29014,"P_cell_phone","Cell phone",0.000133968191221356
2,29014,"P_internet","Internet",0.000352143921190873
2,29014,"Current_income","Income",0.000399778509745374
2,29015,"P_age_00_14","Population 0-14",-5.61257438675966e-05
2,29015,"P_migrants","Migrants",-2.04058233066462e-05
2,29015,"P_university_studies","University degree",-9.00524610187858e-05
2,29015,"P_read_write","Literacy",-0.000158323833602481
2,29015,"P_cell_phone","Cell phone",6.36332988506183e-05
2,29015,"P_internet","Internet",0.000375025643734261
2,29015,"Current_income","Income",3.45187868333596e-06
2,29016,"P_age_00_14","Population 0-14",-2.10928101296304e-05
2,29016,"P_migrants","Migrants",0.000118537253001705
2,29016,"P_university_studies","University degree",-0.000308476970531046
2,29016,"P_read_write","Literacy",-0.000151554064359516
2,29016,"P_cell_phone","Cell phone",6.59997240290977e-05
2,29016,"P_internet","Internet",-0.00091227050870657
2,29016,"Current_income","Income",0.000142340679303743
2,29017,"P_age_00_14","Population 0-14",0.000145538899232633
2,29017,"P_migrants","Migrants",0.000133767811348662
2,29017,"P_university_studies","University degree",0.000189093596418388
2,29017,"P_read_write","Literacy",-0.000134148038341664
2,29017,"P_cell_phone","Cell phone",0.000275256490567699
2,29017,"P_internet","Internet",0.000369377783499658
2,29017,"Current_income","Income",0.000545355549547821
2,29018,"P_age_00_14","Population 0-14",-5.56549530301709e-05
2,29018,"P_migrants","Migrants",0.000120241893455386
2,29018,"P_university_studies","University degree",-0.000130804677610286
2,29018,"P_read_write","Literacy",-0.000155269226524979
2,29018,"P_cell_phone","Cell phone",-7.42944030207582e-06
2,29018,"P_internet","Internet",-0.000879090861417353
2,29018,"Current_income","Income",-5.12567166879307e-05
2,29019,"P_age_00_14","Population 0-14",3.11437506752554e-05
2,29019,"P_migrants","Migrants",4.81133574794512e-05
2,29019,"P_university_studies","University degree",-0.000100432684121188
2,29019,"P_read_write","Literacy",-0.000169177874340676
2,29019,"P_cell_phone","Cell phone",-0.00011429279402364
2,29019,"P_internet","Internet",-0.00094203551998362
2,29019,"Current_income","Income",-3.19296923407819e-05
2,29020,"P_age_00_14","Population 0-14",5.1176826673327e-05
2,29020,"P_migrants","Migrants",7.0226116804406e-05
2,29020,"P_university_studies","University degree",0.000141845070174895
2,29020,"P_read_write","Literacy",-0.000141884447657503
2,29020,"P_cell_phone","Cell phone",-7.61750925448723e-05
2,29020,"P_internet","Internet",0.000351294555002823
2,29020,"Current_income","Income",0.000271467812126502
2,29021,"P_age_00_14","Population 0-14",3.51984999724664e-05
2,29021,"P_migrants","Migrants",-1.58407347043976e-05
2,29021,"P_university_studies","University degree",0.000139791663968936
2,29021,"P_read_write","Literacy",-0.000132106826640666
2,29021,"P_cell_phone","Cell phone",-0.000222628979827277
2,29021,"P_internet","Internet",0.000266066432232037
2,29021,"Current_income","Income",0.000469898106530309
2,29022,"P_age_00_14","Population 0-14",8.46115290187299e-05
2,29022,"P_migrants","Migrants",4.71472994831856e-05
2,29022,"P_university_studies","University degree",0.000195760396309197
2,29022,"P_read_write","Literacy",-0.000126971222925931
2,29022,"P_cell_phone","Cell phone",-1.65439287229674e-05
2,29022,"P_internet","Internet",-0.00145778816659003
2,29022,"Current_income","Income",5.07135300722439e-05
2,29023,"P_age_00_14","Population 0-14",3.39228608936537e-05
2,29023,"P_migrants","Migrants",-1.76125395228155e-05
2,29023,"P_university_studies","University degree",-1.40313331939979e-05
2,29023,"P_read_write","Literacy",-0.000155845918925479
2,29023,"P_cell_phone","Cell phone",0.000218416564166546
2,29023,"P_internet","Internet",0.000122262674267404
2,29023,"Current_income","Income",-4.78832916996907e-05
2,29024,"P_age_00_14","Population 0-14",-7.95440937508829e-05
2,29024,"P_migrants","Migrants",0.000215306383324787
2,29024,"P_university_studies","University degree",-0.000675037212204188
2,29024,"P_read_write","Literacy",-0.00015298169455491
2,29024,"P_cell_phone","Cell phone",-3.66819767805282e-05
2,29024,"P_internet","Internet",-0.00110994023270905
2,29024,"Current_income","Income",-4.7766284296813e-06
2,29025,"P_age_00_14","Population 0-14",0.000171225692611188
2,29025,"P_migrants","Migrants",0.000214742874959484
2,29025,"P_university_studies","University degree",0.00017713796114549
2,29025,"P_read_write","Literacy",-1.22239816846559e-05
2,29025,"P_cell_phone","Cell phone",6.91015593474731e-05
2,29025,"P_internet","Internet",-0.000309255701722577
2,29025,"Current_income","Income",4.71445082439459e-06
2,29026,"P_age_00_14","Population 0-14",4.95862841489725e-05
2,29026,"P_migrants","Migrants",0.000154294524691068
2,29026,"P_university_studies","University degree",-0.000243363625486381
2,29026,"P_read_write","Literacy",-0.000185625671292655
2,29026,"P_cell_phone","Cell phone",-0.000314907112624496
2,29026,"P_internet","Internet",-0.000961686077062041
2,29026,"Current_income","Income",-2.18065615626983e-05
2,29027,"P_age_00_14","Population 0-14",5.06144533574115e-05
2,29027,"P_migrants","Migrants",4.66920437247609e-06
2,29027,"P_university_studies","University degree",0.000175535344169475
2,29027,"P_read_write","Literacy",-5.70185620745178e-05
2,29027,"P_cell_phone","Cell phone",0.00014784857921768
2,29027,"P_internet","Internet",-0.000968612846918404
2,29027,"Current_income","Income",0.000424344674684107
2,29028,"P_age_00_14","Population 0-14",0.000132970919366926
2,29028,"P_migrants","Migrants",7.49270257074386e-05
2,29028,"P_university_studies","University degree",-0.000109101660200395
2,29028,"P_read_write","Literacy",-0.000173972541233525
2,29028,"P_cell_phone","Cell phone",0.000136840069899336
2,29028,"P_internet","Internet",-0.000861491309478879
2,29028,"Current_income","Income",-5.94679440837353e-05
2,29029,"P_age_00_14","Population 0-14",4.25027501478326e-05
2,29029,"P_migrants","Migrants",0.000137948387418874
2,29029,"P_university_studies","University degree",-0.000276168982964009
2,29029,"P_read_write","Literacy",-0.000146556601976044
2,29029,"P_cell_phone","Cell phone",-0.000286413822323084
2,29029,"P_internet","Internet",-0.00175389414653182
2,29029,"Current_income","Income",-2.60518972936552e-05
2,29030,"P_age_00_14","Population 0-14",0.000174276792677119
2,29030,"P_migrants","Migrants",-1.09709681055392e-05
2,29030,"P_university_studies","University degree",0.000189189973752946
2,29030,"P_read_write","Literacy",4.89651320094708e-05
2,29030,"P_cell_phone","Cell phone",0.0001766119239619
2,29030,"P_internet","Internet",0.00120394816622138
2,29030,"Current_income","Income",0.000321941013680771
2,29031,"P_age_00_14","Population 0-14",5.4819440265419e-05
2,29031,"P_migrants","Migrants",5.60691260034218e-05
2,29031,"P_university_studies","University degree",-7.39760580472648e-05
2,29031,"P_read_write","Literacy",-0.000153254411998205
2,29031,"P_cell_phone","Cell phone",-0.000264308677287772
2,29031,"P_internet","Internet",0.000232367136050016
2,29031,"Current_income","Income",-0.000158441253006458
2,29032,"P_age_00_14","Population 0-14",-4.92383551318198e-05
2,29032,"P_migrants","Migrants",4.1711038647918e-05
2,29032,"P_university_studies","University degree",-0.000165457429829985
2,29032,"P_read_write","Literacy",-0.00019068423716817
2,29032,"P_cell_phone","Cell phone",6.06181456532795e-05
2,29032,"P_internet","Internet",-0.00012785178842023
2,29032,"Current_income","Income",-8.68458810145967e-05
2,29033,"P_age_00_14","Population 0-14",-0.000424826692324132
2,29033,"P_migrants","Migrants",-6.33243325864896e-05
2,29033,"P_university_studies","University degree",-0.00112034182529896
2,29033,"P_read_write","Literacy",-7.24345227354206e-05
2,29033,"P_cell_phone","Cell phone",-0.000637315446510911
2,29033,"P_internet","Internet",-0.00253004161641002
2,29033,"Current_income","Income",-0.000635068281553686
2,29034,"P_age_00_14","Population 0-14",0.000107952429971192
2,29034,"P_migrants","Migrants",-2.30669884331292e-05
2,29034,"P_university_studies","University degree",0.000141364391311072
2,29034,"P_read_write","Literacy",-4.54652035841718e-06
2,29034,"P_cell_phone","Cell phone",5.97568032389972e-05
2,29034,"P_internet","Internet",0.000891620351467282
2,29034,"Current_income","Income",-6.31075672572479e-05
2,29035,"P_age_00_14","Population 0-14",7.66781013226137e-05
2,29035,"P_migrants","Migrants",0.000122553974506445
2,29035,"P_university_studies","University degree",2.45178889599629e-05
2,29035,"P_read_write","Literacy",-0.000147920160088688
2,29035,"P_cell_phone","Cell phone",5.19066998094786e-05
2,29035,"P_internet","Internet",-1.77176552824676e-05
2,29035,"Current_income","Income",0.000418486510170624
2,29036,"P_age_00_14","Population 0-14",-8.70498988660984e-05
2,29036,"P_migrants","Migrants",0.00019029263057746
2,29036,"P_university_studies","University degree",-0.000847546616569161
2,29036,"P_read_write","Literacy",-0.000257884501479566
2,29036,"P_cell_phone","Cell phone",-0.000517321459483355
2,29036,"P_internet","Internet",-0.00186937721446157
2,29036,"Current_income","Income",8.30066164780874e-06
2,29037,"P_age_00_14","Population 0-14",0.000153383574797772
2,29037,"P_migrants","Migrants",4.94848172820639e-05
2,29037,"P_university_studies","University degree",0.000132181186927482
2,29037,"P_read_write","Literacy",8.73143799253739e-05
2,29037,"P_cell_phone","Cell phone",0.000212392362300307
2,29037,"P_internet","Internet",0.000636833545286208
2,29037,"Current_income","Income",-2.36186151596485e-05
2,29038,"P_age_00_14","Population 0-14",-1.25102014862932e-05
2,29038,"P_migrants","Migrants",7.98408946138807e-05
2,29038,"P_university_studies","University degree",-0.00030236504971981
2,29038,"P_read_write","Literacy",-0.000205768606974743
2,29038,"P_cell_phone","Cell phone",-0.000597980048041791
2,29038,"P_internet","Internet",-0.000400948309106752
2,29038,"Current_income","Income",2.44052498601377e-05
2,29039,"P_age_00_14","Population 0-14",0.000102557904028799
2,29039,"P_migrants","Migrants",0.000115646536869463
2,29039,"P_university_studies","University degree",1.77893089130521e-05
2,29039,"P_read_write","Literacy",-0.000154937835759483
2,29039,"P_cell_phone","Cell phone",-4.84426018374506e-05
2,29039,"P_internet","Internet",0.000222115588258021
2,29039,"Current_income","Income",1.26252859899978e-06
2,29040,"P_age_00_14","Population 0-14",-5.2657396736322e-05
2,29040,"P_migrants","Migrants",4.51434025308117e-05
2,29040,"P_university_studies","University degree",3.1022987968754e-05
2,29040,"P_read_write","Literacy",-0.000161844582180493
2,29040,"P_cell_phone","Cell phone",0.000131257329485379
2,29040,"P_internet","Internet",0.000719790870789438
2,29040,"Current_income","Income",0.000190524617210031
2,29041,"P_age_00_14","Population 0-14",4.95294771098997e-05
2,29041,"P_migrants","Migrants",1.71378894719965e-06
2,29041,"P_university_studies","University degree",-0.000114428716187831
2,29041,"P_read_write","Literacy",-0.000149824161780998
2,29041,"P_cell_phone","Cell phone",4.59363036497962e-05
2,29041,"P_internet","Internet",-0.000970806286204606
2,29041,"Current_income","Income",-3.38403733621817e-05
2,29042,"P_age_00_14","Population 0-14",-8.27701005619019e-05
2,29042,"P_migrants","Migrants",2.68172789219534e-05
2,29042,"P_university_studies","University degree",-0.000391160399885848
2,29042,"P_read_write","Literacy",-0.00021565958741121
2,29042,"P_cell_phone","Cell phone",5.97192665736657e-05
2,29042,"P_internet","Internet",-0.00143390172161162
2,29042,"Current_income","Income",-1.53456276166253e-05
2,29043,"P_age_00_14","Population 0-14",-9.09395312191918e-05
2,29043,"P_migrants","Migrants",7.32261905795895e-05
2,29043,"P_university_studies","University degree",-0.000403838057536632
2,29043,"P_read_write","Literacy",-0.000244007635046728
2,29043,"P_cell_phone","Cell phone",-0.000658471311908215
2,29043,"P_internet","Internet",-0.00118232821114361
2,29043,"Current_income","Income",-0.000128918196423911
2,29044,"P_age_00_14","Population 0-14",-4.15634167438839e-06
2,29044,"P_migrants","Migrants",2.1259527784423e-05
2,29044,"P_university_studies","University degree",-0.000102114121546037
2,29044,"P_read_write","Literacy",-0.000164676646818407
2,29044,"P_cell_phone","Cell phone",-4.72149804409128e-05
2,29044,"P_internet","Internet",-0.001127970055677
2,29044,"Current_income","Income",-7.79937472543679e-05
2,29045,"P_age_00_14","Population 0-14",0.000121062774269376
2,29045,"P_migrants","Migrants",5.98945152887609e-05
2,29045,"P_university_studies","University degree",0.000170212049852125
2,29045,"P_read_write","Literacy",-0.00013638888776768
2,29045,"P_cell_phone","Cell phone",5.83928886044305e-05
2,29045,"P_internet","Internet",-3.68286491720937e-05
2,29045,"Current_income","Income",0.000392623216612265
2,29046,"P_age_00_14","Population 0-14",0.000292342039756477
2,29046,"P_migrants","Migrants",6.12148505751975e-05
2,29046,"P_university_studies","University degree",0.00012085736670997
2,29046,"P_read_write","Literacy",6.69695946271531e-05
2,29046,"P_cell_phone","Cell phone",0.00017120101256296
2,29046,"P_internet","Internet",0.000644617481157184
2,29046,"Current_income","Income",0.000525744282640517
2,29047,"P_age_00_14","Population 0-14",0.000126796439872123
2,29047,"P_migrants","Migrants",3.69190020137466e-05
2,29047,"P_university_studies","University degree",0.000153946530190296
2,29047,"P_read_write","Literacy",-0.000186907229362987
2,29047,"P_cell_phone","Cell phone",0.000142884484375827
2,29047,"P_internet","Internet",0.00121137662790716
2,29047,"Current_income","Income",0.00055900658480823
2,29048,"P_age_00_14","Population 0-14",5.1783394155791e-05
2,29048,"P_migrants","Migrants",0.000262152228970081
2,29048,"P_university_studies","University degree",-0.000300275627523661
2,29048,"P_read_write","Literacy",-0.000172476269653998
2,29048,"P_cell_phone","Cell phone",-0.000435966707300395
2,29048,"P_internet","Internet",-0.00131872249767184
2,29048,"Current_income","Income",-9.94392830762081e-05
2,29049,"P_age_00_14","Population 0-14",-0.000290265394141898
2,29049,"P_migrants","Migrants",0.000135719208628871
2,29049,"P_university_studies","University degree",-0.000338404322974384
2,29049,"P_read_write","Literacy",7.2574766818434e-05
2,29049,"P_cell_phone","Cell phone",-0.000249887525569648
2,29049,"P_internet","Internet",-9.24336054595187e-05
2,29049,"Current_income","Income",-0.000625343003775924
2,29050,"P_age_00_14","Population 0-14",6.83929611113854e-05
2,29050,"P_migrants","Migrants",2.77803192147985e-05
2,29050,"P_university_studies","University degree",-9.0402587375138e-05
2,29050,"P_read_write","Literacy",-0.000114763606688939
2,29050,"P_cell_phone","Cell phone",0.00013546364789363
2,29050,"P_internet","Internet",-0.000267422292381525
2,29050,"Current_income","Income",0.000143040728289634
2,29051,"P_age_00_14","Population 0-14",-9.8126707598567e-05
2,29051,"P_migrants","Migrants",0.000298081926302984
2,29051,"P_university_studies","University degree",-0.000858535699080676
2,29051,"P_read_write","Literacy",-0.000142821227200329
2,29051,"P_cell_phone","Cell phone",0.000204465701244771
2,29051,"P_internet","Internet",-0.000945639796555042
2,29051,"Current_income","Income",0.000433201290434226
2,29052,"P_age_00_14","Population 0-14",4.25681719207205e-05
2,29052,"P_migrants","Migrants",5.32106678292621e-05
2,29052,"P_university_studies","University degree",0.000140017436933704
2,29052,"P_read_write","Literacy",-4.66306773887482e-05
2,29052,"P_cell_phone","Cell phone",-2.00151898752665e-05
2,29052,"P_internet","Internet",0.000766862300224602
2,29052,"Current_income","Income",0.000396220973925665
2,29053,"P_age_00_14","Population 0-14",7.87724275141954e-05
2,29053,"P_migrants","Migrants",0.000316012679832056
2,29053,"P_university_studies","University degree",-0.000357176177203655
2,29053,"P_read_write","Literacy",-0.000141995609737933
2,29053,"P_cell_phone","Cell phone",-2.61826589849079e-05
2,29053,"P_internet","Internet",-0.000975706847384572
2,29053,"Current_income","Income",7.4725816375576e-05
2,29054,"P_age_00_14","Population 0-14",-8.70106159709394e-05
2,29054,"P_migrants","Migrants",6.72017704346217e-05
2,29054,"P_university_studies","University degree",-0.00012607013923116
2,29054,"P_read_write","Literacy",-0.000164459474035539
2,29054,"P_cell_phone","Cell phone",-0.000122980796732008
2,29054,"P_internet","Internet",-0.00127493112813681
2,29054,"Current_income","Income",4.97964865644462e-05
2,29055,"P_age_00_14","Population 0-14",-7.0414760557469e-05
2,29055,"P_migrants","Migrants",-1.10844102891861e-05
2,29055,"P_university_studies","University degree",0.00015225014067255
2,29055,"P_read_write","Literacy",-0.000129042193293571
2,29055,"P_cell_phone","Cell phone",1.36182416099473e-05
2,29055,"P_internet","Internet",-0.00081823265645653
2,29055,"Current_income","Income",0.000451412954134867
2,29056,"P_age_00_14","Population 0-14",5.2656774641946e-05
2,29056,"P_migrants","Migrants",0.000256227154750377
2,29056,"P_university_studies","University degree",-0.000282175926258788
2,29056,"P_read_write","Literacy",-0.000147104699863121
2,29056,"P_cell_phone","Cell phone",8.48397976369597e-05
2,29056,"P_internet","Internet",-0.000792604347225279
2,29056,"Current_income","Income",0.000524453818798065
2,29057,"P_age_00_14","Population 0-14",-1.12744737634785e-05
2,29057,"P_migrants","Migrants",3.63741855835542e-05
2,29057,"P_university_studies","University degree",-0.000337012199452147
2,29057,"P_read_write","Literacy",-0.000134149522637017
2,29057,"P_cell_phone","Cell phone",0.000224920440814458
2,29057,"P_internet","Internet",-0.000975251605268568
2,29057,"Current_income","Income",0.000492979947011918
2,29058,"P_age_00_14","Population 0-14",-5.32280500920024e-05
2,29058,"P_migrants","Migrants",-2.7030075671064e-06
2,29058,"P_university_studies","University degree",-1.15173634185339e-06
2,29058,"P_read_write","Literacy",-0.000154627283336595
2,29058,"P_cell_phone","Cell phone",6.73242830089293e-05
2,29058,"P_internet","Internet",-0.0011050533503294
2,29058,"Current_income","Income",2.20940219151089e-05
2,29059,"P_age_00_14","Population 0-14",0.000130316431750543
2,29059,"P_migrants","Migrants",1.94817348528886e-05
2,29059,"P_university_studies","University degree",0.000177470836206339
2,29059,"P_read_write","Literacy",-0.000134472793433815
2,29059,"P_cell_phone","Cell phone",-4.52732601843309e-05
2,29059,"P_internet","Internet",-0.000851451943162829
2,29059,"Current_income","Income",0.000470022583613172
2,29060,"P_age_00_14","Population 0-14",-2.11035194297438e-06
2,29060,"P_migrants","Migrants",0.000205944714252837
2,29060,"P_university_studies","University degree",1.31337110360619e-05
2,29060,"P_read_write","Literacy",-0.0001813359267544
2,29060,"P_cell_phone","Cell phone",2.32457068705116e-06
2,29060,"P_internet","Internet",-0.00104152539279312
2,29060,"Current_income","Income",-0.000501346774399281
2,30001,"P_age_00_14","Population 0-14",5.00839596497826e-05
2,30001,"P_migrants","Migrants",0.0001085627663997
2,30001,"P_university_studies","University degree",0.000140757590997964
2,30001,"P_read_write","Literacy",8.95502744242549e-05
2,30001,"P_cell_phone","Cell phone",0.000229439770919271
2,30001,"P_internet","Internet",0.00075899442890659
2,30001,"Current_income","Income",8.53590609040111e-05
2,30002,"P_age_00_14","Population 0-14",4.18719355366193e-05
2,30002,"P_migrants","Migrants",-6.23204823568813e-06
2,30002,"P_university_studies","University degree",0.000163247328600846
2,30002,"P_read_write","Literacy",7.25839927326888e-05
2,30002,"P_cell_phone","Cell phone",7.05161728546955e-05
2,30002,"P_internet","Internet",0.000626426830422133
2,30002,"Current_income","Income",0.000500351830851287
2,30003,"P_age_00_14","Population 0-14",-7.72889543441124e-05
2,30003,"P_migrants","Migrants",-2.74875183094991e-05
2,30003,"P_university_studies","University degree",-0.000195378524949774
2,30003,"P_read_write","Literacy",8.87892383616418e-05
2,30003,"P_cell_phone","Cell phone",6.9849265855737e-05
2,30003,"P_internet","Internet",0.000358848454197869
2,30003,"Current_income","Income",-4.03565791202709e-05
2,30004,"P_age_00_14","Population 0-14",-0.0004767750215251
2,30004,"P_migrants","Migrants",-1.8963786715176e-05
2,30004,"P_university_studies","University degree",5.28706550539937e-05
2,30004,"P_read_write","Literacy",7.13736080797389e-05
2,30004,"P_cell_phone","Cell phone",0.000240205321460962
2,30004,"P_internet","Internet",0.000202570256078616
2,30004,"Current_income","Income",0.000116757822979707
2,30005,"P_age_00_14","Population 0-14",-0.000105628394521773
2,30005,"P_migrants","Migrants",0.000132622706587426
2,30005,"P_university_studies","University degree",0.000142827557283454
2,30005,"P_read_write","Literacy",7.54534048610367e-05
2,30005,"P_cell_phone","Cell phone",6.40686339465901e-05
2,30005,"P_internet","Internet",0.000838399573694915
2,30005,"Current_income","Income",0.000474432541523129
2,30006,"P_age_00_14","Population 0-14",0.000152394219185226
2,30006,"P_migrants","Migrants",5.14341882080771e-05
2,30006,"P_university_studies","University degree",0.000138861942104995
2,30006,"P_read_write","Literacy",8.27406256576069e-05
2,30006,"P_cell_phone","Cell phone",0.00022622849792242
2,30006,"P_internet","Internet",0.000860686763189733
2,30006,"Current_income","Income",0.000488871824927628
2,30007,"P_age_00_14","Population 0-14",-3.49209767591674e-05
2,30007,"P_migrants","Migrants",-3.22458581649698e-05
2,30007,"P_university_studies","University degree",0.000176355271833017
2,30007,"P_read_write","Literacy",7.79878973844461e-05
2,30007,"P_cell_phone","Cell phone",0.000168963946634904
2,30007,"P_internet","Internet",0.000745908939279616
2,30007,"Current_income","Income",0.000405772792873904
2,30008,"P_age_00_14","Population 0-14",0.00020683603361249
2,30008,"P_migrants","Migrants",-2.71812132268678e-05
2,30008,"P_university_studies","University degree",0.000169068240211345
2,30008,"P_read_write","Literacy",9.99381300061941e-05
2,30008,"P_cell_phone","Cell phone",0.00026155833620578
2,30008,"P_internet","Internet",0.000798601191490889
2,30008,"Current_income","Income",0.000529372016899288
2,30009,"P_age_00_14","Population 0-14",-0.000401137571316212
2,30009,"P_migrants","Migrants",-4.16410039179027e-05
2,30009,"P_university_studies","University degree",0.000187839643331245
2,30009,"P_read_write","Literacy",7.05744023434818e-05
2,30009,"P_cell_phone","Cell phone",0.000241118716076016
2,30009,"P_internet","Internet",-0.00030010734917596
2,30009,"Current_income","Income",1.35196132760029e-05
2,30010,"P_age_00_14","Population 0-14",0.000183272859430872
2,30010,"P_migrants","Migrants",7.04112826497294e-05
2,30010,"P_university_studies","University degree",0.000142740391311236
2,30010,"P_read_write","Literacy",0.000108211243059486
2,30010,"P_cell_phone","Cell phone",0.000232317805057392
2,30010,"P_internet","Internet",0.000638521451037377
2,30010,"Current_income","Income",0.000402529491111636
2,30011,"P_age_00_14","Population 0-14",-0.00117290380876511
2,30011,"P_migrants","Migrants",-4.5128348574508e-05
2,30011,"P_university_studies","University degree",-0.00127939379308373
2,30011,"P_read_write","Literacy",-2.08906531042885e-05
2,30011,"P_cell_phone","Cell phone",-4.97795772389509e-05
2,30011,"P_internet","Internet",-0.00114948279224336
2,30011,"Current_income","Income",0.000288873095996678
2,30013,"P_age_00_14","Population 0-14",-0.000153695422341116
2,30013,"P_migrants","Migrants",0.000284237292362377
2,30013,"P_university_studies","University degree",-0.000332779629388824
2,30013,"P_read_write","Literacy",-0.000135947004309855
2,30013,"P_cell_phone","Cell phone",-0.000195302432985045
2,30013,"P_internet","Internet",-0.000864177476614714
2,30013,"Current_income","Income",-3.71207715943456e-05
2,30014,"P_age_00_14","Population 0-14",-0.000106819170468953
2,30014,"P_migrants","Migrants",2.8279893740546e-05
2,30014,"P_university_studies","University degree",7.28980558051262e-06
2,30014,"P_read_write","Literacy",-7.92225473560393e-05
2,30014,"P_cell_phone","Cell phone",7.18153969501145e-05
2,30014,"P_internet","Internet",-0.000945304171182215
2,30014,"Current_income","Income",-4.15619651903398e-05
2,30015,"P_age_00_14","Population 0-14",-0.000329938950017095
2,30015,"P_migrants","Migrants",0.000103303595096804
2,30015,"P_university_studies","University degree",3.22141568176448e-05
2,30015,"P_read_write","Literacy",7.82376009738073e-05
2,30015,"P_cell_phone","Cell phone",0.000172981977812015
2,30015,"P_internet","Internet",0.000356980919605121
2,30015,"Current_income","Income",0.000300734216580167
2,30016,"P_age_00_14","Population 0-14",-0.000336265249643475
2,30016,"P_migrants","Migrants",2.16269072552677e-05
2,30016,"P_university_studies","University degree",-0.000289460615022108
2,30016,"P_read_write","Literacy",-0.00014556736277882
2,30016,"P_cell_phone","Cell phone",-0.000255274033406749
2,30016,"P_internet","Internet",-0.00134691980201751
2,30016,"Current_income","Income",-0.000370433088392019
2,30017,"P_age_00_14","Population 0-14",-0.000226082862354815
2,30017,"P_migrants","Migrants",8.30535827844869e-06
2,30017,"P_university_studies","University degree",6.11486175330356e-05
2,30017,"P_read_write","Literacy",3.44754698744509e-05
2,30017,"P_cell_phone","Cell phone",0.000221951020648703
2,30017,"P_internet","Internet",0.000661889207549393
2,30017,"Current_income","Income",-5.11968391947448e-06
2,30018,"P_age_00_14","Population 0-14",0.000236765394220129
2,30018,"P_migrants","Migrants",0.000121449105790816
2,30018,"P_university_studies","University degree",0.000150503794429824
2,30018,"P_read_write","Literacy",0.000115392176667228
2,30018,"P_cell_phone","Cell phone",0.000250799814239144
2,30018,"P_internet","Internet",0.00114799628499895
2,30018,"Current_income","Income",0.000552043842617422
2,30019,"P_age_00_14","Population 0-14",0.000294102297630161
2,30019,"P_migrants","Migrants",7.47037774999626e-05
2,30019,"P_university_studies","University degree",0.000285786343738437
2,30019,"P_read_write","Literacy",0.000125786085845903
2,30019,"P_cell_phone","Cell phone",0.000190361868590117
2,30019,"P_internet","Internet",0.000325210043229163
2,30019,"Current_income","Income",0.000716881651896983
2,30020,"P_age_00_14","Population 0-14",0.000260909553617239
2,30020,"P_migrants","Migrants",0.000144079545862041
2,30020,"P_university_studies","University degree",0.000279081024928018
2,30020,"P_read_write","Literacy",0.000105435879959259
2,30020,"P_cell_phone","Cell phone",0.000306590285617858
2,30020,"P_internet","Internet",0.00116771087050438
2,30020,"Current_income","Income",0.000673750531859696
2,30021,"P_age_00_14","Population 0-14",-6.03885346208699e-05
2,30021,"P_migrants","Migrants",6.58071712678066e-06
2,30021,"P_university_studies","University degree",2.911311275966e-05
2,30021,"P_read_write","Literacy",-6.80681705489405e-06
2,30021,"P_cell_phone","Cell phone",7.90473204688169e-05
2,30021,"P_internet","Internet",0.000369782093912363
2,30021,"Current_income","Income",-4.41120537288953e-05
2,30022,"P_age_00_14","Population 0-14",7.77549648773856e-05
2,30022,"P_migrants","Migrants",9.2074966232758e-05
2,30022,"P_university_studies","University degree",0.000136269343784079
2,30022,"P_read_write","Literacy",0.00010333297541365
2,30022,"P_cell_phone","Cell phone",0.00023403757950291
2,30022,"P_internet","Internet",0.000613793963566422
2,30022,"Current_income","Income",0.000459715927718207
2,30023,"P_age_00_14","Population 0-14",6.86261773807928e-05
2,30023,"P_migrants","Migrants",2.7473783120513e-05
2,30023,"P_university_studies","University degree",0.00019940867787227
2,30023,"P_read_write","Literacy",9.66219740803353e-05
2,30023,"P_cell_phone","Cell phone",0.000250215933192521
2,30023,"P_internet","Internet",0.000840826076455414
2,30023,"Current_income","Income",0.000481383729493245
2,30024,"P_age_00_14","Population 0-14",8.43495290610008e-05
2,30024,"P_migrants","Migrants",6.49692883598618e-05
2,30024,"P_university_studies","University degree",0.000162252908921801
2,30024,"P_read_write","Literacy",9.5993367722258e-05
2,30024,"P_cell_phone","Cell phone",0.000233340193517506
2,30024,"P_internet","Internet",0.000759005604777485
2,30024,"Current_income","Income",0.000536254316102713
2,30025,"P_age_00_14","Population 0-14",0.000214263825910166
2,30025,"P_migrants","Migrants",0.000118580464913975
2,30025,"P_university_studies","University degree",0.000138275951030664
2,30025,"P_read_write","Literacy",0.000110052089439705
2,30025,"P_cell_phone","Cell phone",0.000243097267230041
2,30025,"P_internet","Internet",0.00106978940311819
2,30025,"Current_income","Income",0.000546719064004719
2,30026,"P_age_00_14","Population 0-14",-9.58853415795602e-05
2,30026,"P_migrants","Migrants",9.66394654824398e-05
2,30026,"P_university_studies","University degree",-0.00088989973301068
2,30026,"P_read_write","Literacy",-0.000164749566465616
2,30026,"P_cell_phone","Cell phone",-0.000650074798613787
2,30026,"P_internet","Internet",-0.00216684932820499
2,30026,"Current_income","Income",4.46971971541643e-05
2,30027,"P_age_00_14","Population 0-14",-1.60443437380309e-06
2,30027,"P_migrants","Migrants",0.000124635291285813
2,30027,"P_university_studies","University degree",0.000192054416402243
2,30027,"P_read_write","Literacy",0.000106628882349469
2,30027,"P_cell_phone","Cell phone",0.000250622950261459
2,30027,"P_internet","Internet",0.0012365342117846
2,30027,"Current_income","Income",0.000526071118656546
2,30028,"P_age_00_14","Population 0-14",-0.00102749129291624
2,30028,"P_migrants","Migrants",-3.77194337488618e-05
2,30028,"P_university_studies","University degree",-0.00149844062980264
2,30028,"P_read_write","Literacy",-0.000343046005582437
2,30028,"P_cell_phone","Cell phone",-0.000705839833244681
2,30028,"P_internet","Internet",-0.00419022748246789
2,30028,"Current_income","Income",-0.000705884303897619
2,30029,"P_age_00_14","Population 0-14",0.000240148699958809
2,30029,"P_migrants","Migrants",0.000110888562630862
2,30029,"P_university_studies","University degree",0.000157442860654555
2,30029,"P_read_write","Literacy",0.000102714322565589
2,30029,"P_cell_phone","Cell phone",0.000257540494203568
2,30029,"P_internet","Internet",0.00115226965863258
2,30029,"Current_income","Income",0.00054530898341909
2,30030,"P_age_00_14","Population 0-14",-0.000163173885084689
2,30030,"P_migrants","Migrants",0.000136758666485548
2,30030,"P_university_studies","University degree",-0.000485664641018957
2,30030,"P_read_write","Literacy",3.38349273079075e-05
2,30030,"P_cell_phone","Cell phone",0.000131291584693827
2,30030,"P_internet","Internet",-0.00108801585156471
2,30030,"Current_income","Income",2.3439344658982e-05
2,30031,"P_age_00_14","Population 0-14",4.07504630857147e-05
2,30031,"P_migrants","Migrants",-2.62703524640528e-05
2,30031,"P_university_studies","University degree",0.000182616102392785
2,30031,"P_read_write","Literacy",0.00010053160804091
2,30031,"P_cell_phone","Cell phone",0.00015484425239265
2,30031,"P_internet","Internet",0.00124725699424744
2,30031,"Current_income","Income",0.000498062872793525
2,30032,"P_age_00_14","Population 0-14",1.16306964628166e-05
2,30032,"P_migrants","Migrants",6.46705157123506e-05
2,30032,"P_university_studies","University degree",1.2775023606082e-05
2,30032,"P_read_write","Literacy",9.17523284442723e-05
2,30032,"P_cell_phone","Cell phone",0.000141014868859202
2,30032,"P_internet","Internet",0.00020978253451176
2,30032,"Current_income","Income",0.000409417494665831
2,30033,"P_age_00_14","Population 0-14",1.65144592756405e-05
2,30033,"P_migrants","Migrants",0.000123208534205332
2,30033,"P_university_studies","University degree",0.000161771342391148
2,30033,"P_read_write","Literacy",8.73883836902678e-05
2,30033,"P_cell_phone","Cell phone",0.000239252505707555
2,30033,"P_internet","Internet",0.00121233332902193
2,30033,"Current_income","Income",0.000306870177155361
2,30034,"P_age_00_14","Population 0-14",-0.000224137940676883
2,30034,"P_migrants","Migrants",0.000240599096287042
2,30034,"P_university_studies","University degree",-0.000430339481681585
2,30034,"P_read_write","Literacy",-9.44040948525071e-05
2,30034,"P_cell_phone","Cell phone",-3.19064129143953e-05
2,30034,"P_internet","Internet",-0.00124010734725744
2,30034,"Current_income","Income",-0.000127491119201295
2,30035,"P_age_00_14","Population 0-14",1.89714373846073e-05
2,30035,"P_migrants","Migrants",0.000128100262372755
2,30035,"P_university_studies","University degree",3.34058422595263e-05
2,30035,"P_read_write","Literacy",9.5423762104474e-05
2,30035,"P_cell_phone","Cell phone",0.000163825796335004
2,30035,"P_internet","Internet",0.00124084716662765
2,30035,"Current_income","Income",0.000420589436544105
2,30036,"P_age_00_14","Population 0-14",0.000165844045113772
2,30036,"P_migrants","Migrants",-2.02000755962217e-05
2,30036,"P_university_studies","University degree",0.000148164501297288
2,30036,"P_read_write","Literacy",0.000104765931610018
2,30036,"P_cell_phone","Cell phone",6.43152598058805e-05
2,30036,"P_internet","Internet",0.000609901500865817
2,30036,"Current_income","Income",0.000395253679016605
2,30037,"P_age_00_14","Population 0-14",0.000175085879163817
2,30037,"P_migrants","Migrants",0.000109228232759051
2,30037,"P_university_studies","University degree",0.000214296655030921
2,30037,"P_read_write","Literacy",9.83607460511848e-05
2,30037,"P_cell_phone","Cell phone",0.000229153360123746
2,30037,"P_internet","Internet",0.00121416826732457
2,30037,"Current_income","Income",0.000545716378837824
2,30038,"P_age_00_14","Population 0-14",-0.000325680943205953
2,30038,"P_migrants","Migrants",-2.89412355414242e-06
2,30038,"P_university_studies","University degree",-0.000537597516085953
2,30038,"P_read_write","Literacy",-7.72461935412139e-05
2,30038,"P_cell_phone","Cell phone",-0.000256010243901983
2,30038,"P_internet","Internet",-0.00183823192492127
2,30038,"Current_income","Income",0.000428275583544746
2,30039,"P_age_00_14","Population 0-14",-0.000325345172313973
2,30039,"P_migrants","Migrants",8.8386470451951e-05
2,30039,"P_university_studies","University degree",-0.000889273767825216
2,30039,"P_read_write","Literacy",-0.000150420455611311
2,30039,"P_cell_phone","Cell phone",-0.000578577804844826
2,30039,"P_internet","Internet",-0.00182302528992295
2,30039,"Current_income","Income",-9.11627721507102e-05
2,30040,"P_age_00_14","Population 0-14",-8.09541379567236e-05
2,30040,"P_migrants","Migrants",0.000272155506536365
2,30040,"P_university_studies","University degree",-0.00033424238790758
2,30040,"P_read_write","Literacy",-0.000105123879620805
2,30040,"P_cell_phone","Cell phone",-0.000209689082112163
2,30040,"P_internet","Internet",-0.00171791994944215
2,30040,"Current_income","Income",-4.9996921006823e-05
2,30041,"P_age_00_14","Population 0-14",-0.000119910429930314
2,30041,"P_migrants","Migrants",7.04040285199881e-05
2,30041,"P_university_studies","University degree",0.000208522382308729
2,30041,"P_read_write","Literacy",7.39169772714376e-05
2,30041,"P_cell_phone","Cell phone",0.000242908005020581
2,30041,"P_internet","Internet",0.0011980306589976
2,30041,"Current_income","Income",0.000505988718941808
2,30042,"P_age_00_14","Population 0-14",-6.91339209879516e-06
2,30042,"P_migrants","Migrants",-1.45150115713477e-05
2,30042,"P_university_studies","University degree",4.97980981890578e-05
2,30042,"P_read_write","Literacy",0.00010160527745029
2,30042,"P_cell_phone","Cell phone",0.000236074687563814
2,30042,"P_internet","Internet",0.000532759702764452
2,30042,"Current_income","Income",0.000419935618992895
2,30043,"P_age_00_14","Population 0-14",1.47139689943288e-05
2,30043,"P_migrants","Migrants",8.70039511937648e-05
2,30043,"P_university_studies","University degree",0.000181998751941137
2,30043,"P_read_write","Literacy",9.29614398046397e-05
2,30043,"P_cell_phone","Cell phone",0.000245743547566235
2,30043,"P_internet","Internet",0.00115181761793792
2,30043,"Current_income","Income",0.00050309591460973
2,30044,"P_age_00_14","Population 0-14",-0.00019082568178419
2,30044,"P_migrants","Migrants",7.03190162312239e-05
2,30044,"P_university_studies","University degree",-0.000484153948491439
2,30044,"P_read_write","Literacy",-0.000149077051901259
2,30044,"P_cell_phone","Cell phone",-0.000297088990919292
2,30044,"P_internet","Internet",-0.00190932000987232
2,30044,"Current_income","Income",-0.000265999260591343
2,30046,"P_age_00_14","Population 0-14",-0.000186959863640368
2,30046,"P_migrants","Migrants",0.000101630481367465
2,30046,"P_university_studies","University degree",0.000186434903298505
2,30046,"P_read_write","Literacy",9.50312823988497e-05
2,30046,"P_cell_phone","Cell phone",0.000231409780099057
2,30046,"P_internet","Internet",0.000834435864817351
2,30046,"Current_income","Income",0.000302931177429855
2,30047,"P_age_00_14","Population 0-14",0.000287418544758111
2,30047,"P_migrants","Migrants",4.860274202656e-05
2,30047,"P_university_studies","University degree",0.000187749494216405
2,30047,"P_read_write","Literacy",0.000115139198896941
2,30047,"P_cell_phone","Cell phone",0.000254994549322873
2,30047,"P_internet","Internet",0.000790375110227615
2,30047,"Current_income","Income",0.000558720203116536
2,30048,"P_age_00_14","Population 0-14",-0.000103186604974326
2,30048,"P_migrants","Migrants",0.000285675749182701
2,30048,"P_university_studies","University degree",-0.000327285379171371
2,30048,"P_read_write","Literacy",-0.000109852466266602
2,30048,"P_cell_phone","Cell phone",-0.000469814782263711
2,30048,"P_internet","Internet",-0.000898560392670333
2,30048,"Current_income","Income",0.00014663657930214
2,30049,"P_age_00_14","Population 0-14",-0.000121173790830653
2,30049,"P_migrants","Migrants",-2.70591517619323e-05
2,30049,"P_university_studies","University degree",0.000181503753992729
2,30049,"P_read_write","Literacy",8.46368784550577e-05
2,30049,"P_cell_phone","Cell phone",6.28420821158215e-05
2,30049,"P_internet","Internet",0.000638369587250054
2,30049,"Current_income","Income",-7.67775782151148e-06
2,30050,"P_age_00_14","Population 0-14",7.03181722201407e-05
2,30050,"P_migrants","Migrants",0.0001315498520853
2,30050,"P_university_studies","University degree",0.000178068075911142
2,30050,"P_read_write","Literacy",0.000108781940070912
2,30050,"P_cell_phone","Cell phone",0.00026221651933156
2,30050,"P_internet","Internet",0.000528990698512644
2,30050,"Current_income","Income",0.000536578183528036
2,30051,"P_age_00_14","Population 0-14",7.00191085343249e-05
2,30051,"P_migrants","Migrants",6.42571249045432e-05
2,30051,"P_university_studies","University degree",0.000173448250279762
2,30051,"P_read_write","Literacy",0.000103090234915726
2,30051,"P_cell_phone","Cell phone",0.000259776395978406
2,30051,"P_internet","Internet",0.000895701581612229
2,30051,"Current_income","Income",0.000482470233691856
2,30052,"P_age_00_14","Population 0-14",2.0759887775057e-05
2,30052,"P_migrants","Migrants",1.15565808300744e-06
2,30052,"P_university_studies","University degree",0.000146047517773695
2,30052,"P_read_write","Literacy",9.15406199055724e-05
2,30052,"P_cell_phone","Cell phone",0.000224833202082664
2,30052,"P_internet","Internet",0.000779849593527615
2,30052,"Current_income","Income",-1.76141256815754e-05
2,30053,"P_age_00_14","Population 0-14",7.60115290177055e-06
2,30053,"P_migrants","Migrants",2.5119674319285e-05
2,30053,"P_university_studies","University degree",1.52835746121127e-05
2,30053,"P_read_write","Literacy",4.57175083283801e-05
2,30053,"P_cell_phone","Cell phone",6.17839905316941e-05
2,30053,"P_internet","Internet",-0.00087103305850178
2,30053,"Current_income","Income",-1.74329452420352e-05
2,30055,"P_age_00_14","Population 0-14",-1.04304381238762e-05
2,30055,"P_migrants","Migrants",0.000111719244159758
2,30055,"P_university_studies","University degree",-1.59230294229928e-05
2,30055,"P_read_write","Literacy",8.409506699536e-05
2,30055,"P_cell_phone","Cell phone",0.000231081474339589
2,30055,"P_internet","Internet",0.00122351420577615
2,30055,"Current_income","Income",0.000485615833895281
2,30057,"P_age_00_14","Population 0-14",0.00018091662786901
2,30057,"P_migrants","Migrants",1.59082321715687e-06
2,30057,"P_university_studies","University degree",0.000194788255612366
2,30057,"P_read_write","Literacy",0.000100264871434774
2,30057,"P_cell_phone","Cell phone",0.000258953834418207
2,30057,"P_internet","Internet",0.00122799759265035
2,30057,"Current_income","Income",0.000536516949068755
2,30058,"P_age_00_14","Population 0-14",-0.000113926063932013
2,30058,"P_migrants","Migrants",0.000156484282342717
2,30058,"P_university_studies","University degree",2.21217414946295e-05
2,30058,"P_read_write","Literacy",9.24958803807385e-05
2,30058,"P_cell_phone","Cell phone",0.000260009721387178
2,30058,"P_internet","Internet",0.00125171127729118
2,30058,"Current_income","Income",0.000421552802436054
2,30059,"P_age_00_14","Population 0-14",-2.11893930099905e-05
2,30059,"P_migrants","Migrants",0.00015038343553897
2,30059,"P_university_studies","University degree",2.0784224034287e-05
2,30059,"P_read_write","Literacy",9.42350743571296e-05
2,30059,"P_cell_phone","Cell phone",9.9675751698669e-05
2,30059,"P_internet","Internet",0.000782517890911549
2,30059,"Current_income","Income",-4.06528888561297e-05
2,30060,"P_age_00_14","Population 0-14",1.576768772793e-05
2,30060,"P_migrants","Migrants",0.000132956352899782
2,30060,"P_university_studies","University degree",0.000162862226716243
2,30060,"P_read_write","Literacy",0.000102004545624368
2,30060,"P_cell_phone","Cell phone",0.000189199447049759
2,30060,"P_internet","Internet",0.000632545270491391
2,30060,"Current_income","Income",0.000411834247643128
2,30061,"P_age_00_14","Population 0-14",0.000182343428605236
2,30061,"P_migrants","Migrants",-2.49891472776653e-05
2,30061,"P_university_studies","University degree",-1.59204500960186e-05
2,30061,"P_read_write","Literacy",8.81322994246148e-05
2,30061,"P_cell_phone","Cell phone",0.000186729565029964
2,30061,"P_internet","Internet",9.26752909435891e-05
2,30061,"Current_income","Income",0.000513955892529339
2,30062,"P_age_00_14","Population 0-14",7.59507311158814e-05
2,30062,"P_migrants","Migrants",0.000110620145278517
2,30062,"P_university_studies","University degree",0.000134255271404982
2,30062,"P_read_write","Literacy",9.3686998297926e-05
2,30062,"P_cell_phone","Cell phone",0.000168581202160567
2,30062,"P_internet","Internet",0.00058751372853294
2,30062,"Current_income","Income",0.000469068909296766
2,30063,"P_age_00_14","Population 0-14",-3.5410666896496e-05
2,30063,"P_migrants","Migrants",0.000202337745577097
2,30063,"P_university_studies","University degree",0.000163669246830977
2,30063,"P_read_write","Literacy",9.88939355011098e-05
2,30063,"P_cell_phone","Cell phone",0.00022455194266513
2,30063,"P_internet","Internet",0.00127677223645151
2,30063,"Current_income","Income",0.00042669553658925
2,30064,"P_age_00_14","Population 0-14",4.88116311316844e-05
2,30064,"P_migrants","Migrants",0.000140312244184315
2,30064,"P_university_studies","University degree",0.000195061016711406
2,30064,"P_read_write","Literacy",0.000118061878310982
2,30064,"P_cell_phone","Cell phone",0.000258548243436962
2,30064,"P_internet","Internet",0.00123941642232239
2,30064,"Current_income","Income",0.00052910199156031
2,30065,"P_age_00_14","Population 0-14",-0.000164017139468342
2,30065,"P_migrants","Migrants",2.434485941194e-05
2,30065,"P_university_studies","University degree",-0.000710768159478903
2,30065,"P_read_write","Literacy",-0.000152262320625596
2,30065,"P_cell_phone","Cell phone",-0.000635161937680095
2,30065,"P_internet","Internet",-0.00170958379749209
2,30065,"Current_income","Income",3.99390555685386e-05
2,30066,"P_age_00_14","Population 0-14",4.33001732744742e-05
2,30066,"P_migrants","Migrants",0.000138107250677422
2,30066,"P_university_studies","University degree",5.81720923946705e-05
2,30066,"P_read_write","Literacy",0.00011222194734728
2,30066,"P_cell_phone","Cell phone",0.000252843543421477
2,30066,"P_internet","Internet",0.00090063369134441
2,30066,"Current_income","Income",0.000482329371152446
2,30067,"P_age_00_14","Population 0-14",0.000213843784877099
2,30067,"P_migrants","Migrants",0.000141418597195297
2,30067,"P_university_studies","University degree",0.000244135007960722
2,30067,"P_read_write","Literacy",9.99485055217519e-05
2,30067,"P_cell_phone","Cell phone",0.000258346233749762
2,30067,"P_internet","Internet",0.00122296146582812
2,30067,"Current_income","Income",0.00052915420383215
2,30068,"P_age_00_14","Population 0-14",-0.000168711165315472
2,30068,"P_migrants","Migrants",2.61224267887883e-05
2,30068,"P_university_studies","University degree",-0.000888794776983559
2,30068,"P_read_write","Literacy",-0.000170774612342939
2,30068,"P_cell_phone","Cell phone",-0.000545735936611891
2,30068,"P_internet","Internet",-0.00209757615812123
2,30068,"Current_income","Income",-9.97028255369514e-05
2,30069,"P_age_00_14","Population 0-14",-0.000265688373474404
2,30069,"P_migrants","Migrants",0.000202460403670557
2,30069,"P_university_studies","University degree",-9.47421431192197e-05
2,30069,"P_read_write","Literacy",-3.21700463246088e-05
2,30069,"P_cell_phone","Cell phone",-3.55753036274109e-05
2,30069,"P_internet","Internet",-0.000724794226698577
2,30069,"Current_income","Income",-1.44501627801219e-05
2,30070,"P_age_00_14","Population 0-14",7.19667295925319e-05
2,30070,"P_migrants","Migrants",-3.05161902360851e-05
2,30070,"P_university_studies","University degree",0.000215330874198116
2,30070,"P_read_write","Literacy",7.74959407863207e-05
2,30070,"P_cell_phone","Cell phone",0.000251649704296142
2,30070,"P_internet","Internet",0.000374239694792777
2,30070,"Current_income","Income",0.000431889668107033
2,30071,"P_age_00_14","Population 0-14",4.64043514512014e-05
2,30071,"P_migrants","Migrants",0.000103216290881392
2,30071,"P_university_studies","University degree",-8.89050497789867e-05
2,30071,"P_read_write","Literacy",6.08382761129178e-05
2,30071,"P_cell_phone","Cell phone",6.57285272609442e-05
2,30071,"P_internet","Internet",0.000363354833098128
2,30071,"Current_income","Income",0.00018784411076922
2,30073,"P_age_00_14","Population 0-14",2.0783714717254e-05
2,30073,"P_migrants","Migrants",0.000159736955538392
2,30073,"P_university_studies","University degree",0.000151920306961983
2,30073,"P_read_write","Literacy",0.000106133898952976
2,30073,"P_cell_phone","Cell phone",0.000250237557338551
2,30073,"P_internet","Internet",0.000640337937511504
2,30073,"Current_income","Income",0.000291240634396672
2,30074,"P_age_00_14","Population 0-14",-9.14350021048449e-05
2,30074,"P_migrants","Migrants",0.000165061210282147
2,30074,"P_university_studies","University degree",-0.000123792589874938
2,30074,"P_read_write","Literacy",-5.56892555323429e-05
2,30074,"P_cell_phone","Cell phone",-2.92479362542508e-05
2,30074,"P_internet","Internet",-0.000853463367093354
2,30074,"Current_income","Income",-0.000154239693074487
2,30075,"P_age_00_14","Population 0-14",-0.00015382694255095
2,30075,"P_migrants","Migrants",3.00650503959332e-06
2,30075,"P_university_studies","University degree",0.000176018249476328
2,30075,"P_read_write","Literacy",3.49989168171305e-05
2,30075,"P_cell_phone","Cell phone",0.000236225008848123
2,30075,"P_internet","Internet",0.000619458500295877
2,30075,"Current_income","Income",0.000311067007714882
2,30077,"P_age_00_14","Population 0-14",-4.28988605563063e-05
2,30077,"P_migrants","Migrants",1.31574743136298e-05
2,30077,"P_university_studies","University degree",3.990632831119e-05
2,30077,"P_read_write","Literacy",0.000100903744169045
2,30077,"P_cell_phone","Cell phone",0.000183662297786213
2,30077,"P_internet","Internet",0.000369338493328542
2,30077,"Current_income","Income",-6.13544489169726e-06
2,30078,"P_age_00_14","Population 0-14",-8.86466950760223e-05
2,30078,"P_migrants","Migrants",0.000162611104315147
2,30078,"P_university_studies","University degree",2.31915728363674e-05
2,30078,"P_read_write","Literacy",9.73974383668974e-05
2,30078,"P_cell_phone","Cell phone",0.000247595191467553
2,30078,"P_internet","Internet",0.0012725698761642
2,30078,"Current_income","Income",0.000483239447930828
2,30079,"P_age_00_14","Population 0-14",6.99464580975473e-05
2,30079,"P_migrants","Migrants",0.000133680863655172
2,30079,"P_university_studies","University degree",0.00018239559722133
2,30079,"P_read_write","Literacy",0.000104835657111835
2,30079,"P_cell_phone","Cell phone",0.000261695677181706
2,30079,"P_internet","Internet",0.00121449225116521
2,30079,"Current_income","Income",0.000544874172192067
2,30080,"P_age_00_14","Population 0-14",0.000100022778497078
2,30080,"P_migrants","Migrants",6.19881611783057e-05
2,30080,"P_university_studies","University degree",0.000190287697478198
2,30080,"P_read_write","Literacy",8.82156164152548e-05
2,30080,"P_cell_phone","Cell phone",0.00022253482893575
2,30080,"P_internet","Internet",0.000638584315311164
2,30080,"Current_income","Income",0.000474652799312025
2,30081,"P_age_00_14","Population 0-14",5.68625728192274e-06
2,30081,"P_migrants","Migrants",0.000156201349454932
2,30081,"P_university_studies","University degree",-0.000321882398566231
2,30081,"P_read_write","Literacy",0.000100537261459976
2,30081,"P_cell_phone","Cell phone",-9.80665572569706e-05
2,30081,"P_internet","Internet",-0.00038893346209079
2,30081,"Current_income","Income",3.67787811228482e-06
2,30082,"P_age_00_14","Population 0-14",-4.98713379784022e-05
2,30082,"P_migrants","Migrants",0.000149706931551918
2,30082,"P_university_studies","University degree",9.30880287342006e-06
2,30082,"P_read_write","Literacy",3.81270074285567e-05
2,30082,"P_cell_phone","Cell phone",-9.51906622503884e-06
2,30082,"P_internet","Internet",0.000372062728274614
2,30082,"Current_income","Income",-4.66889287054073e-05
2,30083,"P_age_00_14","Population 0-14",-1.66728350450285e-05
2,30083,"P_migrants","Migrants",0.000117361414595507
2,30083,"P_university_studies","University degree",0.000166358688147739
2,30083,"P_read_write","Literacy",0.000105773564428091
2,30083,"P_cell_phone","Cell phone",0.00025922356871888
2,30083,"P_internet","Internet",0.00123850326053798
2,30083,"Current_income","Income",0.000484601827338338
2,30084,"P_age_00_14","Population 0-14",-0.000370126217603683
2,30084,"P_migrants","Migrants",4.76522473036312e-05
2,30084,"P_university_studies","University degree",0.000175389723153785
2,30084,"P_read_write","Literacy",4.76588174933568e-05
2,30084,"P_cell_phone","Cell phone",0.000220890127820894
2,30084,"P_internet","Internet",0.00114025489892811
2,30084,"Current_income","Income",0.000308399350615218
2,30085,"P_age_00_14","Population 0-14",-8.18656626506709e-05
2,30085,"P_migrants","Migrants",0.000126621845993213
2,30085,"P_university_studies","University degree",-0.000101332523627207
2,30085,"P_read_write","Literacy",-3.19674654747359e-05
2,30085,"P_cell_phone","Cell phone",-0.000253197329584509
2,30085,"P_internet","Internet",-0.00088251632405445
2,30085,"Current_income","Income",-3.22558626066893e-05
2,30086,"P_age_00_14","Population 0-14",0.000242476991843432
2,30086,"P_migrants","Migrants",0.000122431796626188
2,30086,"P_university_studies","University degree",0.000244408583967015
2,30086,"P_read_write","Literacy",9.89519539871253e-05
2,30086,"P_cell_phone","Cell phone",0.000219757494051009
2,30086,"P_internet","Internet",0.000355195748852566
2,30086,"Current_income","Income",0.00041417486499995
2,30087,"P_age_00_14","Population 0-14",-0.000943971215747297
2,30087,"P_migrants","Migrants",2.3447868443327e-05
2,30087,"P_university_studies","University degree",-0.00122258637566119
2,30087,"P_read_write","Literacy",-0.000138940929900855
2,30087,"P_cell_phone","Cell phone",-0.000699378200806677
2,30087,"P_internet","Internet",-0.00327464984729886
2,30087,"Current_income","Income",-0.000403677811846137
2,30088,"P_age_00_14","Population 0-14",-0.00050299329450354
2,30088,"P_migrants","Migrants",1.42391763802152e-05
2,30088,"P_university_studies","University degree",0.000178864982444793
2,30088,"P_read_write","Literacy",6.85378035996109e-05
2,30088,"P_cell_phone","Cell phone",0.000262140209088102
2,30088,"P_internet","Internet",0.000342556973919272
2,30088,"Current_income","Income",0.000443410011939704
2,30089,"P_age_00_14","Population 0-14",-0.00013878644676879
2,30089,"P_migrants","Migrants",0.000214532235986553
2,30089,"P_university_studies","University degree",-0.000225722571485676
2,30089,"P_read_write","Literacy",5.28252144249564e-07
2,30089,"P_cell_phone","Cell phone",5.34427745151334e-05
2,30089,"P_internet","Internet",0.000247641670284793
2,30089,"Current_income","Income",6.05481181992218e-06
2,30090,"P_age_00_14","Population 0-14",-0.000135577502078377
2,30090,"P_migrants","Migrants",3.06537440337706e-05
2,30090,"P_university_studies","University degree",0.000158053881023079
2,30090,"P_read_write","Literacy",5.940181290498e-05
2,30090,"P_cell_phone","Cell phone",7.86309319664724e-05
2,30090,"P_internet","Internet",0.000337743433192372
2,30090,"Current_income","Income",0.000201114205992781
2,30091,"P_age_00_14","Population 0-14",7.36635920475237e-05
2,30091,"P_migrants","Migrants",-1.26034910863382e-06
2,30091,"P_university_studies","University degree",0.00016598857473582
2,30091,"P_read_write","Literacy",0.000102639758551959
2,30091,"P_cell_phone","Cell phone",0.000244693772401661
2,30091,"P_internet","Internet",0.000376110401703045
2,30091,"Current_income","Income",0.000314746604999527
2,30092,"P_age_00_14","Population 0-14",-2.37576591644029e-06
2,30092,"P_migrants","Migrants",0.000129839041619562
2,30092,"P_university_studies","University degree",3.92639549318119e-06
2,30092,"P_read_write","Literacy",9.13937910809182e-05
2,30092,"P_cell_phone","Cell phone",0.000240598194068298
2,30092,"P_internet","Internet",-3.77773721993435e-05
2,30092,"Current_income","Income",0.000299422623356804
2,30093,"P_age_00_14","Population 0-14",-0.000113322930701543
2,30093,"P_migrants","Migrants",4.27126542490441e-05
2,30093,"P_university_studies","University degree",1.90481459867442e-05
2,30093,"P_read_write","Literacy",-3.6477798857959e-05
2,30093,"P_cell_phone","Cell phone",0.000129186373669654
2,30093,"P_internet","Internet",-0.000200073336600326
2,30093,"Current_income","Income",0.000329090282320976
2,30094,"P_age_00_14","Population 0-14",-1.69584882314666e-06
2,30094,"P_migrants","Migrants",-2.60617489402648e-05
2,30094,"P_university_studies","University degree",0.000160003051860258
2,30094,"P_read_write","Literacy",9.58829259616323e-05
2,30094,"P_cell_phone","Cell phone",0.000177136287675239
2,30094,"P_internet","Internet",0.000702094635926187
2,30094,"Current_income","Income",0.000307099195197225
2,30095,"P_age_00_14","Population 0-14",-1.18471634777961e-05
2,30095,"P_migrants","Migrants",-1.40507222567976e-06
2,30095,"P_university_studies","University degree",0.000169994760653935
2,30095,"P_read_write","Literacy",8.77403799677268e-05
2,30095,"P_cell_phone","Cell phone",0.000255782186286524
2,30095,"P_internet","Internet",0.000633784278761595
2,30095,"Current_income","Income",0.000425192614784464
2,30096,"P_age_00_14","Population 0-14",-0.000185849145054817
2,30096,"P_migrants","Migrants",-5.42921479791403e-05
2,30096,"P_university_studies","University degree",0.000201358459889889
2,30096,"P_read_write","Literacy",-4.93829356855713e-05
2,30096,"P_cell_phone","Cell phone",0.000244416587520391
2,30096,"P_internet","Internet",0.000218232031329535
2,30096,"Current_income","Income",0.000491029990371317
2,30097,"P_age_00_14","Population 0-14",-0.000438731658505276
2,30097,"P_migrants","Migrants",0.000200516980839893
2,30097,"P_university_studies","University degree",-5.52163073734846e-05
2,30097,"P_read_write","Literacy",6.18765261606313e-05
2,30097,"P_cell_phone","Cell phone",9.52561385929585e-05
2,30097,"P_internet","Internet",-0.000905973196495324
2,30097,"Current_income","Income",-0.00013130706793163
2,30098,"P_age_00_14","Population 0-14",0.000174209679244086
2,30098,"P_migrants","Migrants",0.000122913930681534
2,30098,"P_university_studies","University degree",0.000181237541255541
2,30098,"P_read_write","Literacy",0.00010737272532424
2,30098,"P_cell_phone","Cell phone",0.000265881913946941
2,30098,"P_internet","Internet",0.00117125269025564
2,30098,"Current_income","Income",0.000521051231771708
2,30099,"P_age_00_14","Population 0-14",0.00016326317563653
2,30099,"P_migrants","Migrants",-2.90591287921416e-05
2,30099,"P_university_studies","University degree",0.000141079042805359
2,30099,"P_read_write","Literacy",0.000108488777186722
2,30099,"P_cell_phone","Cell phone",0.000222554794163443
2,30099,"P_internet","Internet",0.000769493984989822
2,30099,"Current_income","Income",0.000391161825973541
2,30100,"P_age_00_14","Population 0-14",-0.000318379607051611
2,30100,"P_migrants","Migrants",4.215793160256e-05
2,30100,"P_university_studies","University degree",0.000155871632159688
2,30100,"P_read_write","Literacy",4.51517662440892e-05
2,30100,"P_cell_phone","Cell phone",0.000164418277563527
2,30100,"P_internet","Internet",0.000332146795699373
2,30100,"Current_income","Income",9.5993083959911e-05
2,30101,"P_age_00_14","Population 0-14",0.000100992830994073
2,30101,"P_migrants","Migrants",5.00562273373362e-05
2,30101,"P_university_studies","University degree",-0.000100965815363452
2,30101,"P_read_write","Literacy",7.17598595656455e-05
2,30101,"P_cell_phone","Cell phone",0.000231042780796997
2,30101,"P_internet","Internet",6.16378529230133e-05
2,30101,"Current_income","Income",9.75038201431744e-05
2,30102,"P_age_00_14","Population 0-14",-4.75960914627649e-05
2,30102,"P_migrants","Migrants",4.23502860940062e-05
2,30102,"P_university_studies","University degree",-0.000103537771792617
2,30102,"P_read_write","Literacy",-4.76053646707442e-05
2,30102,"P_cell_phone","Cell phone",-3.48597714037169e-05
2,30102,"P_internet","Internet",-0.000953858427237719
2,30102,"Current_income","Income",0.000127584615256637
2,30103,"P_age_00_14","Population 0-14",0.000273423036560416
2,30103,"P_migrants","Migrants",0.000183353840839118
2,30103,"P_university_studies","University degree",0.000291308271698654
2,30103,"P_read_write","Literacy",0.000117984629468992
2,30103,"P_cell_phone","Cell phone",0.000295343052130193
2,30103,"P_internet","Internet",0.00125774659682065
2,30103,"Current_income","Income",0.000670333974994719
2,30104,"P_age_00_14","Population 0-14",4.48287137260195e-05
2,30104,"P_migrants","Migrants",8.41343644424342e-05
2,30104,"P_university_studies","University degree",0.000184800373972394
2,30104,"P_read_write","Literacy",0.000114685390144587
2,30104,"P_cell_phone","Cell phone",0.000260356871876866
2,30104,"P_internet","Internet",0.00124572089407593
2,30104,"Current_income","Income",0.000524424540344626
2,30105,"P_age_00_14","Population 0-14",-0.000299694162094966
2,30105,"P_migrants","Migrants",5.69026124139782e-05
2,30105,"P_university_studies","University degree",-0.000354930205503479
2,30105,"P_read_write","Literacy",-0.000133727997308597
2,30105,"P_cell_phone","Cell phone",-0.000624980195425451
2,30105,"P_internet","Internet",-0.0014426507987082
2,30105,"Current_income","Income",0.000335973367327824
2,30106,"P_age_00_14","Population 0-14",0.000156366004375741
2,30106,"P_migrants","Migrants",-2.89950621663593e-05
2,30106,"P_university_studies","University degree",0.000162169279064983
2,30106,"P_read_write","Literacy",3.86803512810729e-05
2,30106,"P_cell_phone","Cell phone",0.000219456051127054
2,30106,"P_internet","Internet",0.000369945919374004
2,30106,"Current_income","Income",0.000522085756529123
2,30107,"P_age_00_14","Population 0-14",0.000224443749175407
2,30107,"P_migrants","Migrants",8.46010734676383e-05
2,30107,"P_university_studies","University degree",0.000131363252876326
2,30107,"P_read_write","Literacy",9.20243255677633e-05
2,30107,"P_cell_phone","Cell phone",0.000242712383624166
2,30107,"P_internet","Internet",0.00112297537270933
2,30107,"Current_income","Income",0.000543283764272928
2,30108,"P_age_00_14","Population 0-14",-0.000173033433384262
2,30108,"P_migrants","Migrants",0.000114953581942245
2,30108,"P_university_studies","University degree",-0.000411806220654398
2,30108,"P_read_write","Literacy",-0.000126481958432123
2,30108,"P_cell_phone","Cell phone",7.81539929448627e-05
2,30108,"P_internet","Internet",-0.00144558621104807
2,30108,"Current_income","Income",-0.000132817920530215
2,30109,"P_age_00_14","Population 0-14",-7.52139239921235e-05
2,30109,"P_migrants","Migrants",-3.49646470567677e-05
2,30109,"P_university_studies","University degree",-7.36358852009289e-05
2,30109,"P_read_write","Literacy",3.38818426826037e-05
2,30109,"P_cell_phone","Cell phone",0.000174879285623319
2,30109,"P_internet","Internet",-0.000163094460731372
2,30109,"Current_income","Income",0.000300007231999189
2,30110,"P_age_00_14","Population 0-14",0.000307374080875888
2,30110,"P_migrants","Migrants",0.000132173838210292
2,30110,"P_university_studies","University degree",0.000212255312362686
2,30110,"P_read_write","Literacy",0.00012338456872385
2,30110,"P_cell_phone","Cell phone",0.000284288893453777
2,30110,"P_internet","Internet",0.00126455561257899
2,30110,"Current_income","Income",0.000641557213384658
2,30111,"P_age_00_14","Population 0-14",9.58554210228613e-07
2,30111,"P_migrants","Migrants",9.65527287917212e-05
2,30111,"P_university_studies","University degree",2.40193694480695e-05
2,30111,"P_read_write","Literacy",6.01969768467825e-05
2,30111,"P_cell_phone","Cell phone",7.80968766775914e-05
2,30111,"P_internet","Internet",0.000365613668691367
2,30111,"Current_income","Income",-4.82311697851401e-05
2,30112,"P_age_00_14","Population 0-14",-0.000110569344542455
2,30112,"P_migrants","Migrants",4.85968448629137e-05
2,30112,"P_university_studies","University degree",2.14238461921923e-05
2,30112,"P_read_write","Literacy",4.92319995828439e-05
2,30112,"P_cell_phone","Cell phone",8.05136805865914e-05
2,30112,"P_internet","Internet",0.000200639697141014
2,30112,"Current_income","Income",0.000103908765595406
2,30113,"P_age_00_14","Population 0-14",5.9744681493612e-05
2,30113,"P_migrants","Migrants",0.000120393677207176
2,30113,"P_university_studies","University degree",0.000170030034496449
2,30113,"P_read_write","Literacy",9.96091184788384e-05
2,30113,"P_cell_phone","Cell phone",0.000231308993534185
2,30113,"P_internet","Internet",0.000835672137327492
2,30113,"Current_income","Income",0.000396848539821804
2,30114,"P_age_00_14","Population 0-14",-0.0004280126595404
2,30114,"P_migrants","Migrants",-2.76643986580893e-05
2,30114,"P_university_studies","University degree",4.86697499582078e-05
2,30114,"P_read_write","Literacy",2.2099282432464e-05
2,30114,"P_cell_phone","Cell phone",0.000235950545175001
2,30114,"P_internet","Internet",0.000497023924253881
2,30114,"Current_income","Income",0.000100102050055284
2,30115,"P_age_00_14","Population 0-14",-5.45896837138571e-05
2,30115,"P_migrants","Migrants",4.83999865537044e-05
2,30115,"P_university_studies","University degree",-0.000316763384034857
2,30115,"P_read_write","Literacy",-2.88999199256068e-05
2,30115,"P_cell_phone","Cell phone",5.96867794229183e-05
2,30115,"P_internet","Internet",-0.000160089766723104
2,30115,"Current_income","Income",6.75062892696587e-06
2,30116,"P_age_00_14","Population 0-14",-1.67261914612027e-05
2,30116,"P_migrants","Migrants",-2.04055118047108e-06
2,30116,"P_university_studies","University degree",-6.36324039078318e-05
2,30116,"P_read_write","Literacy",8.56298065627925e-05
2,30116,"P_cell_phone","Cell phone",8.01386995590292e-05
2,30116,"P_internet","Internet",0.000502822746057063
2,30116,"Current_income","Income",-4.89192862005439e-05
2,30117,"P_age_00_14","Population 0-14",4.53928606702902e-07
2,30117,"P_migrants","Migrants",-4.49023855253472e-06
2,30117,"P_university_studies","University degree",0.000169560094946064
2,30117,"P_read_write","Literacy",9.6159870736301e-05
2,30117,"P_cell_phone","Cell phone",0.000239760251133703
2,30117,"P_internet","Internet",0.000770219368860126
2,30117,"Current_income","Income",0.000298027938697487
2,30118,"P_age_00_14","Population 0-14",-0.000788306526374072
2,30118,"P_migrants","Migrants",8.35378959891386e-05
2,30118,"P_university_studies","University degree",-0.00127415638417006
2,30118,"P_read_write","Literacy",-0.000267453753622249
2,30118,"P_cell_phone","Cell phone",-0.000681937788613141
2,30118,"P_internet","Internet",-0.00317388935945928
2,30118,"Current_income","Income",-0.000642796163447201
2,30120,"P_age_00_14","Population 0-14",-4.38620809291024e-05
2,30120,"P_migrants","Migrants",0.000110628345282748
2,30120,"P_university_studies","University degree",2.0908333681291e-05
2,30120,"P_read_write","Literacy",-1.93490377569105e-05
2,30120,"P_cell_phone","Cell phone",-0.000255974649917334
2,30120,"P_internet","Internet",0.000856411585118622
2,30120,"Current_income","Income",0.000472807441838086
2,30121,"P_age_00_14","Population 0-14",-9.08598158275709e-05
2,30121,"P_migrants","Migrants",0.000205700445803814
2,30121,"P_university_studies","University degree",0.00019594668992795
2,30121,"P_read_write","Literacy",8.91194504220039e-05
2,30121,"P_cell_phone","Cell phone",-0.000170508166775107
2,30121,"P_internet","Internet",0.0011293786810711
2,30121,"Current_income","Income",0.000150048348587006
2,30122,"P_age_00_14","Population 0-14",1.66135232575471e-05
2,30122,"P_migrants","Migrants",0.00014925048162695
2,30122,"P_university_studies","University degree",0.000197969915461726
2,30122,"P_read_write","Literacy",0.000104650083812885
2,30122,"P_cell_phone","Cell phone",0.000274761900072917
2,30122,"P_internet","Internet",0.00124864815734327
2,30122,"Current_income","Income",0.000529483193531632
2,30123,"P_age_00_14","Population 0-14",-5.26662552147172e-05
2,30123,"P_migrants","Migrants",3.5748631489696e-05
2,30123,"P_university_studies","University degree",4.38700544691528e-06
2,30123,"P_read_write","Literacy",-3.87577965739183e-05
2,30123,"P_cell_phone","Cell phone",-0.000565070775337517
2,30123,"P_internet","Internet",7.88311008363962e-05
2,30123,"Current_income","Income",0.000127409992273897
2,30124,"P_age_00_14","Population 0-14",-8.32189325592481e-05
2,30124,"P_migrants","Migrants",0.000102901401987765
2,30124,"P_university_studies","University degree",-8.8204862549901e-05
2,30124,"P_read_write","Literacy",7.13928675395437e-05
2,30124,"P_cell_phone","Cell phone",0.000225098090595566
2,30124,"P_internet","Internet",8.10529090813361e-05
2,30124,"Current_income","Income",4.0002692003327e-06
2,30125,"P_age_00_14","Population 0-14",-1.28374176711077e-05
2,30125,"P_migrants","Migrants",5.42812813364435e-05
2,30125,"P_university_studies","University degree",0.000144700592500158
2,30125,"P_read_write","Literacy",8.3954211731907e-05
2,30125,"P_cell_phone","Cell phone",0.000141292795888148
2,30125,"P_internet","Internet",0.000643003324512392
2,30125,"Current_income","Income",-1.16971159513923e-05
2,30126,"P_age_00_14","Population 0-14",-0.000286585796857253
2,30126,"P_migrants","Migrants",2.4447261239402e-05
2,30126,"P_university_studies","University degree",4.70175000373274e-05
2,30126,"P_read_write","Literacy",-4.22213497586199e-06
2,30126,"P_cell_phone","Cell phone",0.000180153976543806
2,30126,"P_internet","Internet",7.50595427234657e-05
2,30126,"Current_income","Income",1.35101481646416e-06
2,30127,"P_age_00_14","Population 0-14",0.00032389335683547
2,30127,"P_migrants","Migrants",0.000122044308227487
2,30127,"P_university_studies","University degree",0.000209281308343634
2,30127,"P_read_write","Literacy",0.000108425738289952
2,30127,"P_cell_phone","Cell phone",0.000265149603364989
2,30127,"P_internet","Internet",0.00128636287990957
2,30127,"Current_income","Income",0.000615131459198892
2,30128,"P_age_00_14","Population 0-14",0.000148117105709389
2,30128,"P_migrants","Migrants",9.03486943570897e-05
2,30128,"P_university_studies","University degree",5.43618898518616e-06
2,30128,"P_read_write","Literacy",3.60111334885005e-05
2,30128,"P_cell_phone","Cell phone",6.27357658231631e-05
2,30128,"P_internet","Internet",-0.000952745554968715
2,30128,"Current_income","Income",0.000306356290820986
2,30130,"P_age_00_14","Population 0-14",5.1320377679076e-05
2,30130,"P_migrants","Migrants",-2.94208530249307e-06
2,30130,"P_university_studies","University degree",0.000171811683685519
2,30130,"P_read_write","Literacy",0.000114306247269269
2,30130,"P_cell_phone","Cell phone",0.000242236157646403
2,30130,"P_internet","Internet",0.000228277334826998
2,30130,"Current_income","Income",0.000318468286423013
2,30131,"P_age_00_14","Population 0-14",-0.000767569930758327
2,30131,"P_migrants","Migrants",7.05899583408609e-05
2,30131,"P_university_studies","University degree",-0.00102006632369012
2,30131,"P_read_write","Literacy",-0.000134985792101361
2,30131,"P_cell_phone","Cell phone",-0.00066397269256413
2,30131,"P_internet","Internet",-0.00223939935676754
2,30131,"Current_income","Income",-0.00041459349449724
2,30132,"P_age_00_14","Population 0-14",0.000156546026119031
2,30132,"P_migrants","Migrants",0.000103802834928501
2,30132,"P_university_studies","University degree",0.000123774661915377
2,30132,"P_read_write","Literacy",8.167173655238e-05
2,30132,"P_cell_phone","Cell phone",0.000219315144931898
2,30132,"P_internet","Internet",0.00075595494126901
2,30132,"Current_income","Income",0.000287554255919531
2,30134,"P_age_00_14","Population 0-14",-0.000183025040314533
2,30134,"P_migrants","Migrants",2.94828555524873e-06
2,30134,"P_university_studies","University degree",-5.35939670953667e-06
2,30134,"P_read_write","Literacy",-4.71958628622815e-06
2,30134,"P_cell_phone","Cell phone",0.00016704598965589
2,30134,"P_internet","Internet",-0.000889305374585092
2,30134,"Current_income","Income",5.77014179725666e-06
2,30135,"P_age_00_14","Population 0-14",7.29892635717988e-05
2,30135,"P_migrants","Migrants",0.000207822347874753
2,30135,"P_university_studies","University degree",-2.80955937341787e-05
2,30135,"P_read_write","Literacy",0.000116838469693903
2,30135,"P_cell_phone","Cell phone",6.40212165308185e-05
2,30135,"P_internet","Internet",0.000347610679455101
2,30135,"Current_income","Income",0.00030161821632646
2,30136,"P_age_00_14","Population 0-14",7.75036533013918e-05
2,30136,"P_migrants","Migrants",0.000192291481653228
2,30136,"P_university_studies","University degree",0.000178193033207208
2,30136,"P_read_write","Literacy",-1.01411142168217e-05
2,30136,"P_cell_phone","Cell phone",0.000182407296961173
2,30136,"P_internet","Internet",-0.000820862594991922
2,30136,"Current_income","Income",0.000349357607774436
2,30137,"P_age_00_14","Population 0-14",0.00028253419441171
2,30137,"P_migrants","Migrants",0.000175657507497817
2,30137,"P_university_studies","University degree",0.000310492265271023
2,30137,"P_read_write","Literacy",0.000170155151863582
2,30137,"P_cell_phone","Cell phone",0.000328282010741532
2,30137,"P_internet","Internet",0.0012889135396108
2,30137,"Current_income","Income",0.000704854435753077
2,30138,"P_age_00_14","Population 0-14",-0.000581635511480272
2,30138,"P_migrants","Migrants",0.000158623137394898
2,30138,"P_university_studies","University degree",-0.000986960949376225
2,30138,"P_read_write","Literacy",-0.000131479930132627
2,30138,"P_cell_phone","Cell phone",-0.00029837220790796
2,30138,"P_internet","Internet",-0.00179493508767337
2,30138,"Current_income","Income",-1.01496743809548e-05
2,30139,"P_age_00_14","Population 0-14",-0.000327073648804799
2,30139,"P_migrants","Migrants",0.000172399100847542
2,30139,"P_university_studies","University degree",0.000155549132614397
2,30139,"P_read_write","Literacy",6.9451576564461e-05
2,30139,"P_cell_phone","Cell phone",0.000175864552147686
2,30139,"P_internet","Internet",0.000383052043616772
2,30139,"Current_income","Income",0.000312047748593614
2,30140,"P_age_00_14","Population 0-14",0.000141307435114868
2,30140,"P_migrants","Migrants",0.0002847581054084
2,30140,"P_university_studies","University degree",0.000289979332592338
2,30140,"P_read_write","Literacy",0.000136958406073973
2,30140,"P_cell_phone","Cell phone",0.000294786383165047
2,30140,"P_internet","Internet",0.000901923165656626
2,30140,"Current_income","Income",0.000662495731376112
2,30141,"P_age_00_14","Population 0-14",-6.84460565025802e-06
2,30141,"P_migrants","Migrants",9.40833706408739e-05
2,30141,"P_university_studies","University degree",1.68855058291228e-05
2,30141,"P_read_write","Literacy",8.76532067195512e-05
2,30141,"P_cell_phone","Cell phone",0.000216009386349469
2,30141,"P_internet","Internet",0.000383610953576863
2,30141,"Current_income","Income",0.000280384148936719
2,30142,"P_age_00_14","Population 0-14",1.58455823111581e-05
2,30142,"P_migrants","Migrants",1.80652205017395e-05
2,30142,"P_university_studies","University degree",0.000175750101334415
2,30142,"P_read_write","Literacy",9.65399012784474e-05
2,30142,"P_cell_phone","Cell phone",0.000228275632252917
2,30142,"P_internet","Internet",0.00086234649643302
2,30142,"Current_income","Income",0.000402121077058837
2,30143,"P_age_00_14","Population 0-14",-9.54114730120637e-05
2,30143,"P_migrants","Migrants",0.000155544417793863
2,30143,"P_university_studies","University degree",0.000147749989992008
2,30143,"P_read_write","Literacy",7.51441839383915e-05
2,30143,"P_cell_phone","Cell phone",0.000221733949729241
2,30143,"P_internet","Internet",0.000853932229802012
2,30143,"Current_income","Income",0.000308694056002423
2,30144,"P_age_00_14","Population 0-14",5.33349229954183e-05
2,30144,"P_migrants","Migrants",3.72691829397809e-05
2,30144,"P_university_studies","University degree",2.70904165518004e-05
2,30144,"P_read_write","Literacy",0.000117225768917706
2,30144,"P_cell_phone","Cell phone",0.000188897945918143
2,30144,"P_internet","Internet",0.00078369869152084
2,30144,"Current_income","Income",0.00041319994488731
2,30145,"P_age_00_14","Population 0-14",-2.9257767891977e-05
2,30145,"P_migrants","Migrants",0.000152357766637579
2,30145,"P_university_studies","University degree",-0.000284177280263975
2,30145,"P_read_write","Literacy",3.71163660020102e-05
2,30145,"P_cell_phone","Cell phone",7.49632672523148e-05
2,30145,"P_internet","Internet",0.000387170061003417
2,30145,"Current_income","Income",0.000311232201056555
2,30146,"P_age_00_14","Population 0-14",0.000140097792609595
2,30146,"P_migrants","Migrants",3.30945658788551e-05
2,30146,"P_university_studies","University degree",0.00022516364697367
2,30146,"P_read_write","Literacy",9.15413111215457e-05
2,30146,"P_cell_phone","Cell phone",0.0001458464685129
2,30146,"P_internet","Internet",0.00122632645070553
2,30146,"Current_income","Income",0.000468752637971193
2,30147,"P_age_00_14","Population 0-14",0.000240694789681584
2,30147,"P_migrants","Migrants",0.000134983070893213
2,30147,"P_university_studies","University degree",0.000196752618649043
2,30147,"P_read_write","Literacy",0.000100675169960596
2,30147,"P_cell_phone","Cell phone",0.000251030083745718
2,30147,"P_internet","Internet",0.00123187957797199
2,30147,"Current_income","Income",0.000552066892851144
2,30148,"P_age_00_14","Population 0-14",-0.000144112142152153
2,30148,"P_migrants","Migrants",5.76105448999442e-05
2,30148,"P_university_studies","University degree",0.000148599356180057
2,30148,"P_read_write","Literacy",6.20615974185057e-05
2,30148,"P_cell_phone","Cell phone",0.00022640815586783
2,30148,"P_internet","Internet",0.000361440266715363
2,30148,"Current_income","Income",-8.16472311271355e-06
2,30149,"P_age_00_14","Population 0-14",0.00021602249762509
2,30149,"P_migrants","Migrants",0.000131112858070992
2,30149,"P_university_studies","University degree",0.000217182896449231
2,30149,"P_read_write","Literacy",0.000110189641418401
2,30149,"P_cell_phone","Cell phone",0.000263332156464458
2,30149,"P_internet","Internet",0.000796312757302076
2,30149,"Current_income","Income",0.000529701763298362
2,30150,"P_age_00_14","Population 0-14",-6.55376497888938e-05
2,30150,"P_migrants","Migrants",0.000157452785060741
2,30150,"P_university_studies","University degree",3.533191193128e-05
2,30150,"P_read_write","Literacy",7.85701049608178e-05
2,30150,"P_cell_phone","Cell phone",0.000138373856316321
2,30150,"P_internet","Internet",0.000780921778641641
2,30150,"Current_income","Income",0.000429163832450286
2,30151,"P_age_00_14","Population 0-14",-0.000311403593514115
2,30151,"P_migrants","Migrants",0.000208699100767262
2,30151,"P_university_studies","University degree",0.000197298140847124
2,30151,"P_read_write","Literacy",0.000109952416096348
2,30151,"P_cell_phone","Cell phone",0.000243529269937426
2,30151,"P_internet","Internet",0.00121372251305729
2,30151,"Current_income","Income",0.000315135752316564
2,30152,"P_age_00_14","Population 0-14",-0.000199500034796074
2,30152,"P_migrants","Migrants",0.00014347699470818
2,30152,"P_university_studies","University degree",0.000186381454113871
2,30152,"P_read_write","Literacy",6.68784850859083e-05
2,30152,"P_cell_phone","Cell phone",1.5112087567104e-05
2,30152,"P_internet","Internet",0.00122132454998791
2,30152,"Current_income","Income",-4.08053119826945e-06
2,30153,"P_age_00_14","Population 0-14",-9.4839240773581e-05
2,30153,"P_migrants","Migrants",0.000163547942065634
2,30153,"P_university_studies","University degree",0.000158768409164622
2,30153,"P_read_write","Literacy",9.76300361799076e-05
2,30153,"P_cell_phone","Cell phone",7.29808889445849e-05
2,30153,"P_internet","Internet",0.00117352069355547
2,30153,"Current_income","Income",0.00042795529589057
2,30154,"P_age_00_14","Population 0-14",-0.000262103974819183
2,30154,"P_migrants","Migrants",0.000142196950037032
2,30154,"P_university_studies","University degree",0.000180427014129236
2,30154,"P_read_write","Literacy",8.59977371874265e-05
2,30154,"P_cell_phone","Cell phone",0.000246581999817863
2,30154,"P_internet","Internet",0.00125692854635417
2,30154,"Current_income","Income",0.00040846224874258
2,30155,"P_age_00_14","Population 0-14",7.90398844401352e-05
2,30155,"P_migrants","Migrants",0.000145803918712772
2,30155,"P_university_studies","University degree",-1.52139737110701e-05
2,30155,"P_read_write","Literacy",0.000101247918792069
2,30155,"P_cell_phone","Cell phone",0.000196633525774814
2,30155,"P_internet","Internet",0.00107000197749585
2,30155,"Current_income","Income",0.000409257248975337
2,30156,"P_age_00_14","Population 0-14",0.000209470512345433
2,30156,"P_migrants","Migrants",0.000116119073936716
2,30156,"P_university_studies","University degree",0.000231076191994362
2,30156,"P_read_write","Literacy",9.95675436570309e-05
2,30156,"P_cell_phone","Cell phone",0.000245150527916849
2,30156,"P_internet","Internet",0.00029056376661174
2,30156,"Current_income","Income",0.000566814502235502
2,30157,"P_age_00_14","Population 0-14",-5.52250457985792e-05
2,30157,"P_migrants","Migrants",7.03186524333432e-05
2,30157,"P_university_studies","University degree",0.000170865241670981
2,30157,"P_read_write","Literacy",9.62316335062496e-05
2,30157,"P_cell_phone","Cell phone",0.000240921872318722
2,30157,"P_internet","Internet",0.000715756206773221
2,30157,"Current_income","Income",0.00042042339919135
2,30158,"P_age_00_14","Population 0-14",-0.000177552734385245
2,30158,"P_migrants","Migrants",7.32710323063657e-05
2,30158,"P_university_studies","University degree",0.000167752194101922
2,30158,"P_read_write","Literacy",6.26699038548395e-05
2,30158,"P_cell_phone","Cell phone",0.000187875484698452
2,30158,"P_internet","Internet",0.000627102388534695
2,30158,"Current_income","Income",0.000101143865322229
2,30159,"P_age_00_14","Population 0-14",0.000301679072435945
2,30159,"P_migrants","Migrants",0.000182132673216984
2,30159,"P_university_studies","University degree",0.000282918306766078
2,30159,"P_read_write","Literacy",0.000114620888780337
2,30159,"P_cell_phone","Cell phone",0.000308570743072778
2,30159,"P_internet","Internet",0.000719874748028815
2,30159,"Current_income","Income",0.000696888950187713
2,30160,"P_age_00_14","Population 0-14",-3.264524275437e-05
2,30160,"P_migrants","Migrants",0.000141773154609837
2,30160,"P_university_studies","University degree",3.18845632136799e-05
2,30160,"P_read_write","Literacy",7.90927006164566e-05
2,30160,"P_cell_phone","Cell phone",0.000227714001084678
2,30160,"P_internet","Internet",0.000647878972813487
2,30160,"Current_income","Income",0.000421077420469373
2,30162,"P_age_00_14","Population 0-14",-1.88301892194431e-05
2,30162,"P_migrants","Migrants",-5.03415867569856e-06
2,30162,"P_university_studies","University degree",0.000136673494125716
2,30162,"P_read_write","Literacy",0.000102359248558059
2,30162,"P_cell_phone","Cell phone",0.00025595401530154
2,30162,"P_internet","Internet",0.000789166195318103
2,30162,"Current_income","Income",0.000563778914511204
2,30163,"P_age_00_14","Population 0-14",6.67612112010829e-05
2,30163,"P_migrants","Migrants",-3.10039285977837e-05
2,30163,"P_university_studies","University degree",0.000180755290784873
2,30163,"P_read_write","Literacy",9.94251749943942e-05
2,30163,"P_cell_phone","Cell phone",0.000221083173528314
2,30163,"P_internet","Internet",0.00112119375262409
2,30163,"Current_income","Income",0.000529271317645907
2,30164,"P_age_00_14","Population 0-14",-0.000112682675535325
2,30164,"P_migrants","Migrants",5.67332754144445e-05
2,30164,"P_university_studies","University degree",-1.82374424184673e-05
2,30164,"P_read_write","Literacy",-1.3737413837589e-06
2,30164,"P_cell_phone","Cell phone",0.000162087337230332
2,30164,"P_internet","Internet",-0.000133035122416914
2,30164,"Current_income","Income",0.000363528990419582
2,30165,"P_age_00_14","Population 0-14",5.2917890570825e-05
2,30165,"P_migrants","Migrants",2.59804583038203e-05
2,30165,"P_university_studies","University degree",0.000232648657402024
2,30165,"P_read_write","Literacy",9.06823261175305e-05
2,30165,"P_cell_phone","Cell phone",0.000267214549239725
2,30165,"P_internet","Internet",0.000392403133446351
2,30165,"Current_income","Income",0.000539445609319955
2,30166,"P_age_00_14","Population 0-14",-0.000168542537721805
2,30166,"P_migrants","Migrants",2.60131891991477e-05
2,30166,"P_university_studies","University degree",0.000213049584999681
2,30166,"P_read_write","Literacy",9.32919647311792e-05
2,30166,"P_cell_phone","Cell phone",0.000240247085457668
2,30166,"P_internet","Internet",0.000749185041058809
2,30166,"Current_income","Income",0.000501959468238056
2,30167,"P_age_00_14","Population 0-14",-1.4421330888581e-05
2,30167,"P_migrants","Migrants",0.000162803393322974
2,30167,"P_university_studies","University degree",9.84403413895052e-06
2,30167,"P_read_write","Literacy",7.10744134266861e-05
2,30167,"P_cell_phone","Cell phone",0.000226697651669383
2,30167,"P_internet","Internet",0.00124297651927918
2,30167,"Current_income","Income",0.000412228575441986
2,30168,"P_age_00_14","Population 0-14",0.000266391114564613
2,30168,"P_migrants","Migrants",0.000176883884705603
2,30168,"P_university_studies","University degree",0.000226746837142855
2,30168,"P_read_write","Literacy",0.000105877254100051
2,30168,"P_cell_phone","Cell phone",0.000270114338491112
2,30168,"P_internet","Internet",0.00124623242300004
2,30168,"Current_income","Income",0.0005916403606534
2,30170,"P_age_00_14","Population 0-14",0.000165853227372281
2,30170,"P_migrants","Migrants",0.000116244933451526
2,30170,"P_university_studies","University degree",0.000237828600802459
2,30170,"P_read_write","Literacy",0.00011087554594269
2,30170,"P_cell_phone","Cell phone",0.000270192220341414
2,30170,"P_internet","Internet",0.00121500494424254
2,30170,"Current_income","Income",0.00051877781515941
2,30171,"P_age_00_14","Population 0-14",0.000164704208145849
2,30171,"P_migrants","Migrants",7.62925992603414e-05
2,30171,"P_university_studies","University degree",0.000164168246556073
2,30171,"P_read_write","Literacy",0.000115072238259017
2,30171,"P_cell_phone","Cell phone",0.0002326773974346
2,30171,"P_internet","Internet",0.00125118310097605
2,30171,"Current_income","Income",0.00051117327529937
2,30172,"P_age_00_14","Population 0-14",1.47394030136638e-05
2,30172,"P_migrants","Migrants",2.72442757704994e-05
2,30172,"P_university_studies","University degree",0.000173410749994218
2,30172,"P_read_write","Literacy",8.88354552444071e-05
2,30172,"P_cell_phone","Cell phone",0.000247963500441983
2,30172,"P_internet","Internet",0.00106252182740718
2,30172,"Current_income","Income",0.00041289976797998
2,30173,"P_age_00_14","Population 0-14",3.91970206692349e-05
2,30173,"P_migrants","Migrants",6.59156867186539e-05
2,30173,"P_university_studies","University degree",0.000161998978001066
2,30173,"P_read_write","Literacy",0.00010174784983974
2,30173,"P_cell_phone","Cell phone",0.000249451113631949
2,30173,"P_internet","Internet",0.00101256847847253
2,30173,"Current_income","Income",0.000398702744860202
2,30174,"P_age_00_14","Population 0-14",-0.000157741756993346
2,30174,"P_migrants","Migrants",5.47267700312659e-06
2,30174,"P_university_studies","University degree",-1.08055983218946e-05
2,30174,"P_read_write","Literacy",5.59515501663554e-05
2,30174,"P_cell_phone","Cell phone",6.01335923420265e-05
2,30174,"P_internet","Internet",-0.000439006747910753
2,30174,"Current_income","Income",-6.61569647490978e-05
2,30175,"P_age_00_14","Population 0-14",-4.60903829662129e-05
2,30175,"P_migrants","Migrants",9.29599700612016e-05
2,30175,"P_university_studies","University degree",2.56988550972892e-05
2,30175,"P_read_write","Literacy",8.05379822850227e-05
2,30175,"P_cell_phone","Cell phone",0.00012480431178119
2,30175,"P_internet","Internet",0.000361174723366275
2,30175,"Current_income","Income",0.000475597975309938
2,30177,"P_age_00_14","Population 0-14",0.00021446259052027
2,30177,"P_migrants","Migrants",0.000116092887765262
2,30177,"P_university_studies","University degree",0.000206708151381463
2,30177,"P_read_write","Literacy",0.000103969345218502
2,30177,"P_cell_phone","Cell phone",0.000259487860603258
2,30177,"P_internet","Internet",0.000843173009343445
2,30177,"Current_income","Income",0.000507849268615246
2,30178,"P_age_00_14","Population 0-14",-0.000440732488641515
2,30178,"P_migrants","Migrants",5.70221491216216e-05
2,30178,"P_university_studies","University degree",4.66418205178343e-05
2,30178,"P_read_write","Literacy",5.52516758034471e-05
2,30178,"P_cell_phone","Cell phone",0.00014797791664023
2,30178,"P_internet","Internet",0.000195546570466831
2,30178,"Current_income","Income",0.000317632686346769
2,30179,"P_age_00_14","Population 0-14",2.16990774788428e-05
2,30179,"P_migrants","Migrants",6.75033443258144e-05
2,30179,"P_university_studies","University degree",0.000204907613806427
2,30179,"P_read_write","Literacy",-2.10937378142262e-05
2,30179,"P_cell_phone","Cell phone",1.40583433676511e-05
2,30179,"P_internet","Internet",0.00117726111784577
2,30179,"Current_income","Income",0.000481361930724233
2,30180,"P_age_00_14","Population 0-14",6.44273968646303e-05
2,30180,"P_migrants","Migrants",5.19575951329898e-05
2,30180,"P_university_studies","University degree",0.000212455954169855
2,30180,"P_read_write","Literacy",9.51435868046246e-05
2,30180,"P_cell_phone","Cell phone",0.00024496074183844
2,30180,"P_internet","Internet",0.000752282212488353
2,30180,"Current_income","Income",0.000524791888892651
2,30181,"P_age_00_14","Population 0-14",-0.000191613857168704
2,30181,"P_migrants","Migrants",2.98726299661212e-05
2,30181,"P_university_studies","University degree",0.000149749510455877
2,30181,"P_read_write","Literacy",8.07032047305256e-05
2,30181,"P_cell_phone","Cell phone",0.000136678310809657
2,30181,"P_internet","Internet",0.000342983345035464
2,30181,"Current_income","Income",-9.77509989752434e-06
2,30182,"P_age_00_14","Population 0-14",6.07212314207572e-05
2,30182,"P_migrants","Migrants",0.00011647456267383
2,30182,"P_university_studies","University degree",9.34946001507342e-06
2,30182,"P_read_write","Literacy",7.31490654288791e-05
2,30182,"P_cell_phone","Cell phone",2.2427533622249e-05
2,30182,"P_internet","Internet",-0.000894094991963357
2,30182,"Current_income","Income",0.000320204213494435
2,30183,"P_age_00_14","Population 0-14",1.13843270810321e-05
2,30183,"P_migrants","Migrants",6.29265850875527e-05
2,30183,"P_university_studies","University degree",1.75872464751592e-05
2,30183,"P_read_write","Literacy",7.67840028856881e-05
2,30183,"P_cell_phone","Cell phone",-3.07598966173828e-05
2,30183,"P_internet","Internet",-0.00013414652494248
2,30183,"Current_income","Income",-2.03825356948073e-06
2,30184,"P_age_00_14","Population 0-14",0.000273050944088027
2,30184,"P_migrants","Migrants",4.2696665332187e-05
2,30184,"P_university_studies","University degree",0.000253061705734581
2,30184,"P_read_write","Literacy",0.000108317857666407
2,30184,"P_cell_phone","Cell phone",0.00027961892192252
2,30184,"P_internet","Internet",0.00123755307868123
2,30184,"Current_income","Income",0.000672774971462786
2,30185,"P_age_00_14","Population 0-14",0.000116873859951738
2,30185,"P_migrants","Migrants",0.000135568960104138
2,30185,"P_university_studies","University degree",-1.2052989404765e-05
2,30185,"P_read_write","Literacy",0.000111727531475481
2,30185,"P_cell_phone","Cell phone",0.000247224379563704
2,30185,"P_internet","Internet",0.000525787647347897
2,30185,"Current_income","Income",0.0004090758448001
2,30186,"P_age_00_14","Population 0-14",-4.79888258269057e-05
2,30186,"P_migrants","Migrants",9.59155149757862e-05
2,30186,"P_university_studies","University degree",2.80849999398924e-05
2,30186,"P_read_write","Literacy",4.07676052418537e-05
2,30186,"P_cell_phone","Cell phone",0.000168902406585403
2,30186,"P_internet","Internet",-0.00080655631609261
2,30186,"Current_income","Income",0.000237422165810131
2,30187,"P_age_00_14","Population 0-14",0.000329389906255528
2,30187,"P_migrants","Migrants",-7.94489824329503e-06
2,30187,"P_university_studies","University degree",0.000190865728654899
2,30187,"P_read_write","Literacy",0.000105963292298838
2,30187,"P_cell_phone","Cell phone",0.000275802914984524
2,30187,"P_internet","Internet",0.00114907778333873
2,30187,"Current_income","Income",0.000618645455688238
2,30188,"P_age_00_14","Population 0-14",-4.49654398835264e-05
2,30188,"P_migrants","Migrants",0.000145276630064473
2,30188,"P_university_studies","University degree",0.000216212632949464
2,30188,"P_read_write","Literacy",0.000104952159745153
2,30188,"P_cell_phone","Cell phone",0.000244508846662939
2,30188,"P_internet","Internet",0.00047222850844264
2,30188,"Current_income","Income",0.000408992695156485
2,30189,"P_age_00_14","Population 0-14",-0.000181063631316647
2,30189,"P_migrants","Migrants",0.000119199867185671
2,30189,"P_university_studies","University degree",-0.000336304918164387
2,30189,"P_read_write","Literacy",-0.00017984930309467
2,30189,"P_cell_phone","Cell phone",-0.000261362467426807
2,30189,"P_internet","Internet",-0.00141693139448762
2,30189,"Current_income","Income",-0.000276426522759721
2,30191,"P_age_00_14","Population 0-14",-0.00055668770801276
2,30191,"P_migrants","Migrants",3.55216034222394e-05
2,30191,"P_university_studies","University degree",-0.000155212852405384
2,30191,"P_read_write","Literacy",-0.000141552343848161
2,30191,"P_cell_phone","Cell phone",-1.72312047652667e-05
2,30191,"P_internet","Internet",-0.00180216366425157
2,30191,"Current_income","Income",-3.04369359582779e-06
2,30192,"P_age_00_14","Population 0-14",-0.000178802802111022
2,30192,"P_migrants","Migrants",-3.78042313968763e-05
2,30192,"P_university_studies","University degree",3.05490648315754e-05
2,30192,"P_read_write","Literacy",5.30474244442303e-05
2,30192,"P_cell_phone","Cell phone",7.65902295825072e-05
2,30192,"P_internet","Internet",0.000281507062027231
2,30192,"Current_income","Income",-3.56071468559094e-05
2,30193,"P_age_00_14","Population 0-14",-0.000826387607958168
2,30193,"P_migrants","Migrants",7.69348189351149e-05
2,30193,"P_university_studies","University degree",-0.00101527490187436
2,30193,"P_read_write","Literacy",-0.000251929217483848
2,30193,"P_cell_phone","Cell phone",-0.000663246493786573
2,30193,"P_internet","Internet",-0.00228587258607149
2,30193,"Current_income","Income",-7.55715591367334e-05
2,30194,"P_age_00_14","Population 0-14",0.000192522653378546
2,30194,"P_migrants","Migrants",0.000103140147984959
2,30194,"P_university_studies","University degree",0.000177009904291481
2,30194,"P_read_write","Literacy",8.7824955699034e-05
2,30194,"P_cell_phone","Cell phone",0.000223184397327714
2,30194,"P_internet","Internet",0.000492986291646957
2,30194,"Current_income","Income",0.000486212695250288
2,30195,"P_age_00_14","Population 0-14",0.000304425338981673
2,30195,"P_migrants","Migrants",0.000125626043882221
2,30195,"P_university_studies","University degree",0.000273817975539714
2,30195,"P_read_write","Literacy",0.000118801748612896
2,30195,"P_cell_phone","Cell phone",0.00029822185751982
2,30195,"P_internet","Internet",0.00127011514268816
2,30195,"Current_income","Income",0.000674879469443113
2,30196,"P_age_00_14","Population 0-14",-0.000143801007652655
2,30196,"P_migrants","Migrants",1.25209783163882e-06
2,30196,"P_university_studies","University degree",3.671283411677e-05
2,30196,"P_read_write","Literacy",5.89972005400341e-05
2,30196,"P_cell_phone","Cell phone",0.000161421688972041
2,30196,"P_internet","Internet",-0.00111175898928195
2,30196,"Current_income","Income",-1.23875743156532e-05
2,30197,"P_age_00_14","Population 0-14",-4.48457540187519e-05
2,30197,"P_migrants","Migrants",-1.18941252367222e-05
2,30197,"P_university_studies","University degree",0.000164036973728798
2,30197,"P_read_write","Literacy",8.59611755004153e-05
2,30197,"P_cell_phone","Cell phone",0.000225325988139957
2,30197,"P_internet","Internet",0.000766623474191874
2,30197,"Current_income","Income",0.000477552472148091
2,30198,"P_age_00_14","Population 0-14",6.16984762018546e-05
2,30198,"P_migrants","Migrants",1.0847981684492e-05
2,30198,"P_university_studies","University degree",0.000171209292602725
2,30198,"P_read_write","Literacy",0.000143131241202354
2,30198,"P_cell_phone","Cell phone",0.000292763666948304
2,30198,"P_internet","Internet",0.00129024300258607
2,30198,"Current_income","Income",0.0005486651789397
2,30199,"P_age_00_14","Population 0-14",4.910813368042e-05
2,30199,"P_migrants","Migrants",0.000150922249304131
2,30199,"P_university_studies","University degree",-8.46454895508941e-06
2,30199,"P_read_write","Literacy",9.08853544387966e-05
2,30199,"P_cell_phone","Cell phone",0.000170977727975696
2,30199,"P_internet","Internet",0.000759889837354422
2,30199,"Current_income","Income",0.000515243038535118
2,30200,"P_age_00_14","Population 0-14",-0.000168246144312434
2,30200,"P_migrants","Migrants",3.96738141716924e-05
2,30200,"P_university_studies","University degree",0.000233185914112255
2,30200,"P_read_write","Literacy",6.28232883173041e-05
2,30200,"P_cell_phone","Cell phone",0.000126251878100447
2,30200,"P_internet","Internet",0.000486133416416124
2,30200,"Current_income","Income",0.000419136951677501
2,30201,"P_age_00_14","Population 0-14",9.22518665902317e-05
2,30201,"P_migrants","Migrants",0.000100161021691747
2,30201,"P_university_studies","University degree",8.82015865499852e-06
2,30201,"P_read_write","Literacy",0.00011126264143968
2,30201,"P_cell_phone","Cell phone",0.000263305264525115
2,30201,"P_internet","Internet",0.000923817104194313
2,30201,"Current_income","Income",0.00050796935101971
2,30202,"P_age_00_14","Population 0-14",0.000183352240128443
2,30202,"P_migrants","Migrants",0.000118863848911133
2,30202,"P_university_studies","University degree",0.000209355566767044
2,30202,"P_read_write","Literacy",0.000152642780449241
2,30202,"P_cell_phone","Cell phone",0.000300257845083252
2,30202,"P_internet","Internet",0.00127658876590431
2,30202,"Current_income","Income",0.000552825804334134
2,30203,"P_age_00_14","Population 0-14",7.4940144259017e-05
2,30203,"P_migrants","Migrants",0.000165991659741849
2,30203,"P_university_studies","University degree",0.000175579654751346
2,30203,"P_read_write","Literacy",9.64210485108197e-05
2,30203,"P_cell_phone","Cell phone",0.000191485305549577
2,30203,"P_internet","Internet",0.00077717553358525
2,30203,"Current_income","Income",0.000528901582583785
2,30204,"P_age_00_14","Population 0-14",-0.000108886320958845
2,30204,"P_migrants","Migrants",0.000288827141048387
2,30204,"P_university_studies","University degree",-0.000317705504130572
2,30204,"P_read_write","Literacy",-0.000106000450614374
2,30204,"P_cell_phone","Cell phone",-0.000164533354109153
2,30204,"P_internet","Internet",-0.00093274173559621
2,30204,"Current_income","Income",-1.51198410094366e-05
2,30206,"P_age_00_14","Population 0-14",-0.000172981104697101
2,30206,"P_migrants","Migrants",0.000359530473360792
2,30206,"P_university_studies","University degree",-0.000378938566427678
2,30206,"P_read_write","Literacy",-0.000135036330902949
2,30206,"P_cell_phone","Cell phone",-0.000495656684506685
2,30206,"P_internet","Internet",-0.00179614056833088
2,30206,"Current_income","Income",-0.0003781613195315
2,30209,"P_age_00_14","Population 0-14",6.98141957400367e-05
2,30209,"P_migrants","Migrants",0.000126512823044322
2,30209,"P_university_studies","University degree",0.000169398146681488
2,30209,"P_read_write","Literacy",0.000109007829451002
2,30209,"P_cell_phone","Cell phone",0.000261254812357947
2,30209,"P_internet","Internet",0.00125283317174762
2,30209,"Current_income","Income",0.000521374982781708
2,30210,"P_age_00_14","Population 0-14",0.000199590984266251
2,30210,"P_migrants","Migrants",-3.19044443131133e-06
2,30210,"P_university_studies","University degree",0.000165617384482175
2,30210,"P_read_write","Literacy",0.000106412764580455
2,30210,"P_cell_phone","Cell phone",0.00025875581195578
2,30210,"P_internet","Internet",0.000860080530401319
2,30210,"Current_income","Income",0.00053279782878235
2,30211,"P_age_00_14","Population 0-14",-0.000339017511578277
2,30211,"P_migrants","Migrants",-1.70909697772004e-06
2,30211,"P_university_studies","University degree",2.42352634813869e-05
2,30211,"P_read_write","Literacy",-1.36154685606016e-05
2,30211,"P_cell_phone","Cell phone",6.63460887153633e-05
2,30211,"P_internet","Internet",3.408837801544e-05
2,30211,"Current_income","Income",-3.55157826561481e-05
2,31001,"P_age_00_14","Population 0-14",-5.5294884077739e-05
2,31001,"P_migrants","Migrants",9.18466175789945e-05
2,31001,"P_university_studies","University degree",0.000113186877570115
2,31001,"P_read_write","Literacy",9.04127300600521e-05
2,31001,"P_cell_phone","Cell phone",0.000208384706638753
2,31001,"P_internet","Internet",0.000747169542592019
2,31001,"Current_income","Income",0.000473494525067508
2,31002,"P_age_00_14","Population 0-14",-8.79046492627822e-05
2,31002,"P_migrants","Migrants",0.0001093562314054
2,31002,"P_university_studies","University degree",0.000122277910122648
2,31002,"P_read_write","Literacy",6.22923107584938e-05
2,31002,"P_cell_phone","Cell phone",3.89417400583625e-05
2,31002,"P_internet","Internet",0.000201713701244444
2,31002,"Current_income","Income",-8.53949823067524e-05
2,31003,"P_age_00_14","Population 0-14",0.00010543020471232
2,31003,"P_migrants","Migrants",6.42513623461127e-05
2,31003,"P_university_studies","University degree",1.35819382194313e-05
2,31003,"P_read_write","Literacy",0.000101191217254382
2,31003,"P_cell_phone","Cell phone",0.000224432718823664
2,31003,"P_internet","Internet",0.000370803900295869
2,31003,"Current_income","Income",0.000402032455895096
2,31004,"P_age_00_14","Population 0-14",-0.000308453047182411
2,31004,"P_migrants","Migrants",0.00010772401583381
2,31004,"P_university_studies","University degree",-4.17518185713561e-06
2,31004,"P_read_write","Literacy",-9.58782329689711e-05
2,31004,"P_cell_phone","Cell phone",-0.00021599224419333
2,31004,"P_internet","Internet",0.000214415049413219
2,31004,"Current_income","Income",-0.000147186015965417
2,31005,"P_age_00_14","Population 0-14",-0.000347923982189968
2,31005,"P_migrants","Migrants",0.000138471907121129
2,31005,"P_university_studies","University degree",0.000222684611799195
2,31005,"P_read_write","Literacy",0.000101776669907849
2,31005,"P_cell_phone","Cell phone",0.000136757676955312
2,31005,"P_internet","Internet",0.000286465103272349
2,31005,"Current_income","Income",0.000339716003509238
2,31006,"P_age_00_14","Population 0-14",-2.48467767960392e-06
2,31006,"P_migrants","Migrants",1.01191981229931e-05
2,31006,"P_university_studies","University degree",0.000161585281603038
2,31006,"P_read_write","Literacy",7.8184122685343e-05
2,31006,"P_cell_phone","Cell phone",0.000116727875138167
2,31006,"P_internet","Internet",0.00035405030939728
2,31006,"Current_income","Income",0.000325285247527063
2,31007,"P_age_00_14","Population 0-14",-0.000112441863166168
2,31007,"P_migrants","Migrants",0.000113846239401028
2,31007,"P_university_studies","University degree",0.000154250519699417
2,31007,"P_read_write","Literacy",1.39873350235575e-06
2,31007,"P_cell_phone","Cell phone",4.79548325529322e-05
2,31007,"P_internet","Internet",0.000485314812976867
2,31007,"Current_income","Income",0.0002774829918053
2,31008,"P_age_00_14","Population 0-14",-1.25999777083052e-05
2,31008,"P_migrants","Migrants",0.000151187676237896
2,31008,"P_university_studies","University degree",0.000247835792833939
2,31008,"P_read_write","Literacy",9.71990084508434e-05
2,31008,"P_cell_phone","Cell phone",0.000247479300014675
2,31008,"P_internet","Internet",0.000395445997128263
2,31008,"Current_income","Income",0.000488849240355194
2,31009,"P_age_00_14","Population 0-14",-0.000404358928790316
2,31009,"P_migrants","Migrants",0.000103021979157347
2,31009,"P_university_studies","University degree",2.01600705622695e-05
2,31009,"P_read_write","Literacy",6.90816741553135e-05
2,31009,"P_cell_phone","Cell phone",7.00032032909803e-05
2,31009,"P_internet","Internet",0.000354514690116048
2,31009,"Current_income","Income",0.000299293780699372
2,31010,"P_age_00_14","Population 0-14",0.000289463758235797
2,31010,"P_migrants","Migrants",0.000195168438949622
2,31010,"P_university_studies","University degree",0.000281346176052466
2,31010,"P_read_write","Literacy",0.00012599331967067
2,31010,"P_cell_phone","Cell phone",0.000278364430414513
2,31010,"P_internet","Internet",0.001223960891366
2,31010,"Current_income","Income",0.00064997875597328
2,31011,"P_age_00_14","Population 0-14",6.22765583102591e-05
2,31011,"P_migrants","Migrants",2.6342662749812e-05
2,31011,"P_university_studies","University degree",0.000226645715883933
2,31011,"P_read_write","Literacy",5.29344652022701e-05
2,31011,"P_cell_phone","Cell phone",9.06857458176091e-05
2,31011,"P_internet","Internet",0.000411022076150402
2,31011,"Current_income","Income",0.000319965882226825
2,31012,"P_age_00_14","Population 0-14",-1.04474588624726e-06
2,31012,"P_migrants","Migrants",4.08161395171192e-06
2,31012,"P_university_studies","University degree",0.000243378337472677
2,31012,"P_read_write","Literacy",7.84430012572557e-05
2,31012,"P_cell_phone","Cell phone",0.000143494820804335
2,31012,"P_internet","Internet",0.000353889394318685
2,31012,"Current_income","Income",0.000290945114102215
2,31013,"P_age_00_14","Population 0-14",-0.000252278143307194
2,31013,"P_migrants","Migrants",-0.000230442805332132
2,31013,"P_university_studies","University degree",-0.000953376642428339
2,31013,"P_read_write","Literacy",-0.000165236036991701
2,31013,"P_cell_phone","Cell phone",-0.000401674886234105
2,31013,"P_internet","Internet",-0.00217441539280117
2,31013,"Current_income","Income",-0.000408518884796649
2,31014,"P_age_00_14","Population 0-14",2.42473633988993e-05
2,31014,"P_migrants","Migrants",9.07704597921111e-05
2,31014,"P_university_studies","University degree",0.000228558317758143
2,31014,"P_read_write","Literacy",0.000110051230876707
2,31014,"P_cell_phone","Cell phone",0.000218188361031935
2,31014,"P_internet","Internet",-0.000746121339034289
2,31014,"Current_income","Income",0.000520303205121309
2,31015,"P_age_00_14","Population 0-14",-1.54164335981477e-05
2,31015,"P_migrants","Migrants",0.000194921041838825
2,31015,"P_university_studies","University degree",0.000202041992451996
2,31015,"P_read_write","Literacy",7.84020303399302e-05
2,31015,"P_cell_phone","Cell phone",0.000178607791895047
2,31015,"P_internet","Internet",0.000404482299927622
2,31015,"Current_income","Income",0.000416701892390847
2,31016,"P_age_00_14","Population 0-14",0.000152734690345824
2,31016,"P_migrants","Migrants",0.000205011456273496
2,31016,"P_university_studies","University degree",0.000205705830012448
2,31016,"P_read_write","Literacy",0.000104584338259883
2,31016,"P_cell_phone","Cell phone",0.000265448965365067
2,31016,"P_internet","Internet",0.000713516550604254
2,31016,"Current_income","Income",0.000560816610231996
2,31017,"P_age_00_14","Population 0-14",6.97877767379396e-05
2,31017,"P_migrants","Migrants",0.000129879146697931
2,31017,"P_university_studies","University degree",0.000207078672247007
2,31017,"P_read_write","Literacy",0.000111912188003771
2,31017,"P_cell_phone","Cell phone",0.000264726171735674
2,31017,"P_internet","Internet",0.00122645462397486
2,31017,"Current_income","Income",0.000493910745717585
2,31018,"P_age_00_14","Population 0-14",-8.32095174700953e-05
2,31018,"P_migrants","Migrants",0.000127141815028153
2,31018,"P_university_studies","University degree",0.000161597679834813
2,31018,"P_read_write","Literacy",9.1053188953083e-05
2,31018,"P_cell_phone","Cell phone",0.000231179437832907
2,31018,"P_internet","Internet",0.00035246298648417
2,31018,"Current_income","Income",0.000295716628897935
2,31019,"P_age_00_14","Population 0-14",0.000272159348241985
2,31019,"P_migrants","Migrants",0.000148130231536925
2,31019,"P_university_studies","University degree",0.000219368230318651
2,31019,"P_read_write","Literacy",0.000118837022455409
2,31019,"P_cell_phone","Cell phone",0.000259275344433263
2,31019,"P_internet","Internet",0.00040389591595158
2,31019,"Current_income","Income",0.00057480827672407
2,31020,"P_age_00_14","Population 0-14",-0.000136304413899779
2,31020,"P_migrants","Migrants",0.00017435995687265
2,31020,"P_university_studies","University degree",-8.81762243807316e-05
2,31020,"P_read_write","Literacy",-3.62515602319036e-05
2,31020,"P_cell_phone","Cell phone",5.43130008736625e-05
2,31020,"P_internet","Internet",-0.00090443721273914
2,31020,"Current_income","Income",-2.4062395823421e-05
2,31021,"P_age_00_14","Population 0-14",0.000294964556815103
2,31021,"P_migrants","Migrants",0.00015716371126473
2,31021,"P_university_studies","University degree",0.000191672865184955
2,31021,"P_read_write","Literacy",0.000122501471196301
2,31021,"P_cell_phone","Cell phone",0.000349522451870143
2,31021,"P_internet","Internet",0.000134989473735914
2,31021,"Current_income","Income",0.000651933427434415
2,31022,"P_age_00_14","Population 0-14",0.00028543864027597
2,31022,"P_migrants","Migrants",0.000128700921777636
2,31022,"P_university_studies","University degree",0.000214519517612644
2,31022,"P_read_write","Literacy",0.000107450279756449
2,31022,"P_cell_phone","Cell phone",0.000262752320850268
2,31022,"P_internet","Internet",0.00125702237710357
2,31022,"Current_income","Income",0.000620375154539943
2,31023,"P_age_00_14","Population 0-14",-0.000115344737423584
2,31023,"P_migrants","Migrants",0.000140760981594212
2,31023,"P_university_studies","University degree",2.92449749395018e-05
2,31023,"P_read_write","Literacy",6.40637153992429e-05
2,31023,"P_cell_phone","Cell phone",5.26268922840245e-05
2,31023,"P_internet","Internet",0.000770146434661001
2,31023,"Current_income","Income",7.4514580774121e-05
2,31024,"P_age_00_14","Population 0-14",-1.64196171681397e-05
2,31024,"P_migrants","Migrants",0.000132423985633068
2,31024,"P_university_studies","University degree",0.000223121387534775
2,31024,"P_read_write","Literacy",9.23369734664448e-05
2,31024,"P_cell_phone","Cell phone",0.000232851234613918
2,31024,"P_internet","Internet",0.00072108005406335
2,31024,"Current_income","Income",0.000406615494284779
2,31025,"P_age_00_14","Population 0-14",0.00014791707508266
2,31025,"P_migrants","Migrants",-4.5944407247589e-06
2,31025,"P_university_studies","University degree",0.000148471895954572
2,31025,"P_read_write","Literacy",1.74599008460063e-05
2,31025,"P_cell_phone","Cell phone",-3.30240072798915e-05
2,31025,"P_internet","Internet",0.000259904540143907
2,31025,"Current_income","Income",0.000498500827234238
2,31026,"P_age_00_14","Population 0-14",-0.000833727477584034
2,31026,"P_migrants","Migrants",2.80609419860411e-05
2,31026,"P_university_studies","University degree",1.42082135425881e-05
2,31026,"P_read_write","Literacy",6.25993052381091e-05
2,31026,"P_cell_phone","Cell phone",-0.000160709882038645
2,31026,"P_internet","Internet",-0.000164618089911528
2,31026,"Current_income","Income",-3.72927097487263e-05
2,31027,"P_age_00_14","Population 0-14",-0.000590583891607821
2,31027,"P_migrants","Migrants",0.000169472681591287
2,31027,"P_university_studies","University degree",-0.000383126956876367
2,31027,"P_read_write","Literacy",-3.79772536689416e-05
2,31027,"P_cell_phone","Cell phone",8.43561938381754e-05
2,31027,"P_internet","Internet",-0.000302538566756994
2,31027,"Current_income","Income",0.000130586427985691
2,31028,"P_age_00_14","Population 0-14",-6.24650856480002e-05
2,31028,"P_migrants","Migrants",5.94224875385407e-05
2,31028,"P_university_studies","University degree",1.84749478648882e-05
2,31028,"P_read_write","Literacy",-3.08289054373745e-05
2,31028,"P_cell_phone","Cell phone",-0.000231455036555417
2,31028,"P_internet","Internet",-0.000926618406083435
2,31028,"Current_income","Income",0.000120632357720751
2,31029,"P_age_00_14","Population 0-14",-0.000280293024843559
2,31029,"P_migrants","Migrants",0.000151554791955277
2,31029,"P_university_studies","University degree",1.81304367288249e-05
2,31029,"P_read_write","Literacy",5.75904050492682e-05
2,31029,"P_cell_phone","Cell phone",0.000172786196344532
2,31029,"P_internet","Internet",0.00033969638752751
2,31029,"Current_income","Income",0.000104752609331626
2,31030,"P_age_00_14","Population 0-14",5.01372487633489e-05
2,31030,"P_migrants","Migrants",0.000131937369587831
2,31030,"P_university_studies","University degree",0.000244252732954919
2,31030,"P_read_write","Literacy",9.83740901574492e-05
2,31030,"P_cell_phone","Cell phone",0.00024694183957763
2,31030,"P_internet","Internet",0.000277776387520134
2,31030,"Current_income","Income",0.00049714936176315
2,31031,"P_age_00_14","Population 0-14",-6.97260547894984e-05
2,31031,"P_migrants","Migrants",0.000109052649349906
2,31031,"P_university_studies","University degree",0.000233325234148651
2,31031,"P_read_write","Literacy",0.000113942238385789
2,31031,"P_cell_phone","Cell phone",0.00021224666852504
2,31031,"P_internet","Internet",0.00118593103252351
2,31031,"Current_income","Income",0.000413127039792016
2,31032,"P_age_00_14","Population 0-14",0.000117423696792684
2,31032,"P_migrants","Migrants",0.000151213520439342
2,31032,"P_university_studies","University degree",0.00020855751063209
2,31032,"P_read_write","Literacy",0.000111662164272275
2,31032,"P_cell_phone","Cell phone",0.000242429785430431
2,31032,"P_internet","Internet",-3.76668031094596e-05
2,31032,"Current_income","Income",0.000521402107551694
2,31033,"P_age_00_14","Population 0-14",2.15793988900259e-05
2,31033,"P_migrants","Migrants",9.355996735394e-05
2,31033,"P_university_studies","University degree",1.31243868963793e-05
2,31033,"P_read_write","Literacy",8.91800082172267e-05
2,31033,"P_cell_phone","Cell phone",0.000229933459195308
2,31033,"P_internet","Internet",0.000769664184190333
2,31033,"Current_income","Income",0.000293735298328102
2,31034,"P_age_00_14","Population 0-14",-1.83457405000809e-06
2,31034,"P_migrants","Migrants",0.000101818761322647
2,31034,"P_university_studies","University degree",0.000182722447789274
2,31034,"P_read_write","Literacy",0.000104756902146619
2,31034,"P_cell_phone","Cell phone",0.000121965487778652
2,31034,"P_internet","Internet",0.000632042530924082
2,31034,"Current_income","Income",0.000403796700993553
2,31035,"P_age_00_14","Population 0-14",-9.56484873313457e-05
2,31035,"P_migrants","Migrants",0.000103946622402873
2,31035,"P_university_studies","University degree",0.000170147483004257
2,31035,"P_read_write","Literacy",9.87603052635677e-05
2,31035,"P_cell_phone","Cell phone",0.000128955362015404
2,31035,"P_internet","Internet",0.000858448620419949
2,31035,"Current_income","Income",0.000303488108329475
2,31036,"P_age_00_14","Population 0-14",-4.41412230429705e-05
2,31036,"P_migrants","Migrants",0.000127687308122404
2,31036,"P_university_studies","University degree",0.000188517486094497
2,31036,"P_read_write","Literacy",9.27707151276991e-05
2,31036,"P_cell_phone","Cell phone",0.00017249642405659
2,31036,"P_internet","Internet",0.000622001476585865
2,31036,"Current_income","Income",0.000304064276861027
2,31037,"P_age_00_14","Population 0-14",-7.48338788980618e-05
2,31037,"P_migrants","Migrants",0.000127699255244806
2,31037,"P_university_studies","University degree",0.000221594586037099
2,31037,"P_read_write","Literacy",9.79598189587705e-05
2,31037,"P_cell_phone","Cell phone",0.000128319952636957
2,31037,"P_internet","Internet",0.000614047050476074
2,31037,"Current_income","Income",0.00031634682090953
2,31038,"P_age_00_14","Population 0-14",4.35682741226628e-05
2,31038,"P_migrants","Migrants",8.70106741786003e-05
2,31038,"P_university_studies","University degree",2.10463622352108e-05
2,31038,"P_read_write","Literacy",7.57257439545356e-05
2,31038,"P_cell_phone","Cell phone",-5.74974619667046e-05
2,31038,"P_internet","Internet",0.000366996828233823
2,31038,"Current_income","Income",0.000275722792139277
2,31039,"P_age_00_14","Population 0-14",-0.00013676896924153
2,31039,"P_migrants","Migrants",0.000159732633619569
2,31039,"P_university_studies","University degree",2.55518443736946e-05
2,31039,"P_read_write","Literacy",-5.42214947927278e-05
2,31039,"P_cell_phone","Cell phone",-4.87292527395766e-05
2,31039,"P_internet","Internet",-0.00133742811158299
2,31039,"Current_income","Income",-3.67366883438081e-05
2,31040,"P_age_00_14","Population 0-14",-4.3180925786146e-06
2,31040,"P_migrants","Migrants",9.73131536738947e-05
2,31040,"P_university_studies","University degree",1.898515256471e-05
2,31040,"P_read_write","Literacy",8.42252993606962e-05
2,31040,"P_cell_phone","Cell phone",6.04421838943381e-05
2,31040,"P_internet","Internet",0.000376692798454314
2,31040,"Current_income","Income",-1.68338483490516e-05
2,31041,"P_age_00_14","Population 0-14",0.000114640963147394
2,31041,"P_migrants","Migrants",0.000289571034954861
2,31041,"P_university_studies","University degree",3.25699802488089e-05
2,31041,"P_read_write","Literacy",-0.000197427259990945
2,31041,"P_cell_phone","Cell phone",-0.000386176310712472
2,31041,"P_internet","Internet",-0.00129337434191257
2,31041,"Current_income","Income",-6.35483447695151e-05
2,31042,"P_age_00_14","Population 0-14",4.6715165808564e-05
2,31042,"P_migrants","Migrants",0.000122835073852912
2,31042,"P_university_studies","University degree",0.000172838714206591
2,31042,"P_read_write","Literacy",9.85461374511942e-05
2,31042,"P_cell_phone","Cell phone",0.000136560629471205
2,31042,"P_internet","Internet",0.0007530179573223
2,31042,"Current_income","Income",0.000427293678512797
2,31043,"P_age_00_14","Population 0-14",0.000175638691871427
2,31043,"P_migrants","Migrants",0.000124919126392342
2,31043,"P_university_studies","University degree",0.000235936924582347
2,31043,"P_read_write","Literacy",9.60122779360972e-05
2,31043,"P_cell_phone","Cell phone",0.000236659165238962
2,31043,"P_internet","Internet",0.00123676960356534
2,31043,"Current_income","Income",0.000547017261851579
2,31044,"P_age_00_14","Population 0-14",4.15752983826678e-05
2,31044,"P_migrants","Migrants",8.38288615341298e-05
2,31044,"P_university_studies","University degree",0.000175653185578994
2,31044,"P_read_write","Literacy",8.76642661751248e-05
2,31044,"P_cell_phone","Cell phone",0.000171444218722172
2,31044,"P_internet","Internet",0.000708396779373288
2,31044,"Current_income","Income",0.000400941033149138
2,31045,"P_age_00_14","Population 0-14",-5.70138145121746e-05
2,31045,"P_migrants","Migrants",0.000289614661596715
2,31045,"P_university_studies","University degree",0.000189478319953196
2,31045,"P_read_write","Literacy",-1.72609281889891e-06
2,31045,"P_cell_phone","Cell phone",0.000209638659725897
2,31045,"P_internet","Internet",-0.000654860108625144
2,31045,"Current_income","Income",0.000354966730810702
2,31046,"P_age_00_14","Population 0-14",3.76232455892023e-05
2,31046,"P_migrants","Migrants",0.000119544092740398
2,31046,"P_university_studies","University degree",0.000198565583559684
2,31046,"P_read_write","Literacy",0.000106385268736631
2,31046,"P_cell_phone","Cell phone",5.85483176109847e-05
2,31046,"P_internet","Internet",0.000466109107946977
2,31046,"Current_income","Income",0.000405617291107774
2,31047,"P_age_00_14","Population 0-14",-1.59889987116912e-05
2,31047,"P_migrants","Migrants",-2.02438329210963e-07
2,31047,"P_university_studies","University degree",0.000164418830536306
2,31047,"P_read_write","Literacy",0.000101437952253036
2,31047,"P_cell_phone","Cell phone",0.000144719670061022
2,31047,"P_internet","Internet",0.000368244247511029
2,31047,"Current_income","Income",0.000407037354307249
2,31048,"P_age_00_14","Population 0-14",-4.02197438233998e-05
2,31048,"P_migrants","Migrants",0.00011106459714938
2,31048,"P_university_studies","University degree",0.00015001323481556
2,31048,"P_read_write","Literacy",9.81679258984514e-05
2,31048,"P_cell_phone","Cell phone",0.000240020555793308
2,31048,"P_internet","Internet",0.00075224315514788
2,31048,"Current_income","Income",-1.07324158307165e-05
2,31049,"P_age_00_14","Population 0-14",0.000236801992286928
2,31049,"P_migrants","Migrants",0.000160590803716332
2,31049,"P_university_studies","University degree",0.000253406702540815
2,31049,"P_read_write","Literacy",0.000153506203787401
2,31049,"P_cell_phone","Cell phone",0.000232228718232363
2,31049,"P_internet","Internet",0.00130160746630281
2,31049,"Current_income","Income",0.000563812092877924
2,31050,"P_age_00_14","Population 0-14",-0.000910001690499485
2,31050,"P_migrants","Migrants",5.44523609278258e-05
2,31050,"P_university_studies","University degree",-0.00111346854828298
2,31050,"P_read_write","Literacy",-0.000239430592046119
2,31050,"P_cell_phone","Cell phone",-0.000397625670302659
2,31050,"P_internet","Internet",-0.00360992830246687
2,31050,"Current_income","Income",-0.00133004283998162
2,31051,"P_age_00_14","Population 0-14",-0.000760397175326943
2,31051,"P_migrants","Migrants",0.000109922213596292
2,31051,"P_university_studies","University degree",4.54632584023784e-07
2,31051,"P_read_write","Literacy",-0.000146890233736485
2,31051,"P_cell_phone","Cell phone",-7.74953732616268e-05
2,31051,"P_internet","Internet",-0.000919170037377626
2,31051,"Current_income","Income",-3.32682138832752e-05
2,31052,"P_age_00_14","Population 0-14",-6.831838254584e-05
2,31052,"P_migrants","Migrants",8.18272092146799e-05
2,31052,"P_university_studies","University degree",1.58223538164748e-05
2,31052,"P_read_write","Literacy",5.54622420168016e-05
2,31052,"P_cell_phone","Cell phone",6.14669334026985e-05
2,31052,"P_internet","Internet",0.000362862949259579
2,31052,"Current_income","Income",-2.0244358893251e-05
2,31053,"P_age_00_14","Population 0-14",-7.28387167328037e-05
2,31053,"P_migrants","Migrants",-4.35843276136438e-06
2,31053,"P_university_studies","University degree",2.67460982286138e-05
2,31053,"P_read_write","Literacy",7.10385284037329e-05
2,31053,"P_cell_phone","Cell phone",0.000145036014146172
2,31053,"P_internet","Internet",0.00035340862814337
2,31053,"Current_income","Income",-6.59841634842451e-06
2,31054,"P_age_00_14","Population 0-14",-0.0001676625397522
2,31054,"P_migrants","Migrants",0.000158609269419685
2,31054,"P_university_studies","University degree",0.000165972975082695
2,31054,"P_read_write","Literacy",9.12139512365684e-05
2,31054,"P_cell_phone","Cell phone",0.000104391736385878
2,31054,"P_internet","Internet",-0.000119683507364243
2,31054,"Current_income","Income",-5.22952650499064e-05
2,31055,"P_age_00_14","Population 0-14",-1.0251926141791e-05
2,31055,"P_migrants","Migrants",0.000214545099879615
2,31055,"P_university_studies","University degree",0.000231379439355806
2,31055,"P_read_write","Literacy",1.10420705823344e-05
2,31055,"P_cell_phone","Cell phone",0.000182497504283674
2,31055,"P_internet","Internet",0.000674431154038757
2,31055,"Current_income","Income",0.000414866401115432
2,31056,"P_age_00_14","Population 0-14",0.0001616404770175
2,31056,"P_migrants","Migrants",4.89125932290335e-06
2,31056,"P_university_studies","University degree",1.11649833343108e-05
2,31056,"P_read_write","Literacy",0.000108248765172902
2,31056,"P_cell_phone","Cell phone",0.000185138414963149
2,31056,"P_internet","Internet",-0.00091098586563021
2,31056,"Current_income","Income",2.34626213568845e-06
2,31057,"P_age_00_14","Population 0-14",-1.164139030152e-05
2,31057,"P_migrants","Migrants",0.000226364369154908
2,31057,"P_university_studies","University degree",0.000275182712357491
2,31057,"P_read_write","Literacy",0.000138479546876624
2,31057,"P_cell_phone","Cell phone",0.000180142349563539
2,31057,"P_internet","Internet",-0.00128209521062672
2,31057,"Current_income","Income",0.000457676418591291
2,31058,"P_age_00_14","Population 0-14",0.000157852933625691
2,31058,"P_migrants","Migrants",-1.20686727314023e-05
2,31058,"P_university_studies","University degree",-3.72991758013086e-06
2,31058,"P_read_write","Literacy",9.12467221496627e-05
2,31058,"P_cell_phone","Cell phone",0.000221665468416177
2,31058,"P_internet","Internet",0.000662165228277445
2,31058,"Current_income","Income",0.000275579543085769
2,31059,"P_age_00_14","Population 0-14",-0.000123089688713662
2,31059,"P_migrants","Migrants",-4.04761376557872e-05
2,31059,"P_university_studies","University degree",-0.000221434573177248
2,31059,"P_read_write","Literacy",-0.000141873373650014
2,31059,"P_cell_phone","Cell phone",-0.000625178217887878
2,31059,"P_internet","Internet",-0.00212319847196341
2,31059,"Current_income","Income",-0.000412455789046362
2,31060,"P_age_00_14","Population 0-14",-2.91278433905973e-06
2,31060,"P_migrants","Migrants",0.000211605904041789
2,31060,"P_university_studies","University degree",0.000286030670395121
2,31060,"P_read_write","Literacy",0.000101410711067729
2,31060,"P_cell_phone","Cell phone",0.000134210175019689
2,31060,"P_internet","Internet",-0.000269387703156099
2,31060,"Current_income","Income",0.000524889503140002
2,31061,"P_age_00_14","Population 0-14",-3.26375120494049e-05
2,31061,"P_migrants","Migrants",4.75674823974259e-05
2,31061,"P_university_studies","University degree",0.000346822111168876
2,31061,"P_read_write","Literacy",0.000103502708952874
2,31061,"P_cell_phone","Cell phone",-0.000488157907966524
2,31061,"P_internet","Internet",-0.00131650920957327
2,31061,"Current_income","Income",-4.51816122222226e-05
2,31062,"P_age_00_14","Population 0-14",2.95415211439831e-05
2,31062,"P_migrants","Migrants",9.2520349426195e-05
2,31062,"P_university_studies","University degree",0.00015877778059803
2,31062,"P_read_write","Literacy",8.35292448755354e-05
2,31062,"P_cell_phone","Cell phone",0.000157311020302586
2,31062,"P_internet","Internet",0.000363804458174855
2,31062,"Current_income","Income",0.000463831209344789
2,31063,"P_age_00_14","Population 0-14",-4.23991587013006e-05
2,31063,"P_migrants","Migrants",7.02369288774207e-05
2,31063,"P_university_studies","University degree",0.00015217685722746
2,31063,"P_read_write","Literacy",4.14064088545274e-05
2,31063,"P_cell_phone","Cell phone",0.000114084490633104
2,31063,"P_internet","Internet",0.000369835208402947
2,31063,"Current_income","Income",-0.00010840140748769
2,31064,"P_age_00_14","Population 0-14",3.06678957713302e-05
2,31064,"P_migrants","Migrants",0.00015501250163652
2,31064,"P_university_studies","University degree",0.000170503000845201
2,31064,"P_read_write","Literacy",9.85932274488732e-05
2,31064,"P_cell_phone","Cell phone",0.000243563568801619
2,31064,"P_internet","Internet",0.000751947052776814
2,31064,"Current_income","Income",0.000405202998081222
2,31065,"P_age_00_14","Population 0-14",-7.72515122662298e-05
2,31065,"P_migrants","Migrants",0.000268532603513449
2,31065,"P_university_studies","University degree",0.000309170427499339
2,31065,"P_read_write","Literacy",-0.000114336260594428
2,31065,"P_cell_phone","Cell phone",-0.000104236059996765
2,31065,"P_internet","Internet",-0.00181024486664683
2,31065,"Current_income","Income",7.96619715401903e-05
2,31066,"P_age_00_14","Population 0-14",-4.12491715451324e-07
2,31066,"P_migrants","Migrants",-5.7800229114946e-05
2,31066,"P_university_studies","University degree",0.000240365334320813
2,31066,"P_read_write","Literacy",9.50981411733665e-05
2,31066,"P_cell_phone","Cell phone",0.000240272333030589
2,31066,"P_internet","Internet",-0.00204100809060037
2,31066,"Current_income","Income",0.000413841014960781
2,31067,"P_age_00_14","Population 0-14",-0.000119491494842805
2,31067,"P_migrants","Migrants",8.79151848494075e-05
2,31067,"P_university_studies","University degree",0.000162712225574069
2,31067,"P_read_write","Literacy",6.94287591613829e-05
2,31067,"P_cell_phone","Cell phone",0.000119423231808469
2,31067,"P_internet","Internet",0.000669328088406473
2,31067,"Current_income","Income",0.000279651168966666
2,31068,"P_age_00_14","Population 0-14",-0.000305204623145983
2,31068,"P_migrants","Migrants",2.46579093072796e-05
2,31068,"P_university_studies","University degree",0.000187624784302898
2,31068,"P_read_write","Literacy",5.68686045880895e-05
2,31068,"P_cell_phone","Cell phone",0.000106516912637744
2,31068,"P_internet","Internet",0.000641200342215598
2,31068,"Current_income","Income",1.4719536920893e-05
2,31069,"P_age_00_14","Population 0-14",2.68857220362406e-05
2,31069,"P_migrants","Migrants",9.49683962971903e-05
2,31069,"P_university_studies","University degree",0.00021351249597501
2,31069,"P_read_write","Literacy",9.25477288546972e-05
2,31069,"P_cell_phone","Cell phone",0.000227522541536018
2,31069,"P_internet","Internet",0.0011152500519529
2,31069,"Current_income","Income",0.000401953613618389
2,31070,"P_age_00_14","Population 0-14",-4.00869867007714e-05
2,31070,"P_migrants","Migrants",0.000195178392459638
2,31070,"P_university_studies","University degree",2.44237126025837e-05
2,31070,"P_read_write","Literacy",4.35883302998263e-05
2,31070,"P_cell_phone","Cell phone",2.53600101132179e-05
2,31070,"P_internet","Internet",-0.000162918993737549
2,31070,"Current_income","Income",0.000114238042442594
2,31071,"P_age_00_14","Population 0-14",0.000141498749144375
2,31071,"P_migrants","Migrants",0.000107914245745633
2,31071,"P_university_studies","University degree",0.000198157373233698
2,31071,"P_read_write","Literacy",9.6760479209479e-05
2,31071,"P_cell_phone","Cell phone",0.000222801638301462
2,31071,"P_internet","Internet",0.00118988752365112
2,31071,"Current_income","Income",0.000527176656760275
2,31072,"P_age_00_14","Population 0-14",-0.000333461648551747
2,31072,"P_migrants","Migrants",0.000196827226318419
2,31072,"P_university_studies","University degree",0.000153641245560721
2,31072,"P_read_write","Literacy",-0.000133138164528646
2,31072,"P_cell_phone","Cell phone",0.000143398981890641
2,31072,"P_internet","Internet",0.000752809457480907
2,31072,"Current_income","Income",0.000313041324261576
2,31073,"P_age_00_14","Population 0-14",0.000367204804206267
2,31073,"P_migrants","Migrants",0.000144488891237415
2,31073,"P_university_studies","University degree",0.000260590750258416
2,31073,"P_read_write","Literacy",0.000118725292850286
2,31073,"P_cell_phone","Cell phone",0.000363274768460542
2,31073,"P_internet","Internet",0.000684884027577937
2,31073,"Current_income","Income",0.000733536318875849
2,31074,"P_age_00_14","Population 0-14",-0.000551738252397627
2,31074,"P_migrants","Migrants",8.2145088526886e-05
2,31074,"P_university_studies","University degree",0.000170692903338932
2,31074,"P_read_write","Literacy",5.57549792574719e-05
2,31074,"P_cell_phone","Cell phone",0.000139379189931788
2,31074,"P_internet","Internet",0.000465414283098653
2,31074,"Current_income","Income",0.000300910644000396
2,31075,"P_age_00_14","Population 0-14",7.688799087191e-05
2,31075,"P_migrants","Migrants",0.000109917316876817
2,31075,"P_university_studies","University degree",0.000149289349792525
2,31075,"P_read_write","Literacy",0.000109480926766992
2,31075,"P_cell_phone","Cell phone",0.000226411866606213
2,31075,"P_internet","Internet",0.000589927716646343
2,31075,"Current_income","Income",0.000396191811887547
2,31076,"P_age_00_14","Population 0-14",-4.94449122925289e-05
2,31076,"P_migrants","Migrants",0.000114439877506811
2,31076,"P_university_studies","University degree",0.000175352848600596
2,31076,"P_read_write","Literacy",0.000105543338577263
2,31076,"P_cell_phone","Cell phone",0.000176716654095799
2,31076,"P_internet","Internet",0.000828827382065356
2,31076,"Current_income","Income",0.000309241528157145
2,31077,"P_age_00_14","Population 0-14",-8.9725996076595e-05
2,31077,"P_migrants","Migrants",0.000114763439341914
2,31077,"P_university_studies","University degree",9.80154582066461e-05
2,31077,"P_read_write","Literacy",9.05547203728929e-05
2,31077,"P_cell_phone","Cell phone",0.000123175341286696
2,31077,"P_internet","Internet",0.00116989959497005
2,31077,"Current_income","Income",0.000421320524765179
2,31078,"P_age_00_14","Population 0-14",-9.47240187088028e-05
2,31078,"P_migrants","Migrants",0.000124035039334558
2,31078,"P_university_studies","University degree",0.000170252620591782
2,31078,"P_read_write","Literacy",0.000105090395663865
2,31078,"P_cell_phone","Cell phone",0.000185396362212487
2,31078,"P_internet","Internet",0.000648440734948963
2,31078,"Current_income","Income",0.000299787556286901
2,31079,"P_age_00_14","Population 0-14",6.68145512463525e-05
2,31079,"P_migrants","Migrants",7.66558441682719e-05
2,31079,"P_university_studies","University degree",1.53411947394488e-05
2,31079,"P_read_write","Literacy",8.54555182741024e-05
2,31079,"P_cell_phone","Cell phone",0.000228098331717774
2,31079,"P_internet","Internet",0.000401186814997345
2,31079,"Current_income","Income",8.12466096249409e-05
2,31080,"P_age_00_14","Population 0-14",-6.83318785377196e-06
2,31080,"P_migrants","Migrants",0.000170429048012011
2,31080,"P_university_studies","University degree",0.000237078289501369
2,31080,"P_read_write","Literacy",0.000108947875560261
2,31080,"P_cell_phone","Cell phone",7.09852465661243e-05
2,31080,"P_internet","Internet",0.000226098956773058
2,31080,"Current_income","Income",0.000314187171170488
2,31081,"P_age_00_14","Population 0-14",0.000155824396642856
2,31081,"P_migrants","Migrants",0.000123785939649679
2,31081,"P_university_studies","University degree",0.000216665357584134
2,31081,"P_read_write","Literacy",0.000100195058621466
2,31081,"P_cell_phone","Cell phone",0.000244421738898382
2,31081,"P_internet","Internet",0.000725170713849366
2,31081,"Current_income","Income",0.00049784587463364
2,31082,"P_age_00_14","Population 0-14",-0.000483893090859056
2,31082,"P_migrants","Migrants",3.07811169477645e-05
2,31082,"P_university_studies","University degree",-4.80243616038933e-05
2,31082,"P_read_write","Literacy",-8.70996227604337e-05
2,31082,"P_cell_phone","Cell phone",8.31012948765419e-05
2,31082,"P_internet","Internet",0.000136642644065432
2,31082,"Current_income","Income",1.04232285593753e-05
2,31083,"P_age_00_14","Population 0-14",-0.000118240866868291
2,31083,"P_migrants","Migrants",-5.46050068805926e-05
2,31083,"P_university_studies","University degree",0.000188279562280513
2,31083,"P_read_write","Literacy",-1.62903907039436e-05
2,31083,"P_cell_phone","Cell phone",-0.000645699561573565
2,31083,"P_internet","Internet",0.000201451432076283
2,31083,"Current_income","Income",-0.000160013791173697
2,31084,"P_age_00_14","Population 0-14",-4.91285427415278e-05
2,31084,"P_migrants","Migrants",0.000111048386315815
2,31084,"P_university_studies","University degree",0.000146142687299289
2,31084,"P_read_write","Literacy",9.70750552369282e-05
2,31084,"P_cell_phone","Cell phone",0.000173096646904014
2,31084,"P_internet","Internet",0.00113010196946561
2,31084,"Current_income","Income",0.000115635572001338
2,31085,"P_age_00_14","Population 0-14",0.000113187794340774
2,31085,"P_migrants","Migrants",0.000198771231225692
2,31085,"P_university_studies","University degree",0.000277270388323814
2,31085,"P_read_write","Literacy",0.000113304842670914
2,31085,"P_cell_phone","Cell phone",0.000234371662372723
2,31085,"P_internet","Internet",-0.000777198176365346
2,31085,"Current_income","Income",0.000579986721277237
2,31086,"P_age_00_14","Population 0-14",-8.25510069262236e-05
2,31086,"P_migrants","Migrants",7.9926750913728e-05
2,31086,"P_university_studies","University degree",0.000212071114219725
2,31086,"P_read_write","Literacy",8.600751607446e-05
2,31086,"P_cell_phone","Cell phone",0.000227877259021625
2,31086,"P_internet","Internet",0.00119519745931029
2,31086,"Current_income","Income",0.000439308991190046
2,31087,"P_age_00_14","Population 0-14",3.15414472424891e-05
2,31087,"P_migrants","Migrants",4.44217112089973e-05
2,31087,"P_university_studies","University degree",0.00018075191474054
2,31087,"P_read_write","Literacy",9.4699818873778e-05
2,31087,"P_cell_phone","Cell phone",7.09715895936824e-05
2,31087,"P_internet","Internet",0.0011173338862136
2,31087,"Current_income","Income",0.000271984987193719
2,31088,"P_age_00_14","Population 0-14",2.68958228843985e-05
2,31088,"P_migrants","Migrants",0.00011541537969606
2,31088,"P_university_studies","University degree",0.000211737482459284
2,31088,"P_read_write","Literacy",0.000111678193206899
2,31088,"P_cell_phone","Cell phone",0.000229502344154753
2,31088,"P_internet","Internet",0.00118087185546756
2,31088,"Current_income","Income",0.000492876511998475
2,31089,"P_age_00_14","Population 0-14",-2.2325200461637e-06
2,31089,"P_migrants","Migrants",0.00011070138134528
2,31089,"P_university_studies","University degree",-9.21886603464372e-05
2,31089,"P_read_write","Literacy",4.12712615798227e-05
2,31089,"P_cell_phone","Cell phone",1.38859113576473e-05
2,31089,"P_internet","Internet",-0.000868604460265487
2,31089,"Current_income","Income",-4.43657954747323e-05
2,31090,"P_age_00_14","Population 0-14",-0.00010061587090604
2,31090,"P_migrants","Migrants",0.000218222558032721
2,31090,"P_university_studies","University degree",0.000257279869401827
2,31090,"P_read_write","Literacy",0.000100872704933863
2,31090,"P_cell_phone","Cell phone",0.000164250421221368
2,31090,"P_internet","Internet",2.55524792009965e-05
2,31090,"Current_income","Income",0.000110711953311693
2,31091,"P_age_00_14","Population 0-14",4.78684487461578e-05
2,31091,"P_migrants","Migrants",0.000103846832644194
2,31091,"P_university_studies","University degree",0.00014374683087226
2,31091,"P_read_write","Literacy",8.67926646606065e-05
2,31091,"P_cell_phone","Cell phone",0.000164128956384957
2,31091,"P_internet","Internet",0.000248179800109938
2,31091,"Current_income","Income",0.000278235675068572
2,31092,"P_age_00_14","Population 0-14",0.000199181551579386
2,31092,"P_migrants","Migrants",0.000119955846457742
2,31092,"P_university_studies","University degree",0.000188657300896011
2,31092,"P_read_write","Literacy",0.000118118252430577
2,31092,"P_cell_phone","Cell phone",0.000277171115158126
2,31092,"P_internet","Internet",0.00123065535444766
2,31092,"Current_income","Income",0.000546702009160072
2,31093,"P_age_00_14","Population 0-14",-0.00042124991887249
2,31093,"P_migrants","Migrants",0.000148046499816701
2,31093,"P_university_studies","University degree",-8.19350389065221e-05
2,31093,"P_read_write","Literacy",-0.000126585509860888
2,31093,"P_cell_phone","Cell phone",-4.44957804575097e-05
2,31093,"P_internet","Internet",-0.000358616263838485
2,31093,"Current_income","Income",-3.48960602423176e-05
2,31094,"P_age_00_14","Population 0-14",0.000144198929774575
2,31094,"P_migrants","Migrants",0.000119917909614742
2,31094,"P_university_studies","University degree",0.000228098768275231
2,31094,"P_read_write","Literacy",9.48582091950811e-05
2,31094,"P_cell_phone","Cell phone",0.000235149316722527
2,31094,"P_internet","Internet",0.0011994622182101
2,31094,"Current_income","Income",0.000466960133053362
2,31095,"P_age_00_14","Population 0-14",-0.000698453222867101
2,31095,"P_migrants","Migrants",0.000108021537016612
2,31095,"P_university_studies","University degree",-8.0267243902199e-05
2,31095,"P_read_write","Literacy",-0.000108628046291415
2,31095,"P_cell_phone","Cell phone",-4.45054611191154e-05
2,31095,"P_internet","Internet",0.000360599340638146
2,31095,"Current_income","Income",-4.386638829601e-05
2,31096,"P_age_00_14","Population 0-14",5.20003377459943e-05
2,31096,"P_migrants","Migrants",8.26108298497275e-05
2,31096,"P_university_studies","University degree",-1.15434841063689e-06
2,31096,"P_read_write","Literacy",9.22916879062541e-05
2,31096,"P_cell_phone","Cell phone",0.000178250047611073
2,31096,"P_internet","Internet",0.000358019868144765
2,31096,"Current_income","Income",8.32737277960405e-05
2,31097,"P_age_00_14","Population 0-14",4.61228482890874e-05
2,31097,"P_migrants","Migrants",-1.74540073203389e-05
2,31097,"P_university_studies","University degree",0.000192880528629757
2,31097,"P_read_write","Literacy",0.000100350189313758
2,31097,"P_cell_phone","Cell phone",0.000142215940286405
2,31097,"P_internet","Internet",0.000362882274203002
2,31097,"Current_income","Income",0.000418616982642561
2,31098,"P_age_00_14","Population 0-14",0.000138221716042608
2,31098,"P_migrants","Migrants",0.000126097118481994
2,31098,"P_university_studies","University degree",0.000135603360831738
2,31098,"P_read_write","Literacy",0.000101896876003593
2,31098,"P_cell_phone","Cell phone",0.000237764717894606
2,31098,"P_internet","Internet",0.000341028033290058
2,31098,"Current_income","Income",0.00047542920219712
2,31099,"P_age_00_14","Population 0-14",9.54968636506237e-05
2,31099,"P_migrants","Migrants",0.000146173522807658
2,31099,"P_university_studies","University degree",0.000210897516808473
2,31099,"P_read_write","Literacy",9.51162874116562e-05
2,31099,"P_cell_phone","Cell phone",0.000250923942076042
2,31099,"P_internet","Internet",0.000862224318552762
2,31099,"Current_income","Income",0.000536983017809689
2,31100,"P_age_00_14","Population 0-14",-9.87893145065755e-05
2,31100,"P_migrants","Migrants",0.000251015735557303
2,31100,"P_university_studies","University degree",2.48427786573302e-05
2,31100,"P_read_write","Literacy",6.8342182203196e-05
2,31100,"P_cell_phone","Cell phone",-0.00047039712080732
2,31100,"P_internet","Internet",-0.000244678027229384
2,31100,"Current_income","Income",-3.93421432818286e-05
2,31101,"P_age_00_14","Population 0-14",-5.54708822164685e-05
2,31101,"P_migrants","Migrants",0.00033684226218611
2,31101,"P_university_studies","University degree",-3.3586718927836e-05
2,31101,"P_read_write","Literacy",-0.000156338006490842
2,31101,"P_cell_phone","Cell phone",-0.000457702146377414
2,31101,"P_internet","Internet",-0.00139059871435165
2,31101,"Current_income","Income",-4.53961329185404e-05
2,31102,"P_age_00_14","Population 0-14",6.97453069733456e-05
2,31102,"P_migrants","Migrants",7.90235135355033e-05
2,31102,"P_university_studies","University degree",-9.4513910880778e-05
2,31102,"P_read_write","Literacy",8.91443269210868e-05
2,31102,"P_cell_phone","Cell phone",6.93010370014235e-05
2,31102,"P_internet","Internet",-0.00092190905706957
2,31102,"Current_income","Income",-3.78937002096791e-05
2,31103,"P_age_00_14","Population 0-14",4.9068323278334e-05
2,31103,"P_migrants","Migrants",0.000164187949849293
2,31103,"P_university_studies","University degree",0.000247044517891482
2,31103,"P_read_write","Literacy",9.65207000263035e-05
2,31103,"P_cell_phone","Cell phone",0.000162036347319372
2,31103,"P_internet","Internet",-0.000247706397203729
2,31103,"Current_income","Income",0.000513887614943087
2,31104,"P_age_00_14","Population 0-14",0.000184932403499261
2,31104,"P_migrants","Migrants",0.000115488190203905
2,31104,"P_university_studies","University degree",0.00022067769896239
2,31104,"P_read_write","Literacy",0.000111565866973251
2,31104,"P_cell_phone","Cell phone",0.000254257640335709
2,31104,"P_internet","Internet",0.00121006683912128
2,31104,"Current_income","Income",0.000542008259799331
2,31105,"P_age_00_14","Population 0-14",-0.000152979962876998
2,31105,"P_migrants","Migrants",0.000200931943254545
2,31105,"P_university_studies","University degree",-2.9759405151708e-05
2,31105,"P_read_write","Literacy",-0.000155392190208659
2,31105,"P_cell_phone","Cell phone",-4.2723895603558e-05
2,31105,"P_internet","Internet",-0.001315021305345
2,31105,"Current_income","Income",-1.60937452164944e-06
2,31106,"P_age_00_14","Population 0-14",-6.20570936007425e-05
2,31106,"P_migrants","Migrants",4.3821899453178e-05
2,31106,"P_university_studies","University degree",3.36515404342208e-05
2,31106,"P_read_write","Literacy",7.35784560674801e-05
2,31106,"P_cell_phone","Cell phone",3.48204084730241e-05
2,31106,"P_internet","Internet",0.000230824574828148
2,31106,"Current_income","Income",-2.4264834337373e-06
2,32001,"P_age_00_14","Population 0-14",-2.17184824577998e-05
2,32001,"P_migrants","Migrants",-4.86093849758618e-05
2,32001,"P_university_studies","University degree",0.000147133250720799
2,32001,"P_read_write","Literacy",-4.17510309489444e-05
2,32001,"P_cell_phone","Cell phone",-5.52321362192743e-05
2,32001,"P_internet","Internet",0.000350393005646765
2,32001,"Current_income","Income",-0.000160773168317974
2,32002,"P_age_00_14","Population 0-14",0.000183889642357826
2,32002,"P_migrants","Migrants",-7.02061806805432e-05
2,32002,"P_university_studies","University degree",0.000197802888578735
2,32002,"P_read_write","Literacy",-0.000142664954182692
2,32002,"P_cell_phone","Cell phone",0.000230274541536346
2,32002,"P_internet","Internet",-0.00123171997256577
2,32002,"Current_income","Income",0.00033552831155248
2,32003,"P_age_00_14","Population 0-14",-0.000147027021739632
2,32003,"P_migrants","Migrants",-0.000363484403351322
2,32003,"P_university_studies","University degree",0.000130421452922747
2,32003,"P_read_write","Literacy",-0.000114131857117172
2,32003,"P_cell_phone","Cell phone",0.00024885663879104
2,32003,"P_internet","Internet",-0.000918242032639682
2,32003,"Current_income","Income",-0.000126266022562049
2,32004,"P_age_00_14","Population 0-14",0.000115466100396588
2,32004,"P_migrants","Migrants",-0.000300146348308772
2,32004,"P_university_studies","University degree",0.000244367780396715
2,32004,"P_read_write","Literacy",-0.00013861752813682
2,32004,"P_cell_phone","Cell phone",-0.000203828749363311
2,32004,"P_internet","Internet",0.000511609017848969
2,32004,"Current_income","Income",0.000145063022500835
2,32007,"P_age_00_14","Population 0-14",-1.86048941941408e-06
2,32007,"P_migrants","Migrants",9.85217702691443e-05
2,32007,"P_university_studies","University degree",-8.31118304631673e-05
2,32007,"P_read_write","Literacy",-0.000161520554684103
2,32007,"P_cell_phone","Cell phone",0.000150484644109383
2,32007,"P_internet","Internet",-0.00100781919900328
2,32007,"Current_income","Income",-0.000144489735248499
2,32011,"P_age_00_14","Population 0-14",-9.0923065727111e-05
2,32011,"P_migrants","Migrants",-0.00107333424966782
2,32011,"P_university_studies","University degree",7.0170994149521e-05
2,32011,"P_read_write","Literacy",-6.49262583465315e-05
2,32011,"P_cell_phone","Cell phone",4.45770201622508e-05
2,32011,"P_internet","Internet",-0.00153402972500771
2,32011,"Current_income","Income",3.98116435462725e-06
2,32014,"P_age_00_14","Population 0-14",1.19529095172766e-05
2,32014,"P_migrants","Migrants",-2.80162481658408e-07
2,32014,"P_university_studies","University degree",0.000169419683516026
2,32014,"P_read_write","Literacy",-0.000135825350298546
2,32014,"P_cell_phone","Cell phone",0.000230391320656054
2,32014,"P_internet","Internet",0.000478525704238564
2,32014,"Current_income","Income",0.000104900398582686
2,32015,"P_age_00_14","Population 0-14",-0.000145983911352232
2,32015,"P_migrants","Migrants",-0.000326972949551418
2,32015,"P_university_studies","University degree",0.000327575689880177
2,32015,"P_read_write","Literacy",-2.76589398708893e-05
2,32015,"P_cell_phone","Cell phone",0.000217783817788586
2,32015,"P_internet","Internet",-0.00147251051384956
2,32015,"Current_income","Income",6.88014843035489e-05
2,32018,"P_age_00_14","Population 0-14",-4.81600472994614e-05
2,32018,"P_migrants","Migrants",-0.000248172058491036
2,32018,"P_university_studies","University degree",0.00019793761020992
2,32018,"P_read_write","Literacy",-4.21319018641952e-05
2,32018,"P_cell_phone","Cell phone",0.000238739507040009
2,32018,"P_internet","Internet",-0.00144637119956315
2,32018,"Current_income","Income",-2.63994006672874e-05
2,32019,"P_age_00_14","Population 0-14",8.34094389574602e-05
2,32019,"P_migrants","Migrants",-4.52550521004014e-05
2,32019,"P_university_studies","University degree",1.73435655597132e-05
2,32019,"P_read_write","Literacy",-0.00010562026000116
2,32019,"P_cell_phone","Cell phone",6.50054062134586e-05
2,32019,"P_internet","Internet",-0.000993582187220454
2,32019,"Current_income","Income",-0.000148173203342594
2,32022,"P_age_00_14","Population 0-14",8.14866070868447e-05
2,32022,"P_migrants","Migrants",-0.000100696539448109
2,32022,"P_university_studies","University degree",2.6082772819791e-05
2,32022,"P_read_write","Literacy",-0.000132808345369995
2,32022,"P_cell_phone","Cell phone",9.01004750630818e-05
2,32022,"P_internet","Internet",-0.0010194918140769
2,32022,"Current_income","Income",-0.000161267569637857
2,32023,"P_age_00_14","Population 0-14",-0.000103167818451766
2,32023,"P_migrants","Migrants",-0.00020579072588589
2,32023,"P_university_studies","University degree",-0.000276036647846922
2,32023,"P_read_write","Literacy",-7.51554471207783e-05
2,32023,"P_cell_phone","Cell phone",-3.87968066206668e-05
2,32023,"P_internet","Internet",-0.00145321106538177
2,32023,"Current_income","Income",-0.00056721776491031
2,32026,"P_age_00_14","Population 0-14",5.54032521904446e-05
2,32026,"P_migrants","Migrants",-6.11685318290256e-05
2,32026,"P_university_studies","University degree",0.00015312124742195
2,32026,"P_read_write","Literacy",6.38960191281512e-05
2,32026,"P_cell_phone","Cell phone",0.000200988157303073
2,32026,"P_internet","Internet",0.000730659521650523
2,32026,"Current_income","Income",-0.000135823749587871
2,32027,"P_age_00_14","Population 0-14",0.000115947012091056
2,32027,"P_migrants","Migrants",0.000100538178230636
2,32027,"P_university_studies","University degree",0.000156439360580407
2,32027,"P_read_write","Literacy",6.31500224699266e-05
2,32027,"P_cell_phone","Cell phone",0.000168202459462918
2,32027,"P_internet","Internet",0.00111966417171061
2,32027,"Current_income","Income",-1.78345017047832e-05
2,32028,"P_age_00_14","Population 0-14",1.50438891068916e-05
2,32028,"P_migrants","Migrants",-6.01487154199276e-05
2,32028,"P_university_studies","University degree",0.000261459674220532
2,32028,"P_read_write","Literacy",7.79412002884783e-05
2,32028,"P_cell_phone","Cell phone",0.000250424345722422
2,32028,"P_internet","Internet",-0.00125175411812961
2,32028,"Current_income","Income",0.000419023563154042
2,32029,"P_age_00_14","Population 0-14",0.000223820185055956
2,32029,"P_migrants","Migrants",-0.000165570236276835
2,32029,"P_university_studies","University degree",0.00016445571964141
2,32029,"P_read_write","Literacy",-0.000130463260575198
2,32029,"P_cell_phone","Cell phone",-9.53321723500267e-05
2,32029,"P_internet","Internet",0.000225475319894031
2,32029,"Current_income","Income",-0.00015846015594434
2,32030,"P_age_00_14","Population 0-14",-0.000130063490360044
2,32030,"P_migrants","Migrants",-0.000213456587516703
2,32030,"P_university_studies","University degree",0.000182291332748719
2,32030,"P_read_write","Literacy",-0.000126554747112095
2,32030,"P_cell_phone","Cell phone",-0.000240624576690607
2,32030,"P_internet","Internet",-0.00103039864916354
2,32030,"Current_income","Income",-0.00044738021097146
2,32033,"P_age_00_14","Population 0-14",-5.57634193683043e-05
2,32033,"P_migrants","Migrants",-0.000191642378922552
2,32033,"P_university_studies","University degree",6.39347490505315e-05
2,32033,"P_read_write","Literacy",2.54392853094032e-05
2,32033,"P_cell_phone","Cell phone",0.000152913708006963
2,32033,"P_internet","Internet",-0.00100099912378937
2,32033,"Current_income","Income",-4.49746803496964e-05
2,32034,"P_age_00_14","Population 0-14",1.25078922792454e-05
2,32034,"P_migrants","Migrants",-0.000155105910380371
2,32034,"P_university_studies","University degree",1.9614699340309e-05
2,32034,"P_read_write","Literacy",-0.000134141009766608
2,32034,"P_cell_phone","Cell phone",-1.25724818644812e-05
2,32034,"P_internet","Internet",-0.0013214215869084
2,32034,"Current_income","Income",-0.000129865104099736
2,32041,"P_age_00_14","Population 0-14",2.04815405595582e-05
2,32041,"P_migrants","Migrants",6.66828491375782e-05
2,32041,"P_university_studies","University degree",0.000200392707483843
2,32041,"P_read_write","Literacy",7.34363420633599e-05
2,32041,"P_cell_phone","Cell phone",0.00022903920034878
2,32041,"P_internet","Internet",0.00116200465708971
2,32041,"Current_income","Income",0.000409741594921798
2,32044,"P_age_00_14","Population 0-14",7.92379942140542e-05
2,32044,"P_migrants","Migrants",-3.53156319761183e-05
2,32044,"P_university_studies","University degree",4.33177701779641e-05
2,32044,"P_read_write","Literacy",-0.000108323227323126
2,32044,"P_cell_phone","Cell phone",0.000134716829052195
2,32044,"P_internet","Internet",-0.000105995692138094
2,32044,"Current_income","Income",0.00014142355939839
2,32045,"P_age_00_14","Population 0-14",6.25969005341176e-06
2,32045,"P_migrants","Migrants",-0.000205618576728739
2,32045,"P_university_studies","University degree",5.70175106986426e-05
2,32045,"P_read_write","Literacy",-0.000150776133523323
2,32045,"P_cell_phone","Cell phone",-1.21848734124796e-05
2,32045,"P_internet","Internet",-0.000308853283058852
2,32045,"Current_income","Income",-1.95590455405181e-05
2,32047,"P_age_00_14","Population 0-14",-0.000263250607531518
2,32047,"P_migrants","Migrants",-0.000124978250823915
2,32047,"P_university_studies","University degree",7.73800366005162e-06
2,32047,"P_read_write","Literacy",-0.000170180617715232
2,32047,"P_cell_phone","Cell phone",6.9428606366273e-05
2,32047,"P_internet","Internet",-0.000942510843742639
2,32047,"Current_income","Income",-0.000469825172331184
2,32048,"P_age_00_14","Population 0-14",4.14655078202486e-05
2,32048,"P_migrants","Migrants",-9.40895188250579e-05
2,32048,"P_university_studies","University degree",-8.35284008644521e-05
2,32048,"P_read_write","Literacy",-0.000138433097163215
2,32048,"P_cell_phone","Cell phone",-0.000106207888165955
2,32048,"P_internet","Internet",-0.000889002054464072
2,32048,"Current_income","Income",-0.000444465549662709
2,32052,"P_age_00_14","Population 0-14",0.000217021486605518
2,32052,"P_migrants","Migrants",-1.70128510035283e-06
2,32052,"P_university_studies","University degree",-1.45705889735837e-05
2,32052,"P_read_write","Literacy",-0.000144500867463648
2,32052,"P_cell_phone","Cell phone",0.000162399839609861
2,32052,"P_internet","Internet",-0.000102844256616663
2,32052,"Current_income","Income",-4.49723593192175e-05
2,32058,"P_age_00_14","Population 0-14",-3.25452456308994e-05
2,32058,"P_migrants","Migrants",-0.000143938494147733
2,32058,"P_university_studies","University degree",2.76141927315621e-05
2,32058,"P_read_write","Literacy",-9.2297610535752e-05
2,32058,"P_cell_phone","Cell phone",0.000223021357669495
2,32058,"P_internet","Internet",0.000363442464731634
2,32058,"Current_income","Income",2.79668938674149e-06
