Fold_ID,Observed_Value,Predicted_Value,P_female,Mean_age,P_age_00_14,P_age_15_39,P_age_65_more,P_migrants,P_afrodescendants,P_disability,P_indigenous_language,P_university_studies,P_read_write,P_electricity,P_car,P_cell_phone,P_internet,Mean_occupants,P_working,Current_income,P_poverty,P_extreme_poverty,P_vulnerable_income,P_educational_lag,P_lack_quality_living_spaces,bias_w
4,0.907432112,0.9039588570594788,0.18320966254811427,-0.26822268001362115,-0.5532370601913335,1.1638633238722298,-0.7967246638800743,0.03854082531391851,-0.11741757147235816,-0.23095653606369138,-0.655734269043203,2.6138925459333393,1.1966241199715335,0.5949549674252917,1.4110762598031439,1.1297555988266654,2.303755942059346,-0.22837787082463243,0.6700103195645501,2.5009220100138596,-1.6896099405458669,-0.9702279942472182,1.6894848384641568,-1.726179465773281,-1.1165085180397558,-0.8436266131245445
4,0.963928128,0.9178563356399536,-0.037033560969505004,-1.121897567413997,0.8914701212779031,0.9467387910777794,-0.9728569816485397,-0.14762486944059955,-0.3023155696052866,-0.7475678155545901,-0.6661101957941745,-0.3853044158321041,0.8796954969495252,0.39571407963601923,0.8744897402620346,0.610188689192368,0.5210118097270698,1.0526229402899951,0.3764850221056283,0.5327248383939928,-0.9394524806629589,-0.830956555541487,0.7469105252988544,-0.42647544536957344,-0.6552448644743066,0.1381302836460778
4,0.939364807,0.8997961282730103,-0.04988237694451077,-0.2988291615177318,0.22635390432960747,0.26230575991567373,-0.16210356457540634,1.2373551021015776,-0.2991163017403392,0.062820419191575,-0.6596736488765383,-0.18987206941481172,0.7433839296043467,0.40810430421051314,1.1340635652579911,0.7660105340024744,0.8717760374750506,0.24050882438864382,-0.1552388156028786,1.253519268751651,-0.6787270220451193,-0.804428662454681,-0.029327144366688585,-0.12004116413617875,-0.82821873456135,-0.6601132192033725
4,0.903254855,0.9003410339355469,-0.31471690704314303,-1.061710299504717,0.4105838775266043,1.2953122088745994,-1.332110431865732,0.22183333371597394,-0.0603380669777415,-1.0242152879344395,-0.6594688263579095,2.219516653668627,1.080770410219452,0.49331744889611323,1.6114952324057432,1.1443078873480819,1.9023228451868393,0.572759385603549,1.2357443187326946,1.8742518782389725,-1.5706825383693082,-0.8840123417150988,1.0518610383817464,-0.9442437136604811,-0.7458502249960912,-1.238648344128523
4,0.920119213,0.8735063672065735,-0.06934489809684526,-0.9471059863811967,0.45472362878814043,1.1887712908722157,-1.0263712954451858,-0.08432867666022432,-0.2108516088056705,-0.17818100386286895,-0.6614116698469312,1.1533776253883292,0.977152636568207,0.45362322857444765,1.1666517756252919,0.9005536040892202,1.5633121616003518,1.1278242143893906,0.4297841469110514,1.4871822355676965,-1.4517551361927499,-0.9105402348019047,1.7726531602140365,-1.145011001365119,-0.7540870759526173,-0.8403971840785456
4,0.774078727,0.8569688200950623,1.0267289596362754,-1.0424568210184304,0.9329256996101644,0.8002181287140833,-0.8060171330619305,-0.04889453204928573,0.6091912016435888,-0.16538575080028087,-0.6591832503429343,0.30892040917404845,1.0854425605941407,0.18505745137960586,1.2486552073033266,0.7739042864738463,0.21117129350731942,0.8185384958966124,-0.14887369847556156,0.041885985568319226,-0.6787270220451193,-0.9503320744321136,0.4142372382993362,-1.176711099423746,-0.9929557536918676,-0.08237553262346864
4,0.889032753,0.8947132229804993,-0.7666506597142803,-0.8624572831106653,0.5170639882814672,0.831205955599221,-0.920131111114965,0.0704387278984011,-0.25427852514908544,-0.13303270430192504,-0.6656713071105327,-0.208232505947665,0.8184487512656983,0.16097930528408683,1.0585580826700736,0.6336318848440731,-0.09270461067426347,0.6156499236594584,0.08349204792113088,0.24996125570153685,-0.9165818263982362,-0.7845327426395765,0.4142372382993362,-0.4793089421339518,-0.5975869077786256,-0.3746964122612298
4,0.793941642,0.8861834406852722,-0.38269113037322716,-1.6446759519462635,1.1255851038427047,1.7684884007696793,-1.6616078721440657,-0.08125549872949042,-0.26333774192415615,-1.2035532582924353,-0.6556011861082194,0.2994578106183261,1.088769645774466,0.49623852868591684,0.9586665848366216,1.0813262947349793,1.275830163531482,0.3203606220220085,1.4028572095534633,1.6301718185969953,-1.044657490280684,-0.7115810366508601,2.7706730212125916,-0.828010020778849,-0.6717185663873585,-0.022581132718260233
4,0.894204012,0.9031258821487427,-0.6122891365586132,0.12708315160772832,-1.0181345197853289,0.992836701214688,-0.6013473028182857,1.4913361990290104,-0.08492086471795003,-0.6354516747680267,-0.5058628701739396,2.0751084089842684,1.1245036844872989,0.0800225471071831,1.850872273915597,1.1294748785981592,2.2925710695247625,-1.1072132368983105,0.5124791797931498,2.451521714269707,-1.7536477724870905,-0.9635960209755167,0.4419600122159626,-1.3563449884226324,-0.7376133740395654,-0.5647834227827785
4,0.874879976,0.8802838325500488,-0.9840861419761827,0.22145731682589692,-1.2607091924657325,1.0782291630272887,-0.667048056848929,2.2266056389063316,-0.20280042394360528,-0.7958828699902004,-0.6407396299830102,2.3251270192802584,1.2097405316954697,0.4207681976980921,2.1421265145423454,1.0971607963025034,2.40682198935756,-1.0986890419935569,0.6736842390756381,2.903443551141814,-1.8497045203989266,-1.0299157536925316,0.7469105252988544,-1.5676789754801457,-0.8117450326482983,-0.41077354678289796
4,0.924704906,0.9005271792411804,-2.520781975405213,-0.007893555697474755,-0.9411657271310985,1.0193003061791837,-0.8381249723463168,3.5696349768299016,-0.08903997783988754,-0.8719441637473418,-0.6218864119183365,1.140594296340703,1.152737389834455,0.1202968113491845,2.136749002626522,1.0754556853141157,2.2327329709731476,-0.7571311389258073,0.6771902981871369,2.7421762539704404,-1.8085373427224254,-1.0232837804208301,0.3865144643827095,-1.3457782890697567,-0.7046659702134619,-0.7003342365256439
4,0.887749067,0.8818978071212769,-0.9667722150418774,-0.26626158860310617,-1.0053732340910944,1.6965881325100123,-1.189494293463307,3.527765803027503,-0.07343923162524957,-1.015044575719635,-0.6231109206141534,1.5390099493289204,1.2335112549904856,0.2523728059776653,1.4643790814387252,1.1649864390302944,2.6898399527089025,-0.7517816793004846,1.108651661453444,3.2836757126589005,-1.6896099405458669,-0.9768599675189197,0.8023560731321076,-1.2612446942467512,-0.7705607778656689,-0.5853283194645914
4,0.883923083,0.8919318914413452,-1.2055732613713026,0.0703546664295194,-1.0541895212808359,1.048812282608992,-0.7007246471867248,4.445763518349826,0.07586618695147604,-0.8406945612944293,-0.6001645889534432,0.8467774904971126,1.1552900077648718,0.3879548302304154,1.8654064047960153,1.1304173731366343,2.448804767554438,-0.7346179692184072,0.5388648793682242,2.1234595891148937,-1.3465501265750248,-0.9569640477038153,0.5251283339658421,-1.1978444981294973,-0.5399289510829443,-0.5548032758271197
4,0.951559948,0.9044048190116882,-1.2759287959405246,-1.4806734063982225,0.7003800845835227,2.0279411396555593,-1.5369785369407674,0.26885173142432817,0.17658271388182967,-0.5480599699178863,0.2529182273315735,0.09080555068183868,0.37037772134148067,-1.2777180558557104,1.241715123180538,1.0632064328396797,0.5138426998598871,-0.13944039235186334,1.515123653577213,0.6982495284138113,-1.1773072850160762,-0.8508524753565914,-0.22338656178307428,0.15469301903858845,-0.07042844656096932,-0.1739030396543935
4,0.93007491,0.93201744556427,-0.9755395668774404,0.29312931726792457,-0.7792752784783419,0.14664563154940408,-0.37668099586825615,-0.3998005523110263,-0.1970856260822826,0.02619284421641095,-0.6021998929059399,0.9349100133625966,0.8625958771509502,0.1101362309150692,2.011918854058892,0.9752036434554984,1.0740780928484275,-0.8606749647971238,0.3798745091456182,1.6306158228182208,-1.1773072850160762,-0.8176926089980839,1.0518610383817464,-0.8385767201317245,-0.6799554173438843,0.34966645584093636
4,0.942582237,0.922274649143219,-1.8246622097842122,-0.27177782990478977,-0.2686277074455353,0.7291821114646139,-0.8440028977934467,-0.23808319312689316,-0.08593273537653844,-0.23066029759845086,-0.3663395502824954,0.8952045039049821,0.8960856500557215,0.19512037597396817,1.6800050099203285,1.0381043523532199,1.3717749610552012,-0.8948175369902314,1.0759149292028434,1.9522035758610474,-1.6713134171340884,-0.8906443149868004,0.5805738817990953,-0.7963099227202219,-0.5728763549090479,0.11018046214962902
4,0.893478328,0.8981504440307617,-0.6297370276580369,0.3993874549832194,-1.3320082511788487,0.8237295452190272,-0.5178519239077284,0.36425499079843987,-0.017020025195941996,-0.039864138812415836,-0.6015690107367397,3.0982963874399863,1.1947132232527722,0.22865035206026985,1.895958464618678,1.1928953110149105,2.4415753083180616,-1.05076326717035,0.5189200624787502,3.1722030752294135,-1.8314079969871482,-0.9768599675189197,0.9132471687986138,-1.7050460670675294,-0.9435346479527124,-0.023052187202636173
4,0.950297137,0.95998382568359375,-0.1933523764317873,-0.12943417939602644,-0.3895318662162504,0.9563144537714703,-0.34053950314779574,-0.7272264982233877,0.21182252744000166,-0.3647417590313115,1.6244643446488967,1.738967473136164,-5.531266091841421e-4,0.3512802871789265,-0.6477427809245122,0.19859581573499305,0.18522339752274483,0.5178886965626069,0.8438679711004259,0.19182979620335114,0.09887522295545582,0.07762378268161674,0.5251283339658421,-0.7751765240144707,0.04488746683039285,0.7172446634676678
4,0.960773256,0.9586374759674072,-0.1823730039673597,-0.24918434124874164,-0.22344279655718383,0.8893450125505259,-0.5448189622217376,-0.7072932025146048,-0.2572321323530885,-0.6508930424297249,1.2740388563001352,1.6354706470853355,0.22591973729829162,0.35493118201329027,-0.7627229668522311,-0.02134914361409313,0.15713032721968478,0.46982195267175747,0.982009727777631,-0.22623832751127457,0.2772663262202939,-0.001959896578801054,0.6914649774656015,-1.1238776026593678,-0.33400767716979735,0.18063232461895534
4,0.92961928,0.9505331516265869,-1.1232116050254641,-0.2839630756543654,-0.11790559808166183,0.8256400708203785,-0.5654743900897231,-0.6473376302232121,-0.2205152102117007,0.22059193116126358,0.5801482848095939,0.5833462037667926,0.23558803601661343,0.5607083156996844,-0.69055117180422,0.10782605854961068,-0.6537830831457271,0.22429625069819684,1.1466584472088324,-0.06562646514266168,-0.3082224229566099,-0.39987829288089033,0.1092867252164441,-0.3842086479580705,-0.1116127013435987,0.41911259090092196
4,0.97591286,0.9761097431182861,-1.017317009674673,-0.9020734563064865,1.0170299921729986,0.20384438252775341,-0.819317109556539,0.4319955061190077,-0.14717364859142784,-0.3748347961186713,-0.30519880371686187,-0.4355049569024774,-0.06675844235778203,-1.8547669692348774,-0.6700477502439722,-0.9993536005053697,-0.9365236527891937,-0.24706291405635109,1.2887280942763224,-0.6009962754933781,0.9039222530736987,0.9530442545462129,-0.7501192661989786,-0.04607426866604913,0.7367829471785667,0.4876107948418102
4,0.456947162,0.7704464793205261,-2.293777713219473,1.9891209780741033,-1.7243030991886446,-1.8747132495888095,1.6087733566782785,1.242175430757589,-0.3404911216920082,0.31727072907454484,-0.6598001740803405,-0.0880255595139282,1.109929024229641,0.5577724410937188,1.539467896000003,0.7500182291544086,-0.9269914060289337,-1.876689512738605,-0.5401136392355069,1.9325074382958856,-2.270524558869826,-1.063075620051039,-0.6392281705324724,-1.2506779948938755,-1.1494559218658593,-0.15835724405431914
4,0.940622831,0.907553493976593,-0.4624426189024154,-0.16175604013324482,-0.08900362447827834,0.12484177111196887,-0.6214178002305908,1.065287605632799,-0.11747853944826889,-1.1899140261239092,-0.6650982146280612,0.49914765121320487,1.1452066272809256,0.5913574612684055,1.9436577321023802,0.8692086631619724,1.3362775251555947,-0.6210529392388283,-0.2575858478966554,1.2048764460474353,-1.6392945011634765,-1.010019833877427,2.29938586462994,-1.2823780929525028,-1.0917979651701781,-1.6636470352739885
4,0.714585165,0.8143743872642517,-1.0834212002685835,-0.28406749019475763,-0.1033615369882323,0.6596962945442157,-0.6359346919072046,-0.0851025202980526,0.796899099133633,-0.8824602099761083,-0.6547280635850786,2.3354545056872498,0.8891208559493133,0.420777503520171,1.662597124231499,0.73179359226783125,0.782697007443982,-0.5000740919807967,0.9603185123212478,1.0817401946243537,-1.447181005339805,-0.8906443149868004,0.1092867252164441,-0.8597101188374757,-0.8776398403005053,-1.598077340248817
4,0.925136945,0.9329375624656677,-1.589582190844826,0.6657924565010513,0.015144644462822794,-1.6333058487489545,0.6306515103611212,-0.12445259652481881,-0.23596106138257575,-0.2208967076366961,-0.6686218138388259,-0.5120932114818938,0.3082020930013369,0.5074902326760914,1.447465493834162,0.9200907956707007,-0.6808935078716545,-0.32860999026163656,-1.446851670704098,0.17520307912405111,-1.2459192478102445,-0.7977966891829795,0.4419600122159626,-0.0672076673718004,-0.696429119256936,-1.5869652266182936
4,0.828996155,0.8733841180801392,-0.7777228250516172,-0.2240059213732407,-0.044026988921745516,0.21728457352987515,-0.6624003297529572,-0.43885569733086205,-0.31604634950875793,-0.8014426765054942,-0.6655235232394505,0.4516915644156363,1.1966244833019017,0.4660086477658424,1.394686896515739,0.7369844557345172,0.7858333981178505,-0.3608278209811856,0.1309719179772602,0.745157417033645,-1.2321968552514106,-0.8243245822697856,3.6023562387113874,-1.4197451845398863,-1.1247453689962816,-1.973300276596182
4,0.936610303,0.9148341417312622,-0.7432670250581548,-0.02087027020153815,0.2716105004750223,-0.8103704668707126,-0.18956423277538836,-0.4982295484458084,-0.3404247825212995,0.01783554931354079,-0.6608098505289601,0.5362797781960446,0.9067413534947686,-0.2647191581956019,1.3497006008387644,0.6594337193229584,-0.05603161953403066,-0.6299784558888353,0.21534558601799664,0.9370389431480121,-1.2642157712220228,-0.6717891970206513,0.469682786132589,-0.954810413013357,-0.8776398403005053,-0.4293154602018712
4,0.965211684,0.9077872633934021,-0.8255689528917525,0.11608695956627207,0.11059535083752357,-0.6100868585174275,-0.01563019462881977,0.33832077601201715,-0.3142474186502313,-0.8324015004631334,-0.6676342230991532,-0.6651024434971665,0.9433502647804853,0.4284093130937151,1.70946854687985,0.8451106290486307,-0.07679517862446004,-0.650791304653924,-0.632347519845596,0.12542588538672592,-1.4426068744868605,-0.8508524753565914,0.13700949913307078,-0.8491434194846003,-1.0259031575179711,-3.3697870304837947
4,0.956822224,0.9206060767173767,-0.35857346961928616,-0.48365243402618313,0.16878656159185088,0.27872292444472846,-0.7589043609987978,-0.5602598929377297,-0.2928469911800296,-0.5557243861353708,-0.6623568677290276,0.981310539749325,1.0042002979058413,0.550925681662061,0.6708103876777981,0.7753753811497737,0.4023763658755918,0.17792168471869935,0.22276706374050353,0.8301166595385361,-1.3191053414573575,-0.8707483951716959,0.6637422035489748,-0.9759438117191083,-1.0176663065614453,-0.3451778646877813
4,0.828319722,0.8726499676704407,-0.707016186524683,-0.23633675552843217,-0.21060466510648426,0.40186951522378517,-0.7610851663666116,-0.4812630852505204,-0.28181073642294774,-1.1583783072069127,-0.6640201141252983,0.9757021796240668,1.2475095816432835,0.5696476720244948,1.3781121804948784,0.9281589594353584,1.6595516505980732,-0.25125448608450696,0.18307305192301251,1.5668704217485594,-1.7536477724870905,-0.9901239140623227,3.214237403878616,-1.6310791715973998,-1.0753242632571263,-2.408348113720656
4,0.956295176,0.9069604873657227,-1.511625639265023,0.13608365463307726,0.09188653597189625,-0.5583995919856792,0.2037586391307417,-0.6293161181572736,0.12092988482855709,-0.70949577375486506,-0.6678607370394224,-0.30498674565053,0.736083384815812,0.42199099009141655,0.8689998896090269,0.24047213054937225,-0.7207114316430431,-0.33149684311001354,0.32153447612933367,0.04920056442606169,-1.0766764062512957,-0.8972762882585018,2.881564116879098,-0.9865105110719841,-0.9023503931700829,-0.9374834382161145
4,0.869141814,0.8774495124816895,-3.238445989450065,0.7301039732435436,-0.6090632098737732,-1.0657644278461196,0.33984031508592183,0.7452579403439861,-0.25570497556653965,0.5222020094259215,-0.6373364149212003,-0.8681375380092585,0.2894856735496027,0.1345437032513293,1.657873092382849,0.5781434284505105,-0.5662700344251441,-1.156074114403411,0.004851101226992006,0.5772061556955445,-1.685035809692922,-0.8972762882585018,-0.22338656178307428,-0.26797495507643837,-0.47403414343073735,-1.1332313778537628
4,0.960230548,0.9272457957267761,-1.8158376692019236,-1.0861963907315242,1.4718535206107464,-0.2980200066732709,-0.7694451503344183,2.1156395122141185,-0.37169014473420703,-0.6557138024824594,-0.6686218138388259,-0.47634690784769873,0.6823251195182358,0.24059241266684608,1.8821787614322663,1.0228984577308828,-0.6599618724130851,-0.24609559441295212,0.20746294071768615,-0.6109987805268196,-1.6713134171340884,-0.7182130099225617,-0.777842040115605,-0.341941850546568,-0.7705607778656689,-0.6663062372563604
4,0.803304567,0.7982975840568542,-1.4588504767372739,-0.17360996557460848,-0.06820539705923115,0.01470767906137656,-0.48164356394360136,2.480628307614743,-0.33825792839217955,-0.6809511486625333,-0.6666922866522635,-0.7610300092200372,0.9835952214351409,0.08399277539818346,1.644130800254939,0.9203516430924605,0.5487012654871796,-0.48870104425993904,-0.14106693225499478,0.003617969573727947,-1.6713134171340884,-0.8508524753565914,0.02611840346656454,0.11242622162708593,-0.5399289510829443,-1.4509648153046897
4,0.888888889,0.8804230690002441,-0.4467759297004675,0.19297020063474668,-0.09652959285164191,-0.640507604765984,-0.12223409175053106,1.2567378908274138,-0.37169014473420703,1.3212808934909837,-0.6686218138388259,-0.4515926475808511,0.9854431908435468,0.3737134742368273,1.9249489621077565,0.7727710034847906,-0.8627077049190565,-0.845284844243226,0.3336042848191052,0.14875219411051827,-1.4288844819280269,-0.9834919407906211,-0.6115053966158459,-0.8174433214259732,-0.8776398403005053,-1.1759635900175964
4,0.970521542,0.902126133441925,-2.469443581934645,1.2643919913608936,-1.0241723693505176,-1.7536808866003828,0.8368032955114403,-0.5769040499593353,-0.3446368181231374,-0.830842490635337,-0.6635108638200209,0.15973661846964457,1.0163075783999236,0.46829533991307926,1.3246737050662778,0.7215272874017736,-1.0114735459791462,-1.021928773518413,-1.4804982062314314,0.7101978300083907,-2.018947361957875,-1.049811673507636,-0.0016043704500620234,-1.1872777987766217,-1.0835611142136523,-1.615991704361312
4,0.767562132,0.8533138036727905,-0.4306056151556481,-0.39199943630887013,-0.15054349821259563,0.5454542567428309,-0.7328749133474309,-0.5204418768241258,-0.24808606572588768,-0.35259798049755176,-0.6644361736340123,0.6016274048188099,0.952317845844814,0.5651149692856656,0.44212923233716367,0.8589832259347997,0.5633935092611336,0.31766019434579545,0.3671655078559187,0.8923976740152123,-1.4974964447221955,-0.9437001011604121,1.2736432297147586,-1.0287773084834866,-0.9847189027353417,-0.5727800808666489
4,0.922757206,0.8900709748268127,-0.4421733937222367,0.16187080614181854,-0.5678001689817463,0.07819607981478766,-0.4664669385147049,-0.3427945668948628,-0.2538399075347552,-0.4644694717773247,-0.6619417626840975,2.6058640416383074,1.2740824456591395,0.5683923980563054,1.6357350135621262,1.001985716207466,2.157974336063097,-0.5284695512562996,0.04564860507897747,2.1094215177643103,-1.7307771182223677,-0.9437001011604121,2.29938586462994,-1.8001463612434105,-1.1329822199528077,-3.393748989725449
4,0.85153885,0.8630004525184631,-0.45557757175685565,-0.06347008918095393,-0.15587941730163704,-0.06499712797456478,-0.40069613004428317,2.0774216310268128,-0.3316136708621749,-0.2518347002204216,-0.6670939853577853,0.32802875074023047,1.166218605732379,0.5638687129506058,2.019989195608029,0.8212034824047515,1.3107622641189622,-0.5904311682896014,-0.25538247202938114,0.8880697819375131,-1.7262029873694233,-0.9635960209755167,0.968692716631867,-1.3246448903640053,-0.9105872441266087,-0.6458741529146951
4,0.727940052,0.8206817507743835,-0.42884663451327015,0.47621122366378,-0.7898022287596819,-0.20695459114837533,-0.25296126943564856,-0.6980804690501257,-0.26478480195731785,0.9106346608607169,-0.6603479846623889,0.43589078769116285,1.1167319541180343,0.5142117405010445,1.5418467515252612,0.9588308616645982,-0.2813639797534976,-0.7264314682609093,-0.17547205824776677,0.765341683463135,-2.005224969399041,-1.0564436467793374,2.4657225081297,-1.6099457728916484,-1.1494559218658593,0.12331358154209793
4,0.832986205,0.8874719738960266,-0.7738477795079471,-0.6938066705311094,0.25222044141698685,0.6718214143284884,-1.1068369293527642,0.7143685325371962,-0.30062659428058336,-1.133596685658115,-0.6632491370781688,0.4245227550051785,1.179680617949249,0.5283228015814041,1.7625053666603743,1.0100945648504427,1.1757985930966135,-0.24654743799905887,-0.012758936478771759,2.1706104473241843,-1.657591024575255,-1.0033878606057256,2.7152274733793385,-1.3774783871283838,-0.8941135422135571,-0.7329789353938571
4,0.923030221,0.907595694065094,-1.1571466040884635,0.09981176778116746,-0.2963745240021303,-0.29543673820032584,-0.27610231620955333,-0.6551867605763323,-0.2246403659476363,0.47288595926496996,-0.6619626829014047,0.84391521287981,0.9529220545436368,0.502278737740012,0.8051389081248471,0.6127584023270701,0.592090930968019,-0.35207880365097294,0.44247397754234774,0.8824916916385586,-1.4014396968103595,-0.8906443149868004,2.5488908298795794,-1.3774783871283838,-0.9764820517788159,0.0778528251599901
4,0.923982147,0.8925907611846924,-0.9136122814247251,-0.48497548522691686,-0.22056586475703155,1.0024911576703677,-1.0537853909494457,2.6647065031633934,-0.23490850919962328,-1.2449877235928366,-0.6574479389557812,1.641453321802501,1.2334208881513573,0.5727248697973655,1.556421938860778,1.0951247926795753,2.293453346095039,-0.5801035712506439,0.712073200392566,2.257604019728809,-1.7399253799282568,-0.9901239140623227,1.6894848384641568,-1.3774783871283838,-1.1659296237789112,-1.3075919589252945
4,0.918184625,0.9135987162590027,-1.0065110659451295,0.3974867583299237,-0.36002587876698816,-0.5396856645583396,0.14891969353575085,-0.1630880591894552,-0.3617338420344366,1.0427259743230803,-0.6686218138388259,-0.7861909002872612,0.9208920309318507,0.6157882065374503,1.391624917696245,0.5111299634907079,-0.3839407335472151,-0.9023704657438997,-1.2964945274194992,0.7842472545060324,-1.5066447064280846,-0.9569640477038153,0.469682786132589,-0.5955426350155839,-0.9600083498657642,-2.0619950621680783
4,0.750267909,0.8258693218231201,-1.5900532733255432,-1.1000122511426722,0.04952482382464678,2.013068287570062,-1.642827725688476,-0.2228779924334457,-0.23146614661304935,-1.585711451141581,-0.6464035446281927,2.188696039579827,1.204273931978763,0.5515161204906049,1.171031974491397,1.0740456734062402,1.6551441366728914,-0.26307091191050685,1.4293961030006124,2.2539793641505663,-2.005224969399041,-1.010019833877427,1.7726531602140365,-1.5571122761272702,-1.0506137103875488,-2.5809300605699583
4,0.866442425,0.8776249289512634,-0.5272364801256196,0.04639582893478558,-0.4631001787892137,0.19954393489115974,-0.47798515242896583,0.05655208989377446,-0.026978199706997188,-1.2034596778058289,-0.6591961998560207,1.3032296912024284,1.2332754826912,0.572063747603653,1.5593109940803287,0.9200102786080948,1.841870558636412,-0.9856065748046781,0.18636802455644952,2.1159464493631868,-1.8314079969871482,-1.0166518071491286,3.1310690821287364,-1.4725786813042647,-1.174166474735437,-0.898120533895795
4,0.941319304,0.8980867862701416,-0.8814749351670399,0.05584389123295515,-0.3084761584879079,-0.33932978174435147,-0.42099248433443437,-0.6715512663165341,-0.32670345139796236,-1.0956352193327057,-0.6686218138388259,0.02212487109178621,1.0202946720610513,0.6038662722424992,1.2783337281591756,1.0709490360993938,-0.8404132085045928,-0.512828931442739,-0.2742680301875568,0.9516138643230164,-2.0143732311049303,-0.9702279942472182,0.3865144643827095,-1.1978444981294973,-1.1906401766484886,-1.39259434001814
4,0.904046557,0.8817862272262573,-0.5349926801956204,-0.37338432494806895,-0.37867494232177873,0.938139209255978,-0.9384158090162623,-0.2704246020395037,-0.008591256916319685,-1.3172693623757088,-0.6530992385608015,2.90127861005087,1.2483402292556465,0.6075095200167285,1.5672292840865358,1.0285229531738362,2.3738160122343763,-0.03907075032373487,0.6792390110810849,2.5267165409612335,-1.968631922575485,-0.9967558873340241,2.0776036732969283,-1.842413158654913,-1.1082716670832298,-0.4328805787366845
4,0.937649073,0.9030185341835022,-0.3202454212105716,-0.24628877297706464,0.13262483518818644,-0.10668452431464165,-0.41764126908499566,-0.4992467483948981,-0.23393284690172128,-0.39569600961762486,-0.6581529893621609,0.5188599675338333,0.8667318931376964,0.5112603137451832,0.4592929659301515,0.699793820800457,0.35125483872664864,0.35275752932480814,-0.16347049153713092,0.5553966315784223,-0.8799887795746798,-0.6319973573904424,1.467702647131144,-0.828010020778849,-0.96824520082229,-0.4501479809234273
4,0.963078292,0.9120277762413025,-2.2599159813120937,-0.6997936266616079,0.48227609217322925,0.19358171282716138,-1.1073343826669908,0.03074983386899729,-0.3245255984123571,-0.24223050961191944,-0.6557336715116091,0.1957079304601991,1.070194234083865,0.2828028877362053,2.0031137911702377,0.43073616354988703,0.11780551803618945,-0.5412781557519136,1.0410317365160304,0.33643084796931233,-1.6072755851928646,-0.9768599675189197,2.5488908298795794,-1.462011981951389,-0.3669550809959009,0.26457787094337715
4,0.944559741,0.9162194728851318,0.11136357684713472,0.05174983248112694,-0.708209516759687,0.48953340604176604,-0.5756421542573952,-0.36999038435247095,-0.14794426172061448,-0.6280396565600426,-0.6603799679143467,3.3636943209381776,1.2663642660892198,0.6199312979296054,1.0848948028170886,1.0344360349052975,2.096981983268871,-0.6757701093644173,0.46307597684437224,1.9234526938257632,-1.5844049309281418,-0.9238041813453078,2.105326447213555,-1.683912668361778,-1.1247453689962816,-1.0819047559342203
4,0.863875893,0.9099211096763611,-0.9618182093797036,-0.23028260070764808,0.1032231602184989,-0.14821485531425374,-0.3117302131741245,-0.5282769052471495,-0.26113256370161486,0.8306501791975743,-0.6656382063906483,-0.6648410275262371,0.7059575034279647,0.48014392341959744,0.1752022809840631,0.3558514703682132,-0.953172076834298,0.31501555052068536,-0.3153570293262111,0.01737106927093617,-0.7930802933687333,-0.6452613039338453,1.135029360131626,-0.28910835378218963,-0.8446924364744018,-0.14872515047978313
4,0.766968326,0.8363525867462158,-1.097334530175833,-0.21263335887215717,0.15756258027869227,-0.14221903500401797,-0.35153750298304265,1.044210724313242,-0.3588461600016496,0.2710091589998807,-0.6671648461796073,-0.5229138027324384,1.0329135454321932,0.2627912350922326,1.9325896460145016,0.8398610411607557,0.15233234053468178,-0.5330366910878948,-0.771502067136271,0.4461302263040917,-1.5569601458104745,-0.9370681278887107,0.8578016209653606,-0.9759438117191083,-0.6387711625612549,-0.6066275280577617
4,0.957322812,0.9095116853713989,-1.014667329879292,0.23296329012266184,-0.43010464486158356,0.0041146670131841,-0.021729882938275227,0.494456445536257,-0.26752493501558944,0.2317076357695066,-0.6463365111280087,-0.11899149936461353,0.3698912694165036,0.3633591638113638,0.3004766240424246,0.707397032067674,0.2935888159812431,-0.6688556993846043,0.24471304250039694,1.1502685231537146,-1.0172127051630167,-0.830956555541487,-0.029327144366688585,-0.09890776543042748,-0.2845865714306421,-0.5922518211338397
4,0.960521624,0.9137375354766846,0.31831531341928326,0.8442145269000865,-1.5353555694541416,0.40715429742879183,0.24708972957604866,0.4301980139917562,-0.08440808196091452,0.026307036274351284,-0.6440344343976065,3.1937029783830395,1.108248417510696,0.4881079478254012,1.107273702006041,1.0244115703621948,2.4264990643963635,-1.2768786914525638,0.061619832512583184,2.2275349139808194,-1.6301462394575876,-0.9569640477038153,0.719187751382228,-1.3880450864812595,-0.7458502249960912,-1.3378986228616967
4,0.81316652,0.8463999629020691,-0.8987355879798705,0.5532226244444572,-1.0976200651560455,0.4430486644909675,0.1308919401224139,0.32846342930503986,0.11971147590526476,0.7141251366746862,-0.6529695293968442,0.5051630421723967,0.9478995059901455,0.25351533439893115,0.5127538078675137,0.5444973503755323,1.173427403626217,-0.4944391145577996,0.10283042315203006,0.7555276274262793,-0.6512822369274519,-0.5789415712168304,-0.14021824003319472,-0.7117763278972165,-0.30929712430021983,-0.4186353959192724
4,0.889907376,0.8894592523574829,-0.9162143761733875,0.2826079527715824,-0.7962944982901353,0.542745016826164,-0.07483266166766457,0.17849033903829842,0.12032615224282833,0.6537707838139716,-0.6280182918323305,0.2605880446767928,0.5160467685173968,0.17734545490778506,0.47525276456997545,0.7231413608170221,1.1434201405850863,-0.6438142061870026,0.23251761786276343,0.5077843031433443,-0.7610613773981212,-0.6983170901074572,0.469682786132589,-0.33137515119369215,-0.4575604415176855,-0.30674887580440663
4,0.737007068,0.8359202146530151,-0.910179324398633,0.6663957064584874,-1.1771386759488625,0.11471840451985026,0.20817996465368188,0.5832981119256974,-0.2617213900823675,0.19125024096069088,-0.4980035603214266,0.797461122603012,0.8398024823582039,0.5129865487672073,0.9288499500979935,0.6498965131194336,1.3054483216557389,-0.6666394560954996,0.11474426337167828,1.8783352462528082,-1.4426068744868605,-0.9768599675189197,0.9409699427152403,-1.0921775046007405,-0.9847189027353417,-0.9061089657391458
4,0.827849902,0.9305350184440613,-1.6126891603773514,0.8736381836077719,-1.1995493263464359,-0.26421904933050744,0.38858604031243915,1.146673528588333,-0.3151967163107104,0.4805169747257174,-0.6423868785024056,-0.16647288861569454,0.35463816678299426,0.05977018632288554,0.3586081710850175,0.18849694217976076,0.5109198385199397,-0.8040414252151703,-0.3857774151726285,0.4012242093126728,-0.8616922561629017,-0.6784211702923527,-0.6115053966158459,-0.035507569313173684,-0.30106027334369395,0.3179163728948276
4,0.934733106,0.929355800151825,-0.5620359002344117,-0.10213003686470071,-0.7760151527927606,1.119490377696011,-0.8837790456736175,0.03485511571835921,-0.09991541880556985,-0.564275016801576,-0.6345769513619107,1.7695833697946972,1.0994719751732334,0.5380145924318743,0.6500974498134426,1.0264393333508357,1.825659914657729,-1.0345739005339845,0.8781793606425362,2.1507037984408846,-1.6438686320164213,-0.9967558873340241,1.1627521340482523,-1.2506779948938755,-0.7376133740395654,0.28227272690431504
4,0.923956602,0.8802582621574402,-1.4877631199685175,-0.277975559096948,-0.02426475623174868,0.7278573318961765,-0.52191248040734,0.4062000101409546,-0.1502141123172882,-0.8526449117108288,-0.6528626720072088,0.03581094258209356,0.6424620748306824,0.06485616492055965,0.8747525652132744,0.5148135762439083,0.044739975839485704,-0.26425517031036877,0.7688316190325407,1.1838813893009252,-1.4929223138692507,-0.8972762882585018,0.22017782088295035,-0.5215757395454543,-0.25987601856106457,-0.437116798225092
4,0.951326254,0.936974048614502,-0.5149364025017653,-0.281953770015453,-0.19310553749700965,0.709689906812345,-0.6852947963359325,0.03175607380589313,0.00922922261234193,-0.11344732656592532,-0.5904137570033571,0.3934306786448221,0.40717362593784784,0.43795147356340586,0.18566076497270403,0.787827012942229,0.4472664766770564,-0.31088285487168205,0.8216581228351609,1.4318186781608353,-1.0400833594277394,-0.7381089297376662,0.2479005947995768,-0.1834413602534329,-0.30929712430021983,0.22601616646993541
4,0.917682723,0.8852165341377258,0.43947087212393887,0.0653771968006558,-1.1750567663979625,1.3953952540852013,-0.919721252129615,0.3180841223113648,-0.07046979588828686,-0.5107626361639933,-0.6510171639895858,4.04859517247807,1.25234912597325,0.0512481745040994,1.3737765899829815,1.172977385041501,2.772701810289282,-1.3476342445039236,0.7891166096561278,2.2909218023252675,-1.8862975672224829,-1.036547726964233,0.8578016209653606,-1.8318464593020378,-1.0259031575179711,-0.7415154670875506
4,0.993164388,0.9720662236213684,-0.7033179018882563,-1.0984545153317233,1.4490607834809586,0.0014863175851559513,-0.7680927866104255,0.11067484914231979,0.44571732296333255,-0.7849862014234114,-0.6452373426403558,-0.5792846195456863,-0.007288454408361776,-0.06435397831338895,-1.0395688050805227,0.3800503690757201,-0.15001082097768656,1.0055894640786316,0.8861446462272217,-0.7244772506907032,0.7484018040735834,0.32963876700627326,-0.8055648140322316,0.4188605028604802,-0.22692861473496104,0.7255919098576724
4,0.964128947,0.968694806098938,-0.12952213610909083,-0.597437726990577,0.5771378116847312,0.19197799135237378,-0.6641851686288734,-0.6914920766694176,-0.2944775700262459,-0.6196684863884335,-0.3265725148367593,-0.01151566590285672,-0.8986661372658723,0.27823232836359196,-1.0127523714516742,0.2696899065441597,-0.9677700777854865,0.577391377608529,0.3738899582461962,-0.4957010880983299,0.7712724583383062,0.7607170296668699,-0.05704991828331502,0.7041613853881232,1.2227571536135935,0.4606637569708187
4,0.966950444,0.9627594947814941,-0.0373521491558971,-0.3309485913814932,0.44488621119779714,-0.022430174786158833,-0.35771013543328073,0.2717343193618994,0.29156409451218845,-0.38312192597447203,-0.6607784559130898,-0.3085382017860405,-0.49940489280862893,0.25657635337850176,-0.8446138461563533,-0.2877196507698479,-0.9677017513498983,-0.24336414611148763,0.6643278937897313,-0.8631113637403631,-0.12525718883882753,-0.32029461362047246,-0.7223964922823519,0.5879276925064911,-0.08690214847402102,0.7884408126287957
4,0.994634956,0.9897985458374023,-0.6134146996811697,-2.0048843909994845,1.8670744533617094,1.5129440589355923,-1.4840531907819376,-0.7649894395448527,-0.1500605259692746,-2.1998467583099077,1.7174543287636752,-0.7217748339714325,-1.199430217011984,-0.4479036626150703,-1.2394096183862113,-1.6942635026432264,-1.3058982882427244,1.9501901352220419,1.482511117143262,-1.4600598713316972,1.5534488341918256,1.8549926194976152,-0.44516875311608667,1.8242315167929446,-0.07866529751749517,1.032221934194885
4,0.987842689,0.9920030236244202,-0.9022551476237272,-1.8461520184711144,1.9264501455724874,1.0857151671974041,-1.2969823503215168,-0.7583152244682032,-0.2686638620708169,-1.3365555869534342,0.5159642839617473,-0.8806155936371843,-0.6149188304475092,-0.9792166956206483,-1.595880168941844,-2.383742706265263,-1.1053108025038727,1.5144210043830575,1.5265830518091148,-1.5495952070317427,1.3613353383681546,1.43054633010872,-1.0273470053652438,0.7358614834467507,0.5720459280480492,0.8376223973587806
4,0.98572554,0.9628580808639526,0.23463866807960398,-0.9913194495945374,1.3180407522593884,0.09848193679935659,-0.7159104207788036,1.1469440951618182,-0.3381514900278085,-1.2885898690062856,-0.5353314336348326,-0.6886456201930276,-0.6431238822896487,0.22041086928909767,-0.8296943070780477,-0.28879611446100784,-0.541644870239138,1.2242833369554273,0.888689126259404,-1.3005511250406627,0.8993481222207538,0.23679114120245232,-0.7223964922823519,0.5984943918593666,-0.4163761867350561,0.8344622944232332
4,0.992112027,0.97852623462677,0.9083741188890914,-1.797208423628162,1.7723948920204151,1.1307942679973408,-1.315096326266761,-0.7722937398504504,-0.36324467259933774,-2.373578868709719,1.8007763310294336,-0.9365560777721474,-1.674043275308568,-0.0701426687907046,-0.9838735898858825,-1.9585018678945914,-1.521120949480153,1.6857163666119261,0.8882761841561563,-1.2698504853382593,1.539726441632992,1.7422490738786898,-0.19566378786644772,2.500500275376987,1.7663893167443012,0.9087236749070963
4,0.988668733,0.9815990924835205,-0.5580991011387921,-1.3288796883137182,1.3108759139560306,0.8167862229273454,-1.0812319257427765,0.12213551028909705,-0.3423576715148419,-1.400229215514274,-0.4753673595187365,-0.41401535239793386,-1.0115805571691754,-0.04166111626137545,-0.8147141816289587,-0.3772322008547233,-0.4752954288458591,1.6382615440425938,0.7959713771182784,-0.9226879053001763,1.1143322723091482,0.8403007089272877,-0.8887331357821112,1.042295764680145,0.41554575987405734,1.005051119685705
4,0.980312288,0.9708026051521301,-0.4228459474591306,-1.287935055213615,1.7033161906195058,0.38775368269874155,-0.7311724177476834,-0.6221845472499918,-0.33934736924798814,-1.2226072475914316,-0.6396507423265012,-0.9790014573740013,0.07905107459157171,0.3933032015109676,-0.971440295232694,-0.1675139829529446,-0.9602613036357794,2.3730290955764133,0.2771744740797372,-1.5310748073526002,1.5214299182212143,0.8071408425687803,-0.8887331357821112,1.0528624640330209,0.176677082134807,0.8734830656389038
4,0.982388252,0.96418297290802,-0.4462795714733319,-0.9015468447302583,1.3788663886355146,-0.2292933460029976,-0.5990089915197053,-0.07329801786052656,-0.3354049308462275,-1.2108440544540846,-0.6058542662470701,-0.7927603309551421,0.3001803697762449,-0.09903708549328072,-1.12450652163819,-0.8708767802152958,-0.9105500219895141,1.8346801966239406,1.006859663403926,-1.4800501731842133,1.0045531318384784,0.19699930157224355,-0.11249546611656815,0.5350941957421128,-0.22692861473496104,0.9120772498611921
4,0.995221027,0.9882503747940063,0.4839219430121903,-2.366401972741615,2.608310472240196,1.1915407151027746,-1.633304946758207,-0.7691636797786785,-0.28988351611470287,-2.230929169500466,2.2702855718325887,-0.8918294387660494,-1.4507119102325787,-0.07377846386478695,-1.5201189899325,-1.3952815611860325,-1.2335892765201388,2.541376661905698,0.0805822001812959,-1.5098655622343604,1.6312090586918833,2.0539518176486595,-0.6946737183657254,1.5917641310296795,1.6016522976137837,1.0409854152716183
4,0.986510217,0.9698705673217773,0.14678454191854642,-0.7467355633579837,0.7590520142709387,0.38953898549701516,-0.5970985563954169,2.0712775577552747,-0.2975334725824365,-1.2226530404112632,-0.4602783479721048,0.1735296934192536,0.058160501311485945,0.3046484742915606,-0.8650203168559469,0.5314343426208592,-0.5922066164521218,1.0397662346651697,0.641897297479752,-0.43697670370844605,0.7301052806618049,0.8601966287423922,-0.11249546611656815,-0.16230796154768165,0.2096244859609104,0.19761390174499469
4,0.960156649,0.9502676129341125,-0.9820064397443803,0.4461998104678616,-0.41311033716253576,-0.4058972642147881,0.2114610565591498,-0.6938397991834243,-0.3410349302729288,-0.05166564409355725,-0.5315196286149381,-0.1755599786580998,-0.37491439865938647,-0.07290487269626637,-1.0740221565776034,-0.4008974681339182,-1.07250142850835,0.015594510024016118,0.195497345841607,-0.46149253926922695,0.309285242190906,0.2036312748439449,-0.9441786836153643,0.3343269080374748,-0.06219159560444347,0.5653134259764225
4,0.957575612,0.962369978427887,0.783859202176656,-0.6467222715605271,0.05788435037166623,1.2340655499282633,-0.9172538842845323,0.14770420365610942,-0.270296185685896,-1.2996976976632642,-0.4498682253021405,1.2852804488538567,0.24860168669990682,0.46105395598752735,0.14691031577808575,0.4770578705377024,0.3371864777473507,0.20083281614882278,1.3631937984473097,-0.14608223626083927,0.3733230741321294,0.13067956885522866,-0.3342776574495804,0.270926711920221,-0.8035081816917725,0.5162218065527804
4,0.984074519,0.9787825345993042,-0.9380291401019357,-0.8662594937065152,0.8536838351656346,0.4536250359360376,-0.802632237745007,-0.19905405262471856,0.15692130771642193,-0.7077765610937973,-0.3520810246765762,-0.4608570036885966,-0.9726694326551593,-0.22259202669877046,-0.7145514490972936,-0.3174910005958239,-1.04560876380328,0.9184850881895656,1.0236566414893646,-1.060741043882312,0.711808757250027,0.4423823126251985,-0.9719014575319909,0.7147280847409991,0.2343350388304881,0.9675901777779661
4,0.992425279,0.9846462607383728,-0.4421753848984028,-3.2202622505344327,4.131401148094064,0.5825164446010439,-1.9492784072874518,-0.7761422249619673,-0.35573368609016676,-2.085496969668962,2.332913572221101,-1.0972892214112875,-1.8899052192097172,-3.7538502640808318,-1.6207107190391188,-2.3155645512244365,-1.4991929777372432,2.00014979149959,0.3918152361441157,-1.837298911224954,1.7501364608684422,3.963960119898688,-1.082792553198497,2.511066974729863,3.973865373093236,1.0562843909474404
4,0.98167054,0.9793665409088135,1.977084908673334,-2.382190772338618,2.9039806958259304,0.7824786170326404,-1.4569915505323878,-0.7450929552981295,-0.33071374426891986,-2.5274598465707885,2.3270918074477294,-1.1096106636809584,-3.1021002640337976,0.20389557853561155,-1.27858736214967,-1.6749650065450017,-1.4802762784655648,1.8966412925967253,-0.3100460658033372,-1.3171456679010332,1.6312090586918833,2.365654561418629,-0.9164559096987377,3.123935537196652,2.1535213117010175,0.8603190201613077
4,0.99327387,0.9875051975250244,-0.18340684430487011,-3.1697816060554107,4.808656598451293,-0.5519094024286224,-1.5618723959722465,-0.7605848725601618,-0.3438136624714653,-1.969829735343738,2.333088231279963,-1.0136796631719818,-1.8185824060089648,-0.3621242836212299,-1.5930321147323772,-1.2735273478210096,-1.548090338703846,5.0951623911583965,0.15676457142609648,-1.8725021030506737,1.7592847225743309,3.4068743650757627,-1.0550697792818704,0.7569948821525017,3.3149172965711666,0.9402991096971576
4,0.989613899,0.9873805642127991,-6.124497830989531e-4,-2.6941518798615767,3.0859739538133346,1.130136958845552,-1.8030691715035014,-0.7669988759654053,-0.262392785938448,-2.8576809216256183,2.320281564397565,-1.034008634972426,-1.9678292913038504,-0.42986673088391525,-1.5438297080254977,-2.3433287322918033,-1.49835450759108,2.9063277685094775,-0.5168234506359562,-1.680114982067416,1.736414068309608,3.499721990879584,-0.9996242314486173,2.669567465022998,3.0348643640492865,1.0353301284079597
4,0.982900639,0.9734866619110107,-0.2365837774192096,-1.0589869165661976,1.2002197657895803,0.3415862182509538,-0.893897517441768,0.21060473319327472,-0.3444852752524813,-1.324480239058152,-0.6291793356286088,-0.5936409033438665,-0.6721877252928947,-0.025847679522771234,-0.8312840739838326,-0.1716918674116939,-0.6551318933052905,1.2064490079677,0.8377605755123245,-1.1297694517001757,0.9588118233090329,0.6413415107762431,-0.9164559096987377,0.9154953724456367,0.2508087407435398,0.9709446685759343
4,0.991862278,0.989470899105072,-0.0549710646788476,-2.539842670955582,3.16967091421982,0.5368053072655893,-1.692924101841706,-0.7723987577849972,-0.14029098452277353,-2.0865641486899325,2.2727349335644633,-0.6949144679413296,-1.4997805906884614,-1.4635741086515108,-1.5313975911390252,-2.261946738617994,-1.3931423181664124,3.2280703733119336,2.3708834898059106,-1.5296729306706776,1.658653843809551,2.4253423208639426,-1.0550697792818704,1.359296745266415,0.9509410720482394,1.0145242979936135
4,0.967503884,0.9730339050292969,-0.19036681095366773,-0.7297138624842091,0.9825239236635904,0.00515562652216561,-0.5086833256032068,0.08075593322873316,-0.32643099907825424,-0.8343351406998005,-0.6360185904108937,0.031811214050838234,-0.24098999808259053,-0.16744569825621164,-1.023866527671657,-0.3536288056655281,-0.6269077827255682,0.5899825363067287,0.33648335488767933,-0.8306705584255799,0.45108329863218705,0.23015916793075097,-0.5006143009493397,0.2286599145087181,0.16844023117828102,0.941883356056966
4,0.971235027,0.9681740403175354,0.3762532841982054,-0.9846697565242376,0.83977791387642,0.6857035830531875,-0.9520736120234128,3.9061135848885002,-0.33416431427236226,-0.6022519228729106,-0.5682488522956448,-0.15837654354337757,-0.0062020793578937625,0.23679098937453386,-0.4179775101721092,0.14469929609537535,-0.6796343234164366,0.8445029438226052,1.0219846172863687,-0.6171633608736867,0.7758465891912505,0.6745013771347506,-0.7501192661989786,0.49282739833060984,-0.33400767716979735,0.9013221190895704
4,0.966886507,0.9607440829277039,-0.22872583095626556,-0.8101251632238637,0.7937797744782756,0.3042243743190406,-0.8384190486497366,3.7478036061304154,-0.2635196498393001,-1.1609187115417519,-0.6540696069391256,-0.16942315846163739,-0.461476219000381,0.06745719413239282,-0.7687089468332711,-0.02867612218854529,-1.1267864707202215,0.618567825172217,1.0246597694232256,-0.6553982833859506,0.38704546669096296,0.19036732830054195,-0.3342776574495804,-0.035507569313173684,0.06959801969997055,0.3979634825770851
4,0.931439738,0.9571094512939453,0.14576379322568087,-0.5062244046236445,0.3448886619878353,0.36339411761799867,-0.6090512914634612,0.9311288757571684,-0.32356005980745606,-0.9679234353325071,-0.6514863909176725,0.6451783166585743,-0.3182112307596312,0.16539743616233174,-0.7853035235297394,-0.1974326253465717,-0.9433919524917342,0.3562458706013801,0.698515339043134,-0.33093231664404243,-0.20301741333888484,-0.2141830412732487,-0.5560598487825927,-0.0038074712545465962,-0.1280864032566504,0.4968625188299267
4,0.969096844,0.9888027310371399,-0.04447122026206428,-1.7243791503545591,2.153357047925654,0.4498165331228192,-0.9754389130240023,-0.7607362888344714,-0.2976706120185015,-1.7019742952305275,2.2700172626264417,-0.981673397435929,-1.0485878370235884,-0.32112100858289,-1.49181804655505,-1.4813813972047436,-1.5098598348322405,2.8430518569331644,1.5393833922433389,-1.511087263290278,1.6449314512507167,2.1666953632675843,-0.8055648140322316,0.9260620717985125,0.15196652926522933,1.0543932060547438
4,0.986878428,0.9850726127624512,-0.8210809027703009,-1.89586888278813,2.1172536953011427,0.9547802359877332,-1.2546412189824672,-0.741717892764947,-0.2908163868724148,-1.3628408964218812,1.5453559126144856,-0.8939226616538412,-1.3055727927969265,0.22259143753305996,-1.592785218887468,-2.387023215978134,-1.3571027473695003,1.7813873138790461,1.53415175573633,-1.526535484693365,1.5305781799271028,2.743677037905614,-0.8887331357821112,1.042295764680145,1.6098891485703095,1.0738069047163727
4,0.971638932,0.9607273936271667,-0.013860753942083187,-0.390096708107991,0.18783533542717873,0.5017910352204608,-0.5851359076738193,1.5302057694875948,-0.300383032519253,-0.761435932397813,-0.6402904844199762,0.5580536444275916,0.16456557627946253,0.18613793205092669,-0.7551875570930731,0.3372940055565592,-0.12479509333699501,0.0879550906944261,0.5779592452333941,0.05460399467939957,-0.1664243665153285,-0.28713474726196503,-0.08477269219994159,-0.15174126219480583,-0.27634972047411627,0.45468473565178213
4,0.98420565,0.9733859896659851,0.21242566214535946,-1.02360482712309,0.6502636475620519,1.1950818652865551,-0.9601356479763161,-0.1049904945124395,-0.3360963627214803,-1.861984884178321,-0.45524053271897186,-0.8652194869748695,-0.046528909330492016,0.42017084568591767,-0.5274182852445884,-0.408813549646137,-1.2531988676754129,1.2340188854069558,1.839555067377515,-1.0932094270990351,1.4162249086034888,1.1718993725123616,-0.9164559096987377,1.369863444619291,-0.6305343116047291,0.7258200858173298
4,0.911824546,0.9564833045005798,-0.2046892733811498,-1.5823198873184114,1.2151199572821842,1.66829094675025,-1.2339331948343757,-0.7709637597363166,0.057729279051134466,-1.4646315228748095,0.18036016845225747,-0.4845669656883045,-0.5076026210265345,0.36656354673769004,-1.1985763563641076,-0.6714165603440906,-1.2900141000717262,2.2545747024085063,0.9105430858589653,-0.9834024949466912,1.2058148893680394,1.60960960844466,-0.30655488353295396,0.5033940976834856,0.34141410126532457,0.6948424517621725
4,0.985900825,0.9835593104362488,-0.5514026402418686,-2.5267316320432025,2.921055606609825,1.1207047394296017,-1.5504102833987987,-0.7388822635205878,-0.23033037894405328,-1.589149627107849,1.7407810594110682,-0.3761862273369301,-0.578823411706829,0.35262009433679903,-1.2304500368274207,-0.9775232096955768,-1.2724270834081273,2.0950381526012385,1.580124728570355,-1.231329671909223,1.5534488341918256,2.2993348287016144,-0.8055648140322316,0.4082938035076048,-0.21045491282190917,0.9550041933288987
4,0.994465594,0.9709571003913879,0.21858851492090756,-3.046126453644967,4.07940740110484,0.30913448719040953,-1.7620811389503221,-0.7802279123432695,-0.3345985052523019,-2.2596783842482213,2.3328495062437873,-0.8990806463750194,-0.8181529018125846,0.2793729500463736,-1.3718989335541625,-0.6895286546324478,-1.391939852445921,3.3483871255601376,1.2114340218372952,-1.5600885987197066,1.6037642735742161,1.4836021162823319,-0.5006143009493397,1.0211623659743934,2.0958633550053363,0.7034909944326205
4,0.927561162,0.9431749582290649,-0.586814895610732,0.7367135841135563,-0.5385182413728659,-1.0251947599838045,0.3522967999031195,-0.6433573761183105,-0.23206974596303806,0.7419326177973767,-0.5215764993496695,0.21647678895846656,0.01338524622036454,0.07780454445974744,-0.820263061869344,0.013360498537894606,-1.0206773405035507,-0.7654679296254066,1.2085987632617852,-0.6809436939524715,-0.8159509476334561,-0.559045651401726,-0.9996242314486173,0.28149341127309646,-0.25987601856106457,0.7147839545197018
4,0.968783872,0.9695530533790588,-0.2863551694296213,-0.4877141485556566,0.5523352884606939,0.1120184013900914,-0.49280754467380766,0.27012913856915727,-0.32071114540494616,-0.8127811611873718,-0.6413684404308665,-0.1353799990940767,-0.19848770542981098,0.20801931100297635,-0.7972274891211371,0.2603501360702333,-0.6644801914161595,-0.08423256079990818,1.2886657520742664,-0.46681139728995064,0.4648056911910206,0.2633190342892584,-0.6669509444490989,0.7147280847409991,-0.34224452812632333,0.9254215203298591
4,0.990597545,0.9885818958282471,0.07587464765050281,-1.7753575648557005,1.5647657880510535,1.5469611283186329,-1.2884056174030207,-0.3133660255941522,-0.32362467739454404,-1.9840451892107784,1.0433623200558626,-0.6511011458581905,-0.9434635544313121,-0.2916136005913511,-0.932408265792794,-1.5373690671948097,-1.154097619395232,2.6606737477895406,1.9763991513361345,-1.223785277201985,1.5305781799271028,1.6162415817163616,-0.9719014575319909,1.1690961569146527,0.8191514567438255,0.8970533707892547
4,0.979116568,0.9554805755615234,-0.22757394909025214,-0.7882191257509785,1.5826309638216536,-0.3959943336621272,-0.1863005394299815,0.7394460134465584,-0.32340340125607314,-1.3617456146251812,-0.35248137655436046,-0.5537735489012027,0.3949932351799204,0.27401152983849647,-0.6797559038397168,-0.20991095206384575,-0.9340453865207969,2.2416671758587605,-0.3954662748329302,-1.1675787552591739,1.0045531318384784,0.05109588959481065,-0.6392281705324724,0.6301944899179936,0.6049933318741526,0.8482258905517077
4,0.937415929,0.9497580528259277,-0.4443966773645769,-0.31708350096815757,0.26041614891272596,0.07134291144066846,-0.4028153544276601,3.7178654600680243,-0.27577074632726833,-0.7769563292459147,-0.6501092700142053,-0.21090986948771387,-0.2146788030883924,0.31073131855425823,-0.8962158218516505,0.15684266230376223,-0.17977351854168722,-0.11526345538258527,0.9029900211823655,-0.5150460670454622,-0.19844328248594054,-0.2340789610883532,-0.6669509444490989,0.3343269080374748,0.6461775866567819,0.4164710682051087
4,0.979397366,0.9633495211601257,-0.017164331926411598,-1.2379361502117086,1.5576893098975886,0.16985402975824482,-0.8864347163543019,0.606258288375515,-0.34174222053611036,-1.7975444698846352,-0.5545108031239532,-0.22852893084724601,0.03085922890818806,0.31417457995622133,-0.8785931407694897,-0.25287505040799796,-0.4364900160872572,2.0755491620594233,1.109632332171326,-0.8584635680001665,0.48310221460279906,-0.3070306670770695,1.0518610383817464,0.01732592745120467,-0.14456010516970225,0.814471172552915
4,0.987675839,0.9914526343345642,-0.2526429450523175,-2.2779836278521355,2.5224351494256334,0.9697686424887412,-1.6402419495093712,-0.7169719692319807,-0.2637934392804994,-2.084648719558777,1.9059899567196263,-0.36670180157324517,-1.2611416029392597,-1.5582952667679184,-1.2647197110056698,-1.714491277936997,-1.158349473657592,2.8670823081357777,1.7936678332959635,-1.2571223643298008,1.45739208627999,1.9677361651165401,-0.8332875879488582,0.7358614834467507,0.9344673701351877,1.024113412323454
4,0.995303284,0.9906727075576782,-0.7624983395032838,-2.562540238479649,3.4888780030994706,0.1986120771014427,-1.5358867122905975,-0.7769683783999083,-0.20457167209958105,-2.436756243629468,2.2968424714846516,-0.6442663981933544,-0.5776642250349854,-3.2620517555369575,-1.64133885478441,-2.6186364081996105,-1.4645952023487205,3.828255238941964,0.6750151123695977,-1.8465926641785517,1.713543414044885,3.0354838618604796,-0.9164559096987377,0.3660270060961019,3.4796543157016844,0.9760256232039808
4,0.958076589,0.9767483472824097,-0.1623307864154029,-1.323191001897648,1.1630602496007292,0.8725112867820528,-1.2349011951301143,0.03570183036833013,-0.1822934745521224,-0.9042983166469191,0.9544918993033219,0.2938700116882469,-0.3486630475190088,0.04694520861949794,-1.0073546303997212,-0.3442118247938393,-0.6039071836469924,0.5895292744079126,1.5741872178478873,-0.35811769311256303,0.4236385135145199,0.3362707402779746,-0.6669509444490989,0.02789262680408049,0.2096244859609104,0.4719428812736481
4,0.994467811,0.9914693832397461,-0.07329258093429236,-2.7637350816088664,3.336693996977233,0.8184923962742287,-1.7237063320952961,-0.7768337843658111,-0.34280264204428595,-2.4666104393783534,2.246804020307479,-1.0475763525845805,-2.9200367588960883,-0.4214245339986008,-1.6027979451677359,-2.2256814543760552,-1.5322215952262783,3.5986034680543297,1.0243501062510545,-1.5942337183743491,1.6998210214860516,3.1283314876643,-0.8887331357821112,2.680134164375874,2.614784965266467,1.089389006984339
4,0.976759357,0.9705434441566467,-0.5514386981394951,-1.4321594605177974,1.938360139994846,0.2843146812851995,-0.765596132471763,-0.7216363030068247,-0.3015268041784394,-1.940960346029001,-0.4682233953288925,-0.8992907688927503,0.23505275550894403,0.3978138376893422,-1.2000677206848358,-2.190035525320773,-1.1492633449262584,3.1352796382923342,0.2014684099463389,-1.5159529244557968,1.5534488341918256,-0.16775922837133833,-0.7223964922823519,-0.04607426866604913,-0.07042844656096932,0.8821751272477604
4,0.972439515,0.9659703373908997,-1.663438741383276,-0.5258278025865254,0.49328145384727495,0.3759098786244323,-0.4946103036692565,0.08286456295141306,-0.25159935387340654,-0.49702537758608933,-0.6341251407232208,-0.2843933707951888,-0.3925264447307933,0.1853966564692779,-0.9243694771317333,-0.16206120152892653,-0.591027422276591,0.33053504596156025,0.7953034101669804,-0.6793818654392999,-0.2396104601624415,-0.1942871214581443,-0.8610103618654846,0.48226069897773444,0.11078227448259993,0.6691512648044623
4,0.992576596,0.9829702377319336,0.17880698241155746,-2.3327131227494164,2.51232396664271,1.209475579365716,-1.5056239049751847,-0.6592476035327375,-0.11041624485868753,-0.2654665015840838,0.6050347481221571,-0.4348322725961401,-1.1469277432951386,0.2683501585560075,-1.3907324482461811,-1.1692399396637063,-1.2053762322106496,1.8870702871122182,0.9018398039373218,-1.3872670798990974,1.4390955628682116,1.7820409135088986,-0.9164559096987377,0.9154953724456367,0.7862040529177219,0.971520636247038
4,0.983696972,0.9834043979644775,-0.04434790279400113,-1.061272276246192,0.789066306249691,1.1600223177996287,-0.9450039390277718,-0.6404797901856509,-0.30390332403908615,-1.4943509835211077,-0.2643736318690047,-0.21341453167045493,-1.6798381844427128,0.1298991664468835,-0.9172986865398772,-0.5730086693462936,-1.241155946510381,0.7479931452004954,1.3059342103831266,-0.6678248859998709,1.3247422915445977,1.4239143568370185,-0.5560598487825927,1.9721653077332038,0.05312431778691885,0.8481605385495006
4,0.99826023,0.989295482635498,-0.650067999617447,-1.787245930282586,1.8067242192523956,1.0726609497362598,-1.2543843728212927,-0.7592610957198358,-0.31855388440791244,-2.023405116387827,1.9441870624250477,-0.8094432980488829,-1.1235689989028421,-0.0031934984589658817,-1.6929586227496456,-2.966795880595776,-1.5145357455979156,1.7332079064232886,1.7716950935211904,-1.5445061648605145,1.4985592639564913,1.079051746708541,-1.0273470053652438,0.5773609931536153,0.2260981878739624,0.9969810469026598
4,0.982957464,0.9862895607948303,-0.40869651417675873,-1.3364224041664965,1.414938887813504,0.5754948960223113,-1.0998407715979819,-0.7537471524339107,0.14563511208039642,-1.8874169268659369,1.9609737585392277,-0.6486873507314909,-1.267007000321062,-0.5446785958929918,-1.5562192363045242,-2.4200856920386196,-1.2910738029343316,1.5274727315102918,1.9180238498731659,-1.1106515308123446,1.1783701042503723,0.9663082010896158,-0.9996242314486173,0.5667942938007399,0.7285460962220408,1.041333337817902
4,0.97244689,0.9469904899597168,1.0677122753245076,-1.0700992775188989,0.2288944386971374,1.834746438889777,-1.3676260320969689,-0.2532709834775466,-0.07078174379134992,-1.4504102830280932,0.7856094584168243,2.0701365303491266,0.15510559847220642,0.48602445234123387,-0.12325028633456156,0.7086106023955293,0.4072644843610668,0.9228074323880611,1.2978400356484687,-0.030392937624809064,0.24982154110262617,0.5551258582441237,0.053841177383190976,-0.1411745628419304,-0.3257708262132715,0.732403024400003
4,0.990168485,0.9726061820983887,-0.8534627573337983,-1.5767509250218563,2.030502201733843,0.24976919948743603,-0.9680809748128187,-0.46265786749759685,-0.3502608894328234,-1.9315975717975762,-0.6389324268269284,-0.7852428226697901,-0.6888568568244836,0.024750146054527623,-0.9216984620704103,-0.20158070908253423,-1.2035181210334354,2.933306417505884,1.1176480535601814,-1.4813159988832343,1.429947301162323,-0.17439120164303978,-0.5837826226992192,0.3660270060961019,0.2837561445696435,0.8936020131471722
4,0.992556909,0.9806181788444519,0.038116746123062636,-2.596434584180019,3.077662114103391,0.9380384731297017,-1.634176514127803,-0.7700663357845832,-0.3260441468043931,-2.304859969123371,1.9003642272673833,-0.6906037706247887,-1.740593427154756,0.29286104045780886,-1.4871486424723601,-1.4223084091806226,-1.3218798293643468,2.773900361814241,1.721396423275412,-1.339539843539272,1.5900418810153827,2.9360042627849574,-0.9719014575319909,1.538930634265301,1.0250727306569725,1.046160636401346
4,0.996713494,0.9927928447723389,-0.11412110638017033,-2.6779060667063774,3.2560317621778476,0.7937156118962754,-1.7335158175980976,-0.7744573262824278,-0.32971667818136996,-2.684157186288014,2.2820151001891045,-1.0290753478790773,-3.3471632679884262,-1.8587639220239225,-1.5994848646747646,-3.1123881678615657,-1.386586565159084,2.555506208554964,0.2814145017422587,-1.7403396043228063,1.6723762363683845,3.512985937422986,-1.0273470053652438,2.7963678572575064,3.0678117678753907,1.0710870446605552
4,0.964854389,0.9647988677024841,-0.23151286804348692,-0.6812422492684193,0.4931877187598819,0.6198731759301093,-0.7798639176380422,-0.5363862660694751,-0.20779557015528538,-0.522839424782068,-0.3123135943424862,-0.49160609401370736,-1.0386195266093998,0.41806725740046075,-0.5521570815841964,-0.40429770695256917,-0.7977918966642588,0.3035085622076869,1.0443187492917676,-0.9078969572266468,0.6066037476323023,0.17047140848543746,-0.25110933569970084,1.12682935950315,-0.4081393357785303,0.34715074719741873
4,0.987977539,0.955258846282959,-0.12635702614072736,-1.2603684081295352,1.025067793981045,0.9760417688855487,-1.1185172413855944,10.54298383250789,-0.08007412898720934,-1.1228284926227967,-0.6501155816163441,-0.47538638990751836,-0.47593586417299644,-0.0602277292193106,-1.0072932849902094,0.09208851231078187,-0.08810846181095737,0.26857626789027145,0.9248093444939656,-0.7463364150313164,0.09430109210251153,-0.08154357583921897,-0.5283370748659663,1.042295764680145,0.9756516249178171,0.3449723634782071
4,0.956681538,0.940109133720398,0.30060366597779126,-0.4773345312054187,0.006102340024837191,0.7996128780613387,-0.765869573729879,4.84326097205528,-0.17717745493967763,-1.0424835568936446,-0.5949721019124802,1.535995800200197,0.5085484814456039,0.36864479702892283,-0.4333875114243904,0.7413055463931052,0.3617004621829326,-0.010097128840424602,0.6155812277393158,0.0941635757481551,-0.0978124037211601,0.031199969779706377,0.5528511078824688,-0.33137515119369215,-0.08690214847402102,0.06425517667075369
4,0.994227814,0.9897420406341553,0.38370159696051886,-2.482477248908087,3.1806083922513144,0.5316262858710546,-1.5467625077743608,-0.765355499834513,-0.3314551195375076,-2.2474197119506387,2.3233726353319013,-1.0734482632077484,-0.9169074812378621,0.12922015308137438,-1.5380197225844012,-2.4477717619193067,-1.4968714296680308,3.351677258219748,0.07692887368573294,-1.5543864078620246,1.6678021055154395,2.0672157641920625,-0.7501192661989786,1.6023308303825552,1.9970211435270262,0.9166211601828123
4,0.987333077,0.9873238205909729,0.3988086708422013,-1.9206731972628022,1.9645585013893614,1.2000315122453022,-1.394318419054417,-0.6735029147211437,-0.29242982340822526,-1.7122319125472427,0.9329815114338433,-0.7059277372157394,-1.367994884189854,0.04959746844276194,-0.8153083832848,0.1455074321955032,-1.2457518721265006,1.7305377142766578,1.5005782378801629,-0.9875327453938242,1.4162249086034888,1.3575946241200036,-0.8332875879488582,2.183499294790717,0.2508087407435398,0.8062238022083259
4,0.995066164,0.9906610250473022,-0.6615486134315097,-1.6685949641030478,1.8264844334272694,0.8724899358705197,-1.0777554155122013,-0.7664973426207417,-0.3251904712752814,-1.854797308231716,2.3082849247230137,-0.7549343805628007,-1.2495859053816145,-0.7271695233521541,-1.6281341745066684,-2.521154318854216,-1.4572718312695276,2.2319096260357845,2.2726028451971816,-2.020938321713015,1.713543414044885,2.6110375724715844,-1.0550697792818704,0.6935946860352474,1.6181259995268356,1.053435609511894
4,0.97115518,0.9765069484710693,-1.0273484468304166,-1.3219133306829223,1.2054980290009205,0.7082092528015512,-1.1446448252043275,-0.7678144704108736,-0.3584767462058405,-1.016707336059288,-0.3281309044607928,-0.9858985218514543,-2.340116240204506,0.14733561294885694,-1.4596123006725907,-0.488584215273934,-1.314458624773777,1.1261968325731597,0.7143452433879754,-1.3432573447207108,1.5305781799271028,1.6162415817163616,-0.9441786836153643,1.5811974316768045,1.9887842925705002,0.649006019493505
4,0.986536078,0.9683231711387634,0.4729889703705717,-0.7305597451898871,0.6865214235860396,0.4320296652581356,-0.6580580906514556,2.4183697005493596,-0.32734937477202825,-1.5035808152415735,-0.23689045156061622,-0.7193476856098423,-0.31774478464566025,0.2141569982920071,-0.31015638953236047,-0.1593975132509716,-0.7493170407108409,0.7694422041843212,1.320072721760492,-0.8680082798614132,1.2424079361915956,0.9596762278179145,-0.6669509444490989,0.9366287711513883,-0.82821873456135,0.5421488723713073
4,0.991978961,0.9935212135314941,0.1970381575144008,-1.584539507753223,1.9303065676633309,0.4068965545744849,-1.0777975946854936,-0.763749021993611,-0.32992625148953475,-1.2386559334754528,2.3200804757677056,-0.7368131490902604,-1.6527558266721294,-0.6446111718716969,-1.595781506423723,-2.3602656455900237,-1.0335695188098384,2.4320914267433382,0.7863962370245505,-1.4747331536902857,1.6083384044271605,2.087111684007167,-0.7501192661989786,1.1585294575617775,1.4780995332658955,1.001718412888472
4,0.909784516,0.950783371925354,0.5101036136334013,-0.3609740794659762,0.2033957701638525,0.23384652942267603,-0.5433099792683737,2.4890874399859673,0.1719807904862605,-1.158160597369259,-0.6518425954495245,0.46190589237845753,-0.22589053136629825,0.21464230512341198,-0.5921216624873494,0.36418756055597473,-0.6926946198812618,0.49735913882087246,0.40413737410372996,-0.44424715792308545,0.18120957830845777,0.19036732830054195,-0.5837826226992192,-0.46874224278107596,-0.07042844656096932,0.5506128234379261
4,0.966602864,0.9604313373565674,-0.14231542265084435,-0.7209872039000592,0.8216628151663535,0.279489135500663,-0.6204107375446288,0.269079720086999,-0.3313156048845608,-0.7794461845286272,-0.6224530562105742,-0.3687480370696796,-0.004920740369445361,0.38402848708378434,-1.1538780022801707,-0.1414177862726959,-0.9815709663855298,0.6221689959118889,0.7809271358812935,-0.8152995551479235,0.3733230741321294,0.32963876700627326,-0.7223964922823519,0.05959272486270758,0.34141410126532457,0.5395964809097348
4,0.913345411,0.9363312721252441,-0.04077037554199679,-0.35359743970915825,0.00225253987563918,0.902640779848719,-0.5002199139278262,-0.2072215084937111,-0.35922146475456557,-0.3518627260912656,-0.5905070460111183,-0.45166000225630687,-0.8929560555304094,0.3267672338069404,-0.532991588938422,0.1311745123690033,-0.6431804442308369,-0.19615593938217626,1.0555702095967037,-0.7946657689168201,0.9313670381913658,0.28321495410436265,-0.6115053966158459,0.9788955685628908,-0.6717185663873585,0.67256824559253
4,0.979744992,0.9837855100631714,-0.5553674648033692,-0.687112245468427,0.437484542333087,0.6770977243724422,-0.7995862046962503,-0.6044347797529687,-0.30695936586553185,-0.945618274038614,0.2339650691251413,-0.23387102501768126,-1.404061213860329,0.10049155560597883,-0.9620982395879756,-0.506592722797599,-1.2254180729775785,0.253867748234994,1.305965540080313,-1.3619919327715835,1.1280546648679817,1.8152007798674061,-0.36200043136620697,1.7291312226170636,1.1733360478744383,0.8941998792994957
4,0.98741467,0.9888014197349548,0.22554425539988246,-1.5548749988203192,1.554117277008484,0.819033727402455,-1.1739428045830798,-0.7557743626213794,-0.30621899788454726,-1.7329311995174,1.7477509590684053,0.29068442383111787,-1.4518034883464177,-0.2093488734328702,-1.1660621482514497,-0.5703535843946463,-0.7880078543998594,2.0559128959820883,1.5423939134854354,-0.8652762290426109,1.3613353383681546,1.5897136886295558,-0.8610103618654846,1.0739958627387718,0.8026777548307739,1.0868042993174698
4,0.950969971,0.9787144064903259,-0.9642912366311693,-1.514452356693251,1.8382152135415477,0.40047940676818783,-1.1420248863769162,-0.7445367919678246,0.21506213651442527,-0.333957833279426,-0.0293197912784596,-0.9512504757000172,-1.5312829033549324,-0.17348733820192327,-1.5351182992560413,-0.07728510594387383,-1.4002169698605869,1.0428036085784782,1.1141227803850156,-1.6111270218390636,1.2424079361915956,1.3907544904785112,-0.8332875879488582,1.3381633465606635,2.8289430901361396,0.6560617297678198
4,0.965640359,0.9711481332778931,1.642418699427278,-2.059722737150268,1.997994999291717,1.5287749738976348,-1.4410512038599395,-0.7802279123432695,-0.26317030842855665,-2.082452533452326,2.3271097081515384,-1.0777183957386316,-2.457039707763843,0.1489176261593563,-0.9912774914098986,-1.1983313211673863,-1.2584636590973322,2.867742615651005,0.482076587889806,-1.2342768303631533,1.654079712956606,2.4717661337658536,-0.9996242314486173,3.2930027268426625,1.782863018657353,0.3931993608666452
4,0.998629704,0.9868202805519104,0.112305470900244,-2.9030612622343446,3.9858233387334523,0.10915494949285717,-1.7996027283263238,-0.7755084875891322,-0.27623500173756477,-2.480343301719952,2.332815408205416,-1.08770302087259,-1.9688136384431996,-0.42887141339670903,-1.7245498251907436,-2.086636100392738,-1.527462772657445,3.913002865119943,0.6037389205082033,-2.0608839934089236,1.76843298428022,3.2477070065549265,-1.0550697792818704,1.707997823911312,3.1254697245710705,1.0831976897842606
4,0.983349574,0.9830580353736877,-0.739185737009126,-2.141303593411477,2.290625677074884,1.0822740790968952,-1.5159504538247852,3.9611937823012537,-0.3352906223626182,-1.576380218395659,0.4608431854118382,-0.7128709191329415,-0.4557952252569921,-0.2009297283120768,-0.7689578522206474,-0.37820435409461783,-1.1873474867780038,1.4353820751766329,1.4484429673634645,-0.9860885825955946,0.6935122338382486,0.42911836608179554,-0.7223964922823519,1.0317290653272693,0.2343350388304881,0.9259165666528837
4,0.991300802,0.986909031867981,-0.5882453863675562,-2.400438550123865,2.8527558142999156,0.7880943809936269,-1.5443762718496261,1.1303958248199089,0.7952330603653989,-1.9381232898523042,1.0007955243772468,-1.0202789208362137,-0.9604974491678855,-0.37656333052862945,-1.2013926539514608,-2.327248232739916,-0.8771382405065402,2.883058357736766,0.9578195121024163,-1.3537056925021742,1.5900418810153827,2.286070882158212,-0.6946737183657254,1.8876317129101987,1.9146526339617673,0.9481320770427666
4,0.981151101,0.9835655689239502,-0.9764957039355658,-2.175013690005473,2.3964248466476934,0.8961476063858838,-1.5045801955693363,1.213124498756448,-0.26327535488439197,-1.4728472021155106,0.986620048840971,-0.792002301644803,-1.0939434104941714,0.16902159309450804,-0.9043487629835626,-1.3160685557572358,-1.3559636694971455,1.7761351757407926,1.3197287717683857,-1.585156911582675,0.7575500657794727,0.422486392810094,-0.3342776574495804,1.042295764680145,0.35788780317837626,0.9544746066083114
4,0.993818355,0.9809106588363647,-0.7757791120246278,-1.7744308901880554,2.035669483906984,0.8079569416371603,-1.2805221539575535,0.4117222745860885,-0.35281199114854805,-1.7293494850781594,-0.5878819271362448,-0.9850088664940853,-0.48524795897354905,-0.053056140634864066,-0.44420393394906227,-0.2806418857472297,-0.5772264812223934,2.2006475277887523,1.1354938820171294,-1.6530178548851018,1.45739208627999,0.29647890064776583,-0.9441786836153643,1.2430630523847825,1.0497832835265501,0.9830169790917387
4,0.98400927,0.9757173657417297,-2.531870598423102,-1.846234415822695,1.7101224511323747,1.3711030480132282,-1.3342226576955503,-0.4898022747640642,-0.35696912250927604,-1.7881177162940378,-0.6491208448399787,-1.0433178174958444,-0.3073613072934451,-0.14280983283044285,-0.5161502472432573,-1.7894719911432966,-1.047079582095264,3.7921997274128483,1.562588258335771,-1.6327229661368252,1.4390955628682116,0.18373535502884036,-1.0273470053652438,1.4015635426779176,1.9393631868313448,0.9664171126092214
4,0.996846889,0.9647000432014465,-0.5745591927699824,-0.21273227714229395,-0.020064503631229007,0.3763386179293136,-0.4952888927771726,-0.614201146901031,-0.3525448293517,-0.10440419404854694,0.07244555871197583,0.0747231801996602,-0.35576088091548363,0.21273904836675012,-0.9613030856961189,0.3320595228577079,-0.5062687337068073,0.36268837266026943,0.5302110583017371,-0.33075572154897304,0.5288435231322447,0.6081816444177357,-0.4174459791994601,0.21809321515584265,-0.095138999430547,0.241594867032081
4,0.988583691,0.9814231991767883,-1.121888698735924,-1.6556247995886038,1.9189493736754322,0.5631734059315304,-1.2065960057134373,-0.5419970359250674,-0.3280704289700094,-1.66707032693624,-0.6583033980086492,-0.970957475649707,-1.2194010825361445,-0.022408764412219236,-0.9045937590701492,-1.9663559222815332,-1.2611879092954195,2.9317110306747054,1.9153949121002858,-1.033991654738923,1.0786540516561804,0.3442291082040165,-0.7833865948989304,0.7908083200817038,0.6115828126393734,0.9336682037915434
4,0.947864708,0.940152645111084,-0.9786688627656727,-0.9941476119347238,1.00189035257576,0.32722317712468624,-1.0055714134584433,0.20646565290055974,-0.32277750786666454,-0.6514278904485109,-0.6431310423598281,-0.3586952911790844,1.0060191448219606,0.5064032577004187,1.8286627971976175,1.0981028494996747,0.9941305609913204,-0.3923159169605828,0.48069244631994196,1.1092758104475056,-1.0400833594277394,-0.9768599675189197,2.5766136037962055,-0.42647544536957344,-0.8529292874309277,0.07745191450380957
4,0.792759243,0.857097327709198,-0.23138389536420584,-0.02941504398038029,-0.32619080337664746,0.2849253216177574,-0.5471087073810438,0.5467613188354492,0.01248122197537749,-0.17686616145385148,-0.618847042838657,0.7990153449252546,1.113423212269699,0.5686726081882255,1.7933377807048363,0.9625140336423166,0.7053381549680547,-1.1125919436738494,0.2510037529880911,0.8142648815037349,-1.6118497160458094,-1.0299157536925316,2.216217542880061,-1.462011981951389,-0.9847189027353417,-0.9519077012197538
4,0.911158242,0.8817395567893982,-0.8030691092264213,1.2848016510138185,-1.1291511710234376,-1.1753234493195654,1.0190165495900165,0.22364015581766994,-0.32854224594526166,0.013270083492535428,-0.5765560615288954,0.7029637524688098,0.9945349036742002,0.22265959756945544,1.685605311767192,0.7057357600291249,0.7383972825600653,-1.2639087404508609,-0.35518363754842947,1.0761179796822957,-1.799389081016536,-1.0232837804208301,2.798395795129218,-1.049910707189238,-0.9517714989092382,-1.4480951657122823
4,0.799745317,0.8029960989952087,-4.38123444514498,-1.1252202510515048,-0.3448107196662908,2.9967730920111175,-1.907453654528355,-0.30855098807111003,-0.20397443741613014,-1.5629791875758867,-0.5987556138429643,-0.2301667170752037,1.2877706585224549,0.6169088761623824,0.6020658279229357,1.0647059227360898,0.31044303957774494,-1.436725484897848,1.1329439985860197,0.7277291022713046,-1.396865565957415,-1.0232837804208301,4.822158291042956,-1.694479367714654,-1.0835611142136523,-1.599492073720017
4,0.951749511,0.9413124918937683,-1.182206734575697,-0.7368939149857606,0.6381742407094566,0.3262569431418678,-0.8835108491813305,6.830161428782996,-0.3295284267204909,-1.2626614672092826,-0.5697538690922463,-0.18444422314480557,0.8597500850356271,0.3480774926428318,2.0626991074961327,1.022620527571566,0.5845730280661997,-0.7913124682077249,0.6031445967090586,1.3100291476157966,-0.783932031662844,-0.6983170901074572,0.3033461426328299,-0.024940869960297863,-0.6140606096916772,0.16777577372231312
4,0.964008955,0.9464150071144104,-1.1523436636792146,1.543080637335982,-0.9400670512141786,-1.977263153648134,1.221321386015254,2.4756439627880127,-0.31420240847294456,1.1458771381095914,-0.5093317145982955,-0.49880344024535084,0.9112422749998773,0.24816428564202295,2.0776145658615914,0.9048191694852478,0.3305253356400275,-1.7210384948545308,0.16152652068098683,0.708259103502047,-2.2156349886344913,-1.0431797002359344,-0.7501192661989786,0.49282739833060984,-0.8858766912570313,0.4052289538074322
4,0.990206813,0.9826511144638062,-0.3819850416960904,-0.9875869742045611,1.4034721043041822,-0.17651164677218037,-0.5659728767153612,-0.22451520915206208,-0.3330260684821226,-1.4328028569900289,1.05965749737364,-0.6108940013821048,-1.4834179644397025,-7.246162121398946,0.08863193093408123,-1.2090632490301723,-0.857305713258214,0.2636503253189729,-1.359186080640935,-0.4742804123985541,0.1674871857496242,1.11884358633875,-0.8887331357821112,2.595600569552868,1.6098891485703095,0.5293434451881045
4,1,0.9920693039894104,-0.4749568495546239,-1.6799152580372416,2.5355200035602974,-0.25525717072724813,-0.9296720933257904,-0.7643356207514397,-0.24199748142739466,-0.8698759710843494,1.3722332149777414,-0.9398545315884477,-3.6704461952229934,-16.147227555252943,-1.2169934091763626,-2.7037433173827643,-1.5204232598283351,0.7410251804804939,-1.5103420610875857,-1.6731037601310077,1.4436696937211566,3.194651220381315,-0.8610103618654846,3.7685041977220677,3.9821022240497626,1.0220752344888573
4,0.966982142,0.9586527943611145,1.3197063198790295,-0.36899112957142255,0.37928756505864986,-0.20891008580834317,-0.5632141530250835,-0.5650423995261796,0.11926343746013317,-0.9119309076673361,-0.15826634137717246,0.30566114246255705,0.09846024106996751,-3.364033261081668,0.3599936550325248,-0.17189569523450507,-0.8578492034325266,-1.3197250678771648,0.7367253649403416,-0.6253935260758192,-0.18929502078005128,-0.2937667205336666,3.4914651430448815,0.01732592745120467,0.11901912543912593,0.9538935036697689
4,0.956295236,0.9286289215087891,-0.5309432441925215,-0.3351440319467913,0.3279242287787817,-0.12179611017610807,-0.526687244452846,1.291113694267404,-0.17943925724011633,-0.2012215470116037,-0.5056266325136607,-0.21480932068475966,0.9741939187869886,0.5472686879453896,2.0560939288540214,1.0658967538020143,-0.23525097816026244,-0.9825892512066208,0.5005444427211275,1.6294391656688036,-0.6329857135156737,-0.6651572237489498,0.9132471687986138,0.05959272486270758,-0.5399289510829443,0.46035773428180476
4,0.921695388,0.8951291441917419,-0.28942182454114895,0.2549793230540114,-0.7012894968367656,0.1542768959827464,-0.22402095009288578,0.016508451849959808,-0.20661823865230464,-1.4703160221007034,-0.5918516440119296,0.8625891427201273,1.116981350767055,0.5216461037862752,1.759549169187194,0.951207935455023,1.179900318323845,-1.1101665635164804,0.20617954054036883,1.2414180853806165,-1.5295153606928074,-0.9967558873340241,2.3825541863798203,-1.3563449884226324,-1.0011926046483937,-0.7439074386818433
4,0.992111426,0.9359861612319946,-0.1982657187548637,-0.4065307225469003,1.1970061824942775,-1.1139131577758443,0.1474125652116539,0.10450972591596659,-0.31478556304476824,-0.6697975678214946,0.9495265355748621,-0.9228532596030393,-2.020846820856634,-5.166631148656801,0.3063975488750011,-1.0291043719443351,-0.5841619418407412,-0.0918394695539182,-1.5533868702731917,-0.22169440853504968,-0.24418459101538614,0.5816537513309296,-0.9441786836153643,3.0711020404322733,2.071152802135759,-0.7129051749681958
4,0.862716885,0.92493736743927,-1.37686271451172,0.055009856302617184,-0.035317625267506224,-0.2608837540108885,-0.03194084802279334,1.8975861292412683,-0.26938421880590147,0.8753397323035391,-0.5589229509880874,0.41226452480527565,0.9646245677576452,-0.1754245208292047,2.177594219257264,0.9016513370362766,0.4162546422222802,-1.0613809687414912,-0.06420480118246896,0.7748661715296262,-1.2779381637808562,-0.8641164218999944,1.3845343253812648,-0.7751765240144707,-0.6305343116047291,0.5185204438436205
4,0.975909538,0.9195264577865601,-2.1018121915539654,1.4140697154506245,-0.9058521197139933,-1.4412598930958325,1.5509536961912438,0.6392104315252731,-0.34807045797701874,1.2578924319948488,-0.6418953834774407,-0.2520980442535758,0.859005598470802,0.14918545421976998,1.9261598671476832,0.7019353293252811,-0.4524376658880592,-1.4050566720460376,0.16682673082786806,0.25568550888077024,-1.698758202251756,-1.049811673507636,-0.6115053966158459,-0.37364194860519506,-0.9847189027353417,-1.026255399988815
4,0.990243902,0.9576998353004456,-1.6944459055315264,1.8550721217492976,-1.3034856162368595,-2.057236077939369,1.408023687875963,3.049620962366238,-0.26439080180038743,-1.1032354624322727,-0.611260412891123,-0.8414470810463279,0.5623157211110827,-0.12204027342190711,2.121657728271157,0.2513565463591033,-0.7271811235804857,-2.0189680708858444,-0.29632173858755056,0.3851444539551724,-1.6713134171340884,-1.036547726964233,-0.8055648140322316,0.8626618756812583,-0.9352977969961864,-0.8114708113419106
4,0.839092873,0.8710170984268188,-1.2335785242696315,0.7292419286428052,-0.7920098526445009,-0.7321609163344737,0.4970310896444357,1.2256053585488886,-0.3288051791350943,-0.034899452399802924,-0.6027424287833288,-0.2737120936216562,1.046015380816142,0.3912092507999756,2.0027892267125567,0.9860715214144355,0.8328761519023911,-1.08007115949034,-1.6785115039318885,0.9929338347989075,-2.0784110630461545,-1.049811673507636,-0.6392281705324724,-0.8068766220730974,-1.0176663065614453,-0.5725056711456705
4,0.929970438,0.9136004447937012,0.009803961643286844,-0.25174797332637344,-0.35098904483130594,0.8635052490374588,-0.6999497523990944,1.2210055835783116,-0.11450818455938326,-0.6578096053048116,-0.5904326781960425,1.0742636979633513,1.2042643560133957,0.5880673387800757,2.097543830923204,1.1249086517023947,1.3074037940840149,-1.1050885390352916,0.6210615708460295,2.329141097359766,-1.6438686320164213,-1.0232837804208301,1.6894848384641568,-1.1027442039536162,-0.9352977969961864,-0.6025775028999678
4,0.606197294,0.8622778058052063,-2.1710257662744517,1.0387604358704567,-0.9186826129729395,-1.0530311960565957,0.7646400052029076,1.57492352958895,-0.33428071546226745,-0.24779280414465085,-0.43876437909034527,-0.9454863031663695,0.7220042910081499,0.21591338592010126,2.324724286269423,0.8842724402263531,-0.26977768306922184,-1.4612635541912944,0.15071486143426052,0.8497015662325421,-1.4746257904574727,-0.9304361546170092,0.13700949913307078,1.3170299478549126,-0.5975869077786256,0.6391998828740523
4,0.886080877,0.8541162610054016,0.13431965044443578,0.305240945687656,-1.2398459273706064,0.9135621653995396,-0.5202113425219533,0.26033055557342616,-0.08200301026874761,-0.7536338735883217,-0.6132081416359321,3.5802431519251434,1.2989426770552142,0.6057314344419479,1.9022518502580608,1.159850610824158,2.4754392601747437,-1.2080316639106738,0.38117925692228694,3.2158873911649146,-2.055540408781432,-1.0431797002359344,1.6063165167142768,-2.074880544418178,-1.1412190709093335,-0.7109914537744378
4,0.987463838,0.9768080711364746,-1.1931473197411566,-0.26485414061100226,0.5492217941468103,-0.3921172063443835,-0.22510047106963085,-0.707981479464617,-0.33837123975157934,0.491924850527934,-0.1895328448269553,-0.006638568885304792,-0.014046159908186959,-6.002978292665857,-0.06011333832139112,-1.1923440918336439,-1.012476594723626,-0.3688225997073563,-0.2227413960776708,-0.5232909404619623,-0.38140851660372294,-0.24071093436005467,-0.6946737183657254,0.5667942938007399,1.132151793091809,0.9838588358649137
4,0.954739346,0.9141111373901367,-0.06162377388181,0.18205868559812063,-0.6581784773791935,0.26110950409608114,-0.43896481010889815,0.22196241104350894,-0.18302352462400345,-0.7059157623238488,-0.6402586180116956,1.8138529384621762,1.1885431167554785,0.5874354878704248,1.7192682254660263,1.1068093393371745,1.8454043915555978,-1.1098355475555879,0.25999174228084126,1.8223098191993994,-1.7765184267518133,-1.010019833877427,3.0756235342954836,-1.6522125703031512,-1.1165085180397558,-1.4444327551201301
4,0.960504886,0.95851069688797,-1.1445366682988816,3.6163354711496,-2.5390683306502644,-2.917708339129708,4.169238697246976,1.7072696270525984,-0.34577369804853786,1.3961886319086338,-0.47651169067218757,-0.5871255456194228,0.7641159064834648,0.15883633899529984,2.086098047666641,0.03949574939692744,0.7236509158979626,-2.479854036067397,-1.4988820529560736,0.24453944018023893,-1.03093509772185,-0.857484448628293,-0.6669509444490989,1.0634291633858959,-0.9600083498657642,0.40647262072630946
4,0.965594952,0.9158318042755127,-0.408232962947389,-1.3291489938806482,1.7349124273969327,-0.1248062823190393,-1.082241185567166,5.445145972366318,-0.1566394003227959,-0.6630324803243021,-0.42715364949920576,-0.7894645614390433,0.6960789539429144,0.3183018645198767,2.005910526670728,0.9958065792268632,-0.3387104074063962,-0.0222942980261252,0.7954901540824533,0.982313584762022,-1.296234687192635,-0.9370681278887107,-0.777842040115605,0.11242622162708593,-0.3916656338654786,0.030432833414420768
4,0.922447903,0.9100703597068787,-0.14056320794379923,1.6633474135659756,-1.709263042778618,-1.0380385827812793,1.414370908209809,2.2461076164220755,-0.36749566433064634,0.5701873969333472,-0.5948979438330073,-0.29176477561457886,1.0723712492736304,0.4417869366615112,2.198531515900257,0.7870843707599,0.500799841807492,-1.6114558182540446,-1.0539674984657785,1.2474751119099197,-1.8176856044283145,-1.0697075933227405,-0.6392281705324724,-0.05664096801892495,-0.9352977969961864,-0.49522576737668456
4,0.958707105,0.961905837059021,-0.25488998735447393,1.362129328142596,-0.8923880294752841,-1.6021909874036584,1.3077006498124435,2.866092061790038,-0.27443148957049873,2.0719302484591773,-0.6463035607602122,-0.02287009126864238,1.0217367939014639,0.557989906460572,2.0711173245373877,0.9490226017387584,-0.56814146895756,-2.047703074691248,-0.6220264569458732,1.2539044401154058,-1.3191053414573575,-0.9635960209755167,0.469682786132589,-0.13060786348905457,-0.9188240950831348,0.602981135993247
4,0.9375,0.9150406122207642,-1.4503077620821185,2.925603385344091,-2.2501065371885387,-2.579691766844513,3.2462703768549765,2.4794637490306184,-0.30021578704643803,1.2138500534143022,-0.5568618163184916,-0.6579222489801394,0.8513188960327057,0.4655591165759617,2.021166677810164,0.5279557102702589,1.4895798147002624,-2.2625912430507777,-2.24408458865569,0.8920042292808762,-1.71248059481059,-0.9834919407906211,-0.4728915270327131,0.5562275944478641,-0.9600083498657642,-0.9477353618416117
4,0.984077322,0.9785714149475098,0.3656308402204085,-1.1525121050550706,1.3212112754526268,0.29162055612169396,-1.0191446478857802,-0.6427787350955687,-0.21750322669719516,-1.1376500317859244,1.2948800812108336,0.21667799333199345,-1.0399850051485338,-7.733719450427495,-0.16812213304615128,-0.8536853742442645,-1.014683038030622,0.02923633701907416,1.2966838974801915,-0.6422013380445214,0.1400424006319571,0.4092224462666911,1.079583812298373,0.9788955685628908,1.5851785957007323,1.08193165010787
4,0.890960585,0.9226078391075134,-0.9350957312484625,0.3162586528688096,-0.4938264332176603,-0.7754244809765062,-0.1417034028501975,5.495848380707217,-0.04178772698801363,0.5955793492927678,-0.665744610770615,-0.3712489618296738,0.9801086751922589,0.4534016380844471,1.864311517569071,0.8893839771203087,0.5252310570460459,-1.3268483109679892,-0.4302208421402232,1.7492881311807023,-1.8725751746636494,-1.0697075933227405,0.4142372382993362,-0.22570815766493546,-0.9023503931700829,0.5115248848866525
4,0.991170765,0.9880053400993347,-0.5973979698366692,-1.727928453708648,2.1748711396354063,0.3091872383818673,-1.2004715966418376,-0.7145971018004815,-0.24267920456195732,-0.6024375600047088,0.6272995079834801,-0.6063586719084711,-1.1009025929253102,-8.726873995827948,-0.17517451569215192,-1.0213905769552978,-1.0514620500263785,0.9779265621491333,1.0539878250551906,-0.39101261454594965,0.6935122338382486,0.5949176978743327,-0.6946737183657254,1.0634291633858959,1.856994677266086,0.9924439890557442
4,0.992801367,0.9831746816635132,-0.7611619216611892,-1.059242903237124,1.8331977909657917,-0.2426770239610193,-0.5216666548933501,-0.6708518977697321,-0.3503534731858663,-0.1068720469083069,0.2634057906430448,-0.33484896334526587,-0.9290169309328361,-4.348526053184592,0.23654556418195644,-0.21967526627811992,-1.0441538817750866,0.10656117106009061,-0.01382492636490453,-0.9690086686610898,0.27269219536734896,0.5285979651573178,-0.6392281705324724,1.137396058856026,1.5275206390050509,1.0714884295930291
4,0.953852226,0.9483161568641663,-0.637448527854944,0.5308795532168273,-0.4319794491667977,-0.7270255425545681,0.3062985564215588,0.8953985530186046,-0.22240462925851975,0.5173200352782353,-0.5329979111995037,-0.056014387445010715,0.8764518505343075,-0.42905918524918024,1.6024281438185495,0.7117792677347551,-0.2210572632804837,-1.4838607244619495,0.2036722465771899,0.6902158015264571,-0.8342474710452342,-0.6518932772055468,0.5805738817990953,-0.1094744647833033,-0.44932359056115967,0.6893894028512895
4,0.930388644,0.9193849563598633,0.506529655598538,0.1397567101751613,-0.638833196258841,0.4344593931293161,-0.2970152216928278,0.13865340428228057,-0.2003611552898978,-0.35793760947564063,-0.6142748663188093,1.9228995658459278,1.189676077874793,0.5563822444340144,1.481635623350538,1.0315857628014116,1.937521009961277,-0.5964529291684337,0.009500757724251036,2.098043794687488,-1.3465501265750248,-0.9503320744321136,3.436019595211629,-1.5782456748330214,-0.9517714989092382,0.12941277466098708
4,0.984223301,0.9555708765983582,-0.6211248453364666,1.5637833885921115,-0.7258439314993982,-1.690335494859856,2.070497566255437,1.727453698832613,-0.35234751039675566,0.05222383471163405,-0.5519135181079773,-1.0139351651492037,0.7163168478811954,0.4115796584673661,1.7666850234729825,0.33027675691398667,-0.31261714943176744,-1.6151256544889148,-0.6087146400066028,-0.3060588876214466,-1.0721022753983511,-0.9702279942472182,-0.7501192661989786,0.9260620717985125,-0.836455585517876,0.24665588570149535
4,0.961508853,0.943427562713623,-0.7945591541600716,2.0835183864149682,-1.5067524293229577,-2.2925820125418404,1.8198390644290496,2.8934405675063832,-0.3472118360512075,1.4386038378495805,-0.6535666685665633,-0.3933722127207502,1.1195805763289528,0.4095003584780639,2.3571064261673738,0.8080993671025887,0.4698066683504358,-2.258766862135677,-0.2832655964623396,1.0461398810107057,-1.5157929681339735,-1.049811673507636,0.4974055600492157,0.03845932615695631,-1.100034816126704,0.22760527007314998
4,0.959836438,0.9340124726295471,-2.288026959410281,-0.7180669826817158,0.8155324099233008,0.060260131221798983,-0.6669242078499327,2.6312028110955206,-0.31813338590141,-1.3703491327474302,-0.4971219826496004,-0.7762970411342968,1.0495617342563668,0.11701586064155771,2.3884567549567284,0.9082923507049274,-0.21144671918395727,-0.592107571853179,0.605417955217863,0.891837842605841,-1.168159023310187,-0.9238041813453078,-0.3897232052828335,1.042295764680145,-0.6140606096916772,0.1944696625337047
4,0.923076923,0.9297548532485962,-0.3030122181834386,-0.10964490066714816,-0.019328132532145752,-0.0910388779310863,-0.40917189769992096,-0.04358290321256005,-0.3036194795077937,-1.037501042460016,-0.6154558945311428,0.9003431666669689,1.0283390878012344,0.5308335438777707,1.4878353622097715,0.8542927263811181,0.8634696345025249,-0.43168500186281494,0.14787315216870037,1.0939700748711059,-1.0355092285747949,-0.9437001011604121,2.3825541863798203,-1.3246448903640053,-0.7705607778656689,0.23697304456368481
4,0.903212851,0.8693929314613342,-1.0705129131442448,0.8072982775222112,-0.6995587459843953,-0.8231680977410405,0.5812105921281161,1.4715664772950938,0.2256980294652965,0.47667040002482286,-0.6390165279186726,-0.5029747131409416,1.1254050629269425,0.33169938317793785,1.8664330182486817,0.9639994204207906,-0.032965621653381696,-1.5652339627282905,0.15533529617204148,0.153012060696767,-1.7856666884577024,-1.0564436467793374,-0.029327144366688585,-0.17287466090055711,-0.9188240950831348,-0.47248461166574784
4,0.922852984,0.875115692615509,-1.623433499554525,1.0355976081738845,-0.6607742225639568,-1.2159679785823243,1.0432968454561626,0.2621398383965791,-0.3601324279994265,0.20155668603521237,-0.5813296296367072,0.16139233632317343,0.9542202986364484,0.2008162796642739,1.655768958107209,0.6874964406226944,1.5682017413086977,-1.1401840257682527,-0.39287063668846417,0.7591715875358799,-1.81311147357537,-1.0166518071491286,-0.3342776574495804,-0.8068766220730974,-0.7046659702134619,-0.7082161197467789
4,0.966950366,0.9553539156913757,-0.2561855725397704,0.43571476572233075,-0.21035456735335206,-0.9173169402957528,0.21138396182093744,0.34926652515174517,-0.25208368198637465,1.1248119385811222,-0.5952909522599744,-0.15749433831445991,0.8416775656996234,-0.10150760867673254,1.9021124721485247,0.8684300024368764,-0.5594003109669857,-1.2634265094565447,-0.09502768292123803,0.4790968502825212,-0.8205250784864003,-0.777900769367875,1.9944353515470485,-0.5004423408397031,-0.7705607778656689,0.7470988841755763
4,1,0.9683780074119568,0.857213908594453,-0.06490297530118996,0.45999407200151426,-0.8518746673811395,0.10515057863627908,-0.7802279123432695,-0.35945570509578967,-1.1852319485695046,-0.0020812554247463,-0.6727582852697338,-1.026016976151528,-10.668961548680375,-0.6091036726578888,-0.9889905779559337,-1.4997295564714814,-1.7842584917304647,-2.223006196544689,-0.5397053076963284,0.6980863646911936,0.6745013771347506,-0.5006143009493397,1.3275966472077878,2.0134948454400776,0.7826239120299503
4,0.969000729,0.970230221748352,-1.76541289372838,1.7383120972919925,-1.308275547962694,-1.844994008932199,1.5098281585322604,1.9303180328973821,-0.3369284459617505,-0.3937294063823004,-0.6247817173418676,-0.47358355254104534,0.8842044904263416,0.37902298357332664,1.7595946280669184,0.7340558919466745,-0.9169770271972923,-2.0052544730618305,-1.1837429928395795,-0.8340442550961737,-1.4426068744868605,-0.9834919407906211,-0.2788321096163274,0.03845932615695631,-0.9352977969961864,0.6167243545955086
4,0.640241076,0.8514615297317505,-0.7975141205432474,0.9867796482031093,-0.6923113117204043,-1.2695177724595992,0.7995871076224552,0.4474072579275903,-0.36799876804315784,0.7543865987249798,-0.6171356793866107,-0.43388024657831237,0.8957857731263116,0.18602292455588876,1.566531504810067,0.6376886312998041,-0.17748757687121625,-1.211895084642488,-0.3457869364962712,0.45849339974355097,-1.447181005339805,-1.0166518071491286,1.1904749079648789,-0.6061093343684597,-0.8035081816917725,0.00885458681783208
4,0.912759459,0.8841884136199951,-0.6346138650847573,0.060568298918877383,-0.3742567087347353,0.13474583927870767,-0.27874906128256766,0.6693078289637976,-0.25110000458207044,-0.3303792385591551,-0.6146588600216609,0.4614150089790667,1.0866205132255848,0.5258758294665756,1.6161938439971055,1.0520167791603876,1.0181512884634478,-0.9318255004135387,-0.08754353801367046,1.989385022519224,-1.364846649986803,-0.9171722080736062,2.4102769602964464,-0.8597101188374757,-0.7870344797787207,-1.449717763034346
4,1,0.9775733947753906,-1.0015929624082989,-1.3971962405756944,1.9590074519419693,-0.07879893638673982,-0.8545470096188127,-0.7802279123432695,-0.3257680355041292,-0.4393043187387127,0.7162807736565643,-0.7547221647470009,-1.3576531423921696,-7.121998448069012,-0.47135368762272756,-1.9467987452946915,-1.3245213507147549,0.40054535162354965,-0.3692307129541411,-1.1676339110630525,0.7621241966324169,1.264746998316183,0.053841177383190976,2.0672656019090847,2.3594425856141648,0.9348879933522549
4,0.995727457,0.9727841019630432,-2.3862147751416773,-0.2766823535485547,0.5386765047465432,-0.26406150709795667,-0.11314159611473673,-0.5363777497712056,-0.32842938812730826,0.10897685529108515,-0.5251915157853766,-0.7595427237375382,-0.1332530898300643,-1.288527416624446,0.49170304549076055,-0.2031689442277498,-1.4296663617004695,-0.7358995537785261,0.00811160340283682,-0.7071629245897131,0.03941152186717668,-0.2805027739902636,-0.8610103618654846,0.9894622679157666,-0.02924419177833993,0.8138194024468203
4,0.962750969,0.9492303729057312,-0.8047057476706934,1.0456248600175353,-0.6160861810605288,-1.352421038757357,0.9467800950999418,2.8367512068528113,-0.3080206047328897,0.4653990086951378,-0.6156724979758225,-0.44628298731908633,1.0737652648795617,0.5199164808686398,2.4822546682618545,1.0428107916836478,-0.23205504683344724,-1.634058367364661,0.2542914535703242,1.0730660252009958,-1.968631922575485,-1.036547726964233,-0.5837826226992192,0.20752651580296683,-0.9188240950831348,0.5019314857158261
4,0.989118607,0.9655476808547974,-0.6664696563236342,0.6410554662289437,-0.161201740549206,-1.1633748462115578,0.5479765912729709,0.42325799982160733,-0.3312969328245914,1.821974223455867,-0.10316100650589352,-0.5660526014436047,-0.30214141320914706,-1.7492210892087894,1.0980972917349405,0.5262305156021151,-0.8554320831447666,-0.9050521679538003,-0.6565750228687621,-0.15230840725537076,-0.8113768167805114,-0.3866143463374873,-0.8332875879488582,0.8943619737398858,0.05312431778691885,0.8747642167392273
4,0.929417669,0.9156575202941895,0.056323817157979815,-0.0899800425521234,-0.38738314055158163,0.5746816698009392,-0.4689244729268088,1.5182053742872037,-0.05922656838141792,-0.1347013660637853,-0.6285017773554441,1.7444559247107443,1.1971035133685604,0.544331080854725,2.1730626454483133,1.095655518045151,1.5799357511972645,-1.1645862805209701,0.2027446927732655,1.9484373537195152,-1.438032743633916,-0.9635960209755167,2.4102769602964464,-1.4831453806571404,-1.0670874123006004,0.15340289610178984
4,0.954226652,0.9587493538856506,-1.0908298046436355,-1.074964667601693,1.3558837222853792,0.2971909513938247,-0.8474998363567482,-0.3939188408210937,-0.18564639562115792,-0.03961013568995768,-0.5985774066190797,-0.6759196040811121,0.22517179208711507,-1.837394752006135,1.1168166746995492,0.16047997439346776,-1.3669147285033993,-0.48150125667810706,0.5081781254419688,-0.0526060183736452,-0.93030421895707,-0.6452613039338453,-0.22338656178307428,0.2392266138615939,0.30846669743922117,1.1025974872442181
4,0.939879351,0.9176264405250549,-0.4990379647759622,0.4249311885622542,-0.5152621547957843,-0.6276723020851892,-0.041978244955455865,5.446086551589848,-0.09971602445385955,-0.949517152518114,-0.6489717043741333,0.08210618172557115,1.0899534979423318,0.5397081180087007,2.5123039473654534,1.0124937889712375,0.8807291056377935,-1.514111504995871,0.18424208813252244,1.4314169600559168,-1.447181005339805,-1.0431797002359344,0.5251283339658421,-0.6378094324270869,-0.9435346479527124,0.012016586858551328
4,0.984275504,0.9118846654891968,-1.1037834215029103,-0.35182400083099413,0.4411428142996121,-0.418471134122075,-0.3994969994367016,2.3638594103436854,-0.3200569585565431,-1.390236463815747,-0.6174605066728716,-0.8767092109281963,1.194080714676116,0.5267175590015664,2.8426213259557835,1.0497804246919695,0.02574579913032237,-0.22915985648538173,0.4728193357093582,1.3087430981220194,-2.320839998252216,-1.089603513137845,-0.8332875879488582,1.0739958627387718,-1.0835611142136523,-0.1485849936582333
4,0.691940868,0.8284417986869812,-0.8123207164598447,0.5475504297580429,-0.9538952177158682,-0.13402124408802543,0.06741349517061034,0.822134947939995,-0.023932455780473604,0.6858832406884826,-0.6054970977248275,-0.05658719930582883,0.9703211157064334,0.4543420756839381,1.6678568579676998,1.0006237465637677,0.778701316848695,-1.1154199330399035,-0.24491768094407032,0.4063674880243823,-1.5478118841045854,-1.010019833877427,2.1884947689634346,-0.8702768181903515,-1.034140008474497,-0.5283052631244451
4,0.984607985,0.9504760503768921,-2.087830125432777,2.0137753841856583,-1.8377992678325077,-1.3925774969458533,1.683088990145127,1.200346020566893,-0.3411364117596005,0.814827014454654,-0.6006823165259623,-0.7213930414444019,0.09291256154021656,0.15728827846369617,1.732933108713158,0.7637638278172001,0.4365951804619123,-1.3334332494757086,-1.3216982849531418,-0.27264090531460805,-1.2596416403690782,-0.9635960209755167,-0.029327144366688585,0.968328869210015,-1.0094294556049195,0.7753367058619314
4,0.982248521,0.942543625831604,-2.352566336128731,2.45191556177657,-1.7045587114776128,-2.2186348355372885,2.4489338282152904,1.545323520132751,-0.3354833441287205,2.7329646176468807,-0.32982950980340014,-0.5211418844730532,0.313960470722456,-0.6566051634558582,1.513721954797106,0.7402664026357363,-0.44592673460976046,-2.1154964430956404,-1.3013350357509634,0.21020127521202056,-1.4517551361927499,-0.8840123417150988,-0.7223964922823519,0.7569948821525017,-0.8035081816917725,-0.8286021943588942
4,0.831973294,0.8699558973312378,-2.0347478950950144,1.4658087139289997,-1.4450220436560755,-1.0575003116315738,1.1415297527999166,0.4154974679728093,-0.35401262778982456,-0.5729265922643536,-0.6206895955647309,-0.2737996415320388,1.046394738689351,0.5773179581731585,2.054653556352942,0.798827312530177,0.23230632715457247,-1.6550227582863684,-1.0965847179408672,0.5959995766038874,-2.165319549252101,-1.0697075933227405,-0.6669509444490989,-0.9865105110719841,-1.0094294556049195,-0.4896652539997097
4,0.899880096,0.9235525131225586,-0.459695310520581,0.6016834552798317,-0.37304248564667725,-0.5856510306662044,0.33717204298522996,-0.17031744399844032,-0.3271183246248229,0.29462951734224846,-0.624364719056715,0.970032365281537,1.032535572958161,0.13355036287432503,1.247450011139454,0.9286633899123993,0.8900333837612072,-0.9799118086080358,-0.9808662231969278,1.2618496336641638,-1.6530168937223104,-0.9967558873340241,2.992455212545604,-1.4197451845398863,-1.0506137103875488,0.2352953984830041
4,0.90312554,0.8906062841415405,-0.8553558985498201,0.23303799619855423,-0.26179839017562423,-0.16332389686320248,-0.0037277296956986037,-0.2061261213357768,-0.10596286629141903,0.1710462353284477,-0.6185779444568495,0.6039068972487915,1.074042605622969,0.37653361752436165,1.3410218440052495,0.9461689471498564,0.7820908720224895,-0.6486533396087588,-0.22465871678473548,1.375356600993385,-1.5478118841045854,-1.010019833877427,3.3805740473783756,-1.6522125703031512,-0.9352977969961864,-1.1906676106162697
4,0.96572935,0.9652070999145508,-2.647446163606485,2.4118110494928797,-2.003034335442461,-1.7902311214812894,2.3657989736427356,1.0840861005690687,-0.37169014473420703,0.5908811485726526,-0.5637469179091454,-0.8544952945426721,0.8687514310271537,-0.093363054003442,1.9613890085035715,0.684568139942167,-1.3649901933047834,-1.9390458599847828,-1.227300333612042,1.4572850320751294,-1.2779381637808562,-0.9834919407906211,-0.05704991828331502,0.6196277905651182,-0.9352977969961864,0.702356149391292
4,0.882325363,0.8884906768798828,-0.46971367634980077,0.4843868191284583,-0.6405926585076174,-0.4190565231519748,0.14728395830272858,0.44343485235151214,-0.3179523963441739,-0.09832466340962626,-0.643205827963176,0.18335971007075014,1.0230376190414603,0.5351355011010666,1.6314145047978945,0.993791622491713,0.9110982400905688,-0.7854000015248939,-0.5373992732247377,1.4718673073573172,-1.8314079969871482,-1.0299157536925316,1.8558214819639158,-1.0604774065421136,-1.0094294556049195,-0.4960839457960561
4,0.981766917,0.9525269865989685,-0.7797018238875147,1.2273354280120026,-0.6979397616662942,-1.5655270150927234,1.1401551418234026,0.4330551828288483,-0.30891033347213004,0.2913660456382813,-0.39007647881084123,-0.45074476122931756,0.5771565904028038,-1.5851371247344117,1.132996505597257,-0.06663477416659913,-1.1417700411206395,-1.790216241609842,-0.694301595367333,-0.27999777028865797,-1.314531210604413,-0.8110606357263824,0.2479005947995768,0.7781282808582533,-0.3834287829089527,0.5557373624217972
4,0.965469613,0.9518206715583801,-0.796863595162906,1.7219617032196592,-1.26876681115089,-1.5490369207093764,1.6734155582335362,1.3894165267335608,-0.31670294682831496,-0.2728432885785528,-0.5254163826144658,-0.8442632833017034,0.47042232302756254,0.2951049935143805,1.8171298607120956,0.5986148309336928,0.7613394500163867,-1.3234741847549063,-2.378193695780726,-0.1045820901589431,-1.0263609668689055,-0.7513728762810691,-0.8332875879488582,0.7781282808582533,-0.9105872441266087,0.6872985803482484
4,0.993135011,0.9866155982017517,-0.05358618811070158,-0.9952377006704634,1.547564221270295,-0.3050274349835845,-0.6098643405645309,-0.6908407749908598,-0.20284998986214398,-1.1941107795819754,1.044094185815721,-0.7152769520785328,-2.091473830527481,-10.632642841901486,-0.6518431604146513,-1.3515398647308459,-1.336305207959114,-0.21055907551547476,-2.0271216766435383,-0.9919966884544248,-0.05664522604465913,0.5551258582441237,-0.9164559096987377,2.162365896084966,2.4418110951794234,1.099851541992325
4,1,0.9850037097930908,-1.0361291070372853,-0.4232548951043576,0.6654664554945748,-0.06500951384775183,-0.22006431167740012,-0.6701254147399701,0.20697402359635317,-0.4150199589675446,0.10437798336964507,-0.5989488485665824,-1.0621125318149283,-8.052971151889743,-0.7177415611942976,-1.8221973876908157,-1.5363095599995693,-0.4163000732213396,-3.727230274283673,-0.9952131910839634,0.8536068136913081,1.457074223195526,-0.7501192661989786,1.8559316148515712,2.194705566483647,0.8927676957316083
4,0.962722513,0.94609534740448,-1.150103874947372,1.5087778951126627,-0.9180000471892209,-1.7836563568447976,1.6301124544582086,2.737106152429433,-0.3216681915415444,0.7231035770445258,-0.6093742404789129,-0.7408674113612385,0.7777005098165239,0.6267173868863872,1.9920189648014266,0.7935386665027627,-0.5048351714678975,-1.7808802834872282,-0.24583833108505773,0.9513325697232341,-1.3465501265750248,-0.9967558873340241,-0.5006143009493397,0.35546030674322643,-0.9352977969961864,-0.018915124168028676
4,0.663630183,0.8003126978874207,0.7570925795343884,0.446982312391641,-1.6143215056783389,1.064319939335458,-0.6617028523461629,1.2592651654457916,-0.14808580254138873,-1.1952904397102158,-0.6129423285208735,3.751837844866282,1.2024123403768854,0.6328710284494221,1.0090567491695899,1.0840779915612562,2.869906561787956,-0.1656426822064711,0.8917757747703188,2.9928492707027443,-1.2870864254867456,-0.804428662454681,1.4399798732145177,-1.7684462631847835,-0.82821873456135,-1.3142757711690314
4,0.863593076,0.8900269269943237,0.40703832384072863,0.7802909219090887,-1.8087342886440996,0.7858692265056456,-0.21016598930698216,-0.5347137497689521,-0.08124310681573324,-0.0022232296141497117,-0.5480364926483551,1.5797411866102649,1.1492728256179046,0.6301234115958967,0.17452357971876506,0.894970092278699,2.4327147531438307,-0.11728440378775627,0.2953638908182581,2.056300963048525,-0.7656355082510659,-0.6651572237489498,1.8280987080472892,-1.6416458709502755,-0.7870344797787207,-2.1945621710474166
4,0.862459717,0.8782042860984802,0.8075510560031616,1.0662760782671041,-2.007671960179595,0.3967648703450069,0.048736764854737616,-0.2573620532954155,-0.02079856188143398,0.11536639992163873,-0.5857859288437409,2.425344883992144,1.122710812997164,0.6126275345017177,0.5160127622638295,0.9641307041813898,2.7317065945259813,-0.09530454769814624,0.14216881118722657,2.083393493913849,-0.8296733401922897,-0.6585252504772483,2.1607719950468076,-1.5359788774215188,-0.7870344797787207,-2.289462175021063
4,0.70397878,0.7108685970306396,0.1711880380427825,-0.03899021519028217,-0.924455470660703,1.1279226743000517,-0.8296575981769214,-0.6482412851978857,-0.13955787574578046,-0.09526541600855967,-0.4126230686872584,0.6473878672155643,1.0107030511442228,0.5204419867067571,0.1868604789667924,0.6863342096048826,1.360197563131746,0.5754951869800997,1.2573275741671908,1.238327521836601,-0.2716293761330532,-0.49935789195641267,0.33106891654945636,-1.5888123741858973,-0.3504813790828492,-1.4356734771126087
4,0.825496584,0.8070375323295593,0.9526627734657399,1.268817093126364,-2.2862404635577054,0.4908757746690942,0.18055725215081445,0.16600479859380277,-0.03501610815955714,-0.3487985599148193,-0.5952413006091526,3.322438451196155,1.187376653773089,0.6387528140088945,0.7190881301380945,1.0358335885403258,2.8944381592910093,-0.5077298986426574,0.23034294734361907,2.626771007724386,-1.0492316211336283,-0.7314769564659647,1.8835442558805422,-1.7684462631847835,-0.8694029893439794,-2.683545869290662
4,0.864383796,0.8770584464073181,0.3267107352198983,0.36329090002810965,-1.4725374302281553,1.0121944782473893,-0.7006104075563443,-0.5594159567815394,-0.07645534576530252,-0.2149614912445589,-0.5674968456970616,1.4362638166291748,1.1798919252850002,0.5737469218357174,0.16368041892385962,0.8947693527133679,2.3273031900898804,0.02374705092069772,0.6387034179327973,1.4933697974995135,-0.8342474710452342,-0.7646368228244721,1.495425421047771,-1.7578795638319078,-0.7952713307352466,-1.7638716410550785
4,0.86012847,0.8570713996887207,0.7565443423636351,1.0964095740458206,-2.163914591863183,0.6722701804367135,0.06387386920272872,-0.033121140119306,-0.093433190704140065,-0.18243741617410372,-0.5440958778422633,3.566126538544445,1.1847724569461262,0.6046123230479342,0.9344312342546454,1.058129211363718,2.7719243693988513,-0.5040684461079524,0.33809955992077695,2.840773688247791,-0.9577490040747372,-0.6319973573904424,1.0241382644651198,-1.7895796618905349,-0.7540870759526173,-2.504366690152498
4,0.831649245,0.8023167848587036,0.16008451506720078,0.7210315166557688,-1.7718535349878095,0.8400778401370109,-0.283499578093646,-0.48871891730262396,-0.015533685710345657,-0.01221654097806975,-0.4911880664883019,2.245876578748794,1.131927736803929,0.04258274847304709,0.3748259549245055,0.9425219583691602,2.2736182434053767,0.17629608572388084,0.35311439130880456,2.1068374683525835,-0.5689478815744496,-0.4860939454130096,1.3290887775480116,-1.694479367714654,-0.4410867396046338,-1.686218563615832
4,0.618698579,0.7398638725280762,1.2196494602268337,1.7632703365227054,-2.9026042026349823,0.6026881378833292,0.4900808067418208,4.406809374801394,0.06686036944122409,-0.5215790029059119,-0.6233493153145004,6.81463160731244,1.325141883279926,0.6396537060533486,1.0950269765589729,1.1476288193977784,3.4133393235875102,-1.9238164083246416,0.5172484567470202,4.760663568303706,-2.156171287546212,-1.0431797002359344,0.5528511078824688,-2.243947734064189,-1.1247453689962816,-3.009934865430293
4,0.650798731,0.7698171138763428,1.0877625523990349,1.5278977117787091,-2.362543934048173,0.15367540718264602,0.47777850637154523,-0.3638417136762747,0.003474643639820901,0.007621421322561859,-0.5997383946681818,3.202524255322144,1.2765565745268799,0.6369607881316841,0.25372398190695794,0.9758204167955292,2.782479339015835,-0.8972152074764008,0.025352585066434213,2.7641604381331786,-1.4014396968103595,-0.9105402348019047,1.9389898037137956,-1.9586468515365456,-1.0259031575179711,-2.48845264354299
4,0.959083105,0.9372422695159912,-0.5396739082686106,0.17986147056451893,-0.2634312290594215,-0.11967053288671071,0.06312662838344803,0.18221978216176973,-0.30096058070899506,0.038485035668590344,-0.6563183644255004,0.6967640282828542,1.0013992299259966,-0.21082743016334984,1.2393548771736718,0.7524634557504081,-0.28585218200211254,-0.19297514998704635,-0.47286860667887476,-0.4617618834448357,-0.7976544242216775,-0.9702279942472182,1.3845343253812648,-1.366911687775508,-1.1659296237789112,0.45165348867854405
4,0.922240222,0.9497719407081604,-1.4791777711162246,-0.9987845434001095,1.2780161146816211,0.295126613442147,-0.7714545399262268,0.07010724839860281,-0.3680115942460802,-0.5880114641535602,-0.6665217169718468,-0.8476170095736109,-0.016310422902199,-1.4334571709893797,0.24879826643066938,-1.251734558724455,0.2327127315668307,0.17121665461295385,-3.326995412744156,-0.2982313597876301,0.309285242190906,-0.3667184265223829,-0.5837826226992192,1.4332636407365444,0.4320194617871093,0.8065728859138096
4,0.980411361,0.9482082724571228,-1.0681552589743084,-0.30636905772257256,0.7138623204807016,-0.5766448836893457,-0.14772605250039986,1.7911100878843635,-0.36779122439648704,0.615627817817091,-0.6619714210233583,-0.9327205698573663,1.078986197204645,0.10857049367785883,1.6567336576253295,0.41583570483487553,0.3995265207184822,0.47713146671952616,-1.0231882178714844,-0.5461732449645296,0.19493197086729197,-0.7115810366508601,-0.14021824003319472,-0.4370421447224489,-0.9270609460396606,0.5819897490681286
4,0.943327135,0.9439475536346436,-0.7759760488291338,-0.25553156432160984,0.26876898592348203,0.0016567465607922672,-0.2959709079921823,-0.08206808194651857,-0.29881964910966957,0.6309660980688331,-0.6627638168268285,-0.20968589759762957,0.9962291875713319,0.43368225259357923,1.0226620654701388,0.7227145803815812,-0.18197699075315452,0.22810412591152165,0.40089828519161064,0.859873215731212,-1.145288369045464,-0.9437001011604121,1.3290887775480116,-1.0182106091306107,-1.0011926046483937,0.2879826536677165
4,0.992926878,0.94098961353302,-0.44692927058329107,0.02860559010797068,0.556498228832469,-0.9078454079211593,0.22563827772644973,0.06938407736207154,-0.3177456654513977,0.7404525577315223,-0.6686218138388259,-0.8128890076161097,0.4838770654026773,0.42030222633423836,0.8820048902219089,-0.20689858152321974,-0.8612362367719779,0.3520130483383505,-1.3066624465301442,-0.3597503049073792,-0.9348783498100144,-0.9304361546170092,0.5251283339658421,-0.33137515119369215,-1.0094294556049195,0.029488222229368123
4,0.923573441,0.8990542888641357,-0.3693611676733554,-0.4249981964411616,-0.08653035141665234,0.5918540369049613,-0.8447260666564826,-0.4781782141934153,-0.20739201069131358,-0.22998877855200256,-0.6629248715912145,1.5375726989373497,1.2075441672768779,0.5990674102583067,0.7324578659510141,0.9803086162462974,1.2653993782602633,-0.06672923141691428,0.3633198748933184,1.7039436255484461,-1.4517551361927499,-0.9768599675189197,2.6597819255460853,-1.3986117858341351,-1.0259031575179711,-1.358326177047052
4,0.937893446,0.9370481371879578,-0.17268605383357016,0.03325758888459066,-0.32404778363001774,0.22301024646320805,-0.32659603744148,0.33410675157842373,-0.2607330360877074,-0.5145192894447586,-0.6607525286076217,0.4175205434948387,0.9836549941322708,0.4867361818540051,1.4933063444669399,0.7582758822419128,0.7585026999524443,-0.07533341027940832,0.21229608796150656,0.9595563000815807,-0.6741528911921747,-0.8773803684433973,0.6914649774656015,-1.0182106091306107,-1.1824033256919628,0.39592590985361925
4,0.980646469,0.9634421467781067,-2.2027977994329517,-0.18057365825864724,0.3976134750641082,-0.1684159054338463,-0.15522468049874757,0.3017514009645785,-0.2684875273479219,0.36878495464764977,-0.586977663429006,-0.6568859107775706,0.11167959819506015,-1.5660507697172488,1.2687070289698292,-0.5159337341195752,-0.7212592069182715,-0.5210336671817567,0.13040742472425002,0.2876400238580214,-0.34024133892722164,-0.41977421269599474,-0.2788321096163274,0.8203950782697558,-0.07042844656096932,0.5877502434969021
4,0.986208691,0.9676606059074402,-0.9588585359644374,1.3638557174295551,-0.59094519061007,-1.8494994455674372,1.4320481002278276,1.0418075214369535,-0.234933884176579,1.1461529312407435,-0.6576509297213696,-0.22202490323836865,0.9975179063709645,0.36561933252261264,1.7443164582695816,0.5011252523658702,-0.34240048511161314,-0.9215831353230056,-2.3848696190855074,0.39514879751541027,-0.9440266115159036,-0.9503320744321136,0.8023560731321076,-0.8385767201317245,-0.8199818836048242,0.7047200078495018
4,0.964406066,0.9607656002044678,-0.7033179018882563,1.2292780107397316,-0.43589770168567327,-1.5759280341176207,1.6356508753696266,1.84862333370808,-0.3247268498066706,1.354166479157496,-0.6132403778087718,-0.6843109676488963,0.95740129050862,0.2542043036871627,1.881687860925992,0.49406558516580734,-0.9666554166302724,-0.8064587044002788,-1.0445564269322676,0.2674070364684385,-0.7153200688686756,-0.8972762882585018,-0.22338656178307428,-0.08834106607755204,-1.0176663065614453,0.7658726205753533
4,0.815685218,0.8788987398147583,-0.37134477195072385,-0.367464339834421,-0.183398927145371,0.6343011196712832,-0.7738444680091845,-0.4479015913741762,-0.1697054618786887,-0.6238346281813228,-0.6619816254012318,1.6857920658204142,1.1226690774426347,0.5456493710217558,0.8451528074437231,0.918091622545374,1.0819020570945161,0.022587394521684186,0.3353796647471062,1.3596758059506087,-1.4243103510750823,-0.9834919407906211,1.7726531602140365,-1.2506779948938755,-1.0506137103875488,-0.4220933443663811
4,0.966396851,0.9353370666503906,-0.7133768768749095,-0.8555025485006637,1.0786626826402543,-0.06664432921928061,-0.6549649688799595,-0.040227935526955194,-0.13931277645353823,0.11948142006744483,-0.65822615859792,-0.3934140822131321,0.7341733624618232,0.4079256873835748,0.8542332561178897,0.6190414989491849,-0.048516751479711996,0.539204427141986,-0.023840814641968387,0.9819615068805947,-1.1086953222219078,-0.9702279942472182,1.8003759341306629,-0.5215757395454543,-1.0011926046483937,0.5388267631960535
4,0.963471382,0.9556917548179626,-1.1130210430942253,0.23273110992024296,0.23950373087658391,-0.8976213824646112,0.4733581138214298,0.9421171866953113,0.010255223564314232,0.3547965411454241,-0.6609214586599026,0.11447485505985577,0.8672558909975878,0.3639188401456036,1.3619495174446528,0.5599523487801995,-0.5758652388518329,0.04961557697957706,-0.5143755918350802,0.1569970675270187,-0.5872444049862281,-0.9569640477038153,0.3033461426328299,-0.4898756414868272,-0.9517714989092382,0.30131091322293063
4,0.965762839,0.9250838160514832,-1.469193295918056,1.4017006175637436,-0.8470401036785126,-1.753901687635458,1.3980727606752847,1.507222849490748,-0.30208330747337564,0.5636038238842703,-0.5863842458566303,0.4199375274142252,0.7381997723500435,-0.18095883094650317,1.7395413114459923,0.39721500543340343,-0.31915224017128296,-1.4009714524417225,-0.33026436368183787,0.9539092650277775,-0.6558563677803965,-0.857484448628293,0.08156395129981767,-0.6695095304857139,-0.8199818836048242,-1.2997516811830419
4,0.967738829,0.9547699093818665,-0.6446176221827251,0.9806420423113817,-0.6522061992544756,-1.0398983793201775,1.0119550216231652,1.4930441948332345,-0.2904099857870696,1.2820356692743422,-0.6388010453077866,0.7482105049835069,1.0621450389860523,0.33045032202721997,1.8059687793104207,0.7254732792573861,0.245707757771082,-1.0302091261205195,-0.11718778318882878,0.8892758555156657,-1.0766764062512957,-0.9834919407906211,-0.4174459791994601,-1.0076439097777352,-1.1247453689962816,0.7074806556664542
4,0.991876523,0.9642413258552551,-2.4914008571858535,-1.2110373568819597,1.3092805457987018,0.6582521400951874,-0.7960659259694046,-0.32575324459636046,-0.3458894903876357,0.45131089163443755,-0.6686218138388259,-0.9954999800142891,0.3877125226231955,-0.9525811172687257,0.6283987619244517,-1.2093058826358283,-0.7268577466010928,1.3284914121764708,-0.4631453199662432,-0.31895523383173535,0.8856257296619202,0.2434231144741539,-0.3342776574495804,0.08072612356845885,1.115678091178757,0.48895352008835713
4,0.946507585,0.9388718605041504,-0.5695333693117101,0.48714735662039027,-0.48905938576605207,-0.4522494057883087,0.3584756375028024,0.9081674497012561,-0.34526072980956624,0.7972481923052593,-0.6655228924398653,0.14829444760426463,0.9888229912711843,0.43646828905464446,1.5561249863218807,0.5104120579226188,-0.25227735686771857,-0.3427496450176242,-0.3057269960415559,0.3183480176676092,-0.45916874110378025,-0.8707483951716959,-0.11249546611656815,-0.7751765240144707,-1.174166474735437,0.43893536104183156
4,0.96537147,0.9581011533737183,-1.0261759014321594,0.0025064968030826533,0.31918577146892035,-0.4418090578195575,0.10244800532446943,0.6148897625523335,-0.3173447283018185,0.3982268452713521,-0.6664554857802159,0.014431460592169227,0.8184741132347694,0.32808613051116836,1.371436687219392,0.5734635765386872,-0.6713862823194328,0.09053934524116809,-0.5446904427790147,-0.010687607425667623,-0.34938960063311086,-0.8773803684433973,0.4419600122159626,-0.8702768181903515,-1.0588505613440746,0.32102209760031225
4,0.967311593,0.9619361758232117,-1.2052739483120058,0.08897759749717707,0.4000616798461145,-0.6821796473123045,0.3125625108168931,0.8621544021672922,-0.2687806250140187,0.3852435169307011,-0.6681527583295499,0.46631233924961363,1.0681735307340887,0.4274595093535288,1.5565306387361375,0.4862741927566339,-0.406416912130467,0.12691632073388442,-0.3562893699623366,-0.2334122590691259,-0.6421339752215626,-0.9370681278887107,1.495425421047771,-1.1027442039536162,-1.100034816126704,0.8804043104071769
4,0.984843144,0.9440218210220337,-3.3412602285009574,2.1587778079982662,-1.3085242425448051,-2.4485604253653115,2.5068512069179842,1.156740220121492,-0.3266236593875849,0.9211916273109476,-0.6018858135851134,-0.3858965100754212,0.8104277212792609,-0.2778912795887678,1.6714066408175952,-0.23359378189780974,-0.47020015507084356,-1.6848034534428808,-1.4262860505783401,0.22988454308961062,-0.7564872465451766,-0.8641164218999944,-0.4174459791994601,0.4505606009191073,-0.836455585517876,-0.5532643473847578
4,0.984307391,0.9528139233589172,-1.5023825724164424,-1.0254419941310877,1.1014375631368323,0.3959997702611359,-0.9199638160108468,-0.6458623099996471,-0.29285241239778126,-0.8568083660015858,-0.6628599689554704,-0.7592862723610727,0.8869511386327271,-1.505635569930384,0.6041725193045441,-0.6123588659277809,-0.5390312342088788,0.38364505048436165,0.25639209585471684,-0.31865187691040137,0.025689129308343134,-0.7712687960961736,0.4142372382993362,-0.6906429291914652,-0.47403414343073735,0.6902221175400725
4,0.994667682,0.9478655457496643,-0.6452771755828905,0.3250133094478001,0.045280553143176534,-0.7622760893176003,0.650757424276855,-0.164781025705478,0.538182052343084,0.8197918634103508,-0.6686218138388259,-0.8122880724693451,0.4147892945936698,0.1929204152948704,1.1350867042234445,-0.46890075526295494,-1.0999523815116579,-0.17351953068429643,-0.17784714200177626,-0.5683137039049251,-0.05664522604465913,-0.5325177583149201,0.2479005947995768,0.09129282292133467,-0.622297460648203,0.1201841103132886
4,0.962707067,0.9648872017860413,-0.2212846566282293,0.013701850560967059,0.3851616794831173,-0.44798870004681535,0.29541775457041336,0.5703816936937491,-0.33064550692562383,-0.15469192307309562,-0.6618588998107674,-0.1088717777932088,1.0545818063414443,0.5103266217776112,1.736990914676091,0.7570286121106009,-0.7650316240226982,0.4503344318477249,-0.29733436337065144,0.1287802775259619,-0.3036482921036653,-0.9635960209755167,0.719187751382228,-0.8068766220730974,-1.0670874123006004,0.5928973351361908
4,1,0.9573357105255127,-1.170290161544838,0.4288246057203226,0.12654576456069397,-1.2095138276801596,0.677588002615804,2.544552936788518,-0.35656604691812893,-0.37222650233994237,-0.6686218138388259,-0.13150051647169964,0.7856387824170596,0.3087257111588761,1.6291024034614328,0.8325491123247526,0.20742059263375154,-0.17577715973074118,-0.9122770843054993,-0.30352447843321007,-0.3265189463683881,-0.8840123417150988,-0.19566378786644772,-0.12004116413617875,-0.8529292874309277,0.7138415184638501
4,0.979179424,0.954908549785614,-2.134171716499037,0.9778651911420977,-0.6873715320514282,-0.7677195353840247,1.0200181499841408,2.787133513890577,-0.21590544575784743,1.7525766919007615,-0.6686218138388259,-0.8382927608360065,0.8777906194397976,0.10186097250237285,1.6402197788099047,-1.1541474007260681,-1.1749241805940167,-0.730831971537037,-0.36606140412565247,-0.46995068179405886,-0.47746526451555843,-0.9768599675189197,-0.30655488353295396,-0.014374170607422042,-1.0094294556049195,0.83870531732328
4,0.900401368,0.947346031665802,-0.6076724049843264,0.37131063843143375,0.29194565581779186,-1.2505609950648346,0.6010978157049655,0.870032716551575,-0.22530614684627165,0.7750410906681928,-0.6668348427605134,-0.45654948942685736,0.755254137572366,0.48983605942659647,1.4974408585821817,0.5718876078525985,-0.1734068177423992,-0.19944668189288617,-1.1395027570437637,0.0066717625818241396,-0.042922833485825256,-0.777900769367875,-0.30655488353295396,-0.5532758376040814,-0.7129028211699878,0.49043409619241013
4,0.951043551,0.9490627646446228,-1.1761012872735306,-0.4237391068814776,0.1997202149529405,0.6763635796468316,-0.4489900529958531,0.8611834349583036,-0.2893569225759747,0.13635201798663374,-0.642839672665537,0.3559401751484981,0.9358293358657895,-0.6990398930874311,1.369097456531815,0.7275540801542658,0.343851875558206,-0.1816098387297474,0.19274516605493539,0.9759035610878941,-0.8113768167805114,-0.9503320744321136,0.6082966557157218,-0.8808435175432273,-1.0917979651701781,0.804991681464013
4,0.985589354,0.9650482535362244,-1.620079905121291,-1.4955153793096094,1.6822429976207098,0.6499032516502887,-1.0056463193569083,-0.23089891587544417,-0.3408499087068253,-0.15071814178503554,-0.6463480300273048,-0.6620733473257102,0.14717119097365716,-3.4677322353428353,0.30963392362850206,-0.09083707516289895,-0.044630065804911384,1.4531368361203953,1.1646746613613872,0.16862942656508256,0.6294744018970251,-0.1942871214581443,-0.9441786836153643,-0.23627485701781129,0.4320194617871093,0.2888053758456509
4,0.974600105,0.9530132412910461,-1.0604654517612664,0.4671861114751182,-0.22410145016232294,-0.33941601395717647,0.7119778084300079,1.013657942127624,-0.12462909294924314,1.4254007604944006,-0.6118095125702752,-0.38575901579063665,0.6892162222478364,-0.6118895389662734,1.5400230157067907,0.04902596769647961,-0.5951468891127933,-0.8374710440880243,-0.3078624894143199,0.9320831941694917,-0.07951588030938193,-0.7248449831942632,-0.16794101394982128,-0.09890776543042748,-0.836455585517876,0.4432744821313102
4,0.950527361,0.9245275855064392,-0.5928045296053435,-0.2258736958639211,0.405774089299228,-0.4566518097555032,-0.2240717940941125,-0.4112144669111851,-0.3257889663783613,-0.3232598329973843,-0.664921306899406,0.49836160072184343,0.9832068277405238,0.43129747902524174,0.745471616118936,0.7796625609532303,-0.7388640119960868,0.18897991141340534,-0.38292065318399593,0.6330890969222658,-1.296234687192635,-0.9702279942472182,2.7152274733793385,-0.8702768181903515,-1.034140008474497,-6.126385048881802e-4
4,0.966416309,0.9320342540740967,-1.4227364604517159,-1.1081261850517836,1.2046892477507745,0.5288703824635588,-0.8423347836253906,0.8149640224969323,-0.308632492648094,-0.2747157387323149,-0.6555810734886851,-0.9313867598457727,0.4582539059998057,-1.867189698841471,0.0904840226298247,-0.5703946817573368,0.9064495506100341,0.7932190437837331,-0.1491604792827539,-0.013700033580854226,0.6706415795735258,0.037831943051407725,-0.5837826226992192,0.2286599145087181,0.8191514567438255,0.45633327098072796
4,0.962331582,0.9588103890419006,-0.4479586612516189,-0.6104741940960143,0.9237535995218855,-0.17243590322599073,-0.40881895885848807,2.7854403495500937,-0.33076445944496824,-0.06851205449355886,-0.6575371378337878,-0.12958849186582694,1.0436341222092336,0.46919489489487387,1.882376412603824,0.9460042074551617,0.21356846277101432,0.27255544583777924,0.23085194195791153,1.2485120410228432,-0.7793579008098994,-0.9238041813453078,0.6082966557157218,-0.754043125308719,-1.1412190709093335,0.6611093215118561
4,0.952955237,0.9168334603309631,0.1554120305602923,-0.3422865883847762,-0.017654652967414034,0.6743325761854331,-0.43893213066105446,-0.13911668823989518,-0.2826291360827503,-0.04288442020318994,-0.6636192406582999,-0.3113196582065539,0.2162234470477909,0.49337029805707433,0.5986769637968802,0.3930300074581568,0.30762287482570105,1.0646761495674149,0.23190155359097916,0.8075864329173964,-0.5872444049862281,-0.7447409030093676,-0.08477269219994159,-0.26797495507643837,-0.8199818836048242,0.1048159884249211
4,0.945683874,0.9437025189399719,0.6303878634481861,0.6814616574908213,-0.8197724350628665,-0.2172400317799474,0.4943938998728789,0.05891834614287378,-0.25733710782397057,0.2394662789517743,-0.6625405271169119,0.19570122934639972,0.2768779275752798,0.510864750961701,0.5060581040548595,0.5146881713758,0.5998811187736492,-0.14802149500955328,-0.35662310079708787,0.7378262914347389,-0.3997050400155011,-0.6452613039338453,0.4142372382993362,-0.2574082557235626,-0.7952713307352466,0.24290004267976206
4,0.903438994,0.9146131277084351,0.9375457911121873,-0.4346316257806537,-0.10331812259713988,1.020997722295447,-0.5655021904166132,1.431624295450403,-0.08849518896787842,-1.403504613817049,-0.6570197108452349,0.5151972594031532,0.19157248639677046,0.30949841609063794,0.7915822919501958,0.6269136505928598,1.140635335120839,0.5179182147577555,0.4209768592983921,1.3858398807839707,-0.783932031662844,-0.8906443149868004,-0.11249546611656815,-0.754043125308719,-0.9764820517788159,-0.06009836631558828
4,0.788774609,0.8693926930427551,0.5210516420050013,-0.4174908954832332,-0.03205288916285611,0.8067561966378901,-0.5958258931951909,-0.03957220651906807,-0.22633727030750092,-0.29176680195789384,-0.6562916569901405,-0.29720272115030316,0.11856799481420593,0.4714542291985976,0.8161646182366586,0.575923478298851,0.650851958394825,0.6134498028706719,0.07117111195345265,0.6457565465464574,-0.4545946102508356,-0.7911647159112781,0.5251283339658421,-0.6061093343684597,-0.8941135422135571,-0.7355887633498606
4,0.764927937,0.8296842575073242,0.26677257380160685,-0.7464987829846016,-0.08448651628207918,1.7133791537912173,-1.1262478426405034,-0.25622176267033886,-0.15998482985901075,-0.8282639607118338,-0.651021666017345,0.1949727705930993,0.6645566829032309,0.4870775148504202,0.5156842543234824,0.8652347655220679,1.2778462464468854,0.2554697569742736,0.7633956928666799,1.2601250955295495,-0.8891370412805688,-0.777900769367875,2.022158125463675,-0.8491434194846003,-0.7623239269091431,-0.71187038587018725
4,0.973564955,0.9513025879859924,0.12792458860089065,0.36068402167320873,0.10721251761306778,-0.38135588868922066,0.8389567627636981,-0.42494914798098554,-0.36568738426148373,1.9857663996088442,-0.6589568390916686,-0.33657080031639397,-0.4846456143643595,-0.4301943983627071,-0.347708531216574,-1.0064771948616038,0.40207604509091693,-0.5487108410289294,-1.2525128322981434,-0.6732025768780654,0.3733230741321294,-0.1147034421977264,-0.8055648140322316,0.04902602550983176,-0.5646395039525219,0.583347438549415
4,0.931166282,0.924947202205658,0.2764570315788369,-0.08402455497691849,-0.7258261005055267,0.999451657996349,-0.6823523738171876,-0.2691108829169994,0.022313258765307535,-0.9702365767293316,-0.6535136205753733,1.7513988462162522,0.9342421697393213,0.5413978971292536,0.8747608794520633,0.873522159355207,1.8258676763403507,-0.07818970982138392,0.5835159905089332,1.5279065233616957,-0.9211559572511808,-0.7646368228244721,1.8003759341306629,-1.2929447923053783,-0.9188240950831348,-0.8442921045344064
4,0.958899127,0.9175178408622742,0.6811129611145267,-0.21705555926076509,0.2095505327776189,0.2852027529218048,-0.05040825544929866,0.43149520089723925,-0.28269572616224237,0.3334573050593606,-0.6640280971509974,-0.5056244158097073,0.07506289417373538,0.30802269098408774,1.0532674962715907,0.4872901196981487,0.3333925212182906,0.10157057258932595,-0.020425717383080935,0.19781144313401974,-0.47746526451555843,-0.6916851168357557,-0.19566378786644772,0.15469301903858845,-0.9105872441266087,0.05395145880326671
4,0.920988615,0.9082352519035339,1.2531360247448173,-0.7820909712257319,0.2997625887175632,1.1357722434115802,-0.8208318020018175,-0.2759796122512233,-0.2833739089421107,-0.8839124770216334,-0.6601371914558899,-0.2495205934713649,0.1159379034211327,0.1856693837417476,-0.029691712518133045,0.2783481074190095,0.5290039846469902,1.2175586958141493,-0.2936303317356885,0.3422553008589261,-0.39055677830961183,-0.6054694643036365,0.2479005947995768,-0.5321424388983301,-0.3669550809959009,-0.7670637496920845
4,0.987187585,0.9166101217269897,0.9557908570392283,-0.04377356402610187,0.057766992130954535,0.08957934200985182,-0.07800545076820703,0.06012110185541535,-0.23265328515579425,0.38308012573858113,-0.654496132912573,-0.3792808355872007,0.33293410759024267,0.38191888034083865,1.1031510892159244,0.6661821945066179,-0.1662589719823976,-0.2424653026991527,0.21223649809838893,0.1195471959566315,-0.37683438575077827,-0.7712687960961736,-0.6669509444490989,-0.26797495507643837,-1.0835611142136523,-0.39479846572088
4,0.880657218,0.9013802409172058,0.2849796042002724,-0.05125702056994994,-0.6481860933015852,0.8705426656008556,-0.49762646951682554,-0.34571494378006346,-0.18044921368701167,-0.981233166810094,-0.6580184520118973,0.23426685384991208,0.6361424940043628,0.45842603807697024,0.314879101414726,0.6131772041038948,1.0948509547695917,0.46111433745504377,0.35315807481198647,0.6482918749980913,-0.93030421895707,-0.830956555541487,2.6043363777128326,-0.7646098246615948,-0.7705607778656689,0.4564062441123221
4,0.962796124,0.9339780211448669,0.5291011816058053,-0.1491839071626353,-0.059668283136643865,0.49770185077725654,-0.11705976662726499,0.8101914742665072,-0.311960722228404,0.2626404676103068,-0.66324501659550406,-0.17512988020321418,0.14352010566812073,0.424054952397013,0.6129246746804413,0.5682764231680619,0.3077468545426214,0.29008134672121916,-0.5275849678987639,0.3431479056183665,-0.4042791708684457,-0.7580048495527707,-0.3897232052828335,-0.15174126219480583,-0.82821873456135,0.2566428687775061
4,0.96962395,0.9446786046028137,0.6863359584220918,-1.0888766674995045,0.6742149284620405,1.2568484458371503,-0.9453355019780949,-0.10685126540333074,-0.3148380344234974,-1.4013874365791155,-0.6597244006250076,-0.3125310279361532,-0.14852278490975684,0.3425165619095467,1.1506834390564578,0.42170710923590693,0.11115307755429382,0.9306530242446159,-0.09630147940558854,0.6414663442680751,-0.9714713966335711,-0.9238041813453078,-0.3897232052828335,-0.6695095304857139,-0.8117450326482983,0.21045426183027788
4,0.936113053,0.9093206524848938,1.2939575946195359,-1.0135818105891254,0.7238057707170881,1.0068016813173692,-0.8943124760917828,-0.2715919516492754,-0.07307598907389086,-0.30374355084884286,-0.6574635425152978,0.07642111240715883,0.1591089773119954,0.14672983643661197,0.8408980947703959,0.6755760038282278,1.0249636841422696,1.1188326118442369,0.43073589525448186,0.6184433924656171,-0.34481546978016625,-0.4463021057828007,-0.16794101394982128,-0.46874224278107596,-0.5646395039525219,-0.08006394268354206
4,0.904730077,0.9038880467414856,0.4151365050307067,-0.251751394265693,-0.6357065839275045,1.3360951780445174,-0.8304116031749164,-0.25050049039843625,0.1508190820790666,-0.8862244141219697,-0.6613419302495842,2.2542772334232937,0.9262007565957993,0.4727737257379537,0.7648260717075367,0.8837723575269745,1.9383642462302444,0.20312760872679866,0.34307318329422853,1.704187230348911,-1.2459192478102445,-0.8773803684433973,1.550870968881024,-1.4091784851870106,-0.9023503931700829,-0.15519683038602636
4,0.945001893,0.9211347699165344,1.1334682132707878,0.04309764646165244,-0.16821537202453088,0.14634765125850382,0.09132705978898224,0.024786183666536284,-0.3416223556933731,0.015929833239918388,-0.6643542213780349,-0.18624047798043128,0.3368341108543433,0.5065608266813093,0.6041176754890165,0.26080561048026996,0.3853873777574695,0.660675090103944,-0.23928271826929262,-0.12957778121347102,-0.5140583113391151,-0.8375885288131885,-0.6115053966158459,-0.42647544536957344,-0.8117450326482983,0.3639889620483464
4,0.921017349,0.9044614434242249,-0.05152158224512734,-0.3164303934471399,-0.43887086491236105,1.1069868613600797,-0.7569340747876628,-0.29543951134053753,-0.14396733765340933,-1.391165044749966,-0.6593266634851324,1.2031179140951582,0.8563162551181897,0.5884806385877762,0.7909695421022706,0.7576347576125495,1.3785093896860032,0.43540798038342843,0.5486143171961243,1.6148357473284622,-1.1498624998984088,-0.8243245822697856,1.6894848384641568,-1.3457782890697567,-0.8117450326482983,-0.08872172556451424
4,0.973363932,0.9297117590904236,0.2466983890676838,0.06710550087958786,-0.38749913291485466,0.23248414464881134,-0.1924876872776311,-0.018392685634156733,-0.2402313629268121,0.41517702650109584,-0.6637380200699393,-0.15644014337307274,0.30517098191382613,0.5392483728664661,0.1800279023750818,0.42543696380709584,0.0296701976128337,0.5166861262736148,-0.15709286590300497,0.7011541166990444,-0.2579069835742197,-0.7115810366508601,1.3568115514646384,-0.8385767201317245,-0.7787976288221947,-0.042314951522831636
4,0.957671103,0.9425697326660156,0.8620766791065667,-0.03709422670688581,0.057443272185346686,0.11512465263491875,0.06837742207179141,-0.09476628547635993,-0.26870462649036136,0.07104694818315109,-0.6633337900519323,-0.5782276511461958,-0.5050573807510387,0.23833464329611467,0.5151300932172621,0.30800605176793366,-0.5182079592340424,-0.1000962646128058,-0.7509998565368897,0.15144747439340134,-0.08866414201527086,-0.7182130099225617,-0.5283370748659663,0.34489360739035063,-1.0176663065614453,0.1142945800243014
4,0.92080478,0.9027643799781799,-0.15501742663357743,-0.5005180530840568,-0.39017652540476094,1.41079367055392,-1.011723343468036,-0.23110224451067887,0.06754639200895234,-0.8083758298576593,-0.6562526398269427,1.5582045392481445,0.9498524617029336,0.5759370036658843,0.959739671063791,1.0023523016498617,1.8903095100093952,0.5264749280446737,0.8712521286481018,1.7589192538013596,-0.6741528911921747,-0.6717891970206513,2.0776036732969283,-0.828010020778849,-0.8035081816917725,-0.2191600371287171
4,0.906117094,0.932236909866333,0.6272632136376715,1.1189291388885527,-1.6758115715031077,-0.0030598546923770033,0.4803716879910092,-0.19083816735849282,-0.25571172755366145,-1.148614604573247,-0.6664570691803372,0.5971602481841517,0.6049563553054114,0.5960309107962556,0.6560172918848133,0.5610649040051883,1.3329368514894497,-0.7615155056820501,0.15854238761367767,1.3152652719307019,-0.6284115826627291,-0.9171722080736062,-0.19566378786644772,-0.2574082557235626,-1.1329822199528077,0.43719128357151954
4,0.964977448,0.9430937170982361,-1.5003939901986634,-0.7808499437586329,0.2809489928717372,1.4288590780305128,-0.6638724866846493,0.407536643780949,-0.1862443344372326,-0.33513192445994994,-0.6615761030404632,-0.5800059834780159,0.017726039299423877,0.08693434676235298,0.8870936170566246,0.5708839717005644,-0.5442737173977358,0.8527724452810195,-0.4433992090379028,0.32886806799411433,-0.4271498251331685,-0.7977966891829795,-0.6946737183657254,0.21809321515584265,-0.9435346479527124,0.33730441157360563
4,0.939887713,0.9454044699668884,0.6354020717121642,-0.060050186067407814,-0.19126132092154405,0.374385720865894,-0.0939689940118859,-0.027028965781693018,-0.15554371580835646,0.2301638606616996,-0.663837300171141,-0.09188301483800161,0.16985082023594703,0.4086645569226419,0.5123959497594273,0.244407761069151,0.038168877916904334,0.5808524695229683,-0.2626499200502362,0.41410584730859445,-0.43629808683905746,-0.6518932772055468,0.2479005947995768,0.3765937054489777,-0.7787976288221947,0.4917714081474836
4,0.901556075,0.9286280870437622,0.8283636352315891,0.10216230044164497,-0.3124955045840661,0.32863365340143047,0.03732042654339505,0.0952965395140348,-0.3331893299045845,-0.8876499188180861,-0.6637601482128553,-0.17045866717204203,0.13331792477888718,0.5783746867138041,0.8700257616165776,0.3825713145622052,0.34984256076959513,0.29370509597112143,-0.22199773924906308,0.4588997141654595,-0.7930802933687333,-0.8243245822697856,-0.30655488353295396,-0.5744092363098326,-0.9105872441266087,0.09214623697002153
4,0.902244698,0.8756781220436096,-0.2291427114545062,-1.0854643622571596,0.4366575221905177,1.49837138777151,-1.202300580220856,-0.139996709009901,-0.12369423794770298,-0.5009385746336493,-0.6566527732839844,-0.45013389483387156,0.7497237200085561,0.504331340039541,0.7016285699974355,0.8007035370214973,0.3283225482146629,1.2549767198451995,0.8000684901656772,0.7248545656258153,-0.8113768167805114,-0.8243245822697856,0.13700949913307078,0.19695981645009136,-0.6470080135177808,-1.4329319638908953
4,0.918848645,0.9280081391334534,-0.054531895198437576,-0.7362896229845215,0.3842680530031775,1.004462664181886,-0.6487224836730174,0.05451266203181755,-0.27676917288035446,-0.9056291049019194,-0.6619008328968883,-0.2003849624743967,0.24984420540182395,0.46983519041080235,0.3281034295356268,0.17135731516261002,0.09073354912242262,0.9206292381997084,-0.2271763044732899,-0.337792779383182,-0.49118765707439227,-0.7845327426395765,0.35879169046608306,-0.4053420466638222,-0.8694029893439794,0.025230284157645128
4,0.928117125,0.9349341988563538,0.39414432713036646,0.2608012276190111,-0.9210641484846556,0.5046677148785838,-0.35462106895013085,-0.3988069874617378,-0.18534104709550725,-0.5354173263406209,-0.6624750277609883,0.9684591593881803,0.6520715000136746,0.57939334080343885,0.9605001630248322,0.769693623935977,1.7435525876071392,-0.02200689927008155,-0.2990512908760516,1.015404309299179,-1.0766764062512957,-0.8840123417150988,2.022158125463675,-1.366911687775508,-1.042376859431023,-0.0793893255436425
4,0.948016489,0.9336246848106384,0.4594528735286693,0.7397777854290147,-0.9619346114936944,-0.07709745203465085,0.5284821593141891,-0.033593044551554284,-0.2035865090929549,-0.2269686911046809,-0.6643980519117123,0.07140570838493675,0.21194086121869785,0.48211905650962467,0.3083936965706172,0.3641995678685416,0.6293190519170536,-0.01342436194352225,-0.4681117992783716,-0.15406695813571067,-0.4408722176920021,-0.7646368228244721,0.8578016209653606,-0.6589428311328381,-0.9105872441266087,0.11143830829420881
4,0.961855118,0.9326797723770142,1.4116067598247792,-0.8567265734323224,0.4562880316182035,1.245572905304929,-0.6503185474429914,-0.17784137063136782,-0.24974242735523422,-0.1940294071137838,-0.6626856486170529,-0.6825176157415948,-0.28660449241724095,0.3259964858791733,0.6276549316175154,0.5492629390596085,-0.12386627955627516,0.8909828925393319,-0.5069661384837422,0.3225655981375502,-0.9577490040747372,-0.857484448628293,-0.5837826226992192,0.14412631968571302,-0.7376133740395654,0.3974106399638191
4,0.959513494,0.9420096278190613,0.31971476485513817,-1.0922004311263882,0.9120788786538312,0.9855559711127887,-0.7954281424774853,-0.2116090339305299,-0.31527298273507504,-0.28386074512775805,-0.6644461594108292,-0.507707647863091,0.020275441163110888,0.1429181321712508,0.6210882855010614,0.4154315929335918,-0.20254206793492582,1.3643005882568737,0.028676312018043798,0.36910514618718276,-0.3997050400155011,-0.7182130099225617,0.33106891654945636,-0.4476088440753247,-0.5152183982133668,0.21395664505966955
4,0.934408693,0.8868485689163208,0.04888320496470961,-0.727461731450302,0.12275419600886817,1.2359645688429508,-0.880595121504695,-0.051691602531372734,-0.16986258889900266,-0.40282921656491455,-0.6546290562393338,0.1845749321279171,0.6882252909584651,0.5436623317070851,0.9199215057153396,0.671852365379553,0.931504568520964,0.8886146584675108,0.7895981866117995,1.2287653439707928,-0.6101150592509509,-0.7845327426395765,0.9409699427152403,-0.21514145831206002,-0.9023503931700829,-0.350335046964047
4,0.923200607,0.9167470335960388,0.32516452597342993,-1.0503788991932952,0.5062687689491872,1.3385281828836526,-1.173615895683447,-0.1149207229731591,-0.26449752442217767,-1.2929757413428986,-0.6550161525805834,0.46362625441894606,0.4831341000816196,0.5245915925094712,1.5119124119975098,0.9286774896354029,0.809721757243298,0.6740485966350025,0.8330477977441616,1.6619213378364963,-1.666739286281144,-0.9635960209755167,0.27562336871620347,-1.1661444000708703,-0.6799554173438843,0.05465817954184794
4,0.946061804,0.937214732170105,1.2019936266723361,-1.0810737676116848,0.636291478886193,1.3052450131196751,-1.0080267527439206,-0.3067710486128481,-0.2522028801740026,-0.9727537207793961,-0.568430018507522,0.09381404902392829,-0.023703785123115446,0.21366853143531894,0.85908672467943,0.6534277556167033,0.5208159787706733,1.2605667785803523,-0.14486267030979447,0.8954818027154414,-0.43629808683905746,-0.6717891970206513,0.3033461426328299,-0.5955426350155839,-0.7293765230830396,0.5437688039335223
4,0.968373231,0.9515367150306702,1.2907434366995159,-0.4680620430719344,0.4148838718120615,0.4634311041115329,-0.17772642763702448,0.9246389462498101,-0.33839228814005184,0.3932937938065148,-0.6481351321340211,-0.3879925165729586,-0.6449929992504845,-0.4372046614568838,0.3336441754947491,0.4280168193044464,-0.06769742691715398,0.09099106732437423,-1.1321417272730603,0.12793823225341078,-0.6146891901038952,-0.7381089297376662,-0.9164559096987377,-0.1411745628419304,-0.4410867396046338,0.5121501118747345
4,0.907590479,0.9273638129234314,0.9483213660188603,-0.5876440155521807,0.17128087056454783,0.8628829315093364,-0.7615703318503483,-0.5289815049529895,-0.20575983142818652,-1.1923116086530108,-0.6647870174512758,-0.3146480064025701,0.14419821813568723,0.41795416669700824,0.2419982852742685,0.6207484599974484,0.5116435750026179,1.2875718427747451,-0.2154393117688529,0.6598957368708178,-0.02005217922110246,-0.545781704858323,0.6637422035489748,-0.15174126219480583,-0.622297460648203,0.1708588476462517
4,0.900626855,0.9121621251106262,-0.13603090494799303,-0.938735733047676,0.3486029465836066,1.3761717421557684,-1.0676910964038897,-0.444601987683523,-0.14251603376814162,-0.861712630716783,-0.6613310342160433,0.19439443050098137,0.5810274334400087,0.4894993374532929,0.48651749145335593,0.6679177369308618,0.531374211497192,1.5277657497755057,0.4274362971780058,1.120236187941644,-0.7930802933687333,-0.7911647159112781,1.9112670297971692,-0.9653771123662325,-0.8694029893439794,-0.19706736429853924
4,0.961694975,0.9438413977622986,0.24332741586560983,0.6281254714814939,-0.6182932502033158,-0.10454154712466682,0.6658427800674878,0.2894631228369053,-0.3013174479540131,0.6616092855217882,-0.6651564863550639,-0.06353851312989467,0.3342176804674814,0.4607634648825678,0.7533453183805952,0.5530500582307515,0.46666969261099955,-0.23132087904259754,-0.8280675816521063,0.7961912438360115,-0.4500204793978913,-0.8375885288131885,-0.36200043136620697,-0.29967505313506543,-0.9352977969961864,0.5381510666687298
4,0.9169475,0.9103578329086304,0.3388548306047898,0.5532598694834652,-0.7545910365111707,0.13491871665560412,0.42408559592584816,0.2996281080632194,-0.32035486668394786,-0.6063823550584343,-0.6638410764638272,-0.32135238785389914,0.02778169454970829,0.4724533400565556,0.4558986653777051,0.15470180390862787,0.2990031314862584,-0.28104034978749864,-0.38575157679785377,0.4885101074778566,-0.49118765707439227,-0.8508524753565914,0.22017782088295035,-0.27854165442931383,-0.82821873456135,-0.6681496837870838
4,0.965062228,0.961166262626648,0.45948772588426534,-1.180122322413231,0.7654030879692644,1.4618838468823914,-0.881651482625582,-0.3950702382602263,-0.3272230736425878,-0.8062413159221241,-0.4407542185609297,-0.37948811284970585,-0.2344654493346535,-0.02080399767924449,0.19081709300300934,-0.2059584340151634,-0.004819450453554076,0.964903357827898,-0.04560456808569785,-0.4282280739498515,-0.3036482921036653,-0.32029461362047246,-0.8610103618654846,-0.4053420466638222,-0.095138999430547,0.5082007150626788
4,0.984014701,0.9310550689697266,0.5246993819212948,0.4969713340313149,-1.259002423717408,0.48968785780047364,-0.1260075164331231,-0.16705307723036222,-0.2853729152585325,-0.5727907949057689,-0.6555634267575916,-0.050931134259364824,0.5640716148416878,0.5534545765108974,0.2990974964159256,0.5491635133512578,0.8125058318079005,-0.23055470745172607,0.2840103969794455,0.9020490204306248,-0.24418459101538614,-0.7049490633791587,0.08156395129981767,-0.15174126219480583,-1.0176663065614453,0.1115029734135093
4,0.933437296,0.9266623258590698,0.5257119153193017,0.0551627886359873,-0.4901669515405698,0.5723131040056334,-0.1910996925419025,-0.21782924276537663,-0.19039340162142282,-0.7413002835208268,-0.664838432906693,-0.1774053005005033,0.30396948396515033,0.5329401246368042,0.5152491989606482,0.2755674376678007,0.48994511744956526,0.6020440545132988,-0.24341497288644973,0.7499247170155796,-0.6238374518097844,-0.7381089297376662,0.4419600122159626,-0.4581755434282005,-0.7870344797787207,0.12382017403968502
4,0.941184774,0.9306852221488953,1.5002898789958456,-0.6467063256633401,0.646621332586905,0.5275564968154164,-0.30091256126090654,-0.18184297008507494,-0.2909694455179681,-0.5344653170373008,-0.6485265094977823,0.1606503636742088,0.08121774834249373,-0.14193055160578735,0.4917867719865988,-0.4573006422891196,0.4071245960484807,0.5271935078838808,-0.37943501457992107,-0.2651709709426068,-0.5049100496332258,-0.6651572237489498,-0.6115053966158459,-1.049910707189238,-0.696429119256936,0.5340701971975811
4,0.960693712,0.8652739524841309,0.23191719757895893,-0.5793174813561419,-0.04668238285999647,1.0255942293335953,-0.9395113129994221,-0.29549622788191393,0.07475765209605402,-0.6693347891897767,-0.6485917676833071,-0.12939734982958015,0.6526377509312901,0.5497999620285363,0.42052718163984215,0.7417547984565845,0.7795009049206411,0.8095651000938475,0.2639596979559924,0.8450887025014686,-1.0812505371042405,-0.8442205020848899,2.992455212545604,-1.3140781910111297,-0.7623239269091431,-0.18334996922267482
4,0.958449251,0.9367793202400208,1.1291971065334094,-0.3053986785118967,0.7923960450676881,-0.29347560342559353,0.23791347661929022,-0.06457156824971692,-0.3674124301058455,-0.1196173290549656,-0.6651135431781922,-0.6025260647151354,-0.6483541846569522,-0.40930775046686874,0.1723514270275721,-0.7520963426597287,1.278854494262689,0.1446564335682982,-1.6606106164536434,-0.6453709582407632,0.034837391014232055,-0.6253653841187409,-0.9441786836153643,0.15469301903858845,-0.7787976288221947,0.5544791074183436
4,0.927612342,0.9436322450637817,0.7868729488929447,0.47961141843066646,-0.5433216640519724,-0.19705892853764995,0.4651652217658161,0.21393032976485604,-0.24778961826872953,0.28633555698274726,-0.6632428998256334,-0.11178262881207274,-0.08326629078431842,0.11747466414317692,0.23268264719335385,0.05110672785416271,0.3963881131535578,-0.14827190080544556,-0.2916179579516109,0.5814742956523741,-0.09323827286821548,-0.47946197214130815,-0.5283370748659663,0.4611273002719831,-0.6881922683004101,0.2788677665671032
4,0.966694289,0.9571795463562012,0.8595291791574509,0.30727339520699876,-0.8077539466180558,0.2611359862598748,-0.20558397744699236,-0.4430969445585455,1.18541505846096,0.18018393836758248,-0.5609092041571708,1.6302831549238515,0.5393668198426973,0.5182131133042551,-0.39117252244514833,0.7769311381016282,1.2190452495308937,-0.4073454612997429,0.2466789069872917,0.12962416132530938,-0.39055677830961183,0.004672076692900291,1.3290887775480116,-0.9970772104248595,0.11901912543912593,0.5387584837643192
4,0.98266217,0.989302396774292,1.5551471277486333,-1.1934091748392928,1.9018663818384969,-0.26352427351177604,-0.3969168024853819,0.13259352814460054,0.09085518134510433,0.34561912218131285,0.2095323268213508,-0.9796554430908352,-2.5140527350140105,-0.5336545310096197,-1.1560253027364344,-0.8421870730509303,-0.7993522624981342,1.4843435243714043,-1.356422900402151,-1.2379777848034286,1.4894110022506022,2.1865912830826897,-1.0273470053652438,1.3064632485020369,1.1650991969179123,0.9442084383396904
4,0.958172885,0.9692407250404358,0.10516231604427165,-0.541720444621441,0.9551580004445878,-0.19333323177401202,-0.03882456796667955,-0.2568137957824659,-0.3138653128400581,-0.01237529570022659,-0.6556372603313988,-0.10190359708901206,-1.1223753885653602,-0.23291117807301293,-0.6635267761412958,-0.16546631037911574,-0.7601070395244118,0.8414820171962155,0.21857944849111047,-0.7994073295236113,0.18578370916140272,0.6347095375045415,-0.9441786836153643,0.49282739833060984,1.1568623459613863,0.5723082326330662
4,0.987985866,0.9788925647735596,1.586160556651823,-1.769180498487299,3.1583830956177517,-0.9869408214708854,-0.4816343370686959,0.3628903466470464,0.03382806914530919,-1.1220920800970344,2.1903289983510748,-0.878114237064579,-4.033129866447359,0.21812466639285713,-0.9047161342094894,-1.666269103240565,-0.9037658195540195,3.1841958183101218,-4.250732439301918,-1.3518175254827192,1.562597095897715,2.8497886102528383,-0.9996242314486173,2.3102996870252257,1.9311263358748187,0.8976787122578197
4,0.986176885,0.9694390892982483,1.069392699326279,-0.7486132591564696,1.0229502061264601,0.23135065741865202,-0.22350046567808024,0.8583289577870614,0.10805274424710717,0.8887633787769905,0.17326574733396416,-0.24632729433846437,-1.1440265459940238,0.44042939918148927,-0.66884688462225,0.12497963195195286,-0.5421119312520655,0.7966182813752102,0.1261800725118613,-0.7797782981865025,0.45108329863218705,0.13731154212693003,-0.6669509444490989,0.34489360739035063,-0.2681128695175904,0.2982484457861745
4,0.963822894,0.9726313352584839,0.229209394403142,-0.07282608676318754,0.6643637635250488,-0.46998640246345186,0.5403124056123495,-0.32899499224093914,-0.32308718377481366,-0.596173997346947,-0.6061422782483615,0.613706361429325,-0.49804841020003265,0.027604292286472987,-0.1366206228436936,-0.4035485532885467,-0.6141257538202445,0.3652153759747201,-0.21136786792699055,-0.6643041071856,0.8032913743089183,1.1718993725123616,-0.6115053966158459,0.18639311709721557,-0.012770489865288233,0.6147509236519882
4,0.972194667,0.9645964503288269,0.46628583835622617,-0.2780279327438855,0.4886383446227457,-0.07432645326095136,-0.018139127041916312,-0.058606790179290845,-0.1691437931976781,-0.06250359212407351,-0.6168198246008628,1.0437144387446762,-0.14341423163781916,0.29239276693344096,-0.27329692145814755,0.23427318752904064,0.06966860633016904,0.15020843852950985,0.28816042772176975,-0.4231785601047366,0.14919066233784606,0.2036312748439449,-0.36200043136620697,-0.4053420466638222,0.38259835604795395,0.400694381822463
4,0.976276375,0.9732177257537842,0.4924756362270888,-0.037884808118750626,0.4706742499568602,-0.3918235020970331,0.4033126667947239,0.3066217586210403,-0.017405175260151756,0.7086768827392939,-0.19846805213195998,-0.48706891649979794,-0.8607381836495702,0.06266602277177631,-0.6148779305984363,-0.6107493536051576,-0.8542627641843139,0.16314469350554672,-0.9971469947164671,-0.7567323647990946,0.6066037476323023,0.28321495410436265,-0.777842040115605,1.1162626601502743,1.321599365091904,0.5956486936795574
4,0.995697814,0.991000235080719,1.516955515543466,-1.4304596506450393,2.2921322631986736,-0.15923849558625314,-0.2187192555699313,-0.6723805258670457,-0.18036119599741757,-0.7688772379142533,2.325560386835025,-0.5460889592959991,-2.672024649782087,-0.9330783493330526,-1.488410501078394,-2.84377846863914,-1.3687532032085488,1.7828194054845319,-2.388898640402763,-1.1787726256564002,1.5854677501624377,3.3073947660002405,-1.0273470053652438,1.4121302420307935,3.1666539793537,0.9078729540735619
4,0.987469727,0.9931705594062805,1.0545767299817481,-1.9024084928332605,2.7158371830864785,0.06913565772316314,-0.9406889658684562,-0.5570496817346408,0.11568202329024055,-1.190436731435468,1.5341614681954276,-0.9591580180275756,-2.8566498205310693,-0.6429004420850901,-1.3906321559562944,-1.837881301342289,-1.1585452978122412,1.0994497096911144,-1.6647685847945575,-1.370633008712614,1.6312090586918833,2.683989278460301,-0.9996242314486173,1.454397039442296,2.7383377296143556,1.019306834707677
4,0.968160844,0.9581282138824463,0.25767445645058673,0.22245640915951354,-0.07316968560409771,-0.41422312596535577,0.24332773418776793,-0.4422746903212835,0.8443124597857498,0.46948227937417747,-0.5753431406124437,0.32002849920136517,-0.010971858866543184,0.15114601031086206,-0.7741086950651204,0.17551708708742775,-0.30632401471930853,-0.5271599859800465,0.9194936898636785,-0.3281331595971873,-0.3539637314860555,-0.09480752238262201,-0.16794101394982128,-0.6272427330742111,0.5143879713523681,0.44400534189773366
4,0.984563749,0.9856090545654297,0.3583011175759469,-1.5309438820258565,1.6959187382604057,0.6847618970238083,-1.0315975386200646,-0.5340986383299401,1.2250050805471377,-0.8701225101544944,0.5848785135599275,-0.07129583836947789,-1.1509852130782314,-0.9194488218195482,-1.1177664437177166,-0.6547585424978329,-1.0824125054542038,1.5906542750546682,1.0483054237653915,-0.637787035207412,0.6980863646911936,0.7806129494819741,-0.8610103618654846,-0.04607426866604913,1.2721782593527489,0.8645196198647281
4,0.971719981,0.968418300151825,0.02558139816717229,0.13538350919641437,0.29797913970304307,-0.725172989979791,0.43733897030214175,-0.03324601658623765,3.5039913978308226,1.168426293196696,-0.2010959656082737,-0.04209204663164571,-1.101861848706634,-0.03746447534210517,-0.9258950977248307,-0.6149800768027386,-1.1163841162347148,-0.31798431155772877,0.39194647696905016,-0.6416479414789362,-0.18929502078005128,-0.03511976293730849,-0.9441786836153643,0.006759228098329225,0.4320194617871093,0.7332397295513831
4,0.959979277,0.9435337781906128,-0.03227507661585446,1.3436710078880139,-1.231921495720852,-1.1383665080809169,1.1059863449490102,-0.23533391739252554,0.1785308233515395,1.3938114799369765,-0.6251721113615017,1.0576056841949029,0.2898654831599752,0.13792062757952067,-0.3154898792126229,0.3157722673532086,-0.024740843685616663,-1.3736523733461952,0.09790894619534445,-0.23989950086868458,-1.5295153606928074,-0.7911647159112781,-0.8055648140322316,-0.8597101188374757,0.11901912543912593,0.41297061478959773
4,0.896780157,0.9334964156150818,0.5539788485656222,0.683566127707066,-0.6580396729980086,-0.4932991574485229,0.6728893905281557,0.21336798732934265,-0.10249099206782696,1.0097677263566582,-0.6188355368919393,-0.007714878076018853,0.2469029220876135,0.4832863256166642,-0.08423804920651597,-0.04331932701848782,-0.144025564483062,-0.9513286296871547,0.015777472796595242,-0.33031181385040465,-0.37226025489783365,-0.36008645325068145,0.2479005947995768,-0.5532758376040814,-0.5316921001264184,0.2046223315792734
4,0.988152805,0.9506186842918396,-1.0035265908730087,-0.20967495856993973,0.6664564765604715,-0.491279679323199,0.23852169191398112,-0.29613773948750816,-0.33454773163673934,-0.14198892798747306,-0.6676530070726434,-0.8899171241763074,-1.2032458995992827,-0.41846988019676595,0.09130668690018443,-1.143470563574406,-0.3087455221341966,-0.17573385329292832,0.5158600392021431,-0.7619197681539067,0.2681180645144047,0.38932652645158655,-1.0550697792818704,1.464963738795172,1.3710204708310594,0.014150961008708218
4,0.964503498,0.957175612449646,-0.014265829610203177,-0.030953456738175133,0.35582563422512314,-0.05996921742994532,0.3744604847156968,-0.027387240201861205,-0.004656953358444022,0.07983749613589758,-0.6396863370939121,-0.006606351545003444,-0.2796819416653703,0.43177901259209234,-0.30316892832336523,0.32270115324277154,-0.4816238628985101,-0.06898416637018896,-0.30674277271461864,-0.17424019340442462,-0.18929502078005128,0.031199969779706377,-0.5283370748659663,0.3026268099788481,0.184913933091333,0.445612026432475
4,0.959413676,0.964792013168335,0.4556707156758243,-0.08821031942118893,0.416442286691371,-0.5224643454143234,0.06021424683522267,0.1857432810704871,8.957905341400695,0.8604034580408033,-0.47450750773863765,0.17869528142626942,-0.8750715386362853,0.08471650831559664,-0.49439353461352326,0.3494809593110697,-0.37329135336945607,-0.3879322909047171,0.2574652242373941,-0.3091476126386659,0.2681180645144047,0.30974284719116874,-0.5006143009493397,-0.12004116413617875,0.3331772503087986,0.8511694127652272
4,0.99179382,0.9900577068328857,0.6991597831044116,-1.286762904798669,1.6057354193562063,0.2322299291974102,-0.7496590675500849,-0.5333500204437972,1.6715326959078818,-1.0749572214430108,1.9300370992609448,-0.7848475677409329,-2.4140949940829115,-0.31313022616870123,-1.3452681440592669,-1.0311069326470776,-0.5316991521662664,1.7559336571388766,-1.1836775365880483,-1.1211440032369107,1.5351523107800478,2.7304130913622107,-1.0550697792818704,2.0778323012619606,3.6361544838756754,0.8530540886246718
4,0.986141907,0.986856997013092,1.7807592327050838,-1.9354726361061305,2.5697484726307334,0.3403537532675684,-0.7843776534905489,-0.5982650322679587,0.08832139709952487,-0.9353352314740663,2.2768822148434933,-0.8779015085172801,-3.1146411259545874,-0.23697260476079648,-1.510557844997282,-0.7643809431776438,-1.2625313265914977,2.1113977261090837,-2.101876131552943,-1.2992972497658155,1.5854677501624377,2.989060048958569,-0.9719014575319909,1.9510319090274528,3.1501802774406493,0.849026289035194
4,0.921224814,0.9421566724777222,0.23579089535372733,0.07900240114143096,-0.057736060700312494,-0.18135328966271752,0.013912623726889856,-0.3594534309566794,0.38697016054481365,-0.4913294670968474,-0.6311413733963489,0.14002570851928878,-0.4095675791214347,0.19586441615886085,-0.8529219085817993,0.32617927805087304,-0.05824110610424913,-0.5165835556731269,0.5020544951720596,-0.48616281108086884,0.22237675598495907,0.707661243493258,-0.4174459791994601,-0.21514145831206002,1.181572898830964,0.5060084301417975
4,0.954660995,0.9716980457305908,-0.2606342800001918,0.21483120546955808,0.31574132691622714,-0.7814437782311427,0.5530443789468983,0.2108535713008997,-0.29094788451332304,0.28399316891323734,-0.6596795694069761,-0.19519759433949865,-1.13392438876916,-0.503324852938911,-0.07333951427432227,-0.5477744914469335,-0.15635103069977657,-0.14788378315429468,-0.32918883799302195,-1.1378194412763036,0.1354682697790125,0.6015496711460341,-0.8610103618654846,0.7252947840938749,0.39907205796100564,0.41929232526134685
4,0.971044429,0.9677383899688721,-0.3739283027066366,-0.4264545416819702,0.9990249491541284,-0.5481912826543053,-0.09973375086131966,0.45548366620753666,12.331835352236622,0.3744136277124197,-0.3286171893336237,-0.08648413664713209,-1.3805359531119217,0.070605695211772,-0.27218860175908,-0.13978767293017572,-0.6381285356309763,-0.15871230627815508,-0.951582360801761,-0.46840264223185724,0.0897269612495669,-0.015223843122204215,-0.7223964922823519,0.6935946860352474,1.1403886440483346,0.7362314153401023
4,0.970281941,0.9849125146865845,0.6815004819233973,-1.044290529141535,1.6167471256008819,-0.04794164205844459,-0.4479818913634647,-0.1383909714442427,-0.27205700334142174,0.17746042185999253,0.9760322731431748,-0.4188728159921385,-0.7327841009929261,-0.3269404515014039,-0.9061088285222441,-2.148194457833525,-1.3516313788065766,0.7347561611982228,-0.09188767598502337,-1.1180221847373641,0.9862566084267006,0.9198843881877055,-0.9164559096987377,0.8415284769755075,0.7779672019611962,0.878461314918136
4,0.980145677,0.9598287343978882,0.2634161551491208,-0.7076543497643755,1.2712502524414044,-0.3227827427162463,-0.20430419347628254,-0.4803243186719343,5.7024976382155605,0.18514850841412325,-0.5869500350082202,-0.32492173088890436,-0.8358936369128247,0.34412676402005704,-1.2584947157610848,-1.079446931325996,-1.3323511230191345,0.5600568624868434,-0.053709575216191296,-0.9180722837789089,0.711808757250027,1.0657878001651384,-0.9441786836153643,-0.32080845184081674,2.5818375614403637,0.7264353039402088
4,0.964337524,0.950947642326355,-0.3430674764610951,0.684940895804442,-0.1056090347047071,-0.7263941800620529,1.2164130687960026,0.2696866061460658,-0.14126253541029443,1.1495436335439222,-0.46151432859533825,-0.7718643566815342,-0.911627709877662,0.17869660196551798,-0.7408301751667201,-0.7370406472336023,-1.0509628880509094,-0.4971691866052506,-1.2645100317714157,-0.902169026993821,0.8444585519854189,1.0989476665236457,-1.0273470053652438,1.3064632485020369,1.2145203026570677,0.5202213131082674
4,0.942494035,0.9504663348197937,-0.43784436678566585,0.5300137724366252,-0.08100474551554786,-0.8599256661179918,0.8331627525639301,0.8729835431864325,-0.34074494530497335,0.6034687380684437,-0.6629131632116237,-0.5102165831516171,-1.6870909184048382,0.09754056448456644,0.30041551991674714,-0.5544191393914725,-0.7579008811991071,-0.756685662559029,-0.702260781955907,-0.5780459454993604,-0.19386915163299592,0.07762378268161674,-0.8887331357821112,1.3064632485020369,0.11901912543912593,0.14926831892912684
4,0.982420265,0.9779936075210571,1.5520252953846672,-1.1412091989498248,1.5505756756822542,0.09123022518116326,-0.6099854281148521,-0.6144973312945893,0.3027589018643619,-0.9011015836556885,0.5236962144615388,-0.05404095849732674,-2.025087741209756,0.12680688901994336,-1.03167704925864,0.1202155557105737,-0.40106503378527203,1.1238494502684202,1.1609391687004897,-0.23986364959616335,0.6660674487205814,0.9795721476330187,-0.5283370748659663,0.21809321515584265,0.9427042210917137,0.9772324764699639
4,0.936736379,0.9527930617332458,1.0128408174302421,-0.5912440550558026,-0.11235236929057357,1.2974168535321156,-0.9382126060262627,-0.42535044250782117,1.0600423817191933,-0.2848757971357277,-0.47656546845552283,3.06816799324258,0.5892517063374125,0.4840982443510769,-0.01812339527703954,0.8580618450511207,1.7460411360426247,0.48760954743790713,0.9033797893262928,0.4869758568666245,-0.2350363293094969,0.2765829808326613,0.08156395129981767,-1.1872777987766217,0.2837561445696435,0.2798646135617302
4,0.966022472,0.9569156765937805,-0.03974470986309344,-0.6464388006194348,0.9403277996819159,0.1541220419295978,-0.272879439796525,0.21405156124896718,7.7894474117562655,-0.7462217353201048,-0.5801487596201346,0.38523977014166194,-0.5891874266263916,0.3398606829693114,-0.4849105948460037,0.1430381428794842,-0.6205041761055594,0.5002980696818728,0.6148126017541782,-0.16912357333125735,-0.2899258995448317,-0.0749116025675175,-0.6669509444490989,-0.36307524925231927,0.8438620096134032,0.7623396219935762
4,0.982159924,0.971163272857666,0.20287431517202617,0.02358258287302665,0.8868034844648578,-1.0356710160615705,0.7057837917899804,-0.12392998368594134,-0.3387854690321635,0.32688941741791544,-0.655179851985003,-0.612465636713409,-0.700842699803249,-0.2301091772848424,-0.34394462655738467,-0.8587936785960828,-1.3043678910811958,0.5711278796984688,-0.5055235311358102,-0.8736580727054105,1.0640168329267583,0.9464122812745113,-0.9719014575319909,0.7358614834467507,1.0662569854396018,0.7060149293166559
4,0.989343426,0.9823732376098633,-0.025210823808593786,-1.8412430172497756,2.4699857680988835,0.24839505492775835,-0.9557755189323008,-0.5735551664948088,-0.1551269976079228,-0.7073091739962244,-0.6488287156317325,-0.9525254128068655,-0.7926574891514808,-0.7782482592039361,-0.913322511422147,-1.1806353443954125,-1.0534266944382134,1.6337968848981692,0.16369139941768676,-1.120117186021365,1.5534488341918256,2.7237811180905096,-0.9996242314486173,0.6407611892708694,3.1996013831798042,0.41312408405604095
4,0.985818847,0.9733561277389526,1.047176171583854,-0.4623682894624691,0.6998416165387784,0.04818211718581784,-0.17731334876379193,0.31558198035080837,0.07523291620862355,0.7992474353001535,0.06454358700297792,0.18656284820479982,-0.8880052814356424,0.3013241109353906,-0.5125167022076236,-0.3501469407727897,-0.2591015120762398,0.29835019159664916,-0.01959234409906028,-0.8333373415431253,0.6066037476323023,0.8071408425687803,-0.6946737183657254,-0.1411745628419304,-0.25987601856106457,0.6092200116573944
4,0.946027929,0.9553516507148743,0.7542033693736152,0.44202066022879516,-0.1341584417768417,-0.5659438942149595,0.6947613364988774,0.14195612482710387,-0.06234776359636623,0.7230493393726337,-0.37791239502424256,0.16759902777250724,-0.4977676959826746,0.45808776122378025,-0.2931260798676233,-0.23452978079761225,-0.24756874283899774,-0.4100796971581458,-0.466843568684453,-0.5630205852593451,0.16291305489667993,0.30311087391946717,-0.5837826226992192,0.270926711920221,0.11078227448259993,0.4376266692078451
4,0.939743016,0.9512968063354492,0.6806738932247409,-0.043859227615820874,-0.3903414026614298,0.6449398254409257,-0.33379899855605333,-0.2770237494468785,0.045243010365776944,-0.44379173063181965,-0.5502148476418491,2.1492871125590964,0.6326642666253376,0.4860019300401233,-0.02121825706174609,0.7706654631445595,1.3437701307445415,-0.16450588470899719,0.4483575533285687,0.19674417832896263,-0.2807776378389425,0.29647890064776583,0.33106891654945636,-0.8808435175432273,0.34141410126532457,0.3240389363868783
4,0.958514354,0.9741058945655823,0.8573069588302749,-0.9816881539637851,1.1604163723867553,0.42579766614125364,-0.6366102213169118,-0.31496605489472057,3.5195725887230527,-0.1831094006848386,0.39200546107464623,-0.15306814399788707,-1.1409863570379708,-0.3044966818773811,-1.11218163631441,-1.3360640021989647,-1.2068786894074819,0.5427850545450209,0.10338352864441511,-0.832284784952436,0.7072346263970821,1.1387395061538543,-0.777842040115605,-0.36307524925231927,0.7779672019611962,0.7460953809585054
4,0.908276312,0.9543561339378357,0.08010059397064596,0.5367827021717748,-0.44921383896137435,0.036068514745014324,0.8098382081416817,0.18243785543281424,-0.3535767149086581,0.6391094437899539,-0.5598038440966094,-0.31676378874069766,-0.4112917930314636,0.43093537296758516,-0.31085934233637535,-0.4864412033595668,-0.7482957877232775,-0.017948826217752185,-0.5550551246305,-0.6281678630109288,0.5928813550734681,0.422486392810094,-0.777842040115605,0.6618945879766207,0.2508087407435398,0.4741847035355424
4,0.949706748,0.9316196441650391,0.13708249541852394,-0.23316755297565164,-0.3243022190929005,0.6696820950872967,-0.8528235005036534,-0.1363146300750292,0.6494041776751368,0.045456709884646423,-0.5481473515733108,1.0189437400264283,0.5946721253627737,0.4594286005001976,-0.006548047125550679,1.0594443173508488,1.5393823694571707,-0.6211602052710216,1.1015904886040455,0.5221091846740974,-0.6741528911921747,-0.36008645325068145,0.9132471687986138,-0.9231103149547298,0.08607172161302225,0.12769988494548243
4,0.9666194,0.9536571502685547,0.03772688195721707,-0.060026756135736554,0.06180914092162841,0.015246138180290985,0.025448264366429763,-0.12103186070985125,3.841613027633058,0.5110439808150312,-0.5821077188815422,0.0688328312853985,-0.36455075353898253,0.4058292602582835,-0.7817710226344733,-0.19474182626449177,-0.5137523863515217,0.006593285383744478,-0.18770632391922182,-0.46786579240743575,0.6294744018970251,0.9862041209047203,-0.6115053966158459,-0.17287466090055711,0.6955986923959374,0.29860997515574234
4,0.976363016,0.9520305395126343,0.27698642707581167,-1.0555636625666964,1.420187162323255,0.1820324468953007,-0.5151039372006606,-0.4403899074794694,-0.20649641084534484,-0.13079564230394083,-0.6366706135021252,-0.6813883870694101,-0.9058665203891862,0.1745781306219083,-0.8499316946120598,-0.6462464640703582,-0.8813880023092776,1.0252000556583583,0.3885487362511091,-0.914554262754832,1.2469820670445406,1.2846429181312873,-0.44516875311608667,-0.05664096801892495,1.0003621777873948,-0.08272288276733036
4,0.993350211,0.9857504367828369,1.4125103813047264,-1.5545113518030933,2.3313962538863566,-0.091434349350728,-0.7014862366753889,-0.6653703547289367,3.0485425253487097,-0.14812924789283022,2.2727562491209103,0.010009138906448715,-1.0050964901086514,-1.5162075501357943,-1.4749481284089743,-2.6455123118101733,-1.3583300996464862,1.5392195525302044,0.5057295777216404,-1.144178905463543,1.2744268521622077,2.2131191761694953,-1.0550697792818704,-0.6166760337213356,2.5159427537881562,1.0520095261183886
4,0.965937785,0.9536057114601135,1.5508553303881765,-1.041296080545294,1.6938110145582457,-0.30826215136482255,-0.5031444520365109,-0.6118160122905165,-0.03624488914378536,-0.5502214198283971,0.763736352070639,-0.4437842403070549,-2.067192498689607,0.3879105731212363,-1.147373668216589,-0.11047698270873023,-0.6392264097275444,0.4015629267360583,1.203607408281385,-1.1743702732434647,1.1417770574268153,1.5499218489993467,-0.8887331357821112,0.9894622679157666,1.8158104224834566,-0.026638288374795004
4,0.988705658,0.9902860522270203,1.6471446951004383,-2.236909250082446,3.6268817307042993,-0.6035297895078865,-0.8779127881707209,-0.14838028675933193,-0.31691013745585567,-1.5193136134179628,2.3250185387064928,-0.8999550461680048,-4.105734072543143,-1.318558457225963,-1.2116714724676894,-2.7000823013043043,-1.0089809710244335,2.4617672158278494,-2.7017537188502514,-1.5761481302824516,1.6952468906331073,3.3936104185323597,-1.0273470053652438,1.8453649154986962,2.9607327054405532,1.0939429098168076
4,0.907918078,0.956775963306427,0.26327564854803437,-0.11535926747923667,0.10420460376054592,0.3230835806590178,0.04117996411472698,-0.4769886894462638,0.4583176130164257,0.17114823296090717,-0.5985860135323152,0.2717073478551014,-0.3078989952691027,-0.04911578346305354,-0.7131564007591309,-0.022372375320003975,0.006686673802542595,0.3575072459578392,0.07662869957211349,-0.6250055969218711,0.38704546669096296,0.5882857246026312,-0.30655488353295396,-0.4476088440753247,0.7450197981350924,0.5851086226749586
4,0.984883639,0.9829190969467163,0.9966446717769467,-1.1315700719366542,1.6182792741442524,0.08578873996710755,-0.5006781386267523,-0.2356242127040662,3.0368168416989607,-0.029444717058925162,0.9589854907567456,-0.512368135610603,-1.6172704202129753,-0.32765454684434736,-0.9661008754995299,-0.4829229080055118,-0.22431622086762182,1.3101708075497815,0.2705633893361885,-0.9618512838444022,1.283575113868097,1.9412082720297343,-1.0273470053652438,0.6830279866823724,0.7614935000481444,0.8515871029895431
4,0.964812996,0.9709000587463379,0.3517061118455207,-1.0774136164831942,0.7968695104496055,1.1333846871873494,-0.8600574820844741,-0.45725520270855796,2.968393185927036,-0.3881121833695687,0.5464794519127819,0.8039487782611024,-1.0917634412236683,-0.33241475129757575,-0.9079666808695307,-0.06912631047924823,-0.3925693531671264,0.663484945162031,1.1124549019412378,-0.2820523239831475,0.34587828901446227,0.9596762278179145,-0.8055648140322316,-0.2045747589591842,0.917993668222136,0.5608063947251162
4,0.979225551,0.9570986032485962,1.07695866080003,-0.6652211001733649,1.2629608937688312,-0.2138221009196468,-0.008077975766129768,-0.31203548512656903,-0.35372091949141504,-0.18959239835344363,-0.6537570100724552,-1.0515931798653622,-0.8786529022457699,-1.3000393786886912,-0.35142487078923607,-0.30271651370274844,-1.2798166472493073,1.2873916773385747,-2.0107867253375438,-0.8305988558805374,1.3247422915445977,1.3841225172068095,-0.9996242314486173,1.7185645232641877,1.346309917961482,0.04380884768596442
4,0.953210865,0.9446493983268738,-0.0964280838858055,-0.2669030205633056,0.236223883878695,0.18021534152266144,-0.14113132554115435,-0.27362833695312666,0.2203394679245638,0.3379569630962029,-0.6312284486224882,0.17986713346062136,-0.05020198528741094,0.2690229691571462,-0.21884751049668583,0.6611478001117633,0.6780586895245349,-0.46660288173030845,0.38106036545152583,-0.18596999436267436,-0.2579069835742197,0.15720746194203453,0.13700949913307078,0.01732592745120467,0.7697303510046701,0.4278260603603506
4,0.958362738,0.9530674815177917,0.005657648824326906,-0.22281526519439823,0.34056180466912656,-0.014621304018102377,-0.09833051798858515,-0.09885044486510952,-0.10624994341713856,1.5702889783093223,-0.6549401937621326,-0.369803904972294,0.38358277705015903,0.06909156390182479,-0.15836456904522167,0.23048070096866075,-0.17083834762112063,-0.18690620859713733,0.03496265638133095,-0.5166474238847469,0.0668563069848441,-0.10807146892602493,-0.6392281705324724,0.09129282292133467,-0.5234552491698926,0.4492542230419623
4,0.94007588,0.9410874247550964,0.09218754124506355,-0.30490426813240284,0.06772111998602325,0.4277620379209154,-0.4670955187703833,-0.3404332911674759,-0.0938343900375176,-0.39368298924925826,-0.6443075855540527,1.1801877037134485,0.12319335750942483,0.5084155504091082,0.02654893534002338,0.4948136450955489,0.6859922708483833,0.24086948939396313,0.356223998978628,-0.004210477523486782,-0.3631119931919444,-0.08154357583921897,-0.30655488353295396,-0.5215757395454543,0.176677082134807,0.08849355721903959
4,0.98373129,0.981744647026062,0.6524229774329419,-0.9485236971912592,1.353842700485394,0.09667201144999882,-0.3083811450195575,-0.4704846302596767,3.022002715482269,-0.4441011443222886,-0.005127574148774919,-0.690777500976101,-1.6823707911714654,0.1337378063254423,-1.1241462542104836,-0.5852017170057251,-0.8314878580392728,0.8677185825518643,-0.36063883008686604,-0.7727983312056254,1.5351523107800478,2.6375654655583904,-0.9164559096987377,0.9260620717985125,1.5851785957007323,0.6354579410539887
4,0.986189756,0.9858327507972717,0.016840378620483456,-1.465673483581204,1.695331744272991,0.5985408099046502,-0.8602051352186751,-0.6312325287441746,1.0586492453184468,-0.6002615200053041,1.3294592901396503,-0.22948862297339348,-1.5696082649246264,-1.3565388782136631,-1.3547086816111025,-1.0926502963658107,-1.1554627407216849,1.5139994453950152,1.070565628814987,-0.8645877007575223,1.1600735808385938,2.0672157641920625,-1.0273470053652438,-0.014374170607422042,2.8207062391796143,0.9436468952096149
4,0.974104222,0.9668800234794617,-0.04393686037009628,-0.26558352748973096,0.48718847970626,-0.12446545100978286,-0.022764572433270416,0.33993930503261255,2.65512206140172,0.1641136748891241,-0.6043845010797341,-0.2550116935947105,-0.8505722258277094,0.186068485217387,-0.6516410424761115,-0.48444617601338236,-0.8749286023380516,-0.11753262486802649,0.22378405242209867,-0.2574868481988755,-0.006329786662268912,0.25668706101755684,-0.7501192661989786,-0.1094744647833033,0.712072394308989,0.7011306848694268
4,0.993537429,0.9793475866317749,-0.13516123505346486,-0.9591398438903205,1.764554687925504,-0.6293849840765567,-0.1725788755646409,-0.4834084458732625,-0.32692722868411583,-0.1286555021611931,-0.6494452684325365,-0.6871931392483657,-1.0895737676901331,-0.954534569167232,-0.8021895695899715,-1.3977570666245644,-1.0559630997384388,1.202505414014012,-1.6872055249508584,-0.8887192842179471,1.082313356338536,1.6626653946182721,-0.9719014575319909,0.968328869210015,3.4714174647451577,0.7085226733893323
4,0.941962003,0.9339038729667664,0.8540983409854311,0.2033948360286071,-0.601133885772236,0.263021993214003,-0.11695423608444647,-0.45199229418738973,-0.13182051107447212,0.8384822807714478,-0.5196855978939753,0.37486744290072316,0.26963647626093384,0.49213075049256094,-0.5305703177257992,0.37564725853080494,0.513896285525268,-0.2916109993602462,0.57454535664417306,0.011026313298064278,0.6569191870146922,0.6745013771347506,0.6360194296323484,-0.5004423408397031,-0.2186917637784352,-0.05404247952849277
4,0.979137269,0.9736836552619934,-0.05123357960826172,-0.6493618152157049,0.8078273880704275,0.12618345503948888,-0.3325495014985642,-0.5333455313502695,3.1438546382697865,-0.6995208297594679,-0.5796623126447328,-0.009079546137721354,-0.7750424879212067,0.061881683049140504,-1.0889242543534146,-0.3680784002896586,-0.7158181086679032,0.7760233433897915,0.18142641312190289,-1.057835252281291,1.0091272626914234,1.4902340895540334,-0.8610103618654846,-0.4898756414868272,1.7663893167443012,0.7453584700807652
4,0.956527737,0.9494684934616089,-0.47751597824345593,0.3028508941726998,-0.30606209831103015,-0.2729073623862246,0.2602696882956447,-0.08692210521041968,0.1566140464083055,0.6083578105465032,-0.6293533502741544,0.2753410334703023,-0.19258730650380268,0.15222338457344234,-0.374069706485541,0.08215724773454001,0.14442474765042085,-0.7783474777956125,0.8291996795519416,-0.15773114204006683,-1.044657490280684,-0.6386293306621439,-0.8332875879488582,0.03845932615695631,0.9921253268308688,0.5283096209970354
4,0.961703551,0.9655286073684692,0.8364201507216781,-0.23836684074670975,0.6007172196322629,-0.07623901964072002,0.292849617361618,-0.15955511841463021,-0.24091639043477023,-0.08425572458578931,-0.5902024287441751,0.4667489657990037,-0.24122366586888444,0.36014287466038936,-0.22719450658216309,-0.14886151999152977,-0.22428846109159184,0.46509751565190705,0.36477936021133384,-0.07680838511571425,0.14919066233784606,0.0444639163231093,-0.4728915270327131,-0.4581755434282005,-0.2845865714306421,0.47626347287901866
4,0.949165747,0.958979070186615,0.5344392336776195,0.41086205312917984,-0.061581038323194164,-0.5895218065273593,0.642823652220766,-0.05632991567615607,-0.0369716723197854,0.9522296633159602,0.015653315487825975,0.08608554341410385,-0.8540393904978144,0.2761817567908076,-0.5301973653031812,-0.5743836172534263,-0.25053347931026543,-0.3461558807088774,-0.4824674638542021,-0.31599244790003955,0.6614933178676365,0.9464122812745113,-0.7223964922823519,0.6301944899179936,1.115678091178757,0.39619125926197946
4,0.933662928,0.967616856098175,0.18624971446244762,-0.3181897720311896,0.4718116552586395,0.09736404846949745,-0.06780224117746372,-0.03362277819456647,0.011518400649079448,1.0106216076611727,-0.6590820780833961,-0.8183977284893714,0.004440384624419738,0.048481607551956345,-0.31155763233029315,0.11417063684441643,-1.1157643868868112,-0.05279957806906387,-0.04334954217980833,-0.912312179327154,0.8536068136913081,0.9530442545462129,-0.8055648140322316,0.39772710415472895,-0.17750750899580578,0.2784361587867632
4,0.916633851,0.9626678228378296,0.8317623155822732,-0.1974601590570434,0.026471707567352468,0.2469362340489835,-0.3061725554192637,-0.6141279787046309,0.3376037745164688,-0.32961914092010264,0.14314369134036678,1.8097199091571607,-0.39565343406645637,0.431422881428483,-0.6333034896711981,0.30806216774885486,0.22756286569837414,0.5082184208714275,0.6522948515847392,-0.07998811720933421,-0.12525718883882753,0.38932652645158655,-0.30655488353295396,-0.8385767201317245,0.6626512885698337,0.5183033234278795
4,0.975988763,0.9850608706474304,1.6141071137168241,-1.6392784394225337,2.37911415185359,-0.19422762289678638,-0.7708562317467348,-0.27718948248327796,1.4446957454721057,-0.991359551088856,1.947270379242711,-0.627842582371557,-4.082132871435295,-0.7251846421035301,-1.2171790966911382,-1.3815796230604258,-1.0380913659023903,1.9245900791691941,-1.2896334272405814,-0.869448765606051,1.0274237861032012,1.7621449936937945,-0.9996242314486173,2.109532399320588,3.281969892745063,0.9043524175102252
4,0.99078478,0.9912039041519165,1.3972148161854698,-1.129930087637526,1.6709272181555697,0.015331123546771531,-0.6104056033654784,-0.7447489860033181,-0.13093644668041848,0.5358246695881744,2.13265223526639,-0.46372197943587434,-1.125589033810993,-4.625670585260964,-1.5227555101520627,-3.1819295515004504,-1.0166852935121646,0.6465389565954905,-1.1780646482725603,-1.0973084225906362,1.4345214320152673,2.199855229626092,-0.9996242314486173,0.3343269080374748,3.6526281857887275,1.075896402516666
4,0.898125161,0.9454466104507446,-0.5844577764847321,0.7248261060292949,-0.0029477214781941327,-1.1748582610727474,1.1578510561666966,0.23182858734541267,-0.3349648193718179,0.5689501743883095,-0.6645054010485423,0.42541128264749994,-1.0064164078821403,0.2485900512970857,0.07679147015899873,-0.319895465361688,-0.5512675543020875,-0.5128016189925615,-0.9327524826940486,-0.5575472909877603,-0.6421339752215626,-0.3667184265223829,-0.7223964922823519,0.3660270060961019,-0.25987601856106457,0.48542214058771715
4,0.977637464,0.9758573174476624,0.19650255821685925,-0.5021731076133108,1.091904316662606,-0.35052206864112634,0.14321291252293397,0.1311202900011044,0.03775835927427173,1.0635392025176453,0.22339669434627077,-0.5539291513618592,-1.328537349615086,0.29359442770486194,-0.4930227161990669,-1.0646275968007939,-1.0792234903517428,0.8175788075700305,-0.20126860258901466,-0.7104777884028358,0.7895689817500847,0.694397296949855,-0.9441786836153643,1.2747631504434094,0.10254542352607424,0.2656194307443181
4,0.968582575,0.9755204319953918,1.439640901550206,-1.6058872082322477,1.542967169619479,1.1465741848125686,-1.127209074230975,-0.2330678802683217,0.495815826202567,-0.06657517817185002,1.5535676604130848,0.9430903965253125,-0.9908561929776784,0.09818172791836045,-0.8406963160798897,0.13673280661642795,-0.20413573062841991,1.627542826828875,0.5631767666770258,-0.3678526924971922,0.5105469997204661,0.9795721476330187,-0.6946737183657254,-0.26797495507643837,0.5885196299611009,0.8186418764955655
4,0.95299203,0.9545228481292725,-0.0034500586812879507,-0.0820259441517154,0.3495386052612575,-0.22640903074312352,0.1365121105771594,-0.30424336849908273,0.22741800457018832,-0.029593661936530357,-0.6676686344035974,0.8558176500856327,-0.8107991253516756,0.2836038519396911,-0.4926871703108794,0.12955999365169582,-0.16621038502499938,0.25149675230877216,-0.389801821063446,-0.621229262882961,0.36417481242624017,0.694397296949855,-0.7501192661989786,-0.1094744647833033,0.6708881395263597,0.14991699806214448
4,0.84868496,0.938721239566803,-1.182694748826525,0.12230538077109138,-0.024633559456241193,-0.1769260580009166,0.21278239755361886,0.056249934065934475,0.061924380374532524,0.9952107556164653,-0.654889334726645,-0.43469553939027816,-0.5389338730119657,0.179277366358215,0.27600088137102397,0.6052551163891924,-0.7683147082151544,-0.5181812650789883,0.17842216894879767,-0.10677729115332446,-0.783932031662844,-0.4264061859676963,-0.36200043136620697,0.34489360739035063,0.2508087407435398,0.6275526220422725
4,0.967324085,0.9790434241294861,2.4775795740188697,-1.1121610895747283,2.2545601494658714,-0.8742454512672642,-0.0496658706152577,-0.37627338678870587,-0.20444523122347644,-0.3305682170595833,2.2112194463655683,-0.803503846082157,-3.338723764434175,0.10487948026160622,-1.3603230179835233,-1.070271383951111,-1.1865014009803343,2.2206140013653712,-2.1442640788571814,-1.2090173107134046,1.4894110022506022,2.2131191761694953,-1.0550697792818704,1.9087651116159496,1.725205061961672,0.9190006370499574
4,0.972144492,0.9566923379898071,0.9420487208732109,0.3102448954884528,0.006804503585872932,-0.3765863604072894,0.7468685250903422,1.1897258072418142,-0.07659988113476571,0.8764317798622786,-0.5279543233337775,-0.6280426519680241,-1.4358468519790302,0.17089614489189128,-0.6876940957408528,-0.7105807666471182,-0.8902927060124635,0.4727440764103239,-1.459607694363464,-0.5637725427188943,0.6431967944558586,0.17710338175713902,-0.8332875879488582,0.9788955685628908,0.4979142694393161,0.6374886613027482
4,0.985982403,0.9814348816871643,0.8498892045266535,-0.9254123507107053,0.9587572856187058,0.3321825137846109,-0.7885255535983077,-0.626967098595107,2.0112348708702186,0.20784638488209276,2.1804094371587524,-0.528427537487123,-3.694762683856032,-1.2317311428053155,-1.396178176480569,-0.4141578341005491,-1.2589588859736713,0.4767757623037982,0.789097279845089,-0.9645153091717539,1.2286855436327622,1.6361375015314659,-0.9441786836153643,2.3314330857309766,2.746574580570881,0.6954937475919738
4,0.991836055,0.9916108250617981,0.2727554824971323,-1.759286587385966,2.1650281606396544,0.6382488483311302,-1.027294591757078,-0.7653077802779913,0.11269945486051246,0.7258231592706442,2.249359014974567,-0.5812452135807384,-1.8210467680820352,-1.5211611963914218,-1.469036385783513,-1.9796210422861547,-1.3295400377929965,0.6810105983664808,-0.6576377851839594,-1.1313625351688783,1.4070766468976001,2.352390614875227,-1.0273470053652438,1.1690961569146527,3.454943762832106,1.0157077318233683
4,0.969053297,0.970063328742981,-0.9418332144380106,0.11303424700266096,0.4483522650503841,-0.8886281328876453,0.47663771950873257,0.02922909905717257,-0.2746599181973267,0.7976648050068843,-0.6634262914167048,-0.7168731209867885,-1.390865013925072,-0.1315576161320327,0.21493408481613638,-0.7809626502834108,-0.20829116545117712,-0.42555129008032144,-0.27224719237693873,-0.7298163325061827,0.4968246071616326,0.5418619117007207,-0.8332875879488582,1.454397039442296,0.5226248223088938,0.45885146548619193
4,0.979023525,0.9612711668014526,2.185799716603516,-0.8471503514219471,1.5313962880686791,-0.4220909954775959,-0.12118259818274085,-0.6208788207727732,-0.1556907737639109,0.12243476695494893,1.2401813578288496,-0.6923116020076642,-2.443269108391917,0.35098454835434995,-1.2970240511932989,-0.09098898597121607,-1.1643610836381333,0.3079961386685071,-0.3141563851806404,-1.0004447190818788,1.3064457681328199,1.457074223195526,-0.9441786836153643,1.2747631504434094,2.2523635231793286,0.5623600584412498
4,0.846384068,0.9185943007469177,0.36499692152018876,-0.7827371259502819,0.657869804129164,0.6866405321321417,-0.6660612944948396,-0.41267901510055033,0.6545533331272924,-0.09930249120421755,-0.12992612020857117,0.30350597175227756,-0.666992618533496,0.34114969179916976,-0.5426410175676301,0.48285074278035034,0.4348091701137213,1.2836893834729892,0.3317145520528511,-0.36363511202725085,0.22695088683790335,0.5418619117007207,-0.11249546611656815,-0.32080845184081674,0.7038355433524631,0.4304635435305036
4,0.995920094,0.9946053624153137,0.237687009788581,-2.5522108639864993,3.040960406934063,0.9563740066695848,-1.4727911510872373,-0.7557317775494986,-0.23143619588566025,-0.5339236181969295,2.3221564636488403,-0.9007376558411251,-1.8875573093711882,-3.7348643831232176,-1.6709628127695955,-3.149801079816569,-1.3385178577454067,1.7223710603507112,-0.3418514490717762,-1.5992924248534437,1.6174866661330498,2.975796102415166,-1.0550697792818704,0.5667942938007399,4.476313281441315,0.9832148831404648
4,0.996148459,0.9625715017318726,-0.16738231907341072,-0.38123212904279313,0.5521897083018376,-0.002866537560890481,-0.24790763151425718,-0.20341020453430916,6.481188277042126,0.988743737041292,-0.4022388118055277,0.400594786781174,-0.6266007254717324,0.13748432292177276,-0.669172533349161,-0.3744578603904642,-0.1303449059925333,0.04850837945804986,0.804729188294403,-0.43370136822143623,-0.042922833485825256,0.13067956885522866,-0.4728915270327131,-0.5427091382512056,1.0662569854396018,0.7118959716954452
4,0.99543336,0.9834171533584595,1.5015347975522637,-2.3851389915518033,4.331864101492151,-1.3209246557519387,-0.7436902378580911,-0.5568344710999074,-0.21167579365976363,-2.222884393784514,2.3268374449529454,-1.0452496326548324,-5.474370992970881,-3.157722280832937,-1.1286082603605954,-2.826725822071403,-1.0911020072276478,3.0537035883183594,-3.676295967330774,-1.4759631281167853,1.773007115133165,4.481254035091403,-1.082792553198497,2.8809014520805114,4.6739977043979355,0.9871549579702205
4,0.995810892,0.9933252334594727,0.7686895349272291,-2.1098722889945147,2.6227254019752615,0.5508351926473787,-1.2567521924660146,-0.7363918057350693,-0.2722815760719398,-1.1051748544776265,2.29683527243555,-0.9537909021186065,-3.4906918842160537,-0.5781733459073869,-1.622912780470127,-1.8704997127970786,-1.08891199913297,2.0973703119944456,-1.491796408441248,-1.5271835653889425,1.571745357603604,2.8365246637094352,-1.0550697792818704,1.8030981180871928,3.7514703972670382,0.9546186721206842
4,0.973541474,0.9742949604988098,-1.0482699582950248,0.0786985505089325,0.4821969924859047,-0.7118729120034245,0.5516256064184468,0.7829100203006852,8.178757292685939,0.7825272377580059,-0.39527361730002747,-0.18131174941585426,-1.400542018556514,-0.10260158731396044,-0.5600285690613267,-0.5446074098440011,-0.8592563420352938,-0.25548949539975413,-0.9430346344437519,-0.8978016065900088,0.23152501769084832,0.2633190342892584,-0.8887331357821112,0.7675615815053775,2.120573907874914,0.860831516581018
4,0.991608871,0.9778010249137878,0.8827217015379889,-1.3942699772546276,1.6107340343124135,0.5489125422645968,-0.693279164941696,-0.4199361821619414,1.0866911234751429,0.22959495247843734,2.2407241779633478,0.48314232919500877,-0.7517179742089821,-1.7071747109350177,-1.3781634292747196,-2.374890655275995,-1.2523407973715994,1.3985098772255755,1.0120742449809266,-1.19529454670833,0.8947739913678094,1.4637061964672275,-1.0273470053652438,-1.0182106091306107,1.6840208071790423,1.0356551712117297
4,0.853466858,0.9144081473350525,0.6014655352444368,-0.4349953516079156,0.337705636070727,0.28009694378693245,-0.5130444225750932,1.4752957333357037,-0.26754297916838826,-0.51294459420933,-0.6412155497277539,-0.6584383909897179,-0.3663683120877729,0.30662645911172437,1.2745678957426854,0.5454738134830015,0.27573816289340314,0.36536031958918025,1.105918149269293,0.22210481695248882,-0.9760455274865156,-0.777900769367875,-0.9441786836153643,0.21809321515584265,-0.8117450326482983,-0.058860325294799565
4,0.968392489,0.9758440852165222,1.2307963759428544,-1.2894220079371073,1.3302363922110292,0.7146640963961276,-0.9713025526081476,-0.5411421236442838,-0.10299431858098594,-1.145202489065797,0.8041441299335751,-0.8207148493792544,-1.0591362685191437,0.11674928921898477,0.13866216362601255,0.1063477558648804,-1.1128224672809772,1.6589957173427219,1.1779449305590726,-0.8174782094011405,0.8901998605148644,0.7872449227536757,-0.8055648140322316,0.788694980211129,1.0662569854396018,0.46979730439037926
4,0.981180945,0.8865254521369934,0.8776689904287801,0.05716594709212975,-0.5263510167998257,0.48763552207695277,-0.4172333120062416,0.037748350371467405,-0.23254010592051333,-0.07958659321863068,-0.41289884014130523,1.0930347981468316,0.8389384999931748,0.3032792316489471,0.7993199669315674,0.6357146270768663,0.6865703813409775,0.23519385055784317,0.8699728185822296,0.5356039713564722,-0.5780961432803389,-0.857484448628293,0.35879169046608306,-1.5042787793628918,-0.8941135422135571,-2.111646376679693
4,0.983806846,0.9535027146339417,0.8957845960415541,-0.2750095988691009,0.1472295636160607,0.2989827948069986,-0.3238293394740431,-0.4068577295844126,-0.1606511035234403,0.9860692402031731,-0.6199575213314699,-0.5564155761927579,-0.4038120756993104,-0.6315361869079746,0.34627213291867315,0.36964444419082615,-0.8256976047629608,-0.037141880088136923,0.5035341873100421,-0.5397632212904013,-0.02920044092699171,-0.5524136781300245,-0.8332875879488582,-0.13060786348905457,-0.5728763549090479,0.43437722243144195
4,0.856559983,0.8703316450119019,0.4737954102627996,0.3806905534000016,-0.834890980477814,0.29916444539972786,-0.0857308321533274,-0.3057840128658907,-0.17643707155479937,-0.31236313857146836,-0.642021143427282,-0.36814897011935016,0.5649377178916838,0.34503492445777173,0.3487594490461545,0.631162650412806,1.0664198157125704,0.029541463515686265,0.4043275448091719,0.20660511679911556,-0.5735220124273942,-0.804428662454681,1.1904749079648789,-1.0604774065421136,-0.82821873456135,0.025445736429185527
4,0.957415719,0.9327514171600342,0.6503754387916408,0.594599337942629,-0.36636827704581104,-0.7329000511096604,0.39477475334145185,0.6821486451318878,-0.1885291976369108,0.91022651887027906,0.45995222352180865,-0.4646863491151214,0.23228637318073073,0.09046654126194813,0.41771076994534223,0.32644985308762026,-0.8879942007073999,-0.3918857943546156,0.6681530016270903,-0.27383870552217876,-0.5506513581626714,-0.5855735444885319,-0.8610103618654846,-0.9865105110719841,-0.8446924364744018,0.05388093882490819
4,0.93902439,0.9207894206047058,0.3925371364206716,-0.07297117311968715,-0.2146081357909733,0.30275732372155845,-0.33789199459621116,-0.28788675604436975,-0.2513656304360368,0.6528735219767621,-0.655447246336411,-0.4798178491011921,0.3769693740818071,0.25317982550002194,0.31393965325521067,0.4101507750560923,-0.4110802288266116,-0.25391445796789136,0.5344760250709916,-0.1373584266139903,-0.47746526451555843,-0.8508524753565914,0.7469105252988544,-1.2506779948938755,-0.7211396721265136,0.1878880977168429
4,0.937490628,0.9111617207527161,0.8237006325159473,0.21283841783031343,-0.7132617645484414,0.26258781627367955,-0.26994079066247817,-0.4270954144786329,-0.19056671924559904,0.8145082434543567,-0.6476969366387182,0.41079867914995366,0.6132952314415647,0.458065956043994,0.41402439430617316,0.7511825848345216,0.8713098111172384,-0.09118201969345721,0.4526559733140941,0.618151985968457,-0.8799887795746798,-0.8641164218999944,1.3290887775480116,-1.366911687775508,-0.8858766912570313,0.0331056419911717
4,0.806110103,0.815505862236023,0.4678047332711497,-0.21494633709126534,-0.30930554444208275,0.8040872287924383,-0.5209010963723174,-0.0888831587806712,-0.2939555177776942,-0.0027886542035837343,-0.5612810339463623,-0.26648937446350546,0.7605484820381573,0.14593259523216037,0.5320834132318839,0.5067535829515873,-0.11600976203143731,0.30098389548748467,0.6985043430428424,-0.0362743848450973,-0.5369289656038378,-0.777900769367875,-0.4728915270327131,-1.3457782890697567,-0.8035081816917725,-1.4969699427442198
4,0.989501312,0.9672635793685913,0.6469847840999888,0.5175544428968557,-0.30641554357230366,-0.3667665875788212,0.7409119261439778,-0.7350214425769864,0.0966512755578836,0.4315701781222922,1.8929993563114775,0.4248807489930107,-1.201907558712058,0.29568154565704224,-1.165669100906835,-0.8590911239625257,-0.7527507415314934,0.21790905115199574,0.1956968687120736,-0.5873645185647034,0.2086543634261255,0.13731154212693003,-0.9719014575319909,-0.3842086479580705,-0.05395474464791762,0.8762436643927928
4,0.942890327,0.8898663520812988,1.109255199560292,0.07701139694410152,-0.2515283577112159,0.08532994313990176,-0.1612417187323456,0.5065150709484444,-0.23249561884039907,0.5021257792816379,-0.6327952659573787,-0.1856565216761133,0.17209890047380674,0.0933174604479199,0.8421649354351999,0.6417111506058031,-0.4484241506794254,-0.1031060223186842,0.6001286342275466,0.3109378354164765,-0.37683438575077827,-0.6386293306621439,-0.6115053966158459,-0.2468415563706871,-0.9847189027353417,-2.9213190877469497
4,0.955898831,0.8878656029701233,0.18677226952429493,-0.7202068327661302,-0.013417971529870907,1.2158000156209237,-1.3710158676433086,-0.5233685635039977,0.0674575367921913,-0.05404094713763104,-0.5637044872156147,0.564938221943631,1.1511771565148825,0.5480600045213093,0.33627676912151405,0.9684461253016945,0.9832088665123679,-0.268099169270784,1.0028961985041966,0.1463345313738254,-1.2687899020749673,-0.9105402348019047,2.133049221130181,-1.6416458709502755,-1.0670874123006004,-0.6049397913401057
4,0.987244582,0.9625202417373657,0.6847727225876018,0.8606396795883341,-0.4266602935428455,-0.9164445554781018,1.214507704416736,-0.6638040334632573,-0.2871053537014289,1.1669222691083951,0.5941147880735521,-0.08359525348797038,-0.9557499783594581,0.16812819396261022,-0.950074723805284,-0.40523313889854384,-1.1347741452466251,-0.5297114417533147,-0.10271538293703311,-0.5978174626631563,0.24982154110262617,-0.22744698781665174,-0.6946737183657254,0.10185952227421011,0.07783487065649654,0.806787471404539
4,0.934177345,0.9534119963645935,0.7170302708676568,0.23706530868807862,-0.31560453532235955,-0.1441739941594657,-0.0260224104311727,1.2296501454991913,-0.050339082470673036,0.9558887852049223,1.7543946755359239,0.21300856407847937,-0.05039299032595298,0.04833770408868909,0.4062018537681961,0.4566644049679681,-0.2982009032781961,0.18150349677501895,0.41951272961709823,-0.6210950504268556,-0.18929502078005128,-0.4860939454130096,-0.7223964922823519,-1.1027442039536162,-0.8199818836048242,0.3641387188762273
4,0.953079227,0.9368299841880798,0.8037584410890926,-0.3433938839782707,0.02066818290097721,0.5149219150823245,-0.5453791487795602,-0.2182395369624668,-0.3335447973009155,-0.7530849526631826,-0.6344674146517884,-0.3820754894369639,0.11704064990079385,0.36420930109125493,0.6577289940896157,0.6185172861969471,0.18095676277488906,0.25763746219104167,0.7450340106507228,-0.0836982642835888,0.304711111337961,-0.5059898652281141,-0.11249546611656815,-0.6061093343684597,-0.5975869077786256,0.3855755166572287
4,0.94015578,0.9214285612106323,0.3752385970790404,0.7004890942007875,-0.4859465161196657,-0.9017026941921222,0.48467874571835134,-0.2205968705227758,-0.21357351508766168,0.6037453476091783,-0.6352096488755486,-0.4677946816501651,0.24416236748134687,-0.5932749224428858,0.02577499180522205,0.27870447015200656,-0.36384979061933687,-0.6858966377950511,-0.27737163346248334,-0.40052147513467534,-0.5186324421920597,-0.545781704858323,-0.6946737183657254,-0.6800762298385894,-0.6717185663873585,-0.2086392315541981
4,0.97764485,0.9675511717796326,-0.14294233159823594,-0.32405575183827656,0.4838350920956061,0.16072132787751364,0.016554890781822613,0.11885353356349787,-0.3030433028997999,0.006058957454224725,-0.31197895651487206,-0.3617300566749561,-0.5279078087083783,-0.026238554209355072,-0.5193850099191406,-0.011464704784332924,-0.7615667867618828,0.04595015924443117,0.5914055094223806,-0.6263063546300153,-0.4225756942802239,-0.6319973573904424,-0.9441786836153643,0.01732592745120467,-0.25987601856106457,0.9745913135699575
4,0.918610186,0.9288904666900635,0.244051750218216,0.01641412128447768,-0.319565167335428,0.3992164739754315,-0.23826988015500708,0.6969053786684277,0.34731647496013696,0.12190115463301972,1.235067189109331,-0.1408402087997583,0.37795191642876513,-0.040310290902932144,0.16513864039657866,0.3665998687489528,-0.6360899314379452,0.06276319559819797,0.7401424210009011,-0.41788176440556457,-0.5369289656038378,-0.6916851168357557,-0.7223964922823519,-1.1555777007179946,-0.8694029893439794,-0.058864512009655284
4,0.942537601,0.9562075138092041,0.7985359855981773,2.1488354725084413,-1.27246049570433,-2.18054823019776,2.2017414788608014,-0.3309332029043649,-0.21840536922789547,1.2021897352726532,-0.6164676535500176,-0.8665711131187124,-0.2223548794608892,0.41270602149947005,-0.374772746252271,-0.7467031881432837,-0.9242090785911643,-1.3440297908493308,-2.324435275388643,-0.5202886262041533,-0.34938960063311086,-0.8375885288131885,-0.3897232052828335,-0.13060786348905457,-0.6634817154308325,0.7258429655598435
4,0.905436573,0.8675310015678406,0.41021795449514176,0.31648953708397837,-0.7047302772950308,0.08516307087338737,-0.1544003243202919,-0.38456930681891893,2.2616843357084132e-4,0.9648507015925812,-0.6434277215594417,0.11327159310857908,0.8748767584042538,0.3513924999114123,0.7341177082170395,0.7833129644708068,0.6992458435793628,0.018223297720551535,0.56101209940187,0.26746954637950127,-1.044657490280684,-0.9304361546170092,2.493445282046326,-1.620512472244524,-0.96824520082229,-0.2943536812596808
4,0.530119742,0.7221457958221436,0.392542439451071,0.31575503339072003,-0.9287597234070492,0.5167617780649348,-0.2911199449629654,-0.1689710874204803,0.26535885483408805,-0.15721322859553324,-0.6167405058054312,0.2211066955455919,0.8265742651471645,0.17811078086215462,0.6113220920843344,0.7275502704735013,0.4422639112966872,-0.6060130601433044,0.4065516394559422,0.15169935256444822,-1.0903987988101296,-0.8840123417150988,0.4974055600492157,-1.1978444981294973,-0.9764820517788159,-1.0539965235622997
4,0.957211432,0.9083009958267212,0.8437473877822889,0.3518230737074238,-0.9028778679808824,0.46582455354967733,-0.22393657866959324,-0.09107481122231259,-0.22837560594050793,-0.43228137510913306,-0.5172018189974412,1.779417892451251,0.7100734349000958,0.4319481929066128,0.6801977780416009,0.533892332467863,0.6706292854273714,0.22458496495680366,0.5165162210677038,0.38620804170663753,-0.5689478815744496,-0.8243245822697856,0.13700949913307078,-1.4831453806571404,-0.9764820517788159,-0.2372032408491668
4,0.86919975,0.8675928711891174,1.1603596366041875,-0.159947341061411,0.30852655716833016,-0.2587899553180424,-0.2736629652114688,0.9085109069798166,-0.30672157849988624,-0.17318377373887317,-0.6248993152439455,-0.5659113567890514,0.34155151257088995,0.25385027697305257,1.20524709338937,0.7280907183616647,-0.27838814548186247,0.1645676794032448,0.5291089129433908,-0.0680790598884776,-0.43629808683905746,-0.49272591868471116,-0.8610103618654846,-0.12004116413617875,-0.7376133740395654,-1.378511637716726
4,0.960479853,0.9654412269592285,0.8544737454196093,1.4197775118408626,-0.5510660329646557,-1.8670829815668635,1.9080360610583056,-0.7022734900758363,-0.27642369387684507,2.0676931824691325,2.0667984171581986,0.2214747361283021,-0.8226069731065899,0.19012969073690686,-1.1512182712594965,-0.44252531911085613,-1.0923314041790981,0.19215089412247185,0.1622108469651058,-0.6842824586139419,0.16291305489667993,-0.028487789665607142,-0.8332875879488582,-0.4898756414868272,0.7779672019611962,0.3727254584394842
4,0.988720038,0.9799202084541321,0.29407291292858284,-0.23086054680590115,0.444470348134576,-0.02949737712331818,0.14319260338943102,-0.696079070031524,1.0738963646638422,0.9223008656479288,2.0929297149176356,-0.6983632920029911,-0.9391477427408493,0.1411816061230861,-1.4065089371228807,-0.5871719364440742,-0.5378620120868649,1.2751911574767207,0.28783090942356715,-1.4056312048005832,1.169221842544483,1.0326279338066309,-0.9996242314486173,-0.12004116413617875,1.0662569854396018,0.990366135556144
4,0.989888821,0.9809510111808777,0.503235620359844,0.034782037671647434,0.19204609316356566,-0.37774688129097334,0.32578393527476723,-0.6587502934270095,0.2137139493106031,0.9036915092617885,1.3678297404125637,-0.2444235736288737,-2.257404561694794,-0.44544299147227806,-1.364619382530077,-1.4511995971373794,-1.1545012126106693,-0.032711494108157775,0.6845999563222872,-1.2404901316701133,0.6935122338382486,0.5882857246026312,-0.9441786836153643,0.8309617776226316,0.2590455917000658,0.742301890211776
4,0.981866368,0.9696102142333984,0.40221994165713687,-0.3333310683763686,0.44930146595998144,-0.04290162271760541,-0.3679609776875234,-0.7060754425775947,-0.09098879811194835,-0.38230438413177403,1.525750558725968,1.107037120218929,-0.8790875768979763,0.3655415282096832,-0.7847304960383785,-0.08481357775880577,-0.27970752540232685,0.8228421613606801,0.7349164694705616,-0.5405528685492679,0.21780262513201476,0.1439435153986316,-0.30655488353295396,-0.33137515119369215,0.07783487065649654,0.13439015715940833
4,0.933157617,0.9310706257820129,0.6283742967104299,0.27930597574118277,-0.5279017515321021,-0.051338520397788245,-0.13017474894488396,0.18886227639946848,-0.26178953706674085,0.7309965251443309,-0.5585214286600197,0.11138751111884466,0.6978473895790713,0.3366381307353452,0.6806139293186956,0.5208163453181118,0.10494713259830953,0.07274510052778525,0.2935204614524214,0.5232977922476881,-0.8342474710452342,-0.8641164218999944,0.02611840346656454,-0.9231103149547298,-0.8611661383874536,0.03605434853519709
4,0.946134977,0.931464672088623,1.2786400656080943,-0.2166846442069291,-0.19989497394271855,0.5713928727916484,-0.6792645938809302,0.9527391285228035,-0.15754837598896507,0.30443067692143533,1.174167285071001,0.8694452868101917,0.5636808568043492,0.36289568896802127,0.6903946811987726,0.6494905011872572,0.27811578808504367,0.13090559977833152,1.031182498855933,0.3166335914303727,-0.47746526451555843,-0.6916851168357557,-0.3897232052828335,-1.1027442039536162,-0.8446924364744018,-0.04405373018215304
4,0.966720911,0.9466763138771057,0.8672449867966743,0.8914124298351568,-0.7291720853401621,-0.707815530134586,0.7097848847259589,0.22496694657183583,-0.27470922256727914,0.021973355044432544,-0.622107187836309,-0.06271731691723938,-0.2492918382401043,0.22908072538741203,0.5018418022599229,0.011480649389664407,-0.24189862802153508,-0.855029748418128,-0.44023077276652167,-0.05364754380355893,-0.7747837699569547,-0.8508524753565914,-0.8887331357821112,-0.2574082557235626,-0.8117450326482983,0.6091191216419761
4,0.985492228,0.9628108143806458,1.1097559261841166,1.4359215899968762,-0.8241498088691815,-1.7394541593484056,1.5359067658042673,-0.222898286000617,0.43578287632423224,1.3465827471105463,-0.5730525250206515,-0.526323744091435,-0.3049249464557401,0.15832140231917113,-0.6327575719266403,-0.046560525669303514,-0.1017231318224913,-1.3885560103042434,-1.6223115897314047,-0.6315525908422983,-0.23046219845655225,-0.8110606357263824,0.13700949913307078,-0.04607426866604913,-0.8529292874309277,0.5484120506068468
4,0.957779185,0.9804778695106506,0.4404791048523332,0.264021881449425,0.27546334937454553,-0.7184480416355349,0.5757449556707577,-0.5627789681350284,-0.3012823842455487,1.2837400203256824,0.36072157923152576,-0.3205224123832763,-0.573645068816545,0.044556447320416234,-0.8075451704202707,-0.6158220371872036,-1.302413692078389,0.009861400315745887,-0.3101190333915053,-0.6002194979220832,0.7575500657794727,0.2500550877458552,-0.777842040115605,-0.15174126219480583,0.4814405675262644,0.8999420568507726
4,0.929194066,0.9185485243797302,1.1299430322792612,-0.5222554545942731,0.38114723516213783,0.2941874717252855,-0.7067625885381417,0.13708520323665957,0.7535038519251674,-0.4275491991902448,-0.5815234399693227,-0.5910116883076544,0.29617262989390963,0.17782157655434405,1.1763279374979867,0.6680733114378207,-0.3400874131149641,0.8229053545521468,0.790122777071445,-0.2732016559873773,-0.8159509476334561,-0.8176926089980839,-0.7501192661989786,-0.828010020778849,-0.7293765230830396,0.056643107596869274
4,0.96592232,0.9403985738754272,0.3180715501113598,1.063523728262197,-1.1892220668805187,-0.5958058428296746,0.6560019813813589,-0.09807721349846225,-0.2473232907965307,-0.4236923842750406,-0.638047109826851,-0.4949743775935581,0.6384713543346662,0.12889440909623212,0.2811510737544938,-0.02281563023415453,-0.5431126406565455,-0.7170898929657209,0.05541142842261635,-0.11022085184216482,-0.34938960063311086,-0.5524136781300245,-0.5006143009493397,-0.785743223367346,-0.5234552491698926,0.5683509530219469
4,0.952151512,0.9437859654426575,0.6116769367983289,0.8910743347827799,-0.8261209588125262,-0.7381650702672797,0.6498272730037176,0.09957294131202918,-0.2428776880195021,0.21475018997214437,-0.18154956999352068,-0.5529485789258635,-0.14659875007863682,-0.10906395966131245,-0.06455606790384397,-0.30225440729089315,-0.33753420484692065,-0.6282149721307829,0.07900616171201583,-0.2805070422111397,-0.3997050400155011,-0.5922055177602334,-0.6946737183657254,-0.4476088440753247,-0.5399289510829443,0.41648218916644486
4,0.468461365,0.749308705329895,0.34943464715815775,-0.10116682936725627,-0.12294356009767932,0.24993042364658427,-0.3490661839603273,-0.11357480769591882,-0.1671765304948256,0.564355840546122,-0.6120087457357615,-0.3555798992802554,0.048625360477712064,-0.4903516020236106,0.5719950006649133,0.45401160820123254,-0.12230032937243018,-0.32855103798873225,0.8774982674941298,-0.20193300326863128,-0.8159509476334561,-0.7314769564659647,-0.44516875311608667,-0.785743223367346,-0.6387711625612549,-1.2347932465268612
4,0.982584785,0.9539225101470947,0.3485590443713829,0.6967467412863594,-0.298560126026805,-0.8819461714360245,0.8483674810958032,0.14061608699514822,-0.34904559003161195,0.696381037761879,-0.6257598123990369,-0.8704927300589229,-1.4504084689999153,0.158129522098718,-0.21599496906137883,-0.07869964329757685,-1.012886358392155,-0.6546041217640857,-0.16641664054634947,-0.7671154448793008,0.05770804527895486,-0.47946197214130815,-0.8887331357821112,1.0105956666215177,-0.5811132058655737,0.7919910323462892
4,0.969039854,0.9134398698806763,0.7108301952886985,0.16118038060953588,-0.7797356887252075,0.5291164907495264,-0.4988175436148721,-0.2890320692624241,-0.21456935267499105,0.3418243396177234,-0.5666433184115751,0.8021681831429245,0.848167953846045,0.3727276703358257,0.5373106792121364,0.5849658333949098,0.6479754659508923,0.14122848857987663,0.6280338241161509,0.7201617259791171,-0.9577490040747372,-0.9304361546170092,-0.16794101394982128,-1.303511491658254,-0.8941135422135571,-0.10629341687864906
4,0.971497668,0.9592461585998535,-0.09495580552034696,0.5222635964625686,-0.3098163709500524,-0.4011332668153547,0.7329778372291939,-0.36266400021309064,-0.3373943975471833,1.074642967597517,-0.5870292432709756,0.459566700935447,0.003909087813218067,-0.11471317339159078,-0.1840190400492256,0.3349993493361235,-0.25104074153292844,-0.4768883990434336,0.24913414913492243,-0.03892921753846964,-0.042922833485825256,-0.6121014375753379,-0.5006143009493397,-0.5744092363098326,-0.4163761867350561,0.5957300729495719
4,0.973982442,0.9624537825584412,0.33988453281768943,0.3680951714689129,0.046366360443472754,-0.6007932894805621,0.6283476936580519,0.20563319056308074,1.217607513065819,0.6479181725560922,1.8566202068965818,-0.7340982059358933,-0.024430684126238476,-0.09458684165393881,-0.6904481752754935,-0.5708302516745842,-0.17630363761218557,-0.31346893897172096,-0.9629314985327659,-0.7955491810422808,0.31843350389679453,-0.4463021057828007,-0.6115053966158459,-0.5744092363098326,-0.6058237587351514,0.4372375663959055
4,0.893792778,0.9269331693649292,0.2437742655969421,0.9647736504162832,-0.8727473785241561,-0.8686927942493105,0.754910177473097,-0.4208851836947437,0.3961218837358527,1.486181050119119,-0.6468087399889476,-0.40073200685672067,0.3629731691921087,-0.09328268279828368,0.5597426281707739,0.5194942270966547,-0.667366316402654,-0.7861599834776,0.2895600360341482,-0.01823016360610991,-0.8022285550746222,-0.777900769367875,-0.777842040115605,-0.5321424388983301,-0.8776398403005053,0.2256038404740279
4,0.744486283,0.8307926654815674,0.9397651127203211,-0.037169358940747,-0.24665696281729946,0.3874695855623183,-0.4182596236064541,0.26062476888344555,-0.3375169088423733,0.21865868989398496,-0.6437183082989166,-0.5087453285835737,0.4428571822140278,0.43613472710662415,0.8545857863773109,0.6113775359198927,-0.30803320682310154,0.13913340003918215,0.3990676637176096,-0.11806492641714508,-0.7290424614275092,-0.6916851168357557,-0.5837826226992192,-0.8914102168961028,-0.8035081816917725,-3.3682512420775748
4,0.97113686,0.9698160886764526,0.20810856872035832,0.23516627580219812,0.3557377518992479,-1.1860378637057571,0.23716998529456806,-0.6522752866869891,-0.2874883003736326,0.6597797485893541,1.595522005291344,-0.21417228703357705,-1.3424642608270025,0.34721372335565776,-0.8914390237418203,-0.308792156147675,-0.9069016263151592,0.28211512584996096,0.6897108505135447,-0.4799780069392463,0.37789720498507434,0.031199969779706377,-0.777842040115605,0.28149341127309646,0.2096244859609104,0.801695673839191
4,0.930286436,0.9322304129600525,1.3507468802506415,0.799376917394336,-0.4004361832608397,-0.49814445562364135,1.1298131380652123,0.40775182756168304,-0.3482728033653884,0.7327069974204581,-0.5122835792436569,-0.9808876094160149,-1.0584429921298404,-0.05341870578420869,0.08877024789742084,-0.7122872077047947,0.21092014013425628,-0.7425854798896917,-2.0206189848615645,-0.5752146142335757,-0.3082224229566099,-0.6585252504772483,-0.9164559096987377,0.6724612873294966,-0.6140606096916772,0.6138584828590867
4,0.916934696,0.9056998491287231,0.9356106049246283,0.5922804314575157,-1.61689057662861,0.8843764177900808,-0.32567435157647917,-0.14423715330300924,-0.05568246514163142,-0.029298819864150186,-0.4246821299627103,3.7108709217606237,1.1470388710610009,0.5866613755042809,1.056254004021101,1.1382496184733153,2.3308768449349166,-0.6860975778906908,0.47179127534649623,1.9280536071326633,-1.4837740521633618,-0.9503320744321136,0.719187751382228,-1.7895796618905349,-1.0011926046483937,-2.1214750332458507
4,0.993751001,0.9736497402191162,0.21005537010221148,-0.953944163867556,1.814294904961372,-0.5014863634916038,-0.16377969728024908,0.2002290640213537,-0.3504722745247286,0.36737402895794413,-0.5842997427220376,-0.7198204344979412,-0.743581822402468,-0.01846526397029085,-0.5659608206618981,-0.2566828645255209,-0.8774795377848802,0.4536624687392444,-0.050223945515759566,-1.037394511363764,0.04855978357306593,-0.12796738874112942,-0.9719014575319909,-0.13060786348905457,-0.24340231664801273,0.8342699345008197
4,0.861469481,0.8806951642036438,1.1745680263100864,0.3812470865197166,-0.9156006666985397,0.21587571708769654,-0.253072715177059,-0.10579943274664726,-0.12495752937064794,-0.09814457306057855,-0.5326041975331908,1.275014250412603,0.8694098395605766,0.30939451727410033,0.6834416300805907,0.6679807395335846,0.8101113371296572,0.2102167866100663,0.21179822178920876,0.9138523624607133,-0.9897679200453492,-0.9238041813453078,0.3865144643827095,-1.620512472244524,-0.8776398403005053,0.27756909995267615
4,0.956744546,0.8895884156227112,1.0054840174990223,-0.21210571400879613,-1.1423794982295785,1.7841056467642993,-1.2840309435390014,-0.2997068123182139,-0.03769631435456609,-0.029114590207695204,-0.5058046527515988,3.6889208053635945,1.2697875001287449,0.5995907379241703,1.0390882376118094,1.2498966214590461,2.3667432652600646,-1.0656960110829579,1.2205877847380802,1.3828623866379073,-1.918316483193095,-1.0232837804208301,0.6914649774656015,-1.9903469495951729,-1.1906401766484886,-2.6186661972077125
4,0.94047466,0.8347741365432739,0.1595750110137515,0.01772713442179953,-0.7733119391590487,0.9661052187730398,-0.5066524821629907,-0.3149483903340678,-0.14653905470175047,0.7166562243354683,-0.6036014728454451,0.4520629629850715,0.856359966888043,0.21723743316395247,0.7841524413551543,0.8148243861276101,0.636702162629128,0.2130510123461706,0.8036105556133535,0.3641723787936119,-0.7885061625157886,-0.7513728762810691,-0.22338656178307428,-1.2823780929525028,-0.6717185663873585,-1.9855802874192987
4,0.971580315,0.9721063375473022,-0.2728248497076821,0.07194771789305013,-0.038812949920229274,0.08162088165098454,0.3294758520816548,-0.6132914945332097,-0.32144170126446964,0.7409787170836218,0.8906743407233496,-0.19452385838186845,-2.4455370532055345,-1.173969627031267,-1.07176916374844,-1.3794636201021897,-0.8116662447135645,-0.2680299990712286,0.7584219860215664,-0.7675245170914026,0.20408023257318056,-0.08154357583921897,-0.9719014575319909,0.8415284769755075,0.10254542352607424,0.8330519275647915
4,0.94083596,0.879595935344696,0.27036471655756694,0.2157444386478114,-0.583972276733693,0.27050199227373656,-0.2232782828522458,0.14424525191492588,-0.2836293161388657,-0.21832368386017234,0.49657465361409586,0.6240682501337176,0.765949108722581,0.34547907053563215,0.4247270540163639,0.4148743684176723,0.1316051875094589,0.25778312547652993,0.6745337324070483,-0.10692805035059345,-0.8113768167805114,-0.8641164218999944,-0.30655488353295396,-1.5782456748330214,-0.8694029893439794,0.11198339894324863
4,0.940094932,0.9293680787086487,0.10405659018357669,0.08689791741543627,-0.3653478733648671,0.18476151646439432,-0.2733315546550898,0.22131300883782568,-0.11078893158489266,0.4065522004581633,1.653369471338778,-0.12836292984603156,0.6464537753483759,0.13209165431963207,0.569767678927691,0.6124603826511107,-0.2605212494751757,-0.007122777547201907,0.6811223933232837,-0.12517726732733112,-0.5323548347508933,-0.7182130099225617,-0.6115053966158459,-1.4303118838927622,-0.7870344797787207,0.4360517121216242
4,0.950759586,0.8875167369842529,1.2389073372329105,-0.18998401433315779,-0.514517840163745,0.8371053371403447,-0.7796418230799872,-0.31803652683747174,-0.27767630976626867,-1.3908752655252445,-0.5885003614267883,0.7675554878053807,0.6976123482530476,0.5415519106628166,0.6892013225203434,0.9423516328778644,0.9991550573959762,-0.1980476787985611,0.775423435177604,-0.2352103382755784,-0.98061965833946,-0.9039082615302033,0.6360194296323484,-1.0710441058949893,-0.8941135422135571,-0.8188750656279961
4,0.744749703,0.8276986479759216,0.15545897219974628,-0.06202454675279279,-0.1383926781539177,0.17109827584105577,-0.26382808222688175,-0.2243179575768391,-0.25631145893831014,-0.6682450597170687,-0.6469856837804663,-0.6489887487249593,0.11423012347193356,0.27356673030896034,0.5556619605645449,0.6085119051386437,-0.6736524516558149,0.13921402188715243,0.30099462760102014,0.01300548739391934,-0.5369289656038378,-0.7513728762810691,-0.36200043136620697,-0.5004423408397031,-0.9105872441266087,-1.4429600618151406
4,0.971045238,0.9541332125663757,1.527586730178179,0.5331011789292082,-0.7118334623148722,-0.2479880725294883,0.1601896733069895,0.8328100096632415,-0.2450631322662293,0.5086717365362703,1.1528447183039452,0.4007131402179508,0.373778523773774,0.2933132826343907,0.5729874503373471,0.2597054037586246,-0.43540075830606306,-0.4983672192282113,-0.39154602043029685,-0.06624053309251367,-0.4134274325743346,-0.6054694643036365,-0.7223964922823519,-0.7751765240144707,-0.9435346479527124,0.27843682931531355
4,0.955538016,0.9336647391319275,0.8433041953132998,-0.07516873550122392,-0.20675469014362047,0.2519856526930295,-0.33584516488040284,0.24486880430379265,-0.08369455105635956,-0.08526368195754637,-0.1491166703273294,-0.6064595274449164,0.05095394804070613,0.23901846204472296,0.5326999969794006,0.3287708539889431,-0.8861777946178186,0.1766238725115205,0.663088787015207,0.41358186717174433,-0.751913115692232,-0.7911647159112781,-0.777842040115605,-0.7012096285443407,-0.5481658020394703,0.30429438912548834
4,0.972119065,0.9680287837982178,0.6761429989522042,-0.2707201904714527,0.3674358045645117,0.1935011367143098,-0.05582773112723907,-0.07942636453501901,-0.11579040911447479,-0.17414910788094165,0.5530820840637214,-0.11319741700309856,-1.04877046821356,0.048712641256438996,-0.498726583602366,-0.2652139489201562,-0.6192143249918904,0.19237394073630196,0.5451295934414646,-0.6029497102140897,0.13089413892606788,-0.5059898652281141,-0.777842040115605,-0.2045747589591842,-0.5564026529959961,0.6333249406696432
4,0.940208018,0.9026532173156738,0.7205824004644974,0.6723227115030771,-1.3310927799832795,0.31862487411964724,0.004110592450627981,-0.30705074465091714,-0.1953459574963487,0.1700522418852935,-0.6286310916610999,1.3398716542283535,0.9640105825609675,0.5707079761186704,1.089845659063558,0.8284267944335838,1.4275932804498843,-0.5183555049121437,0.1329953022300497,0.9444573987697269,-1.3328277340161911,-0.9437001011604121,2.327108638546567,-1.6522125703031512,-1.0835611142136523,-0.5131651372978308
4,0.987129822,0.9901205897331238,-0.5959866864798591,-1.1116052073675298,1.5837147502759776,0.1984129679957037,-0.5273431696139088,-0.5537352752245127,-0.32744540185111565,-0.5572162379631571,1.0178745181132447,-0.6820916512120069,-1.6707665173139363,-0.29058519164105057,-1.1877682154043723,-0.94926898474602,-1.2039939254045458,1.1867165676710736,0.640669334728599,-1.1921166531415064,0.9588118233090329,0.694397296949855,-0.8332875879488582,0.7252947840938749,0.9344673701351877,0.7893678428823252
4,0.891237603,0.8771659731864929,0.20249234121105034,-0.2007198442872699,-0.4949041081862419,0.8611408953448653,-0.7990401721660414,-0.4438789885125864,-0.14005304184776704,-0.36645572967791157,-0.48552703350632226,0.264417829566442,0.8637614948781206,0.42160782613461584,0.21988374268622896,0.6863596348247214,0.6253468532894595,0.05980254375705809,0.6756745852445567,1.016840198726827,-1.296234687192635,-0.8773803684433973,1.5785937427976504,-1.0921775046007405,-0.7870344797787207,-0.5102097745313595
4,0.874515235,0.8879112601280212,0.2972668475423848,0.7209093260740302,-0.9326080644448534,-0.15971348010231354,0.3222223328931058,0.08779016196956366,-0.3174361094395343,1.1768505503090432,-0.5456587856321875,-0.06763303725563889,0.9102527161721047,-0.050190158549992946,0.10382032907018203,0.43791845403620067,0.07818530492446438,-0.7089081282847667,-0.029525445181622693,-0.11596440955275576,-0.8525439944570125,-0.8375885288131885,-0.36200043136620697,-1.0604774065421136,-0.96824520082229,-0.1480838144521197
4,0.845227133,0.8066900968551636,0.2841088371270417,-0.22949737545930873,-0.5032639587212541,1.0125381176251218,-0.7811301526303609,-0.6976891105029822,-0.2655856719861306,-0.14347348015311115,-0.6356301723657012,-0.21275173241547032,0.9339603245618555,0.562415024245202,0.38263964939390915,0.7469284892199859,1.241098284486042,0.3077029638514791,1.0962215957476524,0.5439306592153931,-0.36768612404488904,-0.7314769564659647,-0.0016043704500620234,-1.2823780929525028,-0.7705607778656689,-1.8495620498588476
4,0.96145754,0.8977357149124146,-0.11613858774317751,-0.30151937710685817,-0.3061443050199017,0.8520209842959621,-0.7392297737479555,-0.39533260899316536,-0.3155128859922586,-0.5732451379208292,-0.6302916359271225,0.1407896625634788,0.6969493964728265,0.3061363200889489,0.47189217337987394,0.491600185877304,-0.08608035478940594,0.18084724792400178,1.159933091434568,0.12483112196823147,-0.25333285272127504,-0.7513728762810691,0.6360194296323484,-1.176711099423746,-0.9105872441266087,-0.5468135356353754
4,0.982008368,0.9778692722320557,0.014570261702017284,0.0771334912024615,0.3342676456385615,-0.39302938900536916,0.44898150297098843,-0.5804771052381176,-0.33624798483484714,-1.2387300891019562e-4,0.6673660413022314,-0.3340077475054796,-1.5658347911916524,-0.15789248607560497,-0.9533076361357635,-0.5674562562546496,-1.2844514577640982,-0.17238598572601763,0.5512937620023258,-0.8771273727693943,0.8490326828383639,0.6745013771347506,-0.8610103618654846,0.6196277905651182,0.5802827790045749,0.7338116740511772
4,0.913096695,0.8983124494552612,0.14336114795620983,-0.6830535169636328,-0.0729047589904412,1.1080505198665982,-1.390947583461924,-0.42314882991788827,-0.029891795376609017,0.3287006811829336,-0.5359704082204176,1.2102164529209736,1.2195306215562915,0.576655582692642,0.4801190161479848,1.1537558684855886,1.5622439667560108,-0.2236265419415689,1.2423224499769907,0.7993139815989563,-1.1315659764866306,-0.8707483951716959,1.9389898037137956,-1.6627792696560268,-0.8611661383874536,-1.3406647330331878
4,0.969513537,0.952949583530426,0.2806106250589451,1.0228183361599175,-0.5370875080639224,-1.1498560719193731,1.2565523887960814,0.18524714806505604,-0.27731018128749174,1.294889351034484,-0.6293507001645868,-0.7218209368457817,-0.5110044811059833,-0.6907967476358365,-0.22055844310659198,-0.2980391825287549,-1.126900308512864,-1.0724871026280864,-0.5939004633647799,-0.807879260999413,0.48310221460279906,-0.545781704858323,-0.9441786836153643,1.1690961569146527,-0.8529292874309277,0.6369153757458513
4,0.922073248,0.8943961262702942,0.4576655220122957,0.7424637598706737,-1.2602424702801216,-0.013762333455449631,-0.07123331286526526,-0.44995014512018383,-0.34024683086597884,0.20887732547654925,-0.6559072387372298,1.1593740004088513,1.0517300208922462,0.32392711500431737,1.1922383900749816,0.773338757951554,1.1598206616854385,-0.33982507953806673,0.14761036223015986,0.8599862851291641,-1.159010761604298,-0.8906443149868004,2.105326447213555,-1.6627792696560268,-1.034140008474497,-0.591583794798968
4,0.988892424,0.9797139167785645,-0.013874102949640565,-0.6068649863582609,0.8649234075268997,-0.006615719261532781,-0.3308067882317322,-0.6591677200462788,-0.2638557281799926,0.6324332784423397,1.2869584546402473,-0.43098311454771243,-0.8439726046163151,0.2286178704854,-1.0777093857583362,-0.24351858195559956,-1.0696724861588176,0.7171070353438678,0.5839392853241939,-0.8360721501521218,1.1509253191327045,1.1387395061538543,-0.9441786836153643,-0.17287466090055711,1.2309940045701193,0.8034122269301929
4,0.839551457,0.8982690572738647,0.25961515562249254,0.05262810611140268,-0.8390818723892637,0.7768450988322643,-0.6570920289776855,-0.6800941437792971,-0.20128633680501987,-1.0061367603199103,-0.6401555550363353,0.38026320556728105,0.8453921044437623,0.4876709495035682,0.38662765948370975,0.637279282714208,0.36049169193422576,0.9383982687245498,0.6930169827517328,0.537060084578876,-0.2807776378389425,-0.7580048495527707,1.1073065862149996,-1.208411197482373,-0.6717185663873585,0.5675192686575229
4,0.811721749,0.8349688053131104,0.49194047038285943,-0.26828509756175245,-0.4347420877925045,1.0305146473367106,-0.8281968602290593,-0.6040205684525332,-0.20953998091722548,0.24534147631004488,-0.5941514724632192,0.31910273312818205,1.0461216986131183,0.5440067074425875,0.23477249093123495,0.9888723010518867,1.0655138229475027,-0.23726417007676256,0.7944551911696123,0.2235774769160563,-0.8937111721335134,-0.8707483951716959,0.6637422035489748,-1.335211589716881,-0.82821873456135,-1.2647172022040931
4,0.90740789,0.890707790851593,0.4531502252863853,0.34690682780059867,-1.0296468713901004,0.4250489375761451,-0.4182834740130872,-0.351166947421774,-0.11391186013488576,0.06551668941466415,-0.6277803403746267,1.378136338150802,1.0458832352972194,0.3658024665437009,0.8575925911240291,0.8356962701969424,1.2438686137565307,-0.4557678652110301,0.34965837735409716,1.1031001989398626,-1.5020705755751396,-0.9967558873340241,0.5528511078824688,-1.5254121780686432,-0.9600083498657642,-0.8652098477993785
4,0.940666037,0.9307065606117249,1.073638530317239,-0.10710551289155462,-0.5443732451674301,0.7101670919589163,-0.6760806571382496,-0.179217212005281,-0.10405413933730856,-0.6457595919657091,-0.4707113032429687,1.1392718183573038,0.7473096592460191,0.5229245535072556,0.7102689441023408,0.941043769414689,1.3436984599243,3.4579781747970693e-4,0.8706702855318803,0.7761191275410754,-0.7381907231333984,-0.8110606357263824,0.5805738817990953,-1.0921775046007405,-0.836455585517876,-0.10081163336619611
4,0.996276013,0.9850149750709534,0.3611767349116769,-0.09857469432677922,0.7210191220171492,-0.8003937432624461,0.20783278811394665,-0.7704230678900658,-0.08729017762080128,-0.6453242868093938,2.2967052793366483,-0.7795463109792449,-1.4392336699656163,-0.24915799401647398,-1.5037979449060797,-1.7793824536541,-1.4859170943522402,1.2245097879870788,1.1576337520926865,-1.322210809223914,1.2652785904563184,1.3310667310331978,-0.9996242314486173,0.49282739833060984,1.5110469370919994,1.0236153240904176
4,0.946115467,0.9571808576583862,-0.18679633409073834,1.2385589811681519,-1.0953572467699344,-0.688980719888558,1.4125307437939325,-0.537748117404955,-0.32415110593692664,1.2920893875590338,-0.570946203823663,0.0063661754258053605,-0.08856948239847706,0.10297980240951105,-0.6259734798134005,-0.13012125840182243,-1.182253413107926,-1.0502182028200813,-0.30587818770669456,-0.19872661253647045,-0.23046219845655225,-0.45956605232620373,-0.2788321096163274,-0.6378094324270869,-0.2681128695175904,0.8104510758646001
4,0.995622923,0.9816548824310303,0.05701286570167781,-0.30717645777979513,0.4979867967366906,0.06258377058571327,0.13910719586354517,-0.7439406859991572,-0.3298405732861413,0.2777403304048763,2.103861228606095,-0.7268931825615362,-1.823853036968986,0.04109986220632656,-1.4694442057811476,-0.808212509736138,-1.1936063846062852,0.6637905202847387,0.4765932731919213,-1.2199960734755033,0.8627550753971974,0.6678694038630489,-0.9164559096987377,0.4716939996248586,0.11078227448259993,1.0578705998298368
4,0.966216747,0.9521592855453491,0.9661178009923552,-0.5749008793989457,-0.14278948657812776,1.3242263278110724,-0.7777745403378402,-0.35524856015626916,0.0881255874085535,-0.6520878135235609,-0.3517785939911967,0.2576184477222748,0.42218642057219635,0.33296485769434797,0.06603891295188269,0.5207874544373966,-0.25273407691879113,-0.08520424987455233,0.9587233644061163,-0.5105876395652497,-0.05664522604465913,-0.5059898652281141,0.3033461426328299,-0.785743223367346,-0.3834287829089527,0.6674764970902455
4,0.753812433,0.806411862373352,0.4953216094197065,0.13411755440697085,-0.7926261617181798,0.7245414985691631,-0.4526305066696834,-0.3624878970573459,-0.22565244320896347,0.2587116479558527,-0.5742523855307119,0.03777955200081092,0.8924853037821718,0.48925616965383406,0.6551273446119203,0.911998216112981,1.5118987633969363,0.0622915657319902,0.7871673905316185,0.39459999726681494,-0.5049100496332258,-0.7712687960961736,1.0241382644651198,-1.3246448903640053,-0.9188240950831348,-1.0074964315715205
4,0.917020689,0.8933926820755005,0.5212573291482977,0.0555164151031411,-0.8549533892089608,0.8574742959008703,-0.7025475013103197,-0.1658828139616807,-0.04293154422366891,0.4271348705230957,-0.6025788945468237,2.4381788815049035,1.0164598008865415,0.4485762962277081,1.0452314366312303,0.9750157440929896,1.4091355713989642,-0.7477021516397603,0.8966382361489238,0.3932744194469251,-1.2047520701337435,-0.8641164218999944,0.968692716631867,-1.694479367714654,-1.0176663065614453,-2.071778875093083
4,0.947303829,0.9429400563240051,1.102364395806046,0.0536638655437667,-0.2678030904081533,0.27892346955512526,-0.08331300742849536,0.5853436884583306,-0.21412851197707933,-0.2678081009502186,-0.04110201859775244,0.11295711494468554,0.6114470679694615,0.5381271067574379,0.6212904129904194,0.5465569617974432,0.28222275411635467,-0.06870258106063659,-0.059793134636453985,0.0726500544451833,-0.9211559572511808,-0.857484448628293,0.08156395129981767,-0.954810413013357,-0.7623239269091431,0.4848355425859234
4,0.919395901,0.8805305361747742,-0.1056830368370052,-0.5135501506108586,0.30367717947285994,0.5970841843279863,-0.4460172932688564,0.6454635141307683,0.6691241365812103,-0.9660454069956259,-0.663427157406264,-0.42208929882781404,0.34799555938434906,0.5506191458051726,1.1116667874395945,0.9081836998316885,1.0272660018844408,-0.04408165847171207,0.26151529933374973,1.1257085629498307,-1.3694207808397476,-0.9569640477038153,0.08156395129981767,-0.0672076673718004,-0.836455585517876,-0.46998304953922565
4,0.933108911,0.9296859502792358,-2.3636372214242525,-0.5818587722481485,0.4443029978472545,0.3995870457670236,-0.7132679271447566,0.11362845516609109,-0.23326680763056026,-0.9238143198863048,-0.6597189105048441,0.7373659101011646,0.9904456883045016,0.560557995005852,0.7585063464189219,1.0482104044945009,1.4812638529668423,0.1503974947067981,-0.007027827804686331,1.3152910113058451,-1.4791999213104168,-0.9635960209755167,2.2439403167966874,-1.1661444000708703,-0.7787976288221947,-0.2920744402337598
4,0.919509099,0.9198840260505676,-0.6144673071926734,0.18875252104498177,-0.5397747577137089,0.4280528728231558,-0.07624856234984805,0.6458562493929357,-0.18730932550252344,-0.3032197188181768,-0.6602478047626936,1.0227373101827109,1.0045605588330309,0.5728509323543515,1.129237521117588,0.8987140250716473,0.9882003802059115,-0.1282937349112059,0.15085986951866937,1.5878958141872028,-1.2733640329279121,-0.9702279942472182,1.3568115514646384,-1.4514452825985134,-0.9188240950831348,-0.32708157473130434
4,0.96012537,0.9300114512443542,0.4229116280469795,0.2270155959843046,0.07028516329527755,-0.481471066835186,0.22107137826588832,0.10835791831889256,0.0016712051573596327,-0.7198879159764063,-0.6507334887579822,0.08046377002685269,0.9245950563080382,0.502278737740012,0.6362540431707138,0.5178957483066199,0.5427175186346447,-0.12025591611896697,0.14776566737880859,0.5524476345976961,-0.66957876033923,-0.7712687960961736,-0.6392281705324724,-0.37364194860519506,-0.31753397525674565,-0.0020728697914389194
4,0.893875076,0.8976518511772156,-0.45278110028733265,-0.6235028210623622,0.23932281038712805,0.720791043380162,-0.7718032570027605,0.21895024987455153,-0.29271241387200975,-0.3547120768052066,-0.6412034212759095,0.45662946741660443,0.8848869067954773,0.5384660203071333,1.047294827618082,0.8332987978616286,1.19269018307284,0.6110062837321468,0.3130918194477916,1.3628546187808304,-1.0995470605160185,-0.9238041813453078,1.1904749079648789,-1.176711099423746,-0.7787976288221947,-0.6876195760121716
4,0.929354486,0.9027658104896545,0.0021491557854156403,0.5208757955204302,-0.7337189468222141,-0.11466519345795267,0.30379419079727416,0.7660448611318592,-0.2441237801217543,-0.16249825417979036,-0.652485362766451,0.7172090489501464,0.8583322977048177,0.5496008502762,1.2435089503597283,0.6487849220554466,1.3625635867325696,-0.4144868737474491,0.009100752615679237,1.6854554000882327,-1.1544366307513534,-0.8442205020848899,0.6082966557157218,-1.0710441058949893,-0.9352977969961864,0.024520030878404108
4,0.894837273,0.9201923608779907,-0.728447208815454,0.16820987967323367,-0.09799126118681564,-0.22719621172976276,0.28029790644754593,0.7382340136923697,-0.3346495742414955,-0.8449743687273154,-0.6612935178089051,-0.028305507427054323,0.771549592984572,0.5241560451854618,1.217954664927782,0.7530726566921505,0.506944912852739,-0.2163958482276048,-0.2803664965337202,0.20702154311840126,-0.9120076955452916,-0.9105402348019047,0.4142372382993362,-0.754043125308719,-0.8199818836048242,0.04679626498805393
4,0.924884318,0.923221230506897,-0.020661460361222975,-0.4562614720246172,-0.14515453366492267,0.9945182653314961,-0.7729283246565961,0.2628593832480894,-0.25366712475917547,-1.245011870476253,-0.6534217726396327,0.3049786519640015,0.4665027171736948,0.5395506126974635,1.533582365495214,0.9833482118871294,1.5073088438967719,-0.22265967326085995,0.6774134568934539,1.3269399170850729,-1.2184744626925772,-0.9105402348019047,0.4419600122159626,-0.12004116413617875,-1.1165085180397558,0.27644645526010797
4,0.892682927,0.8895193934440613,-0.02171692595552206,-0.6648407775364005,0.32615595592126834,0.7422504039027523,-0.8300286404632746,0.39534541242573623,-0.2918252639351325,-0.9962780309356044,-0.6368693163932578,0.6612612295915528,0.9663386472301089,0.5260406869469337,0.933038944092313,0.9746400777703628,1.2154635150168318,0.19462352021555873,0.53146844982209,0.7743403528659805,-1.3602725191338585,-0.9768599675189197,1.5785937427976504,-1.0604774065421136,-1.042376859431023,-0.6865959242298535
4,0.939288476,0.9478787183761597,-0.42395897429909485,-1.087079430909503,1.1301377341757148,0.7281120881805013,-0.657228049374175,-0.39936923411798747,-0.1608262562754019,-1.2234151993921571,-0.6631985938632071,-0.5794725543985902,0.1984797276791272,0.2808274631062015,0.344916507342981,0.4869272330353699,0.44005126767808106,1.3416282824615449,0.2963240686866082,-0.0957498074311329,0.5745848316616903,0.15057548867033294,-0.6669509444490989,0.5350941957421128,0.2837561445696435,0.2711411188827423
4,0.947669227,0.9471811056137085,-1.108543334897961,0.5154105880950803,-0.12373346846450625,-0.4804088683111379,0.881974756582251,0.0034335484759876593,-0.2752223416691268,-0.7258381417447111,-0.6670115770267957,-0.41591370406574596,0.3351494331102661,0.12340228849998609,0.8535138794248815,0.38170470809504875,-0.37783979834969844,0.0347961976101517,-1.1304146062082803,-0.043100834838511556,-0.523206573045004,-0.3070306670770695,-0.9441786836153643,0.14412631968571302,-0.095138999430547,0.229980004177372
4,0.960727969,0.9383739829063416,-0.1681182686203159,1.1692695861521667,-1.0372718891862862,-0.573809768240211,1.1648132992276747,1.450099442277822,-0.3336625997687351,-0.008977447042581709,-0.6592664254305042,-0.013969225159599022,0.707383915812022,0.4454441213871333,1.6360655141048046,0.8114661697909201,-0.33187757996983097,-1.030840621092062,-0.9320474910522971,0.8962144556436332,-1.977780184281374,-1.0431797002359344,-1.0273470053652438,-0.26797495507643837,-0.9435346479527124,0.3275500528417883
4,0.939617866,0.9274216890335083,-0.24463725873609893,-0.33510193863115395,0.028324068128777094,0.5689984748977394,-0.4675048989470387,-0.02204342774226592,-0.2637452787687538,-0.8325261100551107,-0.6591722694114026,0.28201289038380634,0.603886276214922,0.6134219273270649,1.2052640264877887,0.8326022266189874,1.0431310288987112,0.04968947644589267,0.41000748758028216,0.7007312555359728,-1.200177939280799,-0.9039082615302033,0.7469105252988544,-0.29967505313506543,-0.9105872441266087,0.3408838892320276
4,0.872367361,0.9041208624839783,0.3138744081185245,0.6744664261981235,-0.5799554083298855,-0.4124316209057832,0.6657498097027514,0.1883749506106313,-0.22546267930805078,0.5281219800155864,-0.6526660224754119,-0.44560648305273654,0.20759326620702218,0.39832922675509946,0.6218032477052521,0.10206852133653206,0.4813663915295566,-0.5193562682290296,-0.33096219456793474,0.6120011945725593,-0.7473389848392876,-0.777900769367875,-0.5560598487825927,0.29206011062597226,-0.27634972047411627,-0.06151545481389527
4,0.936779042,0.9363623857498169,-0.09886327879013469,0.13915011225066165,-0.5473373996632269,0.5284967015487128,-0.20118799533867962,0.36224885383925176,-0.25587382558514415,-0.807276163091845,-0.6100339812933784,1.8692134926695605,0.9601653677913524,0.4778388374454296,1.002859433202192,0.9342784117945256,1.8991789143723894,-0.5208637009794838,0.2772455062382998,1.050422729181904,-1.3328277340161911,-0.9039082615302033,0.8300788470487342,-1.081610805247865,-0.6634817154308325,0.26552899116168377
4,0.919161533,0.9351720213890076,-0.031784468417847614,-0.5481196589666304,0.5707802279255061,0.23684222962257584,-0.4368797501341542,0.31268620172884554,-0.30706145032729887,-0.2946415481816713,-0.6639876756397951,-0.4894889394383653,0.20945741513718752,0.5719528920400339,0.7769194054810448,0.5612137407015806,0.7544469718307928,0.5029192844764471,-0.1280893403027137,1.0486200536584613,-0.3859826474566672,-0.6253653841187409,-0.36200043136620697,0.39772710415472895,-0.6881922683004101,0.19259937850657952
4,0.943167702,0.9421427845954895,-0.5666017484531591,0.39607791218941235,-0.09265435148700443,-0.3474103291410243,0.6304637539810313,0.6103784348085499,-0.13610662431854717,0.7549964308238678,-0.6646494122933294,-0.17425826196022098,0.675585082439985,0.36594094468253846,1.4106943014614117,0.4350147983067206,0.5530409054659063,-0.08674720586737597,0.0333641818422254,0.320220557209298,-0.7564872465451766,-0.7182130099225617,-0.5283370748659663,-0.6483761317799623,-0.48227099438726323,0.3747472982735299
4,0.962553542,0.9325494170188904,0.4107291178620644,-0.04831477340612355,-0.04777201042159472,0.01414390736316996,-0.1409891077909496,0.31366428793301365,-0.3076236671963603,-0.3324838408730236,-0.6617573028809605,0.387311321627132,0.6295796036603495,0.6140853684364761,1.0245025685043927,0.7139611572913849,1.2576958055210874,0.4070140212014341,-0.13873923369414323,0.8544229030445776,-0.8891370412805688,-0.8110606357263824,0.8578016209653606,-0.5849759356627084,-0.8611661383874536,-0.2577393552423945
4,0.98707937,0.9754510521888733,-0.5158014940456523,-1.9755323842896455,2.8149150329410166,-0.07067843395883887,-1.1956498374223499,-0.30990794213227496,-0.36492393140200247,-0.6884317157221467,1.1876854995955068,-0.11271777897512947,-0.3354325770128076,-5.736784752820277,-0.1082561709471576,0.019701065153416717,-0.25484777586257756,1.1614118477849333,-2.5933787960571197,-0.9847602469855107,-0.2716293761330532,0.8403007089272877,-0.6669509444490989,0.7464281827996259,2.071152802135759,0.7859674617644885
4,0.867824497,0.9268208742141724,-1.7805127817668298,0.14241710930085064,0.16011320955268635,-0.39762484368389006,0.23768284624005526,0.5704533446391963,-0.2961733872205845,-0.17928990048995758,-0.6554361233773023,-0.2876379068851914,0.8546551043631038,-0.4100309606229405,0.11889083039544134,0.35445909853274543,-0.12834292459835742,-0.4680928718046932,0.7456653691569205,0.1465937636520563,-0.7336165922804538,-0.6121014375753379,-0.029327144366688585,-0.15174126219480583,0.16020338022175531,-0.18632113029598749
4,0.939361495,0.9456232786178589,-0.43963450188504494,0.31824008018737826,-0.20334605675299902,-0.41861606136010393,0.1931090058156628,0.4233419830186057,-0.30748198377046737,0.025255899701674123,-0.6574858735719252,0.3445993135538369,0.6152333736254018,0.42927032447970953,0.8736923037245706,0.5083617701186555,0.6320524246419255,-0.8026186940062467,-0.13926434167809326,0.9765911701095843,-0.9348783498100144,-0.8375885288131885,0.719187751382228,-0.341941850546568,-0.7787976288221947,0.20452994582840572
4,0.950895638,0.9468595385551453,-0.550616024066085,-0.31915842325886457,0.147164416390084,0.18998810717829742,-0.4994457796010637,0.7025794792053917,-0.12504503571449366,-0.6202425035963673,-0.5946266406278377,0.3235588937687185,0.6623637620371479,0.5147990561656777,0.3684516658101458,0.8592228425765707,0.7180781819298172,-0.3837700034122841,0.5135686330070304,1.1748468686255586,-0.66957876033923,-0.7911647159112781,0.35879169046608306,-0.5004423408397031,-0.1116127013435987,0.1993215253582176
4,0.949401169,0.9161816835403442,0.10988233818893839,0.13184975768933668,-1.063945340513863,1.253620112882919,-0.416825211586649,0.04297260703649964,-0.19889063290344314,-0.925978902445349,-0.6414504885840081,2.5701916972792027,1.015467252399686,0.5967524923496863,1.1397405737491395,0.9386354757301062,2.300958621379726,-0.1253383006850243,0.2842365896024416,1.83767898395026,-1.5661084075163638,-0.9503320744321136,1.7449303862974095,-1.4197451845398863,-0.8199818836048242,-0.5506850693637201
4,0.929511053,0.9276160001754761,-0.15140248016962776,0.4444081285259203,-0.3915079528975065,-0.30716724710207116,0.3826958660134685,0.43114789633573136,-0.19849983437434945,-0.3279147843275211,-0.6591551990249706,0.2287612817512685,0.7466108423381355,0.5466732158634232,1.0925431213464891,0.7609504733475316,0.8305915285028096,-0.11872580672132521,0.12036052282936142,0.9540370426400969,-1.0172127051630167,-0.9238041813453078,0.6082966557157218,-1.176711099423746,-0.8776398403005053,0.21317554471497205
4,0.957895271,0.9159069657325745,0.5436253962332118,0.07083020034605916,-0.5832710688206952,0.6754923351074602,-0.05973657291742425,0.8207421787001394,-0.11745679629655133,0.08741642946770119,-0.5601227873961342,2.1729413130588626,0.9506428238478456,0.48596471345387676,1.3000654709281112,0.8567930199237088,1.6524140777824514,-0.49560919216716404,0.1466495956083524,1.0214512239311042,-1.0492316211336283,-0.9370681278887107,0.02611840346656454,-1.1238776026593678,-1.0753242632571263,-0.9217986633080429
4,0.930533628,0.8844763040542603,-1.0347892486595085,0.4434798046853102,-0.5102639174370949,-0.17308619753499685,0.30917057872218767,0.9033640489111868,-0.32651147410045284,-0.44416375850426143,-0.6562604463249255,-0.32544250646113243,0.23174809870145283,0.5407551587093661,1.0413675550099655,0.7547099129739216,1.683337181712022,-0.5128516898707258,0.26366292280845455,0.22844038029138103,-0.701597676309842,-0.8972762882585018,-0.4728915270327131,-0.07777436672467622,-0.7293765230830396,-0.9702202611655151
4,0.947250953,0.9695721864700317,-1.3005844806214903,-0.3202649074008825,0.4550324849104905,-0.028373406421233975,-0.06893568245100434,0.0682858991784903,-0.2972971805060975,-0.672667169926071,-0.5925501777086349,-0.31857576596912784,-0.4406696612858399,-1.2839845770070448,-0.006278732141843838,-1.267600901935384,-0.45146926708981244,0.1592693117477726,0.07751369729677166,-0.42630589418467124,-0.1435537122506057,0.15057548867033294,-0.6669509444490989,0.1335596203328372,1.346309917961482,0.09925863143844296
4,0.963065559,0.936893880367279,0.1096572066008459,1.2241012013421393,-0.8077795929481963,-0.8066987228534499,1.4298275846697917,1.1639155890062838,0.02458358370662429,1.4287460855708602,-0.6630694099248023,-0.5205184612316995,0.43693453280690564,0.10640931116695822,1.6469515817002125,0.5698300662082366,0.09392427192463781,-1.0091157505230726,-0.9014770443141413,0.3290932875266203,-1.2184744626925772,-0.9569640477038153,-0.8055648140322316,0.3131935093317235,-0.9600083498657642,0.3295831117633004
4,0.927497194,0.9304852485656738,0.26584065594744904,0.2619990058899505,-0.2093442492554777,-0.2947743750581233,0.2686672434060069,0.596668318882055,-0.34672391914862166,-0.010637562362954626,-0.6676089258720131,-0.43560828576151445,0.26376065658041414,0.5275135335150761,1.433701475102326,0.734073330586386,0.3067204904453164,-0.04359311399973435,-0.4742035066458149,0.3866750275128125,-0.7885061625157886,-0.804428662454681,-0.7501192661989786,0.2286599145087181,-1.0094294556049195,-0.2941795073799249
4,0.873106747,0.9076336026191711,0.25744563373660795,0.9322072275443989,-0.79569837203684,-0.5511051172677838,1.2732606923081138,7.95895593737776,0.3949372156918062,-0.8785253577567309,-0.6544759022172136,1.8780215003822929,1.0529078096476803,0.5411140511251872,1.1648711904045304,1.0131134898752485,2.1090916386841605,-0.7047820416470355,-1.0479234166898803,2.0757139674871077,-1.012638574310072,-0.804428662454681,0.27562336871620347,-0.8068766220730974,-0.24340231664801273,0.01958994517437162
4,0.975229358,0.9599155187606812,-0.4754898007233225,-0.29902381062990285,1.5294864347889738,-1.2431378580596117,0.4772653386263693,0.6440968093825054,-0.14816079155420048,2.059359110909427,-0.5561213195133317,-0.6472999649126824,-0.19209173466314894,-2.3688623313597232,0.34658198459188544,0.11240864053560325,-0.4798870343724127,0.0927003023737447,-2.3941873659618906,-0.49944065160132056,0.2360991485437926,0.47554217898370593,-0.5837826226992192,0.6407611892708694,0.40730890891753163,0.0699734768638666
4,0.939495237,0.9566249847412109,-0.5165392248147713,-0.6744251344937756,0.9962212130011086,0.16551899812082757,-0.17365913612981632,0.31194543416179277,-0.32125963295826804,-1.3092152491136901,-0.6646000826838775,-0.4626801284501569,0.24654805828749227,0.30674376206521214,0.644652984146985,0.4089902929946524,-1.0520710657573633,0.8954192952495013,0.14592226361094798,-0.21615308877201453,0.35502655072035155,-0.015223843122204215,-0.3342776574495804,-0.17287466090055711,0.04488746683039285,0.18477563501713662
4,0.896353529,0.9366307854652405,0.4134482382330162,-0.023416412289065647,0.21279781082421717,-0.4074710746983375,0.004013646263693886,1.118386282252268,-0.3260441892048015,-0.5965042793529393,-0.6558631235473508,-0.30693507503042244,0.3853366244868805,0.5426099662130159,1.4932107865177542,0.5749793926683946,0.7976098924129149,-0.1436884959412825,-0.4540927024608507,0.8501510860341552,-0.8205250784864003,-0.6253653841187409,-0.777842040115605,0.7781282808582533,-0.9600083498657642,0.1894094779363906
4,0.951034831,0.9462491869926453,-1.2674253359011876,1.9803267442628314,-1.255757555768544,-1.542823365860094,2.224971217149683,1.3952859444626742,-0.24303959088206403,0.7826719934570301,-0.6686218138388259,-0.4612706395635407,0.4580482523864566,0.2426668570075386,1.056326552540642,0.3370703688649083,0.42191592341430106,-1.5530137850990196,-1.5862338107157814,0.039897618838483806,-1.666739286281144,-0.9834919407906211,-0.777842040115605,-0.05664096801892495,-1.034140008474497,0.5961710190665664
4,0.924037029,0.9225025177001953,0.5129577479392137,-0.24796552069831765,0.11016310190673105,0.19235744292786164,-0.3704604327564601,0.4274943077037103,-0.2503910121092374,-0.31530750125940576,-0.664935309147579,-0.291279305541667,0.5860796413953514,0.49388923251705313,1.4156403184589805,0.8570135389351259,0.6243247316380435,0.11175567242800208,0.004469957375195481,0.870658013916337,-1.0675281445454068,-0.9635960209755167,0.6360194296323484,-0.23627485701781129,-1.0835611142136523,-0.13764062664598772
4,0.928589276,0.9071188569068909,0.04634719830114272,0.011042251211193533,-0.11653902138792517,0.1159341436456629,-0.04530024180960622,0.09265799355983705,-0.2461918285952153,-1.0137948853812015,-0.666660268329171,0.7785312257225548,1.0338512914088513,0.5876613107166677,1.135965643424074,0.8696167725969861,1.1876858192643225,0.13643242793650867,0.19493737897859573,0.6472825237871074,-1.0400833594277394,-0.9370681278887107,0.8023560731321076,-1.4197451845398863,-0.6799554173438843,0.08300634406075688
4,0.940162037,0.9391472935676575,0.1693998805741523,0.19352468469353667,-0.3331086556101182,0.11896174765958954,0.004089777852063561,0.8231609613716117,-0.2864736801994266,0.06814329884366163,-0.6055911146314336,1.168580627804927,0.9106269000914974,0.5555906966367347,1.0924556207693434,0.8679087823181695,1.8271015698233082,-0.39453377717290794,0.33706602381688006,1.31278785707314,-0.9851937891924045,-0.8110606357263824,0.33106891654945636,-0.8702768181903515,-0.3834287829089527,0.31404161735856656
4,0.913074542,0.9399295449256897,-1.582366696694236,1.0332537305830718,-0.6507436032414502,-0.8864242094221252,1.2283049415956029,0.5708357733364828,-0.33365349146229173,-0.11873353243462378,-0.6635758387017014,-0.31391880172424796,0.2061722455593752,0.14677003879436132,1.369893549419927,0.20770967434626703,0.3453276778018395,-0.7648110755964785,-1.3642342108200045,0.797004791943226,-0.7473389848392876,-0.6386293306621439,-0.5837826226992192,-0.0672076673718004,-0.7623239269091431,0.12039236666867023
4,0.946510935,0.8599872589111328,0.5585955665944917,1.0597374606446435,-1.8767555981233122,0.6193623099470521,0.4673770589162594,-0.05502091569643896,-0.04590156245013635,-0.4790775549291979,-0.651807751721296,2.9145066442954097,1.2143508059381662,0.6341264666182909,1.0741891883852774,1.0400026433438945,2.7944668748192143,-0.4428454428729478,-0.2746568478674917,3.040956162845936,-1.6392945011634765,-1.0033878606057256,2.105326447213555,-1.726179465773281,-1.1247453689962816,-0.5078085627265444
4,0.911704077,0.9476591944694519,-0.7188302884828358,-0.09126197826543722,0.25857738885447024,-0.3364861408501333,0.05352867673957552,0.1844881018759028,-0.27339391044859696,-0.8670195294283572,-0.648313821818913,-0.705603803753351,0.4383010808526416,0.38840146277568116,0.6176493861452249,0.5172228935008218,-0.3405289110857318,0.32496131534702116,-0.3980517984378583,-0.0722920440414291,0.1400424006319571,-0.5524136781300245,-0.36200043136620697,0.15469301903858845,-0.4246130376915821,0.29836945165812917
4,0.939031731,0.9456653594970703,-0.6945819280090592,0.2088659921521921,0.03598345429158195,-0.5819873591797555,0.15612007350933546,1.1464473042334076,-0.29516515092808265,0.6402766915372141,-0.6273904208521174,0.13035097285977587,0.5176112367381129,0.24247737277657078,1.0209616447926122,0.6256233117743677,0.6137384768647235,-0.7276391393351471,0.347374782993603,0.9534496333287865,-1.2596416403690782,-0.8508524753565914,-0.8055648140322316,-0.12004116413617875,-0.07042844656096932,0.27825590108698156
4,0.914593418,0.9232391715049744,-0.14281998940012522,-1.091890660984555,0.6270501619098061,1.1136684977791065,-1.3797287147585267,-0.2294253008808264,-0.13623414902531425,-0.5168287551513813,-0.6378561429007509,0.23246114342154073,1.1357172391202306,0.5259183540910509,0.10081405615324855,1.0741197027516838,1.2417938576991951,-0.4481136801455774,1.041634326235637,0.9398702744137968,-1.1361401073395752,-0.8707483951716959,2.493445282046326,-0.8808435175432273,-0.49050784534378905,-0.5192303951302896
4,0.91315258,0.9066978693008423,-0.025591131683397297,-0.36935743277873456,0.12543396130292636,0.5717314928135868,-0.33639189626006727,1.4612360848609034,-0.22780543399258865,-1.2532238481676259,-0.6644651905952478,-0.2526943723202358,0.7269886230288365,0.5487002464206903,1.3572657458144473,0.869525803101175,1.4790478153915245,0.010174672179910839,0.10789754814253416,1.1336905270345081,-0.9486007423688483,-0.8906443149868004,0.2479005947995768,0.08072612356845885,-1.0753242632571263,-0.11363040570300481
4,0.916164538,0.9098806381225586,-0.7495684203494528,-0.3740061273716435,0.05920969901055291,0.6882103463133066,-0.41605876032881695,0.3222062478841383,-0.031037294812734283,-0.5680919089187868,-0.6446752001655107,-0.13307433102221924,0.7129332804615517,0.5960994461484833,0.6845523294414736,0.6920795590081176,1.141267871698122,0.6420047697525899,0.188371367819641,0.9047709593520494,-0.6604304986333408,-0.7911647159112781,1.2181976818815057,-0.5744092363098326,-0.5069815472568409,0.09493835056581591
4,0.926667369,0.9161341190338135,1.4981154875328786,0.01039846954438112,0.052181220027912874,-0.22097111289499508,0.09047796901724883,1.235179002601121,-0.2829453065583136,0.6542726226570879,-0.6565532201869071,-0.43621388007072215,-0.045965339726305045,0.4273039945566268,1.5892411684458914,0.897536166045114,0.6278583045921348,-0.33306733352946805,0.0090362101006084,1.4502839220360986,-0.98061965833946,-0.7646368228244721,-0.44516875311608667,1.221929653679031,-0.9517714989092382,-0.08190197592279194
4,0.91734748,0.936484158039093,-3.1501158773676696,0.03006966748892866,-0.00602754668011952,-0.10037023067488314,-0.23755165126991254,1.1730505219595064,-0.343022294421801,-0.29769813209265195,-0.6452934775525461,-0.806376833093593,-0.38924671756157947,-0.36338325042915004,1.2907845148849983,0.5932471780230807,0.6579567041325397,-0.4521978646386405,-0.19810383461894515,-0.14569154931669695,-0.3356672080742773,-0.4264061859676963,-0.9441786836153643,1.3275966472077878,-0.30106027334369395,0.5142313343714445
4,0.92440293,0.9127023816108704,-0.23819295930507056,-0.5484417876895883,0.376675044754553,0.6462529997472437,-0.3615903128279439,0.9090976892399729,0.06762047203323487,-0.7739208740888083,-0.6424084934407233,0.2814003455834989,0.717602488614951,0.5435991479565324,0.5914878275057162,0.9897853700076825,0.9777065807791746,1.141318653692405,0.10925454806674091,1.3517057922901046,-0.7610613773981212,-0.7248449831942632,0.27562336871620347,-0.23627485701781129,-0.4410867396046338,-0.1251843649400408
4,0.860184735,0.8868498206138611,-0.33345845987876865,-1.3231511415330173,0.9603895790838674,1.491308362902441,-1.354957618353375,-0.14451693527387566,-0.1507082809774593,-0.7737711719081968,-0.6595413631712544,0.08939112692005913,1.146516715728109,0.5730344483933458,0.6528406368909905,1.0485680380641238,0.6685790635037835,-0.20126290024654622,0.8954086662900359,0.5401203124307581,-1.314531210604413,-0.9039082615302033,3.047900760378857,-1.2718113935996271,-0.9270609460396606,-0.39061374609607324
4,0.976508854,0.9476161599159241,0.4960413112400122,0.5509599503791326,0.14031896032258173,-0.9200801276303913,0.9410361661772554,0.7890460919756052,-0.3085249556843789,-0.19913255068090535,-0.6544743932268003,-0.2118952710158174,0.7007352158913903,0.4618270831496048,1.0935890525861365,0.5865522426319382,0.2711238608577613,-0.4317758977156987,-0.9482456545631694,0.1588631722249217,-0.7244683305745648,-0.7845327426395765,-0.2788321096163274,-0.07777436672467622,-0.6634817154308325,0.23105860659217653
4,0.920506024,0.9018468260765076,0.17055836583050646,-0.6315065405962453,0.14451983525975123,0.9790122124543869,-0.8409718531668675,-0.08500497493634096,-0.20875096902807966,-0.9161246540783435,-0.6633610558005222,0.7414363170144174,0.7085831011682969,0.5382968600988152,1.0893875992978252,0.861238455099632,1.3467068664965207,0.40717359890567517,0.3414923557774531,-0.060128350759331775,-1.0721022753983511,-0.8110606357263824,1.7172076123807831,-0.2574082557235626,-0.7787976288221947,-1.254492573996935
4,0.971125186,0.9360353350639343,-0.5266824455167822,1.9982662113513474,-1.4963801495110747,-1.499954156337236,2.0436628260026755,1.024408955016718,-0.20580748218221395,1.5705135592864476,-0.6658147536709841,0.5683164663443386,0.8039530803238033,0.5938934536077539,1.3847111219498738,0.4098528708078583,1.1490215854210706,-1.4806449095190257,-1.486349564181981,0.47919429220270704,-1.6941840713988112,-1.0431797002359344,0.02611840346656454,-0.5427091382512056,-0.9929557536918676,0.2550044895029569
4,0.965841789,0.933456301689148,0.23418335246321392,-0.39178641570175166,0.42459843268920333,0.0559781198602014,-0.29091385428376315,0.6306291958100985,-0.2994538842633079,-0.7136828411227734,-0.6600614539131582,0.22164669788697397,0.8631688103285683,0.512609105025845,0.8009631792119907,0.8864439775003049,1.011739323187482,0.17568475322411348,-0.22100525005678118,0.8421957805880192,-0.9257300881041254,-0.9370681278887107,0.6637422035489748,-0.912543615601854,-0.9105872441266087,-0.18107084267723858
4,0.990633609,0.9321731328964233,-0.945866673622835,1.2443569975357185,-1.267037377228133,-0.6285810825607446,1.0727924694695674,1.8351009299211702,-0.29290143203390545,0.10802218619184113,-0.6686218138388259,-0.7255104126503474,-1.5847392378822953,-0.7584033138112214,1.0151057273544066,-1.217939916113555,-0.6654719242432166,-1.0561086120532,-1.3655305557826853,-0.0362734655816998,-0.24418459101538614,-0.30039869380536804,-0.8610103618654846,1.644597627794058,-0.27634972047411627,-0.37769560469885316
4,0.765796536,0.8849447965621948,0.08151652340517367,0.652855891331751,-0.8044664730826581,0.0604808097036024,0.6404160391475454,1.2075009992101167,-0.33681393071659943,-0.6711037363404696,-0.6590837029858627,-0.2679732734169808,0.654146434463871,0.6231498590817904,1.3272865189480543,0.7270633697335434,1.740513792786979,-0.8077685407214642,-0.1830532907149913,0.645519376589778,-1.1544366307513534,-0.8906443149868004,-0.6115053966158459,-0.15174126219480583,-0.8529292874309277,0.21898302520539079
4,0.792747907,0.9087359309196472,0.17074621366081608,0.7877499882063896,-0.6470331016133984,-0.5528664529085653,0.7710612799403446,0.7440888067335363,-0.3266224896444846,0.8187062418446815,-0.6535987505706621,0.7300343954981571,0.9166477403391727,0.21326732551018035,1.4983075526282226,0.6830649031712548,1.0900787299913992,-0.703255051602716,0.13251845756114236,1.3628141711913189,-1.0217868360159612,-0.9105402348019047,-0.25110933569970084,-0.8914102168961028,-1.0011926046483937,-0.18102305525220014
4,0.897315388,0.8870269060134888,0.5578536096555549,-0.23141704489893294,0.08118178620773925,0.4203255772435461,-0.32056142813586436,0.4063931047171064,-0.3117132299333409,-0.7775488154117984,-0.6518998412481688,5.679575206146364e-4,0.4521862489631073,0.5213076392751667,1.3683808973302465,0.7819574010658761,1.4860359676489518,0.3786685813990209,0.4137790867433504,0.7181430235571489,-0.6878752837510083,-0.7580048495527707,-0.4728915270327131,-0.5849759356627084,-0.49050784534378905,-0.6587478104665706
4,0.927077445,0.920684814453125,1.9320018831701946,1.0704240576776787,-0.33683503964238476,-1.6659048382239168,1.2109154975087335,0.9590426116090706,-0.3537158349360816,0.8812267084941778,-0.6686218138388259,-0.4818882797865011,0.37762937070316094,0.5058239644117524,1.1128094905877188,0.6234750524250661,0.08096771594302908,-0.8794533245933683,-1.3265725136101958,0.32945180025183274,-0.10696066542704935,-0.9105402348019047,-0.5006143009493397,0.42942720221335606,-0.96824520082229,0.005137209238838964
4,0.931280924,0.9243127107620239,-0.6660847633254905,0.9772606656296425,-0.669814210138163,-0.9416211485958825,0.9817689423951886,1.2384995649429915,-0.2974423045583835,0.9889757451291197,-0.662839331621274,-0.49114805279555807,0.64754661379812,0.33719908046259595,1.4969670188536883,0.2649051936360859,-0.13228920510951658,-0.5830921126807419,-0.9246500609591715,0.647452587515734,-1.6530168937223104,-0.9304361546170092,-0.9719014575319909,-0.13060786348905457,-0.7293765230830396,0.24382417821247326
4,0.982838284,0.9354637861251831,0.09497394847043765,-0.17606976397099908,-0.3454560338233348,0.6793781557149882,-0.46669692989557127,-0.0894356789184221,-0.2320382999463423,-0.18417595668555536,-0.6591453250129778,1.3802697572754985,0.950473187378722,0.5611699508252282,0.940963725136336,0.9233918220959638,1.9686083334375952,-0.016580378766422977,0.09355488177393133,0.9601905918261884,-1.4746257904574727,-0.9039082615302033,1.8558214819639158,-0.954810413013357,-0.7787976288221947,0.1488827323034926
4,0.97466357,0.9389148354530334,0.37747628627138885,-1.0132273668327143,0.9664332441169923,0.6883605007148518,-0.7046023965887682,0.008905570878944696,-0.3272194307011377,-0.6238230802340177,-0.6632506805086166,-0.31851429380257607,0.5226875819049654,0.2818863765211652,0.5860559312189991,0.7245022129619073,0.1929732065815014,0.8822799037792314,-0.021091682127442918,0.20246107740101268,-0.596392666692117,-0.6850531435640542,-0.029327144366688585,0.20752651580296683,-0.5646395039525219,0.07358808367662589
4,0.942297558,0.9142885208129883,-0.5903006391233225,0.7213471479291322,-0.4802841429992901,-0.626831642580059,0.7494069655981054,1.0157100817776539,-0.3144914788942648,0.3193668052648112,-0.6609493145171469,-0.552180718706264,-0.06489642705016314,0.23357470357459156,0.8224304382033261,0.41480253898887953,0.42423923377017353,-1.0195189153566406,-0.43139629898998477,0.4784193531582082,-0.8388216018981789,-0.7977966891829795,-0.11249546611656815,0.49282739833060984,-0.8117450326482983,-0.727988256804895
4,0.899830411,0.9211791753768921,-0.13596997089371718,-1.0894101384677133,1.1876027992649623,0.490166415010863,-0.7738117908246172,0.053285531839364325,-0.10733455253203347,-0.9217076617718363,-0.6636241263949255,-0.07902642433034908,0.7020968131565622,0.4109607593050464,0.40586698448009373,0.6448451321767936,0.6957607146306889,1.2376686152483123,0.23820035526512293,0.6104724595417156,-0.8891370412805688,-0.6386293306621439,0.7746332992154811,-0.3525085498994438,-0.06219159560444347,-0.09004652643808204
4,0.908713366,0.9047473073005676,-0.7653966318655447,-0.31747016343464585,-0.7105063142606565,1.5291660493846528,-1.0175154892310065,1.005916590300165,-0.0532124436464431,-0.7982099346798567,-0.5969769186508539,1.8804985452428247,1.1565780225445337,0.571650709176616,0.6768821088746925,1.1764740314729745,2.415058250173771,-0.6625698122284501,1.0758297202171851,1.5350859704999347,-1.1544366307513534,-0.8840123417150988,1.8835442558805422,-1.2823780929525028,-0.2845865714306421,-0.9002447029284901
4,0.936653986,0.9372994303703308,-0.9639679955943461,0.5343896967399321,0.046228772765399495,-0.9391552248819164,0.8496390828194008,1.2583122700831102,-0.30978960249116333,0.379727443740478,-0.6470798379363198,-0.023821795817797135,0.31654826808880193,-0.20261797600998258,1.0777733199996784,0.27102891568945303,0.5868994176538572,-0.7785046768469084,-0.16042792941928588,0.3133803182649145,-0.6878752837510083,-0.6850531435640542,-0.8332875879488582,0.32376020868459937,-0.3916656338654786,0.19134594803782312
4,0.858417378,0.8990840315818787,0.9605229684677579,1.287822360865229,-0.8655087129136213,-1.3440670803368346,1.5533505939081174,0.9574451280676233,-0.27101284691572836,-0.6772896994521374,-0.6659014374948462,-0.6461562102702328,-0.7574109406044106,0.22751060499741804,1.4058490511278017,0.06541910154551686,-0.1876844431293777,-0.9522973629700742,-0.5867331991457689,0.14618928775694479,-0.25333285272127504,-0.3667184265223829,-0.9719014575319909,1.295896549149161,-0.7952713307352466,-0.17924787179885843
4,0.950251662,0.8823608756065369,-2.234399241621237,-1.0612185569908699,0.0991718325449664,1.8870050248028347,-1.5282381990645748,-0.31439763271379556,-0.10982824123642015,-0.66450697144244,-0.6312091439613555,0.0763202209721525,1.037880755644052,0.5870649841209691,0.31317923920874097,1.0694916954291147,1.0066708995988753,0.1739279708183679,0.9724261080759876,1.6736428654241644,-0.9440266115159036,-0.7580048495527707,2.687504699462712,-0.6695095304857139,-0.6058237587351514,-0.623498549744632
4,0.866621067,0.9110585451126099,-0.7728053310585079,0.28734413234169826,0.23587540099467014,-0.9170967466986389,0.41985056068284554,0.41573642201847366,-0.3608094988404965,0.11634179326412704,-0.5410020918551524,-0.6804134334938687,0.29436669683876304,0.4437429588032784,1.4259170257416591,0.3925198757567902,-0.9605242205734769,-0.13344889971493432,-2.4596082299604842,0.0965159707835913,-0.8113768167805114,-0.6121014375753379,-0.8332875879488582,0.5350941957421128,-0.4410867396046338,-0.09369932066954871
4,0.843606256,0.8632724285125732,-0.12030781263345029,-0.44094102295536175,0.5437401643713757,0.20896879045391897,-0.19286530312453098,0.9620094521787652,-0.3341233883501389,-0.3601456723097266,-0.6599304441119807,-0.5258177432782708,0.5956136933161517,0.5140738655483719,1.573284736720905,0.7602640625738485,0.6850229958928331,0.45979666653334245,-0.18596607888324398,0.25821348322522064,-0.8022285550746222,-0.6916851168357557,-0.2788321096163274,0.7358614834467507,-0.6634817154308325,-1.2924555128285333
4,0.919659421,0.9231179356575012,-0.3404440273639737,-0.714211969362068,0.3032509790948909,0.9113158624793456,-0.8215223293897581,0.28776967115863095,-0.23701993154397596,-0.9448101356827574,-0.6636948508991238,0.10603924327863427,0.7948269718589341,0.5834270745442816,1.2475161038084046,0.9847715936073911,1.5244512148792078,0.4987503657295354,0.7110749627851517,1.3311574975550138,-1.1224177147807413,-0.9370681278887107,0.968692716631867,-0.4370421447224489,-0.8694029893439794,0.006062751246072311
4,0.955038113,0.909397542476654,0.6881686870823618,0.03769060668029521,-0.09963522754312922,0.1712734684091333,-0.1278613960524686,2.7147191262546606,-0.24964313528590212,0.7581184992799236,-0.6644932456697599,-0.2873829483886461,0.6542260167520463,0.5658200168361665,1.7290177290788675,0.8757299975171963,1.1333658931376331,-0.3209033136063785,-0.038752141168954916,0.9023781167271026,-1.1956038084278544,-0.9503320744321136,-0.5006143009493397,-0.09890776543042748,-1.1494559218658593,-1.9313912445322183
4,0.957794777,0.9292866587638855,-0.6586548316928088,0.3926946820123935,-0.14757585443603752,-0.7217920222523345,0.6117200583461819,-0.33088754752524585,0.018499592468094656,0.21991518302991092,-0.6574824596809635,0.37215919953602816,0.7147492972820738,0.32283799536673136,1.0098185234536752,0.6752240975107516,0.3931995081157717,0.03289990417157523,-0.2035294971092305,0.36665071291457124,-0.7244683305745648,-0.7381089297376662,-0.0016043704500620234,-0.8702768181903515,-0.6552448644743066,0.21296128631134056
4,0.977382876,0.9521668553352356,0.11728484712675195,0.014771165555120307,0.6044512162169463,-0.4729230932623608,0.544556091600678,1.1064019466385129,-0.36139497273053633,0.032956557485708686,-0.4473892643440491,-0.41048248436086354,0.55346639168303,-0.8731099496431699,0.8783758571939759,0.8640221191818396,-0.4554201733656808,-0.13668784927751795,-1.701597347224812,0.9721005684104425,-1.1773072850160762,-0.6187334108470394,0.1092867252164441,0.39772710415472895,-0.44932359056115967,0.68965485038578
4,0.963454558,0.9233586192131042,-0.10080668704526093,0.8081844175615874,-0.7384403142976258,-0.5290654030562948,0.7774448862143414,1.6157153012517895,-0.3027240000345198,0.2611098972810161,-0.662608544742585,0.8715653602033848,0.851867824609007,0.49718539021804675,1.4505205126203864,0.4462258694873215,1.1653283899694584,-0.43651415569053253,-0.5032854844789538,1.087570163094355,-1.03093509772185,-0.7845327426395765,-0.14021824003319472,-1.0287773084834866,-0.9105872441266087,-0.044080420489359375
4,0.927451901,0.9353787899017334,0.21517699351577285,-0.16623681389158515,-0.016980450269449165,0.4549290214110765,-0.25052314613927,0.7241271881118306,-0.25242388301246327,0.418263047334054,-0.6587339921135047,-0.13191443114899415,0.5927432648143628,0.47896108205645516,1.3670742513675598,0.8668625176886147,1.5998124938391811,-0.05258017420566857,0.33214372549903753,1.4641923772475658,-1.0263609668689055,-0.7977966891829795,0.13700949913307078,0.12299292097996138,-0.9270609460396606,0.19422225385267627
4,0.845961901,0.8841857314109802,-0.13655546473142366,-0.40369744339218433,-0.06004402762907725,1.0503543038391847,-0.5050427361327934,-0.213480902684144,0.09526384447350504,-0.7140864152831269,-0.6354137436756468,-0.06614128019539145,0.3082544470745443,0.5306513850076477,0.5666249298420032,0.5979556260222614,0.666624247040646,1.0971208238664494,0.34710971372220983,0.7517209576952364,-0.898285302986458,-0.7513728762810691,0.469682786132589,-0.26797495507643837,0.0037032120477636108,-0.10158189077359031
4,0.907196225,0.9209941625595093,-1.9284243502802505,1.0870091655491285,-0.5470340466750647,-1.3502780002907462,1.074849257098556,1.0347077268668876,-0.3310675678951135,0.5486968701774398,-0.6573950081688973,-0.33441942676171316,0.20369357344483657,0.07525945071140881,0.8223871347925215,-0.2805585163749942,0.09502615155877189,-0.9405312323352865,0.12978219303805116,0.3582624344079858,-0.66957876033923,-0.7381089297376662,-0.36200043136620697,-0.27854165442931383,-0.8117450326482983,-0.7599236509464521
4,0.745945946,0.9067229628562927,0.0963048126919289,1.4817729709350804,-0.8780465051637505,-1.4663165012308599,1.7294941430599473,0.9279444452884141,-0.3219369888507723,0.3602444016526689,-0.6626369858700497,-0.3813193434769606,0.48937613413233155,0.3389421912930372,1.4162744576161388,-0.6637172492713194,0.2806229052911644,-0.869190039974523,-1.2497756985568105,0.11943044950508742,-0.2762035069859979,-0.6850531435640542,-0.5283370748659663,0.6301944899179936,-0.9270609460396606,0.098324176307787
4,0.944172538,0.9227026104927063,0.40585738028449964,-0.12163633794493166,-0.2338710214036958,0.5649433229656297,-0.3902084238446677,-0.19267101188051589,-0.21706041144243987,-0.8950620866395907,-0.6398862043346937,0.8075492597669447,0.9543802567176959,0.5292269642352735,0.7049945086405137,0.8249389227725399,1.9446139604312973,0.5388966836598152,0.1631643927316616,1.0075694273581783,-1.0355092285747949,-0.9105402348019047,1.0241382644651198,-1.0076439097777352,-0.43284988864810797,-0.28749962018136516
4,0.88808302,0.8975340723991394,-0.44998819126223727,-0.5255064035861179,-0.04290836326932942,0.9664288579894447,-0.8285537935018514,0.1871469458729384,-0.02266453636089918,-0.392331037145854,-0.5972530554818115,0.43889757172982985,0.963428570436676,0.5142056047573548,0.5503594612794198,0.9738314194163596,1.4811229853179018,-0.28161661935396326,0.6954104347232328,1.5016109938624214,-1.4791999213104168,-0.9503320744321136,2.022158125463675,-0.912543615601854,-0.9352977969961864,-0.3958268112030561
4,0.896779356,0.8944441080093384,-0.6829957141311747,0.4125706459425629,-0.30410789130813703,-0.3101108035484746,0.40097697561578144,0.20500986627598983,-0.31236808788333803,-0.13938455925481302,-0.6561702772056325,0.01928311612284678,0.6508681638505245,0.06151618239380367,0.7213381370798089,0.3252151934353226,0.30576235940367624,-0.5265482632690405,0.5880975953424453,0.740770692098475,-0.6421339752215626,-0.8110606357263824,-0.44516875311608667,-0.785743223367346,-0.6552448644743066,-0.49580045940810347
4,0.895982544,0.9028255939483643,-0.08176916009539671,0.6479514289846814,-0.6857091403347803,-0.3778093568182303,0.4933153254486163,0.9280066543677536,-0.08656179926839039,0.040999449733671776,-0.6559507229171568,0.12512011273522985,0.4635814666237818,0.2924189050004907,1.1391961298466695,0.5547963597638247,1.6381325828928572,-0.7170650946909559,-0.5971595954924115,1.4168659397292602,-1.3282536031632466,-0.9437001011604121,0.6914649774656015,-0.341941850546568,-0.622297460648203,-0.2906460999392757
4,0.915556602,0.9418338537216187,-0.5072616307005788,-1.2465143190133798,1.008823609389427,1.091505111329864,-1.1015142175422705,-0.3883463638731818,-0.32157331546680007,-1.4101123171258179,-0.6378568246992354,-0.3521129476221888,0.4201174471119241,0.531995431223827,1.0671870887876622,0.7444116204823364,0.32402163727083455,1.5144662198183731,1.1537207508210143,0.7403643776765672,-0.6421339752215626,-0.5855735444885319,-0.4728915270327131,-0.0038074712545465962,-0.25987601856106457,0.3848129948597045
4,0.934570488,0.906334400177002,-0.3120779552173061,0.39618536237561636,-0.4725004386810402,0.10185710189575137,0.4841523755275477,0.6731369299635815,-0.26327269874495457,-0.8594558917701998,-0.6628131864059541,-0.06453975254412474,0.306935882356283,-0.25503727970440776,0.8373578536907965,0.6246072563912166,0.7374788696888054,-0.5538127782156632,-0.16730412795244973,0.4490295830613269,-0.9714713966335711,-0.8840123417150988,0.6637422035489748,-0.1411745628419304,-0.696429119256936,-0.13272048438973869
4,0.91634042,0.9418045282363892,-0.4157337777424635,0.6436971056472885,-0.4595324579705222,-0.5788227645843347,0.6681883240429959,0.929359133657524,-0.2865487625884185,-0.7879520789050485,-0.6602819865871173,0.20649915477505185,0.7096251693202359,0.5291599737098308,1.208958982280639,0.7367191881098561,0.28621606755853723,-0.7362013459551449,0.0583032507352532,1.0518770038775114,-1.053805751986573,-0.9702279942472182,0.4419600122159626,-0.9336770143076057,-1.0176663065614453,0.5033986839575662
4,0.961689587,0.9193660616874695,-0.28750822297412704,0.20988895808879146,-0.05712589341341223,0.021002532022143965,0.3592846129578392,0.14304317918909634,-0.3404911216920082,-0.7078770939914174,-0.6531232846470016,-0.4054618114891588,0.8462278332906206,0.5887131802576667,0.6511428090093331,0.4118165776328694,0.6636355684182296,0.17334530599344355,-0.5647149773317338,-0.23660394158691905,-0.7564872465451766,-0.7182130099225617,0.02611840346656454,-0.5215757395454543,-0.3916656338654786,-0.03860004345142858
4,0.954533005,0.9291750192642212,0.010867960849720143,0.9773831802081915,-0.850063457073964,-0.622803644190542,1.0654492314900341,0.8887894929050035,-0.2933333877024305,0.5678636902360454,-0.651699030813248,0.21548921806853946,0.7952290858570031,0.5758180553545854,1.2103884402069407,0.47967246468804003,0.49289645851322145,-0.9506660650218827,-0.6662394509300376,0.8387549776893727,-0.8479698636040678,-0.8972762882585018,-0.5283370748659663,-0.3842086479580705,-1.0917979651701781,0.249765682641351
4,0.934360802,0.9208594560623169,0.5895469981282462,-0.02289635070245471,0.029450982279782673,-0.1082917065872936,-0.013347132170277594,0.6201416045404445,-0.029894888065568948,-0.34546817956671,-0.6598551175055772,-0.32713844585710866,0.6448765927210409,0.5344715807937602,1.0198427654070732,0.6014055163033816,1.4665881645309837,-0.07988824326909426,0.07662368904647449,0.7322730212475295,-0.8754146487217352,-0.9171722080736062,0.02611840346656454,-0.19400805960630874,-0.96824520082229,0.0892040394592501
4,0.930790833,0.922574520111084,-0.5530041554222197,1.2057654657194727,-1.0749287922085105,-0.7874027899322279,1.139753447984854,0.4848635507471543,-0.23069814722289178,0.5004683957933294,-0.6609336748647145,-0.22720354566889053,0.5049256054548436,0.4555574890998749,0.8861110323742896,0.6059716209815538,0.4789970806095883,-0.6937289320937351,-0.5897955173366071,0.7378106639569734,-0.7198941997216203,-0.6386293306621439,-0.4728915270327131,-0.024940869960297863,-0.5316921001264184,-0.3338495628397457
4,0.926952527,0.9106062054634094,-0.07876229445048222,-0.3737923361775116,-0.2055391314791583,0.9924349769139168,-0.6732851207544835,0.2640296697902369,-0.024522459844477935,-1.5555240271085928,-0.6611062556508122,0.9119899825769914,0.7714975666633891,0.572925730789571,1.6067863793209665,1.0364803170725998,1.907816085172296,0.06283244991514701,0.5744327311128505,0.5343638850325948,-1.4517551361927499,-0.9569640477038153,1.7726531602140365,-0.7223430272500923,-1.1247453689962816,0.22202025787252608
4,0.917209659,0.9150719046592712,-0.26735908468027664,-0.7040107195544419,0.24064029241107124,0.908565290139229,-0.7520860962655834,-0.05300280364388839,-0.24303650613325553,-0.7391899589515599,-0.6583555129634064,0.6897307483332971,0.8798354837199808,0.1952095369419282,0.8815717872474333,0.8680187594786082,1.4337724795513491,0.7366507465864031,0.45259349755737854,1.005396288685349,-0.9165818263982362,-0.6784211702923527,1.135029360131626,-0.8491434194846003,-0.4575604415176855,-0.36729691709242196
4,0.878822432,0.8971558213233948,0.10053310914176532,0.5365862491854586,-0.712863051871222,-0.2953539880989777,0.3676215399231261,0.8813801111103943,-0.23006346885000378,1.19715480623559,-0.6626980112070379,0.13058762191310608,0.6751894178254816,0.4645373627796554,1.1155744701195724,0.533361423210078,1.537421275788091,-0.19439111909221388,-0.556379493812546,0.945155119688795,-1.803963211869481,-1.0299157536925316,0.33106891654945636,-0.6166760337213356,-0.9023503931700829,-0.4353228399723146
4,0.97996309,0.8903816342353821,-0.10812429331503491,-0.053071069967528306,0.1921955611783403,-0.3133873452304556,0.026503997302379984,0.5521441913319681,-0.2570258708820615,0.1039394677898723,-0.6590480259350187,-0.2759677632367731,0.4552899668269789,0.4691518072966476,0.5074508622072956,0.675780431422553,1.0966187352816832,-0.13707998820737222,-0.37287033674164904,0.4122195188159351,-0.3356672080742773,-0.5789415712168304,-0.5837826226992192,0.19695981645009136,-0.5564026529959961,-1.0555510540592423
4,0.903990381,0.9137269258499146,-0.3745239826972372,-1.2461687340887388,0.44670563919550765,1.6789986047212138,-1.6964452393562057,-0.12582120522162266,0.03503780472365034,-1.05931316440231,-0.6311534479943173,1.751349982977947,1.2348404813526903,0.6115374732235115,0.5923740001946267,1.1867509449391593,2.019738666543855,-0.48771271863424076,1.5057218607536649,1.344341573208871,-1.200177939280799,-0.8707483951716959,2.6043363777128326,-1.1978444981294973,-0.8694029893439794,-0.2110268365357326
4,0.869465179,0.9103785157203674,-0.23813758564410178,-0.41130862181470756,-0.4813957411423574,1.243593984320389,-1.0105265176302483,-0.2673838780618977,-0.13442087555375598,-0.9313237900616298,-0.6347550487142717,2.005792450947276,1.1153531024338428,0.6128968638254703,0.9967018345646123,1.0880904301792254,2.305903294666285,0.09535912698935228,0.7440144844305978,1.983400617798361,-1.5203670989869182,-0.9304361546170092,2.1884947689634346,-1.3880450864812595,-0.9270609460396606,0.051318587561197705
4,0.963900526,0.9382509589195251,-0.4346794261349982,-0.39697772030810075,0.5333751474845789,0.39984139442850575,-0.08390764306482644,-0.06999465729538985,-0.25699513598532275,-0.9508422148235549,-0.6224317870850639,-0.5652829103973838,-0.1003078898497044,-0.056069206314492824,0.7452289599828673,0.3061135321635368,-0.006924183195464604,0.6717616853894283,-0.03352060260202966,0.23666778770331962,-0.6650046294862854,-0.4860939454130096,-0.16794101394982128,-0.19400805960630874,0.09430857256954824,-0.33552473941283456
4,0.95709879899999994,0.9344484210014343,-1.236690109526326,-0.06547645841632038,0.31547859829305674,-0.4479579098690539,-0.0837158354199922,0.38577987112018614,-0.16663602025278546,0.5256400560965541,-0.5960615547942677,-0.02313974213411121,0.46942920313092956,0.07673503172348681,0.8375616586054775,0.6400700795508669,0.026068840057275843,-0.34455730442654936,0.6218604692206341,0.5497119067253016,-0.6604304986333408,-0.6651572237489498,-0.4728915270327131,0.02789262680408049,0.028413764917341156,-0.3347563300475452
4,0.910900436,0.9069218039512634,-0.31572914244199535,-0.7092917333323321,-0.17087329027211054,1.4554779766414196,-1.3135324955762309,-0.36042286748771535,-0.1474471801365106,-0.8353470563650758,-0.6528062519279263,1.1306508141946376,1.1309169894547233,0.6114391103155354,0.8243408316135472,1.114281310977923,2.1258048217059393,0.3002762789484955,0.9874801811618165,1.5525234778962549,-1.0721022753983511,-0.8176926089980839,2.133049221130181,-1.2718113935996271,-0.6058237587351514,-0.22672821111403152
4,0.96141587,0.9283826947212219,0.23402216201176743,1.1068083743424826,-1.099449678963327,-0.2313301467670541,1.0376136100620914,0.721421652171308,-0.3210735112047902,-0.26601948423924876,-0.6676135136692825,-0.17141310677960966,0.4538904322651022,0.631573430918809,1.3172912531724525,0.9094487894010412,0.7576815122972967,-0.7871394884600086,-0.527281847791948,1.0094759796455934,-1.4517551361927499,-0.9967558873340241,0.19245504696632365,-0.2574082557235626,-0.9764820517788159,0.20589453684746364
4,0.87376074,0.8686976432800293,-0.5824566241208229,0.681101787517518,-0.7742403162648235,-0.36336345902254985,0.47267042986306473,0.15615359071103518,-0.26663389472214527,-0.8769974435292032,-0.6379642392000052,-0.07672861642501716,0.7011942131937516,0.5720838437559747,0.5879087211298383,0.4209638452149982,0.4138326488859404,-0.31059417098880093,-0.6053725136747494,0.5903479452330945,-1.447181005339805,-0.9768599675189197,1.9944353515470485,-0.7434764259558435,-0.7046659702134619,-1.6193668343551733
4,0.90861244,0.9368039965629578,-1.1083841694862138,1.5283721686247635,-0.696744863646235,-1.6087770429264838,1.8951822228637325,0.46241765344513897,-0.32606801569343635,-0.18027995041623762,-0.631787598661035,-0.22646071998772144,0.6113257867832332,0.11938065199274227,1.353273481086369,0.5501936899586548,0.6504013103444317,-1.1681447570105232,-1.3831834511786525,0.4122296307133129,-1.0721022753983511,-0.9105402348019047,-0.5560598487825927,-0.2468415563706871,-1.0588505613440746,0.09071804386473285
4,0.944427947,0.9358829855918884,-0.05831177064867542,-0.20477280798391032,0.06564263212126759,0.17694276150844335,-0.23772970322377832,0.3769931163785779,-0.2474459188119459,-0.17948041576136414,-0.6651608864451293,-0.2165619227228381,0.49597880969070757,0.5670768322801091,1.0824690477465457,0.8569557515154732,0.35420454506523114,-0.01978674685879729,-0.23838496050988345,1.353066302119118,-0.8799887795746798,-0.8243245822697856,0.1092867252164441,-0.024940869960297863,-0.6140606096916772,0.16084573031110025
4,0.911346224,0.9335539937019348,-1.2345591378946277,-0.13789369822977884,0.063885162748277,0.8036179376751749,0.19528504296306584,-0.1919694422009154,-0.32820629274135477,-0.2495750040979531,-0.6206588888479795,-0.5386055256601145,-0.31706648781758145,0.23186163141505636,0.900558406133377,0.5109040884064968,0.09519754637269771,-0.15760979129150343,-0.39326027127773205,0.8977376750940893,-1.0995470605160185,-0.6983170901074572,-0.6669509444490989,0.5984943918593666,-0.3669550809959009,0.5227393604245358
4,0.906595046,0.9291233420372009,0.34765440021251826,-0.1597872662037108,0.5710445741577934,-0.328316244124776,0.20404027118612553,0.9565979040868016,-0.26740158936929315,-0.989483290408016,-0.6623384595005213,-0.06384179153119403,0.5038845431997376,0.4587091200452339,0.5321550323059885,0.7717043579401678,1.0136728478753132,0.3563607539308258,0.07681672783822806,0.4059188874861666,-0.5872444049862281,-0.6518932772055468,-0.05704991828331502,0.01732592745120467,-0.4410867396046338,-0.05845434478859792
4,0.851164774,0.8832879066467285,0.03139401389163753,0.03647174818429957,-0.28216616108666165,0.3424553181080467,-0.1092028908954913,-0.15018847393931883,-0.06811542349186568,-1.1004630610920887,-0.6302954398980563,0.5171511224579798,0.7583338486786575,0.4275890502840555,0.41612499276829157,0.9028777407770875,0.9972800836491905,0.45431514493765485,-0.08400173744940331,1.1290969678347922,-1.044657490280684,-0.7712687960961736,1.1627521340482523,-0.9231103149547298,-0.2681128695175904,-0.8524334005330695
4,0.547852536,0.8096813559532166,0.04786346540534431,-0.4074633459127816,0.21433801011959167,0.6072605925095352,-0.32401501238247543,0.45022815327773913,-0.18098327335007613,0.18371682892788543,-0.6672028354309891,-0.43979360985418553,0.22428500615943367,0.3715704978949392,1.3256026056035135,0.764460470353436,0.3454043461772248,0.5009998400620506,0.11495447061489904,0.7371543098908143,-1.200177939280799,-0.857484448628293,-0.11249546611656815,0.02789262680408049,-0.6717185663873585,-0.4011391145356111
4,0.928183202,0.9405784010887146,0.3543809048423281,0.7871734081487511,-0.43955258692878685,-0.7125988163535224,0.8181462632444442,1.068684916704292,-0.2899752950540025,0.3092282616550978,-0.6555432385863585,0.644222029010731,0.8578017189292984,0.5606397836984887,1.3990035738937523,0.5697976564793585,1.453887970447038,-0.6854525073065606,-0.49061899363734385,0.9803334914027688,-1.0812505371042405,-0.8110606357263824,-0.08477269219994159,-0.9970772104248595,-0.7211396721265136,0.31916685957970053
4,0.936622906,0.9248889088630676,-0.2485336721736499,-0.005968877442260169,-0.031627914811393425,-0.008350426207434378,-0.04504632483103505,0.7607747584243137,-0.33332034049660747,-1.5056715626045887,-0.6686218138388259,0.0282112012860451,0.6351830517062618,0.6139965961884865,1.7610014590989873,0.9746185787906599,1.2545448913870791,-0.19006453397515627,0.3200867324917932,2.104837151198575,-1.5844049309281418,-1.036547726964233,0.968692716631867,0.08072612356845885,-1.0011926046483937,-0.22896659896139632
4,0.929930093,0.8995843529701233,0.23810062584154382,0.7943933969060799,-0.6210886722184099,-0.5087547556759429,0.8762244703676506,2.688377212262601,-0.31221335545387524,0.5418093803494711,-0.6607943976220553,-0.3095729163143412,0.3494924276721144,0.3990736322027233,1.356267265554181,0.5507279381331486,1.4091587123273162,-0.8320432034086157,-0.7680991578530102,0.8060374740917963,-0.7381907231333984,-0.7911647159112781,-0.7223964922823519,0.4082938035076048,-1.0506137103875488,-0.9197207280366669
4,0.829344936,0.9367384314537048,-0.3881749717584014,-0.09978091986597125,0.11720852849152073,0.3442797393782484,0.0318261093446296,0.18321221556255995,-0.23732278193920156,-0.268830295618494,-0.6391817804003557,-0.23135749795007685,0.3016192345809277,0.4666657587715763,0.9331284327477178,0.6969766549525569,-0.0028403972890163384,0.0014288910327322137,0.18392525863991957,0.9955316731616047,-0.9760455274865156,-0.7115810366508601,0.2479005947995768,0.15469301903858845,-0.2681128695175904,0.2623077392931394
4,0.920316844,0.9299561977386475,-0.5558765828124617,0.09046582577568733,-0.11858079838294452,-0.009996433889838115,0.06981643080595117,0.9392849723845129,-0.3066786707158801,8.266493946045722e-4,-0.6611946942936061,0.20196014746439792,0.6544050297321788,0.5511785104932287,0.8309738182175567,0.8354166929292483,1.1928197431047953,0.027197347769706393,-0.6191712519819798,0.8585531534917106,-0.857118125309957,-0.9304361546170092,1.2181976818815057,-0.5744092363098326,-0.8117450326482983,0.11373019123647281
4,0.962895928,0.9399356245994568,-0.6971887568806463,0.25188528192399445,0.40420767494658905,-0.6259774222888402,0.9285962032777293,0.7765256628153901,-0.3429266911879939,0.2899048849001341,-0.4464552338685405,-0.2005602102755459,0.14542991670830596,-0.6692173839954931,1.0140019684224812,0.6974938679185565,0.5204077390394328,-0.742429000509424,-0.5155104480683818,0.050092249922103926,-0.5140583113391151,-0.43967013251109927,-0.5560598487825927,0.3131935093317235,-0.5564026529959961,0.20123109254582877
4,0.899940263,0.9362414479255676,0.5576303270167574,-0.436161170950008,0.28760860336611666,0.35306773620061244,-0.4981450065080323,1.7520746957711826,-0.29576837867898714,-1.0661556630433853,-0.6644306158959801,-0.34634603179111395,0.9086550134649649,0.5662217220654073,1.6041187965221861,0.7448937671843042,1.9312799852808467,-0.11089946139159979,0.3280218948230494,0.7630306552806084,-0.7198941997216203,-0.7845327426395765,-0.8055648140322316,-0.19400805960630874,-0.9435346479527124,0.17668852099627935
4,0.900865998,0.9203193783760071,-0.6570140618966297,1.0223423147887127,-0.6356710571289954,-0.799702132515201,1.2637933744629142,1.668278963855565,-0.32101217829952244,0.9449975045719612,-0.6562912245964085,-0.666053548510924,0.4099530288620681,0.19301887203180337,1.4797968002549804,0.698492735321224,0.174028787537291,-1.1334004159979105,-1.5665604191865337,0.48814148285526565,-1.2916605563396901,-0.9503320744321136,-0.14021824003319472,1.0951292614445234,-1.0176663065614453,0.043914938386242997
4,0.945655086,0.9253075122833252,0.7604628822383681,0.9927346862692229,-0.8278130502055017,-0.7627261688772075,0.8609494318972422,1.6800285364377925,-0.23049090228471567,0.4340424639752595,-0.6653854445160032,0.147178940274348,0.5184760848428636,0.4179811659798593,1.0815252117399694,0.6645492299861118,0.6988326034108819,-0.9692490224508573,-0.48388415825934217,0.7197940206199244,-0.9623231349276817,-0.8906443149868004,-0.30655488353295396,0.006759228098329225,-1.0094294556049195,-0.08771377396290558
4,0.918909163,0.9286693334579468,-0.9833655597038354,0.08514699193741906,-0.21007387021622684,0.2880061084238008,0.06303733961497873,0.23346317684777718,-0.25491171283795466,-0.7334417686957597,-0.659694965274452,0.19138927793422067,0.7855254287328977,0.5244019775881644,0.8092582967597285,0.8288275459169158,0.8880250928816095,0.4340768343226921,0.10948773338911298,1.0984542417264618,-0.49118765707439227,-0.572309597945129,0.4142372382993362,-0.5638425369569572,-0.18574435995233163,0.2123319707345313
4,0.876208524,0.8782711029052734,0.10645338383329951,0.10241370737384038,-1.1580050568837401,1.351847959966565,-0.6152776136077778,0.33313762118297824,-0.0475222243648934,-1.1169262872534103,-0.6120948393908644,4.156066726949033,1.2165472760136613,0.6269530316139766,1.5510757269876796,1.1881535734333564,2.8870665608247643,-0.4369554892757069,0.6396304074682856,3.139529696274941,-1.5569601458104745,-0.9238041813453078,1.0241382644651198,-1.5571122761272702,-0.82821873456135,-0.41407573635387596
4,0.945510634,0.850176215171814,-0.24226830768914395,0.06258493389109283,-0.5751094593131066,0.7282400684322226,-0.16493991135319705,0.3967750092400509,0.124642964811764,-0.6029041897992756,-0.6246578399335991,0.32179017003990473,0.8079729588904532,0.46802658696721566,0.7703586562409652,0.7834142500366771,1.3370315467071614,-0.013373370447224357,-0.17571342601893866,0.9513316504598359,-1.168159023310187,-0.8773803684433973,1.0518610383817464,-0.7963099227202219,-0.5811132058655737,-0.6517252995327161
4,0.96222877,0.9347351789474487,-1.07524534289005,-0.09545761147748918,0.2066268604650342,0.2609980339016051,0.2776205711822741,0.16833722686014999,-0.26742445605243004,-0.5605404749215129,-0.6525208836650965,-0.3033843611418024,0.40185046193476487,-0.8544585521679894,0.2559868693840246,0.12135526813710559,-0.4522530341818233,0.3191531892803842,-0.5620560587637284,-0.11747659784243648,-0.596392666692117,-0.46619802559790524,0.33106891654945636,-0.6800762298385894,0.48967741848279045,-0.8935762964870752
4,0.886301157,0.9032910466194153,-0.20974174067287285,-0.21321622621929553,0.010975291925799846,0.32421055391629305,-0.28357445934754566,0.4735902687503725,-0.20693962342527483,0.16990067415337415,-0.6658158020484749,-0.7114302458724101,0.31169675649745543,0.4813676608045789,0.8453003630645417,0.687054440702148,-0.01987876609388322,0.20662478232963247,-0.0802384932432359,0.957686518330085,-1.0080644434571273,-0.7513728762810691,-0.0016043704500620234,0.1335596203328372,-0.5481658020394703,-0.10156012312720966
4,0.814214733,0.889672040939331,-0.1588342268880662,-0.45343807331324354,0.15534127897269107,0.5903731084814038,-0.5588782684492689,0.4777001363676591,-0.16942921035535152,-0.04553222488095958,-0.6619390712825513,-0.07002656014115229,0.6637685147562384,0.5415359396336376,1.1500756420619047,1.0015888553174705,1.0666182543897824,-0.0698556506004617,0.5308462297934616,1.0453226558498998,-1.0355092285747949,-0.7845327426395765,-0.30655488353295396,-0.13060786348905457,-0.9188240950831348,-0.5491607780689997
4,0.968485906,0.9393706321716309,0.2438494358835207,-0.47455707290697274,0.6022085946363123,-0.11786829109473476,-0.48963943049639325,0.9797283411572782,-0.30663537592889606,-1.143911283745977,-0.6533292338896918,-0.6220698059532407,0.38182620301848036,0.5400822040137552,1.826818329568362,0.9269623298236924,0.666274851071444,0.24686063154175378,0.05169027508031768,0.9388802277341706,-0.9851937891924045,-0.8243245822697856,-0.44516875311608667,0.5456608950949882,-0.8776398403005053,0.02991861978744663
4,0.946841113,0.9712718725204468,0.6128657841048497,-0.6839348174830511,0.46396108354794613,0.7016572058120061,-0.6339036834992867,-0.11499569396803663,0.10003219328305527,0.5795927511727764,0.20425675995888207,-0.008171567065987762,0.19261044902336455,-0.21572818034353772,0.028782440980847722,0.13912825613743335,-0.5775630155482359,0.5894851992305926,0.93406149822529,0.4005007490184614,0.23152501769084832,0.031199969779706377,-0.5837826226992192,-0.6272427330742111,-0.5069815472568409,0.5584257239900638
4,0.927670591,0.8535809516906738,-0.8906950899443076,-0.1939025777303355,-1.0267259751185218,1.3979345472467213,-1.1538260840255181,-0.5745915867462363,-0.16580502687769272,-0.7694291825101757,-0.5739028552431423,0.6566871746921471,1.174656912560491,0.5797808409985448,0.23998922788817023,0.9263508282489508,1.3167131591075611,0.009285784995670156,1.0649415263599304,0.8683414701534221,-0.2716293761330532,-0.4463021057828007,0.6360194296323484,-1.6733459690089025,-0.7787976288221947,-6.286205596830298
4,0.957232168,0.9414222836494446,0.04453115759349305,-0.6598159255628492,0.23025853536767427,1.0193949546048293,-0.7837458236729198,-0.5530505564293903,-0.30915023021838944,-0.5435264290362959,-0.25273241815913794,-0.3770824307978378,0.3604767941557814,-0.18286562974635448,0.48971087093561544,0.42901487079152456,-0.6182825697435926,0.2831136366899912,1.1459906405231248,0.18578472009822156,-0.5460772273097269,-0.7248449831942632,-0.5006143009493397,-0.9759438117191083,-0.6881922683004101,0.1482108136321526
4,0.939998696,0.9438334703445435,0.999466256447901,-0.5419883316077314,0.43946501800276894,0.4329592771259129,-0.514327667849834,-0.08542089773165669,0.4972574848683555,-0.448899630431237,-0.6682293825679348,0.1645267159126241,0.25850719378887904,0.2175925724214263,0.5988479782384846,0.5654937781316082,-0.27135057334117896,0.05369481957580218,0.3543812563063308,-0.14119910909075883,-0.15270197395649496,-0.43967013251109927,-0.4728915270327131,-0.6272427330742111,-0.5975869077786256,0.37635995214781043
4,0.931306455,0.9388617277145386,-0.6398917755091398,-0.8678382455269357,0.14403875970678537,1.363571941574417,-1.3290209011594465,-0.6411666232856412,-0.09048449543657955,-0.9301102840302512,-0.6226368894515125,0.11749936842687393,0.5787051281501728,0.2619858776828573,0.0384369360679005,0.31812115253758133,-0.04372671015804272,0.861014342214975,1.204311796701259,0.1649863857188796,0.2132284942790698,0.13731154212693003,0.02611840346656454,-0.9231103149547298,-0.4987446963003149,0.23259305394129365
4,0.983400211,0.9529085755348206,0.1649046513821719,-1.0880419028466153,0.8094597747695443,1.0701385449486116,-1.0278938864736022,-0.6062834547075013,-0.26906347861441976,-1.2232841453363046,-0.21386003173068785,-0.44175908815331466,0.021576610227105525,-0.14501708200901298,-0.4654712993372051,-0.19379395698109103,-0.7613577534983331,0.5772301689615009,0.6664195411678103,-0.5422608599427182,0.3504524198674066,-0.015223843122204215,-0.4174459791994601,-0.6272427330742111,-0.4410867396046338,-0.06680321025973604
4,0.96359531,0.9710410833358765,0.3027689007394853,0.25164180853537355,0.253721776138267,-0.6433779196465091,0.6855152664948866,0.34400845035042715,-0.3075069660275362,0.7050837939783157,-0.6674311959401252,0.20345921061747618,-0.4765292840083376,0.09875548864950223,0.10835968277476331,0.5009824309251173,-0.6069645916220725,-0.01248675209600049,-0.5438703748779384,-0.6199652757107358,0.08515283039662228,-0.03511976293730849,-0.8610103618654846,-0.4581755434282005,-0.1527969561262281,0.6387500236336351
4,0.937183062,0.7351769208908081,0.9194909231451492,0.03840059753361709,-0.8142709184848556,0.8089429519883732,-0.5266712149235275,-0.6729801604512039,-0.1041498052983115,-0.8813497451776731,-0.6497588344586077,0.6131355728349563,1.1277343534317763,0.5053558919494363,-0.1222172140152567,0.5640525837631715,0.7915829452411391,0.6840037218579006,0.6410619375701736,0.6819635740027726,-0.042922833485825256,-0.5192538117715171,1.3290887775480116,-1.7790129625376594,-0.07866529751749517,-1.5280883714407685
4,0.96526428,0.8613907694816589,-0.032374350970364056,-0.22815135259266647,-0.406889301522787,0.6829788561326833,-0.8062938027580839,-0.6454229087528587,-0.15299847948245132,-0.22324550876971172,-0.6394950736108654,0.3471421734240747,0.9132148494744065,0.5512368654034431,0.5552282352788467,0.6072825619515879,0.6418503770563518,0.5937380133940175,0.9146152876235184,1.0239378314226457,-0.3631119931919444,-0.6850531435640542,1.550870968881024,-1.3563449884226324,-0.9188240950831348,-0.5930520560737779
4,0.001934057,0.36234545707702637,-0.08202203946834621,-0.5015019671886104,-0.3926507377984823,1.189400335509348,-1.1873817195918743,-0.6365277408360754,-0.23624192867470925,-0.416402410064215,-0.5183240125114223,0.17504726492888628,1.0937057292472916,0.5102593296590814,-0.0038321080303358314,0.8971210392833742,1.0689818991082436,0.8454612185096667,1.004798513232322,0.44688769934402867,0.3504524198674066,-0.22744698781665174,0.5251283339658421,-1.5359788774215188,-0.3834287829089527,-3.8821015897672004
4,0.97142178,0.9663252234458923,0.8285039115606022,-0.8477571098854088,0.20659266691207942,1.342266846316423,-1.141972648951857,-0.5575721898429215,-0.28453629612738873,-1.0530114946266897,0.18513790611828057,1.3321569430820466,0.585549249136608,0.3101623766103537,0.5201089660356119,0.49126061391761755,0.6647724551479811,0.6091731063774266,1.2336691965178057,1.1363141047723488,-0.19386915163299592,-0.4860939454130096,-0.05704991828331502,-0.9970772104248595,-0.46579729247421153,0.20148016937105773
4,0.943949843,0.8846124410629272,0.07161577919655712,-0.41711395875890706,-0.11829398276752966,0.8584171355295382,-0.6746587894535925,-0.4624357616510106,-0.21112186345028144,-1.147713844365565,-0.6533323013968506,-0.30323049269935215,0.7536094660596401,0.3273122292601823,-0.25523267085230195,0.31050444527963167,-0.3366736696589888,1.3294881916001613,1.1174713217923418,0.027803789574633295,0.6843639721323593,0.031199969779706377,-0.05704991828331502,-1.1661444000708703,0.11901912543912593,-0.8190306118975136
4,0.772074979,0.8724715709686279,-0.05925029189317399,-0.17460747003195423,-0.3098623376206598,0.6647103592331779,-0.5516813108010666,-0.6510422933713843,-0.06959249618559722,-0.8734222862257487,-0.6228876775755925,-0.06791671621952382,0.7632535499409725,0.49839809264728246,0.4610842299712777,0.5596065539081331,0.37736647986490507,0.2575356521064201,0.9245686623033784,0.6197735666024972,0.10344935380840045,-0.6717891970206513,0.6082966557157218,-1.366911687775508,-0.6881922683004101,-0.06846128017759336
4,0.720580921,0.7316164374351501,0.7552430139219233,-0.21537480682215107,-0.3865209129367987,0.6363404540910502,-0.8228228648387684,-0.6020387406285254,-0.24683505739951117,-0.4662206777197858,-0.6439712489852591,0.4656761976188266,1.1155480566686382,0.5336871706994067,0.18569956291057887,0.77169936625686,0.6029371663992323,0.38616792503677394,0.7747719945024539,0.4517257826076082,-0.5872444049862281,-0.7580048495527707,-0.029327144366688585,-1.8635465573606644,-0.03748104273486578,-0.886832938037122
4,0.832352641,0.8440091013908386,0.14365378989808933,-0.43932896951659917,-0.409037721846254,1.107363632748769,-1.1712227859368305,-0.251959395667443,-0.10454616860309364,-1.4314360432768969,-0.642392868574065,2.4740584576648104,0.9821387302560178,0.5565919421035048,1.0129946898477338,0.8937740052905077,1.5586455593143203,0.6563520636199285,1.252000236843074,0.6133644621917668,-0.4545946102508356,-0.6717891970206513,2.0776036732969283,-1.6627792696560268,-0.8199818836048242,-1.4172969389304517
4,0.774464634,0.8064796924591064,0.5926280249262438,0.8661748352985434,-1.9206324179778267,0.46539001427793814,-0.3808168337187392,-0.5138757481989947,-0.07408734632229144,-0.0029168249667708645,-0.6265709674428835,3.141433227031313,1.3312375943804415,0.6392395148705385,0.6457725672770406,1.0407085483892826,2.806219129530782,-0.8444632322806066,0.21163742309223577,1.8776614261820879,-1.4654775287515833,-0.9370681278887107,2.826118569045845,-2.233381034711313,-1.1906401766484886,-1.1165348898424572
4,0.972957586,0.9453727602958679,0.6313137739103074,-1.2497129848438835,1.1772289111673588,0.8146063119107443,-1.0174342620015748,-0.03333634627837276,-0.26719822986479,-1.1717257523742106,-0.6602144632330391,-0.39472022164317616,0.13321256436282244,0.31755032807139083,0.4699657099636164,0.4403971139334088,-0.5871582568657585,1.1309140471801864,0.7024338627999724,-0.004207719733292944,-0.48203939536850304,-0.7381089297376662,-0.8055648140322316,-0.33137515119369215,-0.4163761867350561,0.23151070637921609
4,0.801633267,0.7666333913803101,0.46472313079296396,-0.5882385847301492,-0.2900315500036356,1.231306009885597,-1.3300781960075834,-0.5735426829657287,-0.07337165490254781,-0.6303435293069027,-0.5265950123759131,0.6137778775425003,1.0682343071717912,0.5541964954911158,-0.0032385985574939964,0.8255498975668293,1.5030935669537862,0.34871739430652937,1.1331505675777274,0.8136535713440775,-0.11610892713293827,-0.313662640348771,1.550870968881024,-1.5042787793628918,-0.2681128695175904,-1.6793359314794944
4,0.935249078,0.9534628987312317,0.03184859805555606,-0.8636594951758271,0.38923361885322566,1.303234025804813,-0.8849823452363158,-0.6758309622050932,0.8146771957222946,0.04823834847442624,0.4545194790735004,-0.5005754675245467,0.26331641243163084,0.04602731007628769,0.10903888319599406,0.4944798026512974,-0.3928022617171887,0.9102232624432607,1.088204312882237,-0.10005104087029058,0.29098871877912746,-0.24734290763175612,0.02611840346656454,-0.7646098246615948,-0.6305343116047291,0.4948237031754868
4,0.987792499,0.9825709462165833,-0.11172811221966181,-1.628248977870528,1.469932243840719,1.2251146265219368,-1.245840594715935,-0.6102098155214725,-0.31819967107908936,-1.3130026174961404,0.13831630953661844,-0.6374700044630317,-0.35744269837627946,-0.383446257672814,-0.6750004960444685,-0.22520074906291648,-1.0692586808688762,1.5777514871180616,1.1820090288946654,-0.6460061692487687,0.7849948508971397,0.5750217780592282,-0.9164559096987377,0.08072612356845885,0.01194006300428946,0.3183978123945697
4,0.961667777,0.8592394590377808,0.2898138209752724,0.4944908903245082,-1.3720900761336958,0.603581535258912,-0.3972784001193454,-0.5283003944402218,-0.06306945316526029,-0.017017020086880483,-0.5501606880730003,1.144716687018831,1.140315290584344,0.6268085115604111,0.2975085986346185,0.8580721254743822,2.180473591592161,0.03474666181207107,0.31777702930834134,1.6709613740922513,-0.783932031662844,-0.7513728762810691,2.216217542880061,-1.7895796618905349,-0.8941135422135571,-6.545543177035861
4,0.947820441,0.9331103563308716,-0.037016588563147414,-0.9808074138712868,0.11046382569736655,1.3722883299864772,-1.7150329690941362,-0.5645159018087559,-0.019845426586993196,-0.7256953236331345,-0.5408347806648085,0.601322439185134,1.2249121609978808,0.6047516456474029,-0.1041404965752996,1.1184970048066516,1.2217837310598298,-0.31921515230053993,1.3801233440006337,0.9425361382679445,-0.596392666692117,-0.7646368228244721,3.2419601777952427,-1.6099457728916484,-0.7376133740395654,-1.3109464987863277
4,0.925722352,0.8922049403190613,-0.3115011643094393,-0.37002527485750375,-0.1899626511788485,0.9136481898046406,-0.8299465338252265,-0.6748775485602275,-0.2680527778577346,-0.03830507357220401,-0.6421946438464482,-0.4332706767977019,0.6054194096171929,0.5833742086281504,0.02788250857861351,0.4732493033108533,-0.12187263376128467,0.8948286229160858,0.915363131390697,0.0707637259525246,0.31385937304385025,-0.47946197214130815,0.2479005947995768,-1.208411197482373,-0.7952713307352466,-0.8006012491490078
4,0.929521169,0.8189814686775208,0.7266120205273987,0.25838946247982375,-1.2819686179585632,0.9787565530057243,-0.6257365052812038,1.2834246370227917,-0.001918685918139062,-1.1616502902578374,-0.5637330686877225,3.5825764774844036,1.1489577200788563,0.6104089219660527,1.1066424577522194,1.0484075759851395,2.437731833338049,-0.4102559838478636,0.8694558251567941,2.9455743119347253,-0.4271498251331685,-0.6452613039338453,0.968692716631867,-1.6522125703031512,-0.5728763549090479,-5.071868921484483
4,0.961649616,0.7988852262496948,0.29876524147005656,-0.25373512750752414,-0.8489454304497079,1.143104310013894,-1.29539905771728,-0.554402547871509,-0.08730847204717142,-0.3545037593719112,-0.5147531259912635,0.9921971227070018,1.1428484482383732,0.585202469238573,0.048367888140154434,0.9546782524828075,1.9423251182190173,0.09203501557617239,0.9491433451154991,0.8236569956409171,-0.294500030397776,-0.559045651401726,2.29938586462994,-1.6733459690089025,-0.48227099438726323,-4.2824323695871085
4,0.959659722,0.9476175904273987,0.7269673574276421,-0.5780886285800849,0.19606399180257375,0.847966269292915,-0.6898251375958621,0.017958497089507662,-0.18918266733084188,-0.03680148170074068,-0.656222685982569,0.6064169467168421,0.5228254016307928,0.45871692795500607,0.315139528607863,0.8197734426548509,0.9272752811309964,0.23231047456170906,0.8687435369788158,0.15139783416991023,-0.4728911336626141,-0.7977966891829795,0.5251283339658421,-1.3774783871283838,-0.6881922683004101,0.47210827286481877
4,0.926795367,0.9706965088844299,-0.46797283301956416,-0.8774092106160534,1.0842052128350195,0.3895833258040578,-0.5987334635207544,-0.5452122178034025,-0.2907557831906491,-1.5620125918778343,-0.4778351177286341,-0.6412305276397239,-0.09564277859659608,-0.20812860101729147,-0.4219786998886819,-1.157138357726141,-1.347632814645903,0.4619614697000527,0.6191720962854511,-0.9796647699704966,0.9267929073384215,0.1240475955835271,-0.9719014575319909,1.2430630523847825,0.2919929955261692,0.7705522393339892
4,0.963906356,0.9372897744178772,0.6900145547962367,-0.6712468512735696,0.017270707283907415,1.3130186071944943,-0.9439600737073276,-0.6697813058043631,-0.28813002277240984,-0.26089347935674123,0.47095099655413425,-0.01757610337709685,0.31105978876827095,0.3449377779752221,0.09388721449156354,0.4754974331047429,0.16615362746015008,1.1810003375196576,1.3108040951748845,0.5064228740509332,0.7209570189559164,0.23015916793075097,0.053841177383190976,-0.9865105110719841,-0.7540870759526173,0.031482913834268586
4,0.856290938,0.8424895405769348,0.16073371299676653,-0.8484980847582496,0.1504390632641387,1.3666616561199831,-1.171062478321364,-0.7160104313572335,-0.23080354225137242,-1.7106633664275173,-0.6029817202168262,0.15127351530542904,0.9665713565573604,0.5129244205924387,0.2305733549730822,0.2741687371112051,0.2937396170636083,1.46855233909762,1.4528078708584449,0.095289673410683,0.16291305489667993,-0.30039869380536804,0.3865144643827095,-1.335211589716881,-0.2516391676045386,-1.1158215782988479
4,0.958424108,0.8945119976997375,0.0888952669104624,-0.28845706614755084,-0.3810055744249759,0.9828994797233779,-0.6874529966020798,-0.5154320117468524,-0.18091397409093546,-0.07450117054185502,-0.6293856058908879,0.3820354086611518,0.714125652025762,-0.09988227664663732,0.6992403491406857,0.6134645874544397,0.03186651127328212,0.3631149413063834,0.8228784618411713,1.2378182499141195,-0.4957617879273369,-0.6187334108470394,0.9964154905484933,-1.2612446942467512,-0.8941135422135571,-0.628050326510963
4,0.00503094,0.4702191650867462,0.04458641611842516,-0.32766281711062006,-0.4158254614339835,1.113349558214305,-0.8933665963050873,-0.6405955846300638,-0.30050671768642206,-0.3209095652824487,-0.6054045755938561,0.2868556064371185,0.7101250784845407,0.4238011082024754,0.3475809403823749,0.622371131080783,0.8570192687506496,0.6577213989770722,0.8364157680155667,0.3823544895422973,-0.6787270220451193,-0.8972762882585018,0.8023560731321076,-1.5042787793628918,-0.5234552491698926,-0.6378279411354592
4,0.919831828,0.9538062214851379,1.0148514651308305,-0.8878316451666991,0.5918554837255533,0.877994498721392,-0.900036529424133,-0.5925542760221303,0.0482475522116124,-0.9121603113716544,-0.08609929319245437,-0.40132562708313935,0.25633056672651117,0.21807133803399614,-0.24050850934809095,-0.10452736244391468,-0.775259035314843,0.8860984011500126,0.6640144131802126,-0.29637904404069626,0.49225047630868835,0.19699930157224355,-0.5560598487825927,-0.7329097266029677,-0.44932359056115967,0.14309708487687411
4,0.901565027,0.9279706478118896,0.6529055396537906,-0.3530467414509624,-0.23480734204242656,0.8507940475308727,-0.7632134677457018,-0.5630629464908314,-0.23013115848165802,-0.4464863588003422,-0.39397771050582914,0.6525987361081529,0.6920306612164754,0.16955748378772761,0.43424227605288396,0.46085848835002363,0.31354441278044914,0.6074981631852562,1.016595215999069,0.7377573466798902,-0.2853517686918871,-0.6121014375753379,1.1073065862149996,-1.440878583245638,-0.7870344797787207,0.7627436563315464
4,0.88681959,0.8728141188621521,0.33321913833255995,-0.5905870595730335,-0.008328861366203442,0.9841415358324834,-0.9416105096499944,-0.6976418966967781,-0.08569583762545271,-0.5393822434893464,-0.6522064119202117,-0.12533038064493834,0.7067681301354801,0.474615095594313,-0.5624551786787824,0.5810002369322665,0.13557485392716304,0.6603076816876231,1.2418097703670536,0.12546173665924715,0.45108329863218705,-0.5855735444885319,0.27562336871620347,-1.1872777987766217,-0.4081393357785303,-1.7286512621239054
4,0.884580836,0.827561616897583,-0.22795154788183525,-0.39338371706942116,-0.4709749680196893,1.2056497485853632,-1.0716518368821006,-0.4327395029861265,-0.22079332624138334,-1.1126134872685787,-0.5437361830262841,1.5479620868223751,1.0094039283741116,0.5439693702191127,0.7443682859684916,0.8359758983886334,1.4284589532628447,0.7679797976050474,1.1860929600971815,0.11042994157544636,-1.1818814158690207,-0.8375885288131885,1.9944353515470485,-1.9586468515365456,-0.8858766912570313,-1.529639385751406
4,0.901118807,0.9114808440208435,-0.1151711741261592,-0.388620596142719,0.12156033987825492,0.594883476553783,-0.4702058288687115,-0.23621897328737537,0.6711954087561288,-0.5732386011029295,-0.6547061942533122,-0.20569040833335153,0.3615622301535768,0.3601115123309618,-0.3739690800678115,0.09340417846187447,-0.20685865863596611,0.3408766625660122,0.771420591686548,-0.14486697004870702,0.2681180645144047,0.024567996508004796,-0.5837826226992192,-0.5004423408397031,-0.3257708262132715,-0.33523261792549214
4,0.857474196,0.8752288818359375,0.7379722426832701,0.7163737180443118,-1.6296077859706715,0.4872641110618608,-0.2909704037533023,0.15146614906990707,-0.05243262184729974,-0.9667557553684096,-0.6391306667009478,4.885066033133427,1.2485703844890061,0.6185445762924049,1.422489666287871,1.040793383806797,2.674418352364305,-0.23012459886532446,0.46081246020101135,2.4854103594363117,-1.2550675095161334,-0.8972762882585018,2.6043363777128326,-2.0643138450653025,-1.0835611142136523,-1.8075897918588162
4,0.989386081,0.9779825210571289,0.5465003701616773,-0.7143801558156454,0.6260883930630896,0.5127668504097407,-0.5405457774433235,-0.5560529552745168,-0.21304528286049307,-0.5647974505923011,0.34393807888808864,-0.5034704746251489,-0.13853222617071953,-0.4973580181304832,-0.1675709050465411,-0.08184310465343862,-0.7821054766219262,0.9072653117050721,0.8043702200808451,-0.1434035027191199,0.5562883082499118,0.0444639163231093,-0.05704991828331502,-0.4053420466638222,-0.24340231664801273,0.11451816041023112
4,0.81278807,0.8341593146324158,0.49159754785646304,0.7317791564396472,-1.6048330324800975,0.5912799121193796,-0.055836869734365004,-0.244929605892675,-0.08039279934003105,-0.69682849381785,-0.5049764434895037,2.366940721767062,1.1224519988681294,0.6242274511615975,0.5203898390176546,0.9419006273314376,2.287495340974641,-0.41722638096247827,0.2471224531407413,2.731640576166169,-0.825099209339345,-0.777900769367875,2.216217542880061,-1.6416458709502755,-0.8611661383874536,-6.212012986408817
4,0.936906788,0.8654546737670898,0.1659176791878684,-0.20986991708447214,-0.7728927429819403,1.1242412219322007,-1.0496590083133088,-0.5665391438702809,-0.06342435855767704,-0.3124618520947927,-0.48369146898180887,0.7282658543517795,1.004917246831913,0.6020800235483164,0.20726582266981028,0.8752674548564375,1.6866181285417934,0.2330214791623596,0.6706720461743874,0.8440159221160232,-0.4225756942802239,-0.572309597945129,2.29938586462994,-1.6099457728916484,-0.8858766912570313,-5.044097346102163
4,0.718597007,0.7568051815032959,0.07677918344603939,-0.1239856709415365,-0.7115378127822323,0.9049882371748373,-0.8654378719850018,-0.45230840514346404,-0.1295102390727933,-0.5541816878754969,-0.525882463628718,1.3832794602791414,1.0416459385445915,0.5395626362083078,0.5431893105072896,0.8211819902149138,1.511674065363076,1.130624246405254,1.0522730522316286,1.1643167064016755,-0.523206573045004,-0.6054694643036365,1.1627521340482523,-1.7895796618905349,-0.8776398403005053,-1.3108330813350495
4,0.758744444,0.8845764398574829,0.16890921819448143,-1.0126903377373462,0.722003793784883,0.9833712538765232,-0.9888035975965975,-0.310536313180943,-0.06951310054757633,-0.1921313139413976,-0.3427285700422949,-0.4747116123031122,0.4526842185685628,0.36765402354414267,0.043106687096636565,0.1894690954196553,-0.25679944219435846,1.0694735654354484,1.0923467866567491,-0.5605468474553756,0.18120957830845777,-0.30039869380536804,-0.3897232052828335,-0.8174433214259732,-0.6634817154308325,-0.29201965314482137
4,0.984866123,0.9526241421699524,0.30606991186746435,-0.6123020235742472,0.20444436080020753,0.9238710536692945,-0.7388781375478246,-0.5752970090795841,0.0558930872854553,-1.2355321657053342,0.1781988576395148,-0.1812124286900257,0.3711702106401502,0.2606861924579153,0.027628475909759285,0.3953568312355758,0.3760500932897535,0.7602061237828849,0.4746335633489158,-0.39441021206489096,0.02111499845539851,-0.32029461362047246,-0.14021824003319472,-1.2295445961881244,-0.6799554173438843,0.6674957461659708
4,0.941840302,0.8732414245605469,-0.7620391905341413,-0.19340870734552953,-0.5330405856947583,0.9615061993927934,-0.7223890419105451,-0.5704290691781807,-0.1255151847815484,-1.091722088780044,-0.6394900920071281,0.1753221493337777,0.8669421363575048,0.45469184993559875,0.7880471751360266,0.7558382919821085,0.4201488680376621,0.35617891081998465,1.0509091920497504,0.8339509071715188,0.11717174636723432,-0.6121014375753379,-0.14021824003319472,-1.3986117858341351,-0.5646395039525219,-2.547639299265513
4,0.96606011,0.9562708735466003,-0.03172448254270419,-0.6366440033538829,1.1091791000681361,-0.061201024355540624,-0.3263006728308421,0.07994925699638859,-0.3229875193123821,-1.0323045326676263,-0.6655165869083085,-0.3578586618218676,-0.7306667194213085,0.5971066531051628,0.4099967221807662,-0.20827027142621676,-0.9669944733668774,0.38997478149500586,-1.0547942607941572,-0.7814568731512174,0.19493197086729197,-0.5524136781300245,-0.777842040115605,0.2286599145087181,-0.6058237587351514,0.32245364334835636
4,0.92426478,0.8392397165298462,0.017182955738769882,-0.8676849279000588,-0.03434665656029112,1.6816709188038599,-1.2884676072860592,-0.6521298239442952,-0.27076056670938714,-1.2366181917816337,-0.22784490000782098,0.11557571989630898,0.5938556400878414,0.5190789099671368,0.23648201705745714,0.46328943359409824,0.4324079630329807,1.4896305455252021,1.1571763173676137,-0.1670487958420121,0.04855978357306593,-0.2805027739902636,1.2459204557981323,-1.2189778968352487,-0.6058237587351514,-2.869567219891124
4,0.839155113,0.8107205629348755,0.1523799298052061,-0.4153677385318988,-0.4410337854466606,1.0729715823205053,-1.0875674585173272,-0.5840142334465462,0.07675685580463897,-0.08807578814022377,-0.4025267420342765,0.33478791457295604,1.0293872204437373,0.5608020675845489,-0.20514055438630385,0.8197077608840866,1.4916803782015315,0.5265718569839096,0.9162077867045708,0.9672486961958938,0.09430109210251153,-0.20091909472984576,1.135029360131626,-1.366911687775508,0.10254542352607424,-3.1927267706304017
4,0.93973974,0.904800534248352,0.035646238318990844,-0.061750603069327906,-0.2167326579209543,0.16328048799028017,-0.38704314303782245,-0.5711125356818086,-0.14276960329626281,-0.0985761415730365,-0.6489469267828022,-0.06491276198793133,0.6931892948067806,0.39090065405702956,1.1553913883322051,0.5610723304213538,0.009441220713187908,0.1915394868516896,0.7923888835622445,0.6597900215800498,-0.6192633209568398,-0.830956555541487,0.4974055600492157,-1.2718113935996271,-0.9435346479527124,0.04876627787139916
4,0.696295601,0.8171915411949158,0.48331513546227173,-0.7645574867379676,-0.15666585270364447,1.4515912608621575,-1.5058210391152729,-0.5280855767690098,0.16603557260814553,-0.9543422772220773,-0.6327925460060656,2.7614619458257965,1.1906255765646319,0.5556588533220932,0.8993597668577,1.043801630069524,2.0302408765042834,0.18544821696713581,1.5309312721012214,0.8058802800507415,-0.7198941997216203,-0.8375885288131885,2.6597819255460853,-1.9586468515365456,-0.9270609460396606,-1.0734646168083477
4,0.980631227,0.9814032316207886,0.7612888613932982,-1.5040207334762419,1.1510622096930732,1.4934981687637419,-1.2389531833682512,-0.6603693622129883,-0.1767019569102487,-0.8686628843402453,1.1037260486540699,-0.31922746021017995,-0.1997995016375377,-0.0903144204464147,-0.4848651681374575,0.2079274015910281,-0.7364915457569883,1.6677591561326388,1.4624506129818973,-0.370968076152953,0.6752157104264707,0.6877653236781535,-0.777842040115605,-0.3525085498994438,-0.3999024848220044,0.5053323901730196
4,0.800221725,0.8098402619361877,0.1504140022958324,-0.5706517691994599,-0.31660078208559284,1.3124681138770051,-1.158080947581528,-0.42317102832873393,-0.23949779759111506,-1.143636667205105,-0.6336206823911243,1.5161674756192898,1.1110159631429648,0.5580140070988081,0.6267869175478313,0.9031111039520805,1.6519072674725028,1.2107655784418074,1.238066912166691,1.2315764514418217,-0.3082224229566099,-0.43967013251109927,2.5488908298795794,-1.599379073538773,-0.7705607778656689,-1.3319162325455502
4,0.831440526,0.9398570656776428,0.2378982505524759,-0.6381574479248701,0.7069526868203543,0.3387103778163326,-0.4418788775465616,-0.3254381272382553,-0.35982500518863114,-0.23804727308897444,-0.6524549593684329,0.237356047155326,0.07103014594950918,0.061842687063721286,0.21869340558514966,0.5901834172484137,-0.1338323371598055,0.5720123413732008,-0.5415810777334886,-0.41140095744979177,0.02111499845539851,-0.34682250670727843,-0.6946737183657254,-0.4898756414868272,-0.3257708262132715,0.3877664932297182
4,0.979854045,0.9440300464630127,-0.5049191135331222,-0.6541644579157752,0.497842943736849,0.6209411051517739,-0.6159344000712459,-0.5685254339338173,-0.3684249442343013,-2.140345346959148,-0.6646061799523983,-0.17713935189484623,0.11612742063798916,0.5098234438806168,-0.3241781913886492,0.05334517473301675,-0.5150858389722499,0.14771729726359384,0.0823563870210071,-0.5493695237993129,-0.2579069835742197,-0.559045651401726,-0.6669509444490989,-0.07777436672467622,-0.4575604415176855,0.26775656878045595
4,0.823361028,0.8783116340637207,-0.4266974849331835,-0.2582636076073647,-0.14291047395053472,0.6582173775928577,-0.6373068914884591,-0.3799447124871773,-0.21741546753892976,0.08166984617193838,-0.6533050213433249,0.3429168509779618,0.9361707898643737,0.056383567452644875,0.8251539626590801,0.6644246189665286,-0.18232157823273587,-0.04547989983631114,0.6840171638550266,0.22807635198578027,-0.4728911336626141,-0.7182130099225617,0.8578016209653606,-1.4197451845398863,-0.9270609460396606,-0.1498667335153332
4,0.965168772,0.9607486724853516,1.0764639415682422,-0.5422499108722899,1.0133936511635115,-0.36352681987137114,-0.18568005642281302,-0.35495099278175374,-0.07783107910107194,-0.37654143939691587,-0.6154761192761297,-0.12612591630122094,-0.7552569122596788,0.047617720978590974,-0.23866058231186166,0.07406595032988926,-0.7852766115442217,0.519982913553647,0.3286285201192795,-0.6524612368293982,0.24982154110262617,-0.12796738874112942,-0.6115053966158459,-0.3102417524879409,-0.4163761867350561,0.2691588402332171
4,0.940126355,0.8973636627197266,0.31493307043102026,-0.21199602503380469,-0.8868934891279474,1.126061657556825,-1.271308797853503,-0.42190273453608923,-0.09005607202379441,-0.5751595518965403,-0.5959478714559046,2.3488643926268242,1.2772169571193663,0.6300811349479516,0.6776771190015981,1.0986569206885628,2.1888760179466042,-0.7090460410871307,1.2729315507724452,1.5596073216411037,-0.9348783498100144,-0.8243245822697856,2.3548314124631937,-1.9375134528307945,-0.9929557536918676,-2.7750384270651507
4,0.961731541,0.9469330906867981,0.6916812437460941,-0.91812884106475,0.9746650075139343,0.5977671870398975,-0.5955066907516775,0.06783828418848965,-0.31137733485134206,-0.48280297777281694,-0.6609433645654229,1.0164380116269942,-0.14745158887487156,0.38631966291483555,0.054879374761397606,0.6089246169713017,0.20603191789331113,0.7491831235830791,0.38495166075217746,-0.18747666707196675,-0.03834870263288096,-0.2340789610883532,-0.3342776574495804,-0.6906429291914652,-0.17750750899580578,-0.10674137901389805
4,0.804257564,0.818394660949707,-0.04691225324072929,-0.36912005695175126,-0.22220030726485304,0.8509341712134372,-0.7892778239206845,-0.6322584061155289,0.030795087582890877,-0.957209012657713,-0.6032815399809495,-0.09306854128166651,0.9421106462527233,0.470251784285162,0.0785208660089723,0.6624644547542116,0.07921546301346015,0.28257194871841257,0.7692216275748558,-0.09996922642786958,0.06228217613189948,-0.4728299988696067,0.6360194296323484,-1.3774783871283838,-0.5811132058655737,-1.649204798834305
4,0.953232752,0.9615897536277771,0.6325822885815496,-0.46049827034522145,0.1698020518433732,0.6433450023994446,-0.515753560142869,-0.4161333166242114,-0.2893951485291251,-0.545195931219785,0.2332938058050933,-0.0305030384395525,0.033248917426513085,0.3261379564915875,0.07747921403866063,0.18696204426272037,0.06268355520845932,0.41519553353020927,0.6258455855565641,0.14538677081050622,0.33215589645562876,0.2765829808326613,-0.4174459791994601,-0.46874224278107596,-0.5399289510829443,0.6048441259780849
4,0.954960873,0.9457851052284241,-0.0882150375674,-0.9372487628108431,0.9363708154473328,0.6013468775638627,-0.8062233034587568,-0.4203959924480976,-0.31515227290142867,-0.8231445406713193,-0.3618591506244952,-0.4543415481258611,0.25509560788376356,0.15625899489345624,0.049628085959396065,-0.36580851859354946,-0.6047806502250165,0.8705116772194021,0.6657454351540029,-0.5704960352117344,0.08057869954367765,-0.2141830412732487,-0.5560598487825927,-0.7012096285443407,-0.34224452812632333,-0.28704629381770597
4,0.890635932,0.9138985276222229,0.16179268008112058,-1.172444263459455,0.6207612193190171,1.427008449009281,-1.3511385328239722,-0.6972095016583727,-0.22310058368519178,-1.2246598970719909,0.8572735258250633,-0.028312358314359156,0.5045715470190693,0.36293557967958695,0.12839134517691386,0.2918961849130527,0.050889819636357934,1.6471817940091633,1.3220931333091557,-0.32622936509996675,0.06228217613189948,0.09751970249672125,0.4419600122159626,-0.7646098246615948,-0.5069815472568409,-0.27835365980642923
4,0.959867019,0.9240525364875793,0.015833866159930272,-0.6470439390988328,0.1466285542343783,0.9921495956323294,-0.909709704328116,-0.4717311024925974,-0.2573701833185312,-1.0380318693845467,-0.6552296146493393,0.6489973777358158,0.6667012474082876,0.463429581232401,0.042417973557565845,0.42828069444071204,0.8337954587999518,0.872770927862255,1.031170599135779,0.12375558379259284,0.09430109210251153,-0.2141830412732487,0.1092867252164441,-1.0393440078363623,-0.4246130376915821,-0.1648659992831367
4,0.891435957,0.8834662437438965,-0.12793925264857064,-0.7110218208531814,0.14970927914396906,1.0585858288756937,-1.0130290185662605,-0.5554305001618656,0.05781384086924486,-0.9040653277593446,-0.6350420420899348,0.29627581305869327,0.6050062102694391,0.40823889514963246,0.1783722152177525,0.33131611568378644,0.49388079415167835,1.3021867327618655,1.1632556208460638,-0.1538077258574798,0.31385937304385025,-0.16112725509963688,0.9964154905484933,-0.9759438117191083,-0.4246130376915821,-1.3590983642683252
4,0.690293469,0.8121975064277649,0.52199043415782,0.0043868721427758805,-0.7640995620022589,0.7767669071798351,-0.7040073052794569,-0.574915079866682,-0.2651619998011242,-1.1158381961411086,-0.5536841848351807,0.7638218476487707,1.0661560607011482,0.5757191629831988,0.3840119019391551,0.893001082002357,1.0805317032644213,0.13639442790423564,0.8655750573021691,1.0588744368629497,-0.2716293761330532,-0.7115810366508601,1.1904749079648789,-1.7684462631847835,-0.8694029893439794,-1.8787019123444335
4,0.741125169,0.7588809132575989,0.0786923651051663,-0.27386331274025694,-0.38557538777587214,0.8507658682706686,-0.8053356902139577,-0.5518565220006453,0.8538889121547463,-0.13802747042052993,-0.6014548046972243,0.29695564838784694,1.0635319906733738,0.5459558566131336,0.47771785745097195,0.7168705470628784,0.6888492797442853,0.5092003512386661,0.8299612416085536,0.9370159615630625,-0.19844328248594054,-0.7314769564659647,0.4419600122159626,-1.6733459690089025,-0.6305343116047291,-3.581578543221812
4,0.89395122,0.8802410960197449,0.3010251451447894,-0.2675934344200255,-0.3524270900131611,0.9654823790614062,-0.6738966728730038,-0.46137980422005487,-0.12760429688857244,-0.9881890595703323,-0.6420553577082827,0.08233150728397134,0.9598224885027177,0.4924226188725942,-0.17673776047780484,0.6253180439162305,0.1920230335844193,0.8258652399903739,1.2896556647745783,0.32194601460731054,0.16291305489667993,-0.313662640348771,0.13700949913307078,-1.3140781910111297,-0.23516546569148689,-1.211157883752694
4,0.740288921,0.8100733160972595,0.04125152790480734,-0.061860905011262186,-0.8447551818525472,1.0678172474178946,-0.8640952421098264,-0.5184551356134034,-0.14520738872969374,-0.4775015057837608,-0.5837080648822959,0.70536550598223,1.021376393895291,0.5570858175294525,0.5408243474014639,0.8889853667081205,1.3705599620197717,0.38615681453111955,0.6252440609353669,1.9590291065910634,-0.6558563677803965,-0.6983170901074572,2.327108638546567,-1.5571122761272702,-0.7129028211699878,0.023356451235503898
4,0.839170402,0.8594954013824463,0.009300851026230813,-0.22520742414808217,-0.6127983625594976,1.0698135656388084,-0.8775499507642442,-0.5965666385587041,-0.17338747871929908,-0.3788570743524188,-0.6288828697408321,0.20695120255185814,1.031642399100418,0.5021180522972798,0.39548155118297396,0.7626412394332442,0.5762625261761847,0.15246974070211405,1.1376219553156082,0.588538834865866,0.05313391442601023,-0.6850531435640542,0.6360194296323484,-1.4303118838927622,-1.0259031575179711,0.07838741631317901
4,0.965371713,0.9437776803970337,0.38137075594172914,-1.0402202826959954,1.1958753012384922,0.4425207476177415,-0.8041872652962674,-0.07783963781050525,-0.32442989624426394,-0.6960196886659318,-0.6617698502330154,0.048179334137681676,0.3534933720906238,0.0985676430742765,0.4935080898548711,0.22217765423062263,-0.4467585070521178,0.8369008391063714,0.3028448215103557,-0.07166326787720909,-0.18472088992710667,-0.43967013251109927,0.1092867252164441,-0.8491434194846003,-0.6717185663873585,-0.19101793748163073
4,0.259588849,0.5464939475059509,0.23391311463955006,0.06033990743594205,-1.0324450298217698,1.0551427612734032,-0.67460830128971,-0.34840669824821296,-0.04131279493257459,-0.4254967510414599,-0.5063391274069796,1.7261957037194948,1.1131755352406698,0.5745800961802988,0.5134390293257581,0.8722426764011375,1.5571760273595978,0.29017716110499747,0.6395040636475297,1.5818792352474105,-0.19386915163299592,-0.45293407905450217,0.8578016209653606,-1.5888123741858973,-0.46579729247421153,-4.5197826153624465
4,0.526485843,0.5553945302963257,-0.29301652738075457,-0.453040368685113,-0.5418400599663952,1.2193348729605533,-1.1831990927770364,-0.6272757683080119,-0.14628353888372464,-0.8180396331423173,-0.4739878124861356,-0.0090188313719608,1.103084888149363,0.5948672909654956,0.19977589943748233,0.9609912482807691,0.8453596803551213,0.4672544398228102,1.0425153941144418,-0.24816735587013428,0.13089413892606788,-0.41977421269599474,0.8578016209653606,-1.7367461651261564,-0.5399289510829443,-4.744677678819261
4,0.969688698,0.9007772207260132,0.3275509776979703,-0.6222564228372865,-0.07634922918247164,1.235343748596122,-1.021770479279019,-0.6047637063325794,-0.14827373210853115,-0.7544163578430713,-0.5767547284172695,0.7923248417988362,0.9876227935492858,0.4729520275676714,0.23651788691546818,0.3903675113675437,0.8934733306611607,1.2042900439500188,1.3594233600968233,0.5456101534435058,-0.010903917515213536,-0.27387080071856207,0.3033461426328299,-1.3880450864812595,-0.3751919319524267,-2.5627031647351957
4,0.966735713,0.9459584951400757,0.7243395737973699,0.05319832590728625,-0.419798677700113,0.46259467269432364,-0.27611276726551226,-0.5018293359856293,-0.29032223996825846,-0.2564889958369793,-0.2819722115269239,0.14718047140683332,0.5261399319679884,0.31363821341613873,0.6114020525416594,0.47325957694424803,-0.22639971025344502,0.05523862375233786,0.44769881611719187,0.7375615435761204,-0.7061718071627864,-0.830956555541487,-0.7223964922823519,-1.1344443020122432,-0.9929557536918676,0.6321561276331737
4,0.759472315,0.7642034292221069,0.7064009864547373,0.3962018307541496,-1.06611539810741,0.34976893511435714,-0.35624413838550556,-0.7037643614503195,-0.21574133569200674,-0.6204481519983355,-0.6469872827777761,1.103171273311924,1.1846745205446434,0.5742011344204274,0.04782540316081376,0.8513884833282106,1.4354421298690612,0.3963024960248134,0.08262368220339117,0.9580321613677264,-0.4180015634272793,-0.6717891970206513,2.271663090713314,-1.884679956066416,-0.3504813790828492,-1.136531392295538
4,0.663821292,0.7666125893592834,0.21193197913790124,1.2193441663015128,-2.097429160285535,0.26521422083454976,0.2737190246863303,-0.40636531138219983,-0.0999120151802822,-0.48323033309464725,-0.5747366220028506,2.65864028784979,1.160322324191164,0.6282203190399093,0.5799034171355516,0.908634839477973,2.5128077403709144,-0.7450451004991872,-0.05477335254679869,3.1473195343094393,-1.094972929663074,-0.8442205020848899,2.687504699462712,-1.7895796618905349,-1.0094294556049195,-2.128958050105167
4,0.97270323,0.9628837704658508,-0.1595736305160709,0.07786406606950319,0.38897311619072855,-0.5466539690683195,0.546733398697613,0.15842743071226392,-0.3406866252107426,-0.3384953657019831,-0.6618984730933707,0.3747312402285158,-0.8577085927276944,0.28558897111174425,-0.007240093900256843,0.4351606966885107,-1.0487288831408315,0.1353015093101652,0.31782920243603824,-0.7463263031339387,0.007392605896564637,-0.06827962929581603,-0.9719014575319909,-0.13060786348905457,0.06959801969997055,0.43451451724088236
4,0.961005175,0.8979079127311707,0.4964360382102412,-0.044223257007663226,-0.8890454663267928,1.0778133557569216,-0.8361399871609075,-0.43928906985483723,-0.09488757632095876,-0.9007305495125575,-0.44104621346506223,2.54701743700267,1.0567208227809992,0.5433732882489123,0.8559200688898388,0.8747759302175914,1.7955154857322644,0.3134741880851407,0.8096818380215505,1.9288772671372552,-0.4042791708684457,-0.3866143463374873,1.8835442558805422,-1.5465455767743945,-0.9352977969961864,-1.4633946320187523
4,0.961663569,0.9376059770584106,0.45588940641856807,0.2891972073013094,-0.5741912563626593,0.31632552428161936,0.10829188304743806,0.18437034708955047,0.09617425619545154,0.1555932920132367,-0.6506849583015827,0.4173329293749818,0.6584403665505096,0.5841777966914447,0.6658139634712046,0.8177223513833857,1.040414453031613,-0.12372059704217302,0.4390633999957257,0.47986167742964214,-0.5277807038979486,-0.8508524753565914,-0.19566378786644772,-0.9231103149547298,-0.8858766912570313,0.5603079139875621
4,0.862096948,0.872352659702301,0.15353280725930255,0.30494175360392345,-1.2959442759151834,0.824093890771508,-0.7322074676065753,-0.5410091336890702,-0.0970584862794002,-0.36938470618525854,-0.5895264509259978,1.2413407158724534,1.192968805155513,0.6325849506565544,0.3044269883246592,0.9263556111438719,2.2855096128748587,-0.24672589071164422,0.5004613683841083,1.8218097399108977,-0.8433957327511231,-0.7646368228244721,3.3805740473783756,-1.694479367714654,-1.0176663065614453,-1.9293430087693535
4,0.90451372,0.9382845759391785,0.0873262065470538,-0.547588073601493,-0.01938538517299265,1.017864389441468,-0.9358563821524044,-0.38085646931340006,-0.22478968779915032,-1.291426149778587,-0.6262868916129726,0.6923465234778459,0.4825737098876845,0.3921395481698673,0.28093246004448513,0.5288023675446737,0.6351849988437515,0.30622532735089036,1.023165956105922,0.6330596804935303,-0.02920044092699171,-0.4728299988696067,0.08156395129981767,-0.9231103149547298,-0.5975869077786256,0.6014480787642975
4,0.972501173,0.9753087162971497,0.24187373535644405,-1.4133229513349919,1.0938642762005162,1.3544148196219241,-1.2068603843099242,-0.7096536806782163,-0.3230827545995746,-1.17826483294813,-0.27099989932007784,-0.7784477371771976,-0.12315511036536682,-0.14879912962136468,-0.3418594853408985,-0.06461316279674356,-1.2821199545880955,1.3578065269092847,1.1069587081223629,-0.629339004579958,0.6020296167793574,0.19036732830054195,-0.777842040115605,-0.21514145831206002,-0.4987446963003149,0.7450537720944993
4,0.919802711,0.9240498542785645,-0.463962421360215,-0.9465036558741754,0.4497493222548222,1.2853712175380416,-0.9881529871114565,-0.6776109124049547,-0.2680223435751269,-0.34269695296972574,-0.48385654601766165,-0.29795122233514804,0.263449375174349,-0.30222138994862113,-0.04877032438461137,0.15986809654697356,-0.4752710532274129,0.7473425158586463,1.2657911221363314,-0.022328239834312997,0.18578370916140272,-0.20091909472984576,-0.3342776574495804,-0.7434764259558435,-0.46579729247421153,-0.3527504052858557
4,0.910994992,0.9525697231292725,-0.03277215952274818,-1.2535633629658869,0.9998825849966342,1.0158393378064192,-1.201475591833861,-0.19314902470244158,-0.21900377016078013,-0.5744593329132358,-0.6628749937360822,-0.5030082715279041,0.3523680452215639,0.37597812328084884,0.20871668498558407,0.3628219849274974,-0.36729069725738894,0.6749752128065827,1.536960658412764,-0.20734930320954087,0.27269219536734896,-0.17439120164303978,-0.8332875879488582,0.6407611892708694,-0.3999024848220044,0.30401746083385484
4,0.977513032,0.965387225151062,-0.10301595118194967,-1.6723406854167715,1.3876454516635768,1.4702464000172395,-1.3482720283911902,-0.6966116018425608,-0.3376119265694181,-1.237378446422529,-0.1348854304848892,-0.7528189703044326,-0.2744322275376024,-0.06958291203164117,-0.27733041908012773,-0.028565264608788582,-1.163842608158321,1.744110679502601,1.0178232199295747,-0.2919877227885364,0.5151211305734111,0.4689102057120043,-0.777842040115605,0.28149341127309646,-0.16103380708275394,0.6186852908118832
4,0.894386177,0.8365824818611145,-0.010960273995125882,-0.5306306291766781,-0.19996423511695463,1.141941335400548,-1.0823530811976285,-0.6540142800624529,-0.2841609170546559,-0.5522806984808825,-0.5324904606715279,0.6531597776546542,0.8539835717330341,0.5297124654266612,0.3353366463726116,0.7034518250074319,1.0681447849884331,1.1492170455692068,1.1498154723475236,0.48732333843106157,0.0028184750436203374,-0.4264061859676963,0.6914649774656015,-1.208411197482373,-0.6717185663873585,-3.793814076695545
4,0.917596399,0.9505705833435059,-0.9883310586515581,-1.0224992303236948,1.0641546051917123,0.6924761380156317,-0.7973584529406347,-0.28964790575941374,-0.3033075532019424,-1.7976181597154286,-0.6615631206801188,0.31822163781215673,-0.014948787902419897,0.4063758508038259,0.6818054607747547,0.5118670538257671,-0.007502830334407134,0.17933034729365038,0.32669660745271917,-0.0351675917139276,-0.18014675907416206,-0.6850531435640542,0.02611840346656454,0.15469301903858845,-0.8117450326482983,0.5076632291886716
4,0.90415619,0.9571585655212402,0.8243229427945765,-0.30602320134114186,0.568224647928507,-0.16839613972225909,-0.11239996847238659,-0.323425915009322,-0.26831193487037724,-0.4505362213343229,-0.6679538840797115,-0.19608910759453524,-0.0190689693695375,-0.19003100886436153,0.05661565675146614,0.14955185730735554,-0.48901861036297717,0.3333104806497643,0.023653686327098185,-0.2873049950392164,0.2086543634261255,-0.12133541546942786,-0.3897232052828335,-0.014374170607422042,-0.31753397525674565,0.3335562060356138
4,0.859097865,0.893420398235321,0.10393765465761488,-0.6260860826766189,-0.25289717435071934,1.351107735532929,-1.2351737791094277,-0.5823889658624263,-0.11227381564074226,-1.4960410714168035,-0.6321516560015971,1.3555443569507277,0.8696497906981612,0.5131476195788731,0.6625860748712245,0.6205431101129627,1.1977893851452384,1.144279359275213,1.0835203395152424,0.9878742090564148,-0.37226025489783365,-0.45956605232620373,1.9944353515470485,-1.3880450864812595,-0.6552448644743066,-0.03333513503939263
4,0.98513248,0.96144038438797,0.4780311092825247,-1.144138048407613,1.1536914888005603,0.7577077924736404,-0.7520792913478941,-0.09572259666773578,-0.3219192091050142,-0.7728529771076466,-0.6537815233229979,-0.5551394669390363,-0.102827951438509,0.22339152376557903,-0.58340699759255,-0.010647514963438721,-0.8615857462957777,1.0887521363187556,0.6488368231805851,-0.47036618884994674,0.7758465891912505,0.37606257990818365,-0.8610103618654846,-0.22570815766493546,0.3167035483957469,0.22992026171889718
4,0.861931504,0.8962699770927429,0.08309431378924677,-0.7469746000334939,-0.013465877466739768,1.3234413101561242,-1.405452571562085,-0.5600879503615894,-0.1063393552385108,-0.04269924114735592,-0.5730240260723959,0.5614376399543543,1.1479339542899056,0.44965599275701434,-0.1175134555381051,0.9521672185035198,1.3071044428365668,-0.13855057987630023,1.3091312084313789,1.4766557503974056,-0.0978124037211601,-0.5855735444885319,1.8003759341306629,-1.440878583245638,-0.8694029893439794,-0.408804367971653
4,0.911487257,0.846903383731842,0.34894951130825097,0.7950395837384228,-1.7224153073935142,0.4404031336268932,-0.29036044523283777,-0.33005991174655064,-0.026415077025467092,-0.27370862732342804,-0.6070684395065573,3.1762691481556766,1.2569108120566128,0.6356844361581385,1.0579065323708998,1.046215463719111,2.736983164268868,-0.45343081065286994,0.1940137416650591,2.684771931820058,-1.3328277340161911,-0.857484448628293,2.4102769602964464,-1.969213550889421,-1.0917979651701781,-2.603101479619011
4,0.966830893,0.970269501209259,0.058030167086147624,-0.6837738961471921,1.1442328388136376,-0.1129444256147642,-0.0965214532536293,0.5680328451020438,-0.2923327185329904,0.38503572406826864,-0.6617360041237974,-0.08474060120263596,-0.7070776149506376,0.05759371304275762,0.013111465122730714,0.33496301845951076,-0.4823425902976585,0.6475929662221245,0.14442402518259528,-0.62281039592749,0.6523450561617479,0.3959584997232881,-0.7223964922823519,0.11242622162708593,-0.30106027334369395,0.3675956206446225
4,0.984642593,0.9831183552742004,-0.021188275456431205,-1.7713728039475771,1.604625068217286,1.4391755912452153,-1.2925091130338424,-0.6988017236062496,-0.006102040105186443,-1.5557007797831717,0.20688062898506807,-0.926880916037908,-0.5999146802727784,0.0783644754725866,-0.40841705897818237,-0.27019356889848817,-1.189263440707538,2.049095559810353,0.9578430088188286,-0.8477660998378506,0.7484018040735834,0.5484938849724221,-0.777842040115605,0.270926711920221,-0.33400767716979735,0.7792424856094499
4,0.897000265,0.8859893083572388,0.24058221379597336,-0.11234272872192803,-0.026298890373316567,0.2844790385454142,-0.11751345320554696,0.13915816368737774,-0.2156425522687716,-0.4741549801049739,-0.6510659855033452,-0.36663310776375635,0.26022177243630007,0.22576071502471262,0.8371726221019327,0.7036031320834781,-0.09573685103080878,0.4781690734545316,0.2724108553916053,0.8706295167509992,-0.2350363293094969,-0.40651026615259184,-0.3342776574495804,0.11242622162708593,0.16020338022175531,-0.4114992222188174
4,0.964280873,0.9479313492774963,-0.5105201972672467,-0.10470486580515598,0.7523977833757566,-0.7713659268589681,0.34753201967273506,0.7368413670857771,-0.05784577065829964,-0.4479985174311788,-0.6352159976825416,-0.4427309666639883,-0.8993113818117777,-0.10385516900986039,0.7352488774952111,0.6106514247984918,0.6991016396156392,-0.5344941137116359,0.058776269063168234,0.1126315774136129,0.09887522295545582,-0.16775922837133833,-0.3342776574495804,1.6657310264998095,-0.23516546569148689,0.4667080321659302
4,0.931,0.9479205012321472,0.10940706340194642,-0.17341930950423665,0.24564833098926825,0.061226557027132505,-0.14354571410947073,0.49029393423413453,-0.31775312697044616,-0.15286355718970013,-0.661684634107588,-0.5764050966421076,0.12980933721243446,0.522957319920033,0.23503287539702628,0.8376878137759399,-0.31247565463865234,0.6661999625327357,-0.31561081879366243,1.1366174616936824,0.0668563069848441,-0.2937667205336666,-0.16794101394982128,0.18639311709721557,-0.5646395039525219,0.2379046213278787
4,0.947667804,0.9434417486190796,0.5498801004752549,0.6717863741846878,-0.5579221619891431,-0.3543607675151519,0.7702745223152361,0.23240699384322847,-0.29198042005107255,1.2117965191821822,-0.6629906366102316,-0.4308676290234499,0.10985648187758458,0.4886307125175139,0.473758636041321,0.5299343044427529,-0.029485389962897054,-0.12933312213103018,-0.2394721811350412,0.17609844167368602,-0.6512822369274519,-0.6916851168357557,-0.6392281705324724,0.7464281827996259,-0.6305343116047291,0.6134059251501082
4,0.943141745,0.9449543952941895,-0.19747538436236903,-0.5641091351840776,0.39065794232777046,0.4258509288594171,-0.7022663121026838,0.1487276256768064,-0.16320290810136448,-0.3890879036453068,-0.6212503857122518,0.31238259721074385,0.15921100414498024,0.4551516520454177,0.5515358818326839,0.9483203875514767,1.0523998151578942,0.023977838671274315,0.7626378580980218,0.9811314120322171,-0.8845629104276245,-0.6916851168357557,-0.029327144366688585,0.5879276925064911,0.2508087407435398,0.2508134243884461
4,0.897421366,0.9401200413703918,1.167860999988611,-0.46522561443468863,0.3943261134094556,0.47113489610472553,-0.37558358997850055,0.28510501058537546,0.37980052082557436,0.048315861207737086,-0.664355433060192,-0.23244151915218889,0.12634874806729776,0.574186316147031,0.6319530522579754,0.5726843460306518,-0.4737486895637259,0.7497951710806857,-0.4911525589701008,0.6387995611505299,-0.2167398058977187,-0.4264061859676963,-0.5837826226992192,-0.08834106607755204,-0.25987601856106457,0.39880054752427185
4,0.977305884,0.9826157689094543,-0.9530814092301241,-1.1167954436600638,1.733624885126752,-0.14920248816423215,-0.5115844956346052,-0.033524646520539755,-0.30472031241638364,-0.8572749385366569,0.6916283105440266,-0.1889949826733705,-0.4450817727739329,-2.751031778275455,-0.0578614187026155,-1.1630560690147123,-0.35890650823249665,1.1309364270799047,0.9636870724590635,-0.7772981255387468,-0.5415030964567825,-0.028487789665607142,-0.9164559096987377,0.6196277905651182,2.0546791002227067,0.4323048476407349
4,0.947308922,0.923650324344635,-0.13936129608346803,-0.5282412490064696,0.49286835983251365,0.42675415181045845,-0.44892643229643575,-0.11642957130981878,-0.28743865664161045,-0.3766550865661073,-0.6559732916280537,-0.28366491483726824,0.14770137838738437,0.523414793061057,1.0144771839715043,0.5306820429854939,0.5073544639378382,0.5125950978959974,1.073503429545035,0.6001215536804387,-0.6833011528980636,-0.6386293306621439,0.6637422035489748,0.02789262680408049,-0.14456010516970225,-0.20685282901338997
4,0.958980917,0.9571303725242615,-0.3435635908707402,-0.09886121550813443,0.2204676135506323,-0.17343002873524252,0.021062044775102307,0.013486348435376981,-0.2550498455869564,-0.14205606751667882,-0.6632696524597822,0.45053773904976746,-0.5693887505871154,-0.08106857853022159,0.7706608677621002,0.6257714559044059,-0.29774897211848894,-0.2668409459799672,0.15861125729971237,0.178266064766127,-0.6284115826627291,-0.5325177583149201,-0.3897232052828335,0.42942720221335606,0.11078227448259993,0.2843022532851674
4,0.935793168,0.9038187265396118,0.28525047865849695,-0.11200904411264985,0.11877283575677966,0.08186211977644807,-0.008997107397982663,0.21666517236980404,-0.23845928534262387,-0.3706761054485313,-0.6637318991501907,-0.38136130021461634,0.5325881177288743,0.5964708848364901,0.5785930307707595,0.24417013046324532,0.9428133723532486,0.18034995290656147,-0.9657268175873809,0.7911031209281814,-0.7153200688686756,-0.777900769367875,0.5805738817990953,0.21809321515584265,-0.6799554173438843,-0.47844119480984976
4,0.943980851,0.9349004030227661,-1.057287006330763,-0.649871920467827,0.5900631751544707,0.25941003654459516,-0.6875263715198023,0.9313080447444849,-0.27863466316938895,-0.706595201651494,-0.5434449765164499,-0.5337986184216019,-0.39094237068591403,0.46154362586550873,0.8640291520772889,0.94587507608215,0.33539027745915534,-0.14364544419224207,1.2973262197109712,0.1927490596013331,-0.3997050400155011,-0.7314769564659647,-0.6669509444490989,1.781964719381442,-0.1280864032566504,0.14509463849388402
4,0.970357454,0.9714581370353699,-0.8730784568239691,-0.5170858665310457,1.2361937446474422,-0.575356046864541,0.21842767528782203,-0.07027420026566358,-0.1534161023837324,-1.171132069300161,-0.6636252965146326,-0.4310226600496322,-0.8168986508819894,-0.14714513619543712,0.16487660514722113,0.010862939613919164,-0.5834117655821808,-0.14152711588514605,-0.24518562164064114,-0.6413188451824589,0.0897269612495669,-0.3070306670770695,-0.7223964922823519,0.9049286730927608,0.4320194617871093,0.6015931746010293
4,0.961814123,0.9385201334953308,-1.550801637493566,-0.48712019818241176,0.5660686989631837,0.2544569314521874,-0.35478300184952327,0.7155231981080274,0.23284728792758172,-0.9067437256314865,-0.6028227554756871,0.06549687406565981,8.754388037894626e-4,0.37154877984204554,0.8991822870146865,0.7117882609125471,0.18671521211751355,-0.1289816609704579,0.5379407668226922,0.34024211401734544,-0.6055409283980062,-0.5922055177602334,-0.6946737183657254,0.9471954705042641,-0.02924419177833993,-0.19561591530057373
4,0.946977028,0.9418113827705383,-0.6119020424303558,-0.45391567088516055,0.5692976425525538,0.3567126676930835,-0.1559524201741976,0.6662759157833187,0.14703981013555742,-0.6569727393058908,-0.6402897033584601,-0.035135894446581044,-0.09058374175534732,-0.42986067221401225,1.1478773246522598,0.6986499750428704,1.0031973981798858,-0.013162597962984421,0.6401591492519264,0.4504948889177104,-0.4683170028096695,-0.5855735444885319,0.5528511078824688,0.9894622679157666,-0.02924419177833993,0.5487925019650404
4,0.951967565,0.9391156435012817,1.1041374501357395,1.2045505944274943,-0.8836291329516635,-0.9465960042300606,1.4074463336122716,0.2233805170315795,-0.21031111396752405,0.42323530123548736,-0.027305384943875653,-0.15766406273944258,-0.18638098340792678,0.45730373649836503,0.6321447713659333,0.4685431910256476,-0.3695101236016447,-0.2694653946209831,-0.6371895239892451,0.9016096125263895,-0.5277807038979486,-0.3335585601638755,-0.8055648140322316,0.6830279866823724,-0.4987446963003149,0.1302369033134436
4,0.957428001,0.949485719203949,0.43801955528987874,-0.6808525190483264,0.8700478417052241,0.11149898065573273,-0.44338201672027766,-0.30789573437900813,-0.2761402450826971,0.42345067636338485,-0.6601372811622624,-0.7222904984124467,0.03922641570349235,0.327131554898228,0.19461045590498863,0.4853225732037969,-0.7449727847665323,0.4329189280327717,0.6605013791766257,0.11241555051508727,-0.0978124037211601,-0.41977421269599474,-0.5560598487825927,0.28149341127309646,-0.5893500568220996,0.5712700418292369
4,0.936419232,0.9232692122459412,0.36071994961764,0.04691618241041623,-0.12978874345586336,0.24958984277227708,0.06859879313582595,0.23074172812248087,-0.34486814077633793,-0.523248798775201,-0.6632338095798713,-0.763069784005332,0.15172973645950635,0.42714960235619454,0.17571440441425942,0.6610469157138213,-0.2331671239010359,0.6036514841512365,-1.1629808058531494,-0.05971100517664788,0.24982154110262617,-0.5126218384998156,-0.5283370748659663,0.5773609931536153,-0.44932359056115967,-0.3701204801127021
4,0.936577879,0.9120271801948547,0.3663394212541048,0.29732660549072254,-0.15687999711292355,-0.3686999587087975,0.4066668273211761,1.0284804312616602,-0.24095565480091724,0.12128739379390159,-0.6544320688886642,-0.2762751380464312,-0.39602782283086374,0.4799553841802866,0.8422660097360468,0.46183913684418815,0.6406971718968275,-0.5521498077324237,-0.4438034689753324,1.3305176902300184,-0.6421339752215626,-0.7580048495527707,-0.4728915270327131,1.221929653679031,-0.7293765230830396,-0.5643237509294171
4,0.956168506,0.9482587575912476,0.7707820443499487,0.017628043937139924,-0.1823722441575652,0.29990065488157025,0.07981890789861572,-0.160437324205035,-0.1825756810301865,-0.05158344716409091,-0.6639982151919314,-0.3152669334962585,-0.07589898053673323,0.5225851104941497,-0.17158447312648603,0.3854947848187473,-0.030613732429684636,0.9096228955803047,-0.25053823640996403,0.006099980748279251,0.2132284942790698,-0.22081501454495014,-0.25110933569970084,0.5667942938007399,-0.5728763549090479,0.43852018938817083
4,0.966614964,0.9587221145629883,0.9649723193354437,-0.3789375398319719,0.21679493460722804,0.6853745008729368,-0.22696686006907763,-0.1320598618587647,-0.1910188516327787,-0.6368203170908565,1.0054268344964794,-0.43313724611234533,-0.6616606957888396,0.2293381551885854,-0.6402839631998181,-0.2372904736307937,-1.333930066903996,0.27314403860231423,1.0425787513319096,-0.5028382491202618,0.9496635616031442,0.9795721476330187,-0.777842040115605,1.1902295556204043,1.445152129439792,0.21793677170459183
4,0.807423025,0.8647080063819885,-3.540322268154847,-0.019960253640288705,-0.5941582541260736,1.078131791787621,-0.39604982101670944,0.4969305939929474,-0.22246651543353532,-0.3236566357606135,-0.6548818699543449,-0.4095221476789922,0.3092288549181595,0.39282181538962613,0.4460135084745196,0.8083931068995488,0.3238543511735254,0.6583959480342485,0.3780856246156393,0.2438325266271906,-0.7427648539863431,-0.6585252504772483,0.08156395129981767,0.12299292097996138,-0.4246130376915821,0.09330010212610594
4,0.882595757,0.9228788614273071,0.21015572809001118,0.6445779216309332,-0.567703385144028,-0.4588681537288301,0.7542796588469247,1.2053280085076303,0.014072370347480042,0.5847649792448729,-0.6316804383733996,-0.5115927199208723,-0.09313609015285067,0.5395287304438906,0.5568347005339869,0.4763642189375309,1.1099363954608774,-0.46961394091918435,-0.5104951890298578,1.588155965728832,-0.3356672080742773,-0.5192538117715171,-0.25110933569970084,1.390996843325042,-0.7623239269091431,0.15695195466008324
4,0.975517342,0.9695935845375061,0.4152679023394709,-0.8287773298958094,0.9202888346287255,0.4866217427525822,-0.5601601907132202,0.44024990986650703,-0.3214555876364034,-1.5328902350986773,0.5885882206767379,0.730361657963596,-0.27897685218751345,0.3156806888902017,0.3053020493903274,0.17057035156278563,-0.8233218748379079,1.3610359735430586,1.2959426713463853,0.12570534145971252,0.7255311498088606,0.6877653236781535,-0.6946737183657254,0.04902602550983176,0.7367829471785667,0.29824224748566586
4,0.951232742,0.9692572355270386,0.3269485859536961,-0.7328217537482461,0.3657160483262725,1.0207191640341269,-0.7325195002419497,-0.46213108602291525,-0.31996149776905164,-1.445859651110608,1.1552476506018405,0.18148125385635697,-0.06731677439838522,0.3540347669505766,-0.40220886613660584,0.15683075966829965,-0.3267853525707019,1.3328756434102462,1.2780163906755648,-0.015079847941225343,0.27269219536734896,0.2633190342892584,-0.5283370748659663,0.38716040480185315,0.712072394308989,0.2431047664944839
4,0.950764718,0.9185736179351807,-2.086806342566707,-0.2508389521066841,0.8032838923341472,-0.5523085424538525,0.08815476609449467,1.096755324158141,-0.23192218253744717,-0.5592938137951051,-0.5459326568137534,-0.4181518974079431,-0.340945118075634,-0.6750363711733511,1.2840281151184867,0.25017673807514595,1.3379029808308096,-0.23642027868797755,-0.7992268224541031,-0.7847064692630835,-0.8708405178687906,-0.8110606357263824,0.4419600122159626,0.8626618756812583,0.3167035483957469,-0.04645898151263024
4,0.815736246,0.9118627309799194,0.46108376194381256,1.5609495139837943,-1.3764449525866962,-1.0113520827192586,1.8009145707316445,0.5420046108840003,-0.25282079387008405,0.757301759070164,-0.6686218138388259,-0.778406734252543,-0.753752938006171,0.5125620866644589,0.5035806956448227,0.8146568631535915,-0.7872115501885425,-0.5972941848789055,-1.4930701181150698,0.0029533421369866922,-0.49118765707439227,-0.7447409030093676,-0.9164559096987377,1.4438303400894201,-0.8199818836048242,0.23018698489307066
4,0.858971909,0.9091383814811707,0.45501836843701726,1.9152783974715883,-1.403753555570234,-1.5970759095114575,2.216291607505677,1.5988070682682978,-0.2654166082186511,1.7818935056211191,-0.6594226904756383,-0.22695194221656503,0.5426370475938893,0.5303363576299985,1.2695709125618755,0.38294942127591136,0.7534309043110585,-1.2094201242917473,-1.297980739250772,0.909380146029531,-1.0080644434571273,-0.9702279942472182,-0.2788321096163274,0.3660270060961019,-1.1082716670832298,-0.7499962631397226
4,0.971317453,0.951450526714325,0.15822411989456744,-0.3302695874665828,0.9721004887115104,-0.7682972941405751,0.013686741198578054,-0.10517603595375853,-0.2970077835857528,0.40480940796739356,-0.6666592090426641,-0.45989907838958627,-0.7554773610737416,-0.20069879178758793,0.38028771109106135,0.33380232025399553,0.6228146676089195,0.5459773750327696,-0.5734677334640007,-0.7941178879316229,0.10344935380840045,-0.1345993620128309,-0.7223964922823519,0.80982837891688,1.3627836198745333,0.5256217500594147
4,0.735021097,0.889909029006958,1.4342287695978024,1.621666280251716,-1.4582552539906035,-0.9804820055517407,1.6921104375113318,0.8371186550580371,-0.302004428103997,1.086621949608794,-0.6655762211203419,-0.46129609179055836,-0.30639786512690237,0.5676173541026426,0.41297854902389175,0.10404523245279787,0.45047508288738497,-0.9287340273335802,-1.5647643015587918,0.9401543268037735,-0.7061718071627864,-0.6850531435640542,-0.4174459791994601,1.8770650135573228,-0.9270609460396606,0.4352415664426132
4,0.950844091,0.959912896156311,0.5030917341774479,0.07666369290517096,0.5308067851123649,-0.9335870169192894,0.1996205827664433,-0.11901833173982534,-0.33324620886134104,1.6365772675353853,-0.6542265806495775,-0.6758074435875183,-0.09482357535176052,0.22028086591584595,0.9693433105560266,0.2987332429545515,-0.8346230901103919,-0.332014370697056,0.08445031150602922,-0.09731163594430406,-0.36768612404488904,-0.5524136781300245,-0.8887331357821112,0.6618945879766207,-0.8941135422135571,0.7100510042097149
4,0.956983773,0.9672819375991821,0.27714094640983616,0.11025150843183491,0.03721029193373639,0.05262623455728871,0.41433788831253,-0.0509486615806539,-0.3393453106843431,-0.7387924653802223,0.5494852278642302,0.0663325476972474,0.10607144626073427,0.4544686811084726,-0.13078308067749098,0.32880962355916893,-0.6232142274828448,0.7199300547739539,0.9469776661637977,-0.0310639999053355,-0.18014675907416206,-0.14786330855623384,0.02611840346656454,0.18639311709721557,-0.30929712430021983,0.10230081947511645
4,0.959796888,0.9297922849655151,-0.2552956590208982,-0.3561476186218375,0.3037797065221991,0.15894620499351075,-0.37164578629768513,-0.2171460600190066,0.4962436509279386,-1.074975878803172,-0.6600706637674171,-0.04457746527295401,-0.2569669820287175,0.4595330890987623,0.4127065412120597,0.8962968660850853,-0.1399673744746726,-0.3731013173546272,0.4409860250486806,0.14213165911825243,-0.5872444049862281,-0.6452613039338453,0.16473227304969723,0.38716040480185315,-0.21045491282190917,-0.3127999871198701
4,0.958206058,0.9396622180938721,0.5045549709776606,-0.5784661344880012,0.27468783399950336,0.7892370064352385,-0.6274509590275132,0.06019928100806027,-0.18671076624302047,-0.34799288556435354,-0.660748056121358,0.1508441911707383,0.29465656008135405,0.4079529044836526,0.6628786068892085,0.6360341298895086,0.26527838488531785,0.8542479554808421,0.48792024307537446,0.5785252986716485,0.2589698028085154,-0.015223843122204215,-0.30655488353295396,0.4611273002719831,-0.08690214847402102,0.28806185780853
4,0.950305286,0.9491791129112244,-0.39262293422093403,-0.21132937386223893,0.688337049969239,-0.6459771280375595,0.03421815107626382,0.08954435649882304,0.1269742407370676,0.28347329887025063,-0.6571950510414287,-0.13878261140870332,-0.6505681700593277,0.3175879199734697,0.27234098964871306,0.346437581148937,-0.3815732977191596,7.588329097027675e-4,0.08172051770618717,-0.08392072602590095,-0.0520710951917145,-0.24071093436005467,-0.5006143009493397,0.24979331321446974,0.6791249904828857,0.13787136149919388
4,0.951133631,0.9294123649597168,0.7391688650586239,0.9352418021242807,-0.7240987806626968,-0.6074092080389969,0.975097633455571,0.6971691019477916,-0.3348132053574054,1.4060449342291594,-0.6631971954054702,0.17108180996043787,0.08851592771017437,0.5516434195792246,0.19004992401452966,0.7662180577757918,0.5635646516034155,-0.5482693602383177,-0.9706382657021018,0.7533857437089818,-0.5277807038979486,-0.6054694643036365,-0.14021824003319472,0.6196277905651182,-0.7129028211699878,-0.3941473170802705
4,0.942857143,0.9354848265647888,1.2956752211065967,2.18909948754735,-1.5428256650491914,-1.9093629283107107,2.306481406425531,0.36969144776489865,-0.01768339578222645,2.0442699722642588,-0.6652158010501277,-0.4997285254228731,-0.21176526549234448,0.5032878447331018,0.7071792382515677,0.617529803702444,-0.5584562451321586,-1.0934377053071305,-1.6790735531346317,0.3888904523019489,-0.6604304986333408,-0.6717891970206513,-0.36200043136620697,1.454397039442296,-0.82821873456135,-0.30173379651792404
4,0.940938222,0.950872004032135,-0.18293614786851456,0.410210372945472,-0.2342844697074852,-0.398088076406741,0.48581141747791845,0.5118976122456399,-0.20262977754515404,0.17789918105684863,-0.6598438232478676,0.6420604133317138,-0.6860859614371609,0.15951740654479757,0.36261542104722716,0.29419854649999083,0.30972847392578684,-0.4617449948031096,0.31698284652616965,0.5570053425248909,-0.857118125309957,-0.6054694643036365,0.3033461426328299,0.15469301903858845,0.8191514567438255,0.5287848458419125
4,0.946422629,0.9178996086120605,0.5250101814934367,-0.8325573481694355,0.8101417858112302,0.6144028081066285,-0.6741151036895284,-0.035524663453317486,-0.1901909012412983,-0.8674887746889165,-0.6502809212799995,-0.2655068795418572,0.3268746551354452,0.4552598602919891,0.392946951466772,0.6909232498852846,-0.5039262873837295,0.9024486983786894,0.4479093806191253,0.432376207343486,-0.3036482921036653,-0.7447409030093676,-0.11249546611656815,0.01732592745120467,-0.6552448644743066,-0.8393915547953352
4,0.968942072,0.9038441181182861,0.013185615405944567,-0.3255711491468103,0.05472189424637427,0.7108900497020555,-0.2817829234367816,-0.15197874771159395,-0.2801162087091921,0.4676407530421975,-0.6648613825015319,-0.6616100482924719,0.012879213268253626,0.36842722778000686,-0.019736899988044142,0.44756907816486463,-0.1474109665559554,0.7062660161139639,0.10954295378895604,0.30741246028521513,0.2360991485437926,0.05772786286651223,-0.3897232052828335,0.7569948821525017,0.16844023117828102,-0.46669955299590565
4,0.949947017,0.9334514141082764,0.7763518449456133,-0.551384744143735,0.38075207702944774,0.5824228432066241,-0.5391790899459874,0.12958519993645762,-0.13101947192043514,-0.0506968208164179,-0.665061992547142,-0.41443633276539943,0.21419674712974507,0.3192605518518264,0.5948558788903678,0.7129387284871532,0.11828724719049523,0.48843246555671294,-0.07748728506671357,-0.1076983930781021,0.06228217613189948,-0.32029461362047246,-0.3897232052828335,0.5773609931536153,-0.3751919319524267,0.0834038530111186
4,0.960844637,0.9262537360191345,-0.06876128029927302,0.4024576896447298,-0.15613637707384853,-0.48546332762458866,0.6206035011769255,0.30330176737421854,-0.27949841729144187,0.8670985227161248,-0.6646291186682735,-0.5831868881912855,-0.06969596083624985,0.514314965759704,0.27530727127814164,0.5809291685343112,0.607143693873991,-0.05364034543133774,-0.43289617012404863,0.12404423249955912,-0.6192633209568398,-0.7049490633791587,-0.22338656178307428,1.7396979219699396,-0.5975869077786256,-0.3020876884037486
4,0.928526773,0.9380533695220947,0.33207014164017623,-0.5648710793641459,0.29914882493085293,0.5669733806354634,-0.667722075395906,-0.07568565794916352,-0.2076350433209564,-0.7870482857911804,-0.6017090519411072,0.26325487301900574,0.22544555666782068,0.552787874845177,0.25389944351123267,0.7666951279211243,1.3244538786107163,0.3775673795783369,0.752651946164264,1.2226595964813967,-0.6146891901038952,-0.5192538117715171,0.469682786132589,1.369863444619291,-0.5234552491698926,0.06069820260468417
4,0.951104588,0.9448940753936768,0.30113130734338184,1.3285426247130985,-1.0433811396449748,-0.8193997684235796,1.4317898075815618,0.6857300699070776,-0.30666727342259886,1.0666885209523627,-0.6614239155932387,-0.2611714166318443,0.2776720588684599,0.45451831997863507,0.5894527476580923,0.5476037413251863,0.12833471652365344,-0.823924776787971,-0.6146825333011303,0.5147651893876195,-0.7290424614275092,-0.7049490633791587,-0.029327144366688585,0.6618945879766207,-0.7458502249960912,0.4758864395810002
4,0.886387521,0.9041945934295654,0.8756944548074823,0.5126576513932412,-0.6799829718807747,0.035105293974192306,0.4445794505039134,0.7453423514147045,0.19241954175879517,0.379229101420754,-0.6573880546477904,1.1231972533110575,0.43525022809638164,0.5327853839288109,0.8238652003525845,0.6320408154955368,1.841029767538024,-0.5328873733690005,-0.5087388317371787,1.283072667733373,-0.8799887795746798,-0.7712687960961736,0.33106891654945636,-0.23627485701781129,-0.7870344797787207,-0.8363435118996073
4,0.97643278,0.9606945514678955,-0.014076051558095281,-0.33124233681610477,0.4123934693420745,0.15128600733091468,-0.2686636444146675,0.7424338851732684,-0.3334038535795245,-0.4316648307196975,-0.6658043397378219,-0.2598978889848991,-0.05614919561178434,0.4938428910645772,0.5517282539150179,0.7030501551946945,-0.5751652260573972,0.028537267741848726,0.3716114957234914,0.7061705370618319,0.05770804527895486,-0.2340789610883532,-0.5560598487825927,0.4399939015662315,-0.3834287829089527,0.43520532519213917
4,0.96465665,0.9561517834663391,-0.4130687442179467,-0.5217524772720298,0.7087094825780214,0.1088171553734134,-0.3521657155820447,-0.13462311725549472,-0.33965887504342274,-1.4601545285157393,-0.6613238550315689,-0.46377423052733047,0.09557834124735991,0.47704495062625363,0.42461802941317817,0.4342242151423843,-0.13059815695535076,0.6172591992068531,0.766065138880715,0.08921885793041004,-0.45916874110378025,-0.5059898652281141,-0.5837826226992192,0.15469301903858845,-0.4163761867350561,0.4580154145090079
4,0.8205396,0.9149780869483948,-0.0018799079118854564,-0.08909728842538338,0.10452356411275639,0.09033501881270152,0.09314834093548387,0.23324822222116925,-0.29423874662964916,-0.5778320058636238,-0.660775237813424,-0.5010273394866783,-0.06651160627144362,0.49381002076974173,0.16259438982968066,0.2880192850385079,-0.48865297666270163,0.4140081324110827,-0.26209407557437814,0.09989426377117501,0.02111499845539851,-0.6983170901074572,0.3865144643827095,0.3131935093317235,-0.9517714989092382,-0.14266249298975528
4,0.945090642,0.9627941250801086,-1.0084907488245385,-1.0633142004831382,1.2639379669692432,0.5287595436848604,-0.5433358377041184,0.32209523792724387,-0.299283754133499,-0.7147912094848378,-0.6595689335308303,-0.7570897829953503,-0.4204460547482628,-0.7915276405009843,0.9715829151484365,0.2742259406023638,-0.7789071606485561,0.9613829935271418,0.691193054592081,-0.5271628778942626,0.4373609060733535,0.05772786286651223,-0.5560598487825927,1.1056959607973993,0.34141410126532457,0.16498096165795917
4,0.957855135,0.9548425674438477,0.4072542513185928,-0.6568888128447322,0.5615551056870839,0.5195601488457566,-0.6170656162926167,-0.029987327648717046,-0.236119207759523,-0.2007982404902364,-0.6548001299583709,0.0758133341707278,0.14438232852228897,0.2852987782488304,0.36860726925218645,0.5824162997425785,0.20588758481166888,0.6134758325306073,0.5711029029392183,0.05554348187213724,-0.024626310074047086,-0.4131422394242933,-0.3342776574495804,0.38716040480185315,-0.35871823003937503,0.2913217877264278
4,0.946577988,0.8999230265617371,0.5051428420358899,0.2649411479737302,-0.45887233826144297,0.017941020714596516,0.11495495114623261,1.2308758219951559,-0.11480456595448198,0.5267826693311449,-0.6589302746756142,0.10030681478335572,0.6493568194890175,0.5618812178952792,1.2803903561612224,0.8068099754704323,1.7009398696018272,-0.6928078653334959,0.24850189692546026,3.5605845067696094,-0.9577490040747372,-0.8707483951716959,-0.5837826226992192,-0.05664096801892495,-1.0011926046483937,-0.5868629303572567
4,0.957980235,0.9286097288131714,-0.5245004144391399,-0.45762969888904403,-0.14581432938600924,0.9484580856174886,-1.0331309637011008,-0.10356521671632436,0.09693527857459742,-0.2446785155916738,-0.6133739306729176,1.3183933332006716,0.6616996512653965,0.512883728983693,0.6385387432090727,1.116460552486732,1.226665976409277,-0.3012251804332878,0.7750559639840641,1.58407535550519,-1.3511242574279694,-0.7911647159112781,0.9132471687986138,-0.8914102168961028,-0.44932359056115967,0.2840554333609153
4,0.917251338,0.9203470945358276,0.6844422076623439,0.17463360393946917,-1.0442865532276608,1.0768691440644356,-0.401811460077174,0.054173722491050375,-0.07302347751799568,-0.2925949645134839,-0.6272611903625666,3.4338852593243954,1.0238189227241996,0.5810013211782492,1.0454814730365798,1.0977974577264797,2.2111778746588335,-0.4477871668018041,0.5105819857732579,2.2990048853837233,-1.5249412298398624,-0.8773803684433973,0.968692716631867,-1.240111295541,-0.8694029893439794,-0.7903130025012626
4,0.937492171,0.9264076352119446,1.0316423832318504,1.2058743870263413,-0.9059516562842297,-0.9662209873611135,1.5120408330949697,0.5765443535132452,-0.35576205768025077,0.8070643741901776,-0.6622148591752532,-0.44517686349054225,-0.48868110751178023,0.4436884910927776,0.8827370031826437,0.33996826905113336,-0.06264200215969483,-0.31505161473018406,-1.4266247084670685,0.023776496628074524,-0.637559844368618,-0.8375885288131885,-0.8610103618654846,0.8520951763283825,-0.8776398403005053,-0.2488039571868822
4,0.943234497,0.9440321326255798,-0.017635265407549033,-0.6200940797849573,0.6527132578459277,0.1488497415090357,-0.5632160408490706,-0.061875927112754435,-0.2773344760862547,-0.18746138463546191,-0.6471369939083819,0.1349459486755987,-0.07311754102181596,0.44304348737374377,0.4481578049470467,0.846755518837487,0.3167243213805816,0.3430893238561335,0.670204743985895,0.3682235725885184,-0.26705524528010893,-0.3932463196091889,-0.5837826226992192,0.5773609931536153,0.2590455917000658,0.2437370585638855
4,0.960795141,0.9655540585517883,-0.0031514499836235886,-0.783062640585878,0.8106986605695187,0.5528659989578603,-0.5072462715854256,-0.19436448414685625,0.43891781038310174,-0.9234327407605818,0.7187877560304954,-0.14969451653467583,-0.42983918623659284,0.36348287394231554,-0.5228920624073373,-0.4566347369113857,-1.0162318860850437,1.5585092362557602,0.9005610759471718,-0.49193394669339985,0.8032913743089183,0.8933564951008997,-0.8887331357821112,0.29206011062597226,2.2276529703097503,0.4284211789810494
4,0.970595412,0.9683225750923157,-0.1496680235030806,-0.5846561432155698,1.4691803982359735,-0.6229986264480211,0.17482993064735225,0.05062371510462072,-0.1564363158651364,-1.2400049413325354,-0.6649316878350483,-0.3024885883165038,-1.0228623985049234,-0.5670698313532694,0.4024086974654999,0.014747625767538646,-0.8457136160667394,0.05117657615319087,-0.32479040893966615,-0.5539299895167015,-0.02920044092699171,-0.41977421269599474,-0.3897232052828335,0.5773609931536153,0.7285460962220408,0.4863175088101459
4,0.859587246,0.9285336136817932,-0.13034441059272703,-0.8940563069587733,0.5887055139576699,0.9486564567393869,-0.9974745871752465,0.15927558115605706,-0.24365984406434615,-1.4943509225674514,-0.5618155242289841,-0.1573810857101293,0.5073841229762076,0.5604691557371768,0.9886502055821715,0.8394600135561976,0.3013507575129719,1.4625268700437157,1.4220375985259266,0.601279825561896,-0.22588806760360763,-0.49935789195641267,0.5805738817990953,-0.15174126219480583,-0.1692706580392798,0.08109438913732968
4,0.870942727,0.9162532687187195,-1.0221836270849516,-0.2171589405140245,0.18851214168333388,0.12542318515309867,-0.11115416181279467,0.2809205882101984,2.1055385575703722,0.10537788542578566,-0.6489732014337494,-0.6609018173485323,-0.07430980261659582,0.32873777262902626,0.5148411196331588,0.764935203653149,-0.7720611430096427,-0.411179987707073,0.3340101229274261,-0.39010530157214157,-0.7930802933687333,-0.7513728762810691,-0.44516875311608667,0.5773609931536153,0.36612465413490225,0.17772066068879355
4,0.94317101,0.9386788606643677,0.2758067161524428,-0.27456352239250237,0.5993727347241358,-0.18118004462600168,-0.0049628046530587845,0.49743880950773767,-0.3309055757852501,0.05342116955320816,-0.656042210644997,-0.4939166095683293,-0.25425211714354795,0.4820255324950834,0.2974694216800544,0.5955615276846307,0.6822463179404116,0.25126121426208636,-0.6202257027455402,0.1401644354465709,0.34587828901446227,-0.001959896578801054,-0.6946737183657254,0.9154953724456367,-0.4246130376915821,-0.20838318777377987
4,0.971388273,0.9441523551940918,0.5180348475700908,0.7306560346234646,-0.5908840804143402,-0.40724951703001083,0.9702125877471466,0.1159278530134616,-0.2702901741972913,0.3179594425933961,-0.6645800700185797,-0.6396711042927393,-0.020951543569700977,0.5137687404768928,0.2021129067950613,0.47892088194938204,-0.4695915468106467,-0.18714994808963742,-0.7580624996004981,0.3251147155401538,-0.47746526451555843,-0.5789415712168304,-0.4728915270327131,1.390996843325042,-0.5481658020394703,0.35658485495145453
4,0.929077221,0.9393649697303772,-0.8446683959385536,-0.6376154859050561,0.6959194318778557,0.16565275968999585,-0.5669880854360132,0.3041957065719933,-0.3054013777888065,-0.7015471435662147,-0.6362121579202292,-0.5540874518053653,-0.3797088770861397,0.4302094350696469,0.5728001854295046,0.7425281851531033,0.6662652698301982,0.18268869915895675,0.6141807056904754,-0.2123868666304823,-0.042922833485825256,-0.20755106800154724,-0.6669509444490989,0.9260620717985125,0.6626512885698337,0.3129776848001142
4,0.946390297,0.9737685322761536,0.27611777308749236,-0.49260141863942364,0.29222061673584265,0.536142954780192,-0.49802551808822065,0.31266477671317594,-0.2879789039058371,-0.754090643667163,0.5934883517942536,0.7574073397228874,0.08658984874143585,0.4537925395793023,0.07870294884379923,0.34991148379190196,-0.1843713914750552,1.0319411534329328,1.2021637002204684,0.43769598462760717,0.0028184750436203374,0.11078364904012417,-0.16794101394982128,-0.13060786348905457,0.3167035483957469,0.6052677691875873
4,0.947144803,0.9563893675804138,0.6535367628162072,-0.39443636811939886,0.18821191669435688,0.4951979142350223,-0.4488847153344782,-0.051544186607806006,-0.004090544089457496,-0.42462976470077607,-0.34872210013026617,0.8408337318800444,0.5292573054474135,0.41725234284143936,0.3188288986799504,0.7444966109351294,0.9693964195529534,0.7937220634570831,0.7893057953959581,1.187564877736639,-0.4134274325743346,-0.313662640348771,0.469682786132589,-0.5638425369569572,0.1931507840478587,0.08407443062535608
4,0.948378557,0.91640472412109375,1.1323748814658188,1.00880000109196,-0.7945681690580761,-0.9334138811148401,1.0405302289666754,0.7341156091887476,-0.27131500699419353,0.38461779809240637,-0.6657283358107395,-0.47858939401046446,0.04057223774627627,0.5181842810056744,0.681123546915738,0.21749501734200927,-0.3196078511916638,-0.4690786692354144,-0.702666991791364,0.07094482084192716,-0.5049100496332258,-0.6386293306621439,-0.7501192661989786,1.0951292614445234,-0.6305343116047291,-0.10986600935365393
4,0.906155364,0.906768798828125,-0.8842214985509903,-0.8336234990866088,0.492955337789027,0.9127065490666882,-0.9730954837030708,0.1859844881666817,-0.32678927173006544,-0.9203471743094273,-0.6255315428284212,-0.3074628406704428,0.3506476446632008,0.48465945881003286,1.3269834981207251,0.6744189251872236,0.7879026332313375,0.6145036279063615,1.0057024868481705,1.3484470035442586,-1.200177939280799,-0.8243245822697856,-0.36200043136620697,0.4505606009191073,-0.5152183982133668,-0.17784682692271322
4,0.936989389,0.9276798963546753,0.4185768307631541,0.04372773561451752,-0.4784024720132986,0.4254780978248763,-0.306712753725881,0.10545141868532862,-0.17518941460751447,-0.40981040693972287,-0.6526337831170194,1.0490956286551396,0.6897863824708361,0.5728327798018865,0.9673694449198298,0.7336457970416181,1.7181783025862716,-0.13720230657971835,0.15524998256856595,0.5567580606708334,-1.1407142381925195,-0.8641164218999944,0.6914649774656015,-0.1094744647833033,-0.96824520082229,-0.3073898193275525
4,0.920789525,0.9280538558959961,-0.010887907609673711,0.8267212005037546,-0.9277722103345404,-0.48494039813673684,0.49609566242255004,0.7852155945678644,-0.269229968343627,0.31737257894056364,-0.6517493461409656,4.657726360565469e-5,0.5855933749090175,0.552323867187387,0.7878766221497551,0.63778488444317,0.14360690437992676,-0.3947134612706627,-0.35869740165082153,1.7711932586912147,-0.7793579008098994,-0.8906443149868004,0.7469105252988544,0.270926711920221,-0.8611661383874536,0.32051012451995864
4,0.957118106,0.9418936371803284,0.5864888969469786,0.2082416269430186,-0.2445434306397515,-0.1506491283133441,0.20089274527963574,0.3874047332089186,-0.2799190322005634,0.44269411886249865,-0.6595880739556726,-0.15876571793274316,0.0105877511688286,0.5684257073366266,0.6059782241831508,0.636181579755727,0.984451323856545,0.22577943894672217,-0.06344305214933582,0.7186090900999257,-0.4042791708684457,-0.6850531435640542,0.2479005947995768,0.7252947840938749,-0.82821873456135,0.4458261376469128
4,0.931595158,0.9290876984596252,0.12380531243244199,0.001390319026696447,-0.19229326929695212,0.331067985012955,0.0705972058371265,0.22748705206756928,-0.293114247305876,1.1298472000926758,-0.6546158978621637,-0.23093516550155616,0.10975717085823947,0.26564755949643176,0.33779630182186826,0.4316113778699282,0.12078109925976149,0.3401467035128136,-0.7388004742295157,0.7873047245677199,0.034837391014232055,-0.36008645325068145,-0.029327144366688585,0.39772710415472895,-0.5975869077786256,-0.029123430728990485
4,0.946202532,0.9194210767745972,0.9539719311579538,0.02095287879672804,-0.17182840454529721,0.16826702881262826,-0.10134344508763536,-0.1310791502286113,-0.282245058574188,-0.8563081599776347,0.39018144562202467,-0.018899976107873872,-0.11210888931234121,0.4610920103323312,0.2127184140720614,0.5080876643514798,0.34886267624080597,0.6264433254351601,0.8090670937149834,-0.27587487394870863,0.07600456869073303,-0.27387080071856207,-0.25110933569970084,0.5879276925064911,-0.21045491282190917,-0.4185138012905414
4,0.91206292,0.9109197854995728,-0.9889101590528714,0.21988471218824748,-0.12911499993512618,-0.17749844839126433,0.3345565831818009,0.43331079351506335,-0.2663032285474318,-0.10462640891554749,-0.6652045046887509,-0.6551481810425974,-0.3106049095052665,0.558964816149268,0.3818856731017421,0.5530597196445439,0.6167564589139976,-0.1236404822351542,-0.6610088361161737,0.05263033616393218,-0.07036761860349268,-0.572309597945129,-0.25110933569970084,1.0845625620916475,-0.696429119256936,0.021525172344831908
4,0.941331475,0.9314665794372559,-0.09455925669166221,-0.6632647432027602,0.2629175110341098,0.9371633654980287,-0.7488544458844034,0.2118296434551301,-0.1826053602043987,-0.8456292585079949,0.02664763145076188,0.4270984238063515,0.22701421558628423,0.43814681540222483,0.5149358717948732,0.4400495361556406,0.9212992052662193,0.11756677531571277,0.7129379567956363,1.8864514227935911,-0.7427648539863431,-0.6319973573904424,0.1092867252164441,0.8626618756812583,-0.03748104273486578,-0.01848451400333695
4,0.943372744,0.9402350187301636,-0.3642418943894921,0.5779007611333734,-0.12311174249804911,-0.6928499132139688,0.8452607419446736,0.3975122732553456,-0.2942559985141439,0.13017945359693509,-0.6561639819820441,-0.12985132171041683,-1.0943467061245336,0.26257447009153356,0.3437097493689559,0.21041512709126822,-0.26331404295778343,-0.7423394061395366,-0.1365230911143844,-0.19179720504248196,-0.3082224229566099,-0.2340789610883532,-0.6669509444490989,0.8309617776226316,0.7779672019611962,0.08967216651409701
4,0.965032782,0.938779354095459,0.8244003480748118,0.906879588163867,-1.0321260042057905,-0.11854789428541945,0.9577274951163374,0.3310877399542786,-0.258844014048457,0.6336163722932355,-0.664634219670141,-0.3683844348144111,-0.21713355253961927,0.45576825239825064,0.006769537699966583,0.2598503091224821,0.3859067978155532,0.11730513050148217,-1.3182878832534877,0.6112970388097055,-0.1206830579858829,-0.4728299988696067,-0.4728915270327131,0.08072612356845885,-0.5152183982133668,0.3534250954573595
4,0.946809363,0.9332984685897827,0.037803345831033265,-0.8563321000156479,0.6202989280771117,0.8825874383936133,-0.688728548245934,-0.26886670666363005,-0.07343711462209043,-0.9410223627896772,-0.6637359335628215,-0.631215151562839,-0.17246992180948334,0.4596549729160534,0.5442056090760415,0.44672860362945427,0.4253259380139643,1.3955054703205283,0.9607521787687671,0.38393194553323395,0.08057869954367765,-0.1544952818279353,-0.5006143009493397,0.5984943918593666,0.16020338022175531,0.13771223362595322
4,0.959007714,0.943782389163971,0.9750898037468848,-0.7954755364202769,0.9076865104967223,0.4061885962862899,-0.4687050543158761,-0.20694536165919877,-0.044954717502416454,-0.1058834118456918,-0.6604381080720028,-0.6492446382300918,0.06249707134885008,0.2888981140704094,0.4603257854041052,0.7081748044519417,-0.6308328878981149,0.6793793237842307,-0.6645514858654851,-0.12498881833074521,-0.1206830579858829,-0.2539748809034576,-0.8055648140322316,0.5139607970363615,-0.43284988864810797,0.15695388447396214
4,0.958572058,0.9654653072357178,-0.11380276878397735,-0.5443596993064894,0.9564035827733719,-0.1569834993762769,-0.20770817173385417,0.3456017088626721,-0.3419386408247223,0.1104819322152731,-0.5470533671523208,-0.8911028532114427,-1.2109357102909435,-0.16042126698927256,-0.015583302834885404,-0.28236041559586783,-1.3716187761962384,0.2802072989821703,0.1745989486839563,-1.2396287818662042,0.2132284942790698,-0.10143949565432346,-0.9996242314486173,1.549497333618177,0.176677082134807,0.595924967796995
4,0.957203923,0.9357859492301941,-0.018724330406453344,-0.9013791340557831,0.8053556650233015,0.664629354183869,-0.7621995340040846,0.083563395313365,0.4495946028948937,-1.3670292789111076,-0.6596677855357913,0.2114759496004503,0.08426881133442637,0.46906608784084636,0.8767218449485961,0.9077599114639565,-0.09689108913367984,0.5123765422163141,0.7998472513075907,0.7636860900833693,-0.8479698636040678,-0.7049490633791587,-0.029327144366688585,0.21809321515584265,-0.11984955230012455,0.08734407503006968
4,0.944250142,0.914398193359375,-0.722551072055389,-1.2224287433059713,1.012020953660637,1.2196205286549042,-0.949285833899648,0.01586309475168465,-0.29655425706679495,-1.2468904861847343,-0.6054910895616317,-0.6362746019426544,0.13706486245741561,0.35689774650877,1.4148922340164414,0.6324287290393362,0.057415854252590055,1.020591658582105,0.6537577303040576,0.5883476280790856,-1.4700516596045279,-0.8176926089980839,-0.8332875879488582,1.042295764680145,0.01194006300428946,-0.3904191946901044
4,0.957718502,0.9531310200691223,0.09105950608407341,-0.8460243515800233,0.6517283739709455,0.7847168394294152,-0.683244631053671,0.027317748658848055,-0.26151112280497263,-0.9651796508105571,0.7476509686574163,-0.24043119385677192,-0.5523676230856095,0.4487966401329691,0.26308977736759404,0.4906006123285511,-0.09296352726216867,1.4507682071641486,0.3681736162656202,0.1903975838292951,0.05770804527895486,0.21026324811564645,-0.30655488353295396,1.0634291633858959,0.07783487065649654,-0.32198083133382127
4,0.924977309,0.941690981388092,0.153451947897963,0.05854429083000529,0.017315359355750667,-0.09543156022668339,0.1913997392473715,0.7875067652450228,-0.2184140721102097,-0.09160765911208932,-0.4537057553749443,-0.19464671443982176,-0.09955094331733243,0.4648895028614884,0.45286715216100926,0.38082472163070763,0.3763121121662153,0.05141299509590883,0.14950891628166707,1.0998386524038224,-0.5735220124273942,-0.5391497315866215,-0.3342776574495804,1.12682935950315,-0.5481658020394703,0.2907369723493211
4,0.937427578,0.912364661693573,0.447702394389887,0.280425317594551,-0.27411505945495085,-0.29252225085745703,0.16128878822189746,-0.05960149900894395,-0.3123015600546327,-0.6920556932103774,-0.6509872565761488,0.21626819507209166,0.15868038763485376,0.6100607461577247,0.6307070288586472,0.39104095349676904,0.6998970140626601,0.11864243115147037,-0.3811343796476094,0.9080619223168251,-0.9623231349276817,-0.8110606357263824,-0.777842040115605,0.42942720221335606,-0.8694029893439794,-0.6308941035139082
4,0.91295144,0.9122558832168579,-0.18848955851071827,-0.22401564419651135,0.19509706478730282,0.006270981196312384,-0.2224859123016815,0.34659371797027533,-0.31967707948242097,0.17185841879060598,-0.6511900353221528,0.040396788981851874,0.3672807342535363,0.5313406491868881,0.7694733541845564,0.9243464665341959,0.36837262946179405,0.07742683862432805,0.02149063840218809,0.8570152258268864,-1.3282536031632466,-0.9238041813453078,1.9112670297971692,0.49282739833060984,-0.44932359056115967,-0.11239854662837027
4,0.878424284,0.9195432066917419,0.1882714694042281,-0.6809556843037115,-0.09593876461783407,1.2848814919945917,-1.20808347270403,-0.11852194541166891,-0.0071791413305488175,-0.25523733651073016,-0.6393854665180547,1.7146328492476157,0.9245443614794492,0.5812797720171942,0.5720424541576672,1.0702477034630746,1.57623032575234,-0.4497029404266345,1.0810786987967171,0.7323024376762649,-1.2459192478102445,-0.857484448628293,0.5805738817990953,-0.785743223367346,-0.9270609460396606,0.1274603590635194
4,0.951233696,0.915742039680481,-0.6273591434091736,0.08083061299428113,-0.17568467979266203,0.002277859869795345,-0.09457945447675896,1.677395040825705,-0.2508043127097169,0.3358915853838971,-0.6511080392798487,-0.2338543599933946,-0.0035798044193269796,0.5529560062859824,1.229391717228267,0.808111786333705,0.7232823303545625,-0.7718934002488131,0.37553491425859725,0.2951127160202168,-1.3739949116926922,-0.9238041813453078,-0.6669509444490989,0.9471954705042641,-0.3504813790828492,0.18709466618854592
4,0.93323124,0.9471683502197266,0.23635644356623947,-0.7219157758463376,0.565133203444954,0.641802453657339,-0.7241803517451451,-0.3853645504086843,0.46611259206131084,-1.2186510911455317,-0.39001115060325675,0.556561829694246,0.4135876306127175,0.4847975817392405,0.1172951324314056,0.604888797449046,-0.268846900240247,1.2585792551559136,1.0801322080550455,-0.02709278202605368,0.18578370916140272,0.004672076692900291,-0.08477269219994159,-0.27854165442931383,0.6379407357002563,0.17920591413835013
4,0.930092407,0.9318764805793762,0.6209292822569324,0.19625971400397096,-0.27925104298943665,0.044449557438889085,0.07197713802791676,0.7255589636806111,0.004766506427058414,0.32311060840651645,-0.40765594473043704,-0.06504208611328677,0.38051043605186685,0.5061632700324551,1.045832586256149,0.3158341711292493,0.30290928284009144,-0.18039923522972726,-0.02696134930884183,0.8581247767482506,-0.9531748732217928,-0.7248449831942632,-0.19566378786644772,0.5033940976834856,-0.3257708262132715,0.14133120705147256
4,0.982626987,0.9691740274429321,-0.03849925626274378,-0.307400327901802,0.8422597551385,-0.3479261984946666,0.17720474633088115,0.8957901353490743,-0.33203585776246536,-0.18728379153925426,-0.6644042639202434,-0.33366583371906217,-1.2610898019475922,-0.1371334891269793,0.3505134719328117,0.22504736062906291,-1.144309624162705,0.1534215500328878,0.09060399936499364,-0.42619742110370934,-0.29907416125072067,-0.22081501454495014,-0.777842040115605,1.1056959607973993,0.9427042210917137,0.5424499560451392
4,0.964140636,0.948229968547821,1.3482272906313746,-0.616920352952361,0.7009121358013226,0.18229803582328657,-0.572533955544467,-0.44163728111162887,-0.27879685394183973,-0.4671455958933677,-0.6595683048649645,-0.435943215512275,0.1428981509222441,0.34599247914015063,0.2577474325706143,0.1743243418450551,-0.3536998414319243,0.6129150779499557,0.11890923108970172,0.6306925772437267,-0.024626310074047086,-0.16112725509963688,-0.6115053966158459,-0.1834413602534329,-0.43284988864810797,0.7224179057204516
4,0.923676012,0.9173782467842102,0.3305222663075307,1.6787464187273033,-1.0948086441942935,-1.606573055520125,1.991909201419878,1.0916176394156272,-0.2726085491234465,0.4262265649915587,-0.6611274531915386,-0.8110070089199272,-0.10697001682197628,0.5190597018388877,1.1599704261900776,0.5523637736354158,-0.24260577688663768,-1.1649183315931144,-1.0396305293163544,1.263913379992633,-0.7793579008098994,-0.8641164218999944,-0.777842040115605,2.130665798026339,-0.8776398403005053,-0.3966198011637703
4,0.901744422,0.897365927696228,-0.22249684268667128,0.6374921288507536,-0.5658095075024934,-0.5757612346273765,0.4575854764326795,0.05553022809042918,-0.16669151381193037,0.41036955803966135,-0.64857548124342,-0.13326302960230024,0.008036891671141813,0.09619747666417762,0.7243458612184706,0.5617466954065609,0.5660846656144718,-0.5984530024405827,-0.47379418276088286,1.1787132904774704,-1.314531210604413,-0.8243245822697856,0.5528511078824688,0.7252947840938749,-0.7376133740395654,0.023185629998505243
4,0.983587339,0.96649569272995,-1.0152413168860277,-0.07000716854827709,0.42914540838285037,-0.47019371731008375,0.21588548025599774,0.3616004067408057,-0.2995312464285621,1.0648310303035948,-0.6589357182145792,-0.8023917626510777,-1.3397337522515056,-0.3896129280569667,0.6991716767454068,0.370296347166973,-0.1323341894464245,-0.293015635983305,-0.3366028422193803,-0.5648278570997776,-0.3356672080742773,-0.2539748809034576,-1.0273470053652438,1.781964719381442,0.7203092452655151,0.4688036301406052
4,0.955843888,0.9570196270942688,0.19408455921825232,-0.4777745334715022,0.9839686746976499,-0.44592317652543106,-0.17016686947194093,-0.0466131505499572,-0.2666783270152151,-0.3839483430389867,-0.5955151785525054,-0.5875278106251062,-1.0457795682024151,0.032264967671804555,0.22051947180332013,0.24454243863121003,-0.8146710284906203,0.16428641420710405,-0.15498825481931913,-0.30776871754169294,-0.38140851660372294,-0.45293407905450217,0.5528511078824688,1.1479627582089018,0.6379407357002563,0.5668571625991272
4,0.939589238,0.94755619764328,0.3103401110619669,-0.2802587208526181,0.07550175224545974,0.4956567643462586,-0.35623695374033254,-0.1577623445350326,-0.18361526662834035,-0.9956432373907984,-0.6606822580747685,-0.056948519354206494,0.3863284312191568,0.26557403780525524,0.23424385262793285,0.45820056183936797,0.15326830767864702,0.09824822530480272,0.6658519182839484,0.30118812781747933,-0.4545946102508356,-0.5325177583149201,-0.30655488353295396,0.15469301903858845,-0.3504813790828492,0.2087937224048305
4,0.962802708,0.9681892395019531,-0.13376571856098188,-0.06770808132765205,0.6310178424098641,-0.6212647400762105,0.35210957162085416,1.0387929810036698,-0.2319709808021511,0.25995702351423094,-0.665673436772877,-0.5362608376177334,-1.0827429271294349,0.15703825444818648,0.514888076483354,0.1086068541218071,-0.7626053288692834,-0.0396528099707484,-0.17343115718844054,-0.22185344110290087,0.10802348466134508,-0.0749116025675175,-0.8610103618654846,1.0528624640330209,0.37436150509142796,0.6996326096056228
4,0.891958956,0.9364246726036072,0.7615056151415399,-0.06739697433410545,0.09097333502312835,0.14469843587738487,0.11976697852870388,0.036313301300188276,-0.22683963002782873,-0.011853787296833325,-0.018780548681673077,0.14811706486860066,-0.14441686820257724,0.43394977570987825,0.024284409143582125,0.2909032586433175,-0.7039384105359707,0.7902903472055428,0.6691364725409968,-0.15353746241847288,0.12174587722017863,-0.1147034421977264,-0.3897232052828335,0.11242622162708593,-0.23516546569148689,-0.12668829506290272
4,0.938678713,0.9563621878623962,-0.6994936719730396,-0.48452566381418627,1.0898389235068144,-0.35801259928973916,0.11730971923041932,0.19120321290788542,-0.2656657176049429,0.8656737125222779,-0.6613493995898468,-0.679312796554429,-0.511483571548015,-1.607322978657297,0.2829836058767481,0.4436415456921836,-0.878518185953428,0.6721632851893975,-0.24531041400143666,-0.05939753635793571,0.2360991485437926,0.08425575595331808,-0.9996242314486173,1.285329849796285,1.0250727306569725,-0.3344294882647356
4,0.931219274,0.9187762141227722,0.45139060800945147,-0.3494281815889938,-0.13446424681801825,0.7971784532027585,-0.6033891269211371,-0.05676090893580498,-0.11605983242523697,-0.3886135253480298,-0.43970539701610467,1.1923848460379542,0.7697397107331705,0.545013569242738,0.7561998916268565,1.0154764165029402,1.6746619055628758,0.26966690830494827,0.7123895891547943,1.4141017146915285,-0.8479698636040678,-0.572309597945129,0.8023560731321076,-0.5215757395454543,-0.2681128695175904,-0.4697720783609282
4,0.852912352,0.9056499004364014,0.7208294485358198,0.3570379717032946,-0.16550723796885022,-0.5511041315131958,0.4860242811374656,0.7158591335814212,-0.16920781971989785,0.47178117239200074,-0.6619452177468281,-0.13470804864849062,0.0423988946481099,0.5526289151850794,0.5882326954474745,0.6288218525249091,1.459789873831905,-0.15274845788778738,-0.2876574134471018,0.5436594765129886,0.025689129308343134,-0.40651026615259184,-0.19566378786644772,0.49282739833060984,-0.5481658020394703,-0.10858523440349345
4,0.881240545,0.9077836871147156,0.581720626030203,1.0487560878087556,-0.7364854360102583,-0.8676084082544312,1.2642341073044967,0.8921791980287989,-0.13013795075686635,0.282180168892547,-0.6610275536505538,-0.28495630054715915,-0.5380397029605731,0.5775856086287594,0.5037651807618242,0.19642580448347194,0.8784723572980977,-0.5309906266311406,-1.1841503623746625,0.24307689211404998,-0.9531748732217928,-0.7381089297376662,-0.36200043136620697,1.3064632485020369,-0.9847189027353417,-0.1885484462450795
4,0.873939567,0.929772138595581,-0.2772396123553835,-0.037320767613430866,0.053872647128960324,-0.09666254391398589,-0.04601860322210759,0.2570015628660834,-0.012890225741877247,-1.0146539809939763,-0.6623173178271806,-0.1388081898691862,0.35721676013939363,0.5701545058998427,0.6178119164440073,0.6092696383644426,1.0976171009653768,0.4520122607337931,-0.05683037699238352,0.6126740953798822,-0.7244683305745648,-0.7911647159112781,-0.0016043704500620234,0.49282739833060984,-0.8035081816917725,0.351213316145427
4,0.970188527,0.9124227166175842,0.30410747907544183,-0.3944716545830805,0.16649384307640816,0.4129389424642922,-0.48793207187010174,-0.09194136560686891,0.0743111041761382,-0.9877825725640254,-0.5673479519312542,-0.01622245426105506,0.21332155866428357,0.5091692549767419,0.2830174504585749,0.42333024033267697,0.9440593245275108,0.4042337006946556,0.23197512106215892,1.0422991985339372,-0.5415030964567825,-0.5524136781300245,-0.5283370748659663,1.12682935950315,-0.3751919319524267,-0.8195617359274623
4,0.951502688,0.9488440155982971,0.6441009446966915,0.3293869453411862,-0.5092794064979334,-0.06887914676642516,0.07603595457093205,-0.14947465794096437,-0.12908331333136022,0.3080253043004725,-0.5735694178280405,1.2319931204172958,0.7448301418762628,0.5053515087966527,0.7105279170577017,0.6303997167153143,0.6714332606264457,-0.03405085329768062,0.09146633508986035,1.0217858358079694,-0.6467081060745072,-0.5192538117715171,1.6340392906309038,-0.07777436672467622,-0.4575604415176855,0.5939384206608384
4,0.951293566,0.9188949465751648,0.49048512378751646,-0.19533678902672405,-0.18749865023403542,0.5701841565012257,-0.48809226581879855,-0.0012007150857210682,-0.06060226932136973,-0.35282989992551506,-0.6249581436914015,1.1888351256861531,0.6025389393971612,0.5602180292314046,0.48165398397628645,0.8093259994355614,1.7533241601932885,-0.3147655478328626,0.7080270640457083,0.9503829706331186,-0.7610613773981212,-0.6452613039338453,1.301366003631385,0.29206011062597226,-0.8529292874309277,-0.7893240546600572
4,0.901299505,0.8979623317718506,0.6168572457270923,2.1100801150605837,-1.9246806362989632,-1.2005454803954434,2.1318373910481223,1.0244763325957638,-0.26335939725779955,0.1696246889258494,-0.6630358684566227,-0.11150923890547927,0.4064969290571469,0.5157774442279144,1.2823602712773077,0.17344580558297057,0.3998342669363015,-1.0216578127029117,-1.64640118310031,1.1713003504361441,-1.4700516596045279,-1.0033878606057256,-0.5006143009493397,0.7464281827996259,-1.2071138785615405,-0.3219769062886439
4,0.942454852,0.9512020945549011,0.46105441579985484,0.14726270930805974,-0.11647770840834325,-0.03435017502590873,0.17897422611024197,0.645551092183122,-0.2880481777564934,0.272344840171134,-0.6648730243451398,-0.17616261427851346,0.1743411059722727,0.5179067617542483,0.6709994220004252,0.5251968597541082,-0.041318324928028165,0.13491765594351895,-0.10829073905436017,1.3585800439802143,-0.37683438575077827,-0.5855735444885319,-0.25110933569970084,0.5139607970363615,-0.8776398403005053,0.2659989826129918
4,0.924627758,0.9091510772705078,-0.18805916645993298,-1.0747073645112841,0.9581349396464486,0.7460855886948848,-0.8469479643219694,-0.26919595817663067,-0.24223115500061376,-1.381141644444652,-0.6337590163494872,-0.4581555745770191,0.4758326345686513,0.47142774932605114,0.7528176039933083,0.8395318028116148,0.799747657437995,1.313745995361406,1.1137347629200804,0.2720860871641668,-0.0017556558093242873,0.23015916793075097,-0.6669509444490989,0.28149341127309646,0.5638090770915232,0.036594581940829006
4,0.947458231,0.9677531719207764,0.6227108566533429,-0.44346893949245275,0.09601255103583847,0.6427683439581524,-0.6300620833992732,-0.320035918072069,-0.22639288233370436,-0.9124571205847704,-0.4890152531247611,0.7764343348551347,0.4201542254171004,0.5065238513695288,0.11051370851523264,0.5940209851254827,0.6923509611489587,0.45206054178076294,0.9434295328827632,0.7657323704072774,-0.09323827286821548,-0.16112725509963688,0.3033461426328299,-0.4053420466638222,0.09430857256954824,0.5848658913394337
4,0.985312631,0.9502532482147217,0.6466763549756613,0.7947990671855789,-0.5113826456468615,-0.8558714386638342,0.7703637607886747,0.7363103704283595,-0.3438203982606783,1.1831830589407428,-0.6649525538378508,-0.16429823072456698,-0.190185272299888,0.5274943689502686,0.594646638051971,0.37967758165636567,0.31935905954420496,0.05479796310630695,-0.4656074891488743,0.2851699631076436,-0.4180015634272793,-0.7314769564659647,-0.4174459791994601,0.5879276925064911,-0.8611661383874536,0.3679793592281519
4,0.916013183,0.921072244644165,0.6436805152994405,0.16030568845754278,-0.27475965804139063,-0.008668425309074811,0.1090688004497387,-0.016983279446683288,-0.27687967167933486,-0.07898663191795081,-0.6476061591990245,0.09032907393413424,0.18404417443649448,0.42771838009942453,-0.23148389676922007,0.3944059138680697,0.6608370372581241,-0.2592431920022251,-0.3966016274443824,-0.2534567974621226,0.09887522295545582,-0.22081501454495014,0.469682786132589,-0.28910835378218963,-0.4081393357785303,-0.09818929432868871
4,0.888514585,0.8973937630653381,0.23614302876306545,0.20048099550424955,-0.3947404720090458,0.09503715611544479,0.001999393142391366,0.20843739973328,-0.14470257264413713,0.35847207988589735,-0.4343389321137167,1.1341167217047994,0.7750797701374333,0.29166249279719275,0.3710720771166538,0.8800869132073644,0.8052203480761756,-0.1740902438296377,0.21550579930037825,0.93307691790271,-0.2853517686918871,-0.28713474726196503,-0.36200043136620697,-0.8068766220730974,-0.08690214847402102,-0.7515059990585755
4,0.975774749,0.9408915042877197,-0.1863832733998378,-0.38436658220768954,0.13399292926453935,0.5447234982174396,-0.5160447238610457,0.3742665824009725,-0.2759939149214175,0.3728189840075581,-0.555710442718923,-0.07903208129624344,-0.08521392699551623,0.41693087142495366,-0.23654782213914702,0.6218602264663127,0.3565100700042676,0.5972206066487373,0.46474956808870677,-0.2555977619160226,0.5379917848381339,0.4423823126251985,-0.5837826226992192,0.01732592745120467,0.0037032120477636108,0.23518283145818225
4,0.931083999,0.8900029063224792,0.33331339411041233,-0.11055167726027018,-0.3083010930908189,0.5520153113979472,-0.4299031340107023,-0.022502185351654727,-0.021395849922702107,0.5493839379475626,-0.45303774098831034,0.30162910169521356,0.35980392572059067,0.3696493131051082,-0.11551943114023043,0.7365126913038037,0.7224150896811647,-0.18297805719484095,0.485716188305249,-0.29627149022313254,-0.18472088992710667,-0.4330381592393978,0.6082966557157218,-0.5110090401925789,-0.05395474464791762,-0.4078466405939639
4,0.93973384,0.8630657196044922,2.6572843810396747,0.6118961617315112,-0.9644657572019664,0.29072739319585145,0.32463485476134857,0.47992360721778154,-0.1376678091002154,-0.49180781846428645,-0.6617952521927212,-0.20619017206575732,0.1321901473165738,0.4257879531571632,-0.10806008259110093,0.017521494336095865,0.051290240240086625,-0.92261005681251,-0.48036737136982527,-0.15193150926219828,-0.02920044092699171,-0.3866143463374873,-0.4728915270327131,-0.1834413602534329,-0.34224452812632333,-0.5972656084262848
4,0.910553768,0.9487411975860596,0.663399654359571,0.35340224001025433,-1.0012940597660869,0.5828580032373337,-0.18249461233805467,-0.1733497564083734,-0.049591187384989556,-0.20071687289991563,-0.4669247967424669,1.6379030055934338,0.8100683131542105,0.544781687726597,0.25660725888135244,0.9389877702016005,1.7814426788310718,-0.23415992517263812,0.4372991774465615,0.7869903364856102,-0.4317239559861128,-0.545781704858323,1.3290887775480116,-1.208411197482373,-0.622297460648203,-0.33696192741332165
4,0.913574441,0.8860738277435303,1.177234333103715,1.108734439070545,-1.7664898508270037,0.15820018059301522,0.4302321290271434,0.29538042661733527,0.0410294585126327,0.0838242125287205,-0.5855546856796731,3.5836621926866536,1.111899704426851,0.6081903496427971,0.8522290716598941,1.024234018755787,2.6517977421317145,-0.8326524002612391,0.1218619776990937,1.6382319200705013,-1.0675281445454068,-0.8110606357263824,1.7449303862974095,-1.7473128644790323,-0.8858766912570313,-2.6797354681409584
4,0.813625027,0.898505687713623,0.25736112388563376,0.04012198092387637,-0.7996559436453395,0.8391199903965935,-0.610374587677259,-0.021030317657249477,-0.05569968018382385,-0.041476575443763014,-0.6019939949626729,1.9627226489764902,0.8129975181594811,0.552965389181848,0.45249448425224575,1.0443500373783503,1.9830768452563998,-0.4946233339849926,0.6758305626183246,1.091605729411496,-0.5277807038979486,-0.5524136781300245,1.8003759341306629,-1.2718113935996271,-0.5152183982133668,-0.1445199061395698
4,0.527799307,0.6614279747009277,0.07437629435907783,-0.13615798016972597,-0.47329767057502403,0.7369610232858053,-0.6568000223147898,-0.29757770910656817,-0.10640223790252368,0.07626254755254014,-0.4996584921841265,0.871733430204922,0.9398627169532956,0.30855516697341995,0.6666994681054992,0.8101973242939103,1.0589962761051457,0.03341449465964743,1.217256233709341,-0.42435154020056176,-0.6558563677803965,-0.4860939454130096,-0.029327144366688585,-1.5042787793628918,-0.31753397525674565,-0.9555573717694326
4,0.930985762,0.9139811992645264,0.043807263466907664,-0.12215442636176396,-0.3802466943183352,0.658529835155193,-0.511118642939808,-0.035419364446912766,-0.23266193690353365,-0.5654001585016886,-0.597512218664968,0.4180285537446786,0.652011518159003,0.2949238433055632,0.057687048965048955,0.6970250310518232,0.6252299952327237,-0.1217421139008851,0.7159973145248577,-0.8069480471772572,0.15376479319079067,-0.41977421269599474,0.22017782088295035,-0.8385767201317245,-0.6634817154308325,-0.20090126665624225
4,0.907302105,0.9260865449905396,0.4954850010012714,0.6776990299650316,-1.1866754023804553,0.22525748984656113,0.13173494519540063,-0.0967540381877176,-0.24108104725943452,-0.32113795124540934,-0.612237168152813,1.321654707187131,0.6569857189765189,0.48569483120947926,0.21638773194949767,0.7835740772631707,1.589880647296245,-0.6024082933850824,-0.06370931228310922,0.32066915774751364,-0.3310930772213327,-0.45956605232620373,2.5488908298795794,-1.1555777007179946,-0.48227099438726323,-0.07423850511143527
4,0.916736552,0.9349180459976196,0.39612134833551516,0.2501640619915877,-0.7279861913892957,0.2925681966416228,-0.2284393587555051,-0.2056327730900595,-0.21358241028044211,0.17153049550641605,-0.5235725895963632,0.6242023636273633,0.46513544246722394,0.5227855727132836,0.14337937920634522,0.6639407459410773,0.3965508046127989,0.108414130021723,0.24994536013616836,-0.2093413469929683,0.45108329863218705,0.0444639163231093,0.4419600122159626,-0.6272427330742111,-0.33400767716979735,0.08634441508640023
4,0.876307884,0.9188001155853271,0.8647958942954341,0.4614838405440358,-0.740586695128329,0.19278981620370975,0.2250995399875318,-0.2700483076907603,-0.05414990127080037,-0.30376427139792583,-0.6523722133387801,0.7740450045978943,0.4765486800203942,0.4525576767606551,0.1920694018462201,0.38223662791125523,1.065256903075978,-0.7409254091199157,-0.31597710914142324,-0.2015864409675924,-0.5323548347508933,-0.5789415712168304,0.4974055600492157,-0.28910835378218963,-0.25987601856106457,0.0594179673482367
4,0.725984053,0.8611677885055542,-0.103280486385445,0.32199961077065997,-0.5837927850545955,0.15760868521307406,0.13513071731571982,-0.026347911662323746,0.1361657787055469,0.5462609459512555,-0.6428977040335553,0.22950898875400957,0.40325473380713706,0.45210510283168726,0.15304601288095995,0.40493736753612875,1.1263743440413974,-0.6268344748629113,-0.007926770861698573,-0.375341931400551,-0.46374287195672487,-0.598837491031935,0.16473227304969723,-0.828010020778849,-0.6387711625612549,-0.2346634095321632
4,0.947447838,0.9145755767822266,-0.053146388768444276,-0.4021850408650003,-0.036335949831256396,0.7740315474307904,-0.6140010887550742,-0.19285786469212762,-0.2566634599821576,-0.1579896396495886,-0.6376399724508508,-0.29579556169778337,0.6326699300509246,0.3804407424896377,-0.020166316346602,0.4506998849075806,0.09691100628482827,0.4890870530892185,1.1929705309044711,-0.6635025095025596,0.6614933178676365,0.3362707402779746,-0.36200043136620697,-1.081610805247865,-0.49050784534378905,-0.2799867402699878
4,0.96828927,0.923967182636261,0.8858601812183237,0.2735022179165838,-0.5708819917211556,0.15290008988568088,5.884691535216367e-4,-0.040744632429815894,0.2017078350770459,0.44334282831181476,-0.6462853259640264,0.639980004906144,0.46112166396948345,0.4416342233292304,-0.043582648054814294,0.5892761004409406,1.1616894792743306,-0.2677849697787032,0.10286267103750052,-0.08649650206704612,0.07600456869073303,-0.313662640348771,1.079583812298373,-0.9442437136604811,-0.4081393357785303,-0.3515221278149462
4,0.92715703,0.9031917452812195,0.48517290282418307,0.0011236054342698368,-0.6754595564075274,0.9396717406001099,-0.444863715373769,-0.1945506432301562,-0.07119575646460462,0.2717794802295183,-0.5072634167621471,0.64531473707615306,0.6440164980987627,0.5106667484017011,0.01980514466455002,0.8866334577699964,1.3886351442506233,-0.27929100008805907,0.5949126236156891,0.27670630500242366,0.03941152186717668,-0.22744698781665174,1.2459204557981323,-0.8808435175432273,-0.5646395039525219,-1.2506998355505317
4,0.936597682,0.9399594068527222,-0.17348511147402557,0.2761387346826211,-0.5391964204990061,0.0648054989104518,-0.061676261140571696,0.2711833379583008,-0.20665888269915422,0.6853648058270468,-0.6391020665963605,0.16356019173120362,0.04730428263456223,0.34784236397450996,-0.18949350584175106,0.6066313832278362,0.13689315536715774,-0.07082625549537484,0.29313909389657,-0.40553881476086073,0.33673002730857304,-0.1544952818279353,-0.3342776574495804,-0.4159087460166976,-0.5316921001264184,0.23058279299052117
4,0.837179697,0.8438512086868286,0.09912981758044927,0.15399678165638706,-0.8989815347648006,0.8510586533684724,-0.47359944710432966,0.49755605675350545,-0.12618552809116285,0.16016192188314377,-0.3396054770884221,1.1022345650924612,0.9060101225586525,0.41262446402819347,0.39357121105626663,0.7816476564226192,1.8395618783782455,-0.2833489726668347,0.9149935466946718,0.44199905659356054,-0.701597676309842,-0.4860939454130096,-0.05704991828331502,-1.3457782890697567,-0.622297460648203,-2.451294829603445
4,0.939740055,0.9114338159561157,0.32365830956796965,0.6078283467215108,-0.944694035626211,0.1530142509237609,0.263516016275711,-0.23950391917014924,-0.3133066787260993,-0.47706254894929095,-0.6496837209536744,0.4545986563843417,0.5035988728111576,0.5236333106526573,-0.031185893827626276,0.4603208361892707,0.5218247666913408,-1.0241060891473281,-0.07889260729260357,-0.07330415304260676,-0.09323827286821548,-0.5192538117715171,0.33106891654945636,-0.5215757395454543,-0.47403414343073735,-0.7139657712382472
4,0.924055746,0.8998505473136902,-0.1447393409962807,-0.8668139485764039,0.4100411277124821,1.0408229521463166,-0.8973245300690955,-0.36430738619044933,-0.25833579513162785,-0.6655027288474745,-0.447541204339926,-0.3271741800794058,0.8024547511676452,0.4008737307214111,0.12939860414735008,0.48344956880652645,0.13395367067163969,0.6201819678454328,1.4366174613085054,-0.712110400197652,0.8490326828383639,0.21026324811564645,-0.0016043704500620234,-0.9019769162489786,-0.47403414343073735,-0.008838061305192269
4,0.792647614,0.8424021005630493,-0.7843209597731587,-0.5736935359248052,0.24596038270542145,0.8021645331182296,-0.727779019049875,-0.644943282005583,-0.2917087660341835,-0.5825363111848014,-0.5778062425056314,-0.30693988558474883,0.7439550558333087,0.551912601457468,0.8491139450491578,0.5591863449315374,-0.15101606219053373,0.5634254533081497,1.7002450702539775,-0.8037205133869424,0.40076785924979713,-0.08154357583921897,-0.6669509444490989,-0.5744092363098326,-0.27634972047411627,-1.569616216200567
4,0.842496994,0.8586020469665527,0.16849102379088218,0.29773323024731846,-0.7474199701796254,0.34472822574530615,-0.08475576741753989,0.04336239283442505,-0.24042542483166315,-0.004360554806210867,-0.6062628816294734,0.32514358543615707,0.47441593615081246,0.3530845979476543,0.032035675442267576,0.6533387602744927,1.2179009362151592,-0.46860590378440103,0.24316676668696602,0.14251499195521075,-0.07036761860349268,-0.5126218384998156,1.6894848384641568,-1.0182106091306107,-0.48227099438726323,-0.425673476198999
4,0.931249815,0.9072099924087524,0.16759915295938688,0.5896887780339217,-1.0518100485703716,0.26400627716258546,0.1684896082770028,-0.13371183484992397,-0.23770890483075757,0.057707138846652635,-0.6139956700948372,0.6694326175164327,0.4639564763920222,0.4572125816650329,0.05286909285984021,0.32846783301069915,1.057052866403109,-0.683678793938886,0.08941890765951038,-0.19516906318627986,-0.1206830579858829,-0.46619802559790524,1.135029360131626,-0.5955426350155839,-0.19398121090885748,-0.2500337883215075
4,0.816673537,0.859747588634491,-0.4415943339571799,0.03428696762296877,-0.5436639818407304,0.592195414375545,-0.32264431335346955,-0.341504990412744,-0.16769739902561057,-0.20271447753440325,-0.2976161803835015,0.5916526938670038,0.7637495368623136,0.3581739376326731,0.23702275675039688,0.9201146348909574,0.7390194522366259,0.4105678829173453,1.0885374026546237,0.008970840340176551,-0.5415030964567825,-0.49272591868471116,-0.3342776574495804,-0.9759438117191083,-0.3916656338654786,-0.8868829333000722
4,0.890352941,0.7971250414848328,0.21564562427617245,-0.3155843502025019,-0.028467733594600926,0.7031857888093842,-0.5374498891936491,-0.42183728149365013,-0.235801229787901,0.8571976355664168,-0.5204014533653227,-0.24350581072796,0.7550693749161114,0.2747265534179268,-0.002640833441025431,0.7548417387921738,-0.08331240382485984,-0.2096870234927992,1.2914122513360908,-0.5365007554909632,0.5745848316616903,0.23679114120245232,-0.6115053966158459,-0.8597101188374757,-0.3257708262132715,-1.2822010215693158
4,0.945879057,0.9068842530250549,-0.8327139363788941,-0.06839882210007488,-0.6563612683496092,0.9050805970513163,-0.6195128555633576,-0.2128615465229968,0.09308865874354909,-0.356407698554089,-0.5663405295017528,0.6962538288092819,0.6674659036601287,0.4945513131065607,0.12114653314366845,0.8339833482119704,1.29024746683801,-0.08606010696248707,0.5271421636568778,0.5094904560099986,0.025689129308343134,-0.5192538117715171,1.0518610383817464,-0.9759438117191083,-0.6058237587351514,-0.8284634603662209
4,0.936216676,0.8833970427513123,0.4433941528942957,0.20289406830624673,-0.7182440682242408,0.49933089815234727,-0.20372320715692957,-0.1512670952504392,0.08787619233561535,-0.008846128854217475,-0.5939778426985831,0.7219701677209707,0.7352250119697874,0.5133870208158466,0.12300589753631656,0.827291020129452,1.142361381724333,-0.41968130735412795,0.48274705676505675,0.5528475141758181,-0.24418459101538614,-0.5059898652281141,1.0518610383817464,-1.113310903306492,-0.5234552491698926,-1.3132809521144135
4,0.929390368,0.8971677422523499,-0.2305337782778018,-0.43356651982617395,-0.14707445621175494,0.9932979144727341,-0.7315690785624831,-0.2770119659120436,-0.19714707237291207,-0.29019884671922086,-0.5797183127419188,0.10839808682989896,0.6761980390990623,0.4247537167583198,0.02406370933375637,0.7734778421367825,0.7440524554369923,0.41524872376169586,1.102197320909999,-0.14360574066667567,0.33215589645562876,-0.22744698781665174,0.6360194296323484,-0.9019769162489786,-0.34224452812632333,-0.254026736780679
4,0.893928751,0.9168864488601685,0.14964231994128963,0.38749640125845625,-0.7210948945170256,0.18820961940768774,0.0988280506478845,0.154261786443572,-0.31112088797116616,0.22717616177099953,-0.637860716122613,0.744271186668743,0.8851969580533233,0.07737335012921336,0.11584434501415512,0.2512920052858623,0.576251802471929,-0.2582674559463408,0.7160659237793056,-0.1725524258057297,0.06228217613189948,-0.6518932772055468,0.4974055600492157,-1.145011001365119,-0.7870344797787207,-0.03792527912233539
4,0.918971408,0.8958677053451538,-0.6509484652085955,-0.7404280605430175,-0.18281124788838915,1.5658198178035028,-1.2502413183882919,-0.6642738298565709,-0.19734464461868526,-1.1246312247229708,0.030245689144651308,-0.24831353127485925,0.05245542857569527,0.3578151792582184,-0.7021791660776462,0.29265225914820825,0.014948928822533212,1.6012612983900916,1.0409223441204205,-0.4586048396911417,0.8627550753971974,1.0856837199802427,0.1092867252164441,-0.6378094324270869,1.18980974978749,-0.4359591225043131
4,0.95432989,0.9180147647857666,-0.45032581753094286,0.8734271040626402,-0.7204953162765506,-0.641786277661727,0.7459486365182733,0.6159636342861343,-0.30355206254093764,0.4932679089387159,-0.6565945500014283,0.9057732389420201,0.6793752143851736,0.4754088349679846,0.5246778166889315,0.6872617392782353,0.32422693245536366,-1.0787414387520953,-0.203618289811582,1.1426202516825048,-1.707906463957645,-1.0564436467793374,-0.11249546611656815,-1.0604774065421136,-1.0011926046483937,-0.06705477294691131
4,0.927011096,0.9322397112846375,-1.29041118232305,1.124024943245193,-0.5995554955180924,-1.1807629470392362,1.2406150754169505,1.0362771050128052,-0.2587806827658915,1.6528232918061923,-0.6487869780063311,0.023705654524061794,0.49646032053830547,0.484876213757626,0.8489235992483566,0.4053261892245335,0.4995706605521358,-1.1321106860702388,-7.82226516163381e-4,0.8578131464563348,-1.4426068744868605,-1.0299157536925316,-0.30655488353295396,-0.5427091382512056,-1.1247453689962816,0.251165321042974
4,0.940751072,0.9111097455024719,-0.5738741333513251,0.2143852340730073,-0.2507812507222278,-0.1778563279264878,0.011537041044138729,1.0600859770425992,-0.2712962463221347,-0.2083300603396477,-0.6033397105816726,0.5107736430152251,0.7190512808559193,0.3248425438352925,0.680072969956932,0.8831403573461504,0.6071659932301967,-0.7681718364904558,0.5947158319380056,1.341047852453902,-1.1041211913689633,-0.9768599675189197,0.4142372382993362,-0.6589428311328381,-0.9188240950831348,-0.7918842635032738
4,0.953547903,0.9249227643013,0.4651874812018817,0.08905154466161573,-0.1913347403301676,-0.014677801076993475,-0.032442352350288736,0.9203020969948217,-0.3103950836570275,-0.8490944720386662,-0.6182276821833105,1.0510313923616093,0.8388980118369711,0.5123952520738989,0.633442083665631,0.8997020547162022,0.8197241621172683,-0.48248085045109723,0.11867805242608802,1.9637522819298945,-1.159010761604298,-1.0232837804208301,0.27562336871620347,-1.0921775046007405,-1.1659296237789112,0.09223322578377009
4,0.936338699,0.958002507686615,-0.3264915918404757,-0.5780865853569418,0.9322194151083236,-0.08333444652951243,-0.21429491913496215,-0.0805430111089615,-0.2993575028946662,0.23467137802608234,-0.630669418943748,0.6574827618422676,0.5734719849059564,0.17594747379554773,-0.23647307290996747,0.5323070956144005,-0.3003452377537926,0.4715560911426355,0.18204157812564706,0.20233881536908094,-0.2579069835742197,-0.7580048495527707,0.6637422035489748,-1.0393440078363623,-0.7046659702134619,0.3113912633111029
4,0.83541063,0.8783849477767944,0.2233622446403611,-0.4271823144144161,-0.19245392538631376,0.917016097615909,-0.9128396385416255,0.11967280611171884,-0.24323003017225253,-0.8320854520594975,-0.6132431250777038,3.003425694338068,1.070308045973981,0.5921767891395188,1.140459613650129,1.0724956742609306,1.9875397720960746,-0.41359194413048145,0.8266238753873518,1.906653155227643,-1.8680010438107044,-1.0431797002359344,0.7469105252988544,-1.5782456748330214,-1.1247453689962816,-0.13970749001909097
4,0.998401682,0.9890115261077881,-0.25607703312065505,-2.5666768108673037,3.5634274072563006,0.09219777794376745,-1.4839323700467557,-0.6650046927735973,-0.14551319127319995,-1.3764689703770887,2.1126737548582715,-0.6252013126279182,-2.334758993225387,-9.833743374808062,-1.2497035473025606,-1.9690885984292734,-1.3954972977467868,3.0788702949285818,-1.9913445280532867,-1.4188805481556972,1.3064457681328199,2.584509679384779,-0.777842040115605,1.781964719381442,4.352760517093427,0.42619152435920477
4,0.932701761,0.9549652934074402,-1.3076096345852064,0.5165646676607709,-0.22407776640693275,-1.028024648269421,0.4240040324741348,0.27914881236768363,-0.3092084027846077,0.77061203728358,-0.4096855072947698,-0.09909751337276243,0.47241342735086067,0.1363170739209403,-0.10557819032314407,0.23104130117972949,-0.42977490787782957,-0.8115759509525323,0.17395657970904513,0.1613120899171456,-0.9623231349276817,-0.7646368228244721,-0.08477269219994159,-0.7117763278972165,-0.5811132058655737,0.34062961172193834
4,0.97563911,0.9582352638244629,-0.9028789343527119,-0.2547866139203104,0.3277029123475225,-0.02258652878480111,-0.25377358800139355,0.06041254920352044,-0.3367100505101978,-0.3436398192245558,-0.22466468948883556,0.2867286753039677,0.43688162673029224,-0.4348147675082313,-0.033674500320945905,0.293463035940469,-0.08855991800117913,-0.3838671239522478,0.33855701356609225,0.3436038602637655,-0.9257300881041254,-0.830956555541487,0.35879169046608306,-1.0393440078363623,-0.7540870759526173,0.3394431523365244
4,0.932029481,0.9276924729347229,-1.5483159181872248,0.4118470151153175,-0.3412670625313556,-0.5143294829398595,0.20854605212505978,0.6931804058406849,-0.3073881235586898,0.262803121519406,-0.5777826359956837,-0.024685007618208493,0.6449047621449447,0.3200258945613709,0.25112729181740584,0.6483100105217457,0.029024586117057757,-1.0280018927388397,0.626996034296351,0.7830393424010835,-1.2779381637808562,-0.9702279942472182,0.19245504696632365,-0.4159087460166976,-0.9847189027353417,-0.1056553353676108
4,0.886502668,0.9226386547088623,-1.4129404426275831,1.2799077258603855,-1.0133787373263192,-1.2534358470806661,1.1488591043214007,1.1543135370034645,-0.28281170954138235,1.0636406589555174,-0.6559681775533982,0.24521866464041828,0.7039005770108171,0.5406212279239867,0.8926779263093484,0.4766226265340332,0.043653150547646506,-1.2739478335246937,-0.32024638638731007,0.7116539432307945,-1.186455546721965,-1.0299157536925316,0.6637422035489748,-0.42647544536957344,-1.0588505613440746,-0.07133104425048364
4,0.944321786,0.9051722884178162,-0.9575221519858859,0.1366841345637083,-0.24121769155841946,0.10325041538586022,0.017726191639920817,0.5530563993053768,-0.3359883118711683,0.4350986301481466,-0.40104731141850775,-0.14811867960045838,0.3738767394113566,0.11772855525219302,0.5021750328286511,0.5468246143626099,-0.3118904080753909,-0.5182928444641653,0.43883452848885357,0.8736465392231759,-1.4105879585162486,-0.9834919407906211,0.5805738817990953,-0.7751765240144707,-1.0753242632571263,-0.36062319548566196
4,0.952575521,0.9403826594352722,-1.0459853206905139,0.6080338745374727,-0.6017914881645338,-0.5434055400415032,0.4292127920903501,0.07535607110207404,-0.08518548106107084,0.47917274157173556,-0.6164588941810271,0.10643163353173239,0.6216940905105236,0.4665391399429037,0.08258960313494654,0.5897014216209692,5.564524707465543e-4,-0.9138034377608687,0.17896037308005916,1.1691455970312747,-1.7033323331047006,-1.0232837804208301,-0.08477269219994159,-0.7963099227202219,-0.8941135422135571,0.18477679617633486
4,0.909458025,0.8955605626106262,0.23008327014936225,0.10198777415854371,-0.8187960354777796,0.8345227027473792,-0.4588667288878945,0.09475921426414641,-0.23854571150827675,0.06958190303470548,-0.5518895995941565,3.4073741748190214,1.1199742636499999,0.49047250125315184,0.8602109283949115,1.0679315386439576,2.2303616644896374,-0.6849188946047068,0.45527274091863534,2.3079474797192914,-1.7856666884577024,-1.049811673507636,1.0518610383817464,-1.7156127664204053,-1.1082716670832298,-0.39943590659821154
4,0.932943055,0.9304251074790955,-0.5681520958242432,0.8801769938769874,-0.9871754718257777,-0.5770041219673783,0.5715339161870276,0.16092039755643817,-0.29032584940226974,0.6932563168982211,-0.63620089981554,0.8837148854404602,0.7609658127864163,0.5118492948738299,-0.16811695951860484,0.6303809947908895,0.417236652585368,-1.0793167059196282,-0.08108769386735114,1.5901296242442986,-1.300808818045579,-1.0166518071491286,0.4142372382993362,-1.1238776026593678,-0.9270609460396606,0.2796632260354094
4,0.996574094,0.9778757095336914,-0.6959127990032637,-1.016096128016754,1.3941714928633382,-0.007088884127907009,-0.6784332449328444,0.19051790780044772,-0.29672780701980034,-0.5684155635999347,0.7155467627573828,-0.7023173934629583,-0.2909101373261877,-3.612460672974908,-0.03970103257440591,-0.23461447249629222,-0.948954753026454,0.9082364727094169,-1.14720558101178,-0.3284107771433779,0.40991612095568575,0.5683898047875267,-0.3342776574495804,1.0317290653272693,1.725205061961672,0.571440061702846
4,0.899835849,0.9077388048171997,-0.8758553416218298,-0.9782264873691929,0.25873200105270566,1.557874705094598,-1.4030891580135505,1.131102378601755,-0.18701572474843564,-0.7266094659390611,-0.6036032798954242,1.4193547954127919,1.0751268815511035,0.4617174875748585,0.5160065270874127,1.1553718424975532,1.6407995544225302,-0.5759636589847414,1.4528198852130143,1.7610335596167181,-1.406013827663304,-0.9967558873340241,1.1073065862149996,-0.954810413013357,-0.8446924364744018,-0.3027800827274319
4,0.937610881,0.8995400667190552,-0.6832921555622636,2.493626295556392,-1.9194349280538208,-2.4788212635703064,2.412774087451695,1.9723996388407323,-0.3482124647258755,0.5268358098372173,-0.6641709272769041,-0.2049301852383972,0.7209282024118117,0.3598403734487236,1.8601151513482654,0.6580816623181013,0.5057441352337467,-2.268503849929263,-1.0970029287754282,1.7486471343288699,-2.375729568487551,-1.076339566594442,-0.777842040115605,-0.5638425369569572,-0.9352977969961864,-0.2991526377460708
4,0.958777541,0.9002739191055298,-0.48670677333135354,2.4954416175900995,-1.4651459098794346,-2.8810095616892175,2.727313965326196,7.878245029077181,-0.37169014473420703,1.3264294530735143,-0.6686218138388259,-0.7089747141074298,0.8678691624711086,0.525975053590353,2.1258188001964307,0.9138484704976996,-0.2829870559699315,-2.39177299649453,-1.9188304814923,0.597508087839976,-2.2019125960756574,-1.0697075933227405,-0.9441786836153643,0.1335596203328372,-1.1082716670832298,-0.4304813458088134
4,0.923120519,0.8949541449546814,-1.0574125587924825,0.2409167784750185,-0.7777574250311052,0.29771814626842097,-0.22357090487484532,-0.20303424048975555,-0.24100853382701795,-1.2684337988072576,-0.6388226345813666,0.5386211397365048,1.2051887967672892,0.6281298913810074,1.9970313474202837,1.0156610284385597,1.909855519985507,-0.8112616673430589,0.33534947471634796,3.03230405574413,-1.7399253799282568,-1.0431797002359344,1.6063165167142768,-0.954810413013357,-0.9188240950831348,-1.3566237050556242
4,0.917138103,0.9135012626647949,-0.09103203711500918,0.21575000789032178,-0.08703465387862894,-0.6962720721621904,0.014896135513128402,2.1528424545590643,-0.23680498847024042,0.14179344326540635,-0.662951237631468,0.13986173536748647,0.9608387720579767,0.06024642190460376,1.7211168552414229,0.9117735818768197,0.6774767942629583,-0.7682384224167726,-0.057451202487775806,1.583242502866618,-1.2504933786631893,-0.9967558873340241,-0.22338656178307428,-0.42647544536957344,-0.7458502249960912,-0.5458649503420803
4,0.788044737,0.7778719067573547,-1.0418171184791585,-0.6468830177629739,-0.5835320026902338,1.5140589313892514,-1.6951273815441061,-0.13451690073745176,-0.1760746209541386,-1.312469786489264,-0.6274327934243332,3.3857663409042873,1.3301094956348942,0.6406747259731557,1.5629489998508486,1.2301533370685522,3.123487256607321,-0.10154349033924275,1.4720138477906939,3.580763257618711,-2.1241523715756,-1.049811673507636,0.8578016209653606,-2.0220470476537993,-1.1659296237789112,-0.8295932682662389
4,0.97798826,0.9611620306968689,-1.4758186162896836,0.8755516124601412,-0.37823382218017854,-1.2328144765332127,0.9873885420013333,-0.6069955744282417,-0.35367445261395736,0.56950369269682,-0.667818757221841,-0.177484318235968,0.22078827157240374,-0.25432218240222765,0.7862708224358579,0.1241472430155519,-0.765778972944698,-0.30885358819098396,-0.11186374689070998,0.4315415161781182,-0.26705524528010893,-0.43967013251109927,-0.5283370748659663,-0.014374170607422042,0.07783487065649654,0.5664074832566144
4,0.930620049,0.8912255167961121,-0.5830704211054438,0.9203947766139499,-0.5644780427161661,-1.138135271368218,0.8747204075256912,-0.06961017695256667,0.5759983302073002,-0.01812147633243922,-0.6612177219945967,0.4257259055826403,0.8848151571337824,0.29858034442020137,1.1024703269845415,0.7601561585858922,0.6077307682627844,-1.2183741380452155,-0.922539151660339,0.9797984801051433,-1.3191053414573575,-1.0299157536925316,0.5528511078824688,-1.0921775046007405,-0.82821873456135,-3.7800278297855225
4,0.731291433,0.8403480648994446,-1.3723565135327098,-0.2612453181667555,-0.5561395124557867,1.1281106177369338,-0.9172671812848183,-0.2721324331391993,-0.17221433850462223,-1.2606619988705672,-0.5860175785264361,0.37973513184698554,1.203666678636145,0.5889896405822718,0.9137042144625127,1.0323094097672019,1.5483681084881957,-0.9456825160559666,0.48381915900276967,1.5988846888466794,-1.8085373427224254,-1.010019833877427,0.7746332992154811,-1.2506779948938755,-0.9517714989092382,-0.421956965400815
4,0.93891537,0.8952991962432861,-1.1207860747755147,-2.1813015457704736,1.2266136084864558,3.1435217327689684,-2.225599722586842,-0.3583113787092574,-0.25117421768329,-1.568443669960579,-0.41069856424615,-0.17204180048882384,1.2944719087362546,0.5528555824919487,-0.10294954520579214,1.1690829910766711,1.403216765671596,-0.35337401289215875,1.8023891328541182,1.2052469091968225,-1.4746257904574727,-0.9834919407906211,2.216217542880061,-1.3774783871283838,-0.96824520082229,-0.3241642031312799
4,0.897683924,0.8906106948852539,-1.0447214385515768,0.757096063060897,-0.758478034677519,-0.619361839419805,0.39552108885017534,2.6715056412539067,-0.20293488389618783,0.4839205955099342,-0.6579722017502445,-0.11012850623763865,0.9272764171738722,0.14463180081488203,1.8093540975694622,0.923374096584406,0.7210711762033714,-1.492379482111885,-0.31425115111513546,2.1290551454184095,-2.270524558869826,-1.0431797002359344,-0.777842040115605,-0.42647544536957344,-0.9764820517788159,-0.2931419543959353
4,0.941088338,0.9156929850578308,-1.5234670623274291,-1.8070978542330318,0.7880136902373344,2.7655893809384082,-1.9901246219359228,-0.18535093395527363,-0.05278811639894841,-1.3381905819789652,-0.46404148633818587,-0.19480324555506148,1.248425067435643,0.6009087667105327,-0.051006020178906056,1.115752028250454,1.3843305557517986,-0.6214866578633457,1.6803858630141384,2.1583465543317066,-1.6896099405458669,-0.9967558873340241,1.2181976818815057,-1.2929447923053783,-0.96824520082229,-0.3487627229289642
4,0.908257805,0.9103880524635315,-0.6760360996631957,1.0078516565834363,-0.7477841606542,-1.1664636336149719,0.6680144390324454,2.224604656124717,-0.33166922047878855,-0.8364083315626344,-0.6640821784634326,-0.065946156802732,0.8782771144900414,-0.5606352859942246,2.025360255191985,0.7655625312743786,0.5605677094342232,-1.3705682722210926,0.07713223847857006,1.9140008275677127,-1.9869284459872634,-1.036547726964233,-0.6669509444490989,-0.04607426866604913,-0.9188240950831348,-0.06177401716497053
4,0.95389049,0.94999098777771,-0.7333454276814678,0.09571625542201746,0.44681776001880424,-0.8239799492343927,0.4234564478392701,-0.28976437244893916,-0.2511137951957786,0.5123821500037219,-0.6642754807003556,-0.09042539686808182,0.021134505091526635,0.07100424041572954,0.991745115623645,0.03734799476101393,-0.6365347962737181,0.5613275281420367,0.2483191117926842,0.29471927128588066,-0.14812784310355032,-0.2672388274468606,-0.5837826226992192,0.08072612356845885,-0.5152183982133668,-1.835414191807485
4,0.914705882,0.9091836810112,0.4420665463453737,2.0430206529185018,-1.2922495261638094,-2.2118404048155975,2.0977849894491376,1.8799007818028493,-0.3362957107027066,0.171416091034218,-0.63318790239591,-0.7377680874524283,0.9476902686671731,0.3776456247257894,2.0177460200148722,0.862735355227906,-1.3061703278801318,-2.0317855077077205,-1.8135484954086305,0.7757578570256685,-2.1378747641344336,-1.036547726964233,-0.9719014575319909,0.29206011062597226,-0.9517714989092382,-0.45999856867951566
4,0.871314496,0.8595479726791382,-1.6185487177412707,0.4399513013428166,-0.6553001820324509,-0.23274947884987968,0.21244823988264872,0.018260733479345155,0.2726996378464515,0.25119189508336687,-0.6224725722000862,-0.47468765692839643,0.6525571551993588,0.3241113381115301,1.3020814466254824,0.9478923905983401,-0.30230071536984243,-1.1071007509145656,-1.1293457793985908,1.8704240654497757,-2.0784110630461545,-1.0166518071491286,-0.5006143009493397,-0.21514145831206002,-0.6470080135177808,-0.26899422603689693
4,0.948707919,0.9469336271286011,-0.6908994237823718,0.2577729957875436,0.06666030404733421,-0.8144169228488363,0.3345118382075043,-0.4889602855228137,-0.254383405338151,0.16252727470454786,-0.6633189714607418,-0.03904307266180047,0.47005845790624745,0.24326223190951116,1.0558655345345664,0.14113507012553309,-0.5133381288030141,0.012715459063836948,-0.11319519224379386,0.5878365176298078,-0.8708405178687906,-0.7381089297376662,-0.4728915270327131,-0.1094744647833033,-0.5399289510829443,-0.3198827311428455
4,0.901091376,0.9050359129905701,-1.062324885209355,-1.7905196874824878,0.8537368456615335,2.5489079927868272,-2.124269279579674,-0.048857492328233124,-0.10498911280590721,-1.3416695267060963,-0.4524370536836206,1.476879978424331,1.3009111535513196,0.6051411899733914,0.5407821729979336,1.2030317246087636,2.00387682309326,-0.3974639902007647,1.8954608597163602,1.9181531403363972,-1.7399253799282568,-1.0166518071491286,1.1627521340482523,-1.5571122761272702,-1.034140008474497,-0.3712692100013458
4,0.73716227,0.7537546753883362,1.0894110363096745,1.632503165103595,-2.5609832001693382,0.5062945456379508,0.929827458327488,1.6613705810110362,-0.09457583009774059,-1.3543314260976058,-0.616384007090771,8.121300878051072,1.2798218062159807,0.630708756852397,2.337951978791787,1.194658608148925,3.6459818953493275,-0.3624046178685182,-0.24567092031948948,7.376619693311565,-2.5221017557817764,-1.0829715398661435,-0.5837826226992192,-2.3390480282400694,-1.1082716670832298,-1.1347681148125677
4,0.909371595,0.9041800498962402,-1.2322435219235246,0.5466029346465685,-0.2816242923334123,-0.6908558169371803,0.502811306431962,4.28594966819626,-0.3514604597117705,0.3887348093909948,-0.6259010899585704,-0.012756451266605748,1.025839422307094,-9.706468649895055e-4,1.920865843459911,0.9883334227544613,0.3838444705106991,-1.1598959834796934,-0.20979336756220537,1.746768430206834,-1.9366130066048728,-1.0033878606057256,-0.8887331357821112,0.02789262680408049,-0.8941135422135571,-0.626115230175342
4,0.913539327,0.9077211022377014,-0.9221019860940269,-0.7538101505186686,-0.3051772451462456,1.437603949421759,-1.625305973984303,-0.2535090316483058,-0.019134714118569672,-0.9505070435954711,-0.573972425224822,2.1268509531834274,1.2357391806351707,0.6128975876488635,0.9961045675987262,1.148605204987609,2.5104994572656305,0.03435919607071463,1.219819303437156,2.8868315422768815,-1.6301462394575876,-0.9635960209755167,0.9409699427152403,-1.5254121780686432,-0.8776398403005053,-1.2002067133288072
4,0.914877029,0.8856562376022339,-0.9937345418557861,1.4131879128820901,-1.1155284944891657,-1.272347596804378,1.3187748209691343,1.294395313834814,0.6536805974236121,0.30407505851218264,-0.6482698271992071,0.06638763403941228,0.9135960929998818,0.2592540643067947,1.741826190436528,0.9048167200410128,-0.019827393878531743,-1.4046502425057563,-0.4402417542983915,0.8592508744107785,-2.2110608577815465,-1.0431797002359344,-0.7223964922823519,-0.5427091382512056,-0.8117450326482983,-0.787327972934989
4,0.899336283,0.8996548652648926,-0.1788825466499703,2.5356783410055996,-1.8914936627609171,-2.1993584605199303,2.408365313053732,5.716307436229146,-0.37169014473420703,-1.142659593019359,-0.6686218138388259,-0.21124993199710027,0.9658811312806428,0.2426668570075386,1.8028165427433003,0.861616770601724,1.1342140070665339,-2.067916771622391,-2.72195108203589,1.6106843538231759,-2.2796728205757146,-1.049811673507636,-0.8055648140322316,0.07015942421558302,-1.1247453689962816,7.986932604910602e-4
4,0.980420248,0.9617671370506287,-1.5981519827867492,-0.06227270787908092,0.4034837342645409,-0.4517345301818599,0.2513285344316221,-0.594752411019171,-0.3387854690321635,0.0701827435457047,-0.6667070393085187,-0.24576022477618623,0.7098951884715687,-0.1429364449570464,0.3951468940235759,0.19830517890689026,-1.119712181536131,0.3335919701589518,-1.341981809814341,-0.18981986947342325,0.23152501769084832,0.19699930157224355,-0.777842040115605,-0.1834413602534329,1.6181259995268356,0.6730657777775009
4,0.923376636,0.9114169478416443,-1.213513679100104,-1.8600238486019327,0.6070665848183646,3.157246159445996,-2.142081138303423,-0.49584126475632473,-0.1461105812660117,-1.555112939024753,-0.4538861267012078,0.1037764625116438,1.3074420578853674,0.45424629977439324,0.117393034855181,1.1917233201302477,1.9092844631356234,-0.41577469701421355,1.8891110880194089,1.2985236469266541,-1.685035809692922,-1.010019833877427,1.7726531602140365,-1.5676789754801457,-0.7211396721265136,-0.694018380912951
4,0.836024026,0.8398747444152832,-0.431785326079017,1.0251317989147992,-1.841225583042673,0.16650151570375624,0.08430616517764608,-0.18390893238360984,-0.09986440793828423,-0.5816009348414115,-0.6355963386681187,3.208294982874217,1.2194996867246908,0.6265667612484354,1.4306688821404716,1.0046227344567777,2.9241972905489346,-0.280722818312018,-0.3314498549383429,4.292548906676146,-2.0509662779284867,-1.049811673507636,0.4419600122159626,-1.683912668361778,-1.0259031575179711,-1.1033649567970922
4,0.901480347,0.8890711069107056,-1.0317544862301622,2.8563809029671527,-1.884975304039038,-2.7932087948504116,3.000869848332602,3.3342765563353844,-0.37169014473420703,0.74479945297536,-0.6640172602906049,-0.6505064542656954,1.0820186009720116,0.2813353860676738,1.767718487878518,0.6828094565222415,0.6323417387004784,-2.2178122718593465,-2.0058349459415936,2.3733889217582296,-2.2979693439874933,-1.0431797002359344,-0.9996242314486173,0.19695981645009136,-0.9847189027353417,-0.005486203558363956
4,0.820239112,0.8957489728927612,-0.3852146210723277,0.9786409533483933,-0.890657488399313,-0.8308559444877243,0.816167156290779,0.22711583581006858,-0.34002904553565766,0.1035762855859598,-0.6643445029772976,0.5432893371414108,0.9932275127124205,0.5105256195947788,1.37499446510967,0.8512508702806609,1.2528269711425724,-0.8843346709268277,-0.9170948850059977,1.3455890136399324,-1.6896099405458669,-1.063075620051039,0.27562336871620347,-0.9653771123662325,-1.0176663065614453,-0.19405067270116677
4,0.954214676,0.9219358563423157,-2.0792167443418847,0.8825670862564058,-0.6303817363706067,-0.8389445271163894,0.923903845377181,-0.753086211064785,-0.2850177829365894,0.4513882362834225,-0.6594342913277915,-0.5991760902842492,0.6715994582723055,-0.267538574308706,0.32763626733724666,-0.5822158195876218,-0.8682403460442905,-0.8054482605734179,-0.18115853295467793,0.4223939261047995,-1.094972929663074,-0.7182130099225617,-0.6669509444490989,-0.0038074712545465962,0.04488746683039285,-0.29068754187461004
4,0.919976332,0.8953320980072021,-0.984195622801717,-1.468713612809145,0.41464994781925313,2.145715157458856,-2.0030895724158513,-0.27028503106422724,-0.0768000726776739,-1.412663292302376,-0.546286339199098,0.57356020154671,1.2939582059555454,0.6168876205522138,0.5283475527916806,1.1825568225153735,1.9674454450106134,-0.2832132913119785,1.7470896864596737,1.8332205564700477,-1.657591024575255,-0.9967558873340241,0.968692716631867,-1.6099457728916484,-1.0588505613440746,-1.2906220588086585
4,0.922444403,0.9106323719024658,-0.46916522245239145,0.3895910581658369,-0.1999467700663556,-0.7716465445481162,0.3195631365307513,1.7462231001461836,-0.3598170212076222,-1.0202254167281175,-0.6663740661727305,-0.23421300412771026,0.8289005487428102,0.3474654362924249,1.5902635493779658,0.9029350048112197,0.18270107610531672,-0.9549293074054408,0.26854241129317913,1.0264924644056375,-2.082985193899099,-1.076339566594442,-0.6115053966158459,-0.5215757395454543,-0.82821873456135,-0.08513447958751164
4,0.910188269,0.8851792216300964,-0.33934863665575254,0.24545942978680016,-0.7030717151630804,0.33585403933734226,-0.2113933027351642,-0.10111092947741872,-0.29305062731940656,-0.7528272516855579,-0.6634261947381785,0.945063646274441,1.12794092130077,0.4339887381849571,1.1918850072793459,0.9375044814917856,1.5116976916364604,-0.4338504078708426,0.17800744722971396,1.9676324927327764,-1.5523860149575301,-0.9503320744321136,0.6914649774656015,-1.0287773084834866,-0.6058237587351514,-0.4997100497203146
4,0.925151719,0.8795324563980103,-1.7308696987103136,1.6496561722532148,-1.7844033963733985,-1.006577417856663,1.0638700907406038,2.6602709699371285,-0.16823380468579976,-1.0813504990232605,-0.6624886737982284,-0.23260449479479062,1.2194338333650214,0.5047063375259074,2.3612443564595695,0.9345320964732585,0.21933911260408617,-1.0465840300232336,-1.470788842592043,1.5483242826942731,-2.3116917365463268,-1.089603513137845,-0.6115053966158459,-0.828010020778849,-1.0506137103875488,-0.26130677974124794
4,0.980005227,0.9756783843040466,-0.42894003015720195,-0.43502140854077037,1.2475773168520283,-0.7662974298673467,0.25042349295269356,-0.10156475221689376,-0.303186877987356,0.045306821148904816,-0.6635162071943828,-1.0177899051296477,-0.42147542035303287,-0.06251952834272917,0.8818705076930918,-0.3460409044149655,-1.003128100111425,0.9403271693358723,-1.4670279322535489,-0.5051805322583198,0.20408023257318056,0.31637482046287013,-0.9719014575319909,0.7147280847409991,-0.05395474464791762,0.7419702238942691
4,0.345072751,0.624188244342804,-1.061662243454321,-0.2211973652185567,0.010329008135625999,0.14680305122868298,-0.5115730308822972,-0.6170448439818736,-0.276929511691899,-0.6322922638854409,-0.649058417739491,-0.32566505297066967,0.8304956208087096,0.21744216795173818,1.0328882001638306,0.7504034867288769,0.1240695942999843,-0.27649700583173564,0.21312972056415608,1.6049738895949117,-2.041818016222598,-0.9768599675189197,0.02611840346656454,-0.5215757395454543,-0.5975869077786256,-1.1697066754999887
4,0.864492496,0.8867353796958923,-0.557674743570873,0.3641933916904117,-0.9290663489070288,0.2935362715877399,-0.1400650480004874,0.41395844558755096,-0.2341123869049227,-1.0067925644054387,-0.6513820536610346,1.4605395330385436,1.16592195241662,0.4939558611307967,1.4802170553679561,0.9516722491392178,1.6418577097722988,-1.0268189545147288,0.274698838135615,2.8862680338139195,-1.9411871374578178,-1.063075620051039,0.5805738817990953,-1.2189778968352487,-0.7211396721265136,-0.5449719371467568
4,0.870876837,0.857662558555603,-0.30678946582295447,1.1479447989612466,-1.9187258978120085,0.15659108808782504,0.45999422868835144,0.3249746714150461,-0.0842756816835982,-0.7102403633060143,-0.6146741808182762,4.10975426973745,1.2020716960551734,0.6254211766839443,1.395862336853426,0.9616380266053955,2.950004593260146,-0.43230078557462676,-0.3994414391208238,5.236093728052407,-1.8954458289283722,-0.9834919407906211,0.27562336871620347,-1.6522125703031512,-0.9435346479527124,-1.871894183153569
4,0.922737307,0.8819277286529541,-1.0023337070324965,2.61651283704154,-1.9659135789395046,-1.6573605838765106,3.091227775996712,1.5962321913558608,-0.09062283955241089,0.15080162347842546,-0.6520366117611947,0.03028708310902254,1.0195822998038582,0.3481924565744234,2.0259380007876553,0.7241082988738465,0.5478875799289405,-2.116714453599431,-1.4496191046587843,1.085282116496778,-2.439767400428775,-1.089603513137845,-0.9996242314486173,-0.6800762298385894,-0.96824520082229,-1.0988823262433065
4,0.910624289,0.8734349608421326,-1.708965765307661,-2.028859845736152,0.7990500638556236,3.5263295042378098,-2.161395996632177,-0.4505566731259284,-0.1543080910488566,-1.5960531662183084,-0.39335875243224744,-0.19235625573501916,1.2937284474746356,0.5840450957356346,-0.28278428627065255,1.177748393736279,1.262678982462607,-0.5788113925721998,1.8414841386686962,1.8055185539718612,-1.698758202251756,-1.0166518071491286,1.5231481949643975,-1.3140781910111297,-0.9764820517788159,-1.5637139622234628
4,0.918723325,0.9083533883094788,-1.7275815963638663,2.1374079414670284,-1.7103879827006294,-2.0463474594038895,2.0442374391871794,4.78734834811038,-0.31570095340042886,1.0316960241213522,-0.6454654929931556,-0.5632608371337677,0.930861776339273,0.46934124796416915,1.785731650653856,0.8640007775007031,0.506713573892372,-1.7948954141258997,-0.6802426636467328,1.6481424987641446,-1.8268338661342038,-0.9635960209755167,-0.9164559096987377,-0.26797495507643837,-0.8611661383874536,-1.2058161098725955
4,0.937315944,0.9358718991279602,-1.8857637734449004,1.3288111830441376,-0.633628545916581,-1.972527732474943,1.3261180212273944,-0.5162880160902688,-0.32486532620542385,0.09380805575798136,-0.6623003190555847,-0.7242213524021711,0.247803805664827,0.041598723971222884,0.8473271382241948,-0.6904967480981715,-1.309726107790418,-1.2813603726860934,-0.8012828396749647,0.5179936424413318,-1.1635848924572423,-0.777900769367875,-0.9164559096987377,1.0000289672686424,-0.2516391676045386,-0.5171500721230976
4,0.91722608,0.8970237970352173,-0.07988299476866008,0.7041627685475943,-1.195794972127703,0.0751121599076778,0.13761519879951348,0.730382166609667,-0.3194749068717452,-0.10001678124679447,-0.6586465658754953,1.129161432912941,1.1294378068386404,0.5659923270166668,1.8289914468922177,0.8827723997849586,1.7071722116786674,-0.9783125453669989,-0.07637932674181716,2.8206500932025693,-1.6438686320164213,-1.036547726964233,0.6082966557157218,-1.1555777007179946,-1.0917979651701781,-1.9260105145787336
4,0.961874467,0.9307981133460999,-1.2903077901620505,-1.5655996961271925,0.477926700207625,2.668586674947982,-1.8307368331784915,-0.4279393130392244,-0.20862168605419248,-1.221574696342776,-0.468517687978365,-0.07319749961980745,1.2197593558121291,0.5854287679316741,0.17143044160544926,1.1043707447429938,1.1729886943719185,-0.5114847728886298,1.494534786037074,1.9825374294676559,-1.5203670989869182,-0.9834919407906211,1.3845343253812648,-1.240111295541,-0.7293765230830396,0.03554293150291097
4,0.853255345,0.7895336747169495,-0.18714823045529452,1.7769976553183913,-2.676126586703691,0.14598251976655566,0.7428020058633346,-0.12315635219470655,-0.015450546132149223,-0.7630730497188423,-0.6439966740853024,4.635427184006129,1.2952432192166758,0.63796875577313406,1.6918969300024884,1.016667726254432,3.2323479823526475,-0.5888438427085828,-1.1017537317810344,4.709639853398718,-2.2796728205757146,-1.076339566594442,0.6637422035489748,-1.9375134528307945,-1.2071138785615405,-1.2892438609663182
4,0.914521945,0.922197699546814,-0.8675200750140636,0.35279066537795506,-0.7830018233391807,-0.13636317586004756,-0.3005217570509875,-0.5900120849023477,-0.2952709639261316,-0.9089242965193651,-0.6590480010215906,0.7037119608744057,0.9856233886903699,0.5328927912781976,1.3200800051940766,0.9045935773121287,1.2828763381534767,-0.2893485686126197,-0.1864523881256816,1.9215056939488375,-1.707906463957645,-1.0299157536925316,1.7449303862974095,-1.176711099423746,-1.0094294556049195,0.15977077491744024
4,0.856363565,0.8714937567710876,-0.5830407701896277,0.033199724805177515,-1.0272447917764254,0.9171095684644496,-0.8680897230095594,-0.1553607314154952,-0.03911698862950227,-0.8288229371432313,-0.5870375446716536,2.588392707713256,1.190601566572657,0.6166370570201924,1.3074460026047554,1.0560562855799946,2.8637319763463953,0.1179814647166641,0.5684328670587708,3.2218763922027667,-2.018947361957875,-1.049811673507636,0.6637422035489748,-1.7050460670675294,-1.0094294556049195,-1.6980760269712265
4,0.849649453,0.8564661741256714,-0.8017584276748967,0.9633288698184641,-1.443725709423949,-0.2780308857974633,0.367891236967662,0.009863942667190095,0.4476714042208903,-0.8679697248986231,-0.5702706916371566,2.480690600617982,1.1438466040879713,0.5441389057432632,1.9819137429665046,0.9049761376122458,2.1409970855707416,-0.9475778865398151,-0.3119563726648721,4.124342090113407,-2.206486726928602,-1.0564436467793374,-0.2788321096163274,-1.335211589716881,-0.7870344797787207,-0.6153795610860607
4,0.825386598,0.843396008014679,-2.6234155456963246,2.042047097955283,-1.542084296610127,-1.8598313552031214,2.051462624670035,1.0158324420248632,-0.2894087833570633,2.5616683130753928,-0.6202126866757496,-0.778226045023992,0.9090411527862893,0.47120660117256846,1.7935181901357373,0.5804515608579036,-0.7741628345634401,-2.0225744755966346,-0.5096972466840243,2.041519207608975,-2.2430797737521586,-1.0431797002359344,-0.8610103618654846,0.14412631968571302,-0.6470080135177808,-0.42984455629181256
4,0.653232578,0.7697455286979675,-0.7127955211618185,1.9772229803095438,-1.6954145605981594,-1.773403869722677,1.7121193096795728,0.2235660942782307,-0.3271700921885343,0.30516950358141465,-0.6652545997024256,0.07265085674799919,1.0224981877269157,-0.10580116150615539,1.2149187543132067,0.2658574084338599,0.16579543879127498,-1.874252437927019,-1.6711461970732178,1.848209146174144,-2.206486726928602,-1.036547726964233,-0.4728915270327131,-0.9865105110719841,-0.9929557536918676,-1.356641187861019
4,0.94530321,0.949394941329956,4.168844243196794,-0.14658339490727115,-0.06589239316605429,0.3637998222359435,0.2417991424592075,-0.1385552919602858,-0.35271726212540716,-0.7668945484548276,2.3182921751718295,-0.7980202368409574,-1.6519501723078114,0.029525537394920497,-1.3975581776048152,-1.8104805637067298,-1.1102554647231817,0.44675631394691373,-4.9245834371660795,0.25095773722494896,1.50770752566238,0.5087020453422133,-1.0550697792818704,0.38716040480185315,0.440256312743635,0.5636819809483538
4,0.95049483,0.9598169326782227,0.20161917659917097,0.07614294829825374,-0.08647353930624312,-0.32731182946898874,-0.18747012246129752,-0.11995680650495381,-0.26054068814393183,0.6964220263253222,-0.09946750603988477,-0.20763220211535177,-0.5162277357266539,0.1138807067315491,-0.32641894710601843,0.1937238960486319,0.07678536868058126,-0.3809609942013157,0.10877403843538792,-0.017400544936171797,-0.05664522604465913,0.13067956885522866,-0.25110933569970084,0.5984943918593666,-0.1280864032566504,0.9559703595537207
4,0.988221437,0.9715484976768494,0.479978161254577,0.9194806648497429,-0.171976236304164,-1.0915423738897216,1.5676857691349093,-0.7450832986000286,-0.37169014473420703,0.8980207781739648,2.3330205839597915,-0.3583993324061391,-1.1458200632850213,-0.6160464098112158,-1.305086560367571,-2.7809666956723,-1.2517521739712791,-1.0951691847337532,-0.8315851409327374,-0.7056617674608083,1.3613353383681546,1.1984272655991681,-0.7501192661989786,0.6618945879766207,1.2062834517005416,1.0090452129497203
4,0.845528455,0.8472303748130798,1.1626947037927953,0.8786034756267032,-0.6567745884567108,-0.17079357214177895,1.3084090352055529,-0.052477257453168426,-0.15612042424768927,0.4570647321094969,-0.6604775357507952,-0.44781695240691777,0.33196501062316536,0.25468516369613053,-1.0369455421006988,-2.2509353936151917,-0.5437076736663161,-0.9264044498770174,-1.1944316404543018,-0.05791523056353375,0.11717174636723432,-0.05501568275241299,0.2479005947995768,0.04902602550983176,-0.20221806186538333,-0.9366911024295961
4,0.989200547,0.9480763673782349,1.4644517286543348,-0.4879547059729626,0.5366305904947762,0.24869743914388773,-0.43576192974280553,-0.4169752628990633,0.1600597394119714,0.8181181351066708,0.060174625800148,0.8002912298129686,0.5019265925029893,-0.5821427699501751,-0.20543887319491286,0.5340215436218024,-0.15303395909740625,0.3880079182369182,0.8273147224777173,0.11189524743182916,0.6980863646911936,0.36943060663648203,-0.14021824003319472,-1.1027442039536162,0.03665061587386715,-1.4817876063275905
4,1,0.9679271578788757,0.403936816373605,2.6653901263746094,-1.4189910675116157,-2.9133337787333184,3.293994944464579,-0.6576069119066288,0.23741735781788664,3.4202789619345375,-0.17872675206736896,-0.7156831853464815,0.23593057030311734,0.02489447845017945,-1.1554601717612243,-1.28578917965424,-1.3488369653552288,-2.0674397652528156,-1.4814077813522868,-1.2600456219353837,0.4465091677792427,0.0643598361382138,-0.3342776574495804,0.8520951763283825,0.7944409038742478,1.0117960154450194
4,0.974041126,0.9865151643753052,0.7337960283582949,-0.5294630847704753,0.7892411665320797,-0.20767830818896776,-0.5928032840512051,-0.519141925746995,-0.30221237272831214,-0.46852938612340267,1.81726318306711,-0.7782980585676404,-0.3705702051530852,0.09847686020574459,-1.3354995782192396,-0.6898965058190687,-0.9946157946390185,-0.27441474986665637,-0.607078833601327,-1.1963259602408658,1.5351523107800478,1.9014164323995253,-0.6669509444490989,0.4611273002719831,0.2260981878739624,0.8603058876143168
4,0.950071327,0.9756635427474976,-0.17193567164582232,-0.09381357867764645,1.2293487267795287,-1.0511566238556862,0.9705571564895268,0.6254061153502298,-0.1903305130816979,1.3042716814154427,0.825235864923677,-0.9774806499916021,-1.6552140908325554,0.056984029224587285,-0.7255541633516763,-2.4846082719471076,-1.3428730446743438,0.8036402588078735,-2.619092844798207,-0.7002739646852361,1.0411461786620355,1.5101300093691377,-0.9441786836153643,1.5600640329710527,0.41554575987405734,0.7494650976608914
4,0.98853662899999994,0.9846248030662537,0.10339011507579018,-1.5792824639016898,2.4140030319892136,-0.3416346651290809,-0.7859019749195054,-0.6439457508206173,0.03951023997182081,-0.7386130529097195,1.7174240377615815,-0.719917613227243,-1.2960482273565639,-2.295425082896995,-1.4292823051198367,-0.16764110113062541,-1.3848187645876018,1.9350340315919745,0.13272695307881083,-1.024030260083902,1.1006098797503145,1.8682565660410178,-0.9996242314486173,1.464963738795172,3.2078382341363296,0.994354161354488
4,0.983943241,0.9444191455841064,1.2060900788146791,-0.20221058281135731,0.4382749518324215,9.052445618293431e-4,0.40604755717867913,0.2559607537760584,-0.353900410583284,0.1805116326137901,1.2531373823656877,-1.0977163479361063,-2.8717888255695745,0.09711148465663748,-0.5821173988354287,-0.6630670403667918,-0.0943349820530851,1.694953479788019,-2.438542768166425,-1.2317267936971512,1.5763194884565483,2.2462790425280024,-1.0273470053652438,2.532200373435615,1.7334419129181977,-0.042248225754811276
4,0.993725818,0.9837389588356018,1.5736094621497267,-2.171867558360869,2.999597274729769,0.14275268420262702,-1.0472169418865025,-0.19933755297933634,-0.35341591826798546,-2.477290437829104,2.330645920138403,-1.12507384989451,-5.272723866715283,-1.9385207887754816,-1.0373484815798435,-3.311594972951221,-1.3202632936045395,4.043303396246321,-2.612499965780646,-1.3527321925637112,1.76843298428022,4.361878516200777,-1.0550697792818704,3.00770184431502,4.171549796049858,0.7198179721491663
4,0.946770169,0.9565346240997314,1.2212803080057255,0.7264182117724,-0.26457054565727595,-0.7327651332770014,1.1589516572997696,-0.010487760726964957,-0.257221646906791,1.911350431598487,-0.6211312119532014,-1.0247115301079732,-1.0724629741350766,-0.04606698905638381,-0.7678963335426323,-1.6077439402942426,-1.2427786777975187,-0.5392663574498228,-1.1925699920070114,-0.8738952426620897,1.1554994499856495,1.0591558268934367,-0.9719014575319909,1.454397039442296,1.4286784275267406,0.694460724764296
4,1,0.9662570953369141,-0.6132552972246456,1.4887648659362744,0.009919016480713475,-2.0501210345342793,2.5175659496653973,-0.6611942284492359,-0.37169014473420703,2.4948653773500062,-0.5487319754869235,-0.6302424793114373,0.40613767294866104,-0.6224572130926866,-0.5417975868019347,-0.5199391078817541,-0.858595617978876,-1.0627733989961936,-0.8552136346141246,-0.9333504414533693,0.6980863646911936,0.47554217898370593,-0.5837826226992192,1.2430630523847825,0.36612465413490225,0.5609173426688027
4,0.974219317,0.9655980467796326,-0.678725643618126,1.2984863773636433,-0.552116140983627,-1.5119312370960252,1.5101878132691777,-0.7151982500550594,1.7972142616887965,2.27625875810043,1.4027793714467525,-0.8745587382214262,-1.083005645173194,0.492946318503258,-1.3747772878859312,-1.2089367238341402,-1.2463137905404282,-1.002417073617091,-0.4340138234042621,-0.8683575999526466,1.4848368713976572,1.1851633190557649,-0.5283370748659663,1.8664983142044471,0.6132301828306785,0.6434858359557297
4,0.980328548,0.9573500752449036,1.157213436036679,-0.09199081347391831,-0.11972738256758243,0.020522032608794653,-0.397955014644346,-0.5885770215089358,-0.24010360080951895,0.1857433791609368,-0.41856602307363844,0.2767039650126695,-0.061937713581473264,0.19227353499666058,-0.591080329212769,0.5239391982983873,-0.06345679501936756,-0.28855315220812666,0.19147688982984165,0.07450696650910726,-0.1709984973682731,-0.08154357583921897,0.1092867252164441,0.11242622162708593,-0.095138999430547,0.4831572259766923
4,0.948941469,0.9431059956550598,0.6883344355663237,3.8573976492200575,-1.4174487727831058,-4.6308655787678035,5.042453862824243,-0.7802279123432695,0.6988920629469773,3.2551602550471195,0.3634403945644116,-0.2097080977681029,0.532774188158826,-0.25559749555515926,-0.8761401487754561,-2.0986307498590366,-1.310761670156001,-2.467554430589816,-3.281704575897837,-0.47191422841214836,0.6980863646911936,0.4556462591686014,0.4419600122159626,-0.2574082557235626,-0.06219159560444347,0.38377550729313636
4,0.863254222,0.8695242404937744,0.7529075471435368,-0.38521028158349335,-0.27204602085152296,1.0876941574511836,-0.8252173458794043,-0.5137993664740276,0.015836028989167212,-0.4485941694930448,-0.11837315442905594,0.7793671369614223,0.8511970229521992,-1.0028460041903764,-0.11663852114644965,0.8114104295159297,0.17145709696150382,0.46942434844795483,1.196512016502333,0.1776354500751113,-0.14812784310355032,0.23015916793075097,-0.11249546611656815,-0.954810413013357,0.34141410126532457,-3.1372784097067994
4,0.985455543,0.9682391881942749,-1.1679658223257745,0.6525498106671365,0.3312701693272882,-1.4898808234509562,0.9482689487245377,-0.7556633320764189,-0.07535079607185481,1.496036870351633,0.592639791116364,-1.0240427118118518,-2.6189329717246754,-0.17205050519873422,-1.4084062521952727,-2.5546478925734064,-0.05923254380463547,-0.2922777114803111,-0.9069111919771209,-0.8513245684514387,1.512281656515325,1.9810001116599434,-0.777842040115605,2.54276707278849,1.0250727306569725,0.4040529121460951
4,0.976646375,0.9743174910545349,1.3993324659004456,0.2926393319259817,0.11554328148500508,-0.39937415045449665,0.48227876240132844,0.2897709475439697,-0.2661848667753495,0.789604690580311,1.331621447227587,-0.09731095011878454,-0.08043292090193349,0.05896026480487708,0.025590130687578667,-0.3211483795692855,-0.3911959103061184,-0.35982447339106005,0.8461829830815888,-0.3332663264115186,0.9908307392796449,0.5816537513309296,-0.5006143009493397,-0.28910835378218963,0.30846669743922117,0.37409894622761025
4,0.967383791,0.9585850238800049,0.7449672580961939,0.05526640631935314,0.18570919335723168,-0.18036604312196738,0.31044128267948257,0.18677289293799226,0.22958687835621155,1.0116014709384786,-0.5336847818356165,-0.5836225690195634,-0.6758193449313856,0.08146053621718219,-0.18743849393871906,0.12807063763060106,-0.28646956912791993,0.36055795481452757,0.10680518788890193,0.08042978058230442,0.24982154110262617,0.21026324811564645,-0.8332875879488582,0.7147280847409991,0.37436150509142796,0.6117389257544739
4,0.981494662,0.9899939894676208,1.1043443902300267,-0.26632285027071634,1.4341085045086068,-1.2404413849969567,0.24699207422917827,-0.7377542084726655,0.13693165140556066,1.8995792221317565,2.306275449684473,-0.6897637935796146,-3.020444146493698,-0.5302596786482544,-1.564300677111107,-2.149671411032346,-1.1281378879088972,-0.16438040258803852,-0.5709110921671258,-1.0864703071284292,1.393354254338766,2.1003756305505696,-0.9164559096987377,2.1729325954378416,2.7383377296143556,0.7480706599441306
4,0.992205985,0.965580403804779,2.958751791359836,0.3306268723866783,0.3735932499853308,-1.2413518918751425,0.3271184585968517,-0.09089254686402531,-0.30277100922431627,2.107040522531385,2.3236910433683766,-0.04418178279811801,-1.9230578581894489,-0.12576778630307722,-0.7600849961146847,-0.22986982772035658,-0.5724435361984611,-0.4872933700643552,0.15404689771159583,-0.5004536798658964,1.2881492447210412,0.9862041209047203,0.1092867252164441,1.7608313206756903,0.35788780317837626,0.9592442887994185
4,0.965645311,0.950721263885498,-0.6718754287031828,1.074993410997051,-0.08370012050450253,-1.2391208921288746,2.0009871753713826,0.13402151729949827,-0.16526095404853444,0.9287659614122987,-0.6630410550476861,-1.0706169350053354,-2.175571452671415,0.22989505016440645,-0.07557869611734758,-1.7727065293225182,-1.3470839474019933,-0.6001399136684984,-3.479222629549143,-0.8189444345209218,0.6706415795735258,0.15720746194203453,-0.3897232052828335,1.380430143972166,-0.25987601856106457,0.7704735748868887
4,0.957052441,0.9840013384819031,1.7614334457554461,-0.3158399019587883,0.749939544289356,-0.29459864432132393,0.2944451769239068,0.8991587144317243,-0.08452372978925744,1.2497862957104615,0.8116524340165158,-0.846083401558763,-2.2979520604203123,-0.8030159107531663,-0.7566933009249738,-1.5916440585034426,-0.5284045067323427,0.45556353583987136,-2.0561944269626666,-1.0420652886889104,1.2149631510739285,1.7422490738786898,-1.0273470053652438,1.781964719381442,1.2557045574396972,0.7902012935170781
4,0.952740924,0.9171294569969177,1.0215765881282004,-0.33447170937155785,0.012581078977587886,0.700512627510631,-0.5531471790935621,-0.07063124477266988,0.07624863132970387,0.001625698267306234,-0.26683280390181313,1.5063967420577384,0.7142257145028698,0.34968765118989575,0.2751759510433209,0.6233550935954797,0.6916845616683258,0.43619820721209446,0.8612787719652828,0.8923186173629859,-0.6970235454568975,-0.4131422394242933,0.22017782088295035,-0.9336770143076057,-0.44932359056115967,-0.50841194029647
4,0.997634816,0.9759819507598877,1.9173420721550356,0.17126342412055554,0.5016549048854568,-0.9171645586216788,0.48924107336059824,-0.7463512889424827,-0.16530281532058957,1.0724398272329716,2.261602008784041,0.17260746350147427,-2.556477662017299,-0.44359714128314615,-1.299801009964849,-1.2570332135804831,-0.22187892244660096,-0.09821004656863182,-0.288278923410124,-0.5247718737961113,0.9771083467208114,1.5565538222710482,-0.19566378786644772,1.20079625497328,2.194705566483647,0.38514901143561686
4,0.973166369,0.9407684206962585,0.5607593926329116,-0.5397991581166435,0.5591888069344445,0.3431867666616497,-0.5414956727852909,-0.2677470121607821,-0.12356041431885148,-0.41904136537929537,1.4107076513151082,0.15493472702518316,0.718270834287846,0.43211035615544474,-0.7097936158968363,-0.04182049064670085,0.3183176266941232,-0.0730122515719253,1.0386202713598431,-0.18363782312199453,0.6294744018970251,-0.061647656024114574,0.6637422035489748,-0.4898756414868272,0.8273883077003512,0.5470231570163986
4,0.95854302,0.9527884125709534,0.9082073883624636,0.399927972152383,-0.35665319638937076,-0.4516626153883727,0.19316861045685776,-0.37323973167881425,0.4893906887423293,1.7653993057668418,-0.43277379957569845,0.20451807251894502,-0.09882606365480162,0.27518687158701816,-0.6804535810732307,0.34383205995731997,0.16651191700239906,-1.0345927942350832,0.40438619645080626,-0.19474987907680028,0.2681180645144047,0.16383943521373612,0.8578016209653606,0.20752651580296683,-0.43284988864810797,0.17447592396660286
4,0.880704868,0.8456593751907349,1.048244525641559,0.08261287859642369,-0.8330533858439938,0.5246404882134413,-0.6924160187206095,-0.32538375326073965,0.3403315585749156,-0.8259757770667667,-0.46822167759460503,2.131360356833861,1.1698744337390687,0.5273389245250844,0.4232820448442695,1.0750513719801347,1.072724342199229,-0.05667656506708816,1.162715601484391,0.9869668960826069,-1.5340894915457517,-0.9768599675189197,0.4974055600492157,-1.7156127664204053,-0.6387711625612549,-3.2588743631405555
4,0.972137275,0.9505956768989563,2.345896558566736,1.9709020739507583,-1.249668369256946,-1.4246123737048046,2.372435641879777,-0.3842859944422952,0.12001028063456269,1.9516880118363111,-0.21297234765441544,-0.9329749954662532,0.1691658141945743,0.14454347425444716,-0.5635788751955374,-1.4676505093529142,-1.091851273204884,-1.1201023277194297,-1.6437992645479846,-0.6166632815851847,1.0411461786620355,0.40259047299498946,-0.5560598487825927,0.35546030674322643,0.06136116874344484,0.1366728653085695
4,0.680390789,0.7743546962738037,0.4546119450000005,-1.9947540001704602,2.5755234537218197,0.5449646351032439,-0.6860576718685385,-0.4054337855369228,1.6008806080684979,-2.078030788411139,-0.2764518060713656,-1.108119388161657,-0.5740843061219195,-0.41561250021678753,-0.7452027861589124,-1.2014127106980177,-1.2787643723560915,3.1004619656058066,-0.28020161551599354,-1.446049377883054,1.6037642735742161,2.6243015190149874,-1.082792553198497,0.270926711920221,3.1254697245710705,-2.8530573514236583
4,0.984266667,0.9283855557441711,1.1930403504555436,-0.12066337259753433,1.0714140433273953,-1.4327442762513038,0.13716634079567933,0.6281151548425105,-0.32087317594514225,0.4619502360280245,2.3251056269152635,-0.9296038460336417,-1.7692122928796936,-0.27315669379228935,-0.8186084383715839,-2.1419334678841393,-0.8051627965103385,0.22616627380763105,0.5260773290185496,-1.1131859400005808,1.4025025160446554,0.8668286020140935,-0.8610103618654846,1.1479627582089018,0.5226248223088938,-0.7308509394421112
4,0.970580369,0.9536766409873962,0.7910613811832365,0.3031318198415337,0.2582547014749129,-0.5887806975787967,0.9926580479559461,0.08162817260491328,-0.27825161565726286,1.486453682895531,-0.6388828919897315,-0.3794879159961203,-0.14613570331377526,0.46287881529820063,-0.3703410126778901,-0.20070298647275087,-1.2418968424185586,-0.3628085682823014,-1.1911152523312283,-0.18212195777872178,0.3413041581615173,-0.08154357583921897,-0.6669509444490989,0.6618945879766207,0.028413764917341156,0.3186082438791541
4,0.992296809,0.986368715763092,-0.021894675678139765,0.09728133516071952,0.8842738584700504,-1.0931415742144117,0.7417314308637469,-0.7661523824133609,-0.3092773844376934,0.8546513778334633,2.274210345845628,-0.8970258745244066,-2.9710968444740007,-0.4803144133721943,-1.633379989835157,-2.9783382525473785,-1.264939461136768,-0.26831887455483744,-1.3100757931100377,-1.1904169351186376,1.5991901427212711,2.6441974388300915,-0.8055648140322316,2.035565503850458,3.1337065755275972,0.450110766025844
4,0.981736973,0.927690863609314,0.08251790215303297,-0.6024684225823178,0.24256645930203274,0.9479736112153692,-0.6701432497698004,-0.02652126049288713,-0.030168085171475834,-0.1987871872626056,-0.07425253648805334,0.22331692979362236,-0.050066649576918844,0.1603208907260338,-0.32989927037212546,0.5537015453275929,0.1802395634632476,0.17470617820621717,0.8960544064071414,0.07875396340778368,0.24524741024968186,0.4954380987988104,-0.22338656178307428,0.24979331321446974,0.2096244859609104,-1.4696929230542748
4,0.988741456,0.9749166369438171,2.0607748488389017,0.2734594299050773,0.21422398499276635,-0.6892617052375236,0.08068706300183594,-0.42030298004144556,-0.25032017198432127,0.16602521296049152,2.3366168009450297,-0.9729449051833852,-0.7493283212690023,-1.2751962115829125,-1.4653504518948302,-1.0311246106295726,-1.4833632964649168,0.4549534744473759,0.8007149203151899,-1.041719645651269,1.311019898985764,0.7739809762102728,-0.7223964922823519,0.2603600125673452,0.5226248223088938,0.7386961801680848
4,0.751123401,0.9337999224662781,2.0006149692773754,-0.1491315627045991,0.8555783491289118,-0.8037778227773582,0.3478873943025176,0.4269020642352566,-0.3442440632995484,0.05349920870446197,-0.49929796515747,-0.6710486882367231,-1.5676854332884342,-0.06289857387845627,-0.10082277347975213,0.1276564727665749,-0.8352786465679786,-0.0417265163374705,-1.9695461561288814,-0.3693658000502704,0.6889381029853042,0.4556462591686014,-0.9996242314486173,1.7291312226170636,0.9262305191786621,0.6917526889070756
4,0.984224158,0.9603027701377869,-0.06543628701210823,0.44512798230924183,-0.5106376014591262,0.022033162421564785,0.29364345401233516,-0.20041008380344538,-0.3137260113007741,0.3916295114725274,0.30206707047871306,-0.6443378010200868,0.39222284328008056,-0.35450527164743395,-0.6565127219350425,0.1607202513497279,-0.8208686666683831,-0.19527433302561634,0.878073469604914,-0.3991232755063445,0.2772663262202939,-0.18765514818644272,-0.7223964922823519,0.006759228098329225,0.9921253268308688,0.7205201136683725
4,0.939174402,0.7811267375946045,1.702642547216285,0.5604311886655243,-1.310554029653226,0.738916877612989,-0.032346354224688574,-0.21859890881606764,0.1852779682514181,-0.11115934609971337,-0.10754880394331322,3.4643174303834514,1.0339775470945376,0.475511778739764,0.3676372117249215,1.0714285879408256,2.112451213138445,-0.07858366662156391,0.3149037221233198,2.5826206252461086,-1.2184744626925772,-0.5789415712168304,0.02611840346656454,-1.620512472244524,-0.34224452812632333,-4.825965397156027
4,0.972716938,0.9240069389343262,0.8322398795445858,-0.03705445974674098,-0.40738766498183787,0.6722002478092076,-0.3126493060788039,-0.2785941972770966,-0.2225322173276948,0.1630506819066979,-0.42266845768771033,0.5959391968774215,0.33326210866202627,0.2726937121672966,-0.21337091336362426,0.5557988557841582,0.7371752362225372,0.6129169916206453,0.7411270516144329,0.5525800085270051,-0.4134274325743346,-0.08154357583921897,-0.4728915270327131,-0.5427091382512056,0.16844023117828102,-0.8288580582414099
4,0.963840399,0.9732502698898315,-0.2177434446367592,-0.0940500087842041,0.66432877282178,-0.7156012916180629,0.1883159572631253,-0.6685804782089617,0.04666857148627728,-0.0433196200759168,2.1848559981304736,0.1079817926959227,-1.7095393272396933,-0.15739069550678544,-1.278394451200106,0.023202440160881143,-0.3555217442557444,0.46844357936805764,-0.05330507933219621,-0.5143823588721191,1.0640168329267583,1.5366579024559435,-0.3342776574495804,0.5033940976834856,1.445152129439792,0.4880805573321487
4,0.974500768,0.9813420176506042,0.285018906225051,-0.3371982155225962,0.5853085278188623,-0.017009651510204254,-0.10344632358594928,-0.47772510577031807,-0.22532790746632228,-0.24483185652087647,-0.398104175098022,-0.7185623488230723,-0.8595206387893283,-1.2268045561511556,-1.1655716192217453,-1.031524443217678,-0.7567972757656536,0.29326552885119933,0.3760330419754367,-0.6350834815539471,0.7438276732206391,0.8137728158404816,-0.9441786836153643,0.9366287711513883,2.9442590035275025,0.8527818867416052
4,0.977168383,0.9614594578742981,0.7799715526233173,-0.9152707776133089,0.6467828743988376,1.1954092104073701,-0.6954233059863626,-0.7246916606237106,0.3754095003959191,-0.09806483090110045,-0.2125594206561715,-0.9472320169473293,-0.175078110957968,0.23499981801105096,-0.6580326949783942,-0.2092995291383873,-0.1819412020329953,0.4553320307548601,0.3313006706151669,-0.025935429407994707,0.8536068136913081,0.694397296949855,-0.6392281705324724,0.5350941957421128,0.8109146057872996,0.5864192279684693
4,0.969352418,0.9731189012527466,1.5189402779539094,-0.36101134785610567,0.400943915467616,0.2576489353535558,-0.19240864260106777,0.22217258028746512,0.44414161723283285,1.0993076190792976,0.5383766545323033,0.46862511582509014,-0.2877985695857293,0.005103424390076603,-0.7408080358669027,-0.4148534440112994,-0.1208560048091728,0.06290719756517571,0.40176119408855804,-1.600142743496577,0.8673292062501416,1.158635425968959,-0.6669509444490989,-0.1834413602534329,0.176677082134807,0.7746010052064563
4,0.974494283,0.9486194849014282,-0.09772542320248136,-0.3032342309397291,0.20805832799137108,0.32565689034642337,-0.09224151888205988,0.8992951470696312,0.8910921452237031,2.512017900707618,-0.5778743563890975,-0.7032810897499324,0.13995100472808983,-0.369956810092512,-0.6144181838565624,-1.394542547621369,0.47661845705975786,0.33680008602382483,-1.1996574651077148,-0.834639937778066,0.5608624391028567,0.422486392810094,-0.9441786836153643,0.4505606009191073,0.2096244859609104,0.8361227030138413
4,0.951035782,0.9511858224868774,-0.12935959111603412,2.1183843576921317,-1.1128591131268335,-2.130407191670512,2.70530071295123,0.624563841456588,-0.09256366837972055,2.725438978128832,-0.617685566137756,-0.7510193586590839,-1.3440200791974444,-0.04149561873347974,-0.48226660759551526,-1.4285083225859996,-0.29860817462504896,-1.509741545679767,-1.678475428592471,-0.7991811907277078,0.6111778784852466,0.22352719465904938,-0.8887331357821112,1.5072305362066745,1.321599365091904,0.5405395711397823
4,0.969252943,0.9759418368339539,0.24840782735072017,-0.06542032815769004,0.15546975536252364,-0.1291000321528373,-0.07386257111043906,0.015350571855428,0.04791910387998051,2.384686351158537,1.3585035106925307,-0.6395302139157899,-0.5950471303949195,-0.7282299916470042,-1.082459228945157,-0.7052875612245443,-1.0452896148592945,-0.23978370797258705,-1.3305243047197377,-0.7181039975524944,0.7895689817500847,0.6214455909611386,-0.8887331357821112,0.49282739833060984,0.48967741848279045,0.6590245174114193
4,0.208733205,0.5598164796829224,0.9216120540320587,1.0949621810412704,-1.5581115630823095,-0.10870938412717725,0.48422136270676885,0.4868753753833664,0.05894921454792976,-0.18831191533594413,-0.5236954794832227,2.4305369944152515,1.1284176463219477,0.48197534740634024,0.6487411144611379,0.8274647416854958,2.200156936919875,-0.3865218782206739,-0.17505651071570696,0.8152163191206467,-1.4197362202221377,-0.9304361546170092,1.1073065862149996,-1.726179465773281,-0.3999024848220044,-1.610303954103165
4,0.996907689,0.9933187961578369,0.12148696705999285,-1.8851236364942172,2.590473770119419,-0.013343704795599588,-1.056085093016032,-0.7460533885783777,-0.11882294428158288,-1.264862202675013,2.2767101814616093,-0.9357475116737748,-1.4380523363132987,-1.9528376871338895,-1.5028917725520192,-1.003002738844543,-1.3767420458486206,2.5014113879710282,-1.1691024172217896,-1.4978222924573985,1.6083384044271605,3.2344430600115244,-1.0273470053652438,1.528363934912426,4.426892175702159,0.9502813173015344
4,0.937015504,0.9464881420135498,3.2343030550776555,0.8189468444432433,-0.3021967560615528,-0.7637198867636165,1.6898402279479523,0.26062476888344555,0.4746438194190418,3.629678980195136,2.054181492927794,0.13502599731769593,0.19444650184257856,-0.775884583747157,-0.8611709906819839,-2.6038291285160393,-0.84558473044534,-1.741219703779234,-0.9744752287413946,-0.553020838016097,0.9816824775737557,1.0525238536217352,-0.6115053966158459,-0.8702768181903515,0.8026777548307739,0.2652009555109653
4,0.970843457,0.9847278594970703,0.3663045079441362,0.04176657415063703,0.4815623023380204,-0.766417071168094,0.5434649987432086,0.15220261462629336,0.17970925615351577,1.4422369048209664,-0.4621950331129138,-0.8003474553781806,-0.46807658520075063,-1.0191699709950912,-0.9293074975808945,-1.6978693957586986,-0.8604432031636468,-0.15644086328651022,-2.0293925454709,-1.0067802824207708,1.2972975064269305,1.3575946241200036,-0.8887331357821112,0.7992616795640042,0.8603357115264549,0.8241549622433105
4,0.913778163,0.9177601933479309,0.2063612574539386,0.6162601857194553,-0.4289039593437746,-0.20404713463349997,0.5173165819682249,-0.6638760961700251,-0.02078224169430135,-0.3128531985822165,-0.5513823360220751,-0.9157132825089526,0.07460969182902337,0.5403972783058829,-0.8867192560822655,-2.5044458409855888,-0.9119035363068088,0.2216942871036409,-0.6709068345824211,-0.619641694994646,1.1051840106032589,0.8403007089272877,-0.6115053966158459,0.16525971839146428,-0.03748104273486578,-0.10607109577804784
4,0.919153032,0.9661206603050232,0.6329719427934477,-0.14865542749667518,0.17223431594994226,0.13715339033586232,-0.34391684465401845,-0.33488795913705643,2.774311441813776,0.3873037689946108,0.7934644101624552,0.1416625112149447,-0.513355340712723,-0.07961851564386285,-0.861367201690656,0.18353452206417806,-0.4760923417559342,-0.3521127800679492,-0.018214961507917928,-0.300836552257511,0.711808757250027,0.5551258582441237,-0.5560598487825927,-0.16230796154768165,0.5555722261349975,0.6604066239445807
4,0.905405405,0.9391607046127319,0.8656492148727434,1.8919301305109233,-0.8884668820421099,-1.7500071391035261,2.498586010725858,-0.7802279123432695,-0.24906232432915779,1.551637399509963,-0.6396137191090722,-0.6560767210152596,0.9304127118638568,0.09466739443125843,-0.8211589356764158,-2.1885058205197376,-1.5002260477235079,-1.7798693092534734,0.3514805414792896,-0.5249842236410452,1.1189064031620926,0.5020700720705118,-0.5283370748659663,0.3765937054489777,-0.3999024848220044,0.3390121987303803
4,0.983783784,0.9544042348861694,0.8708791000243866,0.7656442256712669,-0.004724182607795427,-0.9312023273759686,1.3159731211807988,-0.7802279123432695,-0.29443461793619513,2.493006612215692,0.851119037561075,-1.1229543645609443,0.7824635035645309,0.02105370061177632,-1.3471223278366558,-0.9665035985964886,-1.308169617799771,-1.1261842348708277,-0.7843303928364179,-1.0232350972446478,1.5991901427212711,0.886724521829198,-0.8887331357821112,-0.7012096285443407,-0.33400767716979735,0.5665428646065321
4,0.96499153,0.8854498267173767,0.3865871159954105,1.7105323770607714,-1.4405259503933072,-0.4465093008749696,2.5413767389027466,-0.5275081764010295,-0.34478957536054466,-0.6167308729326543,2.303553955782409,-0.8663082785661144,0.3596070966148446,0.4585997623939215,-1.5538128652232142,-1.2350783215206107,-0.9929892146580005,-0.802888907111589,-0.07692624865347082,-0.7626901108814155,0.6980863646911936,0.18373535502884036,0.469682786132589,1.380430143972166,1.2309940045701193,-0.6056584507577688
4,0.991495393,0.9852574467658997,1.2566554895707582,-0.12721007262697187,0.6241069081358461,-0.5025785422761295,0.25865385229162347,-0.7167882735555379,-0.31916847245099267,2.845119563747732,1.6108179008000325,-0.8891379794499692,-1.4135344311243188,-0.6364703536015834,-1.5687734204421109,-2.1087347175113913,-0.16404339496608328,0.22229181967777273,-0.8973303591160369,-1.1929825992624052,1.3750577309269882,1.8350966996825104,-1.0273470053652438,1.042295764680145,1.3957310237006366,0.9039097214772561
4,0.866141732,0.9489222168922424,0.6298923450368452,0.4341666330601557,0.44491123052959064,-0.9627259731562454,1.2293473589221053,1.0993170864725172,-0.37169014473420703,2.027731527443611,-0.6607340484337031,-1.1389202083134602,-3.3217126225880658,0.3586931502284904,-1.2199562650780191,-2.483290567704508,-1.3616664072824487,-0.7397598691765838,-2.666886691842004,-1.0081021831870685,1.6495055821036617,2.2396470692563013,-1.082792553198497,2.024998804497582,1.0497832835265501,0.5793511701561989
4,0.93129771,0.9373542666435242,1.4508513249495556,3.670806553778194,-2.3757750279719247,-2.6553755370496903,5.33570169392028,-0.323527245889783,-0.16913526277545174,3.237747841921488,2.3366168009450297,-0.12813604225884345,-2.8635865034326833,-0.0027114454818107053,-1.4667696349501196,-2.7507959297033464,-0.8153223200219659,-2.5040509018490247,-0.9325597599816565,-0.1382354038956652,0.8078655051618625,0.0643598361382138,-0.16794101394982128,2.0144321051447065,0.2343350388304881,0.8898202484729115
4,0.834397296,0.8279813528060913,0.6700438502685154,0.29588310628570347,-0.7438273675492236,0.5912032150840423,-0.23805763185516374,-0.5449318880109532,0.1262464979143726,1.2696679728653588,-0.2307575318941664,0.7091232158298757,0.9375237362011389,-0.4324095827903467,-0.22232345245050256,0.6311434101952612,0.2738224530197915,0.2214713853586548,-0.31284538148113583,0.20089465257085135,-0.751913115692232,-0.47946197214130815,-0.3342776574495804,-1.1238776026593678,0.2837561445696435,-1.4204381198773737
4,0.988539741,0.980405330657959,-0.5405726059898114,-0.8445058427345314,0.46843219943419984,1.2871511093428891,-0.5815040979554861,-0.5154934778655481,1.4482336450716242,0.06477443826743233,1.3972682957544735,-1.0837137351445132,0.1107371019703271,-0.5822589637113313,-1.2528242696875533,-1.7955117225516704,-0.2675868863176873,0.2812643859034318,-0.6506447519217904,-0.9951810168650342,1.3247422915445977,0.9331483347311084,-0.6669509444490989,0.10185952227421011,1.1403886440483346,0.5463257255514031
4,0.994139099,0.9593080878257751,2.00470680243283,-0.812756373447508,1.100019712429607,0.35174382249768915,-0.36187460775374175,0.45588634461046257,1.2686745918590516,-0.42487421841703343,2.31811696915954,-1.0213741663708367,0.2584292060574237,0.21238703562421918,-0.5640713073514846,-1.29084124184679,-0.2508633761681166,0.7634837930487707,-0.5988285757621289,-1.1399070884531206,1.4939851331035465,1.2912748914029888,-0.9164559096987377,-0.4476088440753247,0.16844023117828102,0.26265082095037134
4,0.988079019,0.9804291129112244,1.9264120624495507,0.9027224376002706,0.4545795520268068,-1.869794328866988,1.726557841194995,-0.13997588820921256,0.044789184820718385,1.837775241703556,1.3479815295852997,-0.1553095820403659,0.06764100782360084,-0.6820007116943353,-1.3498289473940395,-2.6530310577075853,-0.9337958476981325,-0.32221808948780645,-2.6597998275279573,-1.5466085202516993,1.251556197897485,0.9464122812745113,-0.08477269219994159,-0.16230796154768165,0.9262305191786621,0.8770642114415262
4,0.901785714,0.9463595151901245,-0.09861182845858522,0.3246466880814554,-0.5463867885900612,-0.04221558015167972,0.19755303703033134,-0.41664817850379554,-0.10078327417461004,1.6891999372008557,-0.1685618170489594,0.38965382633079093,0.6754592353661958,-0.3384182430695266,-0.8145231285649187,0.5364482265273657,-0.3736724881369672,0.004097685896001717,-0.6372739583578795,-0.229482408042753,-0.13440545054471645,-0.22081501454495014,-0.36200043136620697,-0.9970772104248595,0.2096244859609104,0.589609030412528
4,0.982959924,0.9732234477996826,0.5683013109931043,-0.6660043901974984,0.6296202351250922,0.567229008113708,-0.4483700284278918,-0.695488249825026,-0.2915119042731552,0.013823287797360714,0.3879668257830659,-0.9433739888646543,-0.09599047497746926,0.302229208527811,-1.2597784241766021,0.6024033493830964,-0.40709116820586516,0.04130346071524774,0.07077494765429343,-1.2304407442033742,1.1829442351033166,0.5484938849724221,-1.0273470053652438,1.0951292614445234,0.16844023117828102,0.8821708096980655
4,0.971531857,0.9865109324455261,0.41373516400930516,-0.287749565107574,0.5044297012188805,-0.43130946333587333,-0.06481377582114803,-0.6993301897218124,-0.321458730665923,0.3002907673658504,2.028352379123646,-0.7599713019472071,-0.7805785139258901,-1.6163125334749886,-1.509870751427821,-1.1590105773280428,-1.4246870759349306,-0.24556790731411346,-0.5219259754018927,-0.8591916246113681,0.9176446456325322,0.7142932167649593,-0.11249546611656815,1.0211623659743934,1.2145203026570677,1.0178097079964563
4,0.945578231,0.9142705798149109,3.21287382755452,2.230438748765311,-2.472364186199549,-0.6390659360170373,1.5410477754990228,-0.7802279123432695,-0.28503092102865774,3.664963740574145,2.177155160129914,-0.578443062228193,-0.769110553644264,0.18893593170421497,-1.1014276364310347,-2.2997831316992827,0.20764505145361134,-0.7175710631462484,-0.6292448514532851,-0.4290646036420153,1.1006098797503145,1.4836021162823319,-0.3342776574495804,-0.024940869960297863,1.8487578263095599,0.5598098584632345
4,0.94966443,0.9316596984863281,0.3194064644122645,2.8972684980337715,-2.009770017851481,-2.129537295217145,3.3082511665517647,-0.3289001949384758,-0.23846612848268342,3.239645266450731,0.9348444269956185,-0.7933239814737163,0.2555322512043741,-5.988261590813357e-4,-0.5730976350562772,-1.0068136717739442,-1.42401119383839,-1.7066744896651223,-0.8944230778515724,-0.32680390472370546,-0.0978124037211601,-0.5258857850432186,-0.11249546611656815,0.10185952227421011,-0.3999024848220044,-0.12610859859888046
4,1,0.9606152176856995,-0.13287541899775768,1.3738563314811991,-0.22157291034308946,-2.4295772643822127,2.06091661433203,-0.5056471439836298,-0.2255523893615086,1.6651739821449838,0.758061142566699,-1.0487975432189234,0.7696157848899915,0.1548606987840031,-1.2484111868508865,-2.4365910442697665,-1.1095981721483703,-0.9852123212570288,-0.6959675895774576,-0.8258012202064693,1.1509253191327045,-0.22744698781665174,0.053841177383190976,-0.9970772104248595,1.2309940045701193,0.8987694823126738
4,0.905620361,0.8958612084388733,0.7211293508207217,-0.20769462875408645,0.8152826711208947,-0.6856151352610742,0.33454900372063473,1.1815347225389536,0.5096133303740886,0.9510994606152692,-0.4572246825816537,-0.8207833667855674,-0.0154022867333365,-0.10047359679718493,-0.56133081611811,-1.2310740086750265,-0.6905562426989079,0.17755712227417383,-1.515268051078804,-0.7026530183592135,0.9679600850149221,0.6081816444177357,-0.9164559096987377,0.3026268099788481,0.5555722261349975,-1.4229694796385355
4,0.99151089,0.9924451112747192,-0.9065804495708735,-0.40688108569480624,0.8110507749160862,-0.1213947988265851,-0.056530337621290574,-0.5729678211958031,-0.0965532414256694,0.13531049731505576,1.2078753345285926,-0.9249428640924121,-0.16198794203666747,-1.655460645800044,-1.248731679643864,-2.177645428388295,-1.1634094777780088,0.6781107423711078,0.5953991231735155,-1.069561376185949,1.4345214320152673,1.2846429181312873,-0.9996242314486173,0.6301944899179936,1.115678091178757,1.082615392977809
4,0.995181616,0.9869738817214966,0.8028440035943992,-0.8914564602103758,1.0566145631528594,0.5357445474104008,-0.3572312037671565,-0.5147574231753493,2.9321666470580534,-0.37769686952311743,2.1366759814037772,-0.8880765634541461,-1.721363084983452,-0.5380506120825802,-1.556757344998321,-0.9573649479204005,-1.4054243386821987,0.6089415288579938,0.05609186158841408,-1.3817018592877148,1.4894110022506022,1.0591558268934367,-0.9441786836153643,1.0951292614445234,1.6922576581355684,0.8514804235324882
4,0.847444089,0.9046928882598877,2.0014377043051534,-0.09837424246088076,0.624973326616901,-0.17638738574587637,0.25331090553279717,-0.6372353714632882,-0.3082704053887601,1.7046360979426152,2.154190175764537,-0.9509007183722276,-0.6947393770932448,-2.2416679994204096,-1.270093909792844,-2.3104550445004777,-1.1396507888958827,-1.047934780109721,-2.0480013806006925,-1.1964978624962885,1.6037642735742161,1.5167619826408392,-1.0273470053652438,0.14412631968571302,1.0744938363961276,-0.4271664325497166
4,0.982210148,0.9700133204460144,1.0327412551120054,-0.04401029769723997,-0.43976591321011205,0.7992760244050541,-0.39269026760556264,-0.1368680113310202,-0.3020885373334792,-0.13951836546061533,2.2981590187384944,-0.8771406841214257,-1.099451190527604,-0.26437792573021734,-0.645242500817686,0.42598250466073717,-0.8498625880765468,1.0144882687831829,0.7920025477730632,-0.6397937872052069,1.5031333948094356,1.9279443254863315,-0.777842040115605,1.5917641310296795,1.0909675383091795,0.6457545284227364
4,0.975343162,0.9836543202400208,0.8288910869613579,0.1002941961163722,0.42779221542333695,-0.6714038870203282,0.6061294412516305,-0.4841278367618442,-0.3272301472058402,0.30749437763359444,2.2489736180657016,-0.5810278916359835,0.030022274225637566,-2.2286158752122622,-1.0385408987486444,-1.728769918441385,-1.2995062726650595,-0.8540177133705835,-2.364534762490964,-1.105294063728906,1.4848368713976572,1.5300259291842424,-0.6392281705324724,0.2286599145087181,1.4039678746571627,0.6594604590958123
4,0.996280702,0.9886069297790527,1.3047306229879854,-1.2488376592927144,1.5069492262901902,0.20875415438131917,-0.9470306826685392,-0.7645210637280951,-0.10142743038858629,-0.5343305558908789,2.2652216876671445,-0.6571602706809426,-1.6901411986731882,0.14066424664920074,-1.5347839748672647,-0.802757045749146,-1.1483160628447835,1.089877603670716,0.7854514012477001,-0.9169296393752173,1.654079712956606,3.6257294830419116,-0.9996242314486173,1.8030981180871928,1.6263628504833616,1.00620591704002
4,0.872433483,0.8213639259338379,0.7407475358947434,-0.39584778872107096,0.09599121677611203,0.8399619899951241,-0.3655175535463561,-0.26890966500609925,-0.3234393464801431,0.5197675129929661,-0.5367842710143087,-0.47382611043869927,0.6247610440849325,0.2724598602430178,-0.7631915244754526,0.4036977597688331,-0.047323232132273664,0.8519830759824423,0.7126731980388242,-0.48760237756210856,0.7346794115147498,0.8734605752857951,-0.777842040115605,-0.2574082557235626,0.712072394308989,-2.8350035173725185
4,0.986547453,0.9813169836997986,0.6716679388847828,-0.21296504987942566,0.9890816014750927,-1.055259622184128,0.03758300432629822,-0.7581821038235269,-0.340424577347788,0.9907051869220131,2.3065569618054265,-0.5368949197892591,-0.8919950402382233,0.09695936110638369,-1.5062354187303129,-0.5040940243077449,-1.3002882353918033,1.1470263132161138,0.9113608354737456,-1.1927380751985421,1.4207990394564338,1.9478402453014358,-1.0550697792818704,-0.29967505313506543,0.12725597639565164,0.8411132671223168
4,0.988115942,0.9701533317565918,-0.1536488452009815,-0.35499695415768656,0.6392949291631247,-0.07423313693610237,0.20014446586796594,-0.28725594665257725,-0.29804236387128397,0.19489987255002864,-0.5878735800258874,-0.8553259748903718,0.2833831540476804,-1.8418026220175474,-1.3022231511564966,-2.820038334597669,-1.2632339234735583,0.35041874568690384,-2.624968691108515,-1.2732131508480773,1.5031333948094356,2.0937436572788686,-0.9441786836153643,0.11242622162708593,2.2194161193532245,0.9645502957053363
4,0.858093126,0.906014084815979,1.323989387218817,3.331123245674382,-2.17851627620243,-2.7437598759329127,3.8692137641284394,-0.38327300967594163,0.05462670746123219,1.2443151065764628,2.170029294598947,0.10071605146617488,0.10010874102820365,0.4457560758663871,-0.9913694155240057,-1.8946917724118477,-0.6091138458362105,-2.0735374607715547,-2.365669597578111,-0.8776173401605188,0.7209570189559164,-0.001959896578801054,0.33106891654945636,1.1690961569146527,0.4320194617871093,-0.08614732114123708
4,0.986086336,0.9777964353561401,1.16926459632179,-1.3973912370358006,1.0325216575445493,1.3186558153140715,-1.109590596632104,-0.7163582506203922,-0.26971174671518616,-1.313552548774314,2.32904965338844,-1.1018742818679559,-1.664204658741918,0.3988854649282079,-1.3033188915228646,-0.7932950893695168,-0.647870157471418,1.2367792116767424,-1.0258049943796688,-1.1619308009419727,1.5168557873682693,1.6494014480748689,-1.082792553198497,0.1335596203328372,1.873468379179138,0.9742913910553237
4,0.787234043,0.8106459975242615,-1.6039439688425088,1.6560576429005323,-0.7649642509934508,-1.7666953328602097,2.484125105465911,-0.7802279123432695,-0.37169014473420703,1.9544960803010094,-0.6686218138388259,-0.865016815762592,-0.01869364586498455,0.09619747666417762,-1.1700313502663697,-1.7420692497527182,-0.42060782042477907,-1.2060962442013965,-1.0515924325190569,-0.7267790862392501,1.1051840106032589,-0.20755106800154724,-0.5837826226992192,0.15469301903858845,-0.3257708262132715,-2.839377489592305
4,0.991750687,0.9904215335845947,0.8796706846093296,-1.5425405656735056,2.077628611837037,0.11655284585222928,-0.6511610171253734,-0.4110161913034605,-0.357134413593232,-0.2968550395853561,2.2223020415133377,-1.0849787780782432,-1.019935071604998,-1.3565198946047052,-1.6928474860080955,-2.0181620260078987,-1.1267145425864138,1.6023573737229933,-0.3144689420370992,-1.3816329145328663,1.3521870766622655,1.0923156932519442,-0.5560598487825927,0.7569948821525017,0.7944409038742478,1.030352729555184
4,0.981178801,0.9642802476882935,1.393236100799767,-0.8182845500912377,1.024321428201999,0.41356985737094126,-0.18252970142083197,0.06298144841574228,-0.34807045797701874,-0.17746257451288475,-0.5778246095323163,-0.4903740308233284,-0.4418842272683163,-0.3202892785340679,-0.8227673568386373,0.6512869108013009,-0.9296350239315412,0.5637029729437085,-0.47707523788585465,-0.8847149728563375,0.6294744018970251,1.0127320139915261,-0.9996242314486173,1.8770650135573228,2.9277853016144504,0.42699782676481424
4,0.989535219,0.9335554838180542,0.5382148965034518,-0.5387570150714021,0.043670283869008314,1.122913144082194,-0.7004782344782485,-0.6058009545823146,0.2873149129765899,-0.5440737485426385,-0.532197514699531,0.5250658474402836,0.9620825532520623,0.1059277541428684,-0.518314525535984,0.7327772045385955,-0.15137670986405072,0.978110554926683,0.7340560947732765,-0.030570355460619612,0.1125976155142897,-0.12796738874112942,0.8578016209653606,-1.2612446942467512,-0.17750750899580578,3.492853199456746e-5
4,0.961538462,0.8776262402534485,-1.7886877790114426,2.0613462629110493,-1.238636484853584,-2.0028834162564997,2.4789803588503547,-0.7802279123432695,-0.11637981115620201,1.9759781695931782,-0.6686218138388259,-1.1389202083134602,-0.08750492873272367,-0.01348370359946368,-0.6484770890654641,-2.539803987219864,-1.3356339229216025,-1.2720585241663276,-1.0816452369787222,-1.1413448164075644,1.76843298428022,1.8218327531391076,-0.9164559096987377,1.1585294575617775,0.12725597639565164,-1.1673698507904395
4,0.987864078,0.9880412817001343,1.8172692356845654,-1.2409253097789001,1.640835141088258,0.2711721455413857,-0.025128725570235072,0.45243844597533645,-0.017936944665954063,0.38012509246657733,1.6304678368023522,-1.077076891392452,-2.693295438050048,-0.514364617417688,-0.9683295157523713,-2.2324400498552976,-0.9296350239315412,2.0703100761366438,-2.4833165080824466,-0.7997299909763027,1.4985592639564913,2.657461385373495,-0.9996242314486173,2.194065994143593,0.7532566490916185,0.7305144071410268
4,0.957026477,0.9658982157707214,0.12430426460675656,-0.9299400076835086,1.0276390232973729,0.454675245552936,-0.7038567186875749,-0.5431789618855877,0.15549709515123078,-0.5417079173273839,-0.524786564449997,-0.1530911345252079,0.06349507410375259,0.0705060388045779,-0.955390657070556,0.5214106526883265,-0.5397776147464907,0.41838571603422053,0.5378880272006465,-0.6199303437016124,0.679789841279415,0.18373535502884036,-0.6946737183657254,0.38716040480185315,1.0744938363961276,0.6917380517594341
4,0.975096608,0.9791540503501892,1.7830133050781893,-0.16236131580048238,0.5374518278012939,-0.1645004322626348,0.5432063967825033,-0.2805828728708925,-0.21486448429026359,0.26726313936157214,0.8591594311617177,-1.0188953149593496,-0.6145618642906597,-0.1525554982583547,-0.7848224111043418,-1.6369943874277566,-0.7256478707802098,-0.35529818890990894,-1.1676980732837785,-1.0347231319292283,1.2972975064269305,0.9331483347311084,-1.082792553198497,1.1902295556204043,0.028413764917341156,0.8948837366499177
4,0.988849606,0.9523149728775024,0.39261935032361656,0.7291984459354308,-0.8961275222016082,-0.035405201519278846,0.6839035571981557,0.07274420012038327,0.548969758606167,0.28744510562925296,1.7668136927825904,-0.47419768953081726,0.11946692373872733,0.43606152376370516,-1.0868688212090218,-1.5462313550390308,-0.29116818919919135,-0.696730422929161,-0.1391360090058684,-0.3830995952161211,-0.14812784310355032,-0.22744698781665174,1.0518610383817464,0.9049286730927608,-0.17750750899580578,0.5073227151651599
4,0.976882789,0.9775756597518921,0.12232376900238254,-1.264213135280103,1.3785669118490251,0.5378596703727637,-0.8911958195149724,-0.3435775194092089,-0.2799130654944124,-0.35166632048013435,-0.49711099528685804,-1.0592063285383935,-0.3074990504719254,-1.553841581416413,-1.0045162839939885,-1.7276181845567313,-1.0158180455182422,1.4978602828226857,0.17567872363685125,-1.2385900142264845,1.4070766468976001,1.7223531540635855,-0.9996242314486173,0.4082938035076048,2.0546791002227067,0.6390513526227892
4,0.984249084,0.9502561092376709,0.7851893620365149,1.0869394536943764,-0.833085856899632,-0.1901528491199758,1.7029077672143382,-0.5832066414928301,-0.28430770107498804,1.2769170268547194,-0.5651447333364997,-0.8479032286549513,0.5316989599115484,-0.5054416141399533,-1.2669829101410224,-0.16494040412108069,-0.577191203209715,-0.6773113549702492,-0.12952899052789496,-0.8798520694810128,0.9542376924560886,0.22352719465904938,-0.6392281705324724,-0.32080845184081674,-0.03748104273486578,0.2992575749013358
4,0.961876833,0.9481633901596069,0.48836093163656796,-1.2153598450622949,0.7887410852374103,1.724524718584729,-0.8289702305743012,-0.47397507100028485,-0.34064360959948076,-0.6405058522310125,0.24058771826892233,-1.016675376182649,0.0016309988588506952,-0.5101484533729481,-1.2392137617631709,-1.8004505258151147,-1.0591116782791727,1.2078194485339255,-0.128967255178602,-1.0286596705561393,1.4345214320152673,1.9146803789429285,-1.0273470053652438,0.09129282292133467,2.3759162875272164,0.7134738889199039
4,0.950928382,0.9626878499984741,0.45840213528458634,0.2426918490128071,-0.452412926707541,-0.16491410817173224,-0.1975290801193089,-0.3527677205781194,-0.27199065797739497,1.3230060629866736,0.9936183449979795,-0.025441262892273168,-0.5779973213569746,0.0952083853985859,-0.9135011026788222,-0.26889407677452604,-0.9049399418163193,0.010345998280036177,-0.1445154315341993,-0.5271546045236808,-0.11610892713293827,0.09751970249672125,-0.6946737183657254,-0.19400805960630874,-0.3257708262132715,0.7435889779429298
4,0.993648553,0.9834067225456238,0.4517546275214039,-0.20357452182607375,1.6742392215444988,-1.81408296433685,0.20514449356142786,-0.7802279123432695,-0.3492761677398106,1.1061020714623278,2.3168551247615827,-0.7268548443694248,-2.408560929199711,-1.361682692311247,-1.7371374044184809,-2.4055625948494983,-1.3464020768279272,-0.28883817231122505,-1.8002211004312942,-1.2510497103227323,1.4025025160446554,2.6044055991998833,-1.0550697792818704,1.528363934912426,3.850312608745349,1.0839260636887378
4,0.993513514,0.978068470954895,1.090534499892732,-0.31040070184515994,-0.300804985222356,1.2649638463190087,-0.09772504704225846,-0.24798648702644716,-0.30301856535819643,0.8905394741292304,2.30737664153918,-0.9957713156110051,-2.777759467549743,-0.9617075584839962,-1.4558162083477713,-1.8027449879585415,-0.7386204898378507,0.9840045555051631,-3.5102236297982987,-1.102078480362765,1.6357831895448283,2.45850218722245,-1.0550697792818704,1.5811974316768045,2.417100542309846,0.7867515713104872
4,0.991934593,0.9894095659255981,1.1112680009820386,-0.4180663138225706,1.7082789035105346,-1.5330202203137413,0.30873735492872845,-0.7752818783268853,-0.18306713542901212,1.6618497581161913,2.3221814501042553,-0.8035732678673869,-2.9278670803301896,-3.3020944733662407,-1.5924031715220548,-2.643467287849988,-1.0713444799091059,0.12380060081540374,-0.0907705624882246,-1.0607649447306593,1.6449314512507167,3.7716328950193443,-0.9996242314486173,2.120099098673463,4.715181959180565,0.969257160819246
4,0.899509804,0.8815372586250305,-0.5373201551785081,3.968200440605816,-3.0975148292804957,-2.459976827563937,3.749631594378998,-0.3414370766488478,1.4965807662548158,2.383131262682648,-0.3739905770841147,-0.057116893463636936,0.29162638049959444,0.1846660103682342,-0.29213937677184215,-1.312766605344346,-0.7233073381691364,-1.9439257646395915,-1.4872189527058208,-0.2798047249750815,0.679789841279415,-0.0749116025675175,0.5805738817990953,-0.4159087460166976,-0.43284988864810797,-0.8889525114960894
4,0.974605353,0.9337819814682007,0.389054366126913,1.7385708831786255,-1.060919667923784,-1.8924083463655648,1.9404416876649724,0.08047718961250129,-0.1644609193236462,0.9433954891688122,2.208646475262658,-0.8357775212304823,0.7780248581782572,0.5104610049526097,-1.122948875642841,-2.0986307498590366,-0.4110802288266116,-1.3889846304801077,-1.9432215511327544,-0.85329638844011,1.0457203095149799,-0.10143949565432346,0.053841177383190976,-0.5427091382512056,1.0827306873526537,0.3204507091485818
4,0.975421348,0.9775441288948059,0.8186389611139958,0.9246472902394136,-0.6246146079093705,-1.0549465225492096,1.0743492540777348,-0.5913812235180687,-0.32708255281365894,1.9263460968877182,1.2138731612062112,-1.0252700847963596,-1.022273044304055,-0.11537724114440144,-1.3211268696421294,-2.0663185692917407,-0.8433946876502216,-0.051620481205897746,-1.3546121574262489,-0.964101640642662,1.365909469221099,0.7607170296668699,-0.8610103618654846,0.5984943918593666,0.35788780317837626,0.9652211022805415
4,0.984587156,0.9807680249214172,0.5020998575389762,1.4857481199377618,-0.30097836774655923,-2.088838544123651,1.8584560971826989,-0.746626811869081,-0.26439080180038743,1.8884066883976758,-0.2976608944272793,-0.6542592154084043,0.18031813634011445,-1.276255600844744,-0.5831505435398839,-0.7848729546022335,-0.27991895599365557,-1.1017491065736196,-1.2398583958775007,-0.6602510748638976,0.8444585519854189,0.37606257990818365,-0.36200043136620697,-0.32080845184081674,0.07783487065649654,0.6641508390199774
4,0.988422576,0.9488291144371033,-0.4321482145487287,0.48168337221003565,-0.23002042876588114,-0.5920646537337994,0.35137028244596913,-0.6247028204078486,1.3267051675263581,1.7905454948299289,0.2036947109169054,-0.059314856582996754,0.45908906559314855,0.3150920730242862,-0.9567414976862102,-0.3576920483257538,-0.7516155782953842,-0.8867380543859367,0.1349676864102331,0.08040955678754938,0.27269219536734896,0.25668706101755684,-0.5283370748659663,0.10185952227421011,0.4814405675262644,0.2052916989712493
4,0.975812025,0.9602140784263611,0.25618807730698306,0.8533569346916113,-0.1376033338525181,-0.8621129250025732,1.4678192288904275,-0.22347602920465334,-0.3607155057105849,1.737221248576985,-0.5917774263085226,-1.0169089429619744,0.247086754316248,0.07656079134726308,-0.9082777108121334,-1.8409672248060809,0.09910015966500002,-0.24027814533526087,0.3156747598830163,-0.5912263440996255,1.2103890202209837,0.654605457319646,-0.8332875879488582,0.5456608950949882,0.654414437613308,0.7768701228866896
4,0.978305085,0.9618673324584961,1.5236403341552658,-0.25205498803585397,0.9274018208680738,-0.5616557205550864,0.29947437322057596,0.1907641482312198,-0.21019554045899796,1.7996956804391033,-0.11851033846291517,-0.8396824100296735,-1.4469429226054256,0.47040731248619727,-0.45900505092151256,-2.0208870850573972,-1.1775787867196872,0.647678826714402,-1.0843183969252432,-1.1493083952242822,1.082313356338536,0.8535646554706906,-0.9441786836153643,0.968328869210015,-0.4575604415176855,0.19498910955424986
4,0.953365276,0.9552537798881531,0.8933136547841701,0.034932448083881754,-0.4458231531070686,0.20761217101229246,-0.5449689729355147,-0.5774599921917136,0.1753121206956818,0.8555911372988875,0.20398712814722045,1.3291451391298215,0.4277084168496422,0.32644687158278624,-0.4517178895539572,0.5829099699791455,0.8036138900275391,-0.6249624516288005,0.7048691585592198,0.7131486655159133,-0.3310930772213327,0.09088772922501966,0.3865144643827095,-0.2574082557235626,-0.4410867396046338,0.33753396129907637
4,0.972256405,0.9636541604995728,0.6036427644720781,-0.23680661220352645,0.24100569492705948,0.2228728695724818,-0.14855489700741886,0.04127103649914333,2.880430940821918,0.24965228144793306,-0.4234540709681511,0.7798183701057148,-0.2371367426070859,0.11684077915574456,-0.7659404103755609,-0.5691574679837015,-0.38597654153032646,0.20920473987955077,-0.9453150613329059,-0.3730621581735558,0.45108329863218705,0.5816537513309296,-0.30655488353295396,-0.5638425369569572,1.2474677064831712,0.7036283546594823
4,0.898854962,0.9476907849311829,-1.8665692822134077,1.7779842431263724,-0.06271889580965481,-2.6045319938549003,2.776158133016818,0.0755400666481743,-0.37169014473420703,2.4211316913241894,-0.6686218138388259,-0.7458374771190399,-0.6615734188750366,0.45412051870428266,-0.558542245562036,-0.38213801328990765,-0.9234529208297516,-1.347820945394209,-2.8621420424204156,-0.8474572273361286,0.8673292062501416,-0.1147034421977264,-0.5283370748659663,0.35546030674322643,-0.47403414343073735,0.6130014492445572
4,0.961836283,0.9501537084579468,0.4204721527911636,0.970488046417274,-0.8085771511610211,-0.19531301862406805,1.1704621730565914,-0.7802279123432695,-0.37169014473420703,0.8479311152859191,2.3178340596026303,-0.8463415844523056,-2.235122042821557,-0.5719787949183748,-1.5133820365874129,-2.700020451281371,-0.7783953925563937,-0.5825942638904643,0.6411895267881279,-1.003233764231356,1.5031333948094356,2.1070076038222716,-1.082792553198497,2.109532399320588,0.5390985242219455,0.3315959894108566
4,0.994544288,0.9801164269447327,0.05741631591986266,-1.249599577202772,1.2515227354145084,0.9226652893142303,-0.8233848180095538,-0.2344149207281271,-0.3513046469453119,-0.1271459386784634,2.314434359377747,-1.0963574549818746,-1.0095669964416192,-2.7153701959064387,-1.4902788001108895,-2.71864035230774,-0.17455811437769234,1.7845958923895815,-0.8282321465904746,-1.212625419550484,1.6357831895448283,2.5579817862979723,-0.8887331357821112,1.5706307323239286,1.1980466007440158,0.8892341738104763
4,0.950837193,0.8432011008262634,0.7805493729828054,0.4994928377666271,-0.5475662936841696,-0.0069468582054098196,0.4292107903481179,-0.17216453009135543,-0.32050005711589935,0.8440755526912965,-0.6073781237861194,-0.2657421019216301,0.5468024448245211,0.3750367440407377,0.05660596870284579,0.6404981879709738,0.021037096333032686,0.46072592071982915,-0.0858046062651779,0.14910886830893502,0.2772663262202939,-0.18765514818644272,0.13700949913307078,-0.21514145831206002,0.30846669743922117,-2.7506021751768475
4,0.94534413,0.9439594149589539,2.175768516492554,3.0646059427748273,-1.1880188896852646,-3.1401531439585293,4.791406919899967,-0.2310663747288567,-0.24178991777154243,3.364941314814643,-0.21476945149576554,-1.078869085571155,-2.5135437576843485,0.17811078086215462,-0.9789904062148036,-2.6265986330767577,-1.3595147862331114,-0.6074646599741764,-3.152976933574466,-0.8445073110920044,1.5031333948094356,1.728985127335287,-0.9441786836153643,2.7329676611402522,0.4567300146566867,0.35508381954941276
4,0.989467999,0.9726579189300537,0.8970384410271718,0.41360019397657233,-0.20170514147785978,-0.40809373857266484,0.7509478192552148,-0.6834828911104555,-0.3073279341940227,0.41022732360552383,2.2570567176096796,-0.7976089003865585,-2.861298642292988,0.1803162774498139,-1.3374860333924308,-2.1475452843835936,-0.772015664681413,-0.510280111347785,-1.15839648986005,-0.7427430144086049,0.9999790009855342,0.8403007089272877,-0.8610103618654846,2.120099098673463,1.0333095816134983,1.001984907101676
4,0.964893617,0.9437227249145508,1.3140844913401677,-0.6081006489051641,0.6732190942590569,-0.08031241336110892,-0.552303626307688,-0.6373874913123759,-0.3463357497624507,-1.4056184515334331,2.3286241449587353,-1.0450104737918484,-0.12777199247698098,0.1713682553504621,-1.5687734204421109,-1.52270459820137,-1.121311125440696,-0.6476722901375513,0.515671098312523,-1.3163367161108093,1.2927233755739862,0.8800925485574964,-1.0273470053652438,0.4716939996248586,1.2721782593527489,-0.33269662988189186
4,0.948437841,0.9775052070617676,0.6802263459044754,-1.1526568615769777,1.5395626828090008,-0.025538703923345688,-0.8423566436061733,-0.3298217427327952,0.4141536084509524,-0.1523744595078943,1.3032988181247889,-0.7847119003103881,-1.11529961697696,3.02400988800501e-4,-1.2501260272535581,-0.8088121748766134,-0.20137644728056378,1.1405070283336065,0.14337624213540634,-1.1638980246136539,0.5928813550734681,0.05109588959481065,-0.9719014575319909,0.9577621698571392,0.7532566490916185,0.6987999930429701
4,0.989542114,0.9743489027023315,-0.1481778990519267,-1.1637342162794577,1.022497399108616,0.8366474354848731,-0.8858954321598725,-0.3754191816632337,-0.29089719696900135,-0.1539966431830561,-0.6168073549642785,-1.1389202083134602,-1.4732723207745009,-0.03626897712264525,-0.3820589223775033,-0.8732507788514839,-0.5777556831156322,1.411526798444874,-1.1847853936339943,-1.1920670129180153,1.429947301162323,1.569817768814451,-0.9996242314486173,0.8626618756812583,1.2145203026570677,0.7572043054898214
4,0.971608833,0.969516396522522,1.9673083014304593,2.0771235708373177,-1.174063507782983,-2.461624753471486,2.081569064231232,-0.49785147546718667,-0.37169014473420703,0.8808859627771358,-0.6117403258767284,-0.9068614530988853,0.3238803590095855,0.191041647896415,-0.576663177761947,-1.6884742578866008,-0.4584571559236298,-1.7025310397955253,-1.0700723918543424,-0.5069556298798231,0.9816824775737557,0.40259047299498946,-0.9441786836153643,-0.341941850546568,0.41554575987405734,0.8616870292405389
4,0.99234799,0.9903756380081177,0.29530671747109527,-0.365828955706254,0.747113101006623,-0.5870019593732377,-0.28677438010254164,-0.5375156691881556,-0.3240099705402815,1.9908601673953321,2.015861791518321,-0.8853607841869784,-1.2206059916933796,-0.7415007976474406,-1.432925967739583,-2.646419641631557,-1.14814516594183,0.3229531340928272,0.364896378577996,-1.242488610297326,1.3704836000740432,2.6309334922866885,-0.9719014575319909,1.7713980200285662,0.2590455917000658,1.0053932854990628
4,0.967781908,0.9718079566955566,0.03801527741114806,0.7575488734171985,-0.08498738074196893,-1.4760405786024602,0.7042599529418457,-0.7062499532911888,-0.13545423607323318,1.9556328456787273,0.9475783830313034,-0.2820569135278398,-0.07138957952615081,-0.14003159757709024,-0.879861640763329,-1.5914704359662808,-0.17283758698878904,-0.6274985045727774,0.1354093650243625,-0.645493220272695,0.5242693922792997,0.5551258582441237,-0.5837826226992192,-0.1411745628419304,0.4979142694393161,0.36000474681469685
4,0.935888201,0.9471518397331238,0.8725246987613964,2.08849867569177,-1.4444054805198698,-1.382829297893068,2.35381132150092,2.3406806020596407,-0.20696146042958166,0.8806509107006394,2.313486152199964,-0.2385025517480686,-2.8455671726437877,-0.5984777851147738,-0.09463655556338066,-0.646212456459633,-1.3367098156148394,-1.5912267862548448,-2.1772386107436357,-0.6010615431946347,1.1554994499856495,1.5101300093691377,-0.8887331357821112,1.9615986083803278,0.4320194617871093,0.1394111076593016
4,0.977134939,0.9648138284683228,2.4466424464445042,0.45339456541937184,0.07264523401972943,-0.6774358205831011,0.61153046368271,0.6927958887973962,-0.3579362016623465,1.3318158353532958,2.3256848746373087,-1.0114286563974395,-0.4756190929205391,-0.2696475007917047,-0.7944307938346192,-1.8336126029888287,-0.9689275259673192,-0.44498289620397263,-1.7600780255399644,-0.9028502011717255,1.5534488341918256,1.9810001116599434,-1.082792553198497,0.3026268099788481,0.4567300146566867,0.08788108662778531
4,0.995895632,0.9928619861602783,-0.7529566300934959,-1.9019919467688602,2.7158904476449046,-0.18203323919960712,-0.8294891143497463,-0.6489766944969713,-0.3065115348171541,-1.218965584307384,1.7084329450392963,-1.108665309499005,-1.221275860766304,-1.240916139992852,-1.648052583002158,-2.505176216708791,-1.4882732110925672,1.8729714666773276,0.06282940701304665,-1.4916007177798565,1.50770752566238,2.007528004746749,-0.44516875311608667,1.0528624640330209,1.9887842925705002,0.9770783039662578
4,0.989412897,0.9867842793464661,0.915439712692545,-1.3928592980510677,2.3557693508375857,-0.5167170684703064,-0.6222579689153062,-0.7227923452926801,-0.35131118708919506,-0.1875015216947931,2.324082921675363,-0.9076357268024191,-1.765557681005511,0.08553292748898907,-1.6722010854284228,-3.192315326325727,-0.8286547244298832,0.22993636395535286,-0.4134130216423497,-1.4498937374134147,1.4894110022506022,2.7105171715471066,-1.082792553198497,1.8876317129101987,1.7004945090920944,0.9248713598308
4,0.976683321,0.972270667552948,2.3502823204785996,-1.5160090621359577,2.8819096384547835,-1.3111608418136425,-0.6244174600034232,2.2014200241033857,-0.05053246374574832,-0.32175683773292363,2.3122828850115145,-0.973254497023448,-3.007462340585123,-0.1895794603518695,-0.493555932863124,1.1864245837958254,-1.215966373894448,2.3644470980031245,-2.8216298780982556,-0.5958686242594344,0.9679600850149221,0.6612374305913475,-1.0273470053652438,1.6551643271469336,0.13549282735217763,0.70018530502969345
4,1,0.9630100131034851,-0.38683621733203555,1.0122593092232668,-0.597988913344334,-1.2815745341595066,1.223341096147416,1.3342602107650325,2.8309287070613336,0.6227949390094966,2.3011393159764424,-1.0376042460439647,-1.3721612344888703,0.2212530679688777,-0.8925946154680913,-0.36211522632024684,-0.7735815664460385,0.1575495783804398,-2.7335328909038266,-0.8243754426761994,1.1509253191327045,0.30974284719116874,-0.8887331357821112,1.20079625497328,0.2590455917000658,0.8138496252946882
4,0.982556391,0.9877798557281494,0.24384277153880735,0.05539003883285161,1.3551350140032168,-1.4162916645201102,0.9936188691389651,-0.7533066098921576,-0.2379612795249001,2.4483419503665855,1.3326564426913265,-0.8741226302885452,-0.2349481493614689,-2.9339064058568973,-1.2233045995520146,-2.3505275244162918,-1.1631995012043101,-0.5949695049238883,-0.5835371404319548,-1.1085933000642632,1.5763194884565483,2.2993348287016144,-1.0550697792818704,0.07015942421558302,1.856994677266086,0.9147452175488896
4,0.963235294,0.9549940824508667,0.7906618117267595,2.1626736886996656,-1.0266013073357458,-1.937584357498295,2.763454516020726,-0.6156813491816447,-0.3133066787260993,1.6474680716215773,2.0990703664619934,-1.084830042541544,-1.3208679943153316,-0.15739069550678544,-1.7326185370183824,-3.5728361390521792,-1.2861263623741008,-0.80964532359806,-4.118943883337543,-1.0794250724462955,1.6632279746624954,2.0804797107354656,-1.082792553198497,0.4716939996248586,1.6263628504833616,0.6063503947736977
4,0.995542348,0.9664316177368164,-1.75998112092265,0.556911751396007,0.025716041701305703,-0.9752722286140644,0.8014493591011795,-0.7802279123432695,-0.24191055312656895,1.0839781530957162,1.8331388606292687,-0.9421702443425549,0.7097001469081089,0.08553292748898907,-1.5754165550420498,-3.403392194192451,-1.2795241958559054,-0.9200841516973559,-1.1513109098966439,-0.8243625729886277,1.45739208627999,0.9729401743613174,-0.36200043136620697,0.6407611892708694,0.4320194617871093,1.019355096409007
4,0.975903614,0.931470513343811,0.38466732417323424,0.9642075433366978,-0.6955878209427079,-0.37565185706539533,1.373548820590642,-0.4207366246859457,0.48929012466074717,1.3113402183801595,-0.5499410385485131,-0.45942607791730833,0.481392734175077,-0.5939159953987598,-0.4169495148668168,-0.37392333835803404,-1.2429428533634757,-0.4704528062937398,-0.4388917704456258,-0.7391477752590975,0.5059728688675219,-0.008591869850502634,-0.6669509444490989,-0.4581755434282005,0.40730890891753163,-0.12923411207380175
4,0.974053296,0.9666072130203247,0.5315377039609103,0.8135907684848576,-0.3712844265689213,-1.3847861566242496,0.8575774090905434,-0.5919109472959257,-0.21578254412481596,-0.3092261678699139,2.3302855397373383,-0.849628984748511,-0.029004550941050016,0.13567428188450062,-1.58373397561074,-2.2351229432698223,-1.1846955762194473,-1.2009297866376627,0.47608074383097504,-1.0736943844232758,1.448243824574101,-0.008591869850502634,-0.5560598487825927,0.5984943918593666,0.0037032120477636108,0.5157367527406026
4,0.981365407,0.980241596698761,1.011945275790991,-0.506004982890308,0.5682707847510822,0.23251696494818486,-0.2898958134499174,-0.643728424985883,1.2480899733360626,0.45216256567775126,1.883005483682355,-0.7351544852007089,-2.0360036916148077,-1.331926721355128,-1.5418444210682039,-2.309089001502876,-1.251105884606432,-0.11359360362928256,-0.5401511324802255,-0.7364681224539799,1.1463511882797601,1.6295055282597648,-1.0273470053652438,0.6618945879766207,0.8356251586568773,0.43781871839751324
4,0.959609559,0.9587640166282654,-1.1478409845083901,0.5941189411550066,-0.41935222923799154,-0.16046531512647422,0.5329176428883458,-0.4186796235669331,-0.23806255520284827,-0.40784418050882076,-0.040465240390809114,-1.0151190885161356,0.09276267644302873,0.21385812289938647,-0.5677263774185076,-0.2965373144817052,-0.4247232886404468,-0.30681197494627427,-0.6833439775722072,-0.46159825455999504,0.908496383926643,-0.001959896578801054,-0.8055648140322316,1.0845625620916475,-0.30929712430021983,0.8288271070617548
4,0.724139811,0.7314699292182922,0.4433781286670657,0.0501839179398258,-0.8861245887020052,0.970847894567158,-0.7053071247787014,-0.3205833654893771,0.30993490767936627,-0.40644066345901225,-0.38551486287980036,2.2648858688283564,1.12304504674805,0.2519581121397208,0.5329285143854565,0.9854191827552071,1.3431383608048986,0.0993402443100875,1.2567355630895665,0.6003302264717804,-0.9486007423688483,-0.49272591868471116,0.1092867252164441,-1.5254121780686432,-0.5316921001264184,-3.1927014540890064
4,0.996174027,0.9801978468894958,2.6800747264711395,-2.20200454221338,2.737575887047794,0.5128863025521766,-1.238146552667558,-0.7606578796325669,-0.33175935183667826,-1.241623877840173,2.3219992352744683,-1.1128976125968943,-1.9139201102152223,-0.3079333048805201,-1.487418576449637,-1.6047409482563157,-1.4727575859269757,4.000603094347797,-3.7106649879343307,-1.2268151693617335,1.6998210214860516,2.9227403162415544,-1.082792553198497,1.7608313206756903,2.9277853016144504,0.7843479881242106
4,0.996234703,0.9275622963905334,0.45486405228423166,-1.0310650638953622,0.41400593194503155,2.013551648335918,-0.476297317579269,-0.7802279123432695,-0.29196474650986776,-1.020533073845028,2.3319019617211185,-1.0558246790708805,-2.0748118782745872,-2.567239704540426,-1.6740942366958478,-3.1621930218951895,-1.5279824216692663,0.7570936680865705,-1.3194532856633068,-0.7875120611537244,1.7547105917213865,2.59114165265648,-1.0273470053652438,1.3487300459135394,2.804232537266562,1.0415297372659775
4,0.979400496,0.9853187203407288,0.7513565970014447,-0.7147693197710395,0.8931894929260789,0.08361792453473173,-0.5677116908599181,-0.7115981993460467,-0.34017734437806874,0.41695054702311396,2.2169667999282185,-0.71406014283415975,-0.6962006778176832,-1.180126324737527,-1.4990288295248695,-0.4237897272516342,-0.8261278089508061,1.0530866140527853,1.147483145004767,-0.9976611895127895,1.2332596744857065,1.9146803789429285,-0.9719014575319909,-0.1834413602534329,0.7532566490916185,0.9835697562875833
4,0.895348837,0.9108119010925293,4.494341756701305,1.5991277280282055,-1.9283703863795068,-0.015058587417477946,1.4802775972565343,-0.31184420588076106,-0.3624574105607516,-0.36874916272576824,2.3156500198697203,-1.061936065430982,-2.3082484182659457,0.49811309053640124,-0.5507432593530295,-0.1532160411222157,-1.1456553636791302,0.5986437701275975,-1.4966828595755493,-0.3411480907858161,1.0777392254855918,0.9795721476330187,-0.9996242314486173,2.8809014520805114,0.6626512885698337,0.13020658233944535
4,0.987575038,0.9846112132072449,0.60621730107171,-0.49747073754843324,1.4033501775996815,-0.954789313958981,0.17109986505947833,-0.7802279123432695,-0.3295673258396747,1.983738966471312,2.319347735182886,-0.9428907717207085,-2.552988208053341,-0.8016858115414811,-1.64714476921428,-2.4209071464613148,-1.4552158636562145,-0.0018253211634865008,0.25163535634449896,-1.0792016914405858,1.6357831895448283,2.6441974388300915,-0.8610103618654846,1.3381633465606635,2.2770740760489057,0.7069428754140598
4,0.971794202,0.9679280519485474,1.445765481752597,0.3265000549300862,0.2705987325891495,-0.8533710002182858,0.6849395191574341,0.014614928926549666,0.22568801502877847,1.512850441507371,-0.63944473992114,-0.9922196171602065,-1.6438221679422211,-0.02502935361089935,-0.41681067009508965,-0.9042899675768047,-0.6876770255210463,-0.33591241508245323,-1.388851673415444,-0.8030981720665086,0.9542376924560886,0.6015496711460341,-0.8332875879488582,1.359296745266415,-0.02100734082181408,0.9026093049468545
4,0.943239796,0.9311245679855347,1.4563466528475701,1.2734721567376992,-0.536927175962555,-1.1420019523515308,2.0040101154566727,-0.15226449664107553,0.5803178005037035,1.1644942152922346,-0.48271100666813027,-1.016941365100625,-0.08179914443004102,0.5752875598264873,-0.07645803946839963,-0.36832630339731454,-0.586064652883205,-0.35142551760146284,-1.656385408906494,-0.5429668542323683,-0.010903917515213536,-0.14786330855623384,-0.6115053966158459,0.6301944899179936,-0.34224452812632333,0.272989357239454
4,0.992441299,0.9887309074401855,1.2790443759601997,-1.5055484718525594,2.9669971926217853,-1.2898445808867884,-0.257228235233484,3.2434092525076936,-0.3180491027826128,-0.5157680728666647,2.32329892764754,-1.0986151681667253,-4.370100349963065,-0.43042033849514616,-0.18768927832395454,-0.5074869940087975,-1.3303371172882428,3.40746048545192,-3.4745915783288948,-1.3006044423177459,1.6998210214860516,3.5328818572380913,-0.9996242314486173,3.4409365177829216,2.26883722509238,0.7686713413305284
4,0.925775292,0.9769017100334167,0.605085276785679,-0.423856851993433,0.6654537174054889,-0.028209344887395495,-0.176181674103214,-0.6200148434770039,-0.12141592759615012,1.4294360403278097,0.925667202115012,-0.23761910389928245,-0.1420457903928952,-0.0860518948429965,-0.8809736837735638,-0.5455920666225176,0.18130481741642995,0.26797201293448386,0.09399794824356321,-0.6805033667848379,0.5791589625146346,0.846932682198989,-0.2788321096163274,0.08072612356845885,0.7532566490916185,0.8613273969761428
4,0.565778854,0.6442767977714539,0.03462849670850024,0.5768250187429892,-0.862027918772768,-0.011183077270098025,0.2426438299009798,-0.7802279123432695,-0.29478795229026117,1.2528763671909635,-0.5497705691829613,-0.6045669970819038,0.6712021020692343,0.5621337786437047,-0.6290930741964681,0.4847942220281055,0.4838865456104977,-0.8729867345843654,-0.34334802697053046,-0.35501701767116994,0.47395395289690984,0.10415167576842259,-0.7501192661989786,-0.7963099227202219,0.7203092452655151,-1.462292201308849
4,0.961405245,0.9692344665527344,-1.2227487541531907,1.3941193811169372,-0.4016701416462981,-2.035290620515891,1.5944430877317566,-0.7359363090963128,-0.3009713299271212,2.4297468774539763,-0.10541893994743562,-0.8617382781443713,-0.6819450927798311,-5.31894230321084,-1.4554472147896638,-2.7528626501151776,-1.4468336197581773,-1.1468063731498999,-0.5805924582980799,-0.563577658878522,1.2652785904563184,1.9345762987580326,-0.9996242314486173,1.8453649154986962,2.384153138483742,0.9626598140499008
4,0.949797318,0.9698911905288696,-0.016966135398210954,0.08874645641966981,0.18211852066969675,-0.21989537223427125,0.23971990061364526,-0.30468834374096515,0.5414272631943015,-0.11517570259336828,-0.4792041400850297,-0.8851764391901947,-0.17892889212132385,-0.9009393775057092,-0.6345779709907536,-1.2119459857476877,0.0036604714379387623,0.34725051782245664,-0.19006673112911895,-0.5263971314837435,0.7849948508971397,0.422486392810094,0.9409699427152403,0.7569948821525017,0.5061511203958421,0.8488429403623352
4,0.983308042,0.9538149833679199,1.2322309303245045,0.03360001848892098,0.393574423971585,-0.5019959506578985,0.41576570388754874,0.12531918526534147,-0.04235660262681971,-0.11862164183899038,-0.5454936763501242,-0.8412464585531684,-1.2883941491823727,0.4490253783790019,-1.099490724922079,-2.455098725782382,-0.5263640845129076,0.5897212653475777,-2.277556972246021,-0.8199611398390899,1.4345214320152673,1.961104191844839,-1.0273470053652438,0.9577621698571392,1.3298362160484298,0.7503186968608897
4,0.961251167,0.9459972381591797,0.4981895939134745,0.17854887482849766,0.8008353519099028,-1.017178579697518,1.2049425275297907,-0.362331878007579,-0.37169014473420703,2.402533367549893,1.8315346807855097,-1.0702342835610903,-2.9915148392272553,0.2678401814105466,-0.9617616923718759,-2.843558244986903,-0.8516135936347972,0.875016757107742,-0.7919156408470688,-1.2242715675395177,1.4528179554270457,2.2131191761694953,-1.0550697792818704,3.2930027268426625,1.2309940045701193,0.0846254742595806
4,0.986764035,0.9071059226989746,2.310552633049329,0.07524710294894743,-0.0532175236937549,0.0759274615420871,0.38530379665076203,0.44654226465551883,-0.3354171828174025,1.6588066486574797,2.3338710370364373,-1.1120357403718917,-0.7455520282217486,0.47433389020522526,-0.20255041113145475,-0.16474548799766842,-1.3019100227923723,0.4137740851115277,-3.16793878049024,-0.9330985632823221,1.2241114127798178,0.9464122812745113,-0.9996242314486173,1.3170299478549126,0.6708881395263597,-2.3127693386009636
4,0.980380842,0.976374089717865,0.4984176580841521,-0.6315012953505476,1.2386254376960393,-0.14975416172302625,0.24526728158482908,-0.6381637607614623,-0.29150973565901217,0.5293475345530863,0.11433562093521708,-1.0667583715338727,-1.2151792709884905,-0.09176075363166548,-1.001493013133606,-1.8297667927800054,-1.3925607459301994,1.6331990322106256,-0.8839264106079271,-1.165418486273916,0.6523450561617479,0.3362707402779746,-1.0550697792818704,1.0845625620916475,0.6955986923959374,0.4104279541691954
4,0.810292634,0.8148646950721741,0.834380698693782,0.5979192077699813,-0.1646994822922099,-0.9286447178285264,0.5223521808223357,-0.2382703108979634,-0.37169014473420703,0.40392718136547934,-0.012656024750341324,-0.870061881853759,0.9608115470774033,0.30342871793525433,0.026847173720687748,-0.5523752985654732,-0.2918210676128105,-0.5466692628331332,-0.3163906277556161,-0.8213648550478084,0.6706415795735258,-0.6717891970206513,-0.5006143009493397,-0.37364194860519506,-0.5152183982133668,-1.9326629918784715
4,0.986809045,0.983296811580658,2.1257341402287926,-0.7994298737358003,1.52588662517386,-0.3098658675112065,-0.29264134601094943,-0.5272065630239727,-0.29178925042576076,0.8556135220675035,0.24013662203555577,-1.0511256177308559,-1.1885671435739906,-0.4759843275675088,-1.1633805569153917,0.32971677514656517,-0.8225220314122214,0.08615406721316748,0.461961233942778,-1.1114099231156798,1.3476129458093205,1.5499218489993467,-0.9164559096987377,1.8559316148515712,2.7218640277013035,0.8596178599033936
4,0.950765992,0.9615781903266907,-0.6439151298135589,-0.2393061045878059,0.055760452909184126,0.397856849314414,-0.2634834400537565,-0.6019771661986995,-0.07374825453534971,-0.11202321641558861,-0.29305498308219957,-0.8321938714418359,-0.7484208028695785,-1.1895850779650414,-1.2580148157869542,-0.9957316787790692,-0.19531872450709317,-0.10110253060914812,0.35213135889936303,-0.6492254296685016,-0.6192633209568398,-0.5656776246734275,-1.0550697792818704,1.211362954326156,1.3710204708310594,0.9606208512062672
4,0.979132854,0.9633875489234924,1.6285790227200097,0.42523279164929595,-0.4153558932818992,0.02347672541784073,0.6196254765785653,-0.26137021139085276,0.06278138886158466,0.11416748952039509,1.8243440262168178,1.2741157579770428,-0.22585191592478168,-0.9055677321658181,-0.056391084278741864,-0.7239067600655836,-0.4137142850862287,-0.9841261110250474,0.016826220776198404,-0.3311906296588755,0.40534199010274147,0.08425575595331808,-0.777842040115605,-0.9336770143076057,0.6461775866567819,0.5793560273996067
4,0.992372235,0.9753811955451965,1.3889374426860617,0.47145196150992585,1.4080661375057089,-2.416942208421237,1.6978698749068155,-0.7802279123432695,0.27332621377127203,1.2390584669253768,1.1843238471941058,-1.0433067227806794,-1.2537498158686933,-1.5035335432268826,-1.405514919608199,-3.02772823047849,-1.5342828330986962,-1.0727084785770282,0.018001160101653875,-1.2823579831312018,1.654079712956606,2.3391266683318235,-1.082792553198497,0.21809321515584265,1.5522311918746288,0.7359624679736626
4,0.984032561,0.9724721908569336,-0.3852508347422425,-1.5127687816878101,1.8292498294471924,0.7115048115544734,-0.7801369203234882,-0.21883982499393798,-0.29699445921773326,-1.1089983923904871,2.3146179187512907,-0.99376162220162,-1.8464960097549799,-1.2863047426352823,-1.2203101515536587,-2.431266985695143,-1.3973771001002258,2.8597507085991656,0.04573397544318239,-1.2276425064199172,1.7409881991625529,3.7252090821174337,-1.0273470053652438,1.3487300459135394,2.1699950136140695,0.13709668841597628
4,0.971049264,0.9588146805763245,3.2831769142726452,-1.661642958655387,2.445937843212108,-0.15984568844195576,-1.1870506605977615,0.2517912711757519,1.2964409359644886,-1.1457975352852579,2.284619721563535,-0.9008610873059345,-2.2865013513233112,-0.1972376995324495,-1.1371626233133565,0.9577782332329388,-0.17693928224221797,2.9892549003663222,-2.43984558719122,-1.027098761306366,1.622060796985994,2.4717661337658536,-0.9164559096987377,1.612897529735431,1.3792573217875852,0.7525102294814466
4,0.973546359,0.9194398522377014,0.83996549406506,-1.0813770782494965,1.6575100012876796,0.023644988397584076,-0.46483540844922144,-0.4051065686619258,-0.19283917087705962,0.7920806391939158,0.5266163615480882,-0.9827777292789179,-0.5152197333006429,-1.3413843419330715,-0.8969846496664907,-1.9377755862820472,0.20815876726651578,1.4535935398225408,-1.5917493109736285,-1.4479357063757132,1.6495055821036617,2.9227403162415544,-1.0273470053652438,0.7252947840938749,2.7795219843969847,-0.29213066650592745
4,0.994647269,0.9836986064910889,0.3470746428585282,-0.40428822385066726,0.29154856541138674,0.3662911810824775,-0.4278996435230759,-0.7187996040781651,-0.3586037806876618,-0.6270001399708103,2.331253986596144,-0.9630249654314568,-2.0308909627389653,-0.6311903635256856,-1.443280763267835,-2.412051861798265,-1.0355344471081678,-0.18231696458394517,5.766131234763138e-4,-0.9747430337377011,1.6083384044271605,1.7090892075201822,-0.8332875879488582,2.0566989025562097,0.41554575987405734,1.0153625240999986
4,0.971093117,0.9814531803131104,0.5031564067665606,-0.36529142456177083,0.6622163804293305,-0.12841445848639216,-0.045443311054685465,-0.2582420212525563,-0.2803648980614763,-0.6245471524149387,-0.3936485640605787,-0.6849623158513584,-0.6790153875214722,-0.7665760942458907,-0.8384592927218317,-1.0351858072767812,-1.0263813796130166,0.4452503252117057,0.68778793164034,-0.7846559097761945,1.1783701042503723,1.841728672954212,-0.9164559096987377,0.9788955685628908,1.5522311918746288,0.9041344957310948
4,0.979964842,0.9833868741989136,0.5730649561502832,-0.4264731087425599,0.8209590969291206,-0.4945506528238586,-0.41041799607069246,-0.5949720221292346,-0.23856333451544673,1.076467140608171,1.7638670815647992,-0.2703531335160759,-0.9617660166087378,-0.0953039093642518,-0.9925809981693665,-0.7982885544508689,-0.7307087156081439,0.1353836943396888,0.5533601942607084,-0.5861952155224702,0.7987172434559733,1.523393955912541,-0.8887331357821112,0.3765937054489777,0.7367829471785667,0.9425451186739076
4,0.984652115,0.9305540919303894,0.7981351090090456,-0.3027817329046805,-0.14810219973579838,1.0032785624499418,-0.07727026315309699,-0.6886385563956792,-0.35544154028941655,-0.22748873107907416,2.1252138086911962,-0.7381307319223138,-0.522353235604818,0.1958809836721312,-0.5800905754190087,-0.5306897582347858,0.9969801167859528,1.5691765320398392,-0.5395529467255129,-0.42382572153691594,1.3567612075152098,1.0856837199802427,-0.8610103618654846,0.4716939996248586,0.06136116874344484,0.7987574504366604
4,0.946360153,0.9399030208587646,0.9833718436421366,1.1236968745806684,0.051127368665653705,-1.7094129366087791,1.8091581626932205,-0.7802279123432695,-0.35647912671625764,1.9371801715904193,-0.6484717465070721,-1.0684579234432576,0.7627682774920265,0.4393305615446147,-0.6866652127121202,-0.430522895813572,-1.201390937625259,-0.7958350375040188,-2.4988187961700277,-1.0564664690816958,0.8810515988089759,-0.08817554911092042,-0.22338656178307428,0.02789262680408049,-0.1363232542131764,0.4930213878473542
4,0.947787329,0.9244989156723022,2.6496146074970293,-0.34147696121432797,1.138135240268461,-0.8334253004999724,0.4594900763274756,-0.7802279123432695,-0.30594366837158754,-0.8827086847866205,2.329919357422604,-1.0873959244239064,-3.9289560787385707,-0.6162917859422367,-1.4717037715840962,-0.4702471387687727,1.0165628677268717,1.8711530238859422,-1.4368915081086726,-0.9814508987527756,1.7455623300154972,3.4731940977927773,-1.0550697792818704,3.0394019423736465,2.1123370569183884,0.24008171305305293
4,0.87868048,0.9623124599456787,0.18296886568631415,-0.38293352095404126,0.3503268424094431,0.2644964343066944,-0.35014150127838467,-0.4629778311074186,4.239139305742451,0.06815884941441665,0.6455555956837836,-0.44713390047840507,-0.8233177486508013,-0.20746069968131,-0.8729309043784194,0.14572299177547687,-1.0646579933378135,-0.09565518404094776,-0.897084505021264,-0.9130071424560284,0.1674871857496242,0.07099180940991516,-0.8055648140322316,-0.04607426866604913,1.2309940045701193,0.7192989503418477
4,0.966774194,0.9458959102630615,1.8746806419584785,1.0654832142831003,-0.520681052104674,-0.8011279705783051,1.4977280492159626,0.7790365555991423,-0.32558603992971413,1.6141279416082293,0.13600658952274247,-0.5314353016742112,-1.5216154002977726,0.021306174233314032,-0.4934483871287725,-0.4816610000542995,-1.0671154297156715,-0.5828467212161079,-2.2214604249000978,-0.3884423540851922,0.6203261401911359,0.48880612552710884,-0.8055648140322316,1.5177972355595502,0.34965095222185055,0.17896161278475503
4,0.928338762,0.8972848057746887,3.5985650570699446,3.49214002048676,-2.2163938103863443,-2.8309265281589613,4.118042615715174,-0.7802279123432695,0.4042204128621025,5.4172119720923435,-0.1106459148062181,-0.7555319325644224,-0.26783263004510494,0.3247443015645494,-0.13386735412327075,-1.693491079541887,-0.3886950143932697,-1.502506059610999,-0.5702612830847289,-0.9531522943092987,0.4144902518086307,-0.3733503997940844,5.4597820911253665,0.07015942421558302,-0.7129028211699878,0.16785049676988179
4,0.924786325,0.9155341982841492,1.6700242303241333,-0.23098045773438908,-0.29235168629436176,1.1110445069848767,-0.3635486341026877,-0.7802279123432695,-0.263106878052902,-0.16902509415121647,2.3263248879836205,-0.811415369177627,0.0744127193317667,0.4596877594350331,-1.735733216449746,-1.4398520643573733,-1.4980422967177394,-0.7895369393063181,0.6195460526706604,-1.0739039764780156,1.6906727597801623,2.8365246637094352,-1.082792553198497,0.9154953724456367,1.5851785957007323,0.1972386020085963
4,0.93767977,0.9510044455528259,0.7577169080800181,0.39410325961500664,0.23615818657238535,-0.7565666786707669,1.0900618794355392,1.1078768551007572,0.511394763521034,2.79248531842875,-0.6398084042967008,-0.5605755023476289,-0.47678946413018036,0.4009399069455356,0.26236516682608113,-2.243241438049392,-1.4139212039572455,0.540696216393942,-1.7386952145030852,-0.7420103614804132,0.2360991485437926,0.21689522138734782,-0.9441786836153643,0.7041613853881232,-0.2516391676045386,0.5619717242839909
4,0.986072423,0.9731932878494263,0.03558014346119149,-0.3529455668786976,0.7332872979856906,-0.16305061105682764,0.07464546042363976,-0.5724439506946314,-0.33482778919223577,0.1527177460036015,-0.5618898017666918,-1.0091439889838854,0.36989365208746244,-0.2621723420156654,-1.2590043222992848,-1.671437570333564,-1.207910512022428,0.6122984483910263,-0.6802978562226886,-1.095440479365937,1.3018716372798749,0.9066204416443026,-0.7501192661989786,0.42942720221335606,0.8191514567438255,0.9316297969959773
4,0.460264901,0.6818934082984924,0.9562198335940355,-0.8572242442121747,1.2345014294929757,0.10701133023030121,-0.3006335842802076,-0.12814404750540018,-0.2875560903688002,-0.5994564311793581,-0.1427050562516512,-0.9898067783476371,0.21942765971956565,-0.22409541124192114,-0.8315432786722092,-0.1859057580544558,0.4243100295859505,1.448368856666713,-0.71433319162267,-1.4153239180689052,1.7226916757507744,2.8166287438943307,-1.0273470053652438,-0.5532758376040814,1.9064157830052413,-2.577480223882883
4,0.884150675,0.9240226745605469,1.217300800213183,0.6162323044802221,-0.8124419619769565,0.10698624943654372,0.325163231723888,-0.19484076309556903,-0.08275215592827233,0.6219412775075619,-0.47468033110759633,1.1761850185531524,0.8970461359852645,0.3151602866772292,-0.12377276335462079,0.9168800348584515,0.43732647322491125,0.12230900082758092,-0.06276114543046248,0.5059448570839822,-0.5506513581626714,-0.5126218384998156,0.27562336871620347,-1.3563449884226324,-0.3834287829089527,0.07399838173252425
4,0.960209424,0.9491038918495178,-0.7387771056692823,2.256258302874211,-1.2694578868638402,-1.4042517325816386,3.194261582947337,-0.3105881924219359,-0.2883727115934982,1.801916369915508,2.149186485626975,-0.2990931951436849,0.13854480731258037,0.5405765083720874,-1.1853725253049276,-1.4653167038955672,-1.0176390773725326,-1.28914486026644,-4.559311888866509,-0.21049134550384324,1.1006098797503145,0.011304049964601872,-0.0016043704500620234,0.5773609931536153,-0.4246130376915821,0.5352426899639039
4,0.967284624,0.9811824560165405,1.7216611715379933,-1.0765545666638046,1.2166637996943468,0.3468145486884945,-0.8894738941903383,4.068004095078737,0.10743203911140893,-2.1978886599567593,2.3343956341937484,-0.9703731730125488,-0.8273510068312993,-3.2631268913086675,-0.7349193173994533,-2.1730810370196956,-0.871836428210612,1.7018786381013777,-2.422817505010185,-1.1387423817278777,1.6860986289272182,2.345758641603525,-1.082792553198497,0.04902602550983176,1.8322841243965085,0.693392229340823
4,0.968131302,0.9552005529403687,0.6300885910251314,0.3008046266271288,-0.6045285690323579,0.3758680027038607,-0.07987483659707378,0.06318072299223598,-0.15658592610294828,0.6453969889409674,1.0926577749709196,-0.3514648791358182,0.3070439726017009,0.25093377134498324,-0.5622554469368287,0.6289926731106155,-0.2673745916738602,0.24708981638867675,1.1421371178190212,0.18100455042871533,0.48310221460279906,0.30974284719116874,-0.6392281705324724,0.5984943918593666,-0.02924419177833993,0.5216406912162619
4,0.972858866,0.9782598614692688,1.70675311368219,-0.346775394928959,0.22359611620040412,0.5627630656028217,-0.27827425506635867,-0.361752079577473,0.8999794010288611,0.5361313200462106,1.936826932233057,-0.09645817361816406,-1.100880545132949,-0.46095065638980137,-1.2203101515536587,-0.513874766603309,-0.6761714477104256,-0.27759253206498796,-0.1411541946435413,-0.7732074034177271,1.1417770574268153,1.7687769669654956,-0.6392281705324724,1.0211623659743934,0.8356251586568773,0.7976634095108247
4,0.977626673,0.9874993562698364,1.7701541065417543,-1.3415110280532352,1.6303037808408505,0.4006347057430007,-0.7399860596256046,-0.6231525354553393,-0.2462918340077468,-1.0476681068397775,1.8470696983223944,-0.8999022377660985,-2.1225478898938874,-0.30906369250474075,-1.469165856376674,-1.0573256122896753,-1.3834655232048354,0.9651480085921549,-1.9922081514676626,-1.0231523635388293,1.5031333948094356,1.5499218489993467,-0.8610103618654846,1.295896549149161,1.865231528222612,0.4668690080812775
4,0.930167598,0.9450176954269409,1.5668635672567897,2.0809456006976568,-0.6409829288502222,-2.666453180687896,2.8450620462995007,-0.7802279123432695,-0.3495109510285856,1.5861996891268462,-0.23210670792522148,-1.1389202083134602,0.5201600348480733,0.2148881805585303,-1.2056399441308363,-2.5303457279223855,-1.5389655701673182,-1.2244873835986823,-1.0207991976887654,-0.8058191917245354,1.56717122675066,0.9862041209047203,-0.9719014575319909,-0.0672076673718004,1.0992043892657053,0.6792014901708969
4,0.993124194,0.9917207956314087,0.3299057128307387,-1.5009353264234493,2.0159043213399563,0.06129082023365582,-0.9076129640868561,-0.549424309644189,-0.3000188879666983,-1.0907573364683336,2.171309305063283,-1.0725336533480851,-1.5285185673206028,-1.2302524185231245,-1.480898896784464,-1.1929183860732104,-1.1076349881524195,2.2664463302736397,0.4860232571781591,-0.9852777922785746,1.4665403479858794,1.6361375015314659,-0.5837826226992192,1.9298985103217012,2.3512057346576385,0.7824793068238663
4,0.98079096,0.9593536257743835,-0.24762979333079502,0.39444845924614197,-0.24053662917222354,-0.5671291708598049,0.32014002556540644,-0.60548700179264,-0.19710960486302087,-0.20740506828284616,0.08632783084751498,-0.09398362635588996,0.039701235666035235,-0.5529035117183349,-1.1310827693432237,-0.02851052244413044,-0.30247679070830935,-1.1556148871794774,0.23579499244391453,-0.6171688764540748,-0.7290424614275092,-0.6187334108470394,-1.082792553198497,-0.32080845184081674,0.6297038847437303,0.9706112196337441
4,0.994888117,0.9897488951683044,0.6554043912410286,-0.539429433970011,1.4969774072921804,-1.2140042808456637,-0.29466462180933173,-0.7543270645459464,1.7113742586547018,0.12961256611974364,2.2621553994330443,-0.5580298772583016,-1.458030248505961,-0.45191463278033644,-1.5798072929346985,-1.0252092446739542,-1.2907922534740266,-0.14920435846264826,-1.4625604754744768,-1.132802101650118,1.2927233755739862,2.047319844376958,-0.9164559096987377,1.2536297517376584,3.117232873614545,1.0358078554691397
4,0.963013699,0.9577013254165649,1.523325836684529,2.9300775011138747,-2.221490041293317,-1.9998420916043913,3.395181990806016,-0.6576069119066288,-0.34993630541406195,2.0190981383354667,1.9949252873204835,-0.8567621930511827,-1.907321581151196,0.027218615053990845,-1.4568195259467747,-2.348412847745255,-0.5782203911850651,-2.143346989899501,-0.8250750324153445,-0.8145402435811903,1.315594029838709,0.7872449227536757,-0.3897232052828335,1.0845625620916475,0.5885196299611009,0.6498857856613528
4,0.944444444,0.9469134211540222,1.4074176705818107,0.8274503859790602,-1.320024266289892,0.2624099381904017,0.7404886305896308,0.1967252177643609,-0.3500253388078197,1.8955198951572787,0.27338085889310637,-0.7920229456714983,0.7640124435791136,-0.43089135316552346,-1.237228213465324,-1.404390397559601,0.21580894052373759,-0.7464660792624251,-2.1570532786069,-0.6517901745488714,1.279000983015152,1.5963456619012573,-0.8055648140322316,-0.5955426350155839,0.7944409038742478,0.9416366179044879
4,0.928400955,0.9207040071487427,0.8861402326959469,0.9029491127757647,-0.7568763685665375,-0.6172654457946106,0.9821868790139867,-0.4236010969156782,-0.19453935706028982,2.3396633298327116,-0.5084380531324707,-0.5419919830336992,0.8816272231718784,-0.8271666402502738,-0.5219163804533608,-0.9646889598891425,-0.6812349717351659,-1.6902525875056813,-0.9997063961429704,-0.5122285247306474,1.1417770574268153,1.4504422499238243,-0.8887331357821112,-0.42647544536957344,0.4567300146566867,-0.027350863972432454
4,0.971916432,0.9576780796051025,0.4966677325524276,-0.6173470071335397,-0.0026042802202794974,1.1691579023464769,-1.0069230969421423,0.07248559431812758,1.5274719855177563,-0.5233577303478685,-0.3796344813780331,0.7653321825086908,0.26475437376198485,0.07135863909463509,-0.2672832863283037,0.8838032401017774,0.7365717673166267,-0.14814075244343305,1.2906813790272555,0.21014336161794794,-0.39513090916255644,-0.3070306670770695,-0.2788321096163274,-0.26797495507643837,0.448493163700161,0.6618084211210503
4,0.986625514,0.9684394598007202,0.5508872902066156,0.9066336687452557,-0.32924388208776545,-0.5912951257468868,1.5664973076122466,-0.5960441044915575,-0.37169014473420703,0.0631024646902297,2.3026068990099677,-1.048102152189874,-0.7090243336717962,-0.18506128769749225,-1.6522449293337498,-2.6693003200666334,-1.2766069958179012,-1.3989024192634993,-3.7865540898414034,-0.8850762433717444,1.4070766468976001,0.7872449227536757,0.053841177383190976,0.35546030674322643,1.1980466007440158,0.9145158967843884
4,0.864181092,0.9108886122703552,0.8748763794028345,0.6683707151374985,0.5461671281276098,-1.826984621622415,1.5198175941233967,-0.30345917443484177,-0.35054460183999697,0.11720122689263368,-0.6686218138388259,-1.0605578909770026,-1.1677077692677624,0.3149840088721918,-1.0391697663566986,-1.1933152554505382,-1.4198139660817017,0.2836274187164527,0.5662247377585768,-1.216038644547191,1.6083384044271605,2.14679944345248,-0.8055648140322316,0.48226069897773444,0.03665061587386715,-0.43671279659583256
4,0.977346278,0.9690312743186951,0.11580266706213661,-0.679645683461082,0.40104248706641815,0.7790970605166334,-0.6853266514482188,-0.15061095090069826,0.33339819663974285,-0.7933603306179864,-0.17383522314486416,-0.0750585587146658,-0.3721517596042839,-0.4561614319800785,-0.8380125657561897,0.253562048241294,0.11544523096002492,0.32658923457993005,1.038567314711476,0.05836378197714594,-0.6329857135156737,-0.2937667205336666,-0.777842040115605,0.2392266138615939,0.7532566490916185,0.7633501085201945
4,0.983822297,0.9889495968818665,0.34125735396551565,-0.6616579700363777,0.37790867682116963,0.9212992838904078,-0.5794935840182603,-0.7201971766033385,-0.3237697006069075,-0.3425366725590738,2.3255329366849935,-1.0538268110006561,-1.2153616412705999,-0.6704105565971902,-1.1291186545899792,0.017719667332000175,-1.3442240994682193,0.367008212029729,0.2665003483083148,-0.8147020339392352,1.622060796985994,2.2396470692563013,-0.9996242314486173,1.9298985103217012,2.137047609787966,0.8853003626986489
4,0.99010293,0.9917075037956238,0.4764095468863646,-0.9483337095467445,1.8181272237440285,-0.6027537235702773,-0.2693035247064276,-0.4612968056696925,-0.29939264616344746,0.872824006811301,2.2991405474009907,-0.999133746695503,-1.673441168966475,-0.5982283006157758,-1.3770603455353905,-1.8550649091519802,-1.430311668155163,1.2082843022768097,-1.0077852376897736,-1.0929336480796406,1.5260040490741584,2.6110375724715844,-0.3897232052828335,1.211362954326156,1.041546432570024,0.9543470099313306
4,0.980919341,0.9770516157150269,-0.6152080856804094,0.9951646069054801,-0.2417265088746615,-1.385742184050781,1.0434714572299104,-0.5473224551854992,-0.19264076428018015,1.658982287542515,-0.4893619666322295,-0.9195229044714766,-0.2612343338575141,-0.6053432600726427,-1.3151338059195876,-2.4594035400000256,-0.9825160553645761,-0.857835906984112,-1.1820508786769413,-1.1908857594516087,1.4162249086034888,1.8549926194976152,-0.9164559096987377,0.19695981645009136,1.8075735715269305,0.9371018987303251
4,0.978817505,0.9738033413887024,0.053409256750993596,-0.21711193178728275,0.3752020578172562,-0.059525662500029476,0.01833188715356058,-0.655180186717336,0.29368566865767803,2.2139318894997,0.5975518109578399,-0.923163904712773,-0.7566938666150672,-0.3245504134582791,-1.479278841720034,-1.5873820911706835,0.4133620584577709,0.08661457956393862,-0.3042467630072024,-1.2189775296305394,1.4802627405447129,1.961104191844839,-0.9719014575319909,1.0317290653272693,0.39907205796100564,0.9136405953554291
4,0.667560322,0.7026121616363525,-0.06780910527535394,3.427232177394397,-2.0938578965765577,-3.2022503066348684,4.547595586103713,-0.7802279123432695,-0.24396653018789713,4.029050590951918,-0.5397107740603188,-0.42893240276552147,0.8308341056327148,0.39428329189859507,-0.8722510831539902,-0.07398075927403444,-0.15587169310905705,-1.8138672439259689,-1.6275274445294925,-0.4072311786765455,0.8993481222207538,0.13067956885522866,0.6637422035489748,0.24979331321446974,-0.22692861473496104,-1.8043620636657285
4,0.948391014,0.9381285309791565,-0.49771049368119785,0.5203487490295607,-0.8179915010342804,0.4803056907397734,0.38795704311095397,-0.10003543128640163,-0.05785016950216044,0.8217503598093479,-0.14947551114465146,-0.47371405396265787,0.2750682469344985,0.18763047934935134,-0.16562580697815915,0.7109587039161779,0.07600018071504885,-0.5220015055490793,-0.405178888302365,0.38020709024461136,-0.637559844368618,-0.6386293306621439,-0.3897232052828335,-0.07777436672467622,0.16020338022175531,0.678611555880704
4,0.973051582,0.9528669118881226,0.28496332938284336,-0.3436473779169628,0.15423266897787835,0.5106883948538439,-0.4141767622665106,0.14463568310396466,7.684278347279477,0.7746062842236134,-0.22643135567244735,-0.26753810943970907,-0.5270541300475823,-0.08022826313168183,-0.5852197715848259,0.04971094807168058,-0.3310828764748503,-0.533664267590882,-0.06836296651650677,-0.3058309102987468,0.04855978357306593,-0.1147034421977264,-0.6392281705324724,0.7781282808582533,1.041546432570024,0.7443639617588909
4,0.967704729,0.9689597487449646,0.5074891857833904,-0.3040852217032644,0.19914425986578507,0.1827144825020366,-0.3654823145843866,-0.36724830190934715,-0.24347547438467038,-0.6287603892194144,2.322751801718953,-1.1389202083134602,-0.9033471293982703,0.38413233563481136,-1.3742862028477911,-2.1098573805838754,-1.4495498812462009,-0.4464655610553865,-0.46306833906055994,-1.052525586894547,1.5031333948094356,1.0127320139915261,-0.9164559096987377,0.9366287711513883,1.0744938363961276,0.5212875679851179
4,0.950500884,0.9460744261741638,0.47402379952346135,1.401420529616397,-0.7268273912257192,-2.190623020402309,1.1058184073258714,2.8593830528817996,0.6857489892277028,1.4158347065570445,2.3079613672101726,-0.9635623408514854,-1.1788279242772177,0.3776456247257894,-0.8327870827629371,-2.000876917054085,-0.02914387768016623,-0.5262969368550137,-2.1831315999074348,-1.0287433235253556,1.1234805340150373,-0.3070306670770695,-0.8610103618654846,1.2430630523847825,-0.43284988864810797,0.7250081411592791
4,0.976495726,0.9766494035720825,2.613090063513372,0.30367124826465014,0.7244894343306244,-1.4430974701934796,0.7684477891873777,-0.700504603723632,0.20567249303960652,1.2883432478604917,2.249090957306892,-0.544666613133713,-3.4991697358351708,-0.7848642563648808,-1.0461337727663047,-1.2897403402955032,-0.9686243167456399,-0.6022478534775626,-0.45415574359895866,-0.5543482543627832,0.8947739913678094,1.2050592388708692,-0.4728915270327131,1.9193318109688253,1.9064157830052413,0.9159190023092498
4,0.954514128,0.9186680912971497,1.20262451797206,0.44878824727445166,-0.4442020966643194,-0.2562798591417344,0.35319118135023553,-0.492072790240196,0.4643074021402596,-0.006146672417260059,-0.4758538546981656,0.8062290475124084,0.8529195388048714,0.020399625643065352,-0.0026086321026447634,0.08792066384011041,-0.32537082657846245,-0.22584175946579854,-0.6106037873582656,0.08727001952668853,-0.5460772273097269,-0.6121014375753379,-0.22338656178307428,-1.049910707189238,-0.30929712430021983,-0.05130474416276299
4,0.969089868,0.9469538927078247,2.14610419748633,3.1681912031088095,-1.931822243031613,-2.361897416471812,4.224197558769542,-0.5750397620896862,-0.23518324431285112,3.4915715463675214,0.08871208678951473,-0.9531133473779657,0.1589369322967526,-0.49790145870384345,-0.7927525823286871,-1.3405859399290985,-1.375853768234879,-1.9488492584601158,-2.3810781358595645,-0.41394547853540586,0.8810515988089759,0.5153340186139147,0.3865144643827095,0.3343269080374748,0.11901912543912593,0.18401873911770275
4,0.978996084,0.9767904877662659,0.3937209583778217,-0.5152755474751481,0.9169269161111993,-0.05183867362625826,-0.17276134442812596,-0.5889601117097353,-0.11719811346974875,-0.15981600329771914,-0.5926346551464108,-1.0498486533851763,0.017521208300528043,-0.01348370359946368,-1.2768204074548457,-1.8955510056501241,-0.7577878644004429,-0.35824196119419444,0.1884443955074045,-0.8583109702761016,1.2744268521622077,1.3443306775766004,-0.8610103618654846,0.7041613853881232,0.2343350388304881,0.9189894506711999
4,0.976361032,0.9585782885551453,0.26698411256465626,0.12456042777631134,0.19941387148567466,-0.4856625992466267,0.35540930537954907,-0.2458837705543841,5.596694889314033,0.21022509394261446,-0.15985529578053764,0.05550637436756108,-0.7582018331900967,0.15158647025106087,-0.7587520869093135,-0.7226540750159707,-0.9446253462191773,-0.4433237413791422,-0.7451203430382249,-0.6743424634915628,0.2086543634261255,0.11078364904012417,-0.8887331357821112,0.11242622162708593,0.654414437613308,0.12859440274145648
4,0.9461738,0.9528403282165527,2.2394281387542017,1.0132555848278353,-0.07414225094279067,-1.532069582567024,1.3966687271056573,0.26467477893658625,-0.27900355275640437,2.9688433513283203,1.8084587823790996,-1.0625906359706876,-0.6466491162088673,0.37141514729871655,-0.72721886296289,-1.8795364011839646,-1.1205193407600154,-1.0296502782007764,-0.9693854929470529,-0.8293422228154959,1.4436696937211566,1.6029776351729583,-0.6115053966158459,0.34489360739035063,-0.08690214847402102,0.4080156050486879
4,0.923217773,0.9572338461875916,0.8426982140337635,0.43444101749603953,-0.28532361521027416,0.2205367724019392,0.7809280032001835,0.28162766564502817,-0.21655225001230669,1.4959929227652236,0.6356422033447654,-0.4702507726382237,-1.1862182731201556,-0.265576396317042,-0.24171676478991222,-0.5040579763422234,-1.0047819194771481,-0.19770172732722857,0.09785412979834551,-0.37237730694205917,0.6660674487205814,0.4556462591686014,-0.4174459791994601,1.5811974316768045,1.0497832835265501,0.7023850638907682
4,0.317953403,0.6404457688331604,2.0039089300162796,0.8498047620684518,-0.8672530922393469,-0.09763646944679152,0.9049961552496205,0.11940355090852645,-0.2701258511765907,1.3381622488070224,0.8360568164845462,-0.5800462578384283,0.10369892267650084,-0.1414954566714017,-0.7165872125824476,0.05661713600433284,0.841610486241547,-0.4746618093149949,-1.1977204562179415,0.15377413005369348,-0.37226025489783365,-0.22081501454495014,-0.8332875879488582,0.6618945879766207,0.0037032120477636108,-1.1595483805563314
4,0.935577722,0.9369741678237915,-0.28107924340869633,-0.4590684870052733,0.5360666882271389,0.6463694093714651,0.035021020714541634,0.6335320880564408,-0.3254881002269639,0.9819701862212348,-0.6285352629261854,-0.9672025333751547,-0.3841546963604519,-0.1090465376343146,-0.15013514252938576,-1.3181074297961035,0.24555273557034077,0.5732063083221679,-0.8709178395394421,-0.9123884781891867,1.0640168329267583,0.93978030800281,-1.0550697792818704,0.88379527438701,0.15196652926522933,-0.09032410890391328
4,0.898678414,0.9645859599113464,-0.8524964950771465,1.4553377732609358,-0.44417850847373347,-1.7143593838614164,1.8693242523483085,-0.7802279123432695,-0.20845648945803785,2.636612228411778,1.4760859201643723,-0.685230007449862,-1.3230979576288462,-0.06901862802532664,-1.469571455708487,-3.2248111699448403,-1.0938773139938898,-1.6376447240967944,-1.0168532840971927,-0.9842022541029356,1.3247422915445977,1.377490543935108,0.22017782088295035,1.9298985103217012,0.917993668222136,0.6080013178384596
4,0.762276274,0.8153431415557861,-0.28371460569926643,1.0655030919253925,-0.7987618230254393,-0.7257009601370474,0.9441580768244752,0.04137218477241008,-0.34982648788006937,0.7926423511515386,2.2201239335204055,-0.8130313279033718,0.635559595655849,0.4270568691857368,-0.5134941912769838,0.27033775370689134,-0.4225894323144935,-0.1274926452558757,-0.9554735492586857,-0.976583399060461,0.5013987380145769,0.46227823244030297,-0.8610103618654846,1.1162626601502743,0.13549282735217763,-1.5611044777089116
4,0.945754717,0.9289433360099792,0.49468469718253383,2.602177644766333,-2.4276005785756856,-1.4478414194759568,2.501791966884569,-0.7802279123432695,-0.2593295120633285,3.6404853597727755,-0.541040929244976,-0.96542345026317955,0.284716166808261,-0.3465026768375587,-1.344698785087536,-0.7368572099448366,-1.4139212039572455,-1.1357450107457117,-2.465824491516247,-0.3505493975569777,0.9267929073384215,0.7540850563951683,-0.8887331357821112,0.3343269080374748,1.2886519612658005,0.918076125367083
4,0.923391216,0.9109556674957275,1.1645382484678113,1.8110663930329143,-0.9802535779003628,-1.3645000785109505,2.371539786788254,0.3626899961203195,-0.24990868189715784,1.2259082659437577,-0.6317853854530572,-0.6805626852930733,-0.9071036850893003,-0.058261268605893694,-0.7142702946174445,0.278512449906532,-1.2171299514883198,-1.0468065509033577,-1.2738518017921598,-0.1747080984739978,0.33673002730857304,0.23015916793075097,-0.8332875879488582,1.137396058856026,0.8356251586568773,-0.15412944705868825
4,0.770660638,0.8190117478370667,1.465786033411518,0.6172970630867668,-0.6541565277248451,-0.19680101517444235,0.7553820982633798,-0.510338473188704,0.29863419236493344,0.09102429302562313,0.8313553595881868,-0.8284826030037415,-0.25031264455765767,0.1345437032513293,-0.9339088345891243,-0.16782299825140656,-0.43571353147640995,-0.5284888655443626,-0.6666487236190157,-0.6543494038488532,0.647770925308803,0.42911836608179554,-0.6946737183657254,0.07015942421558302,0.9756516249178171,-1.5988596835244868
4,0.185794393,0.4707980751991272,1.2082314736440536,0.7525943754542425,-1.0134830754452322,-0.013031918612063412,0.6162382621577641,-0.7132770290217741,0.04996336874162399,0.3069704643313867,-0.322468674882954,-0.913335493197763,1.225148848630942,0.3462371783622566,-0.00256607415835302,-0.38723852230949635,-0.7500625508553425,-0.3917451734395169,0.035376072603617685,-0.4618096851415308,0.7575500657794727,0.1240475955835271,-0.4728915270327131,-0.4898756414868272,0.2508087407435398,-4.676302279729368
4,0.965047711,0.97599029541015625,0.5529043448890096,-1.1148296528363189,1.02149933894496,0.8124952598484089,-0.9124063483587254,-0.4776232852519389,1.1929178545451864,-0.7132487605808314,0.5190266209081165,-0.5025350013750414,-0.9002818986782476,-0.09843890912668701,-0.9668186637406294,-0.2332335483752521,-0.573176973817595,1.4128000460367123,0.8256876371917012,0.008122360223839572,0.6843639721323593,0.5153340186139147,-0.9164559096987377,0.8520951763283825,0.9262305191786621,0.6880485256468474
4,0.990750816,0.9861108660697937,1.3049116303831725,-0.8020588831162297,2.0348011401447614,-1.4750197551290871,-0.4439683881285956,-0.5122968547860384,-0.19437739623462288,-0.5619606212370902,-0.0526463226785322,-0.9941277252919021,-0.9153798484632979,-0.6200927702490632,-1.4233207984575706,0.6492654476768577,-1.2426148400709007,0.9550010186056812,-1.1998506897630357,-1.1809577147534034,1.6449314512507167,2.4253423208639426,-0.9719014575319909,1.285329849796285,2.1452844607444916,0.8896823485523385
4,0.967481449,0.9630072712898254,0.08008132561625914,-0.2991223056609602,-0.13482958407023762,0.6984340307520497,-0.4364824053069333,-0.7411135005472697,0.21056451732934117,-0.41522945114404003,2.29791992646216,-0.7142420296622527,-1.7325242337928572,0.0011195339324850742,-1.3551114067497747,0.2971480400504196,-0.8180241205336998,0.8054770765764342,0.30399325357478635,-0.5369934806722816,1.45739208627999,2.140167470180779,-0.8332875879488582,1.4966638368537986,1.123914942135283,0.4607742797012769
4,0.941489362,0.9420871734619141,2.7447933361352668,2.4262587241210043,-1.5265638079614232,-1.9387752236380733,3.3631416041994564,-0.6441894159528693,-0.25092738616762417,2.4597764610696564,2.2550048897433403,-0.7041251380450476,-3.382139979588412,-0.10635370348850104,-1.1010112308005648,-2.8379119970759077,-1.3036843484877285,-2.1217196651306285,-3.2876876187425634,-0.5696512321489887,1.3842059926328774,0.3959584997232881,-0.44516875311608667,2.035565503850458,-0.3916656338654786,0.8191973521599715
4,0.967741935,0.960747241973877,-0.61928926536611,1.713143665858771,-0.9157107736684114,-1.5759280341176207,2.642782415229031,-0.7802279123432695,-0.056448402792083414,0.027548678883032387,-0.6164216393799103,-1.0659051954410708,-0.8851559314858564,-0.6796880590848613,-0.7958114018379762,-4.085744372255947,-1.4724236621464033,-1.0306141233285269,-1.2109275073175958,-1.0769127255796105,1.5168557873682693,1.8549926194976152,-0.8332875879488582,-0.1411745628419304,1.6345997014398876,0.31153737311783924
4,0.978913444,0.9703274965286255,0.8557769499014506,-0.3755941904518159,0.7283371273924424,0.0075338953396579325,0.02470183581189933,-0.3928313621659144,-0.17866989039708925,1.6689408072980791,-0.05776717294506308,-0.613908939837799,0.08493593332789255,-1.5846840582034107,-0.881525737164957,-1.6416496962365263,-0.37205988891733804,-0.031217693048553857,-1.3460877886652147,-0.9117210929622516,1.2927233755739862,1.3708585706634064,-0.9441786836153643,0.20752651580296683,1.461625831352844,0.8730030653223945
4,0.885699488,0.8791002035140991,1.4451527548558487,-0.3090337301035201,-0.7588993146335192,1.5331610463090883,-1.007313039598181,-0.33488350137319456,0.22119653231028163,-0.21970597241375883,-0.03471087680856591,3.052088203778677,0.9936189812385201,0.3432723575225463,0.29377789211765026,1.1422580159892457,1.863056802525199,-0.011150528615959963,1.1345443317608024,1.1051722186389135,-0.5689478815744496,-0.16775922837133833,-0.05704991828331502,-1.335211589716881,0.06136116874344484,-1.5277300638791187
4,0.988888307,0.9925427436828613,0.3492047340381851,-1.461748162953203,1.6035540431605362,0.4970892762343441,-1.0475113785538193,-0.5362584598312342,0.6670759241939099,-1.1987811854346808,1.6526222761572698,-0.9901288037426476,-1.8842037485117886,-0.7693331643670042,-1.4146548905411722,-2.347493599445387,-0.826277799587666,1.3497103283097311,-3.091552587027894,-1.1905272467263954,1.5580229650447706,2.45850218722245,-0.9164559096987377,1.5706307323239286,3.3231541475276924,0.9410753855071561
4,0.987851852,0.9873189926147461,0.10940706340194642,-1.323194244784665,1.9229508305064955,-0.03236098354424408,-0.8329689231799272,-0.7271829759469359,-0.31993212095580376,-1.7031017557555035,2.3303707586876894,-1.1258152275689604,-3.0053943201932363,-1.232056340571877,-1.6151895019400644,-0.7108464857978822,-1.2612810693145704,1.0649029394052314,-1.979886033541248,-1.282560221078758,1.713543414044885,3.7318410553891357,-1.0550697792818704,2.4793668766712362,2.680679772918674,0.6623958859036532
4,0.981266726,0.9845145344734192,0.6157792608785458,0.01931290033538077,0.35837329166680526,-0.2310090518631669,0.62170431606388,-0.6470631841419804,-0.09996944597755915,0.5358056114115439,1.6860126184000312,-0.7651450230380887,-1.2812142634981007,-1.4308546003017981,-1.2818959647162826,-2.5514702385829655,-1.0732835326307426,-0.5007443931096273,-2.1745308011536872,-1.1326449076090632,1.6083384044271605,2.3921824545054355,-0.8887331357821112,0.7041613853881232,1.6922576581355684,0.6084485276733823
4,0.983905579,0.9679346680641174,0.38671021673681755,0.5205853192428495,-0.766028469971494,0.03147652352855769,0.5490531438369886,-0.5561244379349025,-0.29217503792532273,2.8010676172901796,2.3311247712529957,-0.5527852543021667,-0.27848174178720825,-0.18143471131859615,-1.3441423546565867,-1.6159970634093415,-1.199186984218978,-0.5468491992830671,-0.5897486218438663,-0.7806267783028398,0.8810515988089759,0.17710338175713902,0.27562336871620347,0.14412631968571302,0.37436150509142796,1.0527396008757768
4,0.992019644,0.9648546576499939,2.3940838751200046,2.130700401830658,-0.5300923275882699,-2.315669514610983,3.4525752625943,-0.7252780472349459,1.938703809729556,2.541456736260168,2.2946121952540812,-0.886545254565593,-3.247177899933647,-1.3485413367634127,-1.5533369827757266,-2.8930878423710285,-1.4951610188985993,-1.1877069343574096,-0.9053354551187804,-1.0001606666919023,1.5351523107800478,2.126903523637376,-0.9996242314486173,1.8242315167929446,2.137047609787966,0.6732031216500065
4,0.920527769,0.9592919945716858,3.4010387696013,0.1689437003461837,0.6338676734301801,-1.0753723034012224,0.7422870174380376,-0.7802279123432695,-0.3180898592620058,2.709617291050314,2.300431464176784,-1.0205278677950103,-5.240969468539441,-0.24976064401378084,-1.6364337378095872,-2.8758757391903282,-1.192035380262923,-0.46075729772126445,-1.283256128815371,-1.2328436987256994,1.622060796985994,3.042115835132181,-1.0273470053652438,3.00770184431502,2.301784628918483,0.9490023576847699
4,0.963836204,0.9422935247421265,1.7602983263418428,-0.5104143314053465,0.24947558716817447,0.743620602779878,-0.6520678833080258,-0.10840363870184207,-0.014905046934198248,-0.05740045040403198,0.6375037241752995,1.4812093713878702,0.4715137318747306,0.16877270843064296,-0.0183046265810013,0.3328088428734526,0.03889090877493763,0.2967549262683721,1.1284482282191537,0.4070532585192767,-0.2853517686918871,-0.03511976293730849,-0.22338656178307428,-1.366911687775508,0.16020338022175531,-0.9956914820497312
4,0.98584325,0.9405441880226135,0.3666421274401332,0.8927974403182612,-0.7629292684228937,-0.3443623546417509,1.1159732733328525,0.2666042262449503,-0.300010485222106,0.6439186134125321,-0.15500594057360945,-0.6016142040379092,-0.9273254372404292,0.3061396376128473,-0.3559155067743068,0.4380280883083957,-0.6257583767455084,-0.2597163967329574,-1.1760396201845038,0.31795641146006864,0.7621241966324169,0.25668706101755684,-0.8610103618654846,1.4860971375009229,0.5720459280480492,0.46601696254499503
4,0.765323993,0.8679689764976501,0.7002497285553623,1.3348645205756642,-0.49470957553937267,-0.8772465811100025,1.8052349541274404,-0.5712067081812248,-0.24190366583926778,1.7576540262120142,-0.6370431243685438,-0.7696040504141375,0.06435594713708635,-0.1765434043528904,-0.705802039833035,-2.5884910374619197,-1.192035380262923,-0.9428185361286948,-0.8197267047505892,-0.5982872062595251,0.1125976155142897,-0.36008645325068145,-0.8332875879488582,0.2603600125673452,-0.35871823003937503,-0.5932959812772116
4,0.967499815,0.9682654738426208,0.0028507270662886416,-0.8849738531720466,0.5637661745665352,0.9196094341066582,-1.0692653381658292,0.5315168567000846,0.5980185830444279,-0.7286026375803417,-0.19076370611636564,-0.03383082932511845,0.11995540147308557,-0.35512755870536966,-0.4346595442157028,0.5295787050038822,-0.05198593263620966,0.3966668481758578,0.9403449589208905,0.3133996227962721,-1.012638574310072,-0.5855735444885319,-0.6392281705324724,0.04902602550983176,0.6049933318741526,0.7066360186529456
4,0.943767573,0.9666318297386169,0.2805337819134759,0.06307647208262437,0.6751711895128719,-1.6335490050995616,-0.10062969698684936,0.48170813870990115,14.539392247213598,2.019810884218743,-0.37851911717864695,0.06294803796773331,-1.0147145748451027,-0.2750447200983404,-0.2512349546175934,-0.7491621976018631,-0.785929575267894,-0.8335656651332793,-0.8517351044567958,-0.53647041979883,0.6111778784852466,0.9132524149160038,-0.8332875879488582,0.3343269080374748,1.9311263358748187,0.6497189221782405
4,0.910743802,0.9273138642311096,2.2259249708188102,1.1185954484414937,-0.48366668253678774,-1.0836237779792284,1.363755460177718,-0.3361154670757646,0.6443689389395214,-0.32981938845867986,0.08475756331838043,-0.36073706348390966,-0.29030267913855506,0.350352707497805,-0.3543991947104653,-0.6068947148727979,-0.46057598096405933,-0.897021468764238,-2.210241115653504,-0.25125608088735385,0.04398565272012131,-0.20091909472984576,-0.6115053966158459,0.9154953724456367,0.0037032120477636108,0.11114950674091298
4,0.994131073,0.9883931875228882,0.43708638448473014,-0.4674629116685774,1.1512052375724136,-0.6686006141085844,-0.04184639401703299,-0.7635408954438583,-0.34653381556803325,1.0141072646788518,2.3024311917238776,-0.9184252652090226,-2.665110457784945,-1.5305641917602588,-1.553002023961268,-2.2594043467732683,-1.169294070196748,0.3663245292256337,-0.25218103217574833,-1.8182784322573093,1.5946160118683268,3.0089559687736736,-1.082792553198497,1.9721653077332038,3.281969892745063,1.008649731939366
4,0.783567134,0.8461891412734985,-0.22827825654517517,0.9561658811490492,0.02464024539691474,-1.1241596131455676,1.0800117075650117,-0.7802279123432695,-0.3080416367646503,3.078353957874426,0.12032860406976037,-0.6082078806528761,0.6582324520950789,-0.048044699091736365,-0.6761269602878726,-0.9591277403410265,-1.2036567366698967,-0.4024226147158253,0.7541497527658836,-0.23052944905305442,1.1509253191327045,0.7275571633083624,-0.7501192661989786,-0.5110090401925789,0.12725597639565164,-0.8356678807897032
4,0.996489175,0.9751958847045898,-1.1986885869178336,0.016792888152964053,0.7876678575284761,-1.0746739202535385,0.5574315013340316,-0.6230950911705854,1.036072211122282,0.619023051008743,1.1793756626116636,-0.8136358174490712,0.7285600160891788,-0.215910178364023,-1.0194016618054347,-2.1288291251214586,-0.7802476317504184,0.22311225399689066,-0.18793532230302137,-1.0013207771001558,1.4345214320152673,0.09751970249672125,-0.4728915270327131,-0.5321424388983301,0.2013876350043847,1.1516114888994733
4,0.970370807,0.910209596157074,0.06500669300610684,-0.773290850012917,-0.30450958514106463,2.00784619136424,-1.330351015619117,0.17886867250071195,0.3589314447916067,-0.9805611084161387,-0.36444281196220624,1.0332446527950832,0.5211794730165579,-0.17455683753404583,-0.43407865338471824,0.8400610542104019,1.0911218944049939,-0.6943237612283201,1.5642705083738555,1.2021361218580513,-0.9440266115159036,-0.45293407905450217,-0.14021824003319472,-0.341941850546568,0.5226248223088938,0.676193548153399
4,0.956065027,0.9577063918113708,-0.09634323539942995,0.1632510296449857,0.0201853312411712,-0.4893007796522716,0.05318894386442276,-0.018920506358606207,8.58738001174102,0.5400649180979269,0.6158288490780987,-0.3806564687467224,-1.2515130743414575,-0.006610206265627954,-0.8573512740558819,0.18952755050948492,-0.3762239677235945,-0.6649696650936482,-0.3279990774392389,-0.8402667490371135,0.3961937283968522,0.07762378268161674,-0.6946737183657254,0.5984943918593666,0.34141410126532457,0.44480328722798435
4,0.981549815,0.974707305431366,1.1988161768299157,-0.37682278344664505,0.8474537744790531,-0.3848643091564854,0.11280036734428692,0.4125491450258076,3.1800544839378824,0.2693994763655638,0.2579626216230295,-0.7317470049529081,-1.0797773427277015,0.10329862985998592,-0.7347137496047583,0.29468278108581747,-1.268319155736534,0.30030311239685276,-1.2555350796393365,-0.8051609991315803,0.8170137668677518,0.8933564951008997,-1.0550697792818704,1.0634291633858959,0.2178613369174364,0.7789388015931887
4,0.965292842,0.9387235641479492,0.25161924232398175,3.1182324270094326,-2.5243694895374804,-1.6826205718324243,3.4561583459836855,-0.7802279123432695,-0.37169014473420703,3.464248040972402,-0.46653418463266644,-1.1389202083134602,-1.3049299104374774,0.4445025109256573,-1.453953453816717,-3.005508329940517,-0.6091138458362105,-1.858513449832166,-0.5550144093796231,-0.9517761570025196,1.6129125352801055,3.062011754947285,-0.9164559096987377,0.8309617776226316,1.461625831352844,0.4437523236729729
4,0.983061351,0.9719377160072327,1.0664560463456587,-0.04692727310967617,0.25096037519331105,-0.44518860552756695,-0.0664698352761829,-0.30832592201868203,-0.043618607745242226,0.08718731206086051,1.6477804734155042,-0.4850977831474027,-0.9330679923013666,0.26387526450881194,-0.9685867519668,-1.3859186921530886,-0.7467896508386976,0.1586425156672647,-0.41446065666645904,-0.9318869741237819,0.6523450561617479,0.8204047891121832,-0.8332875879488582,0.7041613853881232,0.32494039935227287,0.5315456081393497
4,0.908783784,0.7322080731391907,1.3559514354742022,1.0602154697800783,-0.7197278236833269,-0.23274947884987968,1.479092140861971,0.8858408459197453,0.9159019698364159,2.318282781944117,1.5853071472490656,-0.8655455868565765,1.0393901076182595,0.2692880862308587,-0.3365676920205698,-1.359204032021946,0.9251644619779249,-0.620740765573961,-0.798648002125005,-0.5092721736427374,0.6935122338382486,-0.49272591868471116,0.6360194296323484,-1.4831453806571404,-0.31753397525674565,-5.863661367269226
4,0.911699779,0.8677685856819153,0.41799137756169924,3.7106134034766174,-2.454722944403491,-3.186482908902906,4.3402765563895445,-0.7802279123432695,-0.37169014473420703,1.9570987016955133,-0.581996310538863,-0.9431881673188534,0.44033419565404025,-0.5054416141399533,-1.0305029621211232,-1.2937974709444977,-1.2061413025093035,-1.1993042063355976,-3.0681701010291365,-0.288044082811194,1.4436696937211566,1.2050592388708692,0.02611840346656454,0.88379527438701,0.8850462643960326,-0.5236640934541951
4,0.994990772,0.9908618330955505,0.3948143037282079,-0.7215251028247085,1.1149887688521392,-0.14357320870858614,-0.15905057346059126,-0.4498333364897355,-0.33818739634513667,0.4603244025217886,0.46875273723419425,-1.037963319342637,-1.149459657863369,-0.42307435873793464,-1.4556419492920727,-2.303215217253739,-1.1113581952098126,0.599453855670786,0.2647616769914075,-0.9174802781506087,1.6083384044271605,2.359022588146928,-0.9996242314486173,0.9788955685628908,1.6181259995268356,0.723577740216077
4,0.99271137,0.9735493659973145,-0.6704087310491572,0.12191642989468122,-0.3521751229192336,0.2852488995575245,-0.08168791713877684,-0.7367326107336454,-0.024453204256169835,2.2504842107210092,2.320553815274679,-1.038835003644868,-0.6847084423236961,-0.09105757930930375,-1.6343587927452625,-2.9154080337594723,-1.4000080903857008,-0.8812921635159536,0.15168896014994335,-1.099213136351255,1.6129125352801055,1.5300259291842424,-0.9441786836153643,0.9894622679157666,0.9838884758743431,0.9308738332947721
4,0.983271997,0.9852485656738281,0.5089265982478357,-1.2232265139444092,1.639308332519653,0.4709437796037536,-0.31045102142740416,-0.5306368722896436,0.09407539802902591,-0.550342985431706,2.3026593025577897,-1.0192250889999455,-0.6066715566893598,-1.8416066434822231,-1.466502084052846,-2.5077586172743254,-1.2770590745409436,3.0313692288224665,-1.8986068225071797,-1.349723443462116,1.7226916757507744,3.0885396480340916,-1.082792553198497,0.39772710415472895,2.5324164557012083,0.9163569555792958
4,1,0.9944475889205933,-1.3732800264561873,-1.3752956176441384,1.8952824796463323,0.18134660148029375,-0.6200995264785851,-0.6997303125191509,-0.30028590572920044,-0.5409568943948431,2.29707418770333,-0.9384205713588611,-1.4871046151523009,-0.6168442273935564,-1.1565238680258436,-3.8033171501667207,-1.3241981027956384,0.8927099604760105,-0.19340525593698962,-1.1645626520503949,1.6495055821036617,1.7024572342484807,-0.7223964922823519,0.4716939996248586,0.7532566490916185,1.0728288652298885
4,0.907650273,0.9128497242927551,0.18490610400441185,0.44850298997255483,-0.39261378685131215,-0.543395935594776,0.19070443810656706,-0.09542647672377551,0.036164625271276,1.115675426908912,0.1984634259449017,-0.013371841322139005,0.6526865072791609,0.5119004551135382,-0.7026685510198365,-1.3445908559411308,1.151444757534835,0.24833761846914257,0.1270764602230558,-0.6217697897609744,-0.17557262822121775,-0.05501568275241299,-0.6669509444490989,-0.5004423408397031,0.7203092452655151,0.5940879321733953
4,0.981179423,0.9628166556358337,2.7382715027425495,-0.16255592988597117,1.7030263192612203,-1.998147800596593,0.5122145559519687,-0.7577653449737037,-0.1724391692900599,0.9068687444712289,2.3245505981106906,-1.0244689467576509,-2.5379161841002174,0.4715243294838129,-1.4851484342714183,-2.3762655250996665,-1.2821138051166656,-0.20168279090629576,-1.2315243068915473,-1.0983940726636532,1.544300572485937,1.2315871319576754,-0.25110933569970084,1.6762977258526852,0.7779672019611962,0.6800787377680896
4,0.98909396,0.9901289939880371,0.2625884489536362,-0.8660266042137761,0.9494173084712598,0.6493978073174648,-0.46106323560994955,-0.7301645280325082,-0.2295845273357273,1.5092985980540257,2.318641862032331,-0.8497820053081406,-2.7315856514496293,-0.5571628940516399,-0.9370982751127895,-1.8299269832643417,-0.878005015433161,0.468769352011455,-1.0204265623817281,-1.002689560299751,1.2561303287504293,1.0989476665236457,-0.7223964922823519,2.194065994143593,1.4122047256136887,1.036292974698735
4,0.979910714,0.9708228707313538,0.5060942517437993,1.3775320811589429,0.06139340605509505,-2.072263666853144,1.7514123026198698,-0.7802279123432695,-0.2830723839169524,1.68869754792775,2.3198464963038266,-0.7940954016830102,-1.0584172603616107,-0.15600327685446774,-1.5858932310275144,-3.0343762003650707,-0.8904392162297203,-1.2885150943746415,-1.3795479709244531,-0.9754922334070565,1.4025025160446554,0.9265163614594071,-0.6392281705324724,1.2430630523847825,0.6132301828306785,0.532661220459309
4,0.990262095,0.9894132018089294,1.0612486330393027,-0.34514948843728593,0.6091952581901859,-0.036287912782286935,-0.05886183670940246,-0.7338431419063539,-0.3338367958912592,-0.47918672846941157,2.329015016811309,-0.06231830955885986,-1.8138015864321595,-0.40654498358755137,-1.1735868626019794,-0.5549000780630775,-0.8298221613813918,0.5311705385012734,-0.45075851595349975,-0.5661460808124837,1.3750577309269882,1.7687769669654956,-0.7501192661989786,0.6724612873294966,1.6840208071790423,0.9819602588037994
4,0.974442632,0.982679009437561,-0.8690448554122784,-0.859494384798643,1.3901129488816968,-0.15395069484084833,-0.3425809756883804,-0.5855279002857899,0.6645449447274018,0.05832849303371844,1.5197736659394923,-0.9728646204052602,-1.834356341107824,0.07969862608466459,-1.4509351750183304,-2.1859118313500523,-0.8771213473867471,0.3276249907322907,-0.5869563111079544,-0.9767359967845259,1.4756886096917685,1.43054633010872,-0.5837826226992192,1.5600640329710527,1.6263628504833616,0.4978187579613178
4,0.963506529,0.9794245958328247,0.12366483292218995,-0.9537000016208469,0.9179280087092379,0.5408893657849365,-0.9073019376035761,-0.052592126329743416,0.15337174911623294,-0.14115100361142452,0.8799161346379469,-0.7335828438372693,-0.9898423330623829,-0.989005401732308,-0.8930670150336988,-0.672653413688995,-0.6867590144140235,0.6422081165403051,0.8440352850388652,-0.7320722048848302,-0.05664522604465913,0.2036312748439449,-1.0273470053652438,1.2324963530319069,1.18980974978749,0.9964947338051553
4,0.824,0.8729596734046936,2.818490281035949,1.3289742585209672,-1.247003635607265,-1.0348901732105111,1.7264893192448103,-0.7802279123432695,-0.308168933747876,0.2205983830134604,2.1082186662214566,-0.9035198069870729,0.49766732881787584,0.25115478545709485,-1.1269864228118394,-0.6755538713914918,-1.425022574031836,-1.4289835583817485,-2.3681224813730477,-0.24321712247200153,1.3338905532504868,-0.7845327426395765,0.1092867252164441,-0.04607426866604913,0.05312431778691885,0.13682151004031734
4,0.926267281,0.8122332096099854,2.1056393529169983,1.6792572245130735,-0.8826608074270694,-1.7317569106343151,2.036603380250105,-0.7802279123432695,-0.37169014473420703,-0.8661999521029453,0.7301297994383559,-0.32532435120206843,1.2592457228617682,0.4205645385922976,-0.48485045535298865,-1.2363332432653171,0.33115829415622233,-1.521151577014399,-3.68221451217865,-0.5755345178960733,0.5013987380145769,-0.6916851168357557,0.5528511078824688,-1.683912668361778,-0.3999024848220044,-0.8407104026837183
4,0.958799294,0.9627676010131836,0.7516782329064586,-0.3033254929608609,-0.04763852736838459,1.0464173518747646,-0.2602680133407149,0.5369193881142612,-0.19409994336638292,1.1164596067835635,2.3205077197227104,-0.6043972601512747,-0.7322151202459575,0.29548063439932143,-0.6096356039828537,-1.5260725874188215,-0.7099642994019513,1.6830495672001455,0.6106138257870808,-0.9970462022995397,1.3338905532504868,0.28984692737606427,-0.19566378786644772,-0.5321424388983301,0.4567300146566867,0.5330440922620274
4,0.982023968,0.9726907014846802,1.032695810241028,1.0105921325429925,-0.38493095467970184,-1.099739181715326,1.3314623687028326,-0.18426699018151813,0.9921973748007936,1.6543854010350725,2.3027193282923095,-0.5488324142941001,0.0012448390530254857,0.22359216694055775,-1.1138093360549888,-1.2301794279590932,-0.8372811496216014,-0.10332675103101939,-1.4549404409268722,-0.6639069853976715,1.315594029838709,1.457074223195526,-0.8055648140322316,-0.46874224278107596,0.7203092452655151,0.7899540483795996
4,0.97754386,0.9833174347877502,0.8967838820226279,-0.5568916829423368,0.6907359875986351,0.3504946529703417,-0.2723705078988566,0.47086483668186624,0.5597685485265521,1.3078915029725413,0.3466567520731882,-0.6543836992601326,-1.149659518675331,-0.26810808927946733,-0.6138997232069945,-0.9326475354216928,-0.7937933908372159,0.40759069967189293,-0.026579909410882847,-0.8046627583698739,1.1463511882797601,1.3443306775766004,-0.9441786836153643,1.0951292614445234,0.184913933091333,0.7064886168521718
4,0.991494532,0.9798920750617981,0.5173605432118071,-2.4295746144174917,3.2555657625553853,0.36970193991209827,-1.3460909562082373,-0.7802279123432695,-0.32023513380652646,-1.4967973105046855,1.0670891074666078,-1.1210435070996865,-0.3899511030194658,-0.3472441869915997,-1.5238917548356883,-2.7834552184159977,-1.2322489627807394,2.849801324388338,-0.019659775846596547,-1.1257559477045864,1.7272658066037194,3.386978445260658,-1.082792553198497,0.7781282808582533,3.504364868571262,0.9973600590776223
4,0.961748634,0.9424907565116882,-0.3537853072589851,1.1601562154803962,-0.43748488623261217,-1.5858855728102461,1.2270824177632196,0.2252345135536139,-0.37169014473420703,0.7534368096124244,-0.6376023502893657,-0.9468623521018499,-0.7890654725231037,0.09700411081759598,-0.6999863826132748,-1.5286885016323146,0.6857952910883649,-1.0147703670207333,-0.7034856729498925,-0.3080693166728331,0.9130705147795872,0.44901428589689985,-0.8610103618654846,1.3275966472077878,0.9756516249178171,0.7592884227073516
4,0.992493685,0.9862956404685974,-0.0067384048452209366,-2.5869464805460245,3.4659711009919247,0.33338069049354896,-1.4771825447798754,-0.6768563284553298,-0.27426497443280706,-2.000990856914605,1.879112645438504,-0.954665489054911,-1.8992872955360498,-1.589908716001979,-1.6638169475672562,-3.29570776334979,-1.1940240615892361,2.147717328866609,-3.913894002426394,-1.446008011030145,1.7455623300154972,4.494517981634806,-1.082792553198497,1.5600640329710527,5.011708593615497,0.9699764580567506
4,0.987242395,0.9654271006584167,1.9884846089443933,2.5828607417147955,-0.36077783858332796,-3.524755193920797,3.9409514000456727,-0.6921242403979014,-0.23101817153032567,0.03399962046950702,2.3177948472491847,-1.0314174154736162,-2.6652650715675756,-0.2836372778898967,-1.544178823465187,-3.5197553528071537,-1.5282271895272048,-1.5367097150509659,-2.2074623395693678,-0.9092326469439144,1.512281656515325,1.4902340895540334,-0.4174459791994601,1.538930634265301,0.8768094134395066,0.9212022603074913
4,0.992125984,0.9792001247406006,-0.7985472023374616,-0.5464031763930244,-0.011732390197794873,1.2699289030197445,-0.33588982435314735,-0.6795380019321916,-0.2734430523630523,1.0287012970893386,2.3366168009450297,-0.8170837221250402,-1.5567074568910908,-0.4504787380667354,-1.4743846854152547,-2.49672478366882,-1.1461290482107023,0.770964768719132,0.5727581971952119,-0.9307811002560096,1.4894110022506022,2.0207919512901524,-0.9719014575319909,1.20079625497328,1.6840208071790423,1.0048378916064327
4,0.958677686,0.9705736041069031,0.34617198310312103,-0.4606809520075546,1.2131014002036293,-0.3698672919559417,0.31074654585516465,-0.37937593225293004,-0.15805378488622324,1.14183535101157,-0.6261193015364853,-1.0069693106423478,-0.050382077477332185,0.16634233398839302,-1.107116603049544,-2.171029257708455,-1.246207372359096,0.3213747623409712,-1.016978984629673,-0.9871834253025912,1.1829442351033166,1.417282383565317,-0.7501192661989786,1.137396058856026,1.2392308555266451,0.6475751606283657
4,0.975194262,0.9700132012367249,0.14681281797463128,-0.33300867403440193,-0.28223003800000224,1.1030957709618103,-0.5696456927268647,-0.6464662107891398,-0.33846775403835505,-1.0412457580594898,2.1575621649846766,-0.9935569365504082,-0.30609641843780183,0.2405165821130817,-1.6144529822819689,-2.5670057800780604,-0.7056945266275437,0.1473260882982509,0.36218625960539463,-1.006193792372858,1.539726441632992,1.9942640582033464,-0.777842040115605,1.6868644252055611,1.2227571536135935,0.8827920298691944
4,0.963699222,0.950242817401886,1.5503489959620942,1.6432537150210096,-0.5855824597664532,-1.737115685710046,2.400190607681315,1.1539408554127428,-0.26188684139857815,3.349172803336728,2.2734594220645703,-0.4689978753353254,0.5216655950332486,0.4529677729796261,-0.9356779256512312,-2.2234444667526136,-0.8857784582587527,-0.6461996446022786,-1.9473132997346676,-0.45637224214246735,1.0731650946326468,-0.5258857850432186,-0.05704991828331502,-0.12004116413617875,-0.6799554173438843,0.5647040136495365
4,0.979085503,0.9675201773643494,1.275584897009407,1.9726426344496608,-0.9815057542006062,-1.8469663493388133,2.562622295469339,-0.35704053289155835,0.013010270767713324,1.8675222497084767,-0.1322390510193831,0.4883418517882536,0.6281338571413089,-0.1718643619488992,-0.41161681689913554,-0.6013371403511909,-0.490836355474542,-1.4145181683678725,-1.5514398815114947,-0.1612574364347257,0.24982154110262617,-0.10807146892602493,0.469682786132589,-0.4159087460166976,-0.4410867396046338,0.2825324831232974
4,0.991606257,0.9901548027992249,0.9762930227398756,-0.42173049301954385,0.6886360675784997,-0.012212117141171234,-0.10531270428671569,-0.31580440631421725,-0.2987331643456996,0.45856910714309335,1.4682689600442618,-0.9540894911967862,-1.2883941491823727,-0.7562800482527167,-1.4585502851006793,-2.6196211470223436,-0.9420037060308177,0.2149847053122982,-0.4545623986166125,-1.2217040648689539,1.5946160118683268,2.7967328240792257,-0.9719014575319909,1.644597627794058,0.7862040529177219,1.0503570003268456
4,0.922608696,0.8626020550727844,0.5776073166175393,0.41958766966952765,-0.5396416732356565,0.29836897075354174,0.41335166310937116,-0.3326612595411007,0.15995477331046795,-0.11026995097836621,-0.6317189060888213,-0.222262214061077,0.5729735021098317,0.2744711040779874,0.07424050788011109,-0.9360677556849498,-0.8762768925674258,-0.12514562045005576,0.08787749434863881,-0.15524085749493335,-0.4180015634272793,-0.2672388274468606,-0.4174459791994601,-0.23627485701781129,-0.30929712430021983,-1.081795917702317
4,0.927619048,0.9332839250564575,1.5542514438825112,4.157462262206909,-2.649952671252147,-3.1256540873485483,5.017221346225375,-0.4392247482608964,-0.31119375331109167,3.4538688246202205,-0.5293829591059552,-0.5708690468121287,0.79245580779872,-0.04442743523698345,-1.324366008301952,-2.5200656667873904,-0.9964593924434305,-2.1956443596547865,-2.8864224998660375,-0.2793662363342441,1.3018716372798749,0.382694553179885,-0.22338656178307428,0.7781282808582533,-0.04571789369139163,0.6065392712185147
4,0.947214076,0.9451503157615662,2.375185757592525,2.153775592018249,-0.3163045661566764,-2.429337973788111,2.784602374489672,-0.5056471439836298,-0.37169014473420703,0.43088139441438195,-0.5672180568932884,-1.0035288731613594,-0.37432600615195644,0.36120516926890484,-0.9626757971833249,-2.399992565449977,-1.5142274685555825,-1.8431813025181831,0.09215629738060767,-1.0452569712067035,1.4756886096917685,0.846932682198989,0.33106891654945636,0.3343269080374748,-0.6470080135177808,0.5296719224064039
4,0.989913545,0.9912717342376709,1.1947969606501072,-1.8715913754553297,1.8410016781044254,1.0541663393837106,-1.3125190791190071,-0.5028172301654267,0.4269589883263359,-1.2197970217367062,1.9576558212402893,-0.999882494756519,-3.307966379288376,-1.8613259686544745,-1.4977725644310564,-2.726822787257391,-0.9102285621806413,1.6578290277950178,-1.9765818244901563,-0.9212014563856397,1.654079712956606,3.7119451355740307,-1.0273470053652438,2.3948332818482307,3.504364868571262,0.7809176948912495
4,0.975355797,0.9620755314826965,0.7035286335642851,-0.1622739183899816,0.29564951918825644,-0.16327582400973367,-0.12518466709379514,0.006867216281821164,4.031239122454559,1.730755626394672,0.5030559823135882,0.08558038459875017,-0.6629370613559594,-0.12383755036976665,-0.6642433986798711,-0.48811677032977346,-0.5465849062326021,-0.4018443660540309,0.40287254247589144,-0.21398638494297106,0.2589698028085154,0.5683898047875267,-0.8887331357821112,0.48226069897773444,0.4567300146566867,0.4858701190773188
4,0.985068319,0.9880846738815308,0.4224456521881315,-1.1036975018080313,1.8239907164901867,-0.479352163370768,-0.6629603669345379,-0.49623891967113964,-0.30902829617220434,-0.6672392800532245,1.9928607355743733,-0.9352503163068727,-1.556649656096758,-0.07472886073803722,-1.4923216587985273,-2.4634812767613172,-1.0925359090927964,1.1556963162751996,0.4541761992912077,-1.4700917927938746,1.2561303287504293,2.3192307485167194,-1.0550697792818704,1.390996843325042,0.37436150509142796,0.8638456078359593
4,0.983330934,0.9830223321914673,0.9355078087619332,-1.0796449591810657,1.547690268915603,0.2915970125722536,-0.3998967174349588,0.2899504754797417,-0.08817047123696774,-0.19187371270611972,1.6666154301777876,-0.34967160211526926,-1.5727686353726167,-0.7095845690658709,-0.45289435082386786,-0.5456682738175479,-0.8469412346494318,1.7641133656168917,0.7341818286944213,-0.837590773285588,0.9908307392796449,1.7223531540635855,-0.7501192661989786,0.6090610912122424,1.4369152784832662,0.42646763493309425
4,0.946802326,0.9610875248908997,-0.6245654826134857,0.5799768509801623,0.2330853982032042,-1.6027368609955928,0.7711761437320593,0.44312961457970085,14.21565395938332,1.7805677044834767,-0.5402002800080018,0.05178778968499374,-1.4291758228736742,-0.18686636250202754,-0.6149625769888923,-1.8560772917833348,-1.0489620816297909,-0.853346774351522,-1.130092428964523,-0.5275673537893745,-0.14812784310355032,-0.02185581639390556,-0.6946737183657254,0.10185952227421011,1.2968888122223265,0.2696627669709554
4,0.981719902,0.9487090110778809,1.7827818071445332,0.18275548014882742,-0.28763311117589885,-0.06713694808565689,0.011020966246172841,0.7429162000058607,-0.2873533678232403,0.17505632098379495,2.2396736198714415,-0.7178595475365147,-0.5359126699543721,0.01230137556087347,0.14815494324989806,0.8589231520277015,-0.34342752996008613,0.8525908989176476,0.8489468700471113,-0.18353302709462466,1.2881492447210412,0.9198843881877055,-0.3897232052828335,0.4611273002719831,-0.1363232542131764,0.3487659523510651
4,0.916864608,0.905014157295227,-0.6228819363933027,1.1122802864586308,-0.5994594925147462,-0.8506109566415211,1.4032153194569943,-0.5676071748592626,-0.2585288424439364,1.147034295256063,-0.5972384738236335,-0.5448277464739238,-0.02554762959980657,-0.05787754837740636,-0.8727915358197018,-3.0250649597773065,-0.9550251818100791,-1.60522929928457,-2.0633701552082178,-0.5404600229460715,0.419064382661575,-0.3335585601638755,1.7172076123807831,-0.15174126219480583,-0.1527969561262281,-0.7210181779328717
4,0.961567445,0.9582018852233887,-0.11638389522853282,0.43832165575279347,-0.33799014074880146,-0.6184154350894135,0.09210927074329157,0.9736127769863899,0.1548609637306415,0.21074357498106278,-0.32212482209217536,-1.1389202083134602,-1.7338407015450483,0.18075490772531994,-0.21616322381912917,-1.8272104443652895,-1.273287216716538,0.15949994060994058,-1.8989917025505738,-1.147742889657519,0.9359411690443101,0.3561666600930791,-0.8610103618654846,2.341999785083852,0.2343350388304881,0.9504495872591691
4,0.976235147,0.9584388136863708,2.028637502581217,3.200105913689195,-1.2495691729906457,-3.6919605655605188,4.1951921327606705,-0.4999732770764587,-0.14298196486798387,2.231904917417136,-0.5661924591112212,-0.9496915899486993,0.1452915633073085,0.11439812317301408,-1.3199711498343563,-1.9290348466619276,-1.10319289708276,-2.0340209110696676,-3.519825988331614,-1.2161820496372764,1.3567612075152098,0.8800925485574964,-0.6392281705324724,0.8732285750341342,0.09430857256954824,0.6307575522646205
4,0.85788305,0.891897439956665,0.8758109182950057,0.6019385546081363,-0.9127140152585904,0.9346075409656491,0.8260928580186774,-0.5814566379777074,-0.3364267041440026,1.2650807078002568,2.3185808601963087,-0.34424518501994955,-0.14857834426837643,-3.351147478862043,-1.5055818215902128,-3.3618780389593446,-1.3775145414074934,-0.7305823578465954,-0.39053067892283466,-0.9757220492565519,1.4894110022506022,2.6044055991998833,-1.082792553198497,-0.26797495507643837,0.9509410720482394,-0.3188281859841091
4,0.967406877,0.9536571502685547,0.15297362539234924,-0.48950525547622775,0.26452129821756487,0.5422453991022141,-0.6373302930119412,-0.27807409081147494,6.370288757678324,-0.13065307724239347,0.3822322426813852,0.54040343415133,-0.557848695641665,0.014501574163400388,-0.5792118800155868,0.22465389071141675,-0.187796116871123,-0.1495499337423067,0.7766583205119365,0.9466875317732314,-0.26705524528010893,0.08425575595331808,-0.5560598487825927,0.006759228098329225,0.6708881395263597,-0.03947663687442528
4,0.987886945,0.9737095832824707,1.2260987037347344,-0.21592348228943486,0.8099155955749802,-0.30115303847246805,0.5657097893227181,0.4245275459057465,-0.26126183937056274,1.47422658810152,-0.25336228341569567,-0.8815005231843717,-0.4489438139443008,0.05434801186428141,-0.649317645034809,-0.6696153893363681,-1.1642680859962928,0.702916274598465,-1.500065846955448,-0.7995636043012682,0.6111778784852466,0.31637482046287013,-0.9441786836153643,0.6513278886237449,0.10254542352607424,0.38251905126872243
4,0.986598596,0.9730615615844727,-1.0274743176094168,-0.7549471925222356,2.099661007417941,-1.4935340912301993,9.236176366020145e-4,0.21944233956284115,14.373581391420549,-0.4709428997218437,-0.5756070896380941,-0.9464462043574983,-2.115408182942032,-0.3527158294176227,-0.8154105996624625,-1.1655885572737512,-1.3267387833400104,0.5560649851495911,-1.3918249918942078,-1.052691054306184,1.1143322723091482,1.7090892075201822,-0.9996242314486173,1.623464229088307,1.7581524657877758,0.612005877889615
4,0.957833816,0.9314738512039185,0.6825814264453537,0.6452594007647374,-0.5614893234041054,-0.32376091232218196,0.5926368108982915,-0.6322108297803359,0.9281444744453863,0.8430927654855543,-0.5953233110465496,-0.4566002045306949,0.6612531538214531,0.2155152696485283,-0.112770799090823,0.14957482968802605,0.21351241867741105,-0.33934093019987205,0.08371629064609955,-0.35230794843731694,-0.033774571779936334,-0.39987829288089033,-0.44516875311608667,-0.6166760337213356,-0.08690214847402102,0.26716288934298815
4,0.892166836,0.9132940769195557,-0.22102943389829513,0.0834092773564671,-0.06597697500992679,0.3494105413882261,0.18960006233142054,-0.7346972252936965,-0.024359006270352774,0.9716066589708474,-0.5814912944945844,-0.8171304938307797,1.0218879706003765,-1.1256743004297047,-1.1573197920152714,-0.39995517615978476,-1.416118970713053,-0.6582996558625076,-0.6635133065112628,-0.659606671221912,1.19666662766215,0.9928360941764219,-0.6946737183657254,-1.2506779948938755,1.5275206390050509,0.6003072480290736
4,0.982684865,0.9785528182983398,0.3521153120928343,-0.5653953558282113,0.782264066451128,0.0768563487470329,-0.25266983965675793,-0.25131866461809127,0.8610717433238712,0.3025202415571276,0.4149537306033725,-0.7852681488104677,-0.7173836792155692,-0.19512891714392305,-1.1443287074475303,-1.5592527776922898,-0.29819099347796135,0.021436584468498117,-0.2471462107184893,-1.0204368594611906,1.0914616180444254,1.0657878001651384,-0.9719014575319909,0.6830279866823724,1.132151793091809,0.7481696855630914
4,0.992697769,0.9875128269195557,-0.0851194020381504,-2.0232213496371463,2.278488021650637,0.9265674521343045,-1.2216360454296966,-0.6712646374710132,-0.34592089082786265,-1.1308800735374456,0.8718786525124742,-0.9565590781312285,-0.31044286847365926,0.019915066092297776,-0.8534470507828777,-2.699503865812173,-0.9135342016594624,3.4512634635620976,-1.3003164332838997,-1.257321844487163,1.6129125352801055,1.9743681383882417,-0.8055648140322316,-0.6483761317799623,1.725205061961672,0.987533315970987
4,0.981186686,0.9455181956291199,1.9430369069766196,1.4489089642879667,0.058946364366676135,-2.2261854066329083,2.241376510703421,-0.5859153283025884,-0.29699986407877305,2.774327514119031,1.7462622918818065,-0.817185968142231,-0.9730465900616596,-1.2404296703525681,-1.2982918782063104,-2.3302172629987146,-1.0793185073632414,-1.5191687735103452,-2.1326853150354785,-0.941264380046596,1.5808936193094933,1.6626653946182721,-0.7501192661989786,0.4611273002719831,0.7532566490916185,-0.07603823645149303
4,0.985555556,0.8729430437088013,1.919762671873535,-1.0336218044732215,1.4123839348148521,0.4308435893528137,-0.2517818987398319,-0.45343321354288707,-0.1902009704648608,-0.30186153097099466,2.2648325345105347,-1.0154451753036953,-1.3216698180778774,-0.41249882978727076,-0.7085241407141671,-1.6385993726070858,-0.8105169447946519,2.359482688080705,-2.2028716541319704,-0.8645757503333484,1.736414068309608,2.7967328240792257,-1.0550697792818704,0.7252947840938749,2.0958633550053363,-1.461794374745491
4,0.987784747,0.9902817606925964,-1.2287673550201068,-1.0047171030927582,1.51172414268759,-0.001507155342216835,-0.440298323758236,-0.6620194867538715,0.39375198167376974,0.20281664983540396,1.466496541833941,-1.0514902144056946,-1.4084830716585897,-2.1666038908559804,-1.6378434744016954,-2.7167337844701587,-1.0651629205436215,0.22382620270629583,0.16102506300130584,-1.2609593697529777,1.539726441632992,2.365654561418629,-0.9164559096987377,2.003865405791831,2.079389653092285,0.8157605171850457
4,0.977284733,0.8616001605987549,0.7456766857183936,0.5240895899588645,-0.6563741649364192,0.31756157528034284,0.52296881550521,-0.4490475141780116,-0.32132977657310574,2.017225861807272,0.023513532411510173,-0.10001295095908676,1.105780896511873,0.5245805307454493,-0.6635757828987331,-0.8509610462370276,0.5625718108985053,-0.4594883144139307,-0.486353481519896,-0.47374264331073446,0.1354682697790125,-0.49935789195641267,0.19245504696632365,-1.1978444981294973,-0.35871823003937503,-0.8330366776918346
4,0.973470154,0.9766437411308289,1.3519714265012615,0.3320724761115347,0.48564750190736233,-0.9150261079102031,0.9194400582743498,-0.2648820789373972,-0.26232166854344585,0.2877313218356841,0.6086045974443127,-0.7300840938516158,-0.18499727581875713,-0.7432739974143032,-0.9445916869072211,-2.2724357969272724,-0.7801803071315362,-0.8052206435812371,0.5707990571854197,-1.0242196283438865,1.2195372819268728,0.6479734840479444,-0.6669509444490989,0.29206011062597226,0.39083520700447993,0.4413966096835087
4,0.965931864,0.94481658935546875,-0.2961410688279363,2.461236920888747,-1.21318530736607,-1.7648493741843634,3.7257923934786583,1.2847736951130677,-0.37169014473420703,3.640791219680356,0.10527229850492097,-1.0799521719394232,-1.395547906803578,0.3426530997995597,-0.37892889749535025,-1.3134875816294274,-1.2995062726650595,-1.3713887182231825,-4.185937488118285,-0.023776079686134592,0.3504524198674066,-0.10143949565432346,-0.7501192661989786,1.4860971375009229,-0.5646395039525219,0.6194789349467933
4,0.995480448,0.9866310358047485,0.1683904423037178,-0.029012079512100716,0.837267165426628,-1.130129228368975,0.4105167208203202,-0.7802279123432695,-0.23438746820875045,-0.5675812465721078,2.332458534316767,-0.7695802823298661,-2.093590652548768,-0.9479146579982977,-1.5677831488086884,-0.7570683653435962,-0.81724043241113,-0.19487548573367408,-0.5041432971526892,-0.87163937028344185,1.4894110022506022,2.8497886102528383,-1.0273470053652438,2.0566989025562097,3.405522657092951,1.0088998554433084
4,0.769811321,0.7270144820213318,0.702338485897823,-0.34135790843956065,0.42182551968166765,-0.004732224649502464,-0.005051557779448673,0.12223792786139123,0.4188227204546241,1.6318284087853931,1.807392390887028,-0.7965532724452281,0.7397743124766882,0.5661016109452294,0.2855480267668409,-0.41995403224599404,-0.307064719832705,0.692062922824113,-0.2276447329727431,0.33441030702054764,0.9679600850149221,0.19036732830054195,-0.9164559096987377,-0.12004116413617875,1.2721782593527489,-9.809790840882687
4,0.963659148,0.9438645839691162,1.1638447163913876,1.627859835430882,-1.2397598957387357,-1.3935891928645823,1.340263818059348,-0.7802279123432695,0.6034161642358423,1.2669995787812216,2.310255058783896,-0.8808057331619721,-0.49838388380232285,0.36120516926890484,-1.0131693531472983,-2.0986307498590366,-0.7440120534975271,-0.44998260271912055,-0.8902313301984282,-0.6766075285041903,1.4756886096917685,0.9265163614594071,-0.777842040115605,0.3343269080374748,-0.004533638908762238,0.33477514516987256
4,0.980982567,0.971846342086792,-0.7999175379014369,-0.05581018572424882,1.0920039464667974,-1.8332383686168665,0.19971460681207784,1.206434465779155,14.239397159006394,1.4464041382384332,-0.5008698327958526,-0.6213004668306199,-1.4926293347903095,-0.5017181057446974,-0.7457179135728453,0.43495811084539365,-1.3655809694581829,-0.6548711781305967,-0.1552597458439188,-0.6700219255210476,1.2241114127798178,1.2581150250444815,-0.7223964922823519,0.9894622679157666,0.6461775866567819,0.5784971620973286
4,0.993236121,0.9850122928619385,0.617431557823812,-1.8444208130153177,2.241865992219154,0.46769705566595327,-1.2248711659165379,-0.3792107076522483,0.2562655878314742,-0.630148983705838,2.206276762271363,-0.7770730206079887,-1.6839691935860504,-0.22679350651148505,-1.1354955053343792,-1.277459665451901,-1.0067676506895942,2.048696733547759,-1.974962392999079,-1.0051007881926577,1.1646477116915381,2.0937436572788686,-0.9719014575319909,2.162365896084966,1.6840208071790423,0.8137041696621478
4,0.919736842,0.9437824487686157,2.415692382997777,0.6977104829407098,-0.18094696736583235,-0.588986960065801,1.206332815467456,-0.30910512034394444,-0.37169014473420703,1.8479735217438185,0.4119592348150648,-0.5001131490811053,0.2797973506920374,-0.8731099496431699,-0.6278905035023169,-1.931456013932841,-0.07046883697378988,-0.6393273096751091,-1.6290911336445992,-1.033045476227911,1.1829442351033166,0.614813617689437,-0.6669509444490989,-0.4898756414868272,2.211179268396699,0.7717810237899011
4,0.99310344800000006,0.9690214395523071,0.13946285847853424,-0.29820331643122355,1.4155456497302028,-1.0978404238923931,0.3946889651071373,-0.7533792830798396,0.03793974012216751,1.4829953589751357,1.8177134892232445,-1.0132488530722576,0.8413577282407375,-1.6205587160844324,-1.2383168288206015,-1.8211305260021182,-1.1859389309907988,-0.11391281044284045,-1.1505465175942087,-1.3153163337390494,1.6678021055154395,2.087111684007167,-0.9719014575319909,-0.4581755434282005,0.7367829471785667,0.9004400142489698
4,0.955495005,0.9860983490943909,0.8652929501114982,-0.7346795252021958,1.4072425786737146,-0.38464108103376066,0.21051212009194767,-0.3737186906566439,-0.22745487916791232,0.1769126645955706,1.5914486429649506,-1.0587429599149114,-1.8234220311988052,0.022552929872471372,-1.134244935242799,-2.376773677555034,-1.4559751005917707,1.1069924742597976,-1.4814077813522868,-0.8220827997616321,1.5854677501624377,1.5631857955427497,-1.0550697792818704,1.4860971375009229,0.8932831153525583,1.0550511581069946
4,0.982319392,0.9744758605957031,-0.008020878067741957,-1.0393022683755868,1.2954827689046076,0.29072739319585145,-0.6195922012556808,0.17312821394153702,-0.3022383548092419,0.143905380335953,-0.5693082932417961,-0.9197078001580742,-0.5033667269231928,0.012523840670808608,-0.917135356485719,-0.3277451091647048,-1.3007136357013822,0.7496481595803163,-1.9273328148474875,-0.9874720740095574,1.1783701042503723,0.5949176978743327,-0.9441786836153643,1.0000289672686424,1.2145203026570677,0.9590973449205836
4,0.99436059,0.9888767600059509,1.7512130432725648,-0.8022298220832706,1.109376711766366,0.30179752112137564,-0.27141383982801953,-0.7505188747553146,-0.279393466593832,-0.4633578987305882,2.317135554395587,-0.8101346768252169,-3.1736516896615106,-1.6007786065021457,-0.8767221314157908,-1.6957878479765356,-0.8646301479462595,0.7929777390224406,-2.687821286764176,-0.9492417478142834,1.3887801234858217,1.7886728867806003,-1.0273470053652438,1.8770650135573228,2.713627176744777,0.8719632227287192
4,0.97457054,0.947117030620575,0.4830282232314,0.47778781550544874,-0.2413683016891415,-0.3678631782811796,0.7006013062979403,1.5093944285680114,-0.19760643617355347,1.978799071573211,0.34817295355649974,-0.7466658517198084,-0.6693449767432372,0.137174030555505,0.08511252018949822,0.47355070886676215,-0.7169353562164194,0.24762479366157186,0.400133444368111,-0.6509711108612695,-0.19386915163299592,-0.40651026615259184,0.5251283339658421,0.8520951763283825,-0.4575604415176855,0.04744929437947716
4,0.86,0.9442041516304016,1.4639486722189476,1.9547843183466085,-1.0605357258358672,-1.248026300315257,2.6317998765892523,-0.7802279123432695,-0.37169014473420703,1.5171297299106357,-0.1517207720960028,-0.9035198069870729,-0.23073334782584043,-0.19827566563239615,-1.1568847170481256,-2.1433951631219466,-1.3450253888416657,-1.1613638740456702,-0.14358678480798007,-0.7270199332495214,1.6998210214860516,1.5300259291842424,-0.5560598487825927,0.6301944899179936,0.7367829471785667,0.45162264436518906
4,0.940600122,0.8973082304000854,1.6814384512812421,1.3886190010646238,-0.24489562889687877,-1.6976613032526364,1.6822001235481563,-0.45133631185677714,1.2328719824359802,1.8139513295485106,-0.46535978363263114,0.7630792314739587,0.5310833553611244,0.4556367041982185,-0.14028636519631082,-0.6088329783716606,0.14192550029670828,-1.3396276566304173,-1.0437794771529816,0.029477768222358373,-0.48203939536850304,-0.3733503997940844,-0.4728915270327131,-0.6166760337213356,0.8438620096134032,-1.0647555139616791
4,0.980524928,0.981322705745697,1.1108003251734704,-0.8845147263373438,0.7868086973108094,0.7099159509961473,-0.7841141852341226,-0.5602011408632164,0.6078585620501706,-0.8192319845606943,1.2821629635271072,-0.2165658893667258,-1.3984689611335304,-0.42627801113879854,-1.2972847295226932,-0.20339339061094586,-0.2776618341342677,0.17737875835216899,0.7795891318814762,-0.909410064779725,0.5151211305734111,0.29647890064776583,-0.8055648140322316,1.2324963530319069,0.2590455917000658,0.5272295630446435
4,0.941371681,0.9503754377365112,2.14361689336631,2.3982903122325196,-0.6151992021615725,-3.525565004635732,2.909090180733214,2.685443071807693,-0.301423318438758,3.17478297878544,2.300048631938552,-0.9761710370815112,-2.7252769306434783,0.41656588347785234,-0.39199804190754695,-1.2237750213240166,-1.5036658994566385,-1.123336118081912,-1.929406554771652,-0.5121825615607483,1.2469820670445406,0.9795721476330187,-0.19566378786644772,2.3314330857309766,-0.07042844656096932,0.32620677154717564
4,0.912483039,0.9022436738014221,-0.4276310079191458,-2.3003777825772334,2.213279088781213,1.7942967080545875,-1.2681464321466522,-0.7802279123432695,-0.36091653366903875,-0.31442840915310466,2.3241984595765275,-1.0983898361348143,-1.8189707511876572,0.2542959879839053,-0.9421970966599212,-1.1017589884547223,-1.4731440961501094,4.200366527855051,0.6732097483076038,-1.30843748573195,1.6998210214860516,1.6427694748031674,-1.0550697792818704,1.8664983142044471,1.9228894849182934,0.5220933470513689
4,0.847310732,0.8020080924034119,1.0835168771803583,-0.6049390880069394,0.09724794755505158,0.9770540162940078,-0.5155434171930218,-0.25542378176292496,-0.3312101479228995,-0.3410685224683029,0.27592552545664745,-0.47886300342793214,0.29201083793553445,0.026316841687528313,-0.36885025508547037,0.05099618770065056,1.0052302214639735,0.9809449488975737,0.8978012946744693,-0.500219267699411,0.47395395289690984,0.4821741522554073,-0.9164559096987377,0.02789262680408049,1.115678091178757,-3.6092953315151957
4,0.979094934,0.9816001057624817,2.2283019136612547,0.30773426170026313,0.565715761826964,-1.1046600179980912,0.8831754900924693,-0.7141176236453346,-0.2896718570875753,-0.15401461897051147,2.3165620698196334,-1.004176785547839,-0.9604453560025389,-0.5592126714293085,-1.024609864352082,-2.0979590708317364,-1.2354747523956096,0.41125250736892305,-4.053199676830789,-1.1069726386936207,1.658653843809551,2.59114165265648,-0.9996242314486173,0.4188605028604802,1.4039678746571627,0.6758896515305227
4,0.947175348,0.9437746405601501,0.6631492402523466,-0.1613155679258389,0.13283153486616803,0.3125742485185273,-0.03431646842681768,-0.28767473566473756,-0.022160370414937014,0.06405051754711229,-0.01708255430407616,-0.6801657578443647,0.20740513223308044,-0.16502900273572305,-0.013441754484695475,0.12082399448983362,0.6249165822369779,0.04902072681564307,0.5289684423785368,-0.3764717061166709,0.13089413892606788,-0.02185581639390556,-0.6946737183657254,0.4505606009191073,0.36612465413490225,0.8311683965101926
4,0.990318907,0.9748886227607727,1.9772242910048836,-0.11442758691489056,0.872210529154637,-1.375774462779683,0.2796192831390091,0.749043110886531,-0.23151662961907163,1.5856708164134883,2.1808783532550087,-1.0802711903885571,-1.8937281166540578,0.13515309217848612,-0.46222285184652184,-0.08046474483853627,-1.3935821195046758,1.0617464459171038,-2.955332095372028,-0.39823250927370013,1.6129125352801055,2.352390614875227,-1.0273470053652438,1.9298985103217012,2.3512057346576385,0.4205054749539671
4,0.994422064,0.9756166338920593,2.518283231046544,-1.0450981685477545,1.4338120461714083,-0.22956981553027137,-0.8065286609376218,0.08047718961250129,-0.3273317571641612,-0.36499539458474933,2.334745544042955,-1.0059618950572133,-1.262006311965025,0.1330975778301994,-1.0388172597229863,-1.2842197875193961,-1.4343863635837388,1.9215865414772066,-1.1605531104669773,-1.1255445171230507,1.6678021055154395,3.1084355678491957,-1.0273470053652438,0.3131935093317235,1.123914942135283,0.6533301436395353
4,0.915367483,0.796578586101532,1.3330197029896091,2.709020345703974,-1.7441129627753438,-2.356429100083556,2.2737978293597476,-0.7802279123432695,0.7651547946124341,2.444202321567238,-0.6217695414342653,-0.8440143603243229,0.835739410603028,0.428164633977821,-0.7944903813908635,-0.17352381575129316,-1.1821841642285666,-1.5190318327311882,-0.6160589765578346,-0.7926489050216478,0.4968246071616326,-0.3932463196091889,-0.2788321096163274,-0.2574082557235626,-0.3751919319524267,-1.257151873876532
4,0.956184799,0.9529757499694824,0.5886442909638836,1.0619484411644495,-0.48292983827538405,-0.5897183659921789,1.7147962878501253,0.5006305961819972,-0.27229033612334386,1.941493834161846,0.060518046738137654,-0.338611466827834,-1.135775511712659,0.22901506857359208,-0.28252597986188377,-0.30118252902271303,-1.1715915280903408,-0.37202582040727816,-1.061646709970011,-0.4169257304716632,0.7301052806618049,0.40259047299498946,-0.14021824003319472,1.221929653679031,0.2343350388304881,0.6284633797126707
4,0.970694211,0.9135144352912903,2.607386129434893,-0.12915492333239073,-0.3092442897337225,0.7828594353435429,-0.34569495179151555,-0.32868336679785926,1.5279953621835571,0.175111308570371,-0.5071507899154191,1.1406663347485189,0.6437414343694109,-0.07056509011360242,0.18643752348557177,0.6316133905886285,0.3316535726220872,-0.13913701830093778,0.7865991555222344,0.25256828669821374,-0.05664522604465913,-0.340190533435577,1.2181976818815057,-0.9653771123662325,0.2425718897870141,-0.10612683141956945
4,0.981835265,0.9887856245040894,0.15573212906057804,-1.032766525859977,0.8936234293914544,0.9033697000750152,-0.617181904188133,-0.48573003676067866,-0.18260930360117672,-0.42219604958287377,1.620051832730157,-0.7678225209034915,-1.7811598449345694,-1.4533309821910203,-1.4065089371228807,-0.6409857543816341,-1.3899991758358932,0.6078622045692647,0.39263867184852025,-0.9773693692657355,1.5580229650447706,2.763572957720718,-0.8887331357821112,1.4966638368537986,2.178231864570595,0.8472583832697851
4,0.253875969,0.624134361743927,0.41234136778466335,1.4816367404914605,-0.4828827155037364,-1.280038025162402,2.2990339169058163,0.17388704529869703,0.2592133558481573,1.5892993543434808,2.220134684160502,-0.7825121394675881,0.7148910220007599,0.42289867133123604,-0.5151953383193866,-2.0530772687035994,-0.33292168279401063,-0.39145886587298656,-1.1780646482725603,0.3697173756102391,1.2286855436327622,1.1254755596104515,-1.0273470053652438,0.2286599145087181,1.3710204708310594,-0.6084217152715067
4,0.992474502,0.9736087918281555,1.0637962345790428,-0.3573788181856191,0.25509794427511284,0.2723545874757407,-0.36526403616180597,-0.6738122235592287,0.1882729869973025,-0.3107094289262805,0.31520406537602774,1.2648863467646239,0.2302837199111374,0.06546007825777149,-0.6358914181415183,0.616538620730857,0.6934024421399024,0.17518481318198328,0.2976945375982157,0.27635514638439457,-0.4271498251331685,-0.061647656024114574,0.33106891654945636,-1.1027442039536162,0.16020338022175531,0.10275816901007966
4,0.975,0.9647506475448608,1.5081786006441427,0.21973045467872485,0.7860674011280601,-1.1012233551364201,1.0192795976314593,-0.6431477734937368,-0.31494582658367765,2.2794849926614553,-0.5704915733695807,-0.8837029364011934,0.5458647829421329,-1.832160151688987,-0.4561010170026007,0.2661059028256984,-0.05979440619060943,-0.878887226221669,0.11076759325499937,-0.8081936490815227,1.1234805340150373,0.6678694038630489,-0.44516875311608667,0.5245274963892369,0.2919929955261692,0.40580611534644295
4,0.935891845,0.957649290561676,1.2844851971038747,0.873007201274505,-0.32637423885203576,-0.5202217324133306,1.472096921863942,0.23492806518779866,-0.22760085091075893,1.0827411300353729,1.1445018522451067,-0.7703311041212925,-0.9337025644220112,-0.10341160601195792,-0.6308134339668486,-1.2271597090857629,-1.126043308331441,-0.43758216852650195,0.39080135038243974,-0.5848641221221924,0.6249002710440802,0.8336687356555861,-0.9164559096987377,1.12682935950315,-0.34224452812632333,0.7435311980070445
4,0.791464261,0.7777577042579651,1.294184473566304,0.7620949923705437,-1.057494783854826,0.10866428082204437,0.3416831778302101,0.07390692099583182,0.04157241813256847,1.772043461209338,1.5664982825694838,0.5901595829601982,0.6067860967419124,-0.03598483622756531,-0.2880522638711904,0.6485753273729365,0.7889634896818446,0.07817007420605057,0.6249375774770449,0.17898492874334884,-0.2624811144271643,-0.340190533435577,-0.11249546611656815,-0.5849759356627084,0.34141410126532457,-4.588221322160184
4,0.97673035,0.9685148596763611,0.9577349764287002,-0.2672003445573073,-0.24300493053320463,0.9828572121651706,-0.6843468758283558,-0.1616845832601314,0.09540852498893528,0.6091889727608303,0.42170932038408865,1.3967545560723882,0.6260542867249934,0.10370132029328842,-0.19617388059080978,0.945089507799831,0.6914244864776707,-0.272174220016927,1.2409611451409304,1.0273804728480878,-0.9120076955452916,-0.4463021057828007,0.08156395129981767,-0.5321424388983301,-0.02100734082181408,0.48418872784936506
4,0.646390984,0.7402833104133606,0.7643734506357283,0.10480213890473392,-0.7044317701416731,0.4794197771064538,-0.5358297504497286,-0.28876465534844126,-0.16167865534577883,-0.6699761749648979,-0.024731381240977,2.087972300876744,0.8902363200699863,0.42352040546852204,0.4693397176545872,0.8147341171196629,1.5817047715872234,0.4879012642201234,0.946562735209081,1.69965066547987,-0.7473389848392876,-0.17439120164303978,-0.6669509444490989,-0.5532758376040814,0.2096244859609104,-5.860036522630295
4,0.988143631,0.9877527356147766,0.5700062725161237,-0.3256694515311138,1.0842558202257317,-0.446058302165814,0.2208414620760932,-0.5527287667476253,-0.33403360032439455,0.6541617368732479,2.2801852121997057,-0.9153943065790161,-1.5851113323825392,0.028703599068141523,-1.3704024030952056,-1.4625491889443136,-1.0676637777787368,0.5142693868417789,-0.6432726248718454,-1.0844764248182064,1.4025025160446554,1.675929341161675,-0.777842040115605,1.623464229088307,1.7910998696138791,0.7918859556160134
4,0.533489324,0.7116877436637878,1.3271078806377155,0.516635246425913,-0.8301641401692506,0.2163105307721994,0.2328784184367624,-0.4398730431866805,-0.20443125099895346,-0.6679667323914662,-0.5807236385065958,-0.24816481427594164,0.3585859765609772,0.3168354083740233,-0.5156660514115277,0.39364403599477304,0.5188337455009766,0.3191927057623248,0.4347359029349359,-0.1658059517279401,0.2772663262202939,0.08425575595331808,-0.6115053966158459,-0.024940869960297863,0.37436150509142796,-1.4285256591114592
4,0.904069767,0.9249173402786255,1.6592546695822055,1.3184391022684068,-1.30161596776935,-0.6927261424007579,0.9283481154932471,-0.7802279123432695,7.303020121268831,2.117292327270465,0.2901716105767969,-0.28354084308336736,0.3860712978973742,-0.048044699091736365,-1.1066584930163461,0.04939791147495743,-0.5498478330428915,-1.062294140149762,-1.1361028694346722,-0.26618124141698873,0.34587828901446227,-0.001959896578801054,-0.7223964922823519,-0.37364194860519506,0.7367829471785667,0.8790198324925539
4,0.978193957,0.9733607172966003,0.9041983109265989,0.13010609149125704,-0.07284672551522295,-0.3303222147480458,0.002320624990404271,-0.34939018389648036,0.3284558600572404,0.43306188587779926,1.4755424555179895,-0.2376945407532673,-0.3795092944321451,0.14303786797560117,-0.9522919005626249,-0.5869093395001214,-0.2042747917793416,0.39548381415138195,0.16615976219764872,-0.6751367070674191,0.7666983274853619,0.4689102057120043,-0.6115053966158459,0.01732592745120467,-0.3999024848220044,0.8006458060259583
4,0.939229937,0.857765793800354,2.119080144211306,1.0578365538312524,-0.8545234315026095,-0.7300790346153341,0.919425887649376,0.012294585854961486,-0.30504914775099345,1.0171783888075527,2.2152872916749127,-0.9058957426672275,0.3344153559065776,0.24284368773323045,-0.8768477422718833,0.04284904364643876,-0.3463664901140608,0.20743559221703897,0.6568867134160948,-0.5961398069618392,1.3201681606916533,1.6626653946182721,-0.8887331357821112,1.380430143972166,0.5802827790045749,-1.1046756602167316
4,0.987813135,0.95668625831604,0.37426259566822384,-0.4508626197302847,-0.17938963400039873,1.3288717282767788,-0.5131889315154337,-0.5378086015624147,-0.30180391053847344,-0.06462986438640397,-0.5811301006054792,-1.014406624337354,-0.28578379272566584,-0.7664125470199208,-1.3196476534095143,-0.03829997104564021,-0.644989500974618,-0.1590273796564857,0.00326584971212378,-0.8566581346865301,1.2607044596033743,0.8204047891121832,-1.0273470053652438,0.21809321515584265,1.6345997014398876,0.6523437797864049
4,0.95502008,0.9442073702812195,0.7382625277227477,1.7670000360480957,-1.37580877768808,-1.384981240121389,2.1478364466072644,1.1610250397530921,-0.35893488150626146,1.511626056171829,-0.6686218138388259,-1.1271029191109283,-2.518715893770689,-0.057254886003638296,-0.3607579300656589,-2.2647197154507896,-0.8034711886530533,-0.8652802892519385,-3.115404286159728,-0.8070712284725867,1.1143322723091482,0.9530442545462129,-1.0550697792818704,2.711834262434501,1.3133625141353782,0.6113721793456912
4,0.925426136,0.914914071559906,0.8548830472575424,-0.7069976344950664,0.10173623014324878,1.2791061237090244,-1.0482046844907453,-0.29656997161165205,0.027035775274297843,-0.46195380723874363,0.07438723797155822,0.9125601826703567,0.6085219523175605,-0.5304164601360982,-0.31271332358614584,0.9404005857583979,0.15327309138223869,0.6518040488122611,1.2567323266149864,0.39850778597163644,-0.24875872186833042,0.09751970249672125,-0.5006143009493397,-0.6378094324270869,0.7532566490916185,-3.6826311536374727
4,0.988867684,0.985862672328949,-1.0049015928328227,-0.3389538754405258,0.8343317199963891,-0.3843640040685255,0.032647379419985516,-0.29591008291929377,-0.2959253414969707,0.3300132276708854,-0.583008023577587,-0.7245499647417865,-1.2314294621212576,-0.2817908312166687,-1.0495140165247068,-2.0175967051423482,-0.679092752141902,-0.44868305208581977,-1.2525929183496578,-0.9912235879367219,1.3704836000740432,1.1718993725123616,-1.0273470053652438,0.7781282808582533,1.5192837880485248,0.9773974101391975
4,0.930218805,0.9459903240203857,0.37807250130592596,-0.1351313977281638,0.853283539842031,-0.3490848118100104,0.7630441916507129,0.38503437903954624,-0.3669918302830116,2.452833423989719,-0.6357436858780302,-0.9344587419979689,-1.5727637374205043,0.30342871793525433,-0.05404300048514672,-2.449420970628893,-0.7026026222643265,0.5222554640909662,-1.2437021267991597,-0.8786680582244123,0.8810515988089759,1.1453714794255558,-0.777842040115605,2.257466190260847,1.0744938363961276,0.14926123749345283
4,0.981430536,0.9727901816368103,0.8338166607951635,2.0399356136458757,0.20062343753768674,-2.8472801834505415,3.4890983950156125,-0.5339739077697373,-0.295237518102911,3.1218613369755848,1.0908554949065796,-0.8664660400898269,0.2815366023824019,0.01913956304694687,-1.172725584875343,-0.7403023897562748,-1.22626732550748,-1.6135600171757167,-1.7444172614935296,-0.9869719947210553,1.2195372819268728,0.08425575595331808,-0.8332875879488582,0.18639311709721557,-0.22692861473496104,0.5974125926280149
4,0.93377993,0.9544292688369751,1.1865904432222576,0.04164710397457016,-0.3432390515802941,0.48580461880428494,-0.07114567125905961,-0.07856021027505031,0.02328499259391608,-0.068845901364922,-0.38741714881046757,0.43704017575946674,0.45325978885621165,0.39364128735520687,-0.2672665578184695,0.20114155781287052,-0.05678555923405993,0.2681406893367325,0.8533885485510081,0.5497661432657829,0.0897269612495669,0.13067956885522866,-0.3897232052828335,-0.23627485701781129,0.2590455917000658,0.7625674054487162
4,0.937800093,0.9428961277008057,0.5119675983412918,-1.4329241046713064,1.237931411128417,1.1577023470413028,-1.173856315738984,-0.12146328721402014,-0.31433691384319296,-0.9010432122176311,-0.2620166277312876,-0.5711031048426665,0.1010110671455725,0.16913051511137162,-0.21247714576335566,0.5797854942208464,-0.26155522288337546,2.4501481878206084,0.780031561740566,-0.2285530327473932,1.1463511882797601,0.5551258582441237,-0.30655488353295396,0.15469301903858845,-0.3916656338654786,0.08396587041748561
4,0.973282443,0.9604112505912781,-0.7107036280555339,0.3258602371161696,-0.4541591637198173,0.0030153614894073205,0.25866421809750506,-0.6142636173592958,-0.2902970990669652,0.4045410123936558,-0.4942720926624874,-0.7153535101740541,-0.16628661359006497,-0.2933198165348402,-0.5912600901933657,0.07341042722340871,-1.1282142790266099,-0.27577198867537295,0.6977210694504329,-0.4859614923967109,0.3916195975439079,-0.17439120164303978,-0.6669509444490989,0.2603600125673452,0.90975681726561,0.61972634362782
4,0.957159794,0.9580689072608948,1.3335800633077586,0.0843594753602684,0.05311322160368308,0.0852326891251043,0.2892215174047687,0.20138657343069702,-0.12804760252707653,1.144742319554723,-0.5852643663463303,0.7739104688547787,0.07029399010798938,0.3687660407986716,-0.2867466413541008,0.26855599492665816,-0.2556605120582647,0.16544190445857124,0.020301791584865347,-0.2715260484049106,0.419064382661575,0.031199969779706377,-0.3342776574495804,-0.23627485701781129,-0.35871823003937503,0.389584181651464
4,0.978632948,0.9475401043891907,0.30446547764994536,-1.5594793642276938,1.1794382482260972,1.4505582886295394,-1.3677370254345755,-0.587723104616388,-0.28494113983144365,-1.4283870915025547,-0.645872017811369,-0.35141375973179145,0.3481700107894476,0.32629194321687444,-0.03639846713039637,0.3754219130561585,-0.4658344903381148,2.258856478657648,1.1363023473571703,-0.4483774083702181,1.1280546648679817,0.15720746194203453,-0.5837826226992192,0.16525971839146428,-0.34224452812632333,0.11167206108888966
4,0.894136808,0.9242586493492126,1.260105601866326,0.61346774767648,-1.282535795068866,0.7618404353731622,0.16980077207195637,-0.45939160215177766,0.8869248479283687,0.22493029843441847,0.7556850867187834,-1.0526578462993517,-0.5844375979440332,0.2102142049183066,-0.7554405160488649,-0.87819686254897,-1.4194700405043779,-0.06743263741306686,1.381208011505885,-1.218334045251952,1.315594029838709,1.3841225172068095,-1.0550697792818704,1.1056959607973993,0.9921253268308688,0.07537458434356432
4,0.977169578,0.9688529372215271,1.248108772245145,-0.562842506130995,0.6276643569035578,0.1911775239924117,-0.215904638257318,-0.6878636036876853,1.0909405732290547,-1.6226095790805104,2.133001445496047,-0.7451691069664326,-2.9292868341731397,0.3363892929859586,-1.371056831860254,-0.3444573491850339,-1.037015700779485,0.8041887088832091,0.9867395960903762,-0.7141077830628945,0.7072346263970821,0.21026324811564645,-0.16794101394982128,0.7041613853881232,0.7367829471785667,0.5651162251649593
4,0.929791271,0.9318944811820984,-0.18926036718592323,0.3410039590591091,0.704304607085864,-1.0444617516831673,1.035656371387889,-0.35545728286480344,-0.32647574278406094,0.09879975572295145,-0.518454925423707,-1.0737793635824806,-0.9023710914195915,0.31031209746905786,-0.48711959107601355,-1.7431967636187857,-1.31552518028169,0.758038972338954,-1.8026825283855668,-0.8785586658800522,1.0411461786620355,0.46227823244030297,-0.9441786836153643,1.1902295556204043,0.5638090770915232,-0.16164720056782791
4,0.949645948,0.9471633434295654,0.3061643301903088,-0.5932088680513292,0.44558509292362014,0.5162765123949444,-0.635710747749386,-0.6393729471116715,-0.3411350755909275,-0.1161615799647925,-0.6202519830857193,-0.5454240529131721,0.2867982050679379,0.5122793062892778,0.48246327860885513,0.7959239629104985,0.09202689564259604,0.6104062907242706,0.3520097095248863,-0.4501745683132731,0.0668563069848441,-0.47946197214130815,-0.16794101394982128,-0.954810413013357,-0.6140606096916772,0.6051822849744893
4,0.96069174,0.9770674705505371,0.37733701907587597,-1.6073701474817077,1.2112910392080323,1.6169944333371293,-1.3294489518574961,-0.6353145702475231,-0.201448402440685,-1.3350611658366685,1.134746967610539,-0.6509615647488483,-1.1294379530409777,0.062944098294889,-0.9584677945469375,0.0164586505507279,-0.48278433497587736,2.477817022362904,1.598137018441835,-0.7624915499874513,0.9359411690443101,0.7408211098517654,-0.6946737183657254,0.7992616795640042,0.8603357115264549,0.805354322929714
4,0.967639257,0.9674187302589417,1.3266980369831374,0.17432632944876175,0.5306241304713479,-0.826842175598895,0.5762406257746615,0.7885134088870396,-0.24518746757299273,-0.9283778961439554,-0.5761529333816263,-0.7871329454751981,-0.1362730659738331,-0.07268465948133955,-0.7484069756596216,-2.866928519173,0.06361800060552933,0.12350198874355753,-3.3516336720259763,-0.9458432310319443,0.7026604955441378,0.09088772922501966,-0.9441786836153643,1.0105956666215177,-0.08690214847402102,0.41551931016696064
4,0.953724776,0.9486364722251892,1.305579717395472,0.4131653056061259,-0.46327824631965003,0.03690223933340877,0.22453669332552126,0.10254655087978086,-0.3451868325675684,1.1494240147634636,-0.6563108682184045,-0.614349825221825,0.03557174668833266,0.4733036817495354,-0.24037082776551477,0.5920096179662683,-0.6651642247153585,0.4644600904041605,0.08250114135156264,-0.7039712420719196,0.9679600850149221,-0.22744698781665174,0.1092867252164441,0.19695981645009136,-0.35871823003937503,0.14962562887512829
4,0.912818965,0.9093912243843079,0.08169123895458681,-1.0090653358846966,0.09755373861113455,1.7746188272009886,-1.4205763243396812,-0.6109210374235072,0.1049533941354201,-1.2189565539308045,-0.493217288589152,0.5505771540736695,0.7939584721222672,0.5038053483014595,-0.06532272617487433,0.8966730829526973,1.0067411045848917,0.7369918239221313,1.2625440010244031,0.3179986975763758,0.0668563069848441,-0.2937667205336666,1.8835442558805422,-0.9759438117191083,-0.7129028211699878,-0.9684926525305968
4,0.895133577,0.9641231894493103,-0.6845486215858947,-0.3643426422197176,0.34796774831066835,0.37122704879060486,-0.23494440917159268,-0.5916952353865412,-0.2255793888934353,0.5271469967249696,-0.4250978777680752,-0.6036225680235277,-0.30837290744479134,-0.1307883627655355,-0.015947131712520605,-0.03533480874729172,-0.3133506446928294,-0.023636134005551555,0.7552698768072965,-0.6368962689747676,0.5425659156910783,-0.2340789610883532,-0.7223964922823519,0.2286599145087181,-0.17750750899580578,0.7175244374170563
4,0.933402436,0.9660266041755676,0.849894487238927,0.10788984604300589,0.5189828456303653,-0.5461689778110927,0.542102197039965,-0.4771879908767566,0.17419526217957518,1.2193686848110223,-0.5872934724449698,-0.694826294748631,0.05804860310505866,0.07179814399008047,-0.7147161258168517,-1.2911392813265268,-0.5273064591335719,-0.3817949059960631,-1.517010185913213,-0.880047872584783,0.4556574294851313,0.3561666600930791,-0.4174459791994601,0.24979331321446974,0.34141410126532457,0.421092318271083
4,0.916885883,0.8897887468338013,1.2237511747633243,-0.08822118061163912,-0.3742138770558611,0.6678087004634885,-0.2878340315243541,0.02684757899494607,-0.22750620287716206,-0.5041157488894327,-0.4623734959022902,1.2990050116936616,0.7425320826892347,0.47050073261867575,0.1522146035796323,0.6390761517758661,1.1085147011184913,0.2593860244582195,0.633649921082331,0.7234048872471981,0.030263260161287435,-0.3932463196091889,0.7746332992154811,-0.4159087460166976,-0.6305343116047291,-3.795389998688705
4,0.96274403,0.9392104148864746,1.4222072534558035,-0.2366753117654612,0.303086099507373,0.18542480941295253,0.078797974094589,0.055369105885687,-0.2432147277537229,-0.1507143700466486,-0.6186007308972841,-0.9246823800128214,0.07969589650986833,0.3393269168317981,-0.4117976123841717,-0.19761688194585997,-0.7549717922252756,0.6938315260601653,0.28460550652516986,-0.9416854026828716,1.1554994499856495,0.5352299384290192,-0.777842040115605,0.5984943918593666,-0.46579729247421153,-0.09793377388762721
4,0.973594078,0.9725379943847656,0.07863767548770884,-1.2106912523948616,1.3400197177915976,0.5730854427252219,-0.7484529700748145,-0.5527103296869297,-0.3137904661147589,-0.9842670648783365,-0.6659655428407859,-0.9909984558037886,-0.6446754646808145,0.23140943950398987,-0.1449888901098595,-0.2888018637802196,-1.0154756471637965,1.5857144951722262,0.6858135218811556,-1.0502614411453175,1.397928385191711,0.6612374305913475,-0.6392281705324724,0.9366287711513883,0.5390985242219455,0.612060844876456
4,0.865778689,0.8858844637870789,0.8233171076048261,2.1014441960162182,-1.452958970986633,-0.9018984703816741,3.1469116906856494,1.24788050380206,-0.30633910458429536,1.7543593037530159,-0.613197331191587,-0.8675826555671328,-1.216518705101213,0.20328286873352902,-0.017064635277529376,-1.8628715063348829,-1.3717790262316256,-0.9197186195662167,-2.1180608438837023,-0.15732666614495464,-0.19844328248594054,-0.36008645325068145,0.33106891654945636,1.454397039442296,0.03665061587386715,0.025846908755044425
4,0.978192008,0.9724170565605164,0.4188656935339403,-0.2602744018802811,0.16833959568128004,0.0744667490801848,-0.42666252533008264,-0.5402457926503166,-0.056213076079348424,-0.30841483591186775,0.7014565118814121,-0.11004723101232516,-0.17909993016159798,-0.33423363906523396,-0.9181152870458773,0.26405587643158396,-1.036053182956568,-0.22373651842309122,1.0060384280125345,-0.617195535092616,0.7026604955441378,0.2765829808326613,-0.5006143009493397,0.12299292097996138,1.3710204708310594,0.6302112186846084
4,0.874467946,0.8561525940895081,0.6205334174717542,0.018255815491181746,-0.23307292942647903,0.3627418491356147,0.04579676127550697,0.34520981055014527,1.000976977557224,0.3859611354123443,0.17938813904849868,-0.6627367980513055,-0.23883911680416284,0.43569581199321056,-0.032771761486114756,-0.21642600918776025,0.5814191684296786,1.2895816152496216,0.7361351223489974,-0.4979027239364964,0.9954048701325898,0.17047140848543746,-0.5837826226992192,0.05959272486270758,-0.3916656338654786,-0.6912907034754894
4,0.973837209,0.8895556330680847,1.6100344066888852,1.3477128535318657,-0.5224077682576456,-1.5059272110448956,1.8786902709716446,-0.5633836038289649,-0.3370673916234499,3.2538195756760264,-0.5346673794614881,-0.9678443352085915,0.05602303630338417,-1.2894179137606967,-1.0496758285014078,-2.1827763316781423,-0.46112305992479935,-0.7246017303729241,-0.46002884536101485,-0.9579912968362757,0.8627550753971974,0.18373535502884036,-0.7223964922823519,0.5984943918593666,0.40730890891753163,-0.8938054046449632
4,0.970567376,0.9610973000526428,0.4254667743834794,0.2992394768350623,0.31780596953868195,-0.751086570526278,0.7273660434118547,-0.39891446969827493,-0.3378662837605555,1.055502376082055,-0.6654247514743605,-0.9250147018213859,-1.5073041297598966,0.13977765011680632,-0.17288527248026356,0.195534069853124,-1.036572050632057,-0.15540322150259023,-1.3757796104618762,-0.7065902234927703,0.8581809445442531,0.40259047299498946,-0.9441786836153643,1.5177972355595502,0.184913933091333,0.18095022056962978
4,0.917510854,0.9442868232727051,-2.0755018733434576,1.1693755944066107,-0.36269778910034733,-0.9634849429122607,1.93203659584422,0.19133500965040268,-0.33721770758191577,1.2774171202067601,-0.29894702055219624,-0.8940663176912557,-0.7596453706173748,0.40900583295147275,-0.6118360371501206,-1.7237905140413052,-0.5686624776271753,-0.7735273876169868,-2.329627450945617,-0.6046861987728777,0.5791589625146346,0.031199969779706377,-0.9996242314486173,0.8520951763283825,0.2343350388304881,0.6578899667484799
4,0.974918898,0.9609608054161072,1.10520797146002,-0.1700092342940079,-0.09841981572214571,0.4793123405131838,-0.26835777191468535,-0.6068280761889636,-0.29939858301462924,-0.17065815343637974,0.6684787348061653,0.18990246001576885,-0.1657350877946051,0.36821248680398816,-0.6839935431683968,0.007706527719910191,-0.03462013289516463,0.8895127518330919,-0.06298519227526363,-0.5745380363726612,0.7987172434559733,0.47554217898370593,0.5251283339658421,-0.4370421447224489,0.10254542352607424,0.5346244626397236
4,0.986559503,0.9882855415344238,1.4008599282910414,-1.274215751690429,1.9919663752263645,-0.17723535049176375,-0.5199586542509884,-0.768130698629411,-0.345940042314172,-0.8606244638741806,2.3166511453926995,-1.0650932023542306,-2.421079636593105,-0.032032495757319895,-1.3709235092209464,-2.0645646206718506,-1.2515815046386571,1.3001531013231111,-1.1328258098199269,-1.364095207426166,1.5854677501624377,2.126903523637376,-1.0550697792818704,2.024998804497582,1.115678091178757,0.8954652157386234
4,0.948586118,0.9625089764595032,1.2698789582093448,2.1395133019447865,-1.2251931228538948,-1.8858822753415112,3.014593762900579,-0.4349128777008008,0.13201427151283965,2.4141984714771256,-0.42655460750255286,0.8168614274617026,-0.37823737292371046,0.3446546256352408,-0.1961424810185033,0.17055196743420492,-0.42308896360179427,-1.4023713691443989,-2.219639489477772,-0.11991540363728254,-0.2762035069859979,-0.45956605232620373,0.5805738817990953,0.20752651580296683,-0.1527969561262281,0.4264486802357579
4,0.981091796,0.9774923324584961,1.083322067006176,-0.45301782609606367,0.5367640106150665,0.2511423609567275,-0.26974684472440247,-0.5345121818609296,-0.22639917728571307,0.12718722012360015,2.1053504743011273,-0.3492776054015573,-0.7470649240147088,-0.05391135808266076,-1.1771588872973215,-0.2719919062687135,-1.1965927749018082,-0.4491926796477061,0.9488386980337442,-0.9132810829486271,0.9816824775737557,0.4689102057120043,-0.7501192661989786,0.5350941957421128,0.39083520700447993,0.6586709853214016
4,0.760777958,0.8145683407783508,-0.3410823009154652,-1.3373618898432489,0.9031170118104243,1.549763530036459,-1.2118843552043512,-0.642280529856535,-0.273798749706167,-0.24550292118552083,-0.5114007167121132,-0.6292043291142793,0.35437606866493565,-0.08843250977784622,-0.1603116159832401,0.5492767847284518,-0.8295002836685421,1.3045134081683705,1.3181987350885833,-0.4487460329928091,0.79414311260302894,0.09751970249672125,-0.5837826226992192,-0.26797495507643837,-0.5069815472568409,-1.767832338726373
4,0.984615385,0.9603727459907532,-0.12104888234763696,0.8303274338923895,-0.04860278556169638,-0.9088730357653891,1.5354744045705886,-0.10516508757829765,-0.32857620057338227,0.6426130950658938,-0.6568294498196331,-0.823620093307684,-1.0784421952664418,0.18909859425714914,-0.5750600985232811,-1.9751378130174513,-1.0759447933440567,-0.3865053398065781,-3.578902187986023,-0.6229675899685448,0.7666983274853619,0.3561666600930791,-0.6392281705324724,0.6935946860352474,0.5967564809176269,0.5222402909302054
4,0.98668378,0.9711320996284485,0.36018089623899885,-0.5043193821750657,0.4646545763511764,0.4109030981486057,-0.3258582093372444,-0.7209772870694393,-0.1480687748867687,-0.5768528297002646,1.7490961240074814,-0.18185657025632634,-0.5745607389694182,-0.5980494726736845,-1.3103100347231706,0.29530594595323933,-0.9712138849653477,0.6737865896486634,1.3600146310590446,-0.7662825922407291,0.9954048701325898,0.8137728158404816,-0.8887331357821112,0.08072612356845885,0.2672824426565918,0.054314705380098416
4,0.956415193,0.9453535676002502,0.6540688877145234,-0.6780807379913281,0.6282070531081565,0.5279837335106022,-0.552043732267637,-0.6026117324649753,-0.02606329655902483,-0.6741137036337146,-0.5507899479843439,-0.6005000118606095,0.30674706053434464,0.3398820692698142,-0.13719701825524094,0.5294099847501228,-0.34087081590999113,1.179430978011821,0.6711976271644232,-0.33117408291771183,0.5151211305734111,-0.326926586892174,-0.5560598487825927,-0.3842086479580705,-0.6470080135177808,0.6552780454350475
4,0.959396752,0.9503844976425171,0.6066532602885062,-0.37748126172563834,0.03209589905235264,0.6601192951588751,-0.47655779856233116,-0.5270398113258717,-0.306694812884819,-0.35714034118854426,-0.652414530975234,0.2635523936736138,0.03486788520243152,0.49552999270877407,-0.4194791853553547,0.2532428905801844,-0.0874228716032873,0.8209842231167029,0.7123861056040943,-0.09064329925534281,0.5745848316616903,-0.3335585601638755,0.35879169046608306,-0.4581755434282005,-0.5069815472568409,0.31725851896870716
4,0.900524838,0.9180899858474731,0.6151819554380148,-1.366898627276345,1.1022462255136845,1.2598936708803856,-1.1746862016046191,-0.6051621149496377,-0.32704438466481056,-0.49268490833532197,-0.5441987690982893,-0.655570275883838,0.3535879705965013,0.33461349951859565,-0.47865597748669114,0.11494139246778057,0.2811052644717414,1.4086144486800507,0.9703713329134586,-0.6171054472796138,0.8947739913678094,-0.05501568275241299,0.4419600122159626,0.38716040480185315,0.2837561445696435,0.03862508958297527
4,0.956265266,0.9383360147476196,-0.14930357731051977,0.11554595786133597,-0.06495744073561126,0.10662916649759493,0.2648205486708319,0.25160225393180724,0.6799176369315536,-0.3513127209298712,-0.6472903819183806,0.5757075872714672,-0.09739183589437193,0.2770488536549764,-0.31847429231684693,0.14893531991517606,-0.10979034385123904,0.14767284122141078,-0.07047464152871989,-0.01663156455701866,0.3413041581615173,-0.10807146892602493,0.4974055600492157,-0.21514145831206002,-0.3751919319524267,0.08397318081412913
4,0.852942511,0.8770743608474731,0.9054268937112103,-0.4854082106997212,0.018461789704362706,0.9169427414893622,-0.6031031194495349,-0.13829317096953894,-0.332045251120343,-0.8820576332392266,-0.5857036309552703,-0.5473746817136098,0.90688192353445,0.4151861755553178,0.1562936751938324,0.5277734945915878,0.3293870758795545,1.6382088772082197,1.1733047519908093,-0.5150230854605127,0.7621241966324169,-0.008591869850502634,1.2459204557981323,-0.8702768181903515,-0.5152183982133668,-0.7132407172678167
4,0.97566448,0.9730980396270752,0.18116301113156344,-1.6961585113257303,1.6460761876356544,1.159888263168284,-1.0578220633447535,-0.7441691383408804,-0.15690619385542326,-0.7617861407082722,1.8141550880570678,-1.044636374591309,-2.593779046484237,0.38700329065448835,-1.3726418631183848,-0.9499117672343829,-1.4663404485561087,1.3833515795335092,1.477355417589684,-1.561249628391358,1.4619662171329344,1.9080484056712268,-0.9441786836153643,0.9260620717985125,1.642836552396413,0.4672627718843644
4,0.987596554,0.9818764925003052,-0.2983840068690201,-1.69781550691697,1.5532765374894542,1.2808677231057624,-1.150435760617378,-0.7203816859559562,0.5330259071756743,-1.0046920459865625,0.732327396403705,-1.0356264771956318,-1.3315315950687576,0.23802306413269797,-1.0894752702243202,-0.6752443536429307,-1.1135571474295078,3.050732307309979,1.4515582744783793,-1.5217810543990025,1.2881492447210412,1.2912748914029888,-1.0273470053652438,1.5177972355595502,0.448493163700161,0.5565883449250117
4,0.937861194,0.9457061886787415,0.25872488315009795,0.202986541666813,-0.1529632176905353,-0.16199737224272387,0.14495122447160666,0.2836798518419899,-0.08771498492984799,0.027371639910976218,-0.6520456700612702,-0.23777157891848205,-0.043060541465459186,0.37517105684401375,-0.19418638694204926,0.575042106701803,0.3811233149924341,-0.07803822140643214,-0.3954410274375256,0.32596135712969576,0.309285242190906,-0.22081501454495014,1.3290887775480116,0.1335596203328372,-0.6470080135177808,0.40901994233786093
4,0.954065359,0.9445557594299316,0.38701635668582446,-0.6933736648448461,0.4388803432099834,0.69319238463497,-0.7602151586459257,-0.41631971112757066,-0.27413882543666696,-0.8980340114627948,-0.621267033051244,-0.20839088142504908,0.09614427195987392,0.31339844021436497,0.48366810983092823,0.46194024078113727,-0.21294662497613737,0.5207490968274897,1.214163714358189,-0.46186024462841974,0.4465091677792427,-0.27387080071856207,-0.05704991828331502,-0.19400805960630874,-0.7046659702134619,0.1254187958774566
4,0.965051245,0.9325416088104248,0.6032304081428146,-1.58623959783944,1.0693144100016725,1.727098409252961,-1.3878839894001562,-0.7014287286067382,-0.2755989972005944,-1.2292858621677931,0.2524361512954227,-0.5521410924325814,0.03504235709203091,0.1917457940187099,-0.9835562021142468,0.5386055418607225,-0.6567695506237916,1.8547564363885976,1.442822323974088,-0.37903277394344875,0.7392535423676941,0.09751970249672125,-0.0016043704500620234,0.18639311709721557,-0.012770489865288233,0.2930246849310838
4,0.968319559,0.9579584002494812,0.9358853465991436,0.4273204578146352,0.0355227946438871,-0.6359204810458297,0.8748584648709343,-0.11077178905301605,-0.2529472277588555,1.0611690288161284,-0.6301538126790098,-0.5044099693968626,-0.13433240850884404,0.10693177761702052,-0.393911215611283,-1.532908252406103,-0.6011889125307965,-0.21226901621630875,-1.6864614574416739,-0.3164649492866022,0.7072346263970821,0.5551258582441237,-0.8887331357821112,0.4188605028604802,0.6297038847437303,0.3267388441297094
4,0.908883827,0.9025571942329407,0.5051759402601017,1.734452212344594,-0.7869928239822046,-1.2569272006725511,2.594832837709903,0.5791241080070642,-0.37169014473420703,1.753969723074554,-0.6572124037700287,-1.016036551575788,-0.4658758672865326,0.5706790399380269,-0.6853916326882205,-1.1902313904478516,-0.33458857091054034,-1.2522680288489871,-1.9954330424065316,-0.5078178989471299,0.12632000807312324,-0.5192538117715171,-0.8610103618654846,1.3064632485020369,-0.06219159560444347,-0.02324861935942061
4,0.945266936,0.9672486186027527,0.6994338000991688,-0.7162641272280714,1.0504249007389288,-0.04417531888477948,-0.29736106541424256,-0.05585808643510552,-0.3240516183810677,-0.43674789836883116,-0.2614517546665847,-0.9057023738903094,-1.135888926850325,-0.007759858985682046,0.09670749477020583,-0.4909518642535733,-0.586064652883205,0.7613087369064959,0.5992027988269064,-1.4333589466739132,0.8947739913678094,-0.02185581639390556,-0.22338656178307428,0.6513278886237449,-0.25987601856106457,0.5561054989507475
4,0.983239691,0.9847016930580139,-0.40018745988058124,-1.496253881882447,1.9120129911934274,0.44550585761632794,-0.8983169382918855,-0.62648364246755,0.35472103263311855,-1.2118339122839925,-0.05616487678486752,-0.9571801407479328,-1.6428790614949693,0.1780017784204722,-0.6810285860866833,-0.34987431180151507,-0.9435691697167916,2.5673883464210316,0.5432875274461091,-1.3347670279769497,1.4436696937211566,1.264746998316183,-0.7501192661989786,1.3487300459135394,-0.08690214847402102,0.8164884495219419
4,0.990733698,0.9887797832489014,0.04837260373255783,-1.5320085238767938,1.4668710327978864,1.1036783146244127,-0.9746679047848895,-0.7678436660787692,-0.21789639933154942,-1.0503554741348422,2.30731463354927,-1.0320939076756954,-2.0374523663394255,-0.25775452948567323,-1.5851681223354186,-1.8604851371282858,-1.2240408311676743,1.46239017694355,-0.3400356599556603,-1.4536287045994156,1.6083384044271605,2.9360042627849574,-1.082792553198497,2.0461322032033338,3.0925223207449677,0.9946576654728448
4,0.904309124,0.9184712767601013,-0.011386372149012067,-0.03198277709874847,0.26556308743691137,-0.055576452544099715,0.2043294877321786,0.3968642352328203,-0.15644023893512687,-0.16194121903000172,-0.5762476760834102,-0.6776463685711409,-0.0381511147978255,0.4219534819651934,-0.3254630137312015,0.4362269540791154,-0.05964759738816647,0.09293516981788054,-0.6190650982868611,-0.39718454900000055,-0.12983131969177214,-0.36008645325068145,-0.5006143009493397,0.28149341127309646,0.020176913960815453,0.03168484105430058
4,0.972233509,0.9592437744140625,0.6359958892080526,-0.5892901791418726,0.5137075425970934,0.3016347197548869,-0.5534975863346115,-0.45871757661912393,-0.3017328639696215,0.21229790984810598,-0.6559990379881048,-0.4949107759361257,0.137686627452122,0.43231103954283284,-0.261467267182792,0.3956151992245252,-0.4632265014875263,0.795986573773591,0.32394281833240296,-0.15353102757468703,0.7804207200441955,-0.313662640348771,0.469682786132589,-0.2574082557235626,-0.5811132058655737,0.5830900700662487
4,0.975370287,0.9694308042526245,-0.5323283036237854,0.4811772278919198,-0.35590379118339505,-0.6526465997121321,0.3667852794137917,-0.6295489808207935,-0.33069951980534057,0.38112360571572246,-0.15488993896412656,-0.456789535455104,-0.09817321181193141,-0.008657255901425229,-0.4680653498821451,-0.6400007784794061,-0.5747030790188185,-0.32673261389010116,1.1307084816770034,-0.7884239704445227,0.6660674487205814,0.3429027135496762,-0.9164559096987377,0.14412631968571302,0.30846669743922117,0.7598425736690076
4,0.963602714,0.9634691476821899,0.38597373214598074,-1.1890581457505396,0.9371211040450305,1.0939447207247373,-1.0397684110081717,-0.7013267836648295,-0.27651050641026376,-0.8939921615640366,-0.6435880927222001,-0.7998591958105129,-0.1765200624535802,0.45356442462564167,-0.4009840666665487,0.5653684185292752,-0.7853274788162855,1.4102419473259953,1.2068024497538763,-0.8786055483133495,1.1600735808385938,-0.03511976293730849,-0.7223964922823519,0.788694980211129,-0.34224452812632333,0.3682265225938564
4,0.966671834,0.9475573301315308,1.5276547552577766,0.7432295978502744,-0.2137268767951497,-0.5472640525827466,1.4747724741703656,0.27433930587333666,-0.3470733369436213,1.1940908376967578,-0.6467265704842707,-0.9017317710093344,-1.8268793999646853,0.3055546911294185,-0.17744178699488253,-0.1727532943783141,-1.1865014009803343,-0.3849318749026454,-1.7372554507564435,-0.48084854937713534,0.3413041581615173,0.037831943051407725,-0.9441786836153643,0.8626618756812583,0.07783487065649654,0.45996498444872064
4,0.967791738,0.958318829536438,-0.04349807016133442,-0.8456110017003968,0.5539741968749546,0.9434724000038511,-0.7125519278383844,-0.6038610539072079,-0.23304184567382186,0.6602082620306597,-0.6084466237536036,-0.45257597714404724,-0.24676833956757846,0.3843033657202317,-0.14130555213362872,0.23576479325913857,-0.36659771216679593,0.8033418663758883,0.9487312065661205,-0.5283652744188229,0.7804207200441955,-0.37998237306578586,-0.3342776574495804,0.1335596203328372,-0.5646395039525219,0.7110838471394901
4,0.954913967,0.9165917634963989,1.1883511441324766,-0.3944591354629939,0.5277105810354146,0.1959813512055976,-0.1058959709827727,0.15402133752528718,-0.3031819738322618,-0.3244711040613541,-0.6287016662038913,-0.7047918044872501,0.35186895328105294,0.3262713142501053,-0.247824962070451,0.3237686214928497,-0.22949701624172036,0.7310832827176397,0.4664257068881676,-0.4350692321576335,0.6294744018970251,0.09751970249672125,-0.5283370748659663,0.6301944899179936,-0.3751919319524267,-0.15982633940122917
4,0.971363116,0.9047987461090088,2.3056662799678036,0.9997475155509612,-0.5027186985828968,-1.1369416051525683,1.1705691480726994,-0.44321586391332835,-0.30411438834887583,2.144947917422148,1.8895930893396973,-0.8668672980231683,-1.6213197447114078,0.1578451164719328,-0.5322351570805669,-0.4994638148052351,-0.759537080753253,-0.4564921089546956,-0.3566050119314268,-0.7524348084135288,0.940515299897255,0.38932652645158655,-0.6669509444490989,1.2641964510905344,0.06136116874344484,-1.7217156582320254
4,0.961874435,0.9710067510604858,1.3523546466405194,-0.5690815288628757,0.26034965678695055,0.631334954810195,-0.7109746037454724,-0.6001604788328425,-0.3050458217803862,-1.024546955250809,0.35941970926255357,0.9778702702853729,0.19892680731416554,0.5040940734113797,-0.30001642232262965,0.5344064809409146,0.31743370444680735,0.2531159934306389,0.7832141726131315,-0.1571575216797256,0.35502655072035155,0.07762378268161674,0.3865144643827095,-0.6906429291914652,0.4979142694393161,0.5104034667707021
4,0.985891582,0.9865478873252869,-0.037227897054123535,0.07517610386361441,0.38347980186989833,-0.6052863029437927,0.5325940547181319,-0.7539945932384455,-0.22466753635162057,-0.7544791918276241,2.157922179047154,-0.5010067753489942,-2.3152189523452895,-0.8407843587191285,-1.5592600221092383,-0.4299906031205463,-1.2440952535534773,1.5868298520808708,0.3709197927703497,-1.0955213745449595,1.0319979169561462,1.2912748914029888,-0.8055648140322316,1.7396979219699396,2.137047609787966,0.5526011204900574
4,0.945696721,0.9613825678825378,-0.09266390080010485,-0.033353146428586326,0.26890786955352863,-0.15395663068198903,0.13487832930609003,0.4037380104334877,-0.32612256151611335,-0.492323961098818,-0.6559973483527983,-0.5292935278950216,-0.4474178188517216,-0.06958020774701382,-0.6665310187552991,-0.14194870514945931,-0.4610470699949046,0.3612295363970079,-0.7684382420036928,-0.4839427899747426,1.1234805340150373,0.42911836608179554,-0.0016043704500620234,0.270926711920221,0.2343350388304881,0.4389598762198369
4,0.866676212,0.9000043272972107,0.2828177490198929,-0.8879634184649772,0.07459702393234255,1.6595081264715734,-1.2169172429048178,-0.2916772911208151,0.08440392983862108,-0.6196440753725052,-0.5498589444753254,1.0271424270415994,1.0553079193865902,0.5564374493720466,0.13517261527464225,0.796877671478838,0.9866067319228995,0.7700265396741349,1.4722822904301942,0.49516557447924553,0.1674871857496242,-0.2672388274468606,0.2479005947995768,-0.8702768181903515,-0.6305343116047291,-0.9022190497158865
4,0.941521739,0.9597211480140686,-0.20518031503247364,-0.23094412047023405,-0.054048158982924255,0.5589973871659415,-0.3292289571649081,-0.601836971315509,-0.32103159895696337,-0.7819785485220369,-0.23983155537812198,-0.6398377081911517,-0.08377976392298513,-0.2098340529249683,-0.7552516742506308,0.08382624550918961,-0.7984095852573487,7.635224543606276e-4,1.2718037106105848,-0.5822727186032813,0.7666983274853619,0.15057548867033294,-0.6392281705324724,0.2392266138615939,0.1931507840478587,0.6880661556414375
4,0.966056125,0.9832116961479187,-0.11720722625461988,-0.508659345751054,0.1315930080169198,1.141204254724786,-0.194424209177104,-0.765186182684358,-0.29964037586903663,-1.1481965936316818,2.2155116892359925,-0.8848264801536861,-2.5142253438921083,-1.5870425160998811,-1.6253904867651645,-1.1119832351920205,-0.06875612352462501,1.0776957391773465,0.3256670612942725,-1.299118912666607,1.3613353383681546,1.4040184370219138,-1.0273470053652438,1.9404652096745771,0.712072394308989,0.8658548711710817
4,0.987443496,0.9798913598060608,-1.2475837395069145,-1.5456917820248466,1.3170033054114916,1.3969361563507268,-1.0118658831064389,-0.7407599533260883,3.211900344424373,-2.0825399245568748,1.9011987062986955,-0.8617641002442695,-1.5386747119881323,-0.07709640663935971,-1.5902106381885914,-0.581694265633826,-0.4708875955843973,0.9193956402756824,1.2364137826091333,-1.2047712330781262,1.4116507777505445,1.7687769669654956,-0.9719014575319909,1.8664983142044471,0.47320371656973875,0.7596323057279731
4,0.909200969,0.8660684823989868,0.3977449764076311,-0.4805280656269426,0.26805619369159017,0.5524984536992718,-0.5982162523065642,-0.28482379964085247,-0.2014067185516115,-0.04623478965650351,-0.5922174422872212,-0.4414752476459043,1.029965879578579,0.3727898822864453,0.09464795427120967,0.42929060838987804,-0.0926003220163132,0.08819979286375657,0.45121406935403624,-0.45258763473297575,0.4785280837498541,-0.18765514818644272,-0.7501192661989786,-0.7329097266029677,-0.2681128695175904,-0.8829177708898875
4,0.982287823,0.9673417210578918,0.70453899969571665,0.2100907614008533,0.33235433104828116,-0.3815873092318292,0.9211501899171738,0.45292006081368397,-0.2856816118284112,0.4420662888111895,-0.5096731540021521,-1.0194827353276983,-1.285946075522358,-0.112204250706811,-0.8372308584113464,-1.8624424631765277,-0.6303188625480579,0.08854624903944613,-2.896598868534801,-0.9223836291154445,0.79414311260302894,0.654605457319646,-0.9441786836153643,1.0105956666215177,0.9427042210917137,0.4803860132464694
4,0.989890959,0.9655364751815796,0.9044694495204348,-0.19282900115648274,0.12414124687909833,0.3216859298487213,-0.08241797214597674,-0.3530051985489629,0.036098563370653196,0.20423960740750657,-0.598239918142325,1.0793428470901254,0.48104157806972125,0.302901955459301,-0.019648866575764406,0.30001428814367137,0.03724587674818828,-0.015283311932809015,0.6086428305753547,0.027129050240514187,0.0028184750436203374,-0.5391497315866215,0.3033461426328299,-0.8597101188374757,-0.1692706580392798,0.459949807607368
4,0.980015008,0.9746252298355103,-0.2445638290354825,-0.08622372858584765,0.4969092592881922,-0.4051395626187281,0.2910989781008565,-0.5680272081067177,-0.2537375977314922,0.5946382045169674,-0.03137727079653776,-0.844809205963179,-0.47610317511213673,-0.0552284720366744,-0.2288870634173915,-0.3392043307172561,-1.1055872733644831,0.6689287144044358,0.9659602718152324,-0.9273311047233834,0.6431967944558586,-0.061647656024114574,-0.777842040115605,0.12299292097996138,-0.46579729247421153,0.29167561419483456
4,0.960088879,0.9440450668334961,0.8126060156514393,-0.22445278303130387,0.04812548938086096,0.45078393669013533,-0.26950409374565565,0.40140908034809886,-0.2121441050581846,0.5605254776708021,-0.6190691444274873,0.8589210439202566,0.20762745268369634,0.4669538471849862,-0.12807631991879692,0.45139503423907285,0.6338966383503364,0.37076550231415567,0.4123599471749886,0.297755598289415,0.2543956719555711,-0.26060685417515916,1.1904749079648789,-0.4898756414868272,-0.5893500568220996,-0.06419585181132252
4,0.978589212,0.979091227054596,1.0277975168752242,-0.14961197992445358,0.4780179622643646,-0.46313703590499833,-0.09874031058449421,-0.6613424392511781,-0.2345977993249623,-0.09461502017474452,0.014795406113653438,-0.7871971881573483,-0.5370772365031776,-0.34086415290649724,-1.1316479440511287,-0.3840051365313974,-0.3863815152699354,-0.03403309751798197,0.37164156332914616,-0.8288862681700969,0.5013987380145769,0.23015916793075097,-0.9164559096987377,0.16525971839146428,0.16844023117828102,0.7041351270549737
4,0.983769161,0.975452721118927,0.49773341816316385,-0.17711237403867347,0.42040451999761547,-0.25217385292969796,-0.004388397678181606,0.2490475703316115,-0.3179920966246313,-0.233027266615295,-0.36331052670669484,-0.939773380536846,-0.8077946419598006,-0.16240460676214827,-0.9652994814045096,-0.39422108095978964,-1.1446427877615328,0.6480787955715843,-0.36846222497548525,-0.9908255468853956,1.1737959733974273,0.7872449227536757,-0.9996242314486173,0.9260620717985125,0.2425718897870141,0.2818605808063118
4,0.978072706,0.9799050092697144,0.6840516052713181,-0.20130726218423703,0.621856426932815,-0.5296955320234745,0.11674152620661767,-0.6547764189371771,-0.319327428564577,-0.29971464713733004,1.5906953213040023,-0.7725023809270307,-2.003032718897215,0.23988550194130737,-1.5202290953867283,-0.2920311999689475,-1.2527319812598847,0.3580156024124547,0.4526264722027865,-1.3866456578420618,0.9633859541619778,0.23015916793075097,-0.777842040115605,0.7781282808582533,-0.1280864032566504,0.6839294851113458
4,0.961836388,0.968389630317688,0.4674789727869374,-0.13756000194493992,0.6481839080314519,-0.44650077542988614,0.3325387339657845,-0.255471247101588,0.2077952834574834,0.7026902362376298,-0.5783283634064291,-0.8829050186399747,-0.5008098374351548,0.21813593592099512,-0.5450208010303007,-2.040090801979046,-0.7974453897084802,-0.11854401501555767,-2.2628368715062863,-0.9083280917603002,0.8307361594265853,0.37606257990818365,-0.8055648140322316,0.9049286730927608,0.5638090770915232,0.280252358962211
4,0.966405229,0.9699620008468628,0.3236548216233271,0.005950072116188376,0.46959800379863775,-0.5410551600862443,0.29061549448295526,-0.7100030189825947,-0.21598054799721778,0.07475412371848066,-0.6014458918506977,-0.8946730598716703,-0.4721736536814303,0.4603737094414167,-0.05375142958110229,-0.8365968381412188,-1.1040886871113154,0.6160960379164654,0.1856099983594462,-0.9368583505800684,1.2058148893680394,-0.09480752238262201,-0.777842040115605,1.2747631504434094,-0.17750750899580578,0.802597354842615
4,0.959658588,0.955990195274353,0.2628614297240587,-0.9102651552884234,0.7592847471999734,0.7491557400081842,-0.8320963690218238,-0.47245671008198653,-0.04116148550236882,-0.5934861276459852,-0.5374420477250251,0.08167446518717683,0.5334236632933497,0.3697756236386292,-0.0658333084045793,0.6009519487141052,0.0021724058741569114,1.1029592719166557,0.9434015709889053,-0.19684120330720925,0.3824713358380186,-0.4728299988696067,-0.029327144366688585,-0.8068766220730974,-0.5564026529959961,0.6130067644099022
4,0.737720403,0.8946433067321777,-0.042253828875723896,-0.5660861637351092,0.33509673091323183,0.7709284799068601,-0.6352234444753581,-0.5264093948976004,-0.2716882382559799,-0.15686670890483873,-0.6421272668474906,-0.6375151249820813,0.5248272721768067,0.34584307998073605,-0.2610346166155058,0.5717784228432178,0.5369089346488594,1.030989059037661,0.07960393122137359,-0.5676499957315823,0.31385937304385025,-0.26060685417515916,-0.3342776574495804,-0.23627485701781129,-0.3257708262132715,0.3370074819059205
4,0.956658668,0.9184848070144653,0.9319640366868224,-0.08173010587282833,0.1629991360986368,0.4670035293577663,0.24096056083419373,-0.3774380644255604,-0.32166969207135093,-0.5747184099658357,-0.2927416391733144,-0.5961365894150544,0.15411424455522627,0.15350167679581248,-0.2261169631388304,-0.13362533294692697,-0.3016175121144044,-0.028504126702877514,0.5025471515996849,-0.45367604259618644,0.4556574294851313,-0.06827962929581603,-0.6669509444490989,-0.1411745628419304,-0.07042844656096932,-0.74622439285018
4,0.976039499,0.95561283826828,0.6686644392757608,-0.8634441161054243,0.8305353638809805,0.5356565994517526,-0.6451700782407183,-0.3640683050358555,-0.29942657998837147,0.14725166220011304,-0.6389289442963169,-0.9001268020984509,-0.3039643085096341,0.2949437585020354,-0.06083779253108664,0.17287809807944868,-0.8361662613571917,0.5880479741275412,0.409415368545973,-0.5669366473347481,0.9679600850149221,0.05772786286651223,-0.25110933569970084,0.6090610912122424,-0.46579729247421153,0.16804316742503694
4,0.87337956,0.946040153503418,1.6549810975790968,0.6257401310553274,-0.45301124628962436,-0.5286838387689464,0.8051668383575548,-0.7802279123432695,-0.3238146466277712,0.3338176797009085,0.4104373329951488,-0.6110967277663514,-0.05827435913769416,-0.029635537828490873,-1.2884678456865908,-0.6281243134243248,-1.1425767750623803,-0.6206061193303577,-0.5736933239780739,-0.8317111645920954,0.6294744018970251,-0.06827962929581603,-0.6946737183657254,0.5456608950949882,-0.04571789369139163,0.5049270965497227
4,0.932570741,0.9274132251739502,0.23450440591533592,-0.9970269599335357,0.6535433104228796,1.3140021158604147,-0.8767100227412518,-0.6047909613514684,-0.1802747131390839,-0.32242881485533653,-0.5817233478709828,-0.835043239112629,0.012268803156148263,-0.03423353546944577,-0.39775434079070554,-0.013808902697733046,-0.02998873368730546,1.223909030912882,0.6232967905959286,-0.7583576224867267,0.7621241966324169,0.07099180940991516,-0.08477269219994159,0.7147280847409991,0.41554575987405734,-0.14855262838987326
4,0.955236177,0.8835729360580444,0.31965612674889154,-1.491876862995313,1.0699895963178607,1.539426116160293,-1.2920106286714812,-0.6052850731458954,0.31180273904263167,-1.538548457757335,-0.6496361459828401,-0.5309720533991843,0.2895687112497335,0.39470862862128275,-0.49418184373885937,0.430301191706688,0.14792505256585745,1.9142040298885015,0.808582562975427,0.05742245625761192,0.5288435231322447,-0.001959896578801054,0.4974055600492157,-0.1834413602534329,-0.5399289510829443,-0.11659487784515918
4,0.767583023,0.8082636594772339,0.7482374466298646,-1.0488716368317612,0.3720430070621666,1.4406312763587201,-1.2073422240347382,1.1134325608310554,-0.1225405514214968,-1.6547728749987876,-0.45962677305210814,2.303966166590068,0.32789827106409475,0.5156207733241976,0.9003549259465231,0.6546367625886446,1.1140235084594006,0.6887521066322094,0.9266228008553637,0.06648455483491829,0.2681180645144047,-0.015223843122204215,-0.3897232052828335,-0.04607426866604913,-0.5481658020394703,-3.768089134349307
4,0.988076378,0.9890685081481934,0.20870773665560152,-0.234330862072169,1.037721909574987,-1.0875477526177089,0.4331609645947488,-0.7578346506698902,-0.16376690801081822,-0.8519898058217306,2.301115909074444,-0.778995834644131,-3.05617301556524,-0.9565728189871263,-1.64459010574191,-0.1613934775986931,-1.29794305516973,1.4000123937817306,-0.2558122019533153,-1.4251462474763423,1.3430388149563761,1.9942640582033464,-1.0273470053652438,1.9404652096745771,2.4582847970924755,0.8223020792498059
4,0.958800181,0.949725329875946,0.22736372987051068,-0.9901611055302579,0.6978820532451769,1.0450370023895863,-1.0245576495873345,-0.6857808468980705,-0.16741108828330162,0.36424803176165804,-0.6258904402644389,-0.3175325014040005,0.3123502864851358,0.3868427057427868,-0.3915851851601393,0.5860213214918867,-0.07820115516596175,1.2301216845320828,0.5143924025980827,-0.1802475797102366,0.36417481242624017,-0.5192538117715171,0.8855243948819871,-0.5955426350155839,-0.6140606096916772,0.32547484874768245
4,0.975239223,0.9765287637710571,0.8433743267051002,-0.5648049314743337,0.9622373292262232,-0.2423210813003502,-0.08586833097225237,-0.5373451704620373,-0.29414501441311164,-0.18108377399203904,1.008762035689164,-0.5835799168208471,-1.2219174213363422,-0.11378808352890198,-1.2256761567439611,-0.14806660659002005,-1.0059199327030957,0.34158822794928323,1.0825284134784403,-1.0014549895562612,1.0319979169561462,0.8270367623838848,-0.5283370748659663,0.2286599145087181,0.2590455917000658,0.5614756149278967
4,0.966152988,0.9677977561950684,-0.00482254796642143,-1.4315397830462913,1.153967936800192,1.2647308778752777,-1.1278350512158508,-0.5449010927398403,-0.30527712093073867,-1.260987134910278,-0.6516244672068765,-0.807501592394908,-0.5275545135898165,0.20532137993409177,-0.3896123681032723,0.2271594164117428,-0.7647181430094776,1.1500201306760258,1.1794489352098454,0.011539262274138373,1.086887487191481,0.28321495410436265,-0.5837826226992192,1.1056959607973993,-0.34224452812632333,0.6464973105138874
4,0.980893782,0.9728793501853943,0.6126227793402274,0.6096713952932697,-0.19516463269914935,-0.9422217901798776,0.7667096884778355,-0.6351260632295627,-0.2618631103505628,0.7848301795762922,0.9656232959199089,-0.3696587135357619,-1.4387374081207025,-0.3912851879705232,-1.072871050217276,-1.886840890589892,-0.7899047920268302,-0.23849018341585518,0.43950987767394983,-1.143617235527376,0.7849948508971397,0.23015916793075097,-0.05704991828331502,0.2286599145087181,-0.095138999430547,0.795497618644891
4,0.963957219,0.9601529240608215,0.6439801669941434,0.5605912401721029,-0.04642949974246263,-0.7978189735925701,1.0320413506538415,-0.3014957988887955,-0.24422624205831767,1.6446897448471398,-0.47373625195562674,-0.6460806307047546,-1.1205225858927403,0.24681856055768756,-0.7355355417345922,-1.0179455227563845,-1.0045056660995313,-0.11740326867380188,-0.5852570395285275,-0.508381407410093,1.082313356338536,0.5551258582441237,-0.6669509444490989,0.6830279866823724,0.2837561445696435,0.4951312141107969
4,0.907715582,0.9377624988555908,0.050506311538306384,1.3578459735232316,-0.5893486057496296,-1.0789730064831176,2.1077836994439827,0.7867873842029075,-0.24813473107245762,2.1091633481414966,-0.5835372539713756,-0.3808381625464861,-1.4543485970898515,0.29384708228224443,-0.02616099209649407,-0.7332336003709612,-0.4895157368290482,-0.8361410780073828,-1.9509504082427556,-0.055163409146830995,0.3733230741321294,0.08425575595331808,-0.8610103618654846,1.12682935950315,-0.20221806186538333,0.23258773877594863
4,0.908893907,0.9093421697616577,0.7617639329990513,0.29178406790718725,-1.3308233804706373,1.0731209561109867,-0.4479326095258999,-0.3814256783165007,-0.004526920993070181,-0.8108902531581428,-0.47249237503788055,3.110156331930865,1.1127112443118772,0.5785846390618986,0.4805011820943492,1.0148667329148746,2.125631009389559,-0.2790644766219861,0.46188603933066424,1.6056853994649496,-0.8799887795746798,-0.7447409030093676,2.133049221130181,-1.5888123741858973,-0.9600083498657642,-1.043836020780729
4,0.96571941,0.9485672116279602,0.03127192905643453,-1.557755234161753,1.2827576393380782,1.336025836869766,-1.2329911676470522,-0.5283953868817459,0.011790083568119412,-1.4969404112195785,-0.6567302643533954,-0.7522702903686311,-0.6084588542388356,0.37081380085373367,-0.1889168520554311,0.22552239777528857,-0.7554134354537013,1.441589574268919,1.2674452678222556,-0.6694979453841982,1.3430388149563761,0.26995100756095974,-0.30655488353295396,0.8415284769755075,-0.5811132058655737,-0.057172310553108945
4,0.980529425,0.9691365361213684,0.26124848221252644,-1.4349832211715565,1.7946547085257736,0.34128564302770525,-0.8504955904689512,-0.6391571295765569,-0.06440121140187594,-0.9496352640808816,-0.4593821903550866,-0.9683010166951728,-1.0462312719441258,0.36901934882773446,-0.4940519505973832,-0.5649844914665754,-0.8133287837466383,2.431800079143014,1.1666416855479071,-1.3596928550132306,1.1509253191327045,0.9994680674481232,-0.9441786836153643,1.3170299478549126,-0.14456010516970225,0.5688823550759284
4,0.85994639,0.8395637273788452,0.5911652960791332,0.07930208651760946,-1.6406317291719255,1.7038398840912288,-0.9638335043748857,0.8573976396127114,0.006009636535242398,-1.2166518315269133,-0.47798901143013445,5.193382865175133,1.2041270958378973,0.6265538229052423,1.4721020531864468,1.164686358064118,2.6760331523527396,-0.51134858916601,0.7856589830289082,2.03811425598285,-0.5003359187802812,-0.5922055177602334,0.4419600122159626,-1.3563449884226324,-1.0176663065614453,-4.781018036683151
4,0.928090266,0.9759146571159363,1.3268977099616934,-1.2475844921612547,0.8879251821760882,1.4028946618535099,-0.9726378157701377,-0.7349963152899648,-0.23262383576956286,-0.9531967031174402,1.023786055374517,-0.9704372669510704,-1.2493314080917302,-0.19981255381585564,-1.2067279844263088,-0.030099649890930457,-1.175462315429739,1.40265288080567,-0.5876158752452653,-1.0775176008954828,1.1509253191327045,1.0724197734368395,-0.6946737183657254,1.623464229088307,1.0827306873526537,0.2991602174265755
4,0.703149606,0.8307205438613892,-0.22336221191158695,0.17353501831434456,-0.04450585482998079,-0.2914310844695355,0.45050042296509485,-0.07539853767545777,-0.2591525662663838,0.05945151797957455,-0.6212952214681934,-0.9999042232434381,-0.9329661304225242,0.5580260540668917,-0.2603002466455713,-1.7488780263039938,-0.882983923989924,-0.3337726765622525,-0.46905374359684693,-1.1196262993668427,0.876477467956031,0.2500550877458552,-0.9996242314486173,1.644597627794058,-0.35871823003937503,-0.954746130348643
4,0.966517269,0.983720064163208,0.5019491512395785,0.16399215630011624,0.5373462869643629,-1.2463405400809455,0.3912377955249629,-0.7329913258916744,-0.22084821888987236,0.20519792264366343,1.9174838647519792,-1.0652218227795112,-2.280616899042624,-0.22681872304412176,-1.6380062235650228,-0.8202427782747421,-1.0090478915157595,-0.23424484869062098,-0.22756727683506286,-1.2631968568636658,1.0594427020738133,0.6479734840479444,-0.8332875879488582,1.6023308303825552,1.8075735715269305,0.7113492129022048
4,0.86887301,0.9015576243400574,1.0287022084430444,-0.4475324695716332,-0.07445208835251511,1.0700445172819364,-0.589036779461923,-0.6006738109296074,-0.3139363474986829,-0.4651186743971353,1.660744384900563,-0.39687954790616536,-0.310099755230455,0.44307373380877546,-0.6076771558809917,0.4517563077428055,0.1289882843347295,1.0237302724510389,0.6186396505859215,-0.3452516825944076,1.1006098797503145,0.46227823244030297,-0.25110933569970084,0.5350941957421128,0.2508087407435398,-0.8967896164934909
4,0.104896165,0.5542186498641968,1.1497574362507346,-0.9642995048079628,0.767878656917029,0.7993340720292713,-0.7958251621473311,-0.4137593872924164,0.4855331726415513,-0.3294086974971482,-0.5455497031037769,-0.7192639018990021,0.8297608708508674,0.32787260260954404,0.03660923364372892,0.19419266049012612,-0.3643649301878591,1.8648084508286271,1.066293118433386,-0.536212106783997,0.79414311260302894,0.017936023236303215,-0.11249546611656815,-0.1094744647833033,0.39907205796100564,-1.3248797877013152
4,0.930671104,0.9363536834716797,0.5926245708451443,1.9672784001931527,-1.0643622990760544,-2.0823070647703723,2.1781682657464634,0.4142785837483671,0.8868989215873018,2.869593147681036,1.5579485322781166,-0.44656608675660825,-0.4474141844699102,0.2129960090231295,-0.6042469130853843,-1.9571752038577086,-0.5354944857609825,-1.282398682735968,-1.8778922243847636,-0.11704362478198706,-0.05664522604465913,-0.3335585601638755,-0.8055648140322316,0.32376020868459937,-0.24340231664801273,0.14892881887561982
4,0.874748635,0.92844557762146,0.03926092742003281,-1.0454687683614483,0.9286517245906675,0.8011868404043779,-0.9349042957074131,-0.47153168648504146,-0.18459462379628236,-1.3184242605427254,-0.648189759678627,-0.7288297102894337,0.26502895987901276,0.448864401396293,-0.3906027477614779,0.561163883845659,-0.4678452978642818,1.1759763164047539,0.7338498618941293,0.3092491485543834,0.43278677522040854,-0.49935789195641267,0.7469105252988544,-0.4581755434282005,-0.7046659702134619,-0.22751732509263362
4,0.920816094,0.9337862730026245,0.6929673200492943,-0.2999836468091602,-0.1088237531234102,0.7653910221589711,-0.4208086361297254,-0.5629004887471973,-0.211741385027016,-0.44545845111207133,2.21796072820524,-0.7912230926247302,-0.460237462977943,0.46951553525487133,-0.8864855475550505,0.4345270776904173,-0.3047901491853397,0.735118473502487,0.817996837594853,-0.949011931964788,1.1326287957209267,0.707661243493258,-0.7223964922823519,0.7464281827996259,-0.07042844656096932,-0.03473999048023043
4,0.885960044,0.9276220798492432,1.9651741669441023,0.6139874064562406,-0.3952219484680177,-0.3556222616390505,0.9387943330703453,0.03940025354222891,-0.2747515597720076,0.7422499979460556,-0.6586154699502909,-0.5429078159455726,-0.1588163773476931,0.40675507059332866,-0.15583899334442092,0.31667867658189836,-0.4935966815648731,0.23229021395297567,-0.5747776442412104,-0.5008829758727541,0.29098871877912746,-0.46619802559790524,-0.5283370748659663,0.3026268099788481,-0.23516546569148689,0.5749741723807544
4,0.959759339,0.9221345782279968,0.5782685225584694,-0.31213897101525095,-0.3275704095155793,0.8525300066515206,-0.7681668319609107,-0.5023219726003686,-0.03195648516603913,-0.5804751558985258,-0.6306874172276546,0.8198327925674851,0.964419317365535,0.5939841057859516,0.05022169496181955,0.8311550724454876,0.9986986953012756,0.8795200611844528,0.9876706390097761,0.25875952568362215,0.2132284942790698,-0.3335585601638755,2.022158125463675,-1.2718113935996271,-0.7870344797787207,-1.176511804348424
4,0.911318776,0.9176287651062012,0.16530919200635544,-0.29878974482441145,-0.1314500746362736,0.6742534493982446,-0.5474196747676624,-0.5881117356923491,-0.21646116980632785,-0.5633684290549066,-0.6478347318780068,-0.5141398225890937,0.7972647385803197,0.5390827915627147,-0.15057575496052786,0.42893619661177124,-0.15404508785676327,0.9363713222819411,0.9278270420730949,-0.4904548518860468,0.7392535423676941,-0.12796738874112942,-0.36200043136620697,-0.5744092363098326,-0.6634817154308325,-0.35256327875701327
4,0.914448669,0.9449930787086487,0.4555104734035006,3.391473174578085,-1.638019043377559,-3.6954449469368464,4.142180692322263,-0.2677470121607821,-0.37169014473420703,3.361481228779449,-0.5829210928733727,-0.8871849882593789,0.08921852239138005,0.4618270831496048,-0.7482962304010927,-2.917165650604581,-1.531535680148703,-1.745927845390791,-0.6728823350379922,-0.48008556075681,0.8398844211324746,0.13067956885522866,-0.777842040115605,0.6090610912122424,0.3331772503087986,0.26464930676561
4,0.96875,0.9557325839996338,0.021589685954735306,-1.0380210477903722,0.8840276369185928,0.8049012009902546,-1.0436890676040809,-0.7374476933456272,0.08216289690973551,-0.016418309259701624,-0.6447843898006255,-0.8197551476899656,-0.3214010654676447,0.3502795711755668,-0.4475351950784105,0.32360844119331295,-0.5649171069026749,1.3184612075071591,0.906461115684031,-0.7310858352587956,1.1463511882797601,0.30974284719116874,-0.36200043136620697,1.2430630523847825,-0.46579729247421153,0.5877439961333283
4,0.960186757,0.8876533508300781,0.17632923458258903,-0.42600030106946957,0.550163948900268,0.18449092150162344,-0.03076270452573236,-0.27862493884021106,-0.24092704055980724,-0.10102568617084992,-0.5948939734620114,-0.7128504797574702,0.26861140377641707,0.5609641805678655,0.016141314988994016,0.3392201491442409,-0.16886148946119534,1.8338050065551892,1.2487083092558704,-0.6611565493109096,1.0457203095149799,0.19036732830054195,-0.3342776574495804,-0.4370421447224489,-0.1116127013435987,-1.0002477562636616
4,0.984518349,0.9614048004150391,0.4422949830149908,0.7667002713905522,-0.14647944177337252,-0.7680422767644938,1.2943673339991848,0.34895400994615944,-0.3261617537856859,1.5627396075009705,-0.6195109763817236,-0.38810900858106195,-0.20406633488500714,-0.22325160741673944,-0.19685007451493053,0.36728349794077914,-0.8406127412255953,-0.6857885469450881,-1.1526730127217948,-0.12409989062489614,0.12632000807312324,-0.18102317491474126,-0.777842040115605,0.03845932615695631,-0.16103380708275394,0.5827232255313376
4,0.976696367,0.899437665939331,0.0250372313939535,-0.6271680014386765,0.1815734027131199,1.1141124443466561,-0.7743157364729158,-0.5903086515178276,-0.18095443503789438,0.26378916512807477,-0.6533129964351941,-0.5797058928395262,-0.03550281699548074,0.44680279821879504,-0.640880085575515,0.55370841101397394,-0.11626562359716676,1.0665628863355123,1.1936048031281554,-0.3774810573276551,1.0457203095149799,0.25668706101755684,-0.16794101394982128,0.18639311709721557,-0.5811132058655737,-1.0157146584556658
4,0.860865826,0.8850738406181335,0.2384147237225017,-0.780088557086592,0.07081597683232585,1.454879509045921,-1.041321638248799,-0.5618651211725372,-0.31108699797587774,-1.4999032945837203,-0.6365383366021904,-0.22886275671724965,1.017233455225182,0.4594169221458774,-0.10846183274201279,0.5114890093525015,0.41897446448275444,1.0615599856960263,1.1223185868766172,-0.19573900649302906,0.3916195975439079,-0.5325177583149201,1.301366003631385,-1.113310903306492,-0.7211396721265136,-0.4024485423155674
4,0.858248958,0.8586717844009399,0.18007880216432431,-1.238376966848159,0.8112853095912991,1.3416512798751266,-1.2447402654275044,-0.6682429279150848,-0.31871165346886643,-1.5249664167424244,-0.624590324904032,-0.4771414512912897,0.5773725779080733,0.4244918602409212,0.16393584148813412,0.6314811273898286,0.282563166591102,2.178513594337763,1.5419508525805823,-0.011890003950228193,1.0274237861032012,0.3627986333647807,-0.8887331357821112,0.6196277905651182,-0.47403414343073735,-0.14889770527840368
4,0.989612556,0.9924825429916382,-0.146157525742586,-0.7365642847149759,1.2719322075427177,-0.24562222155560093,-0.28379395289807446,-0.759862373768743,-0.311437060987578,0.6058938291674777,2.2831232792235916,-0.9710456638491812,-1.3327955448717297,-1.0070174118218398,-1.5829667676649746,-2.2532128177210136,-0.9322505287131011,0.8644853553085959,-0.02150901038829507,-1.52067518053123,1.4711144788388237,2.272806935614809,-0.9719014575319909,1.6023308303825552,2.5159427537881562,1.0254458016177
4,0.972717237,0.9634915590286255,0.7118907675048619,0.40223817158801584,0.13369992757621774,-0.46704255828327573,1.0417757351134576,-0.39889942966847414,-0.14869441355612123,0.7802830090876701,-0.25894631548268243,-0.4564043993596231,-0.7315079629115853,0.11436530984575823,-0.7623384654794211,0.2299631666156606,-0.8580992610325415,-0.3725639871313226,-0.7642135508678924,-0.6040381180773003,0.8856257296619202,0.25668706101755684,-0.4174459791994601,0.34489360739035063,0.5473353751784715,0.2760592822620473
4,0.882147217,0.9013540744781494,0.37261958410568435,-1.2376302271671644,0.42307350045394176,1.9282336722713345,-1.3450756524299767,-0.5940189038783599,-0.24799381339476317,-1.277219535115294,-0.09914659794540624,-0.5853979286856906,0.22986547706349716,-0.11490619966574801,-0.7364919853241838,0.6351190279346052,-0.13962243422649295,0.9939700505333384,1.1122405945699738,-0.21817271045738101,0.565436569955801,-0.16112725509963688,0.9132471687986138,0.20752651580296683,0.0037032120477636108,-0.10545947561324825
4,0.952497952,0.8575960397720337,0.4781618767294416,0.17763965220538314,0.4041765767609367,-0.770608358472989,0.7788337231403635,-0.3253986634962111,1.0977915203630484,-0.3231535372085943,-0.47654658281481016,-0.9435571703949546,-0.6421456416879978,0.2977590662471623,-0.7590410207821191,-0.7415338547765209,-1.372003488567643,-0.16327352751651739,-0.17873292436005772,-0.9155783221801838,0.876477467956031,0.25668706101755684,-0.9164559096987377,0.6935946860352474,0.2672824426565918,-2.9476259998125394
4,0.960731534,0.9296743869781494,0.43610135505408976,-0.20232962099167343,0.16457172953163532,0.2441797205393245,-0.09010507700073318,-0.29077392974986566,-0.26091197263940447,-0.7317743444778365,-0.6476827007632951,-0.8989534492394151,0.3879690963946491,0.14976335347819245,0.16668651841803714,0.5100860911573464,-0.6068083370369141,1.3856946741878018,0.3345982598069734,-0.7049346301130046,0.7301052806618049,-0.3534544799789799,0.2479005947995768,0.01732592745120467,-0.8694029893439794,-0.7678340398081893
4,0.900867725,0.8528514504432678,0.2097434801240758,-0.7454454897787798,0.42134152590591417,0.9329539642865319,-0.8148733564733914,-0.48469183698423957,-0.07523272983220662,-0.6218266928255812,-0.6227636457581642,0.0123375298847958,0.9886787868496916,0.43230650559351275,-0.005633484377491025,0.4004172296863627,-0.22684890457441825,0.6778002019856209,1.0932209675669502,-0.16904543594242835,0.615752009338191,-0.24071093436005467,-0.16794101394982128,-0.785743223367346,-0.6717185663873585,-3.651683644304053
4,0.960654195,0.9336224794387817,0.6420672088343812,-1.0961007543786792,0.524441507221013,1.421917530097088,-1.2186202308929186,-0.5462278781232065,-0.07502017610882233,-1.3617575596947944,-0.6430886171358317,0.317197873080649,0.5788056596145522,0.4856153748366697,-0.06355394224698174,0.5753502336594366,0.42021989326831155,0.8691624926510614,1.1624612711205684,0.009606970611580579,0.3961937283968522,-0.326926586892174,0.19245504696632365,-0.5849759356627084,-0.6305343116047291,-0.7077144499100174
4,0.962518302,0.8981123566627502,-0.7132340201441345,-0.5490354257415813,-0.5539600195860055,2.603558837239919,0.24355910893346153,0.7145017910324014,-0.12047105926971313,0.313377179422296,-0.28947679542498334,1.4459720454991645,-0.45429710418024316,0.41587536266077135,-0.40947517203541195,-0.37834878699695157,-0.2492239279149174,-0.8629368674744499,-0.5304396831622384,-0.1642579121657388,0.21780262513201476,0.0444639163231093,-0.5006143009493397,0.01732592745120467,0.40730890891753163,-0.02799434242058978
4,0.956915726,0.9342613816261292,1.2104761725892301,-0.5837466199467652,-0.2869849766917198,1.4614569218987927,-1.0173037272841126,-0.5119821697773198,-0.14010017061624322,-0.19593060707557533,-0.05105625904159433,1.2821259363508317,0.7052209163337836,0.46718145278144346,-0.14614196092273715,0.9417792364059036,1.4317290916547265,0.3743961304975268,1.0201547860107714,0.6403724208244771,-0.15727610480943924,-0.5524136781300245,1.6617620645475302,-0.6589428311328381,-0.5811132058655737,-0.6015492228352114
4,0.962357955,0.9587833285331726,0.595425830619256,0.4073262000211532,0.1297128404284502,-0.47231306036776427,0.9295480417682183,0.57056975941099,0.14510959713183086,0.5537731885944154,-0.623966039293696,-0.28539580104119905,-0.8367957926853932,-0.027090363655333415,-0.24913500963252602,-0.35639446358837373,-0.596082553060218,0.15035822123065978,-1.0253124915399017,-0.2100960622427114,0.6569191870146922,0.16383943521373612,-0.6669509444490989,0.5773609931536153,-0.33400767716979735,0.16886121225746775
4,0.9694498,0.962725818157196,-0.02534401588498896,1.0478486398708868,-1.0168984193497561,-0.7452930803415017,0.9776356162785524,-0.46162789220596967,-0.1573778875995262,0.4874786433066888,0.27132305330663864,-0.5301712096109772,-0.18818027840646848,-0.33551087236078786,-1.1921050158541628,-0.3546489219544942,-1.2165108310121002,-0.8893226150265258,0.27664223650288583,-0.6585237789390893,0.24982154110262617,-0.015223843122204215,-0.777842040115605,-0.16230796154768165,0.6873618414394114,0.7303399715915925
4,0.797445255,0.865742564201355,2.933746377580889,2.3636657448508207,-1.6071064189349948,-2.3212078169107753,2.809536955898871,-0.05684072618239913,-0.34684482097512825,1.0317344452428965,1.6448478497803216,-0.9739987852767357,-2.679007546797129,0.30342871793525433,-0.9568351248620475,-1.4889085687602968,-1.0322216926556254,-0.7889619198177764,-2.393529201922593,-0.9580979313904416,1.4802627405447129,1.7621449936937945,-0.9719014575319909,2.574467170847117,1.2474677064831712,-0.8369322686762458
4,0.947953375,0.9539416432380676,-0.6207015104474648,0.28897662676856234,0.1560108502739472,-0.6891476481033066,0.27766838666821136,0.9548107086779642,-0.37169014473420703,0.3554761042274627,-0.6460511761331704,-0.6678900344521383,0.06463960249760273,0.2811046841155819,-0.02199577762939022,0.44091401230227373,-0.727274187625827,-0.1458525537344279,-1.3388002529106287,-0.7602439509793857,0.3001369804850167,-0.09480752238262201,-0.6946737183657254,0.12299292097996138,0.09430857256954824,0.5257288056666345
4,0.894454946,0.9035072326660156,1.4548769413384657,-0.9238296146051559,0.35678322152896325,1.3205729507995645,-1.056028482186555,-0.19180169600971175,-0.04926559433179156,-0.32873303729621195,-0.14699554736848675,-0.3639492760091799,0.35354353755656964,0.20480725085721213,-0.028223146001020223,0.7295911514836552,0.22496863021176897,0.7783784972070042,0.799633245547265,-0.0035817013592667713,0.47395395289690984,-0.1345993620128309,1.079583812298373,-0.1094744647833033,-0.5975869077786256,-0.029133864807421795
4,0.958604091,0.9815390110015869,1.8802542420433574,-0.14402348733353934,0.3813930208448559,-0.39266049566077676,0.2396689442030244,-0.7155973488198965,-0.3487582996334265,-0.1644656682834558,2.2221729106173944,-0.8233225383728925,-3.287322458812247,-0.18686636250202754,-1.3585927097790513,-0.1602413515992656,-1.3645807067210016,0.7200946958779336,-0.2684375612986936,-1.0591994391638961,1.5946160118683268,2.259542989071406,-0.8887331357821112,1.380430143972166,2.680679772918674,0.7940483774848371
4,0.955298445,0.8883171677589417,0.6034844321034221,-1.1619341045826055,0.7533162497121267,1.2862123832414758,-1.1147197291552977,-0.4752222029464518,-0.2908153524294939,-1.2938445119633484,-0.6419815903699345,0.14478164009514485,0.692982834750952,0.4836573152660841,0.21822253113444448,0.5198699369875897,0.08361585412561814,1.8953969136268343,1.2316276265722261,0.036366728126835425,0.6111778784852466,-0.16775922837133833,-0.22338656178307428,-0.27854165442931383,-0.5893500568220996,-0.6021324027768283
4,0.836734694,0.8917591571807861,1.7268980393516302,-0.08970692783347672,0.058167187228056735,0.2792740145433737,0.026406734256750955,0.42439243806513177,-0.25238309334323744,-0.2749775827115083,-0.34983332647670834,-0.6551619488764447,-0.4377406266253712,0.44240934770771206,-0.05084330389050131,0.23547968734288413,0.03597004818630565,0.6188030197395478,0.19947230200682248,-0.2899717781567623,0.7987172434559733,0.09751970249672125,0.469682786132589,0.9366287711513883,-0.02100734082181408,-0.563837290642719
4,0.960667117,0.9837124347686768,1.0693517515334443,-0.7861355810586068,1.2347291091416548,-0.2267276212975164,-0.3175942209802862,-0.6766544893219156,-0.042540902433163316,-1.1880689349265583,2.3069684462891353,-0.938120088631578,-2.6003172249725663,-0.2647815075386294,-1.4598951208654434,-1.2192230265536466,-0.9029700029934121,0.8840154932751378,-0.09529801647212513,-1.2832478301004484,1.283575113868097,1.158635425968959,-0.08477269219994159,1.3487300459135394,2.0134948454400776,0.7781818566306878
4,0.973131521,0.9585787653923035,-0.7897547711640104,-0.09775124913010279,0.01372351192038386,0.32808915986591974,-0.1022624210563675,-0.38725625084068416,-0.2998496638081611,0.25575628590351906,-0.36612210323728406,-0.013948973074572,0.16845672053574734,0.29542199465119473,-0.31218330343021805,-0.3447644423855358,-0.04065434583194497,-0.20402215869276294,0.49269988053194774,-0.2444002144652042,0.3687489432791851,0.011304049964601872,-0.5560598487825927,0.12299292097996138,-0.3751919319524267,0.39763356617555284
4,0.9721875,0.9506969451904297,0.12210589098460388,-0.7190120346820882,0.7069170807729837,0.5523420011251701,-0.5790025820476553,-0.7335236804663167,-0.051118595874337,-0.24175849927184703,-0.6477749596353639,-0.7596681006395392,0.04696428842623818,0.3009471430408913,-0.3566630669271808,0.23344574557599487,-0.11214166241985053,0.9062422432594828,0.8924261614766171,0.034640351465425406,0.7438276732206391,-0.17439120164303978,-0.30655488353295396,0.24979331321446974,-0.696429119256936,0.5162863571915961
4,0.965792181,0.9732732176780701,0.5608413017639983,-0.12952087335398782,0.13236970513233942,0.15561324085028178,-0.1595299899708139,-0.45126782073189886,-0.14061055751200335,0.2140446199966227,0.23745635519890543,-0.1261328831232235,-0.5679159688386732,-0.1195156042272441,-0.5872060945043157,-0.41821521654041544,-0.6185522774768093,-0.2676184523895419,0.7293522473600079,-0.6020828448297927,0.7438276732206391,0.3627986333647807,-0.6115053966158459,0.42942720221335606,-0.29282342238716796,0.7962554794512643
4,0.970062655,0.96329265832901,1.3513855737100327,-0.2623996195681013,-0.4948646072904059,1.0660298425645658,-0.7318866501896176,-0.6142559809770657,-0.15038486146129817,-1.0188257009699848,-0.253127014704451,1.1199592781244903,0.8212342671964057,0.5159938506679466,-0.4342263286421046,0.8135640754924233,0.6335100010843938,-0.0051520145133125686,0.9639017526704181,0.751228232513918,-0.43629808683905746,-0.6319973573904424,1.8280987080472892,-1.240111295541,-0.7705607778656689,0.2614633475949528
4,0.869526053,0.8099835515022278,0.3572641482473163,-0.6623076858069772,0.24891294822062598,1.1772241696226335,-0.6507872855637149,0.19395709410311043,-0.2571819644122727,-0.8804080721368484,-0.30457870668789755,-0.2562917177042314,0.5683547505179247,0.47263578711562776,-0.18344602311403244,0.5183757001843363,0.05545309991956931,0.7309797178507371,1.4255672712141656,-0.4936851434665554,0.7895689817500847,0.6678694038630489,-0.6669509444490989,0.09129282292133467,0.3331772503087986,-3.9008862999391183
4,0.929428808,0.9329253435134888,0.6772941493657461,-0.15357017601282702,0.09790462226949763,0.12095069137050486,-0.2001571390794693,0.4728102075166036,-0.23666475840965487,0.43014483042801843,-0.6377908684568853,-0.22512729588566063,0.27947704963653947,0.2757423122139787,-0.22413947372104795,0.4220678474718535,0.336754952406519,0.15090149808632747,0.25494596711559814,-0.36118435580823094,0.034837391014232055,-0.45956605232620373,0.5528511078824688,-0.13060786348905457,-0.1527969561262281,0.02853809962670984
4,0.967218803,0.9615030288696289,1.3059711799204183,-1.5397742137522876,1.7307516803539456,0.6815140487929371,-1.0952771254714986,-0.33381408650812233,-0.15647609125942574,-0.5421239186453622,0.42962245895873136,-0.6855735219590084,-0.4504956712590394,0.04500397459182367,-0.2682698853704313,0.3717537551700923,-0.6178484268828179,1.1913981281864523,1.0266725227251274,-0.5482011400204779,0.9130705147795872,0.07099180940991516,-0.5283370748659663,0.2603600125673452,-0.3916656338654786,-0.07180921287924433
4,0.972585592,0.9798943400382996,-0.22642633403030824,0.0908852790547333,0.5972395045427692,-1.0639984564945741,0.47038217444257563,-0.7185950482151684,-0.27925300658646274,0.9948207260974409,0.3139362612893734,-0.940239667389678,-0.7566048000027146,-0.14185178554603073,-1.3802259776280472,-0.9004134473689447,-0.5104583893892862,-0.12817430924254083,0.7163343664188058,-1.2020217162547622,1.0640168329267583,1.0127320139915261,-0.9719014575319909,0.7992616795640042,-0.27634972047411627,0.7257912857983385
4,0.973513701,0.9580830335617065,-0.015108530581296496,-0.7915716054196934,0.5187653191593729,0.9106350524053417,-0.6924791369726675,-0.545165855268972,-0.3028594221746458,-0.1358867521415848,-0.6497980738291484,-0.6948914538739687,-0.3215953588077364,0.3161897512033186,-0.489358491923907,0.16219142128000663,-0.807592867210027,1.595751742336604,0.8576553005008756,-0.7596712498824426,0.9771083467208114,-0.04838370948071153,-0.25110933569970084,-0.1834413602534329,-0.49050784534378905,0.5589195273821161
4,0.931475197,0.915219783782959,-0.19390175819019842,-0.7627973638369154,0.4301472328674341,0.9506092232569293,-0.7659740518491748,-0.47392657357292056,-0.2963047224059956,-0.9767277920590949,-0.6414588433877764,-0.6708540466792602,0.6716724423947465,0.4981054334231703,-0.30167380299087054,0.4021470493850376,-0.47743148536419816,1.172268197409707,1.0331369344028483,-0.5519802318495814,0.79414311260302894,-0.39987829288089033,0.35879169046608306,-0.7751765240144707,-0.5152183982133668,-0.5689563836264077
4,0.740445269,0.7869733572006226,0.7165633739205156,-1.337773654765495,0.8790418929098582,1.4962496229545854,-1.208538331910959,-0.6307067587701283,-0.3009538296746914,-1.2848750705697198,-0.5052572657579332,-0.8301320703881142,0.7823489154196241,0.32155466318886977,0.022904203279948836,0.11531889714668296,0.34376678339148536,2.489251604293313,0.6660767241643983,-0.6760835483673409,1.4253731703093782,0.2434231144741539,-0.5560598487825927,-0.23627485701781129,0.38259835604795395,-0.37275632784736346
4,0.939558557,0.9818087220191956,0.5114804645425152,-1.206509110293335,1.296828221115017,0.49973583814443534,-0.8364773254896364,-0.6662986688359132,-0.32348319358405664,-1.0419337641465083,1.6462201601382334,-0.940961463870245,-1.9641124097796234,0.2882481039062246,-1.3519216536127419,-1.0880723292255503,-1.3355654100720198,0.9728853507103382,1.4043067717602844,-1.2640462562434012,1.4162249086034888,1.4106504102936153,-0.9441786836153643,1.0528624640330209,0.8356251586568773,0.7091792516757698
4,0.966365618,0.9695055484771729,0.730952256295786,-0.651717184477252,1.008613478701904,-0.2359449861763357,-0.3002860861037491,-0.6268800477762703,-0.34695832305696406,-0.31699668408565523,1.29774577547735,-0.9052426065987172,-1.4212624874583373,0.453430493840267,-1.327086704760366,-0.25572398830317467,-0.44761384524383535,0.32136396493894615,0.9970632276913807,-1.3622153137772932,1.2058148893680394,0.9795721476330187,-0.9719014575319909,1.4332636407365444,1.6098891485703095,0.5951145931570145
4,0.954949729,0.9412786960601807,0.09547403845970151,-0.704779310047506,0.7470709242962814,0.459391060866634,-0.3962877300928255,0.35339992045283614,-0.34405620725820774,-0.4243369876643986,-0.6375351421547658,-0.8800571413479724,0.24619599762967675,0.47830728522358273,-0.29070781967618226,0.2797858440480795,-0.5570034057033203,0.9291933187682945,0.17987407837875685,-0.2814713495156229,0.647770925308803,0.05772786286651223,-0.6946737183657254,0.8415284769755075,-0.44932359056115967,-0.10235589332825752
4,0.951345905,0.9664374589920044,0.7237083506349534,-0.4482445007292067,0.2548521772391857,0.5461391670230804,-0.49571557419300416,-0.43547496591845536,-0.26022134335465247,-0.8572839652190754,0.2960139933907331,0.3227100334480244,0.09636210630467028,0.14812104175761726,-0.43852030875143383,0.39662615937890955,-0.5490706590345871,0.48614663381768186,1.1199249356860836,-0.09686671245968044,0.304711111337961,-0.313662640348771,0.053841177383190976,-0.7751765240144707,-0.6058237587351514,0.528243925553374
4,0.964126469,0.9708514213562012,-0.16798021373954697,0.4537108972263863,0.09360766508012121,-1.2041809060166466,0.6528626787124316,-0.5080957766654438,-0.24938542147517317,0.9186405782511692,-0.33727811572282973,-0.634984914646659,-0.7810158860634989,-0.9456431560892574,-1.300363459472381,-1.6568298148292713,-0.34891736561328435,-0.40501337667755094,1.0061398816965985,-1.1418926973927617,0.7438276732206391,0.2500550877458552,-0.777842040115605,1.0000289672686424,0.4567300146566867,0.7972773649632533
4,0.91736992,0.9356452822685242,0.9149087391545954,-0.6779461070995398,0.6894295654525903,0.4550857563905453,-0.31452254777621963,-0.10269427886397045,-0.17994476777131208,-0.5621395479254212,-0.03356309954799534,-0.9460065599749631,0.4074924736718745,0.2914247972366468,-0.3521459073139541,-0.32479483081890664,-0.870618519987084,0.877989087246939,1.097982113267973,-0.8415877305400136,1.201240758515095,0.9132524149160038,-0.8055648140322316,0.6407611892708694,-0.29282342238716796,0.017829153553345634
4,0.915754002,0.948772132396698,1.6075049763248295,2.050171782137018,-1.0091667232623907,-2.030004255775142,2.8670467285821277,-0.4785823167534305,-0.07736271386842467,2.7391634512154943,-0.5800090492925385,-0.37044796297145227,0.7682314023904062,-0.30735092193828334,-1.1708226521623475,-1.9706471607275156,-0.8365325533282831,-1.902200867000568,-2.0273210681852576,-0.4991271827826087,0.4602315603380763,0.25668706101755684,-0.7223964922823519,-0.6166760337213356,-0.02100734082181408,0.250198778667989
4,0.968898794,0.9428437352180481,1.3173107249986333,0.15268474926617623,0.12939438353959634,-0.04350813087349796,0.5983744755748717,0.735101657603669,-0.12861607321816257,1.1109791859412106,-0.5510678915347044,-0.4963281622119559,-1.1773361587865794,0.38190717517824707,-0.14746625478720143,-0.4188139803261518,0.2917780547656555,-0.26548072334039463,-0.04348855811183097,-0.37155732399105945,0.6935122338382486,0.031199969779706377,-0.5837826226992192,1.0845625620916475,-0.04571789369139163,0.4096191495472852
4,0.967927076,0.9593879580497742,-0.09738689616360353,0.685106890171477,-0.8062355500830317,-0.12226171137417244,0.6358240827025583,-0.750007341876494,0.0893854920393317,-0.0865083704019777,1.485876565034789,-0.1479854500353197,-0.20046129658249218,-0.24514939973448605,-1.1583527974788472,-0.09446246424754243,-0.1954917188845169,-0.09660470584595227,0.8062089282894718,-0.8787746927785781,0.7301052806618049,0.11741562231182551,-0.8332875879488582,0.1335596203328372,0.2096244859609104,0.5227687819090142
4,0.455219271,0.7902897000312805,-0.20132595333916847,-0.1966400472329814,0.251621334007985,0.36744417559667125,0.08439849679548894,-0.26880215054476325,0.34679791955425004,-0.35013694336484824,-0.6477392107292645,-1.061677179720116,0.2918388209517155,0.32418593213366087,-0.5990776743592474,-0.8022246591296377,-1.151483698095072,0.15228087846214794,0.3918152361441157,-0.8971645570552073,0.6889381029853042,-0.34682250670727843,-0.4174459791994601,0.3026268099788481,-0.2516391676045386,-0.464203404160857
4,0.960239479,0.9683991074562073,1.1678528862843764,-0.15059088521341576,0.3286649772120463,-0.2500883505605987,-0.15631078861569803,-0.5089180362735056,-0.23849148202123044,0.21830743059471922,-0.3671980219368128,0.07532843479666376,-0.1183606858451962,0.04321731036939432,-0.48888241479052547,0.5032600960711895,-0.09805978671415018,-0.0642974536644902,0.7522420034760761,-0.18654177619621923,0.5471400465440225,0.07099180940991516,-0.5560598487825927,-0.26797495507643837,-0.20221806186538333,0.7078289543629027
4,0.985202756,0.9845296144485474,1.4527590003970394,-1.3474244223128016,1.645720413856357,0.5029353764078937,-0.7571814981747863,-0.3218074817679903,-0.10435706262312375,-0.7820762313744408,0.6621529800971876,-1.0945100658825717,-2.0165076816315337,0.0204685195559553,-0.792217455500942,-0.3214174472557336,-1.202266696910963,1.7641583684221298,-0.42867212005061417,-1.2166775326087886,1.5031333948094356,1.7488810471503913,-0.9996242314486173,1.8876317129101987,1.1403886440483346,0.5422400478999134
4,0.92611465,0.9378711581230164,1.8418398957887463,1.5231678370114339,-0.5741751595203488,-1.662080560673091,2.0301816075918624,0.47569891906111844,-0.3311791683106953,1.2469531660574986,1.541682715841082,0.17435822735666887,-0.812088583749624,0.09274286195822082,-0.43460160040557955,-0.7737716342531974,-0.47339582643256417,-0.9859302188107137,-2.918512833129879,0.17447869956644155,0.15376479319079067,-0.3667184265223829,-0.6115053966158459,-0.035507569313173684,-0.3669550809959009,0.14714859828096588
4,0.970617066,0.965864896774292,0.8492845100616463,-0.5765169930139826,0.3334338380640764,0.6280492615957565,-0.56681131273626,-0.6680084790753474,-0.3013081697283304,-0.8371444245434694,-0.3631487808576369,0.4775792630494707,0.1737115277574574,0.22478513848020293,-0.7637814740063898,0.4609504593511005,-0.096625208824472,0.31118459209277416,1.0671380252752003,-0.4575875083545996,0.43278677522040854,0.037831943051407725,0.4974055600492157,-0.36307524925231927,-0.02924419177833993,0.5519851991299173
4,0.955792683,0.9451658129692078,0.7420771065290018,0.06177601309207343,0.018355055472809842,0.20710031661044545,0.3811356940349659,-0.23190735784027175,-0.34737115121843687,-1.3128461531538071,-0.6157774039438157,-1.0039429139249938,-1.6068624336938295,0.35953533215310024,-0.8461135583950723,-2.5311977095835516,-1.1629314615708433,0.25995845967352166,-2.5370926734369434,-1.0032723732940716,1.0091272626914234,0.09751970249672125,-1.0550697792818704,0.8309617776226316,0.10254542352607424,0.45256086099747433
4,0.936706797,0.9538549184799194,0.5465647650697613,-1.427214151221207,1.0797570371633647,1.3950443227877225,-1.223889366676104,-0.6363761374789051,-0.20600450623993635,-1.0527279806990346,-0.5965868133745459,-0.7228319296342651,-0.6007407113253906,0.4224956491455428,-0.7539912170512671,0.09045297329933939,-0.4092102555170664,1.5395793950543484,1.3487813531080328,-0.604250467922234,0.6614933178676365,-0.16775922837133833,-0.5283370748659663,0.48226069897773444,-0.1527969561262281,0.514672280488439
4,0.962074074,0.9188107848167419,1.6947224272934913,-0.19412427036025018,0.4864573040693128,-0.1823456647915245,0.001556034900192484,0.9967774645425389,-0.2443080372100836,-0.32394831378409195,-0.41039390322293257,-0.9645495406915299,-0.002549055571642166,0.3426530997995597,-0.21367652598147335,0.34764176561840343,-0.5327099846461143,0.4828810283879041,-1.2485860214746887,-0.6248465643540199,0.46937982204396556,-0.0749116025675175,-0.9719014575319909,1.0211623659743934,0.11901912543912593,-1.3243632026928778
4,0.984644914,0.985955536365509,0.5992259496938379,-0.6939813661098431,0.6613397318525757,0.47833542041779253,-0.38628812358905307,-0.6702268915271599,0.06031071389193833,-1.4114531867462037,2.198169075968706,-0.7807670481735646,-1.0400461891200006,-0.6122209327951411,-1.3982019579110483,0.13854888194629944,-0.8461520659323627,0.444312098503302,0.9570179949435327,-1.0484247528761497,1.2378338053386515,1.0061000407198248,-0.8055648140322316,0.9577621698571392,0.07783487065649654,0.32389506712676436
4,0.882000557,0.9529245495796204,1.013919303459182,-0.8330780519118907,0.7569418967869886,0.8751694033344328,-0.5774126786645489,-0.4178257639629169,-0.27857654491380607,-0.31383010837779796,-0.6480379877056409,-0.6356996798643636,-0.23007897797360038,0.4178729074677773,-0.5900851600704532,0.3157650831089385,-0.6298491661461896,0.3874788198351536,0.2905837970499321,-0.8364352591943247,1.2286855436327622,0.3362707402779746,-0.19566378786644772,0.7675615815053775,0.37436150509142796,0.29526094671231096
4,0.929346455,0.950269341468811,1.6892612677075616,-0.4504168584938273,0.025099923757234383,0.9761080755346913,-0.5524352632407539,-0.7350305729367036,-0.32961515635872923,-0.9490421572959491,1.7773527388367716,0.8008462200979032,0.6996979001437897,0.2303687155028684,-0.7455231492618294,0.4115673657785017,-0.6340239577047357,0.7483474523328619,0.7483657263968744,-0.333760890119633,0.15376479319079067,-0.3070306670770695,0.35879169046608306,-1.0604774065421136,0.32494039935227287,0.3680399848217903
4,0.955592604,0.9631967544555664,0.5464202083892662,-1.415229243500811,1.1534091670617717,1.108592890033443,-1.2470514209300168,-0.4466167161321784,-0.3312330824149291,-1.1477370566262466,-0.6222362117457576,-0.6854174563480625,0.3055820368577175,0.32539478757559254,-0.09234471302085309,0.4639728743671374,-0.5584435327813921,0.9396195387773165,1.0621832420123685,-0.7717705947266815,1.0365720478090905,-0.008591869850502634,-0.6392281705324724,0.20752651580296683,-0.5728763549090479,0.253511762113207
4,0.882935227,0.9625291228294373,1.023744511654989,-0.09440036025654927,0.7461860361687633,-0.32955958437904753,0.49266612724794473,0.05598177987670794,-0.28889039104188563,0.3288951639832609,-0.5902704756709247,-0.8788667379964931,-0.5571032969774588,0.23380988921049295,-0.34526018846042184,-0.697254377718946,-0.4316666317924271,-0.3104067340713274,-1.0713846420640025,-0.5639600724520825,0.40991612095568575,-0.001959896578801054,-0.7223964922823519,1.137396058856026,0.16020338022175531,0.7173153142808637
4,0.976419576,0.9755061864852905,1.3938851294116321,-0.6806865538701937,0.4185029831866859,0.7347689235469358,-0.6887199983421454,-0.5881159472945521,-0.2237327510646095,-0.6801690301297234,1.154970818839506,0.4354282965226769,-0.11260881357048884,-0.02569804579095489,-0.6750308450267468,0.6006091391198818,-0.5697964615094407,0.602426190483172,1.0920277613029539,-0.2873638278966872,0.615752009338191,0.19036732830054195,-0.11249546611656815,-0.22570815766493546,0.1931507840478587,0.13183796195009453
4,0.951099461,0.9698212146759033,0.9832500568060881,-0.6296984165457817,0.38447582720248946,0.7235042263151807,-0.6482918113464788,-0.5717994967858616,-0.23111625876108838,-0.47553456822686524,-0.13667968806474728,0.836292769863308,0.13995936887347527,0.37153096909507255,0.022569891960713257,0.6408984652953157,-0.004270211073358513,0.3867536694929191,1.142298647727754,-0.060206488148160105,0.5883072242205238,0.0444639163231093,-0.2788321096163274,-0.4898756414868272,0.1931507840478587,0.6330172988994939
4,0.669226294,0.8658426403999329,1.7591268510314537,0.1280324564311299,-0.29860984070239927,0.2664924861074481,0.098732628400388725,-0.009010487322527199,-0.28109347047118677,0.5385396673604842,-0.15609777651946133,-0.14787653527188452,0.04340171449525086,-0.09653880569324416,-0.31963568742200654,-0.512585931740182,0.8067566558986271,0.18460275772360965,0.7374889447852662,-0.5935814969252555,0.6066037476323023,0.0643598361382138,-0.30655488353295396,0.10185952227421011,0.10254542352607424,0.06539998151422004
4,0.974417145,0.9786604642868042,1.0309687290535399,-0.7748202317244198,0.805601487999602,0.40648699485684203,-0.5462478905743164,-0.680840676004838,-0.23907321212989774,-0.48829677701925406,1.2569242291493576,-0.6777548482852094,-0.5864255390290518,-0.11463073794934268,-0.5735069474446944,-0.09987437124281053,-0.9836762034943087,0.8434622784857277,0.8270278804579733,-0.9722352831880063,1.137202926573871,0.93978030800281,-0.8055648140322316,0.6724612873294966,0.11901912543912593,0.6703528683225182
4,0.951867636,0.9809098839759827,0.48234461317226385,-0.47429079131029483,0.6761696995303601,-0.02899879044538328,-0.22219411411168943,-0.7428184627447209,-0.32125120258194895,-0.9744674864000601,0.6549523574525342,-0.8381110814545172,-0.9511594598012226,-0.19720314701842565,-1.3847486587704836,-0.874530607522908,-1.3234404521082945,0.27167858977732745,1.402561257992992,-1.028371941112571,0.8261620285736411,0.4357503393534969,-0.8332875879488582,0.32376020868459937,0.01194006300428946,0.7719034524907323
4,0.906606852,0.9561476707458496,1.7273440357217504,0.7129208139581125,-0.22272293486066244,-1.0159408768938072,1.0009445239756738,-0.7802279123432695,-0.2874960437680548,1.6879577035264133,2.042276558109573,-0.47292113051520385,-1.827459977095743,-1.1760892634196898,-1.430215035887139,0.15039680014055326,-1.2655000856623417,-0.7918107773070693,-0.3026852419294007,-0.93056691188428,0.8215878977206961,0.4689102057120043,-0.9164559096987377,1.0000289672686424,0.39083520700447993,0.34396630898176844
4,0.989722154,0.9803818464279175,0.8370693486512439,-0.9233215175494945,1.6448766046093621,-0.41109884873257685,-0.24798946957683995,-0.7450124389524236,0.16184553217842976,-0.8724263792071935,2.322960673616301,-1.0313438182737678,-2.916096622181099,0.46451461595924903,-1.3552858538057941,-0.7389425323267894,-1.1143166355109437,1.4450356021602353,-0.5911452696946297,-1.2794696575347426,1.5808936193094933,2.0672157641920625,-0.9996242314486173,2.120099098673463,1.8899420810921894,0.8938876746643276
4,0.97015305,0.9693917632102966,0.49789772406031335,-1.0016569035757714,0.8780591580775369,0.8153185702203035,-0.7541401242062229,-0.19730179516393237,-0.26020021175339364,-0.5935544548479542,0.27986076851892483,-0.5442899048139754,-0.3085180444501663,-0.3163685617739232,0.23051606262931146,0.06839537659155881,-0.9144227756103549,0.573313740252552,0.7826779962867823,0.10739361457191204,-0.20301741333888484,-0.2539748809034576,-0.36200043136620697,-0.09890776543042748,-0.3669550809959009,0.30306053481955536
4,0.962579938,0.9692894816398621,0.2606761748373853,-0.8768529898175912,1.1952047043637317,0.3079492078813624,-0.31341391176047484,-0.21751847754540335,0.0932945935567486,-0.510945678147685,-0.6585161099698467,-0.7237709205019948,-0.32574829068016325,-1.2211988153880466,-0.5014790751877725,-1.1591032363688956,-0.8885270006097745,0.826440605294864,-0.48473325315268534,-0.46424297535598885,0.5288435231322447,-0.20091909472984576,-0.9164559096987377,-0.08834106607755204,-0.2516391676045386,0.6855714786983306
4,0.965073809,0.9596909880638123,0.8478806360474336,0.25438449701370536,0.0746596818117232,-0.1927251437465772,0.7153379943011695,0.4120114402393975,-0.33060581252087845,-0.5298824277059109,-0.6373388094953286,-0.23015574285561916,-0.23474618727090987,0.08614793274952624,0.8239516101257292,0.33378719130043977,0.17003770771981225,-0.4820695397654295,-0.7290548260150774,-0.2228627923138847,-0.5049100496332258,-0.7182130099225617,-0.9719014575319909,0.20752651580296683,-0.6799554173438843,0.7385997876002658
4,0.952833876,0.9404622316360474,0.8110429491346548,-0.712409589687527,0.41909984365737546,0.7379664849728184,-0.8119702360006923,-0.0035423900791152325,-0.1879313372695317,-0.023095653044676555,-0.5386238822729312,-0.28462942428550364,0.09765499747381141,-0.11155541675564329,0.5381559658526569,0.11777956106932855,-0.04063958603990157,0.7778796763935197,0.38051812351772946,0.1862650076457651,-0.3859826474566672,-0.5126218384998156,-0.5837826226992192,-0.16230796154768165,-0.24340231664801273,0.4155964045959909
4,0.910802878,0.9182106256484985,-0.35066203230820653,-1.1482136480977887,0.5910947482632107,1.5881035728805277,-1.1662615354607664,-0.6014653925290195,-0.15823312845007964,-0.5711871651542606,-0.6483149332763621,-0.5986719934189562,0.35993926358734624,0.30292693741954074,0.24446090549863858,0.39105706075688107,0.14077176598428667,1.1176090425827299,0.669216459539472,0.923199432691394,-0.7702096391040105,-0.7381089297376662,0.5805738817990953,-0.33137515119369215,0.08607172161302225,-0.373772260374166
4,0.920886121,0.8770597577095032,0.3326594688306304,0.2416414630216277,-1.3087260427784577,0.8998734550090116,-0.7677593252741587,0.569914924641275,-0.09769175670464668,-1.096191519344454,-0.6422085283794248,5.723587237169346,1.1843040098198019,0.5988627625974136,2.0720202071371703,1.1839001087105563,3.2345246499148286,-0.7998180054073989,0.9165747570681376,3.2117681718785565,-1.9320388757519285,-1.0166518071491286,0.35879169046608306,-1.9058133547721674,-1.0588505613440746,-2.4402608734350215
4,0.936266365,0.930590808391571,0.6147353156606301,-0.7739249000997894,0.23806810977755602,1.1000971960883952,-1.0074661427019374,-0.05727305856147322,-0.039808235340425005,-1.054757944336855,-0.6160481519010989,-0.09154805934032209,0.2564108012843378,0.4426409812473229,0.688376673690447,0.770147321664356,0.76242271707202,1.1129459037764098,0.7398901329104127,0.9472381705486224,-0.34938960063311086,-0.6121014375753379,-0.25110933569970084,-0.22570815766493546,-0.2516391676045386,0.07607474698582825
4,0.693870898,0.8747758865356445,1.2452524706727572,-0.9139887076310449,0.711874770684693,0.725641923057607,-0.958694275124226,-0.132639087403555,-0.2632789066729043,-0.03998137116486376,-0.657915671709281,0.05448461348196978,0.12912511605090773,0.42659484869125,1.0208002183673712,0.6760082042743695,0.3378687489328154,0.17314555522427644,-0.033861264923605194,0.17949467500574437,-0.523206573045004,-0.6717891970206513,-0.7501192661989786,0.6301944899179936,-0.7129028211699878,-0.14522961972509962
4,0.933511319,0.9556532502174377,0.8707800220784072,-0.536473713209001,0.22613181638737237,0.9831558451854631,-0.4415644951273407,0.08982169923143161,-0.27850613323945805,-0.6363857415313398,-0.6095132532305216,0.7769707579334145,0.1828241940768419,-0.2774270105503143,0.5993658728763916,0.2890287146438837,-0.021710914770377843,-0.13859769262614538,0.11639287989470262,0.3561922532357307,-0.5643737507215053,-0.5855735444885319,-0.8055648140322316,-0.4476088440753247,-0.33400767716979735,0.8106910433141459
4,0.973289348,0.955531656742096,0.770576743251009,0.05659499173591395,0.13458157349295463,-0.054402738534150515,0.37476251895039103,0.34428747235311713,-0.30321141162587223,0.22870713291675973,-0.6481486357830556,-0.4994496390640339,-0.5553210914437942,0.045957317024167325,0.7098056851726545,-0.5960142315272453,-0.17077022005018355,-0.29848989544406634,-0.48167910294222527,-0.03116328035231771,-0.05664522604465913,-0.3733503997940844,-1.0273470053652438,0.6830279866823724,-0.7540870759526173,0.7063543148896783
4,0.820506069,0.8715686202049255,-0.6007046564939872,-0.9146581229916337,-0.41441670103735806,2.6676458228136988,-1.5474151154751816,0.3818452106302054,0.004223788505330485,-0.6612427332000642,-0.6235052581680027,2.813732700571734,1.045909033909611,0.5245435085191904,1.1559071571589974,1.1222762488646374,2.234288323688559,-0.5776423220349571,1.4353526975709536,1.6998335988960689,-1.2184744626925772,-0.9238041813453078,1.9112670297971692,-0.9865105110719841,-0.5399289510829443,-0.10945839341196066
4,0.943116635,0.8908783197402954,-0.023457152969323814,-0.8497148241399578,0.1956385629355815,1.433161923448534,-1.1700841793636099,-0.5104769359889482,-0.2647057556859574,-0.9758669214019564,-0.6425852726954278,-0.13789986225773343,0.6964394973405982,0.4582376864955732,0.5735109709099894,0.6783946894745136,0.3020713461699706,0.9329341033509444,0.7886042850789937,1.0458392818795659,-0.8708405178687906,-0.7977966891829795,2.6043363777128326,-0.9336770143076057,-0.4575604415176855,-1.3293911692110272
4,0.967608798,0.9612299203872681,0.0698061319253007,-0.49788985515510387,0.5322386185819752,0.5480120874190062,-0.13960039006415054,-0.21854627318743153,-0.3011147115925898,0.24886409340859028,-0.6494571538206817,-0.8003651621963683,-0.009151603910481438,-0.05981904043472162,0.2528757209405054,-0.8990807369562034,-0.5049958979138183,0.6483936072513592,-0.8039209404104355,-0.3154914493481393,-0.18929502078005128,-0.5258857850432186,-0.9719014575319909,-0.09890776543042748,-0.25987601856106457,0.6715537849576693
4,0.917329109,0.8861821889877319,-0.03883862311741637,0.008302983672182282,-1.3034698270665992,1.7769916210842154,-0.8580012808955466,0.30698687006939673,-0.01685704612526288,-0.883542436607813,-0.6225270701287507,3.7606496189854344,1.1499418569825326,0.6038441989799757,1.3850713174951048,1.1618320833341025,3.100470853264969,-0.5215431849237137,0.7760267427535048,3.2336631874916915,-1.6438686320164213,-0.9569640477038153,1.6063165167142768,-1.7050460670675294,-0.9517714989092382,-1.2649302176767525
4,0.971886589,0.9317933917045593,1.763830801539935,-0.7815360434956304,0.927696768815204,-0.006644788365069321,-0.6521924467479369,0.37644111183761086,-0.31657659996360255,-0.5485367235606899,-0.6376399724508508,-0.3500874492827334,-0.34959831055846424,-0.41608342440924007,0.512502261930176,0.15009362808778529,0.8161678903484118,0.10919854106730328,-1.1258103304713327,-0.01727504893560603,-0.8022285550746222,-0.6386293306621439,-0.9164559096987377,-0.0672076673718004,-0.6470080135177808,0.34316355547117505
4,0.926001666,0.9325273036956787,0.10448383969782937,-0.28394317757984233,-0.548649795774931,1.132298747962944,-0.9323504852896629,-0.23893045828384696,-0.11589478653315544,-0.6983156836144465,-0.6289952413526445,1.490683646097749,0.972847896211717,0.5093603175448354,0.9496835298794799,0.9437252590243752,1.427612046355913,-0.2168879630155948,0.806963582231326,1.8376394556241469,-1.2504933786631893,-0.9370681278887107,1.9944353515470485,-1.4831453806571404,-0.8858766912570313,0.24536601773000793
4,0.921593884,0.9196670651435852,0.3074150394121024,-0.14365819698112803,-0.4691790606179477,0.7639597224826085,-0.5794447528241727,-0.2899785348825717,-0.23101817153032567,-0.8109923523800294,-0.6493189799513799,0.659780796467611,0.7252003939736096,0.3896994255690253,0.7201915251335698,0.8338592962247047,1.2433713829585702,0.3488300765641919,0.44685096439513755,1.0520562602401178,-0.5689478815744496,-0.7712687960961736,1.6894848384641568,-1.081610805247865,-0.4575604415176855,0.03903883840775757
4,0.969408225,0.9601253867149353,1.3103472636324847,-0.8681873010120307,0.6130182815475412,0.9619216043687211,-0.8084979158491468,-0.5360685205999847,-0.09013864070510712,-0.09697244902079045,0.3412859152398208,-0.24669174741905842,0.2961233797617395,0.3349829543943315,-0.10443615774300925,0.08078682923398993,-0.09755293086707849,0.7314635400657369,-0.07755573962034824,0.11926498209345107,0.04398565272012131,-0.28713474726196503,-0.36200043136620697,-0.6272427330742111,0.16020338022175531,0.4045857697376639
4,0.964987701,0.8737692832946777,-0.781265256130535,-0.2903419657670609,-0.746674702230398,1.2857963308645615,-1.21575438130144,0.9168702355679988,-0.11799857648640207,-0.9656601577209432,-0.04150400983320113,1.162693625695871,1.0762147422669919,0.5086559502542815,0.27528237480784296,1.0838095457133878,2.5019036024703447,-0.7055799278316497,1.1481930581357185,1.2923241345706642,-0.9623231349276817,-0.7646368228244721,2.133049221130181,-1.5359788774215188,0.08607172161302225,-0.6513296876875225
4,0.426209997,0.6572093963623047,-1.2974150970743439,-0.7287069037414919,-0.3095338301114691,1.8697625518982024,-1.4727757346543464,0.6092020183935256,0.07296114203087811,-1.606888779539069,-0.16710557127810835,-0.015607841468221952,1.0155551481610585,-0.2882420814813871,-0.421501729502439,1.071052521581915,1.4503917396630612,-0.692513837659567,1.2511986195181954,0.030570772402558875,-0.4728911336626141,-0.572309597945129,0.4974055600492157,-0.8068766220730974,0.6297038847437303,-0.23083169865801745
4,0.920162632,0.9095715880393982,-0.968838392175718,-0.5808301553401146,-0.9529932281501746,2.4380615811500417,-1.6128931704014977,1.2344558727407218,0.0023764098603815636,-1.0502670765561268,-0.1738691276458684,2.0650172689939668,1.214139646306451,0.5114861533465963,0.2729347906728545,1.1998351789472432,2.007838970121477,-1.084776139689879,1.509048907651515,1.044143002821069,-1.0400833594277394,-0.6916851168357557,1.467702647131144,-1.2929447923053783,-0.3504813790828492,-2.7021883292836013
4,0.92218299,0.8949942588806152,-1.303484174934317,-0.7845174213015373,0.4578823532243882,0.8025988219550195,-0.9264627877694919,-0.41165806364777685,1.1532504134422707,-0.547317829595484,1.3028155420968592,-0.10461142173524315,0.37021754008697966,-0.5193214035924011,-0.6635471957911196,-0.0359981990454183,-0.369063334101901,0.11044202979478536,1.180149314764025,-0.28421443149520115,0.23152501769084832,0.22352719465904938,-0.8610103618654846,-0.5744092363098326,0.5885196299611009,-2.135609938648127
4,0.887825045,0.8732820153236389,-1.428878236559829,-1.2672010747511888,-0.5424250424312316,3.897179065487716,-2.0035061852694342,1.8857976434239792,0.1608817361191491,-1.710169802874471,-0.14351901881946433,2.0569600605624974,1.2270865832810132,0.3760516985885728,-0.006283625176932619,1.1808617126127539,1.5691777828501574,-1.4542842710087498,1.81529579281383,0.9777365723034697,-1.0675281445454068,-0.8176926089980839,1.467702647131144,-1.4725786813042647,-0.3751919319524267,-0.2893416929462753
4,0.868752809,0.8502825498580933,-2.195688128845548,-1.4951757138943023,0.1607037907165148,3.015632711302341,-1.9008952056264183,1.5766001796150784,0.305271331549232,-1.7436857055014827,0.6173926748782627,0.5581195153448929,0.8494402203566105,0.16690529098515391,-0.18278322546945985,0.7251837355977424,1.0387695293716879,-0.7461586512204772,1.5552043573296446,0.4551914056179999,0.05313391442601023,0.1439435153986316,-0.5560598487825927,-0.7434764259558435,1.4369152784832662,0.07938575155410217
4,0.874744623,0.8870335221290588,-1.635411182730069,-0.49330499085318485,-0.754006667059587,2.207054653173757,-1.2189109738931614,2.4738901764395402,0.10261421204259112,-1.3239741833302474,-0.025083253210475314,2.349542773917124,1.003489063077545,0.156380731265243,0.35882359381631795,0.988071990272564,1.4678408734920279,-1.3084990339932712,1.2867305350428406,1.0918916203282685,-0.8205250784864003,-0.5258857850432186,0.35879169046608306,-0.8174433214259732,0.12725597639565164,-1.6758166214927754
4,0.953500321,0.9590779542922974,0.21449930957617475,0.47140769070219735,-0.05190840708641372,-0.4513324915053017,0.9382431121047422,0.028488290313987606,-0.34914745153392845,0.8146103205112771,-0.5877250062879401,-0.8927892608037934,-0.2570624203991546,-0.2564280192316559,0.11057462363523998,-0.6921825541866197,-0.8609039846649551,-0.21866535184602326,-1.3000992422449478,-0.5412239308297947,0.4648056911910206,-0.06827962929581603,-0.4174459791994601,0.7252947840938749,-0.1363232542131764,0.5069618563241443
4,0.972125147,0.9889567494392395,-0.4701336181120756,-0.8697528740431777,0.9111725490475381,0.48147000544651763,-0.38755826424200146,-0.5966963863410848,0.3477653353697388,-0.24781802048767818,1.6931036820657444,-0.7825741156852493,-0.764691977678764,-1.9562425825448602,-1.1491210030169654,-1.2185880999404866,-1.0455077541640372,0.5261001803858162,0.843345132432729,-1.0571816560053258,1.4025025160446554,2.14679944345248,-0.9441786836153643,-0.08834106607755204,0.7203092452655151,0.9099095128270233
4,0.75454772,0.8671016693115234,-0.5429871576800274,1.4308312352082482,-1.0722451483819293,-0.8441139547210021,1.8378076507679615,-0.28937714673226783,-0.33607521206385815,0.7515155078735178,-0.6618617169815497,-0.9256419141264495,-0.22183042986383408,-0.44389281643806927,0.4394883244716098,-0.7448379813415307,-0.9845282739651368,-0.4935912766613282,-1.965965709298003,-0.30792499231934994,-0.4317239559861128,-0.6651572237489498,-0.3897232052828335,1.285329849796285,-0.6552448644743066,-0.4030326217467042
4,0.960692253,0.9507061243057251,0.8625727257891354,0.5154718234926785,-0.3446130427042937,-0.34069864585648046,0.596588986887155,-0.016996628569669773,-0.3161555086453986,0.7147370781395086,-0.5960323025228486,0.21584205325657674,0.5243387157388364,0.02642987207236909,0.37629685133864316,0.6289752310759715,0.14366249944291207,-0.3293713858538631,-0.24076555005472788,0.26677734104082096,-0.2853517686918871,-0.5789415712168304,1.8558214819639158,-1.0921775046007405,-0.696429119256936,0.2681370692017128
4,0.937989352,0.9217258095741272,-1.4138901523857723,0.18775589809247709,0.28088363120766474,-0.7313326586877376,0.3967454610249463,-0.35896668252882435,-0.28532999588190533,0.16680262143801905,-0.662962822826328,-0.8308690131190036,-0.16749260950400874,-0.5967492412301617,0.2861861631928534,-1.5921146307468148,-0.9404042612755416,0.0313352435547721,-0.18008036177065045,-0.29635045770680934,0.3275817656026838,-0.45956605232620373,0.22017782088295035,-0.19400805960630874,-0.1116127013435987,-2.8890130221514347
4,0.899092742,0.876755952835083,0.12961595052615835,-0.33230772298404343,0.18038005004586244,0.41361643827151995,-0.3439898780684808,-0.2066271766792554,0.5452827172377677,-0.31677885418776885,-0.6610439263708414,0.8200238847282718,0.4810626210433803,0.2873500133263963,0.8750814315606503,0.5101257818860876,0.4195081803153626,0.5742261008626187,-0.04761608044222213,0.4587838869773136,-0.40885330172139,-0.7513728762810691,1.7449303862974095,-0.8914102168961028,-0.9023503931700829,-2.3513093244910896
4,0.950124575,0.9249843955039978,0.08056744350883177,0.7375659905388406,-0.5908083068483556,-0.40179879769324717,0.829183663703998,0.3397539193444887,-0.2737746905710969,0.03000633216425448,-0.6514482428995345,0.23418652699396553,0.6147138963715426,0.17588447435188145,0.6616858242759339,0.37962235967449515,0.33572713803830956,-0.4082020731076203,-0.20169914608341583,0.4539825742496535,-0.35853786233900015,-0.6518932772055468,1.8280987080472892,-0.6800762298385894,-0.7870344797787207,0.03199523035607455
4,0.772871287,0.8131675720214844,-1.0788343905184328,0.03888380229361616,-0.5173948069266308,0.41333707009291626,-0.34582546488211446,-0.14033913151436025,-0.28968659527894836,-0.17811876463823836,-0.6494534591202239,0.9263563763810329,0.6459008803257132,-0.3369624164042784,1.4258622819583877,0.7336051087683657,0.9149387885899047,0.09887485315052424,0.44173456886486584,0.6628686346998912,-1.9366130066048728,-1.010019833877427,0.6637422035489748,-1.176711099423746,-0.7787976288221947,-0.5197394244267597
4,0.97067942,0.9679518938064575,-0.33475034716547025,-0.03466914267169606,0.4799872521903094,-0.4822595479522002,0.3153275178653895,0.07377157684002443,-0.2967138077389141,0.05282164970476896,-0.6346021159979232,-0.31813100324624155,0.31337270137512246,0.032154380190927534,0.8072700108957122,-0.2654895411022088,-0.5123576349990481,0.28614442140751783,0.19711096214022236,-0.2024073431819903,0.6843639721323593,-0.12133541546942786,-0.30655488353295396,-0.46874224278107596,-0.5646395039525219,0.5461025867330579
4,0.979191785,0.9414506554603577,0.15548388899264243,-0.1532388907312963,-0.1053421711556374,0.5951275733675513,-0.1696540490139539,0.3829596381686832,-0.20356946635204723,-0.30960159067632037,-0.6340429046525086,0.3131670746389234,0.5294055528626161,0.3564590224043023,0.6749657502243441,0.7232867652360462,0.6309119358681027,0.24238877802363648,0.3496242619293064,0.24925985772887618,-0.024626310074047086,-0.5524136781300245,0.6637422035489748,-0.6906429291914652,-0.3916656338654786,0.24352551498316619
4,0.9791133,0.9668591618537903,-0.20620780256984242,0.020313644760852904,0.06608335135686175,-0.14347904783183177,0.13152457113988578,-0.7361044196067718,-0.31454422627265577,0.28929553858341867,1.8012700481578827,0.1500881480512855,0.3871649212269627,-1.359111812354447,-0.9440822542944517,-0.42358542017743334,-0.9991724145127512,0.5436016661959475,0.8121161844297619,-0.42897037087035134,0.7987172434559733,0.9795721476330187,-0.25110933569970084,-1.049910707189238,1.3710204708310594,0.9177944543125264
4,0.925065925,0.9354191422462463,0.5515725324883908,0.4339642926722953,-0.9571783185787819,0.20279520129266818,-0.18072352638688025,-0.5040246539981571,-0.13331501907019525,-0.1663891532715172,-0.30273612637373315,1.5772103983668575,0.8404988378915181,0.07356134762181131,0.512378247568787,0.9404650911848412,1.108268071483925,-0.6460983929636821,0.37182904624706886,0.8839569974949419,-0.7930802933687333,-0.6319973573904424,2.5488908298795794,-1.1661444000708703,-0.4081393357785303,0.38848698433513174
4,0.986462324,0.9729805588722229,-0.41355325697871004,0.7465524011622823,-0.3641388107762117,-1.0033825019829594,0.969301802575682,-0.7116353223144968,-0.1637531197791555,0.47933119152560977,2.0731306824161115,-0.3924828335174769,0.20216075485700924,-0.7631435896638348,-1.025456102555724,-0.9538755389204829,-1.2851169903101367,0.18855748321230092,0.48006242224738177,-1.0542988459892542,0.9588118233090329,0.4092224462666911,-0.22338656178307428,-1.0076439097777352,0.5885196299611009,0.8579532809522842
4,0.958512882,0.9430188536643982,0.07597508691079613,0.3062631906583733,-0.30799687768857387,-0.29646109706920637,0.1632227076049936,-0.5457813820498378,-0.1943666649612388,0.2655257625108372,-0.6561983388015122,-0.29596587432951865,0.33956671208338485,-0.6443513661872501,0.580420184274208,0.12730392424092024,-0.37576183163698196,-0.0393216211018828,0.26877749531762474,0.5900730854770975,-0.6238374518097844,-0.5855735444885319,3.3805740473783756,-0.6800762298385894,-0.7952713307352466,0.41036986350056665
4,0.96608719,0.9393823146820068,0.15529700965958143,0.2799566664211103,-0.29928392685792,-0.197225686243496,0.13946180349410547,-0.33127058670344695,-0.3110886811291659,0.16424573375677032,-0.29762739743663114,0.1478496782607419,0.49969193069171897,0.1345877626494839,0.4542920111168949,0.9073298232320276,-0.03592989353071084,-0.359910245092755,0.1657931936110148,0.5265161334040225,-0.0520710951917145,-0.24734290763175612,0.8300788470487342,-0.785743223367346,-0.29282342238716796,0.054498103116020484
4,0.969186671,0.9743966460227966,-0.5725498251112144,0.2964367438663347,0.2972884066248772,-0.7502644432073975,0.7702768006801387,-0.1803061210834826,-0.24309700357579586,0.9625158052815921,-0.663230928968502,-0.9557986609780684,-0.30175189286694915,-0.3135680521959904,0.40155112847246605,-0.9915683291605824,-0.86847093220108,0.45724809879056644,0.15550374087326402,-0.658338087732697,0.5608624391028567,0.3429027135496762,-0.8610103618654846,0.4399939015662315,-0.1363232542131764,0.5013929041000402
4,0.968641115,0.9513204097747803,-0.7467884268785929,1.759084105056002,-0.9968295611597805,-1.3846319792783057,2.40479432058979,0.38526749771119156,-0.3367435771641594,1.2455468432924068,-0.5793409307443341,-0.904188926007207,-0.7016344883163425,-0.3016856064884965,0.5179319007050187,-0.9561051861327321,-0.9670349172491294,-1.0644768556479862,-1.6895810794850417,-0.5246036485942808,0.22237675598495907,-0.46619802559790524,-0.7223964922823519,1.1162626601502743,-0.4163761867350561,0.6062581398576692
4,0.951790135,0.9173285365104675,0.25660025754583726,-0.11698864745025314,-0.32620063023549234,0.5830830190393229,-0.5195817083339009,0.04547451268186348,-0.1961201003404268,0.22664169609787752,-0.6568867468275433,1.1377894961451414,0.8726242912486875,0.39979049885097967,1.1541029522615602,0.8717699800612866,1.5719743121061087,0.19151592697187536,0.504460628158471,1.1334496800242366,-1.0721022753983511,-0.8773803684433973,2.2439403167966874,-1.3986117858341351,-0.9929557536918676,-3.1534983808791908
4,0.702680053,0.8890268802642822,0.8760809935736823,-0.4654415685264615,0.057330813388963855,0.9148704562243444,-0.5418989941710411,-0.2669634026185897,-0.1283815603709433,-0.07853932812668801,-0.6593058778123579,-0.33514027119478196,0.4648252887868706,-0.04759048315598952,0.9204328022457288,0.30832249687749386,-0.19111486470075503,1.2631519677647933,0.2650181108411157,0.1192971563123803,-0.2762035069859979,-0.572309597945129,0.6082966557157218,-0.6906429291914652,-0.696429119256936,0.018852085744048164
4,0.97404917,0.9602258801460266,0.8514590572969015,-0.06459823148828867,0.33403068454967316,-0.3721359128928441,0.1120544945498486,-0.14948771704075992,-0.11100118040646423,0.31054637893784715,-0.6596193647706012,-0.7227396260472746,0.003573198052107989,-0.07502044092912602,1.1290517059234502,-0.09873256866913005,-0.7932809558279482,0.08961156310905764,-0.5647307991070528,-0.14384382988675334,0.15833892404373498,-0.598837491031935,-0.36200043136620697,-0.07777436672467622,-0.9023503931700829,0.5900041679814282
4,0.941637801,0.9550905823707581,0.14874817347989092,0.7206913054079928,-0.3012646822294665,-0.4053106816225762,1.249184005815818,0.3165479240716858,-0.3331937022283397,1.8664942589015834,-0.3610502599978922,-0.5113121644260624,-0.010577125757790852,-0.6286461712055529,0.43014350914303745,-0.047303018474576373,-0.13516511825207425,-0.5263692497738347,-0.6281742928848443,-0.043653312140698904,0.2589698028085154,-0.14123133528453236,-0.5283370748659663,0.17582641774433974,-0.1527969561262281,0.556099954824433
4,0.901534566,0.9425070881843567,0.6302299238965954,0.20508856001528847,-0.37395012752088475,0.30515186548235385,0.1814762555303385,0.1872267434265999,-0.23688722747646812,0.1983698774075246,-0.6431667481407533,0.6205223153146202,0.3535765434790818,0.08018365142918926,0.6875744506849208,0.6005720155263892,0.9190230264090672,-0.11895272507182579,0.2693228991579841,0.4189898937420724,-0.19844328248594054,-0.340190533435577,0.6082966557157218,-0.5955426350155839,-0.30929712430021983,0.6878517500486105
4,0.994777233,0.9839755296707153,-0.7971627185863809,-0.10354836064170599,0.14035577374966862,0.23929220809003307,0.09491894480878635,-0.7419170500789778,-0.18650206301664313,-1.1919093514610561,2.184762328749661,-0.30482678122043694,-0.059143621113442735,-1.019117567521685,-1.1935070870599267,-1.2456934789618168,-1.2912717431241516,0.6124475534798429,0.4560459878949896,-1.0806449349754175,1.3842059926328774,1.3642265973917052,-0.9441786836153643,-0.5955426350155839,2.0464422492661813,0.8427595619046421
4,0.961429271,0.9484300017356873,0.40060367551866755,0.9480823737514293,-0.4555874612916883,-0.8223799976048528,1.4754326744090613,0.6574555872768171,-0.20061646911047268,1.0146313571478687,-0.6491932950122944,-0.3705706229114461,-0.027489101054196486,-0.07068432661384579,0.715201372798643,0.6289055393233899,0.2824540187186347,-0.5988892282307292,-0.6331225085972995,0.12333915747330712,0.1125976155142897,-0.5855735444885319,0.02611840346656454,0.15469301903858845,-0.4987446963003149,0.6198579307673996
4,0.87356729,0.9098529815673828,0.41496009630428204,0.16123055925104163,-1.1964211779856928,1.2646625331119195,-0.5772961624295918,-0.07120323585008438,0.05469963886321708,-0.6354876817553531,-0.6320411443319632,3.5761497346226614,1.1791642198393992,0.5574984672365143,1.3497153101045107,1.0359690571217983,2.3834258882609585,-0.3259233204523622,0.5586800235870572,2.6963399424202636,-1.8451303895459816,-0.9967558873340241,1.6063165167142768,-1.6733459690089025,-1.0176663065614453,-1.4077867507173902
4,0.972438813,0.9683294296264648,-0.2375750377412512,1.3941406890154295,-0.7287464979754467,-1.8088683039176623,1.6055392805677555,-0.6735085021432372,-0.08253490052365384,0.28124484426741087,1.0558695191176315,-0.5307993042261699,-0.7677929926665753,-0.1407923661248957,-0.9434290481849655,-0.9465784442446786,-1.2029710456464948,-0.32795923240710456,0.20940497014969706,-0.6441042132783442,1.0731650946326468,0.9066204416443026,-0.5006143009493397,0.08072612356845885,2.0299685473531297,0.722359782343114
4,0.967984934,0.9110169410705566,-0.4411394179305638,2.299967545318081,-1.5762000691375935,-1.6342491199782787,3.010501779299394,0.10047682633596246,-0.32848295858179055,1.880141067794333,-0.6686218138388259,-0.895355773853482,-0.3744504268575658,-0.19884123978689655,0.5660379641878167,-1.2347044499859516,-0.3188531442775747,-1.0723761097280657,-1.9426620895515376,-0.05549802102369638,-0.4271498251331685,-0.6518932772055468,-0.19566378786644772,0.7147280847409991,-0.6387711625612549,-0.49821141840844324
4,0.990051796,0.9873763918876648,0.21266538891928669,-0.9525223169900738,1.0866900259294123,0.651951068887914,-0.34658921102170653,-0.5666625827531238,0.5640597331453093,-0.5515231978370169,1.362708352208321,-1.0673411714337189,-1.8695601945631917,-2.094981401686726,-0.5377761377887532,-2.626083958389075,-0.9563364111619467,0.9976771344171325,-2.8497723233874774,-1.2206092221619576,1.1646477116915381,1.4040184370219138,-0.9441786836153643,1.3275966472077878,1.5110469370919994,0.4062116215763548
4,0.958701103,0.9545217156410217,0.6247306678279175,-0.33795749183701895,0.09316688757330621,0.7142684837738014,-0.2000943075090874,-0.13705605646019506,-0.1036075601331963,-0.66810781424737,-0.6630353071682066,-0.37029479587507275,0.11909325732252937,-0.6961050405469092,0.16234826574116903,0.01849002744565672,-0.6308030109340753,0.563431035431811,0.26380825921473394,0.4222679870192757,-0.3265189463683881,-0.5656776246734275,0.7469105252988544,-0.035507569313173684,-0.5399289510829443,0.5390598291078278
4,0.971160923,0.9735857248306274,-0.42461495848212405,0.39581843744469225,-0.5337592027179825,-0.13457008560052916,0.18088885986371506,-0.6064388928157529,-0.30260838333157025,-0.8896871211643983,0.26582742303822054,0.05914891353898109,0.1658269320976707,-0.3029664119865481,-0.27994809282046595,0.41357747058842337,-0.5272534487346309,-0.1055261871976903,0.5001267182481179,-0.12205085251079494,0.7621241966324169,0.5153340186139147,-0.4174459791994601,-0.7223430272500923,0.7450197981350924,0.7612394972477149
4,0.982003903,0.9111297726631165,0.14492262288660704,-0.5240308958311173,-0.5416307194366415,1.6478299691310487,-1.1871395736623498,-0.35672677255554447,-0.022130073814554032,-0.8236708090011686,-0.635351679848403,2.2032534019594445,1.1792370152887994,0.5622643986072549,1.1647389663606802,1.0501398847356023,2.072093266354704,-0.054949483110841996,1.0316510642489114,1.510323772348495,-1.7399253799282568,-0.9901239140623227,2.9647324386289773,-1.6627792696560268,-1.1082716670832298,-2.1433314674194013
4,0.963507401,0.9562569260597229,-1.0607044944916824,0.16859516442354655,-0.12017639496346257,-0.08538260478494089,0.16320668863763169,-0.031496204629642484,0.06381916918692233,0.657084339105779,-0.24340581488794483,-0.41380109212964855,-0.12167272785452955,-1.0487230703384627,0.06534091450926448,-0.10292762469951955,-0.33011625535365824,-0.39214553951772224,0.20148235750460416,0.3056033499179866,0.1354682697790125,0.28321495410436265,0.35879169046608306,0.1335596203328372,0.2837561445696435,0.46609152204901383
4,0.984553384,0.9801616072654724,0.22988297408166747,-0.2778498687658562,0.30172363210019754,0.07434974001060546,-0.19756908705021337,-0.6455151540302678,0.0970979967319024,-0.5260283907997834,1.0173850476874822,0.32321335069661344,-0.14075328950741509,0.03456330801405339,-1.01025850094937,-0.16866853972447385,-0.6096808510349867,0.538352399732026,0.8687382192774601,-0.1749903123371782,0.8032913743089183,0.6214455909611386,-0.14021824003319472,-0.9336770143076057,0.16844023117828102,0.794864737818713
4,0.966267076,0.9640918970108032,-1.2083916154605219,0.8860826735097442,-0.480528884461714,-1.1949094205467532,0.9755874869391441,-0.7614567682051527,-0.33504329220544615,0.2810013362563719,1.1615238495271083,0.3552239503011799,0.032680984623514785,-0.2485236767456297,-0.8024899659529284,-1.085523107907064,-1.1674240240854479,0.1575595836770142,0.7655477036119471,-0.4396416482991956,0.7529759349265277,0.7474530831234667,-0.5837826226992192,-1.0182106091306107,1.2886519612658005,0.7606943411812573
4,0.97699037,0.9809994101524353,-0.47180211537498107,0.046267777221517016,0.1716356677181681,-0.2451756187790671,0.2221935232754744,-0.7078114497883508,-0.02712635308583511,0.04021291113721755,1.7156375027433917,-0.050991672621949806,-0.22372384252153332,-0.8068839760633648,-0.7301062990673778,-0.42902117261700135,-1.1003590931553915,0.46379882254869603,0.8375209205796597,-0.43463993615077573,0.9039222530736987,1.3443306775766004,-0.22338656178307428,-0.8174433214259732,2.211179268396699,0.8893850917975553
4,0.941544038,0.960239052772522,-0.016300615242255876,0.23169130198716434,-0.3028657679590788,-0.2321602586980962,-0.04515236435956704,-0.373272062103546,-0.3029051630046619,0.8518404944180791,-0.038842760146505104,0.1826451964372243,0.4539582230273572,-0.1352611322570248,0.1887568779146261,0.8217570913169151,-0.014778187532248398,-0.2980021641068882,0.3464304736447019,0.8038468694144058,0.04855978357306593,0.28984692737606427,0.4974055600492157,-0.6906429291914652,0.5555722261349975,0.5194045275611651
4,0.976493849,0.9707403779029846,-0.7293553341462525,-0.12172569101186943,0.11186447707076479,0.015423390176194766,-0.027056871083776836,-0.7112995461748316,-0.294821792580202,-0.34846652502942926,2.046704751663929,-0.48002871813244574,0.08735244576181393,-0.7244527795770599,-1.1337197493090256,-1.2569602434541673,-1.1653433849200308,0.029831203539168214,0.7084062490958327,-1.118423902842282,1.1509253191327045,1.7090892075201822,-0.6946737183657254,-0.9653771123662325,2.623021816222993,0.9228431254439868
4,0.978286734,0.9725051522254944,0.0571512524451395,0.567926049313402,-0.33584353382575716,-0.8241003818030129,0.4444822981073527,-0.560391645818715,0.7285972600524562,0.5472504048117749,0.11712286555136166,0.6300440570441739,-0.031935898193920995,0.012662442797911344,0.1073902676657073,0.6441611431220582,-0.4358353922760631,-0.028899202731703072,0.250208058812357,0.13361652226274506,0.6660674487205814,0.6081816444177357,-0.3342776574495804,-0.754043125308719,0.42378261083058333,0.8481091041033194
4,0.97288476,0.9484171867370605,1.5327129996694533,0.3769666770605676,-0.004578674705254323,-0.3119771646800875,0.9115406100621417,0.052663633499629145,-0.28787854436255433,0.332838867412409,-0.6636839849780739,-0.8207813882451944,-0.45344822428344833,-0.5197729353497181,0.051728904593013623,-0.015134157271556328,-0.8778315011255483,-0.07383718617156683,-1.1273005122148567,-0.34576095451688965,0.48310221460279906,-0.313662640348771,-0.36200043136620697,0.4505606009191073,-0.11984955230012455,0.417850410852291
4,0.963212915,0.9299871325492859,-0.9497774384287303,-0.19717032493530687,0.47169899600925363,-0.3005195925743103,-0.1629985568556735,-0.4483458603558805,-0.2938248913301946,0.06747071403176345,-0.6530568329610134,-0.7247030347355006,0.2838811818722471,0.3259038766969808,0.2620511831672071,-0.6433608812672568,-0.5161505453271177,0.4249889921336069,-0.2802217822695642,-0.18336296336599744,-0.5003359187802812,-0.6121014375753379,2.3825541863798203,-0.21514145831206002,-0.4163761867350561,-1.5438980609116157
4,0.96673245,0.9559825658798218,-0.33098126063914907,0.8135018678459005,-0.7379099692612007,-0.6211465028096974,0.634064797725974,-0.09239195691511069,-0.26645585096106866,1.0608149250128882,-0.6569670314465611,-0.3421906029609103,0.07687809808298915,-0.9837417747565919,0.9381140635241256,0.36555401264301485,-0.37457415718102705,-0.16933655732297684,0.45842847614190757,0.32239645367232117,0.05770804527895486,-0.4463021057828007,0.4974055600492157,-0.37364194860519506,-0.8611661383874536,0.5676303310816941
4,0.924805009,0.8794375061988831,-0.2941133064941193,-0.6945266323133681,0.6280148256708221,0.6201568601152861,-0.537066783392644,-0.19365928112116843,-0.2641071287763647,-0.15416396835874682,-0.6580294979767927,-0.8866823196860206,0.26385003477281427,-0.07524465192789818,0.7740611838221397,0.25467515174797906,-0.810331677297952,0.6408044332476999,0.5729057817715907,0.12131769726114429,-0.09323827286821548,-0.5855735444885319,-0.14021824003319472,0.11242622162708593,-0.8858766912570313,-1.3169751065094406
4,0.931012181,0.8876558542251587,-0.6485638759787722,0.6743107004868268,-0.27227313876562464,-0.8076016420855096,0.9576047777555378,-0.21069415845987038,-0.32374443885651044,0.8855473641123888,-0.6588772009595817,-0.9989826589202935,-0.5486054481723902,-0.18130161494074667,0.6688981931842893,-0.5954886834346538,0.26060161917456887,0.12957956618581182,-0.60259067251118,-0.5115730899278864,0.34587828901446227,-0.2805027739902636,-0.19566378786644772,0.6196277905651182,-0.5069815472568409,-1.616917230014189
4,0.382785957,0.719666600227356,-0.5115651245278283,0.0273259690745876,-0.11524408333427297,-0.012778134761319403,-0.18760779354070306,-0.3406912560542848,-0.16475135545100267,0.9281052145393437,-0.652075028237298,0.1348431176884104,0.4828221426870063,0.3979403861462971,0.8905255573845413,0.6032872598242838,0.9993904209157451,0.7018848224527103,-0.5468455330721361,0.6252045747577747,-1.364846649986803,-0.9768599675189197,2.826118569045845,-1.0287773084834866,-0.7376133740395654,0.05047602755076155
4,0.881406864,0.8928468823432922,-0.32827945130995617,-1.054551563658328,0.6653109319344304,1.2597955003802415,-0.9401415202993524,-0.46510574916256764,-0.279425705990453,-0.9037170792012992,-0.6649759240158338,-0.6933651098741299,0.32382761573085106,0.24927908090393375,0.6778942020672833,0.411621629257592,-0.6471258727943023,1.5760271062647677,0.6646637737415435,0.812742581316677,-0.637559844368618,-0.7513728762810691,2.687504699462712,-0.17287466090055711,-0.622297460648203,-0.7434866738388047
4,0.950446371,0.928743302822113,-0.3790971793042189,0.5631458412034438,-0.3974636563558937,-0.3148491047235837,0.708459067473734,-0.02100186494999756,0.019921204474908024,-0.33471619835696637,-0.6596770725645779,-0.5352220074076659,0.3536026633747061,0.053393302209965195,0.7416733481176759,0.0608164504124793,-0.4732847337214513,0.042345771014477694,-0.2953506615460378,-0.004622307525782328,-0.5415030964567825,-0.6319973573904424,1.0241382644651198,-0.3102417524879409,-0.7458502249960912,0.10229045081410473
4,0.969041149,0.9520099759101868,-0.5915787371764459,0.8253111430238077,-0.23833240599590885,-0.8298831698900055,1.24987751645352,0.5753763558269603,-0.14509293017722355,0.6193325385824316,-0.6607371143480855,-0.7500554893528149,-0.07663234725165922,-0.16392898218376237,0.5709493876183223,-0.06893701410176693,-0.2819062830805159,-0.39325595920271783,-0.46734578539978117,-0.3631295171583608,0.309285242190906,-0.18765514818644272,-0.30655488353295396,0.29206011062597226,-0.004533638908762238,0.3994870379258338
4,0.972560226,0.9637909531593323,0.03547000568297542,0.1505861693703619,-0.03212566292634165,-0.4168347042443823,0.14153122020536907,-0.7169403835581591,-0.32286973542451686,-0.20042150810375317,1.55516421686805,0.40040477157722326,0.5288990886578425,0.07007797434002838,-0.6754691728015834,0.10684282198477628,-0.8476380569631613,0.41742054138434226,0.9932017050631777,-0.3063245547434634,0.9359411690443101,0.7872449227536757,-0.3897232052828335,-1.1555777007179946,0.5720459280480492,0.8034131591284234
4,0.98003659,0.9830143451690674,-0.10353545175247143,-0.38176617503237215,0.6893171719199754,-0.16854628613119882,0.024884255889204315,-0.4561912401004502,-0.1286356930145999,-0.11374673831547016,0.9490251959591905,-0.38237258225134274,0.33951156349292566,-0.7683397569693143,-1.0528451529907408,-0.2923720031577069,-1.0563712097176998,0.6182385616570111,0.5916830070677883,-0.5216096077070536,1.137202926573871,0.846932682198989,-0.6946737183657254,-0.9019769162489786,0.11901912543912593,0.8936365862534458
4,0.938946907,0.895313560962677,-0.18150332730012772,-1.020295406922671,0.5773805276394849,1.3537972097380087,-0.8495947657254184,-0.5772424148245202,0.5274796822216732,-0.5853125027341779,-0.6658716778489919,-0.8891448016478501,-0.282511880932826,0.4640895908827498,0.21985852249345264,-0.016560649882184954,-0.4666171288011785,1.3115837577751805,0.2802743968108431,-0.15990703850309,-1.0766764062512957,-0.777900769367875,2.521168055962953,-0.29967505313506543,-0.49050784534378905,-1.1616264793712556
4,0.972418588,0.9536609649658203,0.31309847250332945,-0.838025389837174,0.7710593099794659,0.6344826716885512,-0.6754437540608473,-0.35997753419251066,-0.31370596289496566,-0.16050715126867338,-0.6484138444845239,-0.6928012369021765,-0.17486040598897032,0.01075563394495889,0.774016092397588,0.5318103495684409,-0.733563809062784,0.8131340351792595,-0.02346131017361493,-0.15173662542182653,0.40991612095568575,-0.45956605232620373,-0.5560598487825927,0.17582641774433974,-0.5069815472568409,0.566172144089507
4,0.975996689,0.9843531847000122,0.20061298922860193,-0.49815421028424617,0.9369782859420875,-0.3748929432576124,-0.12454682576259012,-0.68134547032013415,-0.2790760525317606,-0.5862532910234414,1.5993028424993565,-0.10373546403297666,-0.06942547485391046,0.07761908482089633,-1.1012098315245453,-0.6552890172041813,-0.997027760355023,0.8314289582985552,0.6518820608434404,-1.1607045035690648,1.0411461786620355,0.7739809762102728,-0.2788321096163274,-0.7012096285443407,0.16020338022175531,0.8212662925361472
4,0.96421585,0.9312841296195984,-0.5918343256326158,-0.13554362675395237,0.10548499498638668,0.03926422987919444,-0.3172192099130397,-0.1861790727988866,-0.2572306834342659,-0.04107870137384205,-0.6396480547716604,-0.021673342257969363,0.6494181921335251,0.05566894264629089,0.9683994604745596,0.4089902929946524,-0.457500617528456,-0.15517621669810255,0.2515042290410249,0.8202989264480884,-0.4271498251331685,-0.559045651401726,2.5488908298795794,-0.7117763278972165,-0.02924419177833993,-0.09627259664233655
4,0.922725392,0.9309218525886536,-0.06351514742103036,0.2144120499173148,-0.907898430210069,0.5348174612057285,-0.4123761858239306,-0.3042705286338413,-0.24159177748734,-0.5052580758265456,-0.5727154638587755,2.7458545181634575,1.1040767983822775,0.4750829871007795,1.261472989757109,1.080266390961678,1.5922398703024214,-0.4952447301961902,0.12897390243202395,2.116475025817026,-1.5066447064280846,-0.9437001011604121,1.8003759341306629,-1.493712080010016,-0.9188240950831348,0.4022328686972422
4,0.947633411,0.9447897672653198,-0.8300383374298301,1.107813351158751,-1.2733458803026574,-0.821299669188994,0.6023731920706371,-0.09994284585833631,-0.2956819812566822,-0.5189092475234441,-0.6447341079813185,0.8774453768055315,0.7724950163367515,0.5387401851732886,1.3697062256991501,0.9637615731049886,0.4470222628156864,-0.6103207515592644,-0.29203392284198343,1.1217382643339469,-1.5844049309281418,-0.9635960209755167,0.27562336871620347,-0.7434764259558435,-0.9105872441266087,0.2598647094028268
4,0.983008063,0.9735751152038574,-1.718892388033714,-0.1792811561627934,0.5767066326135709,-0.5323515704986175,0.031962821297794826,-0.45605107028099223,-0.16979396534674385,-0.33625273845044334,-0.6647650172113152,-0.47337875021950954,-0.14388387441214986,-0.5167781562639254,0.48924040918080164,-0.3855077254359096,-0.9641623721244156,0.05379130689872492,-0.3518320956130885,-0.2126460989087132,-0.17557262822121775,-0.008591869850502634,-0.9164559096987377,0.6618945879766207,0.47320371656973875,0.4998301310082233
4,0.974371032,0.9534124732017517,-1.3801109730167436,-0.5528789357149336,0.8058642422621105,-0.11707178540253553,-0.2780745435574085,0.3728465769400273,-0.23345436035811848,-0.42190143285431453,-0.661310231653828,-0.005304986329348795,-0.012475751182046014,0.4249699690507833,0.9084230331068196,0.1304480074353618,0.19401455815646515,0.8458227597378282,0.06485195098443824,0.722621674832117,-0.43629808683905746,-0.326926586892174,-0.25110933569970084,-0.07777436672467622,-0.10337585038707285,0.523927716915118
4,0.918412006,0.9392228722572327,0.020095023789191774,-0.14797490575885835,-0.6963461416456194,1.1033301700817957,-0.7222510456737641,0.050313307042836423,-0.10397407640896626,-0.8968850073296636,-0.6544094078868895,3.6171350586834397,1.0672108529628896,0.5919429204600698,1.482298333529721,1.1726739883573272,2.048975940066568,-0.2629338005599701,0.4586973528340505,2.5260638639486666,-1.7216288565164788,-0.9901239140623227,1.079583812298373,-1.335211589716881,-0.8858766912570313,0.5717387739952164
4,0.977875503,0.9670997262001038,-1.2158771103899988,0.16244531086852,0.14685257211948022,-0.61124815201957,0.3038741196604813,-0.03522492269513609,0.7377371117643741,-0.6185021030748491,-0.5095010310040525,-0.2578464607027366,-0.24990259658873498,-0.2788144895212485,0.3789301225708423,0.6852720119884483,-0.02156760656221266,-0.12705631899217748,0.06178639965788756,0.06404906758093873,-0.294500030397776,-0.16112725509963688,-0.44516875311608667,0.5350941957421128,0.10254542352607424,0.946488448020292
4,0.96828638,0.9394888281822205,-1.7760294793137152,-0.8419596772958835,0.3136420921656605,1.2399622779246047,-0.8339140399910028,-0.032973229187021266,-0.2900817562860095,-0.8702483037250742,-0.5695199455258058,0.3555941983511535,0.4933995209393886,0.3736450762770027,0.7987797992823849,0.8178834070098415,-0.26079269395967825,0.51602725576385,0.23150138599090428,1.605273569462654,-1.0263609668689055,-0.7248449831942632,0.19245504696632365,-0.0672076673718004,-0.1692706580392798,0.3993935891418982
4,0.951135175,0.9520668983459473,-0.8151528123736869,0.4089584667745812,-0.629398192733726,-0.1388581793343556,0.15214694461057246,-0.5131844770280753,-0.09565401261291699,-0.022201215393556854,-0.3079894292264481,0.5239885419173709,0.6357648719231195,0.0992428965793694,0.4448327282239756,0.614012840859632,-0.10952704647681796,-0.024792780871172287,-0.09684546088882451,0.34376748914860616,-0.8799887795746798,-0.5922055177602334,0.5805738817990953,-0.5004423408397031,-0.03748104273486578,0.37663699491992864
4,0.945277672,0.941519021987915,-0.3131563667464562,0.40241623556604716,-0.8243689063323139,0.04965138972742525,-0.041305579093336375,-0.263375132759012,-0.2141377512960203,-0.32162251988582163,-0.6197685142717325,1.5925033281505196,0.7447518393303625,0.4706986480517879,1.17480141309586,0.9913359344093536,0.7898167602576105,0.03277010636103836,-0.16965871440510683,1.308408486245154,-1.1727331541631316,-0.804428662454681,1.5785937427976504,-0.9442437136604811,-0.6305343116047291,0.2917719740539447
4,0.941895039,0.9490246772766113,-1.3678682737754366,1.2170332896833527,-0.8470980742208118,-1.2894722240801308,1.2446478869142066,-0.04776742315726738,-0.3055353425935495,0.3402528546082091,-0.6651916868952731,0.16520678222842164,0.26270027097164234,0.40646022314386165,1.0295230808804399,0.5616492908150513,-0.18013326123693713,-0.3599993744803866,-0.5582782470830867,0.47114246409978333,-1.053805751986573,-0.7447409030093676,-0.19566378786644772,0.15469301903858845,-0.49050784534378905,0.4320243868084398
4,0.951567453,0.9414953589439392,0.4230243733177918,0.37732524228994735,-0.7396632151360357,0.030329233069966148,-0.053188599967486816,0.00423522717908696,-0.2849048851002732,0.06532036507507519,-0.6528262996944112,2.5717773176012244,1.0212573444415909,0.5864263172076816,1.5622513392055988,1.096945315371813,1.449221584894655,-0.4888078733490068,0.0795827472264801,1.5330038389035054,-1.4288844819280269,-0.9901239140623227,1.7726531602140365,-1.4197451845398863,-0.9435346479527124,0.31382984481688136
4,0.957544172,0.9557590484619141,-1.1466819100264307,0.28465611759578563,-0.1424888117353193,-0.47501161150765825,0.39024106620458754,-0.0040580083463426725,-0.2216835980869776,0.10783073999186078,-0.5960697145580497,0.028877115771090693,0.007840654459675491,0.3245736970604768,0.8835745325478926,0.5948894605033129,-0.438048494724415,0.21079728774871645,-0.13856591424785067,0.19650241205529362,-0.6512822369274519,-0.5391497315866215,-0.0016043704500620234,0.17582641774433974,-0.43284988864810797,0.32398841778457144
4,0.92948056,0.9370777010917664,-1.115706340561207,-0.22988656860360412,-0.3294876818872449,0.641380092451061,-0.5707300558577157,-0.5117762031842334,-0.0889446680740752,-0.5788658703865164,-0.5593527879230737,0.6037294053461914,0.6374343846673274,0.4913382711077622,0.6259935491563481,0.9223883194779651,0.15823564231271833,0.2477453385588825,0.39928405342860535,1.2563018790573428,-1.1635848924572423,-0.830956555541487,1.079583812298373,-0.21514145831206002,-0.3916656338654786,0.16978673791034485
4,0.947327351,0.8632912039756775,-2.143476265991242,1.0842530472569667,-1.1116088714311534,-0.9378437982918414,0.8352291867798575,0.40908558513836674,-0.24752827803206534,0.40078797939067695,-0.6639316248141812,-0.17454088176942512,1.093048558409008,0.26832403724412796,1.4264812297848062,0.8217995732464898,0.28937864092529014,-0.889254162161404,-0.46481271316142453,1.2817535247572691,-2.270524558869826,-1.0299157536925316,-0.5560598487825927,-0.9759438117191083,-0.7458502249960912,-0.14677857338701905
4,0.918458811,0.9148766398429871,-0.5902294647344885,-0.6200692458670988,-0.052778093417587685,0.8996900833420574,-1.1588559261103848,4.708300265397159,-0.2690500923132195,-0.9697826271424183,-0.630150866433229,0.7723429787774165,1.2418110564010374,0.26412652170491835,1.9875394902043892,1.162299284408902,2.4375036629544558,-0.585840882155374,0.5550578598453566,2.3471816415451623,-1.2687899020749673,-0.8707483951716959,1.550870968881024,-1.366911687775508,-0.8117450326482983,0.038473321169441466
4,0.957278988,0.9571495652198792,-1.844937889355157,0.6929491921581659,-0.5516148989262194,-0.735263776050678,0.5167380432565539,-0.22747708441731063,0.02495134229847807,0.3158500655764272,-0.4205137845755485,0.2368592223969306,0.13845587223228992,-1.0301361936764943,0.7770328083804731,0.3600013590769425,-0.42290338368584546,-0.3239330047977964,0.0967888143632432,0.4884108270308744,-0.48661352622144766,-0.08817554911092042,-0.2788321096163274,0.08072612356845885,0.8768094134395066,0.6453433145229638
4,0.934471134,0.9263237118721008,-0.4607219514694416,-0.6326944530182947,0.2925358011128808,0.5458170197595674,-0.8018749650788503,1.003432548830181,-0.22268150535416398,-0.063600804119899,-0.6082884096910182,0.15640475133187917,0.9328973967186387,0.22014341654451633,1.51688343052438,1.0747776311682686,1.2094192522099318,-0.18879915135956044,0.315715911412447,1.1177578538206847,-0.6009667975450617,-0.6386293306621439,0.16473227304969723,-0.3842086479580705,-0.4163761867350561,0.0769327945703624
4,0.991503823,0.9615848064422607,-1.019799586444477,1.6549555195804797,-0.8637700977771574,-2.281111777485911,1.396516313043825,0.20929019770919577,-0.29066819188718374,0.4734096730824833,-0.6073425217760836,0.2110820932442276,1.0503011093990122,-0.20695457287419008,1.6779731562386386,0.41030585277117365,2.0773999297952788,-1.4870150192148883,-0.847166754923229,0.5108316613076547,-1.4197362202221377,-0.7513728762810691,0.19245504696632365,-0.3102417524879409,-1.0259031575179711,0.5353390334686596
4,0.920731707,0.9579779505729675,-1.966520264120753,1.9386923131918405,-1.3181664235719202,-2.100035674538913,1.8840130670263153,1.1154240990611624,-0.34318996040503275,2.1940176021385223,-0.6653880563688833,-0.0782252506873296,1.0728032792688846,0.1991200933662618,1.6620560437251441,0.6645847296699362,-0.6927260871860907,-1.7449766178719857,-0.984280817399931,0.8432961388754038,-1.511218837281029,-0.9702279942472182,-0.029327144366688585,-0.42647544536957344,-0.7623239269091431,0.31339946361315735
4,0.96485623,0.8881527781486511,-0.3787472267068734,2.022483919380529,-1.590450121615989,-1.9425913140974178,1.860180902400806,1.6506452817212791,-0.34632224896426766,0.5538990431186523,-0.6638211131745997,0.05970403962052239,1.2940416231580198,0.47464061372003225,1.5228918901159787,0.9933949285192627,-0.5076530922196908,-0.8576948865113959,-1.549535396520154,0.4643445112717063,-1.5386636223986963,-0.9967558873340241,-0.14021824003319472,-1.493712080010016,-1.0835611142136523,-0.4207741203278367
4,0.986721144,0.9627001285552979,-2.9516632663017073,2.492041390715422,-1.8016456714297087,-2.8340290441931617,1.8963313737901946,0.4108399452672876,-0.37169014473420703,1.3302078908217323,-0.6686218138388259,-0.2071770467589974,0.9083769988892713,0.553236732477175,0.589438002199771,0.963513873127497,1.3848156730986225,-1.8555718879660403,-2.0224311724536985,0.3295393931839733,-0.49118765707439227,-0.8176926089980839,0.2479005947995768,-0.014374170607422042,-0.836455585517876,0.8638463110732204
4,0.974967062,0.9633020758628845,-1.640253797663041,2.668451808687818,-1.2229192329356415,-3.7781309262814244,2.7587764117319535,-0.06412126785979938,-0.32934267069038536,1.9445401852468402,-0.6686218138388259,-0.37284747370754906,0.6129620650410189,0.3903173361762465,1.2852134239649948,-0.49217823121594184,0.3351369763478606,-1.6988519436376457,-1.7681042832784912,0.6545106918854393,-1.4609033978986388,-0.830956555541487,-0.14021824003319472,0.1335596203328372,-0.9270609460396606,0.8923580845586166
4,0.983619984,0.9603050351142883,-0.28730389714514465,0.9403282105733534,-0.5884863315178696,-1.6783134050794253,0.6346628735424227,1.722611922782599,-0.33257609851576786,1.472124326038649,-0.6686218138388259,0.005788950543088595,0.9813567053032,-0.057254886003638296,1.4960877599519788,0.7192535394426809,0.2507344981759885,-0.951592477909762,-0.6458135044929999,-0.18977758335711617,-0.898285302986458,-0.7712687960961736,-0.4174459791994601,-0.5849759356627084,-0.9435346479527124,0.8912441240285053
4,0.961355932,0.9351305961608887,-1.2772762126604784,2.0575292535418623,-1.5377671566003668,-2.277582168623412,1.475866622450966,0.9796951970563718,-0.253260768297481,1.2612247554716478,-0.6584345642926015,-0.5304700184942817,1.1562066978302914,0.12648833300324278,1.9572424332126646,1.0067605334513638,-0.9447183889370052,-1.7668592903335871,-0.8803382265104467,0.6807758856925802,-0.8845629104276245,-1.0033878606057256,0.8300788470487342,-0.6483761317799623,-1.174166474735437,-0.19743469946409817
4,0.919312341,0.9178622961044312,-1.3132741108666233,0.35881614794026045,-0.7460056180765559,0.006130159492932643,-0.08815331118032528,-0.24598175632168204,-0.2727816847593532,-0.1675489443547864,-0.24532457168999294,0.11269985084833452,0.8602766855053365,0.1413218636611059,0.541142700811111,0.8017836859125415,0.2206442641910818,-0.21923360455762003,-0.34474270822893344,0.6759230942146333,-0.9257300881041254,-0.6784211702923527,0.968692716631867,-0.6166760337213356,-0.2186917637784352,-0.0028946597711445626
4,0.924383562,0.9184183478355408,-1.1300912879931055,0.6663781843605903,-0.6824911960212388,-0.737083529639698,0.5566131207082047,0.936466098245368,-0.3368840017584536,-0.055704618087971884,-0.6686218138388259,0.3847330737203119,1.0252954660739886,0.29359442770486194,1.754061382516318,0.885980947666646,2.268656203758797,-0.9351301994016973,-0.45028681091306844,1.4794071057475655,-1.8862975672224829,-1.0299157536925316,1.0518610383817464,-1.1978444981294973,-0.9764820517788159,-0.21066658280584769
4,0.967721717,0.9111341834068298,-2.114740918711178,1.7523254848410528,-1.3038614469707017,-2.2175251662693323,1.5385173545339474,0.005469033275733394,-0.3567556907639528,1.0036678722909622,-0.6686218138388259,0.15774552139771392,0.9819023186246588,0.5533299481965647,1.6660326702447141,0.751582777851358,1.0269166624043282,-1.3311975890883945,-1.0731196183686664,0.7292532409851589,-2.060114539634376,-1.0697075933227405,-0.5283370748659663,-0.8174433214259732,-0.9847189027353417,-0.05176451414225292
4,0.973481608,0.9567534923553467,-2.6441709361780266,0.8919607141711541,-0.0278639994505876,-2.0247242478193845,1.0796668244786884,2.8984021106024205,-0.37169014473420703,0.7856025972423003,-0.6634802593114347,-0.38378632894271786,1.1283479990169811,0.5634974016019011,2.0125979373569285,1.0429982366909425,-0.014885066042016531,-1.426946739828437,-1.2470795126740517,-0.509288720383901,-0.12983131969177214,-0.6253653841187409,-0.4728915270327131,-0.5215757395454543,-0.9105872441266087,0.6165640001456502
4,0.902566159,0.881653368473053,-0.5539598657997368,0.5261605425588937,-0.4307018549596039,-0.6399815741474838,0.22945590696323068,-0.24066594363188595,-0.31424531975061726,0.2639901145572435,-0.6571514374559269,0.18810344820006794,1.0711120216873107,-0.08879171048881405,1.08529892659772,0.7258934146770982,1.1723906293967432,-0.9282952242799775,-1.1211890832760412,1.686316749892142,-1.3465501265750248,-0.8840123417150988,2.9092868907957246,-1.0393440078363623,-0.8199818836048242,0.05659031573922932
4,0.925001683,0.8828637599945068,-0.8363068309054515,-0.2703445088699136,-0.26873273083401694,0.7179253508893917,-0.8004138969441099,0.38842170042334884,-0.16241718835778104,-0.5950719016702709,-0.6096544173422974,1.4156455397952539,1.0380550744389556,0.24083204847621664,1.7457429800732254,1.07882794988399,1.7274225328077741,-0.7082417362781134,0.6197033322023578,2.1536224597294775,-1.3374018648691357,-0.8641164218999944,1.2181976818815057,-0.8597101188374757,-0.696429119256936,-1.3423398768975676
4,0.905561258,0.8980350494384766,-0.138361800148442,0.468087380122425,-1.1358999504722693,0.3646349135597544,-0.26640476506438804,-0.17799604698117627,-0.21270139982740968,-0.12676013343254922,-0.6157920244597291,2.71637595707268,1.1941359042355786,0.42752757891199944,1.1638174621783137,1.0616650698383647,1.8271131956237348,-0.9720321468707344,0.14514137285625373,2.2218023874310036,-1.4517551361927499,-0.9238041813453078,2.9647324386289773,-1.694479367714654,-0.9517714989092382,-0.5242890424182424
4,0.889026894,0.8801048398017883,-0.5050345204781947,-0.2192729555012393,-0.05510620820400251,0.4544232600382618,-0.545907723150096,1.2282441981068108,-0.23102451888733347,-0.9419757056851202,-0.6479265767784564,1.630822393979432,1.3089569536125485,0.4963569609379433,2.262414595967607,1.1164461336400169,2.7532380674490065,-0.5247190791538924,0.5654467429140816,2.6582760029000245,-1.4746257904574727,-0.9569640477038153,2.853841342962471,-1.7578795638319078,-0.9435346479527124,-0.47722536300302437
4,0.942377679,0.9382526874542236,-2.0041817629218914,0.08539814200727598,-0.0778279756473319,-0.3038668688084735,-0.29564345012228677,-0.2535720821529526,-0.13962564350852427,-0.40029042288427397,-0.5858750846867303,-0.25016359099171515,0.9365055842437212,-0.45649960830224257,0.8230359450121519,0.8894018712468778,0.12437314245619911,-0.31148284086977507,0.21312972056415608,0.4564268956248879,-0.6558563677803965,-0.777900769367875,0.7746332992154811,-0.22570815766493546,-0.4081393357785303,0.1918732615030774
4,0.777597403,0.8926728963851929,-4.221607791665008,2.034045453752336,-1.612169959686535,-2.0893834692598197,1.2657781270338053,-0.7313402381873543,-0.12884553692312353,-0.2487275229273811,-0.6490649465001721,-0.4766970076830723,0.899578917371346,-0.6349699447768391,1.267548371430839,0.575632383154779,-0.8732388811010647,-2.1774128750693533,-0.5233849454215116,0.4644226486605346,-1.8405562586930373,-1.010019833877427,0.3033461426328299,0.1335596203328372,-0.44932359056115967,0.6128332937674074
4,0.980301275,0.9300277829170227,-3.7247461694593165,1.5636922637588193,-1.3094476992286102,-1.777779477150292,0.6064778424753697,-0.36145209713329907,-0.2973963307643261,-1.797580103392284,-0.6616571820642564,-0.6445248114850397,0.8935389640056758,-2.0094635508089302,1.824795065591172,0.48573962206349514,-0.5025753525427057,-2.072809335944841,-0.010534968708927306,0.8770643605368729,-1.1498624998984088,-0.9901239140623227,0.6360194296323484,-0.04607426866604913,-1.1576927728223851,-0.21712943136044235
4,0.912849545,0.8866420984268188,-1.2900767934087927,1.410674339771464,-1.2457880279949767,-1.3544298227775053,0.8567968578722557,2.6909479124830336,-0.3172029162454733,-0.22656684581167857,-0.6655284133036197,0.38543051655810945,1.1459563751282311,0.48794061393074367,1.8687760858518978,0.7320011975195426,0.7057902613592227,-1.155639264867278,-0.12677290315448186,1.3279419141888733,-1.8954458289283722,-1.063075620051039,1.301366003631385,-1.5042787793628918,-0.6140606096916772,-0.05870993064707902
4,0.981407703,0.9602553844451904,-2.277320432262118,1.5472157648729872,-0.8963548172602238,-1.8127096643290757,1.5756710181551898,1.2460392244388985,-0.37169014473420703,1.5928980342171415,-0.6566487516135654,0.228778006508407,1.0950787266765918,0.5121847903686058,1.7172321623867783,0.5492767847284518,1.5801863696532372,-1.2157515937285135,-1.2244377942714357,-0.04394196084766518,-1.2413451169573,-1.0033878606057256,0.3865144643827095,-1.1238776026593678,-1.0506137103875488,0.7054038488455675
4,0.935778033,0.9169356822967529,-1.0358233531326353,0.187672797288357,-0.5875023030644239,0.14242707880545158,-0.3598214826089081,-0.1897659910071728,-0.2626246777416989,-0.47418907536397975,-0.6221133072834908,0.7277603452312036,1.1319125707259272,0.4005857629452294,0.9456481351633527,0.9317660877406587,1.3320291496412215,-0.5462193656300361,-0.15434137614874047,1.8680394961954103,-1.1544366307513534,-0.7447409030093676,2.3548314124631937,-1.2823780929525028,-0.5399289510829443,-0.2854452024723443
4,0.950317245,0.9297041296958923,-1.4252289931023454,0.17502889172651268,-0.5878526972445239,0.30642227668896965,-0.06112089083491423,-0.6225080376850376,-0.11757007113125478,0.05060250069350311,0.32439008659005963,0.7139693729956794,0.8792219362447563,-0.6732289271876114,-0.04850784527353379,0.32309949715271036,-0.24960409833297556,0.6420815689323688,-0.31610459040269434,0.6081853322075367,-0.16185023566238388,-0.09480752238262201,0.1092867252164441,-1.2295445961881244,0.7862040529177219,-0.05051145982365963
4,0.937838735,0.9204432964324951,-1.1490386498807823,-0.6355774817376542,0.46695015714903493,0.4607638973033313,-1.0329004638374712,1.2622783014149188,-0.31013176664027736,-1.4892236616702013,-0.5711743908403738,1.0182650865544143,1.182907633105545,0.09054553854306485,2.0193117364518027,1.1417247721491293,1.2358319951809857,-0.636943030210581,0.5043819934009228,1.313069151672923,-1.5569601458104745,-0.9503320744321136,2.9092868907957246,-1.2506779948938755,-0.7870344797787207,-0.1336873702061761
4,1,0.9574728608131409,-2.012215887839187,2.056534110466693,-1.362876162947499,-2.7235028589305434,1.3639065087294595,0.5557919463802363,-0.35588884839942486,2.223532046084384,-0.6686218138388259,0.465022069926126,1.0286431813035506,0.5523896412874079,1.3669074553716574,1.0241451925944092,-0.6874918127841777,-1.5732817938268873,-0.3730708735145725,0.5477327326294466,-1.7399253799282568,-1.063075620051039,0.22017782088295035,-0.9336770143076057,-1.1494559218658593,0.7071643624425606
4,0.922971,0.9314670562744141,-0.511400832176096,0.2249606505781555,-0.736524149079175,0.25234075346599505,-0.41167551342529446,0.003097290754604055,-0.24599228433344705,-0.3592428858547327,-0.3174937475836503,1.6647351335798943,1.1300384156558645,0.2699283850978193,0.9872802381959057,0.9544158201931106,1.8855657926230371,-0.7601176872410098,0.04283737298669332,2.0953687381993604,-1.2916605563396901,-0.6717891970206513,1.6617620645475302,-1.1661444000708703,-0.095138999430547,-0.18728167062272083
4,0.885926284,0.8963536620140076,-0.6569132907736437,-0.013394245152150456,-0.9603523100751425,1.1918757997292038,-0.7879090886611629,0.10975935871507943,-0.022742813231591576,-0.6793891668822073,-0.6085829640066169,3.622716291854951,1.240206590574021,0.5000160758592889,1.667809342143289,1.1657487848385377,2.5041300974442118,-0.7025371937711334,0.6389145734140992,3.40164754231212,-1.7490736416341461,-0.9039082615302033,1.3845343253812648,-1.694479367714654,-0.82821873456135,-1.1817843502442014
4,0.990725126,0.9405074715614319,-1.5027944004744778,1.2825811315608233,-1.3583183744459346,-1.2597074548825693,0.8997170404293421,0.5887100234417832,-0.37169014473420703,2.3060888016093655,-0.6508843178073004,-0.3770661930252795,0.8308341056327148,0.3949325413780093,1.549477123061465,0.5617387829491396,0.35260216518298954,-1.4452744126527284,-0.006346236052218057,-0.12061588234654504,-0.7793579008098994,-0.830956555541487,-0.05704991828331502,-0.4793089421339518,-0.8117450326482983,0.7489399756791945
4,0.934684685,0.9262208342552185,-2.45751030063304,2.1482252201334062,-1.7959080445226479,-2.1528947688258864,1.9322005274681426,2.2438710927380905,-0.33592369714253484,1.2158586075420124,-0.6483161475129721,0.3853504083302854,1.262703330972876,0.42593798566205116,1.636437969382189,0.6808051457314842,1.4242079083507935,-1.5274675641776714,-0.6140669309058759,0.7130898326584418,-1.8725751746636494,-1.0299157536925316,0.469682786132589,-1.113310903306492,-1.100034816126704,0.9428654187147562
4,0.959012384,0.9435483813285828,-1.2055037124323988,0.6963194128415436,-0.970887968407869,-0.3111349572738329,0.273518304762009,-0.5162957840570948,-0.25289049633011146,0.16930578308867536,-0.019324597546442567,1.0393175623710864,0.9198030618966201,-0.1025495993687959,0.4337033550368451,0.5835022166249659,0.2145248899172676,-0.0731575853976242,-0.4442135218461131,1.0599251549268431,-0.4408722176920021,-0.4463021057828007,1.550870968881024,-1.2929447923053783,-0.004533638908762238,0.3767097390905533
4,0.920466596,0.8907120227813721,-2.3192874770210445,2.4714111709619813,-1.42575972210878,-2.992894700234054,2.227946246188477,0.6466583344865557,-0.3210621869609017,-0.0927575479967813,-0.6590611395641858,0.8509527256228334,1.2750534422941953,0.44513120851208915,1.9229100242321586,0.8148343949562226,1.9723958058261926,-1.7572483197410438,-2.297806457363404,0.953212463372107,-2.3299882599581054,-1.102867459681248,0.7469105252988544,-1.240111295541,-1.2153507295180663,-0.1377870798941765
4,0.904754308,0.9029089212417603,-1.4218646232906171,-0.08812061316853728,-0.005626927368522267,-0.15221139214720628,-0.3591293887822283,1.4232651995968801,-0.15841243580684583,0.5052077494670532,-0.6339969026536176,0.2729129724907812,1.0834649771199392,0.2224171535933947,1.464286990436633,0.9507007358442137,1.2993403748941192,-0.6978909719071769,-0.16137712241690017,1.0778048280175925,-1.1041211913689633,-0.857484448628293,0.719187751382228,-0.8914102168961028,-0.5316921001264184,-0.24283097062480802
4,0.914309056,0.9159682989120483,-0.09980114985466497,-0.12255534760690043,-0.3794721951934017,0.5826095371329599,-0.5388341862387014,1.4565886171878037,-0.21728829156361096,-0.7753148472736572,-0.6523688902661294,1.3807956550133338,1.219652876295405,0.3812969920559745,1.8847262472132418,1.1016771024044392,1.9975059017520151,-0.6741591911912654,0.3143383329411355,2.479576713912718,-1.4609033978986388,-0.9437001011604121,1.2736432297147586,-1.3986117858341351,-0.6881922683004101,-0.12671675164043986
4,0.961852861,0.9344815015792847,-3.3791834789225805,2.785221042243719,-2.2763877905614933,-2.63505659068139,2.1519642679327613,-0.5361006469343229,-0.12626728417738403,-0.8439916517106322,-0.6577035990825465,-0.6158678125074164,1.0843020762721298,-0.18558195464217003,1.7794436029166316,0.47586018736513025,-0.05459149822015165,-2.068961722273122,-0.8259076778264697,0.693878146904017,-1.3922914351044704,-0.9370681278887107,0.1092867252164441,-0.5532758376040814,-0.8941135422135571,-0.3031012168403789
4,0.919002513,0.9221031069755554,-0.13379769928836538,0.5577025634001995,-1.2798519624435265,0.29394663589426107,-0.033110695354496594,1.001305690612866,-0.32211261420054366,-1.237243692664429,-0.6633453512048832,2.0957687827662093,1.242912620170273,0.5519892396104815,1.697287458175821,1.0799780649513746,1.4362963111872866,-1.469333295534165,-0.7556504145280984,1.8967278683196316,-1.7673701650459244,-1.076339566594442,0.9964154905484933,-1.3774783871283838,-1.0835611142136523,0.6648528169956355
4,0.876515414,0.9101346731185913,-0.8206145408670913,-0.5415836829398035,0.4574073914880147,0.1457406981809432,-0.738524869776889,10.535051778795607,-0.23662074106889586,-0.020502322465103265,-0.6320363002779973,0.1393182872056045,1.235298465211297,-0.07099584545865074,1.7243382638624287,0.9439740453804607,1.1614108572169728,-0.5721886105840227,-0.2867793672424653,1.2577230602706229,-0.5872444049862281,-0.598837491031935,1.7172076123807831,-1.1978444981294973,-0.8199818836048242,-0.27809048552727184
4,0.991508818,0.9672840237617493,-2.5833968803602265,1.871650665036678,-0.9264396011014167,-2.7257793952103673,1.6389082908892676,-0.4268858181199924,-0.36121501094649394,2.5204927345783004,-0.6686218138388259,-0.6176102643744403,1.0403702274033864,-1.552783680013787,1.4611860362351112,0.2768080005429432,-0.6108749589065082,-1.3454256115022878,-1.8443882039215294,-0.15935823825449466,-0.20759154419182946,-0.4330381592393978,-0.08477269219994159,0.28149341127309646,-0.7458502249960912,1.007452822121168
4,0.911754471,0.8828945755958557,-1.1251686738327196,-0.37537436591163215,0.02855418118367887,0.43166853006857,-1.0080216571028586,0.6666537631883473,-0.24778085758211332,-0.8379999017255386,-0.6174679203561152,0.990143992774188,1.252774098518685,0.3333691197627118,1.8233410670882277,1.1599337295371657,2.5964518017942217,-0.7839979818873938,0.5913496524119939,2.7400693022622655,-1.9366130066048728,-0.9834919407906211,1.8280987080472892,-1.6522125703031512,-0.4246130376915821,0.4580678465708392
4,0.935268604,0.9049137234687805,-0.3203659550956341,0.3368596924768748,-0.8941942508832853,0.3568099696635117,-0.17024273449664634,-0.47730263238947196,-0.26970991905114305,-0.5508889473338787,-0.38126912439400645,2.1080227478050904,1.0511910962995803,0.2160211987446285,0.9523470555911223,0.8425941048966913,1.107559557657971,-0.32049326234501146,-0.037676148038831965,1.9588801859205902,-0.9943420508982939,-0.6585252504772483,1.495425421047771,-1.366911687775508,-0.4246130376915821,-0.355155738388107
4,0.904967105,0.8919077515602112,-0.6698101591122183,-0.6657087328898034,-0.27605996170914576,1.3140913266506162,-1.33601165999413,2.829232479154123,-0.18826928440425147,-1.1315657596913522,-0.6109567439572771,1.6653663347447583,1.3048548653508791,0.46586580658042354,1.4518712682840245,1.1940449406068623,2.5318432169449587,-0.6329766030578902,1.041998310539611,2.4247941309733814,-1.4243103510750823,-0.9437001011604121,2.2439403167966874,-1.683912668361778,-0.622297460648203,-0.22666182878746538
4,1,0.9475381374359131,-0.9816483666700869,1.9460516380919666,-1.1039597596501767,-2.109329827035925,2.2239278442175925,-0.2897439097015731,-0.3281824659351138,0.09611021810829519,-0.6521547529503093,-0.6552207535150738,1.3170906860916274,0.3684879183610852,1.1214864176854906,0.6294404942097909,2.6502389643329507,-1.3589590672560736,0.3986223034467032,1.5231787517058744,-1.6484427628693656,-0.9370681278887107,-0.029327144366688585,0.38716040480185315,-0.7540870759526173,0.7953057329987709
4,0.929860541,0.9296194911003113,-3.647973575290821,1.6923590893535407,-1.095106477732327,-1.796165561251121,1.4857828309917704,0.6896133121497178,1.3050714850877179,1.5155405166224534,-0.6525971616699406,-0.457002515733707,1.1334958027499817,-0.9359603259043421,1.1141467524529252,0.344614190869871,0.3949238289199463,-1.5904119106934458,-0.2500382712036012,0.20927465770685458,-1.1361401073395752,-0.6784211702923527,0.4142372382993362,-0.4053420466638222,-0.49050784534378905,0.3614736459093481
4,0.8125,0.8834521174430847,1.617973158331505,1.7454198576398514,-1.862798868990382,-0.9107040029788948,1.0515624515527915,8.784704586191662,-0.37169014473420703,-0.08416989999021471,-0.6686218138388259,1.0560936147282753,1.4069349903844788,0.2204676592663197,1.9124326934626883,1.1113220247429556,0.09882913308447429,-1.0377465866202584,-1.499109502105823,1.540726570709952,-1.6941840713988112,-0.9039082615302033,-0.3897232052828335,-1.208411197482373,-0.8117450326482983,0.5872170261095246
4,0.675948257,0.8180869221687317,-1.6907879388260822,0.40194957799461717,-0.7138059851282027,-0.2697310106691926,-0.23355027165225745,-0.32823963489613833,-0.02676913298048996,-0.08265025329501864,-0.5330570837167287,0.9362758697549503,0.9706967486347704,-1.0982782551230545,1.5191144539577597,0.7919825813740416,1.2690806402090355,-0.8077991407597503,0.24942174796440253,0.9778496417014217,-1.4288844819280269,-0.7314769564659647,0.6637422035489748,-0.8174433214259732,-0.2845865714306421,-0.36463782981944
4,0.911882467,0.913973331451416,-1.01824466749547,-0.4715269379590922,-0.079593647277504,0.7161607116386411,-1.1308781150974545,2.0417361866916592,0.21563257413980955,-1.0078982489595323,-0.5932804985955309,1.1822134433383151,1.202557847181419,0.2509858531191047,2.066441871167369,1.1720700880378048,2.515262217239271,-0.826411850043299,1.0775526988616135,2.4694308037891917,-1.1086953222219078,-0.8442205020848899,0.8855243948819871,-1.0710441058949893,-0.46579729247421153,-0.05705531149810746
4,0.699352751,0.8994863033294678,-2.303342781699299,0.8482790610774974,-0.44668264197442703,-1.157293374484444,0.95872891444835,-0.7509847468842165,-0.3665325277803388,0.5498454310112505,-0.44145881643847873,-0.7248897249087823,-0.14150704477008377,-2.7840900493783263,-0.1555577383296407,0.006453129168523297,-1.1978398037119986,-0.8792679018201371,-1.4778910211737024,-0.31623881049069874,-0.2624811144271643,0.1240475955835271,0.1092867252164441,0.3131935093317235,0.7038355433524631,0.24447416569388272
4,0.973930481,0.9465668797492981,-3.4649167721958833,2.5910930161894634,-1.6225569867792315,-2.8102172309664737,2.561736476751244,-0.23990599783376057,-0.36103937162205624,1.742315221389409,-0.6364802243632011,-0.12595892252089377,0.9876615685542869,-0.03506826804494558,1.243421648841746,0.45966379045529365,-0.031800629296032924,-2.0217398558138306,-1.1004887543560264,0.6504172119742258,-1.0217868360159612,-0.8243245822697856,-0.0016043704500620234,0.02789262680408049,-0.6634817154308325,-0.11269161666829768
4,0.974741201,0.9470858573913574,-1.670847623439357,1.0494277653092534,-0.463304654837372,-1.3901612605915188,1.2715701908158752,-0.5383502780553016,-0.2297543687616323,0.7410366378340366,-0.6430638832707224,-0.497518865698947,0.1318025341892758,-0.3086249583471719,0.7720308939613009,0.029790522861684668,-0.5284350517663261,-0.9867113375949975,-0.14415639097853536,0.32149189848870724,-1.0034903126041828,-0.6916851168357557,0.4419600122159626,0.7675615815053775,-0.07866529751749517,-0.29132884519356456
4,0.942362564,0.9517136216163635,-1.869249188604788,1.6759625096815038,-1.2096178312865096,-1.6749472476486016,1.3858760999880455,0.6160233915953499,-0.329399058786984,0.48963899235722047,-0.6571885301544728,0.025319935139195605,0.9067708199110537,-0.2150677048994318,1.6964128138274415,0.4249264518732215,0.5029891260348401,-1.4343457945044251,-1.1668582493097093,1.6170723151757525,-1.0080644434571273,-0.6717891970206513,0.16473227304969723,-0.33137515119369215,-0.3999024848220044,0.9471723707881335
4,0.880758808,0.9123592376708984,-3.7317645913512383,1.1984421219788977,-0.4672746801713948,-2.2646105387473185,1.6264444604827986,2.615941810477202,-0.32865409393476336,2.1089253444303564,-0.6686218138388259,1.2134889510476474,1.064670973157987,0.38413233563481136,1.917035941137281,0.853973107009106,-0.37448217968602554,-1.6240348850770059,-0.27268418656139004,-0.006996764882769903,-2.005224969399041,-1.0829715398661435,0.4974055600492157,-1.5148454787157675,-1.1494559218658593,0.14623206752328727
4,0.96461825,0.9248045086860657,-3.9194083125596597,-0.4590867855279648,0.9541510760626714,2.2904355657489238e-4,-0.25740145509224993,-0.7802279123432695,-0.31243528379637997,-1.070913324979055,-0.6014656436612839,-0.5087748136608418,1.1304909765122408,0.43664575982786913,1.55798261648697,1.1838633302685955,0.5422285778987468,-0.4236416874009019,0.14178641971232045,1.0407677057128997,-1.707906463957645,-0.9569640477038153,-0.16794101394982128,-0.7963099227202219,0.6955986923959374,0.959540744190812
4,0.902638415,0.8919439315795898,-1.0577415769492642,-0.13548259859755923,-0.5392389211973412,0.7385703795469537,-0.7123171292584584,4.534906298631938,-0.12528626053047173,-0.7195952202115705,-0.6404599274965409,0.8284514618524204,1.1021519118271494,0.2515664533111224,2.2241321615075833,1.0171801003091139,2.231832252444478,-0.7419867486427095,0.5160473028678317,1.960272869968533,-0.8799887795746798,-0.7845327426395765,1.1904749079648789,-0.9759438117191083,-0.3669550809959009,-0.45874801657722314
4,0.953956566,0.9346626996994019,-2.2341052112742092,-1.5255500589793454,0.7810088274154658,1.9370863452514682,-1.4353415824352491,-0.211942367251404,-0.304984868573157,-1.0435144734760549,0.48015851454050174,-0.836919740326689,0.030679190624849473,-0.23208169656816227,-0.1913711379340258,0.7192535394426809,-0.2476366669339297,0.35825108204428363,1.2687948498980868,0.015378106224111244,-0.042922833485825256,0.08425575595331808,-0.5560598487825927,1.528363934912426,1.856994677266086,0.3210301766516346
4,0.971879287,0.9591150283813477,-3.676248730604709,2.9734568681001834,-2.208277859877313,-3.1405281196753476,2.89888383524729,0.39757906899774315,-0.25071830943652623,-0.413548868324613,-0.654113765344336,-0.2561687033395083,0.7738683598463134,0.17222158616598163,1.2891726403478991,0.3787324220954036,0.24445542117689195,-2.4348591308550303,-1.2741835315329315,0.5435666309097923,-1.1635848924572423,-0.7646368228244721,0.13700949913307078,-0.04607426866604913,-0.2516391676045386,0.7149138080976614
4,0.902795779,0.9127762317657471,-0.23307803409977038,0.3113926760890837,-0.5284180182413388,-0.1972755867392545,-0.16685490697941793,0.9604165177047771,-0.26871776235918726,-0.5886965186059346,-0.6587910740064349,1.4224651938806074,1.2364966662333692,0.371061428879758,1.748320035690764,0.9676760939307263,1.8133550127751918,-0.7995678589734678,-0.2794732740679546,1.8333602845065406,-1.5249412298398624,-0.9901239140623227,1.2736432297147586,-1.3140781910111297,-0.8446924364744018,-8.488117440957583e-4
4,0.859945504,0.8848137855529785,-2.345745738266066,-0.11367966800225442,0.1497273828471589,-0.43787671758808683,-0.40618444603995424,0.346650359320454,-0.33696012240163914,-0.4975917589632237,-0.6317584897094455,-0.7178257403607529,1.2314705253452023,0.10471115446081324,1.8337113296642678,1.141033788966377,-0.05251199765573532,-1.241644689075922,0.3341031437477045,1.0317763904172375,-1.1544366307513534,-0.9238041813453078,2.9370096647123507,-1.0710441058949893,-0.7870344797787207,-0.5389783768062091
4,0.978620019,0.9540819525718689,-2.3487766131610006,0.40280199317657084,-0.42769148672321866,-0.38570395093660975,0.18710299703087988,4.07132467174274,-0.325188526096998,-0.39235469640001763,-0.6490682092276314,-0.7554358452102313,0.7086190676403343,-0.15031883370125068,1.7447513311615164,0.9692427158001572,-1.1417008429085345,-1.1122094782441867,0.14268949962490615,-0.009693883692449334,-0.6604304986333408,-0.7447409030093676,-0.5560598487825927,-0.12004116413617875,-0.7705607778656689,0.34269421819406476
4,0.990497076,0.9591034650802612,-4.911506377948786,1.8224220347274829,-1.0158270446656763,-2.4508120460318765,1.7026653577388517,-0.5177254766506731,-0.31347789125734343,0.7317142673803682,-0.6532441308814458,-0.7840128049617734,0.5498428795945922,-0.05096575542430075,1.4037449259003056,-0.053739907263769315,1.2217057605532946,-1.8139791878198477,-0.5489257938025464,0.19386412610308498,-1.927464744898984,-0.8773803684433973,-0.7223964922823519,0.17582641774433974,-0.47403414343073735,0.831867299867128
4,0.977558348,0.9618781208992004,-3.378355190274209,1.8247936125863353,-1.425604408325034,-2.0248060814353863,1.7127642830976433,-0.2972423160839579,-0.34312844916396495,1.0370345411569781,-0.6686218138388259,-0.7823329756336376,0.9475038866571723,0.07726106702501465,0.9135279309851774,0.9702694861580069,-0.2994092573521841,-1.0710314044109017,0.14989361268740362,0.6776991110995344,-1.6164238468987537,-0.9834919407906211,-0.11249546611656815,0.006759228098329225,-1.1165085180397558,0.32353368494639195
4,0.983870968,0.9607411026954651,-2.5431027689879806,2.771274722034885,-2.1546496400792328,-2.6041003852049083,2.4391588078854065,2.642116926224229,-0.34470577309731454,1.7456334904306599,-0.6686218138388259,-0.5394285241570926,1.081870169196295,0.31245173953188227,1.929396299206095,0.5398536788316204,1.3980341816684763,-1.5454197135938135,-2.5412953113596077,0.5425554411720122,-1.3328277340161911,-0.9834919407906211,0.5251283339658421,-0.6166760337213356,-1.0917979651701781,0.6744007019967565
4,0.958725561,0.9130594730377197,-3.081857654071168,1.2152656243700113,-0.695836359357944,-1.8059459971431306,0.9702064718713814,-0.26055690759151356,-0.32559347492865703,-0.5851469230495618,-0.6599172848933438,-0.4677478113705075,1.04830491737243,-0.19294004838815063,1.2418350347113953,0.6904455816659028,-0.7784417816270832,-1.7363509610351533,-0.05874610172126908,1.727288319540198,-1.396865565957415,-0.9370681278887107,-0.36200043136620697,-0.4159087460166976,-0.7458502249960912,-0.557409473116335
4,0.982348948,0.9400601983070374,-2.8413418257920604,1.528110341254539,-1.2620679141987703,-1.3630590358493777,1.2082422185377089,1.2859317881493264,-0.3609092195191997,0.9041059461025805,-0.6461794344881343,-0.4254029399423816,0.9420322229560782,-0.31324889969519376,1.4685264836294392,0.7638834307446327,-1.2206711660904273,-1.4523373622655495,-1.0305575525160913,0.9875837218226527,-1.186455546721965,-0.9238041813453078,-0.7223964922823519,-0.08834106607755204,-0.8858766912570313,-0.08132821608960177
4,0.936242396,0.9479562044143677,-2.1057153302906024,2.1571812859742816,-1.903480621813035,-2.0221034007830294,1.5815822032033457,0.4253035333878417,-0.2656850790288546,1.1075690800573477,-0.6583867087526901,0.6055797128219694,1.0003002170162598,0.2384967395242611,1.4773763086907472,0.7505088467802941,0.7031860578540355,-1.7082534105166265,-0.4739267068235026,1.4446819308887968,-1.8176856044283145,-1.010019833877427,-0.0016043704500620234,-0.7329097266029677,-1.0259031575179711,0.7200217147025925
4,0.970608817,0.9526880383491516,-2.2910416204421593,1.7291510407109518,-1.003903764404745,-2.558313826986676,1.4310544062125707,1.5423479860283926,-0.3494176304294953,0.6233810989246575,-0.6539005610048438,-0.3564486153305508,1.1450406607719588,0.10740982275722918,1.6563467524623208,0.739070587808015,0.3847050910086843,-1.7078225331907178,-0.6012279586734617,0.6651796628824185,-1.698758202251756,-0.9768599675189197,1.2181976818815057,-0.6800762298385894,-0.9929557536918676,0.3400524828916365
4,0.986577181,0.9540755152702332,-5.281226979443369,2.8590682580438784,-2.423199588608599,-2.493534156992411,2.5608178204074337,-0.6941574023267191,-0.37169014473420703,2.153639171868292,-0.6686218138388259,-0.5464695337730779,1.064670973157987,-0.24352169852318642,1.7322431631185087,0.6380625469685935,-0.21125487877822555,-2.0241488354161654,0.48620235508938253,1.1560120808643062,-1.6713134171340884,-0.8972762882585018,-0.2788321096163274,-0.7646098246615948,-0.7293765230830396,0.6039479236835541
4,0.973711663,0.9466678500175476,-0.9647305822019886,0.657168011614081,-0.19593174769485522,-1.160390290366904,0.52679654649896,-0.5548481461261722,0.4479813775671099,1.0450644299581993,-0.18652489668903632,-0.568428248464017,0.2003360342796288,0.4257128933412754,0.5959311457201893,0.06889342063360905,-0.4277990474996753,-1.1299199280146088,-1.6032283395145515,0.26887601937841327,0.647770925308803,0.7408211098517654,-0.08477269219994159,0.8415284769755075,0.3331772503087986,1.0330573309978714
4,0.929184707,0.9222769141197205,-0.2734072484178066,-0.6252990535541333,0.654265701090427,0.043037146951790346,-0.8604992836954642,3.8510195863104415,-0.3028077846706138,0.12824843067334107,-0.6340557715816378,0.3463109466531936,1.0218879706003765,0.15437230900110163,1.9942288648404656,1.0862115729172825,1.2101700492720553,-0.7592663397799765,0.6180143142819069,0.8730701610726416,-0.6924494146039528,-0.7513728762810691,-0.029327144366688585,-0.7963099227202219,-0.5399289510829443,-0.17157406503520073
4,0.969113037,0.9478906393051147,-0.8750397111647907,0.20393278457438982,-0.39169427862549605,-0.2230234992383446,-0.06813346916288042,-0.4209356513105137,0.35263856516236974,0.12422511253326968,-0.29417955899909254,0.19469703139050068,0.8177821640255332,0.15555278118303947,0.5974953963578268,0.7430550510455621,0.31396452040821343,-0.03629163549958905,-0.23666721609515035,-0.11080182630968939,-0.5140583113391151,-0.5325177583149201,0.8855243948819871,-1.081610805247865,-0.1363232542131764,0.3602767851542136
4,0.969516779,0.9677560925483704,-0.6801728426456914,-0.17104079928114957,0.24534825517461983,-0.32795960877169517,-0.3616960095958401,-0.06729123565973508,-0.12117279809666055,0.633890576935155,-0.5707472038646932,0.30692684554728744,0.2571980195973402,-0.19560565873181732,-0.601477025438202,-0.11068894988365835,-0.3774424898336541,-0.4606465735295828,1.2047213487420667,-0.8873210845896162,0.05313391442601023,-0.061647656024114574,-0.8610103618654846,-0.5004423408397031,-0.02100734082181408,0.5184566618594836
4,0.98312669,0.9555201530456543,0.638343756814864,0.0705184015755339,-0.3231596556225677,0.06296920062956697,-0.37384755488587945,-0.4349928345881906,0.18590336776341124,0.003593847509011682,-0.6051775760671314,1.6475012406833982,0.7396282396530353,0.45616184142256777,-0.4862488027449103,0.6666964159707303,0.23716397323489322,-0.5883794749773014,0.8580620311995046,0.22982571023213982,-0.20301741333888484,-0.36008645325068145,-0.029327144366688585,-1.0182106091306107,-0.29282342238716796,0.2949125335353795
4,0.934064479,0.936874270439148,-0.7113915455569912,0.24549359831553325,-0.6266231842930547,0.055532755937406635,-0.3639336382896363,-0.7351533530014336,-0.3329730954446296,0.11773828032554065,-0.6435954274578253,0.557477807965867,0.5732070556141697,0.3675809944549994,-0.5088756250949636,0.33902201179513436,-0.4194887323695067,-0.1570853193463519,0.9954367945972833,0.3760785275650772,-0.4042791708684457,-0.40651026615259184,-0.4174459791994601,-0.912543615601854,-0.4246130376915821,0.49075393831131975
4,0.984024937,0.9564784169197083,-0.8242669674973542,-0.28267879023443654,0.07458873543375308,0.24561517903436683,-0.49550001094767004,-0.7569724108278669,-0.23296376413085326,0.11204566502791583,-0.4991916295373629,-0.1751049563029722,0.3220852277554999,0.08939049735995838,-1.2217627812735186,-0.6603225119417632,-1.0801870352385299,-0.19231143104421414,1.4355773654449204,-0.57427880409443,0.21780262513201476,0.15720746194203453,-0.8332875879488582,-0.5849759356627084,0.47320371656973875,0.2097816726303875
4,0.964861508,0.9510664343833923,0.052308285331349166,-0.45279629400511007,0.06257622328545069,0.6748689145998796,-0.7861254299581482,-0.7276415303610644,-0.058089758646955626,-0.30944155962153597,-0.26207392230495463,0.6031714401886848,0.6571474009902849,0.29227328915872686,-0.7533659812675931,0.07782392117122248,-0.38263980596069175,0.05547241869971386,0.40223414341323144,0.03771436826827664,0.3961937283968522,0.5219659918856163,-0.08477269219994159,-1.303511491658254,-0.20221806186538333,0.4597111975692792
4,0.951499364,0.9420967102050781,-0.21430739248308994,-0.2713485662357681,-0.25899802443007325,0.7468900390362224,-0.7983055327667689,-0.5978914277947988,-0.322424453958745,-0.9955407170345569,-0.6538579512892488,1.6846864931230598,1.0119613849594,0.5211869182667546,-0.004672341282552696,0.745445764634888,0.5691477651535075,0.017036368593462938,0.7094704437847529,1.3713568859487653,-0.47746526451555843,-0.17439120164303978,-0.5837826226992192,-1.3986117858341351,-0.836455585517876,0.4029468180606929
4,0.977518004,0.9710996150970459,-0.4226827793769352,-0.4409420504047137,0.17415486549512166,0.3876799056283449,-0.6391798741664653,-0.6961251899848286,-0.32593227245358886,0.5610762973946981,0.38232421620604745,0.36279792584630116,0.5149677161371359,0.3003090994199712,-1.1848594146217097,-0.5929318246483277,-0.5714027783353541,0.24507287991583132,0.5384121246210088,-0.6099802366818557,0.08057869954367765,0.15720746194203453,-0.5283370748659663,-0.954810413013357,-0.05395474464791762,0.7059152822322099
4,0.962189055,0.9550259113311768,-0.16637074062724008,-0.20117346025726704,-0.00840517801997546,0.17046392944276034,-0.5021807864180154,1.3378932936832886,-0.16313130000500745,0.33460712006083293,-0.37100086100761437,0.5930837620555348,0.37399804216021826,0.43683408124995793,-0.7131417201458401,0.2621047925336753,-0.05399110047615679,-0.5137616998669776,0.8893449397366946,-0.1429806415560483,-0.29907416125072067,-0.32029461362047246,-0.08477269219994159,-0.8702768181903515,-0.24340231664801273,0.5325097137154535
4,0.954388108,0.9587726593017578,-0.6136770879362154,0.8535235974845026,-0.38112958723921836,-1.546508017934054,0.5707994251580965,0.032036200403082214,-0.32961454385545225,0.8363822333581001,-0.6594380348333244,-0.1351769481515269,0.5619602621822888,0.2690406559158493,1.3799724235628228,0.8109048634337652,-0.24553291179911538,-1.0312648040754484,0.06726043119398765,0.11903056992696541,-0.20759154419182946,-0.8110606357263824,0.4419600122159626,-0.2468415563706871,-0.8941135422135571,0.3372416599138296
4,0.931836379,0.9369798302650452,-0.666772389600497,0.561645020832591,-0.28253123495295906,-0.9725631592062983,0.22709333057548675,-0.35302362486805877,-0.3279823819018552,-0.30363535995545676,-0.6395169075409212,0.36822901475683584,0.617168242601532,-0.4207179918868301,1.0280020421668203,0.8420904224365777,-0.2769588118547793,-1.1510613953948903,0.6823455169439423,0.3799965789264734,-0.36768612404488904,-0.7049490633791587,0.22017782088295035,-0.4793089421339518,-0.6717185663873585,-0.20473652642540224
4,0.922765855,0.8924708366394043,-0.3044212394557624,-0.40177616272516675,-0.37432763413506553,1.0220486325973623,-1.184297036069198,-0.5047622125123093,-0.15046321551026193,-0.4077290870755952,-0.5650516525016175,1.0646482021389594,1.0730134351600287,0.419062005211847,-0.009811751797353685,1.1083656700327227,1.470002582973934,-0.7108996683147186,1.0612837102019006,0.5748592762404959,-0.8479698636040678,-0.7314769564659647,3.4082968212950018,-1.2506779948938755,-0.8199818836048242,-0.6651185840030394
4,0.859322034,0.9135249257087708,-0.41251235947941606,0.9334761800340836,-0.5922589689151553,-1.3142550402104825,0.6319330528975886,0.059465400596660715,-0.11682995151820519,0.6840552645390734,-0.6536788260250721,-0.23176711745279857,0.39509621939381673,0.25258876337911057,0.709350231272332,0.7523442551225481,0.9887359630605624,-1.0422260387428746,-0.007376591329309387,-0.3573271265902987,-0.48203939536850304,-0.7513728762810691,0.8300788470487342,-0.12004116413617875,-0.17750750899580578,0.15138910261035757
4,0.969924812,0.9764057397842407,-1.8649900966514776,1.5395935851532827,-0.9038606214599956,-1.8860324697060806,1.543129896735108,1.7929639653536682,-0.33053007633982245,0.1867555515704015,-0.6636720090721416,-0.6058075346867303,0.76066425181536,-0.13642842817234044,1.950064079795519,0.8502042808691722,-1.133449196539512,-1.4704302844754178,0.4527518110247302,-0.5600798616492006,-0.5918185358391724,-0.857484448628293,-0.08477269219994159,0.5033940976834856,-0.9105872441266087,0.9650188479734115
4,0.989392734,0.9811578392982483,-1.4396770350823818,0.19722168097307752,0.5194967208886594,-1.0411638697464587,0.6287479188816962,-0.5902035941974153,-0.3527348762396076,-0.3211792353417333,-0.6646371431662654,-0.7778407256104486,-0.8803592472017351,-0.20915211410656812,0.5214846639129416,-0.699188062018874,-0.8002864081571794,0.822042639560091,0.43720475986713747,-1.252793552988704,0.679789841279415,0.36943060663648203,-0.9164559096987377,0.4505606009191073,-0.24340231664801273,0.7861930373817149
4,0.850960957,0.9017598628997803,-2.123679132425281,0.7596170092881798,-1.0164037106617367,-0.3845196946809722,0.10949769132628061,4.33048843296616,-0.32367278041959374,-1.0417943816046675,-0.6573389754047675,-0.12165011252707059,0.8579570604507966,0.4025259581522945,1.665175629060068,0.7591626053851768,-0.015262054049238508,-2.4091083083948552,0.3054364563539076,0.9913315586962249,-0.898285302986458,-0.9171722080736062,-0.22338656178307428,-0.3102417524879409,-1.0259031575179711,-0.6357489101223045
4,0.972966449,0.9343056082725525,-2.4443109157442584,0.08228714212517231,0.6859854891740187,-1.2552320624486475,0.30999371977269524,-0.6936579600134571,-0.3640110815771752,-0.8098724674710288,-0.6490129586970607,-0.9465530523054099,0.3467721958475609,-0.4389986946036043,1.0971975161671987,0.3909868597643335,-0.46872215666975964,-0.4882560819438955,-0.6054942921520649,-0.45759578172518145,-0.10696066542704935,-0.30039869380536804,-0.777842040115605,1.221929653679031,0.08607172161302225,-0.5057716278229201
4,0.982046679,0.964290201663971,-0.3182746579876537,1.4745617242539155,-0.9025234227854428,-1.8334810134407689,1.4945482615618613,0.025230970930424597,-0.37169014473420703,0.25308572519395167,-0.6524356094484067,-0.8388447116603843,0.5542825384246219,-0.5910363578493713,1.8150825276670894,0.5795443583465114,-1.3199317895168143,-1.6054904861263284,0.5621749030606091,0.15513453140962616,-0.31737068466249885,-0.6651572237489498,-0.05704991828331502,-0.014374170607422042,-0.48227099438726323,0.636922195511847
4,0.937741313,0.927901566028595,-1.406084423501847,0.9967521475043053,-1.051581306054606,-0.8499390370082183,0.6386165382642026,-0.4453361375300475,-0.32569361246530737,0.5809551854580354,-0.6559200445398056,-0.0089641700746456,0.43471342850120837,0.2889290072550477,0.5770124472282414,0.8080982501695975,-0.8958317511558809,-1.0515140476149023,-0.18068530093930757,0.3568348183509199,-0.6650046294862854,-0.7248449831942632,0.6914649774656015,-0.6061093343684597,-0.2516391676045386,-0.10677331906902983
4,0.936218953,0.9294216632843018,-0.1039487562608625,0.17778057622445217,-0.04705551680169319,-0.47106281716717663,0.03280518259438511,0.06668330532100135,-0.2827742466367789,0.1656147750489887,-0.6241475906870063,-0.21369589149901097,0.30621090674003376,0.22190123841526382,0.708122751541016,0.7511453209171269,-0.3413676017122687,-0.62694189744691875,0.24781606258664485,0.36336342700338753,0.030263260161287435,-0.37998237306578586,0.27562336871620347,0.01732592745120467,-0.27634972047411627,1.0162159130422398e-4
4,0.758648217,0.9104400277137756,-1.8116775197404302,0.4886590586139233,-0.35106475080267346,-0.6422642594045729,0.47201840759640407,-0.5174978379851248,-0.33567798614103084,0.13365636653551313,-0.6553634081729933,-0.6015932052922341,0.6955855200373341,0.3110780299606246,0.8235565576119168,0.7558345292645847,-0.19988284175109686,-0.8253325093984097,0.5037905187678456,0.009684188737010742,-0.37683438575077827,-0.598837491031935,-0.6669509444490989,-0.4053420466638222,-0.5069815472568409,-0.001618496749068069
4,0.796213516,0.8516391515731812,-4.5055087207678985,1.7367445248210551,-2.282015760352516,-0.995547138394304,0.3106372497233777,2.9445827879602575,-0.22116594801715028,0.6641700483779328,-0.6598787234445297,-0.1622357873220001,1.1135658318376582,-1.9480245564459133,1.9052947460396379,0.5215795749406058,0.46388532119046866,-3.830700974385695,0.3606474439326468,0.5339483779767066,-1.3328277340161911,-1.0431797002359344,-0.08477269219994159,-0.828010020778849,-1.2400612823876438,-0.7657153821930963
4,0.868150794,0.913241446018219,-0.8221221795412479,0.3884133355894901,-0.486873527348001,-0.26648909561526035,0.0067938072050194726,5.384428724879253,-0.3229962306112568,-0.42178067627226656,-0.6522921275764016,0.5636743336488694,0.8396125629982409,0.5407774464380797,1.8531310374497965,0.9498011543918184,1.4879891983826545,-1.050419481721886,0.2018007762976542,0.8986293605901322,-0.6787270220451193,-0.7712687960961736,0.33106891654945636,-0.5849759356627084,-0.9600083498657642,-0.6814431739837674
4,0.962320715,0.9495157599449158,-1.431865732259737,1.5788442987010602,-0.9451496629711911,-1.919620591976518,1.6894391577677883,-0.5063579908248095,-0.3044086454358762,1.0933452783099737,-0.6624309161773957,-0.44319218049104664,0.706798417009955,0.20770667626377554,0.8215743852770512,0.709471920688554,0.08858182379883804,-1.2292166783979759,-0.1936880790744414,-0.059432468367059454,0.419064382661575,-0.2805027739902636,-0.25110933569970084,-0.4370421447224489,-0.4575604415176855,-0.2710457653794539
4,0.925347005,0.950493574142456,-0.6821452516366607,0.30536691039442787,-0.025333851345632593,-0.5778188268206316,0.38106099585497893,-0.578178887176444,0.29845305496207875,-0.14828052009186887,-0.6531755579477814,0.6587130732122849,0.5637996550533731,-0.061271123994723814,0.5922567523367646,0.29345647353477866,-0.4113433740263433,0.0056972225185656904,-0.6133790765528367,-0.5267032461952716,0.0028184750436203374,-0.27387080071856207,-0.0016043704500620234,-0.42647544536957344,-0.2516391676045386,0.5091355626978541
4,0.935843137,0.9340475797653198,-0.528024281525308,0.8761914302740579,-0.694912373571445,-1.1268312478568088,0.5450491790547416,-0.11935349560830953,-0.34674464881941797,-0.384835493957522,-0.6620220741398961,0.13962706941541211,0.7607022300810682,0.19747150180752943,1.3567114831679468,0.8345540704160889,-0.17693692987514278,-1.0258179995971142,-0.4151516072616855,0.3147849527370309,-0.006329786662268912,-0.7049490633791587,1.3845343253812648,-0.6061093343684597,-0.7129028211699878,0.6450964128269376
4,0.949334244,0.9539350271224976,-1.37619534540647,1.6371014358682237,-1.0360892677472362,-1.8145216064790364,1.7626522889493936,-0.45010089093964745,-0.33263488453808127,0.4704146966946014,-0.6472789556104862,-0.08256412675603637,0.42660852741886945,-0.24371086105486936,0.7436014371837666,0.4781483949101347,-0.10822827066346087,-1.2607703695877284,-0.007544529635783264,0.10187987271081592,-0.2624811144271643,-0.598837491031935,0.053841177383190976,-0.16230796154768165,-0.30929712430021983,0.13083794221061823
4,0.948242188,0.9398630261421204,-0.6041083080123779,2.257535941981143,-1.2214189261187138,-2.4625275714638857,2.791624126631286,-0.03464897065284432,-0.33278690429422886,1.2127910242666355,-0.6656870105040761,-0.6647860991965915,0.7975562287235783,0.06132592742496408,0.8931469333237114,0.5264776622055115,0.5913145870034756,-1.5426621725443699,-1.3037994163761644,-0.21892282939013394,-0.1664243665153285,-0.5524136781300245,-0.16794101394982128,-0.2468415563706871,-0.48227099438726323,-0.1881592125983025
4,0.932421993,0.9199467897415161,0.6704423157735813,1.1472030184747102,-1.2504391716555678,-0.941006631850012,0.5225748268654051,-0.381093254451065,-0.29160679988067195,0.1450089167354212,-0.653033594592796,1.720213648399636,0.832828093958191,0.4674697623631171,0.7762968600121231,0.8409039006724068,1.108894148130355,-1.3184698377635808,-0.21230042112699804,0.1895923090926627,-0.9577490040747372,-0.8641164218999944,3.74097010829452,-1.145011001365119,-0.7623239269091431,-0.36682581354498084
4,0.88952893,0.9010641574859619,-0.31699616711746487,-0.24751669754603658,-0.5486625315331688,0.8647009560315242,-0.9696727328251922,2.233231036993027,-0.1654128097611547,-0.35631914951477267,-0.605055202089585,1.3984745650122752,1.1361150384354128,0.365858824237511,1.4344648011430707,1.0686846932366434,1.7227751419998734,-0.5740491938526898,0.7726152670517991,1.5374539930131363,-1.1910296775749099,-0.8773803684433973,2.992455212545604,-1.303511491658254,-0.8776398403005053,-0.21205729172969004
4,0.967523364,0.9389563202857971,-0.7349660689893347,1.1400020346115027,-0.6627665622543982,-1.4758528856005284,1.0381054602583935,0.915021041436149,-0.3642642374234099,2.2999869397671624,-0.6510637476223583,-0.48907976881478377,0.6439969353998678,-0.983391621838062,2.159750840878651,0.9794216509311379,-0.9936975640315342,-1.3215592686601658,-0.44307522212851125,-0.24590412938430276,-0.8388216018981789,-0.6916851168357557,-0.8332875879488582,0.4505606009191073,-0.4575604415176855,0.021498285785364987
4,0.882380579,0.8829547166824341,-2.7239927389621283,1.9732951552737465,-2.4233430873194126,-0.5687279156060235,1.3396468816062879,1.7191246901997583,-0.2645423308551802,-0.22808837652898745,-0.6355296787190946,0.15583758790369107,1.1138857814222365,0.35781339650800403,1.1982467571744437,0.7658321936399427,0.565737675619338,-3.4872524067349144,-0.03947450270711831,0.7810620068320248,-1.2047520701337435,-1.089603513137845,1.1627521340482523,-0.912543615601854,-1.1906401766484886,-0.26559078665469205
4,0.877844266,0.8985855579376221,-2.010775549564865,1.251995657309516,-2.021751257000466,0.08540471662169366,0.12606182916155945,5.827130939541511,-0.1900764353838888,-1.1035880922652714,-0.6452534632511762,0.5380359240400397,1.0905511332724482,0.586252683368655,2.0373010226837165,1.0575708580325416,1.8505679767793,-3.179688197421097,1.097799027637212,1.6049031063132675,-0.9851937891924045,-0.8110606357263824,-0.19566378786644772,-0.785743223367346,-1.0259031575179711,-0.4681529808708152
4,0.989200864,0.9763206243515015,-1.8004088375064822,0.29568011206643713,0.5206225302173001,-1.217761202051922,0.7454203274540254,-0.2663460255971812,-0.2805238359127124,-0.058291585475212605,-0.6686218138388259,-0.7114181089219682,-0.603693601805009,-0.2948164822543385,0.5252975250621024,-0.6819384991463038,-0.43197760422894804,0.04711990739400622,-0.6804016215153165,-1.1300323610319987,0.9450894307501994,0.5219659918856163,-0.777842040115605,0.3765937054489777,0.5390985242219455,0.6550193522491331
4,0.876355697,0.8999781012535095,-0.21144738623940354,-0.39264135864262406,-0.2691632945610746,0.7881407860569013,-0.9512207483699316,2.959269865803489,-0.18952561009119967,-0.6159173263250848,-0.6326486137389492,1.4875776466749326,1.1503760507880207,0.5509873540961737,1.842991158710805,0.9915511754314383,1.824042377830561,-0.26129161174598325,0.8184827272530683,1.5607582394153774,-1.2367709861043554,-0.8972762882585018,2.632059151629459,-1.366911687775508,-0.8611661383874536,-0.6742058322438595
4,0.927821522,0.9169291257858276,-1.983199737310907,0.07317422680027195,0.24302668308098804,-0.37534294555537473,0.12048053425099661,-0.02821253341669572,-0.3133220065531134,-0.19176270316788632,-0.6078860203215578,-0.706426032638142,0.665362951802593,0.17644301803654572,1.26194336153316,1.0278867070633433,0.5034507110646226,-0.6170347144648234,-0.07470359750997606,-0.5996284115571808,-0.02005217922110246,-0.6717891970206513,1.5785937427976504,-0.37364194860519506,-0.3257708262132715,-0.2093943938920137
4,0.93570887,0.9272610545158386,-1.3965063649679867,1.0721917755310417,-0.5031256251715414,-1.4059228690134296,1.1499804295219822,-0.23714688368923104,-0.26210437470849474,0.12794601187673718,-0.6478881736756649,0.2090305160713113,0.536778756177831,-0.23979267432557624,1.0176772842138977,0.7251138746643279,0.6023914010980278,-0.7781401541244842,0.17122627617558686,-0.45095961925514944,-0.18472088992710667,-0.5192538117715171,0.2479005947995768,-0.6378094324270869,-0.44932359056115967,-0.04637559065696105
4,0.9405199,0.917680025100708,-0.9121986005292712,0.5762025478935575,-0.27384599092284867,-0.8484547543548594,0.5108549479831911,-0.4315430293191236,-0.2888221824419376,-0.22145199360124798,-0.6617422984758665,-0.05059345635604399,0.6913260870855498,0.39702516507943814,1.0166029930755809,0.6961931377756554,-0.2622362737892279,-0.7911632462891945,-0.4038967157149583,0.025467941280360805,-0.20759154419182946,-0.6253653841187409,0.8578016209653606,-0.7646098246615948,-0.30929712430021983,-0.809981305760077
4,0.966614502,0.9629725217819214,-0.7916422097598588,1.0084911299683093,-0.4088753362670294,-1.5770021362943663,1.3814886029029314,-0.5922734127302308,-0.3633540278577173,-0.06659597075707333,-0.6607174513723528,-0.47263418566500104,0.6225075591730831,-1.128714988684552,0.857910608747007,0.2557321047585904,0.17323520402496823,-0.9834475360159799,-1.3169486883912918,-0.49932850146676666,-0.2624811144271643,-0.6121014375753379,-0.9164559096987377,-0.1834413602534329,-0.48227099438726323,0.5854367400974511
4,0.89987471,0.8898264765739441,-0.5089586004281043,-0.5697181971942614,-0.393631906300362,1.5487547674036786,-1.258489279730683,1.1445756171918542,-0.1071602511231021,-1.0058855592185758,-0.5997874278709491,1.5664638580504349,1.1962467889858384,0.5931177025858727,1.0619575979693878,1.102063691358506,1.5003975721370246,-0.884451231930944,1.2158563549487764,1.9172412310455993,-1.4974964447221955,-0.9635960209755167,2.687504699462712,-1.4197451845398863,-0.9517714989092382,-0.46186695560147084
4,0.905279128,0.9119779467582703,-0.6414615537795979,-0.22504976321258063,-0.2353400995074344,0.4998145226741595,-0.6921859501368702,1.897896916839574,-0.2200664511184304,-0.8273473802596433,-0.6319359957510566,0.7387628408177458,0.9753603817693781,0.4074840880917362,1.7533721874149284,0.9501636766651104,1.1974743604811897,-0.5362157257007437,0.6847222489850412,1.1164019403086614,-0.6833011528980636,-0.6717891970206513,2.3825541863798203,-0.7329097266029677,-0.7211396721265136,-0.19293265629103706
4,0.989610039,0.9706499576568604,-2.0695570746760974,1.9364270150442229,-1.1497061860169209,-2.2600706007015052,2.0057824922298164,-0.6470775895222676,-0.3352034375949031,-0.5268114217903621,-0.6686218138388259,-0.6702799168704452,0.6544319312732547,-0.7692409170965107,0.8340970484464018,-0.8988648418436745,-1.2071692534888823,-1.1533087691291761,-0.35185830682795244,-0.6845040010928555,0.5242693922792997,-0.001959896578801054,-0.2788321096163274,0.1335596203328372,0.7285460962220408,0.7156109288299115
4,0.931679798,0.9496099352836609,-0.7158343336705784,0.21530238148302505,-0.06486847922670833,-0.6201699450457239,-0.14293751038263702,0.4915157195856201,-0.300311748222269,0.17251880178870133,-0.647160836029037,0.29588906138083293,0.7310186877833692,-0.08747319245145532,1.598541828832794,0.8760263491493575,0.23543806324276798,-0.7507581528824228,0.6419385614176867,0.3340802914606725,-0.06579348775054805,-0.40651026615259184,0.2479005947995768,-0.7646098246615948,-0.3751919319524267,0.5179274185803504
4,1,0.9677324891090393,-2.9706391683810804,0.17939752756097757,-0.09745526384187575,-0.29561757621156953,0.07406298864054767,-0.6829308140636908,-0.354428946124235,-1.238595214398076,-0.6686218138388259,-0.9474339816641524,0.5537372776522139,-4.188951176710772,0.8200005722594572,-2.954002733810255,-1.439062624293558,-0.7258989677779188,-3.5938209345872956,-1.1026732437812592,1.0182755243973127,0.4954380987988104,-0.9719014575319909,-0.07777436672467622,0.5555722261349975,0.7346732541763712
4,0.9462679,0.9356905221939087,-1.4657589504868107,0.44051612119182115,-0.49745290075132514,-0.525476009510143,-0.0914628129884585,-0.2954918497849162,-0.16074995856684082,-0.7770594702212054,-0.6237923583197938,0.1587085660669521,0.546500304896766,-0.5178098927912256,0.996537868124341,0.6569823801499056,0.6725278139715507,-1.3623178630742878,1.0306282314380113,0.06085038946868675,-0.3997050400155011,-0.6253653841187409,0.6360194296323484,0.01732592745120467,0.03665061587386715,0.36799059466997275
4,0.847567902,0.8606231808662415,0.8953909797954497,1.2387264641691897,-1.8552758747801794,-0.22563169398135546,0.36371900764457515,-0.347283322062079,-0.12348599461489321,-0.18113351956414744,-0.603513014578443,3.853470496886441,1.2338925481100167,0.6142129624161091,0.5571720892274585,1.0816201952254392,2.567159070396312,-1.087064987972085,-0.1798438542761267,1.730342112548294,-1.4563292670456942,-0.9635960209755167,2.798395795129218,-1.842413158654913,-1.0011926046483937,-0.3916625181675274
4,0.965568544,0.9687336087226868,-0.45141058863294325,0.07157963708160274,0.48893796359101466,-0.75784340669935,0.39245059229835805,-0.1930783539279641,-0.30410719870061037,-0.6641854538334347,-0.6565880802035289,0.21840464865508605,0.281336672570013,-0.035821996069818514,0.8040029941006092,0.06472131831175765,-0.8314276977356021,-0.03616835211381808,0.46260512432785106,-0.311530343366235,0.08057869954367765,-0.326926586892174,0.08156395129981767,-0.2045747589591842,-0.3751919319524267,0.627453694549442
4,0.92012322,0.922681987285614,-0.043019747655720676,0.27358636076450593,-0.49977171078904264,-0.13830986266956286,-0.1583081913927768,1.6247458070584468,-0.29497881780777535,-0.07319075558480355,-0.6546537399169582,1.091951831244267,0.9558786958432842,0.20191914524430205,2.1195170123501947,0.9711328012375189,1.3540038878365226,-0.7367275282872872,0.29421797292029084,0.9064982552768577,-0.637559844368618,-0.8840123417150988,1.7726531602140365,-1.0287773084834866,-0.8529292874309277,-0.3368414285263693
4,0.902942051,0.9139670729637146,0.38418741008122836,0.25975352700682003,-0.9149230120133953,0.4788773802975947,-0.4464110176082736,-0.3997846977099174,-0.15936396719070922,-0.7560857806020987,-0.6544260676074648,3.8948032175032345,1.202608226117432,0.4867852141869703,1.5610077593077667,1.1045699854453588,2.052712546912359,-0.49291759681721187,0.5027350763609385,1.3987638048961997,-1.2459192478102445,-0.9238041813453078,2.29938586462994,-1.7050460670675294,-0.9435346479527124,-1.0461414451288575
4,0.956164895,0.9679637551307678,-1.3918323362836462,1.6715148711647647,-0.7725035005436879,-2.2544693246687575,1.7870384935769907,-0.49515361081909326,-0.3240908859232753,1.7813364242943175,-0.6568497543537052,-0.5626041725603669,0.8438751343912755,-0.20812860101729147,1.024071676795723,0.38294942127591136,-0.36848428692797913,-1.0465961055423139,0.06039716409072102,0.1473310128972382,-0.1435537122506057,-0.4728299988696067,-0.44516875311608667,0.8309617776226316,-0.29282342238716796,0.3695355251605845
4,0.923523325,0.9256564974784851,-0.15641921465370842,0.9521449551912916,-1.0132392500064153,-0.7697453036893016,0.4659276793467146,-0.5183634497943104,-0.23231400661649224,-0.478675608046768,-0.659696969137508,0.9224628022492567,0.708698894664395,0.464551510846206,0.930413926777944,0.7890343150919299,-0.0718074047391948,-1.1005479499241477,-0.3994554389879961,1.0501294841579476,-1.4929223138692507,-0.9503320744321136,1.9944353515470485,-1.2929447923053783,-0.6470080135177808,0.20604605994567352
4,0.657824185,0.7942522168159485,0.11376484048416594,-0.5023345718627481,0.17219949539864116,0.7901048328039707,-0.5301657584374545,-0.38867813876697094,-0.30669878438973286,-0.343858574509774,-0.611814432416359,-0.48758991643803357,0.5693313944065937,0.051374012541794314,0.26981827969611877,0.7301085053393785,-0.6703628890870885,0.10223133340383789,1.0304472737781576,-0.07767249270981744,-0.11153479627999364,-0.7049490633791587,-0.16794101394982128,-0.6906429291914652,-0.5234552491698926,-1.3076506056419888
4,0.963613274,0.942937970161438,-0.2826179620400642,-0.4628284349898535,0.22236596642200243,0.6510893568618286,-0.4608860877092656,-0.7060537901980652,-0.06991000187701554,-0.876107451800854,-0.6546493754990751,-0.5844383008532777,0.46901520165322347,0.4134220269319299,-0.06360817380477994,0.3275925468312399,-1.140286872815047,0.7980337457760197,1.3433212524358633,-0.371118835350222,0.5883072242205238,-0.10143949565432346,-0.08477269219994159,-0.5110090401925789,-0.3669550809959009,0.5189723964414664
4,0.956558274,0.8915988802909851,0.5804948877829695,-0.532151052814144,0.013109713170940927,0.719531587370479,-0.8688113890570703,-0.6190562667032316,-0.14390528473521494,-0.17929337115422256,-0.6438643495222832,0.09533077044386165,0.9421941432369407,0.3763527219941437,0.13663209092062464,0.7906260164638452,0.45688979480121195,0.7297890478362554,1.0324488674753085,0.14162790277615803,-0.033774571779936334,-0.6253653841187409,0.5528511078824688,-1.366911687775508,-0.47403414343073735,-0.08600440043370812
4,0.96878606,0.9485052227973938,0.3165740908173936,-1.0434652100173478,0.5559103887469149,1.3878301018142862,-1.0333300777050831,-0.6508958155475217,-0.3157897195286914,-1.0835350873112333,-0.6552667394738859,-0.47765451249811586,-0.22463585565183075,0.42421126809109977,-0.6944128833790005,0.47882959615896925,-0.574304180738404,1.1370805624093436,0.46741603138201354,-0.22588533036644914,1.2424079361915956,0.4158544195383924,-0.4174459791994601,-0.6061093343684597,-0.11984955230012455,0.2161694710503137
4,0.972506473,0.9448439478874207,-0.12299092928844438,-0.8958966526382033,0.32553320438130706,1.3725440187413578,-0.9568054736530811,-0.6974320837158776,-0.21501206375496026,-1.0213485709696086,-0.6602831939417307,-0.5873592729123968,0.46350021646593564,0.5111484629243964,-0.40330391321409015,0.4671067320230695,-0.791475118385837,1.1906012958058443,0.8458847922546612,-0.4624448961495363,0.6706415795735258,-0.20755106800154724,-0.3342776574495804,-0.5744092363098326,-0.14456010516970225,0.16118508317541363
4,0.948398552,0.897998571395874,0.5515039859102738,-0.028934515842698207,-0.6550645914826986,0.8306381955912353,-0.5526991856613098,-0.4596025868621752,-0.12955140431117904,-0.6528561399062546,-0.4659893507094136,1.5808019081749043,1.0904799399266878,0.5693440415142904,0.17914391883429212,0.7324556981496,0.9846871254549658,0.6135671886925578,0.8473776139286195,0.5375721142915519,-0.11153479627999364,-0.49935789195641267,1.7449303862974095,-1.6627792696560268,-0.6387711625612549,-1.563010675899411
4,0.857264231,0.8857997059822083,0.17419949558375064,-0.37074886482028696,0.33247757701324493,0.3866674690615726,-0.18527843148845718,-0.5324269545033914,-0.31252988974717455,0.097564537260259307,-0.6374110916147009,-0.7213536293850847,0.7576709454143611,0.22416672186681527,-0.22477087430668735,0.3752463780400148,-0.8218291858150938,0.3964544096999184,0.5421555003456761,-0.6634455151718849,0.40076785924979713,-0.6253653841187409,-0.16794101394982128,-0.828010020778849,-0.4987446963003149,-0.7418086025448976
4,0.962030699,0.9177680015563965,0.4082773907773936,-0.7814944405535466,0.19203672548194853,1.238792232520242,-1.0224650790556167,-0.6777092240007759,-0.2728667822200753,-0.5201753750312739,-0.6490556249111415,0.38762459100996455,0.7648524924995149,0.407847367011373,-0.26793282743688224,0.4501109036215844,0.10846079833620094,1.0064626143006026,1.062980673511631,0.43516617175636113,0.14919066233784606,-0.1942871214581443,0.6360194296323484,-1.0287773084834866,-0.30106027334369395,-1.105353695416808
4,0.849835418,0.8381270170211792,0.050196026691975204,-0.20165517054548118,-0.022319809691424813,0.48427607310573023,-0.32058979327595194,-0.17756390437036298,-0.24274393156433122,0.2993180929258625,-0.6454206975074114,-0.4908384337373237,0.6538386117041575,0.4148354194506228,0.15556476778937092,0.41501038924159633,0.19861130130804733,0.6424658639153283,0.321064092167076,-0.7940452661231823,0.7301052806618049,-0.5258857850432186,0.27562336871620347,-1.176711099423746,-0.7293765230830396,-1.1925321869735341
4,0.850808314,0.8912652730941772,0.2855635132242906,0.02593222235310237,-0.5826488860078586,0.5898200761798006,-0.4041723050584771,-0.40942447958156775,-0.24849848195230725,-1.0039515846603375,-0.6335505254863433,0.7909447995897979,0.9825154822850143,0.4652209972213773,0.14997197539917415,0.4950925671411537,0.15812599929609064,0.41057562405409176,0.7869596462589089,-0.09123898193723542,-0.22131393675066333,-0.6585252504772483,1.495425421047771,-1.6416458709502755,-0.8858766912570313,-0.6848116968182482
4,0.917514843,0.8876311779022217,0.2516971216937808,-0.37509959034445967,0.08308271932881069,0.4263080232618069,-0.7218847326291726,-0.704272604714242,-0.17299692824053428,0.1639501417697062,-0.6536466002203057,-0.47910276668144663,0.7107828940455544,0.5375894299629671,0.006153041417839448,0.6565766222718886,0.17767534155205117,0.684334212085086,0.18389066241835475,-0.42955824808673154,0.9450894307501994,-0.6518932772055468,0.5528511078824688,-1.049910707189238,-0.3916656338654786,-0.5515040300400252
4,0.92973349,0.897305965423584,0.3151616899637553,-0.1699754919232457,-0.11907654896040966,0.40923610188608467,-0.3856110093829205,-0.4108139099741933,-0.25937767352789226,0.39333564126239223,-0.6465599935638776,-0.36474275514870647,0.7401423240923516,0.42593798566205116,-0.07627040710538484,0.8085409228527204,0.23776806640288234,0.5536040537107215,0.6022912948439441,-1.0603972393714667,0.33215589645562876,-0.7381089297376662,1.079583812298373,-1.2612446942467512,-0.8611661383874536,-0.09009491897425125
4,0.796039378,0.8584945797920227,0.40234103767696544,-0.24702955228426116,-0.2386846508700141,0.7713137207924005,-0.498476884053774,-0.4192733323686082,-0.2309747790794797,-0.4431088631227606,-0.6407224788458165,0.44516098937937404,0.9866435298006925,0.3939241280490045,-0.06871752739127682,0.17282312675680594,0.36767030983740623,1.0157481370363501,0.9939753938828629,0.09505342271740166,0.05770804527895486,-0.41977421269599474,0.053841177383190976,-1.208411197482373,-0.46579729247421153,-0.4034310792496491
4,0.923616486,0.8448542356491089,-0.25938313732508117,-1.128204340506412,0.3500761083345692,1.5585436115159026,-1.4168328249490372,-0.6901917209920326,-0.21409362549279348,-1.6552534687219573,0.07901669355804149,-0.2961145514574934,0.4948240455149158,0.3782280512314677,-0.10969977614894127,0.47714431402186425,0.5431826607477946,1.9157577412246543,1.3068710473488356,-0.007961991450650966,0.6020296167793574,0.09088772922501966,0.1092867252164441,-0.6378094324270869,-0.03748104273486578,-0.24253451523341446
4,0.807181954,0.8132922053337097,0.5773069402430783,-0.3728324095126577,-0.35185091116451445,1.1534689200598778,-0.8638883947418832,-0.5833647014465339,-0.15094734718388506,-0.09470822200984776,-0.45865534379450074,1.2227035217360154,1.0886734279148422,0.40376332419352196,0.22521479791313845,0.8606712624942967,0.8824862079827519,0.08640484219095158,0.9384696812206067,0.07427071581582526,-0.5689478815744496,-0.7447409030093676,1.7449303862974095,-1.7367461651261564,-0.8858766912570313,-0.9438546696745204
4,0.925363489,0.9252256751060486,-0.4691725843860334,-0.8714661808642409,0.7060563076078964,0.7506847785840319,-0.8020514905785264,-0.4269696366124625,-0.24110231463728182,-0.5858569629599013,-0.6452074109145384,-0.7472739751120779,0.3018929851459214,0.17836149854174937,-0.26045796735325755,0.19339994983437808,-0.9438661755141962,1.0003814244836393,0.8782898882527518,-0.577487952616785,0.5974554859264131,-0.6452613039338453,0.4974055600492157,-0.7117763278972165,-0.5975869077786256,-0.16540896386603704
4,0.786560481,0.853965163230896,0.04336144995990526,-0.5098593423785498,-0.23825053959097267,1.2653731396164933,-0.9844361378003442,-0.5157116200618573,-0.10094163239479594,-0.4839338177162817,-0.6284188091785529,0.5765933313040429,0.938824291808222,0.42020117924783723,0.3259681048003368,0.8543190886024925,0.29481131307864655,0.16431055356229124,1.0027265239871506,0.6665953285153101,-0.3310930772213327,-0.7447409030093676,1.6063165167142768,-1.4091784851870106,-0.8858766912570313,-1.4936913197986623
4,0.917964683,0.8880688548088074,1.1245051234000407,0.45775872659515643,-1.388962802093875,0.7787256628225486,-0.49106134168625215,-0.3890108705582637,-0.17289389588349632,-0.9344927577387386,-0.5830085132511669,4.712157220394389,1.2579949003898387,0.5488547592583556,0.964091390394659,1.0219924587232763,2.174838516726215,-0.45396550052467355,0.6852094385752747,1.577435515981566,-1.6301462394575876,-1.010019833877427,0.8300788470487342,-2.233381034711313,-1.1247453689962816,-1.7087652824012844
4,0.956005986,0.8792014718055725,0.25360770263301535,-0.6917086919266772,0.38872119338293,0.80532972982321,-0.757592501623566,-0.27346683342159633,-0.3195685263381331,-0.2732940685753225,-0.6477369071838139,-0.4106448617921955,0.44677380272134104,0.38649427860689156,-0.004353908450309901,0.5284606409341099,-0.6672557395867952,0.42818368893770736,0.9290729011486073,0.10535928467217752,0.31385937304385025,-0.559045651401726,0.19245504696632365,-0.5849759356627084,-0.3834287829089527,-2.9872709513375804
4,0.910177039,0.9233065247535706,0.50675103510637165,-0.5910616857147213,0.49097706943322666,0.5889224400594895,-0.24386802616421874,-0.5854219702104048,-0.3354061323499333,-0.0807785955387929,-0.613707729948801,-0.42748902372450215,0.03810924490040869,0.19976061675251822,-0.43843974156580057,0.15641169874491506,-0.26632919939975475,1.064670408555345,-0.16137427436378907,-0.015263700620821736,0.8261620285736411,0.031199969779706377,-0.30655488353295396,-0.035507569313173684,0.5143879713523681,-0.3170556355819055
4,0.918459796,0.8267446756362915,-0.5512381108453545,-0.7617592576168268,0.1414792382443437,1.2682647654455281,-0.9817587992658954,-0.6367321919684754,0.3301261993702615,-0.4127742526328062,-0.639366030948728,0.06039845285515456,0.9924076065257439,0.42567529473712745,0.17022017596768374,0.6401314497565885,0.3426765497324532,1.4069509641460787,0.8844835712803859,-0.14122392920250473,0.2360991485437926,-0.4264061859676963,2.022158125463675,-1.3140781910111297,-0.7870344797787207,-2.050693090831444
4,0.726535233,0.8059808015823364,1.1334461410152745,0.19831440838556244,-0.5726101856323119,0.36854507164879563,-0.045582424595579124,-0.4921039668380969,-0.17017872729635447,-0.03794042848053279,-0.6538372908447676,-0.04832973781270475,0.8883215248271568,0.2863388052348347,0.026200397322709918,0.3763614692800323,-0.35750530271336245,-0.1445307447043104,0.27655947379340573,-0.3098085630218148,-0.2167398058977187,-0.7182130099225617,-0.029327144366688585,-1.3774783871283838,-0.8611661383874536,-1.9261497228477003
4,0.926742876,0.8906074166297913,0.8505557067252696,-0.7838420805938328,0.39551372752678954,0.8085775007922343,-1.0659433579090387,-0.6213114118453728,-0.2846046135074106,0.07223610969349949,-0.6555365949053528,-0.6948849936042046,0.7818293400557846,0.4974703889778911,-0.2266159732953092,0.5726426545546681,0.41623332220242887,0.8627798237611095,0.7289250215859376,-0.6502632780448233,0.9176446456325322,-0.804428662454681,0.2479005947995768,-0.828010020778849,-0.5481658020394703,-0.5275857859890362
4,0.971722884,0.9144472479820251,-0.03986336770802651,-1.0649026109112445,0.6710921247377614,1.189478306033046,-1.0471956595441503,-0.5810277026295282,-0.34598866351350027,-1.5183851248377689,-0.6619340483567829,-1.0377213709848971,0.27480966568190107,0.2970611362933807,-0.2696783380309366,0.30978174719764395,-0.2793539428999057,0.8398236708329957,1.1345993351343242,-0.9475484646352008,1.054868571220869,-0.7845327426395765,-0.11249546611656815,-0.6483761317799623,-0.4246130376915821,-0.1606128857461109
4,0.885724003,0.8866716027259827,0.6701119633933152,-0.3968288539887858,-0.12964043387297797,0.9205235882768179,-0.6168764207202156,-0.04114099835267084,0.10953115056866339,-1.110456756648753,0.3489019363909548,0.5946175678067198,0.7738963449097034,0.5153109199434109,-0.21623529982449505,0.37852222141733455,0.5141412089587698,1.4228728024238932,0.6522397703043328,-0.30001381151631706,0.309285242190906,-0.2672388274468606,1.2181976818815057,-1.440878583245638,-0.5399289510829443,-1.235700520719663
4,0.712088254,0.8182664513587952,-0.061404927366777905,-0.29884237241479705,0.021766206180212817,0.5422376889028162,-0.45376432565890656,-0.57160455017890055,-0.2877979300701007,-0.4938509776452214,-0.6373367008396021,-0.5399545170849657,0.588296340455103,0.2662896679218828,0.12468218128494775,0.6798155764847659,-0.4086045552921292,2.051937526683205,-0.23101680003332373,-0.6339408371502555,0.9313670381913658,-0.32029461362047246,0.33106891654945636,-0.7963099227202219,-0.30929712430021983,-0.6226580667372684
4,0.937449092,0.924999475479126,-0.2798411178784455,1.5676192072897746,-1.7839583067961693,-1.0185445797929387,0.8516023216907971,-0.09593755218947699,0.6335802185603048,0.09714693082932424,-0.6588287755963766,-0.0587913750831555,-0.15031285972637803,0.46282302057814145,-0.1086091852822709,0.16454204749924004,0.31008815321491584,-1.2260339963615043,-0.05390294566868136,-0.2047238869449046,-0.4408722176920021,-0.4860939454130096,0.5528511078824688,0.7781282808582533,-0.7458502249960912,0.06273767243332001
4,0.963449457,0.9445053935050964,-1.2641646562496132,1.2291223200551202,-1.1079957666540727,-1.2326081154707491,0.7905019515405292,-0.7120662287462151,-0.2023647537134648,0.8584019967022252,-0.657179824068363,-0.3547003295059559,-0.9404056453033639,0.09880095548203882,-0.8982909120884158,0.4902883203538218,-0.5682239101720191,-1.2635631534882312,-0.010513818102698254,-0.8604556117835933,-0.1435537122506057,-0.598837491031935,0.8578016209653606,0.6090610912122424,-0.7129028211699878,0.09618267165888911
4,0.937878788,0.9662716388702393,0.3873519646875344,-0.9475756183017453,0.5264595585053632,1.2385618483520522,-0.8472663562610587,-0.6097115673160403,-0.3221930971628936,-0.588918630036427,0.14593443465530684,-0.4517109687971981,-0.11242236040379895,0.1963365567767447,-0.699095488804007,-0.06523683464084086,-0.5760743441677924,0.49783866170245406,0.18097684476626857,-1.0121331531872195,0.940515299897255,0.9198843881877055,0.02611840346656454,0.6090610912122424,0.04488746683039285,0.36781285554084636
4,0.956408688,0.9508138298988342,0.06324740081916196,0.8050548068355415,-0.8602353071913318,-0.5192624386756498,0.3320445852865672,-0.3825737172154707,-0.34008029397227235,0.6941658451970512,-0.6681621566723747,-0.7181122867957764,0.004805220064224197,0.1810468699343101,-0.25571131665316904,0.26739475126855744,-0.5001278935790641,-0.5631972159957568,0.38566972071735317,-0.7094950958303933,-0.19386915163299592,-0.3667184265223829,-0.16794101394982128,1.1902295556204043,-0.8611661383874536,0.6246925724561962
4,0.908106017,0.9704440832138062,0.18110421725303336,-0.9750920721498693,1.2044415274634923,0.2772020489825484,-0.5336637031528504,-0.40790510179183426,-0.3256068518604786,-0.7191149903632599,-0.637508071055481,-0.6274651385726906,-1.3259335527749676,-0.3378668840022671,-0.8719453292845634,-1.0847720757133903,-0.42026619343461175,1.015372403334719,1.1169064289883082,-1.2406519220281582,1.0045531318384784,0.8734605752857951,-0.9996242314486173,1.0951292614445234,-0.46579729247421153,0.8163085025549038
4,0.934856656,0.929753303527832,-0.49665706667202025,1.4138420245013383,-1.4365022526023057,-1.079054331236617,0.879771517367351,-0.17965924046832135,-0.2381143443637715,1.4839080974998806,-0.6553847582896842,-0.4478575628014032,-0.5067853368560459,0.4861760765873854,-0.5080412897244708,-0.2532715395528185,0.5124760662398153,-1.0230938438063015,-0.09517874437058484,1.8727857245928267e-4,0.1125976155142897,-0.7845327426395765,-0.5283370748659663,1.042295764680145,-0.9352977969961864,0.3712063841839785
4,0.965999315,0.9426882266998291,0.9731471743531855,-1.024538883664063,0.8970347782210114,0.8092579405422171,-0.7889857181765779,-0.615760774359851,-0.3336108487205384,-0.4656231120825191,-0.5781225926749125,-0.2975367246004846,-0.373489599160288,0.06077524861765158,-0.8110653009949592,0.09792085574316393,-0.1764990339484461,0.46155888853049964,1.3713313806721863,-0.7153241450369968,1.2149631510739285,0.7607170296668699,-0.8055648140322316,1.12682935950315,0.3331772503087986,-0.2983549540854985
4,0.935723678,0.9003911018371582,-0.015181790964207457,1.1656192249814206,-1.7731375506836464,-0.23610808326919874,0.32782038610798575,-0.15678635473306626,0.40244919487870195,-0.5908342316849013,-0.6481362063866163,2.6131009149812137,0.375241249788263,0.4663245598165274,-0.07209711716995315,0.6891467549488285,1.0558558101469782,-1.406775475448859,0.17229675127236418,-0.6694326776829411,-1.4014396968103595,-0.8707483951716959,0.27562336871620347,-1.0182106091306107,-0.7376133740395654,0.41445619532625405
4,0.937070938,0.918674647808075,0.028540963219110437,1.622346696909485,-1.6943986088385612,-1.2044019468298657,1.0616690619923146,-0.5184597491304606,0.24413850602695694,2.046636494287621,-0.6617422138182948,-0.4316412459598639,-0.5116735221737962,0.18330113747426627,-0.7760394850021309,-0.07635571528135791,-0.44615559554364975,-1.7406443501577142,-1.1203323813318893,0.5509925812859905,-0.7976544242216775,-0.7911647159112781,1.6894848384641568,0.9260620717985125,-0.6058237587351514,0.027942179642621464
4,0.958238647,0.9455408453941345,1.1953010329917033,1.2296218180602405,-1.2590143273625982,-0.8448279793962132,0.7549931014053978,-0.6901709046670108,0.12769416616312948,0.8106484251862546,-0.4980006593946441,1.8491931431537763,0.8142717953855848,0.22123841389615584,0.26682227893575455,0.7698156734785337,1.0079040714048961,-0.9817678986059617,-0.21787886235695805,0.4162449732356982,-0.5460772273097269,-0.5258857850432186,0.27562336871620347,-0.7117763278972165,-0.3916656338654786,0.689042510629365
4,0.897369822,0.9050283432006836,0.31139833992115046,0.34602135034929765,-0.9544932715811797,0.46114839221242754,-0.31766356852340416,-0.4384209248183969,-0.13321160685631553,0.013892810060415029,-0.5807060810911938,0.37790433612197244,0.6463969039035307,0.25908298730689594,-0.42070284676999353,0.5513712960626723,0.795047711025964,-0.4201924700584364,0.07238468864187539,0.07913269992775249,-0.2350363293094969,-0.3667184265223829,1.550870968881024,-0.3525085498994438,-0.5152183982133668,-0.05151187206765529
4,0.95378114,0.9405756592750549,0.10827023726591434,1.3896958701466269,-1.442823598654115,-1.0854466966397347,0.7939056426134738,-0.6081378065974581,-0.1688189954300416,0.5901324658911086,-0.6422390326933555,-0.014783929470561535,-0.5980150769831108,-0.22043176907331977,-0.7990794124208714,0.28644549646529394,0.08375469969572949,-1.197465745941281,0.020850823660138282,-0.3968177629042059,-0.042922833485825256,-0.2539748809034576,0.4974055600492157,0.80982837891688,-0.7376133740395654,0.14642717497732358
4,0.919078167,0.9258463978767395,0.722913065392873,0.756317901526852,-1.3539068770121316,0.06738201363236886,-0.02372024089036744,-0.4428190155136217,0.2998704599590885,0.7184182818758849,-0.6430301403012937,1.2333056218374367,0.8116331371583749,0.48165695223928207,-0.10588220795431358,0.8565396147611354,1.2224436354480337,-1.1661458450257156,-0.11277944994452134,0.8877976799717106,-0.7656355082510659,-0.7314769564659647,1.9112670297971692,-0.42647544536957344,-0.6552448644743066,-0.3867914716847087
4,0.918454024,0.9364326000213623,-0.8255689528917525,1.2853504549122694,-1.29064084885942,-0.9701210507903344,0.9043594151281189,0.07517660582563343,-0.020967807637182905,1.167335989281952,-0.6628781001911335,-0.12350915453474004,0.37845413495107777,0.49556016207001435,-0.3162852004951397,0.10334194603247762,-0.23109160062964074,-1.2339428281414115,-0.6800280913920614,-0.06920791534119934,-0.710745938015731,-0.6717891970206513,-0.2788321096163274,-0.26797495507643837,-0.7623239269091431,0.12482529633789315
4,0.950850825,0.9586595892906189,0.43453448904809094,-1.4143117604184188,0.9369757849412479,1.677739729507476,-1.050107448365436,-0.6797119496069365,-0.25097954248114684,-1.8227382127741059,2.2914389872415923,-0.7579389366837946,-2.0201659742471887,0.44561754746203414,-0.8576956961731225,-1.1784504356116083,-0.8116427781083203,0.6069883019639443,0.6392954568343104,-1.2077000062640968,1.5534488341918256,2.45850218722245,-1.0550697792818704,2.1517991967320906,1.7993367205704052,0.5345798643138926
4,0.915902988,0.9250984787940979,0.3922205258650236,0.6710065167754347,-0.8627816640193433,-0.18230024015443452,0.22767981841680165,-0.3872071930598705,0.1082184118530413,0.3732996091310962,-0.6408251820039575,0.1033313765545815,0.4992427066528167,0.20549008775278613,-0.5537002781965957,0.48420576525927345,0.11204975826591806,-0.7702702359852023,-0.04095715530671747,0.21809866706408393,-0.07951588030938193,-0.47946197214130815,2.271663090713314,-0.4370421447224489,-0.3916656338654786,-0.10153174832144657
4,0.886848263,0.9518519639968872,-0.10381767726937867,-0.7990832175784537,0.21233764298563446,1.405095521487203,-0.7836792549302625,-0.6418948777842151,-0.12560890048257103,-0.6948685363781755,-0.6301339495844378,-0.5318294892093733,-0.5808104072703862,-0.006159257588264115,-1.1255739643370108,0.02219492190284265,-0.14672985282040174,0.854499781926038,0.6308596771047728,-0.8213556624138284,0.972534215867867,0.8999884683726009,0.8855243948819871,0.9260620717985125,0.654414437613308,0.20069352490004752
4,0.941642944,0.9644065499305725,-0.41274421636659936,-0.08502387790286167,0.08712593564826855,-0.052567479291884205,-0.04624101036377993,-0.48535104806068546,-0.34004192271435185,-0.0019406576975513916,-0.6462539500707927,-0.7751309021205599,-0.8294561117177512,-0.41112110567700233,-0.6973932157703777,-0.03317039347717026,-0.5187178735618055,-0.34321237713293196,1.1519482434311459,-0.8717781790565373,0.565436569955801,0.09751970249672125,-0.8610103618654846,1.3064632485020369,-0.02924419177833993,0.5192409840120974
4,0.932969366,0.9600356817245483,-1.0135025866407024,-0.6267625646703935,0.11228351708099904,1.1386845914005723,-0.6905095574067176,-0.6064261658104139,-0.3042578613260853,-0.6320054621544904,-0.6423624472948771,-0.8863485007309039,-0.6539764806004729,0.03039711124082977,-0.4035310759119516,-0.31984050365802197,-0.5074199675123989,0.4949491778489528,0.9593366362725656,-1.2676718310850421,0.8947739913678094,0.2500550877458552,-0.7223964922823519,1.4015635426779176,-0.3257708262132715,0.6094525542298118
4,0.984311276,0.9735337495803833,0.21863834850669503,-1.2123819232223896,2.013625879273854,-0.5583507758199663,-0.7528042044426037,-0.7407454467957377,-0.10145417837651749,-0.6649466467912256,-0.6475250564338464,-1.0058975249645958,-2.96132811887007,0.0756542595121846,-1.009833369389569,-1.4023749576123061,-0.73301987273995,1.3036653249295043,0.43695995751530986,-1.263030470188631,1.6129125352801055,0.5020700720705118,-0.9164559096987377,2.352566484436728,0.2178613369174364,0.08415253902439093
4,0.98207196,0.9691788554191589,0.439471542622033,0.7272396108270428,-0.3127554501736823,-1.1511762930388934,0.8050793602101999,-0.6968925125765255,2.728684214719415,0.2562770517805497,2.1794581826690136,-0.2851458418606769,-0.9323376648395778,-1.0882232892350057,-1.297053233819576,-2.0913592173320388,-0.986972615653321,0.09952653395978524,0.35755320617821196,-1.1388324695408798,0.9679600850149221,0.93978030800281,-1.0273470053652438,0.5667942938007399,0.42378261083058333,1.039183476093647
4,0.925935662,0.8784530162811279,1.306707522284389,1.6427660297645472,-2.3691407864366703,-0.08944309044863165,0.7277832633264617,-0.15355696350863812,0.44991378491107004,-0.29218795108923357,-0.6282058012614566,4.386346869411058,1.118992549308153,0.6226746723737874,0.8034556165888541,1.0941123545976463,2.6395339988913347,-1.4314982221419696,-0.24123558677487086,1.5259457345338001,-1.168159023310187,-0.8375885288131885,1.301366003631385,-1.1661444000708703,-0.7293765230830396,-1.4258593759223166
4,0.956639136,0.9526723027229309,-0.3196458536855544,-0.3320583505183198,0.014290658729651393,0.6785265889685519,-0.5431991046270402,-0.225745718472744,0.028512317565917673,-0.03087368687806524,-0.6549384952914248,-0.9200394613742625,-0.6946528645747855,0.03851204947352502,-0.2306124489289698,0.34899075360373455,-0.982924751043466,0.23980410989971243,0.539753150294993,-0.8482496323851889,0.6660674487205814,0.42911836608179554,-0.9441786836153643,2.0566989025562097,-0.49050784534378905,0.4912433423819031
4,0.979413965,0.9512682557106018,0.8395135106210291,0.15641871037126504,-0.3384360018370074,-0.14665125937959483,-0.16251273703358413,-0.5864173056333717,-0.2595606273197751,0.5858680908158258,-0.6301851196921746,0.1881070368791862,-0.5401819203730147,-0.03564638847162699,-0.9282624168667631,0.35052904362476844,0.3494729855142936,-0.11647486267102719,0.43534707242845433,-0.6036933943030571,0.9542376924560886,0.7408211098517654,-0.19566378786644772,0.5984943918593666,0.06959801969997055,0.8418075094881049
4,0.953810245,0.9519201517105103,0.3075547400609275,0.26884041166887646,-0.15107417656040975,-0.5094819947910356,0.14665399543664895,-0.6849073606011956,-0.22925715537101557,0.5091874081652733,0.07329993182187042,-0.2729809502739041,-0.06804836650860598,-0.18374022622514857,-0.9381129289300715,-0.22382174986894637,-0.9582400611914148,-0.3846601266548821,0.49339027576238126,-0.4834151327843008,0.7438276732206391,0.5617578315158253,-0.7501192661989786,0.12299292097996138,0.1931507840478587,-0.062412458471815625
4,0.968094039,0.9411035776138306,1.754093855275361,1.4768608961223562,-1.3687321666762302,-1.0981369841638484,1.0296904754050509,-0.701405735317517,0.08840586506504602,1.3865768202459763,-0.563387950060387,2.148715954680348,0.7586737771209504,0.1880842596506446,0.42739649419799375,0.6620398176532034,1.128761477845455,-0.9933079450543963,-0.7639059232913233,0.610477055858705,-0.15270197395649496,-0.2805027739902636,0.4419600122159626,-1.0393440078363623,0.13549282735217763,0.5644775712514991
4,0.976802508,0.9767064452171326,-0.06941912020430105,0.8969979685091846,-0.1433355205583118,-1.7371755263419322,1.1194964880321303,-0.7561565612694066,-0.21369842605539965,1.5035917251419986,0.196367536472088,-0.11412128501342063,-0.3368649428398691,-0.4377144844547713,-0.9410371578032363,0.32380079018147745,-0.9644565966988015,-0.729493184813106,0.1515208738203898,-0.7892871587752277,1.054868571220869,0.9928360941764219,-0.777842040115605,0.5350941957421128,0.6379407357002563,0.7135829724671312
4,0.965264188,0.9889745712280273,0.10847929721781664,-0.5721908970853549,0.693211386394432,0.041322139112438316,-0.46122149672060647,-0.7473548569064614,-0.330866744316156,-1.0330126239080348,1.285738963370612,-0.8653996833338303,-2.1230855347442783,-0.625039751297595,-1.5483478222178935,0.1315727470752608,-1.321185147410682,1.114185315146927,-0.5996546246860354,-1.485612636005402,1.5168557873682693,1.8947844591278242,-0.9719014575319909,1.1690961569146527,1.7910998696138791,0.6969323584213394
4,0.941316779,0.9171869158744812,0.63772314648595,0.6831135683753243,-1.400804794000389,0.3775982364552937,-0.1037988062514511,-0.3865702251509355,0.020737967351906462,-0.003812928684505021,-0.6489835376213886,2.0374082166954532,0.6569886773697822,0.3867690332550738,0.008361386181496991,0.7757029299538725,1.7748165017407591,-0.5890369411939224,0.4816031410740255,-0.6363364375653966,-0.34938960063311086,-0.598837491031935,1.0518610383817464,-0.32080845184081674,-0.7376133740395654,-0.5338172367760571
4,0.972353497,0.9439598917961121,0.7936307976155821,0.4500918645042038,-0.9082509990721669,0.024565302201817615,-0.30484599480648134,-0.6466866928639099,-0.2633562620096283,-0.26352318079850073,-0.2756122532956998,1.869224852210177,0.745709405679382,0.38793027720255546,0.04323801336355332,0.7606546592464445,1.509124321951315,-0.5278920806803901,0.40405427305577984,0.5049879038866834,-0.6467081060745072,-0.41977421269599474,1.0241382644651198,-0.8914102168961028,-0.2186917637784352,0.5533209737756294
4,0.952812119,0.9604531526565552,-0.37901096950352453,0.858670958198825,-0.48980040923948315,-1.1170197660236858,0.8647566953281419,0.2796548106372757,-0.12822905737718313,-0.18648619631890934,-0.6597259307723006,-0.12443998318780414,-0.4084355829299516,-0.46448775010145255,-0.822915512150319,0.08027828749296007,-0.11972419633326414,-1.2316297447036533,-0.6030780991609338,-0.7079452177413956,0.3230076347497395,0.2765829808326613,-0.777842040115605,1.0528624640330209,0.2178613369174364,0.539377725058504
4,0.97373717,0.9612528085708618,-0.8293946795754457,-0.19392195916129218,-0.13906940749206034,0.6576096998524656,-0.3758915595297984,-0.622602305068584,-0.19352011492396948,0.34539991436137135,-0.6612130448515835,-0.9435032923924748,-0.8812295463401366,-0.24001144994681758,-0.2050457740748086,-0.5329882773232726,-0.8080828068805347,0.161784475539163,0.24244006128350576,-0.9662223813018064,1.2652785904563184,0.7540850563951683,-0.9164559096987377,2.1729325954378416,-0.44932359056115967,0.49029269643988804
4,0.963916745,0.9247228503227234,1.4141354993726152,0.52451634338231,-1.1053147357090773,0.27745240400584786,-0.16880786705533615,-0.5042208582674125,0.04400305441250595,-0.5072002698930224,-0.5570153929072134,2.0342593361470307,0.9107878888666088,0.4522759888226353,-0.21872046148840613,0.8332587534940226,1.7125108594721643,-0.7770470649590341,0.5557445133194161,0.771559581087085,-0.6055409283980062,-0.6784211702923527,1.6894848384641568,-0.828010020778849,-0.3257708262132715,-0.3966882768477634
4,0.952810713,0.9439041018486023,1.1396673948522875,1.2784940693888154,-1.4465704615245731,-0.7935033373427189,0.5381813447963855,-0.6130786792752023,0.17256340862145744,1.00797948275595,-0.4716670787235223,0.9849372419173701,0.2096617620549689,0.3455971341738953,-0.5108456538155209,0.6264494959046985,0.5853030112045978,-1.5465007155572135,-0.031725330820465095,0.4189025637192637,-0.6009667975450617,-0.5524136781300245,1.0241382644651198,-0.014374170607422042,-0.25987601856106457,-0.060085708044890836
4,0.922991279,0.9443494081497192,-0.2697338805742712,0.08158267381211783,-0.39696970985545665,0.3019467590375742,-0.1443290398531416,-0.7193118870786959,-0.3481142901534477,0.8023224826278433,-0.6632310845797574,-0.7639860625595901,-0.5983850518765187,-0.02749756122968945,-0.5734813954866461,-0.1296623488853075,-0.6017091165190989,-0.015920603994683757,1.0252864334831457,-0.5508329911289,0.9222187764854766,-0.10807146892602493,-0.6392281705324724,1.380430143972166,-0.5399289510829443,0.2658155194596483
4,0.963057625,0.9313710331916809,0.45885333309448656,-1.4706692867594413,1.2079229183016582,1.3012946495644564,-1.0845488229322628,-0.5512704486860669,0.21620199256736347,-1.4959629288290415,-0.6503604201192764,-0.3587499473270159,-1.1426497901977701,0.10585226204355903,-0.7650955796609522,-0.14713047698529227,-0.48880784438307634,1.12464197864242,1.376674101267157,-0.883929002651063,1.3018716372798749,1.3642265973917052,-0.8887331357821112,1.6023308303825552,0.4320194617871093,-0.48120007635647494
4,0.936281179,0.8828274011611938,-0.22108880345701332,0.4765232938910939,-0.9713186533390681,0.24779300398112353,-0.0955365643894434,-0.26053333694131037,-0.16571433589793425,0.5379108971451986,-0.6468051995774403,-0.6521970831757429,-0.14241667954194775,0.23486061269778316,-0.15349024903632946,0.5245830428349894,-0.18481560149852766,-0.6368073488557248,0.21824440548183027,0.0100077694531001,-0.37683438575077827,-0.24071093436005467,-0.7223964922823519,1.380430143972166,-0.1692706580392798,-0.8147946704331408
4,0.95903998,0.9796857833862305,0.3934685260036016,0.012427384287686305,0.2666951760724131,-0.5241308221575334,0.25276977123565386,-0.7144576471925348,-0.047820668134909865,0.492335909058486,1.934995050568361,-0.4139159001421309,-1.7304709956641038,-0.7284232860039036,-1.271833814559149,-0.3552114238939235,-0.08802100747803362,0.881205719997849,0.3497184524658096,-1.0634004728926738,1.201240758515095,1.6825613144333764,-0.9719014575319909,0.788694980211129,1.5192837880485248,0.8596086196928712
4,0.954840665,0.9785119891166687,0.49017542139407716,-0.01680074472187746,0.23903967984378022,-0.6040314693238663,-0.08696274204438938,-0.5941375717006837,-0.2884607675546219,-0.47191122798140794,1.6988059140742604,-0.5506236077268467,-1.9162807948357434,-0.16399624414297925,-1.139289263841312,-0.4240037398737567,-0.6732362118014089,0.37089927233491576,0.6785508239543527,-0.9789321170423049,1.0640168329267583,0.886724521829198,-0.8887331357821112,0.8520951763283825,0.6955986923959374,0.676250494017184
4,0.923750948,0.9190962314605713,0.948631698274147,0.17350568930557053,-0.3286051712255761,-0.027487825813113962,-0.16340666733427217,-0.2897645819101327,0.032681813965576234,0.41480961817699175,-0.5321006496381326,-0.30107709425984414,0.07716505144824008,0.22502999184988226,-0.5609615769531663,0.06910246986353365,-0.4566631045265049,-0.31812311927568954,-0.5071340311590393,-0.1229875819133381,0.1674871857496242,0.17710338175713902,2.271663090713314,0.10185952227421011,-0.1116127013435987,-0.2061389287130044
4,0.977203918,0.9304618239402771,0.5692033747502072,0.12172459751155716,-0.317853844108408,0.085783534117202,-0.2364866648026905,-0.020639625984418875,2.1093595076860456,-1.1323418308825954,-0.6190095525893183,0.11304219497611086,0.39685637605698765,0.44127423177417896,0.10649362627443727,0.6028458042246785,0.6914474181658248,-0.35287040206046355,0.272700081362021,0.27056562550390456,-0.2762035069859979,-0.5059898652281141,0.5805738817990953,0.4082938035076048,-0.7293765230830396,0.11761124319937276
4,0.936654742,0.9366777539253235,0.22149564566716584,1.698843719182781,-1.5281941854688124,-1.5281847290646724,1.201439212059513,-0.6005136492029022,-0.24138738131667364,0.6574999950197029,-0.6552465481772047,-0.24915845923184907,-0.13055573703737916,0.020509355259177978,-0.7631520202796882,0.20462839119020654,-0.2831474930533745,-1.7708663882457778,-0.19272247109622997,-0.6059318006771431,-0.15727610480943924,-0.4860939454130096,0.719187751382228,1.12682935950315,-0.7376133740395654,-0.04313109925009246
4,0.802099505,0.9533079862594604,0.5108328311085071,1.0388346311405625,-0.45101021719458817,-1.5269924508980526,1.152701358005342,-0.747136107809771,-0.2660171504515581,0.5400306418250312,0.9360244552749076,0.428906041419349,-0.7069933082895479,-0.17667691961002327,-0.8221356963702015,-0.23446199247085753,-1.049528878452998,-0.23364303313923107,0.03350251664548564,-1.081576148797573,0.3275817656026838,0.15720746194203453,-0.6392281705324724,0.3765937054489777,0.2755192936131175,0.7766630113361517
4,0.969886896,0.9545749425888062,-0.6520871267485102,-0.8317737779318422,0.6750626045873146,0.5025428116321873,-0.6241846998811019,-0.44487537750745404,-0.29843518031044763,-0.4709743185612003,-0.6517323684961971,-0.9555304223678823,-0.8920459593181953,-0.3547204348537682,-1.12375299423449,-0.9951926601577422,-0.9036724159977232,1.1439790555091316,1.040371769488832,-1.2152039533818233,1.5305781799271028,0.7408211098517654,-0.9164559096987377,1.1796628562675284,-0.21045491282190917,-0.21035094375615007
4,0.982398158,0.9706661701202393,0.19580316774797882,1.5967096668428469,-1.0653205063856945,-1.7523735415671406,1.5277782815653056,-0.7353490765841039,-0.23752611937008386,2.0624575644412513,1.867535844811011,0.18229506114466518,-0.12372385392336996,-0.010704784735122423,-0.9488156298595839,-0.7808233448617087,-0.849952682986185,-0.2375335513545518,0.46309774402794596,-0.7243264914934343,0.5745848316616903,0.5683898047875267,-0.8887331357821112,-0.28910835378218963,1.725205061961672,0.7922393568711918
4,0.988699871,0.9599055647850037,0.1888677386204292,0.42105666829937094,-0.34010561219261165,-0.44409293663895877,0.16673978128099107,-0.758192505272538,0.0016650774249387856,0.04577310553941713,-0.31386752629608233,-0.25062705804198987,-0.12763196473752214,-0.2614633301916596,-0.6688921494695573,0.20887811356508168,-0.18011430050119245,-0.34619642996547645,0.17711951241550405,-0.6006653406701044,0.5837330933675795,0.2633190342892584,-0.6669509444490989,0.03845932615695631,0.4320194617871093,0.5635220353573673
4,0.98338199,0.9696428179740906,0.07489205639475792,1.501031770558209,-0.888305205040943,-1.92585311061271,1.5518967783168416,-0.7534154724242519,-0.3003447187480285,2.8409216928059626,0.5629521988630196,-0.44288638448245504,-0.3830032592989511,-0.18463210063646832,-0.9203391800392796,0.18159160071709665,-0.9279468745899266,-0.9366991897276442,0.42321054094379784,-0.8133654249585693,0.35502655072035155,0.15057548867033294,-0.8887331357821112,0.6196277905651182,0.7285460962220408,0.801244538959091
4,0.903133737,0.9097687005996704,0.5503884802591673,0.32224496392457247,-1.1778368840593618,0.795926864580367,-0.5615656126771776,-0.3873452834846594,0.16583763003371232,0.18121538506209667,-0.6347412394324701,2.8312849048334088,0.9630752871775627,0.35580222974682113,0.40673562387704815,0.9247729572686788,1.6657575419470645,-1.1572065564892053,0.8515026476905234,0.02709411823139111,-0.9668972657806264,-0.6717891970206513,0.5805738817990953,-0.9865105110719841,-0.9023503931700829,0.13520277234601116
4,0.981028699,0.9699797630310059,0.29125793164796937,0.18251559407626802,-0.16820821398764518,-0.21631870557910965,0.0687035903770931,-0.6533344343730461,0.9107947644272076,-0.42052565710658196,0.9499115958970027,-0.12566544633943086,-0.7440390407875969,0.19123021729503883,-0.9292311981030797,-0.5929417361555245,-0.6696519877324832,0.033858734968067364,0.7610368538110778,-0.94136733754717,0.7804207200441955,0.5816537513309296,-0.8887331357821112,0.1335596203328372,0.3167035483957469,0.6201820740816496
4,0.990197612,0.9901611804962158,0.3401855255085852,-2.095952124960801,2.3830197338779957,0.8255473965681125,-1.2444131681729804,-0.77089047606772,-0.3252686301553244,-1.1840611230273101,2.3189103530554145,-0.8343750047566282,-2.6501354796965573,-0.20061662442808198,-1.6836031123140494,-0.5581591606556628,-1.2410349183483755,3.4524827825586666,-0.27806120733176315,-1.5410754738592458,1.56717122675066,2.14679944345248,-1.0273470053652438,1.4226969413836694,2.400626840396794,0.7529186140778223
4,0.923989032,0.9276381134986877,1.2803716709645547,0.5344303364482487,-1.1620362879782968,0.17804137700400832,-0.1914488803799258,-0.41867235776989153,-0.11057653396488437,-0.550261682489203,-0.6007482865323053,2.5650036313292404,0.8544485483535599,0.4417817157501655,0.13777844650279014,0.8738362568685258,1.8483030219583376,-0.7217967190747167,0.708638901312522,0.517121261476647,-0.4454463485449467,-0.4131422394242933,1.1904749079648789,-0.754043125308719,-0.5811132058655737,-0.32177434124876864
4,0.957359352,0.9358698129653931,1.6995382426207386,1.4254612974402796,-1.3561869296948035,-1.1405909672122827,1.049406768804419,-0.653828159469885,-0.2569404488279513,1.1895233400871992,-0.49140995248131386,0.6503418553579714,0.5561109462122655,0.20031348713622252,-0.7857363238940727,0.638394877535969,0.6331445310871934,-1.1575250880270245,0.1270764602230558,0.05084880369864338,-0.12983131969177214,-0.4330381592393978,-0.22338656178307428,-0.27854165442931383,-0.02100734082181408,0.20886460217899588
4,0.966405207,0.9446395039558411,0.82257593630002,-0.3775808659349739,-0.24262702301301778,1.0699126766021134,-0.6677844930381828,-0.6098885584440242,-0.19196414840978382,-0.8227909226502514,-0.643821642196538,0.7515805177264308,0.1825012645363671,0.2019767461718148,-0.3086390721192096,0.5082708142025762,0.08954912855329458,0.1539231887790365,1.1916625978491762,-0.31076367769231805,0.3504524198674066,-0.05501568275241299,0.053841177383190976,0.29206011062597226,-0.24340231664801273,0.07600556806457409
4,0.981280969,0.9789825081825256,0.6359357069243741,-0.3067685983326422,0.3738709799518414,0.07977187512852212,-0.25442787203559614,-0.5456196797987136,-0.07068665523815484,0.39084512472485944,-0.43141347924834045,0.02136286557441814,-0.5278571225048417,-1.0352792303341325,-0.20133762709366915,-0.36854903930004873,-0.8128041805264029,-0.2194192773464358,0.43318764717367914,-0.8657514882193675,0.8078655051618625,0.30974284719116874,-0.8332875879488582,1.042295764680145,-0.6717185663873585,0.7530894680235317
4,0.96623298,0.9457330107688904,0.5405652429214055,1.365350431482099,-1.0729481137549772,-1.423758811471379,1.1949294306413383,-0.4389668030670203,0.3414050282926459,0.43509444835788746,-0.6427976756579908,-0.3910520648759566,-0.9728364557331489,0.03854149501137195,-0.9141245474327014,-0.16527128505202138,-0.1780205560399866,-1.6517134865832637,-0.39826489380058816,-0.474597558270858,0.45108329863218705,0.031199969779706377,-0.4174459791994601,0.8203950782697558,-0.44932359056115967,0.22891123072986616
4,0.99596322,0.9872457385063171,1.0104906267845768,-0.2572098123524276,0.7176770157150367,-0.4865071857848982,0.24353598830772735,-0.773535826825307,0.7810177843353564,-0.287404677535309,2.170746894491101,-0.7928209518549927,-3.4028333884638067,0.05394657136674106,-1.5547161440311597,-2.2393237322105803,-0.7264794564627209,-0.11123181622099669,-1.4490765388549371,-1.4742643293573146,1.4207990394564338,1.7422490738786898,-0.8332875879488582,2.1517991967320906,0.8520988605699289,1.0196286066404654
4,0.991275547,0.9716753959655762,-0.10422949855470566,1.4641393188921712,-1.056634346331977,-1.7091985403143233,1.3462232938814835,-0.7368310163184637,-0.3011224262436641,1.8832125964336641,1.5585418547346903,0.028382016056261467,-0.4043492289216669,-0.1957697588784322,-0.88340001591461,0.006489110367026364,-1.1970783748844942,-0.750008089772305,0.42003486934874323,-0.9305797815718517,0.8444585519854189,0.7540850563951683,-0.9164559096987377,0.04902602550983176,2.886601046831821,0.8111053808957045
4,0.935189251,0.9447767734527588,-0.24831468343175156,-0.4782215264796251,0.19643860350245512,0.860385884592411,-0.518913925616338,-0.7330162401369693,0.326222430934916,0.4236879449364853,-0.6353300901240372,-0.9151408133028438,-0.8546832065192764,0.21332832773744242,-1.088880342203603,-1.0069479193111432,-0.884010741152782,0.17543625408912847,1.0043346144617338,-1.2219835209419403,1.311019898985764,0.13731154212693003,-0.8610103618654846,1.5917641310296795,-0.27634972047411627,0.11746645809538452
4,0.963773128,0.9417513012886047,-0.39296555197547206,-0.580527171618007,0.22255566955000813,0.8720479341701299,-0.6496573684629939,-0.575117384469415,-0.18358695633622496,-0.7279571457452617,-0.636012662337307,-0.6874907590653929,-0.016705300480594446,0.08764462527730063,-0.682876535743272,0.10892587824888149,-0.23267855899050743,0.5394409582412268,1.5281518749879188,-0.8232714073352229,1.1463511882797601,0.4821741522554073,-0.7223964922823519,0.6830279866823724,-0.4246130376915821,-0.2616090736373433
4,0.988394051,0.9682093858718872,0.22260705382990834,0.8333891337189411,-0.5372444511110307,-1.0390199867279444,0.8278273827515182,-0.7520402862879185,0.6769973015026529,1.21107776844019,1.9033225985849218,-0.26514123960186464,-0.966918798075594,-0.310032241930456,-1.0632656609145674,-1.6332910614296654,-1.125167934670234,-0.04779826397707242,0.45550917161923066,-0.9631382526015769,1.1829442351033166,1.5897136886295558,-0.9996242314486173,0.8732285750341342,0.9427042210917137,0.8786023712292056
4,0.916038751,0.94458770751953125,0.20797220024389235,1.6312770239765384,-1.4877660220109021,-1.6288723402282106,0.820890020642358,-0.5871378593001174,-0.27465019262351564,1.1524032004601248,-0.6513689190252496,-0.32067787330944136,-0.5487196244710055,0.005657772579875803,-0.8447882988925963,0.08790144229469724,-0.7789819302988387,-1.697595619997954,-0.26899609356207244,-0.5704243326666919,-0.5597996198685606,-0.6850531435640542,0.33106891654945636,1.0845625620916475,-0.6881922683004101,0.4606465685438113
4,0.961947144,0.9191259145736694,1.7150855425252867,0.7233749359808186,-1.6724521796257592,0.7250380151624626,-0.11194471570684036,-0.37530644409905933,0.1639578936838869,0.016994532924729553,-0.6282854405655866,3.976281999428725,1.0453235760765476,0.5113443375776581,0.32772671660391683,1.0780559047518683,2.4157953953217035,-0.9638154430959734,0.18103296443415173,1.1221032119029453,-1.0217868360159612,-0.804428662454681,0.9132471687986138,-1.2929447923053783,-0.6881922683004101,-3.0606374051665957
4,0.686130075,0.8312179446220398,0.18494600202749947,0.7503447079636684,-1.0409039973742213,-0.19555658259751799,0.1910179873886003,-0.458468996309891,0.07359200293778886,0.5652915881526929,-0.6580922741657977,-0.4423520007072767,0.22027459466685334,0.2605401376306657,-0.35239452165270535,0.5195308165540057,0.05835818621822765,-1.2805811231772088,-0.3606702911128004,-0.31056052048136407,-0.24875872186833042,-0.3866143463374873,0.13700949913307078,0.4716939996248586,-0.3834287829089527,-0.9417020440642864
4,0.865961689,0.8696621656417847,0.2513189133584762,-0.208263894072872,-0.4556701691330674,1.1050096800991793,-0.4899704789285497,-0.6603581229192031,0.18209192359696177,-0.800247196132745,-0.643937661236405,0.25110206041532596,-0.1284390616419955,0.39780972932136976,-0.788029046117246,-0.11248533799645888,0.40839791199872866,0.49006461869839973,0.8313474276776611,-0.4258857908117935,0.7392535423676941,0.0444639163231093,-0.11249546611656815,0.9049286730927608,-0.3257708262132715,-0.4069770795435761
4,0.541332529,0.7195881605148315,0.4298907072778757,0.2997431255020522,-0.9716022826840744,0.584546006729383,-0.2562296553074444,-0.4563150101826161,-0.13327016372586026,0.4284826445304022,-0.6492285003007806,-0.07503277236620344,0.5740236120457911,0.27364806996301017,-0.5823754403346543,0.3853213037371311,0.4981903634894881,-0.12604887768892714,0.2878732651708419,-0.5608805400688428,0.10802348466134508,-0.34682250670727843,1.0518610383817464,-0.4898756414868272,-0.6058237587351514,-2.4247235166820804
4,0.978019789,0.9550821781158447,-0.4716992921214563,1.00618527967908,-0.6808390670321752,-1.2177380128412918,0.9480535627691881,0.15319350750266456,-0.21769677328622203,0.7439247735443809,-0.661437499452092,-0.36807338643436494,-0.8761132962863062,-0.21964664520867413,-0.9422316349327717,-0.36522183963801946,-0.28410455368441456,-0.9979703197943969,0.18930789872258644,-0.7942502618609322,0.5425659156910783,-0.03511976293730849,-0.8055648140322316,0.968328869210015,-0.5316921001264184,0.4059136452299544
4,0.989802855,0.9209488034248352,1.3419882177995008,1.825830151362384,-1.9899694846528169,-1.0897039309265564,1.1989530155151638,-0.6725441105835116,-0.04600851470110432,0.44060181441061924,-0.6574627770810226,1.018957862579255,0.2586969309445931,0.3840917378550226,-0.5719947341899876,0.5055207090341023,0.7466857404476148,-1.687905635134283,-0.9196214253085534,0.7534427380396562,-0.4134274325743346,-0.7049490633791587,2.881564116879098,-0.16230796154768165,-0.8117450326482983,-0.3281073362254038
4,0.946745239,0.9531465768814087,0.7212900265463575,-0.794505670934277,0.5128680221120228,0.96648678572459,-0.7272616315516011,-0.38451870672341976,0.4116237464813483,-0.6136043290005396,-0.6530438322687134,-0.389805064058861,-0.3408689372928332,0.0764332844945226,-0.6868057851766355,0.05527995389887125,-0.4105676283850109,0.971925332923968,0.1770594150446814,-0.7332451849806554,1.082313356338536,0.4821741522554073,0.2479005947995768,0.32376020868459937,-0.10337585038707285,0.30761818279929887
4,0.79275023,0.8609414100646973,-0.07469461277191386,0.9587793153313482,-1.3372750605988308,-0.20961368546273795,0.39026234100268536,-0.5743727033795502,-0.25881902401003987,0.07752107801826087,-0.6585700081129885,-0.49533952760646527,0.25250043933128735,0.3687834058580946,-0.3314428852098375,0.26069338813740506,0.02800273250060641,-1.1466722876889162,-0.32616689560163437,-0.2695200060784592,-0.20759154419182946,-0.2937667205336666,0.3865144643827095,0.8732285750341342,-0.4575604415176855,-0.8934261308003223
4,0.951073183,0.9532914161682129,0.7240824208456423,-0.8051585401910001,0.3176969603986296,1.20645639422881,-0.9926158691552054,-0.5487299153531663,-0.2164518485450247,-1.0063369025748994,-0.6237326714559799,0.8041644373962726,0.09814158524337613,0.31140175662315556,-0.5611647620699979,-0.17777715995396826,0.3950104820300731,0.24160732510637542,0.5855797294150179,-0.22371035316682417,0.8215878977206961,1.1122116130670485,-0.2788321096163274,1.042295764680145,0.16020338022175531,0.18565661140724965
4,0.951535253,0.9490200877189636,0.6936363552407215,0.11324396050717589,-0.6710210211268081,0.384762626202211,-0.4078428874676556,-0.4634437497832522,-0.2572480328238196,0.15089158184016604,-0.6044877300043708,0.9729604623223033,0.587179471528882,0.022976473791838824,-0.3139375741354801,0.6587562926739132,0.9911450059849737,-0.7255656736376339,0.6242660490681639,-0.2905867653700121,-0.2350363293094969,-0.39987829288089033,0.7746332992154811,-0.36307524925231927,-0.24340231664801273,0.5747467977844883
4,0.860044957,0.8975815176963806,0.659732097499537,0.12365732606595793,-1.2864804397895209,1.4419343906398374,-0.9381933704401955,-0.49483865189958315,0.06135889962684762,-0.6946032993120982,-0.6376624674732968,1.7609631512808706,1.0051467961552811,0.4663031232505092,-0.01597715898301978,1.0047542207817186,1.3057491577592486,-1.7807026976511093,0.9584364088649118,-0.45010562355842443,-0.9531748732217928,-0.6319973573904424,0.968692716631867,-0.42647544536957344,-0.7540870759526173,-1.8533616080712465
4,0.885139741,0.95314621925354,-0.3801484661376555,-1.4120542557076456,1.2696140501426847,1.2047826069164393,-0.7903878538632123,-0.749698127027406,-0.36086143505302315,0.8230753611611321,-0.6440390848841533,-1.0787462815955404,-0.8691207273521807,-0.14222942364737584,-0.9262602300378453,-1.1434615206042613,-0.7782569043662348,0.9867018030766035,0.012179422348649948,-1.2068322216164016,1.2561303287504293,0.7607170296668699,-0.6669509444490989,1.538930634265301,0.5308616732654198,0.19007631040335324
4,0.965754779,0.9322132468223572,0.172609805551646,0.6098919845826882,-0.8728768898108882,-0.20258615841563937,0.21754967241753914,-0.2538719195855311,-0.2692661898849647,0.4791357113018103,-0.6444711811575304,0.7158812288488895,0.4075293198993438,0.06680513313525628,-0.64251493938178,0.28391417153666537,0.498485237111982,-0.6537585807397602,0.5051767972122599,-0.38077569734602246,0.007392605896564637,-0.41977421269599474,0.053841177383190976,-0.5532758376040814,-0.3916656338654786,0.09243659218703494
4,0.990845361,0.9909061193466187,-0.25366594228425204,-1.5413359834694988,1.4692763289830053,1.261267072127821,-1.0081085498160531,-0.7506953055298492,0.11032498324131401,-1.5303437427864999,2.320468953647199,-1.0793257857426428,-4.3768448472719745,-1.5328600188268262,-1.6924264152049577,-1.4312246113916463,-1.4899031564399001,0.3569634013097687,-0.44026367395686566,-1.6628677621944783,1.5260040490741584,2.372286534690331,-1.0550697792818704,2.93373494884489,2.466521648049001,0.9451520519090947
4,0.811254653,0.8069804310798645,0.16125157457194075,0.28452107805936816,-0.8999944913835988,0.5298192804866394,-0.20692347394173857,-0.5097238254287443,0.4970247348935441,0.9921949478546697,-0.6483490578509902,0.3753958653078632,0.3018704468036568,0.2434085213091578,-0.5797765359632482,0.4669677151706813,0.3382385962580159,-0.42814058933404753,0.6283926676786925,-0.2990357152608643,0.33215589645562876,-0.20091909472984576,-0.22338656178307428,0.4188605028604802,-0.7540870759526173,-1.8100123951598488
4,0.886377098,0.9426106810569763,-0.6030310139800513,1.5937974171136515,-1.4773734171968542,-1.3995149579940414,1.1546253843558474,-0.3559522271332047,-0.31522684600911144,0.4355950515041473,-0.638949236689225,-0.00975861317881544,0.38759889617172416,-0.2249600819573011,-0.47011819123601817,-0.09180889400188201,-0.10575600319049475,-1.4640667546289594,-0.271812771345593,-0.22754092374621485,-0.5689478815744496,-0.6121014375753379,-0.3897232052828335,0.24979331321446974,-0.4987446963003149,0.4187396298372763
4,0.936270569,0.9370764493942261,0.8975634004003812,0.3544646343157327,-0.7111402725219947,0.19522755799326802,-0.03982879627617161,-0.537657377741766,-0.20251048042324002,-0.721945366019193,-0.39461191761092806,1.295662735003024,0.5432606313966987,0.3588837470028267,-0.5060790906643352,0.48758271596847486,0.5013008325884057,-0.34688207083555367,-0.15934883114333256,-0.09664792777096098,0.3504524198674066,-0.09480752238262201,1.3845343253812648,0.02789262680408049,-0.08690214847402102,0.021182025270180347
4,0.923274303,0.9511710405349731,0.6256974922193353,0.238644547963162,-0.4431750127705076,-0.10084953919012025,-0.11724150948197785,-0.06842971811553436,0.12534175307846118,-0.3182406558628505,-0.4416037465950772,-0.45750972047279864,-0.29487067876089584,-0.09447579508136897,-0.211312215850024,-0.09787641972757842,-0.5022069157154794,-0.21306521070668677,0.1509091111215917,-0.4887873080821073,0.36417481242624017,0.05772786286651223,-0.029327144366688585,0.6407611892708694,-0.29282342238716796,0.38155208368051097
4,0.928203796,0.8852777481079102,1.9638255717729476,1.4200146424810693,-1.8509587767256985,-0.3323718170007356,0.7512736631575667,-0.5082503867753878,-0.07405300056231416,0.2018818922639826,-0.5595364301209933,3.9597195538094563,1.1387473076544303,0.5815299937437188,0.08368226502119423,0.93242259311445,2.276017029525147,-0.8872312323243098,-0.5068283367861647,1.1103522678865423,-1.300808818045579,-0.8773803684433973,2.327108638546567,-1.7684462631847835,-0.7787976288221947,-2.431234283496549
4,0.910812246,0.9420019388198853,0.3333822319149703,0.9389485329026539,-0.713177362179932,-1.2291646961938503,0.5924031351549316,-0.3683810546168573,0.4910337879368371,1.5090636918968892,-0.5165251506355351,0.36932200530273945,0.005304696897735178,0.30006186681598146,-0.7237200035688903,0.6134430086938083,0.0490411525126015,-1.2310547088589514,-0.1449995226563344,-0.27467523521434223,0.2589698028085154,-0.4463021057828007,1.135029360131626,0.2286599145087181,-0.44932359056115967,0.18717154801096295
4,0.961240991,0.9396869540214539,-1.399755625833802,1.2179704402479412,-1.0670829171582938,-1.2409080252336395,0.8048056923729692,-0.7328809747528927,0.3159652914623081,1.2637169380757938,-0.5893901459244333,-0.43449369207940536,0.28855991855321994,-0.8048433972746802,-0.07183786774353215,0.8029909965495746,-0.7525723224722404,-1.0680301752740315,1.0255059940043474,-0.30429114410712704,-0.7336165922804538,-0.6452613039338453,-0.7501192661989786,0.4611273002719831,0.3167035483957469,0.3072823624756453
4,0.871528825,0.9102120399475098,-0.08825729249288951,0.49194051584618465,-0.5805684169215616,-0.5335571563521737,-0.012818219565658321,-0.5061932460155795,-0.27075006697081716,-0.21068884309570285,-0.5757059818531479,0.2904209035277259,0.6314894912478818,0.0987744823115614,0.1307973114543243,0.8891740621824424,0.40030796657005885,-0.5744972124340109,0.4181105648459456,-0.28979527958434953,-0.5369289656038378,-0.598837491031935,1.1904749079648789,-0.36307524925231927,0.06959801969997055,-0.015054089935534826
4,0.89797386,0.9313052892684937,0.4728318232258252,0.6693955987849611,-0.8651002083402898,-0.26693925510091615,0.24720105511233542,-0.6355494809760462,-0.08300974650785196,0.049972239884251576,0.42284060038728327,0.5396069289396443,0.2207811548253439,0.15515908827665953,-0.716686687372543,0.1351905496160622,0.3993302787751401,-0.2951218326930604,0.7057163068934031,-0.13953891939400365,0.4144902518086307,0.32963876700627326,-0.4174459791994601,-0.07777436672467622,0.9262305191786621,0.5827868276175702
4,0.957703643,0.9425714015960693,-0.0025611272050863553,0.07484521555115323,-0.49737855133400166,0.4083663173291855,-0.42900930455155123,-0.4938571283835216,0.1746699653998516,0.20289791953045716,-0.6512782794959561,-0.30150193092725913,-0.011752550170503556,0.0870430241537184,-0.06810125630739505,0.44842355962843994,-0.2997969990374645,-0.32411671718403684,0.5393744894469066,-0.051534157251597906,-0.15727610480943924,-0.3534544799789799,1.1904749079648789,0.7252947840938749,-0.6881922683004101,0.3921605322429745
4,0.8954907,0.9133493304252625,-0.31852795726850297,1.0825750414940363,-1.4182928221075344,-0.4690500048742267,0.44120730447438894,-0.43468899232920283,-0.11505030871659148,0.3225591717577325,-0.652343250652154,-0.1100168584755441,0.4422320868706376,-0.2526118145273198,-0.3258435027549176,0.23106854042549002,0.38390594505032494,-1.126918937210352,-0.26155326267543705,0.009743021594481534,-0.39055677830961183,-0.39987829288089033,1.2181976818815057,0.270926711920221,-0.5069815472568409,-0.3480344307962611
4,0.993736287,0.9568846821784973,0.2841390027686732,-2.392329916919366,2.5581809708107976,1.2508435619131109,-1.538982043522804,-0.6503377491638092,-0.21713048248429406,-1.4581627828206074,-0.6394695310360449,-1.0863196761430463,-2.0129815291441435,0.05819997880600369,-1.3475931743889176,-1.898638797458768,-1.1830329985086399,1.7649401040672945,1.0206633543631096,-1.2969264694624199,1.5854677501624377,2.584509679384779,-0.8887331357821112,2.806934556610382,2.3594425856141648,0.07732269874569153
4,0.954966939,0.942530632019043,-0.3350838285368516,-0.8872656781938447,0.39981650018410203,1.162382819056724,-1.04807117230745,-0.6030533160467629,-0.18045214614371685,-0.7645137632758207,-0.6492551967670197,0.2652071210799539,0.39789912774439784,0.42152791067011347,-0.142214624166435,0.5789312588899209,0.8439774862966283,0.7230403865060966,0.8619004822602949,-0.3700681172863286,0.5883072242205238,-0.2340789610883532,0.469682786132589,-0.12004116413617875,-0.3504813790828492,0.46900928615355575
4,0.970198859,0.9635788202285767,0.5703398757962503,0.9158187623871298,-0.26042695133113963,-1.6036270400156551,0.9991907991147623,-0.7306305442778722,-0.34881547047014755,0.023917567969898888,0.5409313781268689,0.38702842919483793,-0.8232526025454969,-0.4415177843262595,-0.6854949730464108,0.10609080922125744,-0.6384036374958004,-0.39512888903539767,0.1893486206511953,-0.8165313681012192,0.5059728688675219,0.2633190342892584,-0.5283370748659663,0.7464281827996259,0.448493163700161,-0.30358811869466146
4,0.952115784,0.9319068193435669,1.6290600881723771,1.155233294071671,-1.5800193281740202,-0.3685611697912297,0.45151798700204693,-0.5384176547392145,-0.13448027344413416,-0.003984443038776834,-0.5233459321860024,2.9614310469190275,1.0033157437106868,0.11582783522844703,0.37751913140333065,0.958961536034705,2.0327280928348164,-0.7411736909516362,-0.512186718890861,1.192863511962607,-0.4957617879273369,-0.4131422394242933,1.6063165167142768,-1.208411197482373,-0.2681128695175904,0.09402873770026325
4,0.925566502,0.9121038317680359,-0.07609174116890995,-1.001438923774196,0.6633738776483873,1.0801971581211136,-1.0367642784982358,-0.7405343779428095,-0.13535981258711713,-0.6846439594527908,-0.6579623143348875,-0.3336778136868614,-0.02660364877537261,0.27245012213752223,-0.2895305968541697,0.07942661420488435,-0.44481295076468846,0.8175562968210348,0.618952102824563,-0.5532662813433584,1.022849655250257,0.0643598361382138,0.19245504696632365,0.4505606009191073,-0.2516391676045386,-1.395684707984366
4,0.913813052,0.8103878498077393,-0.47116356414246086,0.1675248832767345,-0.5507125014619735,0.02512921243850883,-0.46775268596723585,-0.662646711136775,-0.28553773946158767,0.11544386832501712,-0.5364515337596995,-0.004743415867570753,0.855888470805395,-0.4002852482805501,-0.530552250090685,0.9320755506044679,0.960667649965511,-0.3030010668336143,0.42773154868947055,-0.43982917803238397,-0.25333285272127504,-0.47946197214130815,1.9389898037137956,-0.754043125308719,-0.27634972047411627,-0.94583359568129
4,0.943212708,0.920139729976654,0.09925835680641816,0.8975104147112505,-1.2349811124630556,-0.3326652947909531,0.18674018628076924,-0.30482145722457493,-0.1564623511450803,1.0753561124501825,-0.6521038853498916,0.4728099479309224,0.4593471573739736,0.34207975794770135,-0.04393288360443645,0.3192283664011534,0.6953744693298552,-1.1957504030345434,0.0989271980814274,0.01336308085573427,-0.294500030397776,-0.5391497315866215,0.7469105252988544,0.4188605028604802,-0.7870344797787207,-0.13994031061554307
4,0.590315234,0.6741145849227905,0.4940624614036943,-0.6123956761664562,-0.09549780064310878,1.1669033537223668,-0.9892976708332684,-0.7265757121416141,0.3839709112862775,-1.45306953221666,-0.6513296233064847,-0.15973188592393117,0.5029591353617492,0.07780454445974744,-0.648571529066218,0.2191465549757051,0.6400372790370094,0.6489031623788241,0.8605041182131834,-0.38491238263694133,0.17206131660256918,-0.6784211702923527,1.3568115514646384,-0.3842086479580705,-0.5728763549090479,-2.7659946486996723
4,0.904845077,0.8876695036888123,1.8659197106501382,1.1128933789138356,-1.5159366661413143,-0.2523183299176571,0.45497133938856527,-0.6045561535632754,-0.16076354368943144,0.06617668822001523,-0.5690129620419632,2.461773937653837,1.0571477715417597,0.5576376088801287,-0.2776515241308348,0.8358487123122904,1.6685005858345892,-0.5870743585764994,-0.6751933837846376,0.42084037096220983,-0.7747837699569547,-0.7911647159112781,3.047900760378857,-1.5465455767743945,-0.8117450326482983,-1.7172467980450719
4,0.83855697,0.9295327663421631,0.5238623022978764,1.5308253790859643,-1.4571224707621375,-1.3363981201152129,0.9848223386364786,-0.6632552487167906,-0.3068408195643316,-0.09887835719078467,-0.6627349605256494,-0.1470375998734861,-0.5428218206078923,-0.08335877585927536,-0.9007875412692248,0.22685439355461184,-0.047173505495443295,-1.507140231658412,-1.1454585302529499,-0.4698412894496991,-0.29907416125072067,-0.6585252504772483,2.5488908298795794,0.7781282808582533,-0.8776398403005053,0.522163801612306
4,0.31110402,0.7182844281196594,0.31237220115622605,-1.2446576158732452,0.2998351387195575,2.450912421454501,-1.2187389075509307,-0.7802279123432695,-0.18420731083483854,-1.5023375638257739,2.278123005441287,-0.8572509341597964,-0.6680694079154103,0.42427649932357203,-1.4273538326135193,-1.097369833913976,-0.47339582643256417,1.291984351472124,1.0199470506417048,-1.1247282112256425,1.169221842544483,1.3575946241200036,-0.9719014575319909,1.380430143972166,1.2886519612658005,-0.16153996506270377
4,0.966329697,0.946607768535614,1.0596176498062533,0.20616777004723624,-0.4842650161039646,0.02970517581820616,-0.19007181274262433,-0.6368689584911054,-0.2736738496958379,-0.040047297162178995,-0.6406808717679806,0.1705867813071048,-0.6011866233438463,0.09580695718722379,-1.043602880778356,0.16558567766070606,0.011992812701574642,-0.0694213641835426,0.035519801902162064,-0.37850603601640515,0.8536068136913081,0.9795721476330187,-0.05704991828331502,1.1796628562675284,0.42378261083058333,0.6706689652941548
4,0.978354626,0.8771082162857056,0.09029423748404491,-1.640802257729307,1.4060254886415442,1.3730763155619967,-1.2861539775194986,-0.7693014363187445,-0.1739778556528119,-1.2425406836361852,2.279515066227375,-1.035361463129568,-2.069292904000172,0.4993843288317008,-0.4738755400123609,-0.33431697370424873,-1.0019125814916576,1.7066612329520894,-0.6505438881041385,-1.4455437830141642,1.626634927838939,3.042115835132181,-1.0550697792818704,2.54276707278849,2.8783641958752946,-1.623645885899081
4,0.958976182,0.8508921265602112,-0.2386422336658811,0.7132957454048702,-1.0233813491687787,-0.10070536059273914,0.24127508835457928,-0.5797323095711895,0.12349298443061278,0.520478262182219,-0.6584704246930535,-0.29424448815015913,0.09872585605348731,0.32650664062944684,-0.29599154506830305,0.07117605935667855,-0.00865254296952314,-0.7561295110690482,-0.2764864621167678,-0.09661759207882742,0.3230076347497395,0.05772786286651223,0.02611840346656454,1.0317290653272693,-0.3504813790828492,-1.3640747655054526
4,0.988221133,0.9563643932342529,-0.7353442908700613,0.8748740271258683,-0.9815127467472222,-0.5282172278384815,0.4225411864100498,-0.7571098003632776,0.42239333030174014,0.8830674221107362,-0.17718938709268453,-0.07653888943943286,0.15044272542041695,-0.1125946126851593,-0.713468052007607,0.3544056102300471,-0.4028808081193241,-0.7848916240409305,0.7077057003724182,-0.686265309763389,0.5288435231322447,0.05109588959481065,-0.6946737183657254,0.34489360739035063,0.3331772503087986,0.624028471166502
4,0.950278513,0.9559729099273682,-0.8301013168419313,2.148674968573881,-1.8225842066274636,-2.113329195915168,1.6415520089558437,-0.731175032384472,5.040450484601387,2.743323355417524,-0.5821578997248318,-0.21657433641587684,0.04421372983633905,-0.1450885495161961,-1.0258844059925962,-0.21583167861883532,-0.9351118866924591,-1.5869110896669882,0.2669047696242911,-0.39924737606507227,0.09430109210251153,-0.1345993620128309,-0.7501192661989786,0.42942720221335606,0.11901912543912593,0.7538117744623394
4,0.883314592,0.9309539794921875,-1.5615496542512086,1.6973511797034386,-1.3854392438687635,-1.673247713492076,1.2403489744671286,-0.663996960649481,-0.18200073260480712,1.3880146542044502,-0.6124734234838949,-0.3705456522253745,0.28588138239232497,-0.7831809514424775,-0.5068096005955962,0.6879804064429843,-1.014876019804167,-1.395210338651377,-0.32839919050449395,-0.0945198330046326,-0.294500030397776,-0.3534544799789799,-0.5283370748659663,0.11242622162708593,-0.03748104273486578,0.02417313865647772
4,0.950819672,0.9499641060829163,0.6114873687001782,1.357136639420206,-1.0623054811132633,-1.2774497506546718,1.2546099695527524,-0.718398638960386,0.05061457342797432,2.33412288072109,-0.18322002887230965,-0.2046304360776148,-0.09455912367229785,0.08211552936927882,-0.8092696305078098,0.5065797844437258,-0.8233035291415333,-1.076432680350292,-0.45616817303080925,-0.674938146173455,0.15833892404373498,-0.08817554911092042,-0.8887331357821112,0.20752651580296683,0.9921253268308688,0.660968821248852
4,0.95830206,0.9747617840766907,-1.1523465827163777,1.7541126746109712,-1.3752654428308906,-1.8837375504352942,1.683597402495126,-0.7205025871358777,-0.3120893420408485,1.4053179750614118,-0.3112312489401798,-0.6739008599676718,-0.18921436946228556,-0.42297101954411576,-0.8560379550871541,-0.08696782237516967,-0.925712366235251,-0.8921677316284254,-0.01607960836754687,-0.738703771037872,0.6066037476323023,0.46227823244030297,-0.9719014575319909,0.968328869210015,1.115678091178757,0.8328119601152458
4,0.975099791,0.9743053317070007,0.5477755898138845,0.16254209542991813,0.26574848315620103,-0.9533910530465214,0.16749933935335448,-0.7211077303703984,-0.08375478028058653,-0.2554307350748017,1.097896320298893,0.46554489274621924,-0.10119288392257418,-0.9256840878745453,-0.9532701340931488,0.19868577127745096,-0.6914021143568156,0.021350819776585504,1.053522598528697,-0.6217054413231157,0.8261620285736411,1.1321075328821533,-0.777842040115605,-0.4159087460166976,1.5769417447442062,0.24474821561905416
4,0.923853667,0.9406211972236633,-1.493710085902453,-1.2339680853555546,1.0595991615241127,1.17705426549471,-0.8172020614210579,-0.7061397391078028,-0.3296300811436595,-0.9179321331754104,-0.659667287267229,-0.9270364668576014,-0.7537228796956061,-0.19222416359292377,-1.120444608823328,-0.9416166369145217,0.2608868106824428,0.9985109691042695,0.7711258243107233,-1.2143674236896598,1.251556197897485,0.886724521829198,-0.7223964922823519,1.5072305362066745,0.5473353751784715,-0.18427737562636745
4,0.967088608,0.9489004611968994,-0.24440767747881906,0.7812128154345794,-0.7187935938160351,-0.7631931900947188,0.6055679953062325,-0.5935566176534803,-0.11781975030280914,1.8208439320953123,-0.07667409375226365,-0.4180831640217618,-0.16338303577425337,0.06459740810982789,-0.24456024149317085,-0.12382659071604506,-0.36771261714736464,-0.12199809481065525,0.2011710293510123,-0.5887682337734219,0.3824713358380186,0.30974284719116874,-1.0273470053652438,-0.035507569313173684,0.2672824426565918,0.3006445059691944
4,0.961712354,0.9510698318481445,-0.22469591389775248,0.9609966853018115,-1.0356920724526324,-0.6927663638521442,0.5078094380027566,-0.5942508132249091,0.16794121624267472,1.127250138410486,-0.41675536386309736,-0.34609791756123715,0.21423581538655623,-0.02047467814056768,-0.682048268158536,0.219283146714213,-0.2844299291094457,-0.9091332003812199,0.6637801549687431,-0.29194543667222933,0.24524741024968186,-0.12796738874112942,-0.8055648140322316,0.5245274963892369,-0.1280864032566504,0.2460552883719034
4,0.996058748,0.9843241572380066,0.7066172796588324,-2.207050944353311,2.1106373197224926,1.4860695221896336,-1.53575149938083,-0.762128566646142,-0.3031851989629466,-2.716465027892262,2.327680194400926,-0.9350836495859781,-3.9486636375590867,0.07882148952192244,-1.6288050153478562,-0.5162677440471926,-0.1902376934760285,3.416450036467321,-0.04304550611062094,-1.508301895194393,1.6678021055154395,3.194651220381315,-1.082792553198497,1.9721653077332038,4.303339411354271,0.8755024359653595
4,0.945306237,0.9636067748069763,-0.1432925415584892,0.5498246743041391,-0.6303304530337217,-0.41835074684488166,0.1885091530508142,-0.6674949267757894,-0.02161592852754287,0.45056763198125094,-0.27375636969175937,0.07229569580399696,0.26579820789357667,-0.02464753676985935,-0.20392932713192394,0.1465590579902516,-0.28583623651561335,-0.1539760741305347,0.659529626571126,-0.6496262285100218,0.12632000807312324,-0.18765514818644272,-0.5283370748659663,-0.36307524925231927,0.15196652926522933,0.701678588467509
4,0.965037201,0.9626350402832031,-0.03801468254760303,0.9319497318072352,-0.4851158481986119,-1.3947717999794362,0.8756707799160274,-0.6290625850754608,-0.25611297770400776,0.34060699720013976,-0.2428257380205659,0.03703650342488682,-0.4110825115050935,-0.45174173281780916,-0.513125414070048,0.12357565397184739,-0.7505028141360156,-0.48891780076205,0.4067574538638234,-0.5302102360585726,0.42821264436746426,0.1240475955835271,-0.7223964922823519,0.7041613853881232,0.8109146057872996,0.7247713464545845
4,0.975186104,0.9553719162940979,-0.7138214780671727,-0.09409661762298796,-0.5542267665926311,1.0684407878145452,-0.3056545744396247,-0.391462090175331,-0.1301833679463125,0.8439536786255443,-0.6304038289676565,-0.9906084635451538,-0.6113983327606535,-0.6296847505447658,-0.26330236445380906,-0.8760625467557487,-0.40904819869545117,0.3358095266140243,0.8115810398131572,-1.1335614132168512,0.9542376924560886,0.4689102057120043,-0.9164559096987377,1.9193318109688253,-0.02924419177833993,0.26035960853665774
4,0.940277778,0.9559507966041565,-0.1926772187122869,-0.19554124560998143,0.34870290270663984,-0.5227714239536507,-0.11406931386280073,-0.21177651784767496,-0.2676913372443286,-0.12380387000493097,-0.647752101249517,-0.9053880641848282,-0.395488501485748,-0.254200911824198,-1.0180473542426869,0.09409380876378398,-0.7639537113257423,0.5461744994700002,0.13804598441606936,-1.2367376984795508,0.940515299897255,0.422486392810094,-0.6392281705324724,1.1796628562675284,0.2672824426565918,0.20806052396565616
4,0.933950581,0.9042888283729553,0.3411257805663422,0.5481113470508427,-0.9451053045863052,0.2221944226452877,0.1491467429087815,-0.5795372188477663,-0.26020669091691423,0.4723051891307167,-0.6524684344075957,0.4604562628682819,0.45823196170808284,0.3625625324951463,-0.5978532539058798,0.31998455606403436,0.46149726915050104,-0.41626273678183323,0.7258549182714104,-0.578976240058118,0.48310221460279906,-0.4264061859676963,-0.2788321096163274,0.4611273002719831,-0.30106027334369395,-0.11202241281987164
4,0.945994398,0.9500223994255066,-1.2155395179848314,-0.3757622747442371,0.00865142161518044,0.7221395796341674,-0.420840826206918,-0.46931326239649607,-0.19729865335629482,0.2770973155047511,-0.6558206629216434,-0.8059308451116177,-0.08327648451912427,-0.48585637725169156,-0.9667505362446763,-1.0125398630038507,0.18487868611301858,0.3151120355070126,1.4291018064049608,-1.037996628889442,0.7301052806618049,0.5617578315158253,-0.9719014575319909,1.3064632485020369,-0.1527969561262281,0.4960115853897773
4,0.903774588,0.8811696171760559,-1.4558410171451803,0.5351710369454094,-1.1012640863125664,0.24603954638444075,0.06303786771280376,-0.4748519444815882,0.4226637362856362,0.5247956078321683,-0.6625350924133486,-0.7844771138627332,-1.2459176152511158,0.4339691379857007,-0.9124654958739081,-0.5834700374495314,-0.47345164456981026,-0.6272933469245188,0.34065168707016363,-0.9843851875191338,0.4648056911910206,-0.10807146892602493,-0.4728915270327131,1.6868644252055611,-0.7211396721265136,-1.5141111710828565
4,0.973459197,0.9522107243537903,-0.17749372836574373,0.6284123370918917,-0.32329934106462554,-1.0240139458766206,0.5456312132710648,-0.7741023164134252,-0.28689663332432463,0.12548144682027235,-0.03583179775425552,-0.0023043399147706367,0.2650524954930595,0.029820059794070528,-0.7971368106348246,0.01850292026994201,-1.1398799240324224,-0.3911161412383134,0.4179518362461939,-0.6060136151195634,0.9267929073384215,0.846932682198989,-0.777842040115605,-0.05664096801892495,1.6345997014398876,0.6838410407600116
4,0.897876767,0.8442662358283997,-0.2661149991669544,-1.3489597468847607,0.9196432594166077,1.593766991415333,-1.006294557928389,-0.7747507456092051,-0.3104737784972882,-1.457712104413265,2.2260487872945034,-0.38804173511874457,-1.5649560718450193,-0.08586445139187446,-1.4791634184706333,-0.8832452508580793,-1.1488743943168254,0.7659932976088906,0.6961360783671515,-1.1449970498877466,1.3430388149563761,1.8682565660410178,-0.9719014575319909,1.6551643271469336,1.9228894849182934,-3.596727876550238
4,0.960368136,0.9275571703910828,-0.05166582060834205,0.7657260567581488,-0.6822954769722931,-0.753971709024443,0.5172868349721617,-0.20442731049440171,0.472768636428423,0.3789632788301573,-0.5637925258912014,-0.3727981479074551,-0.48991489442541675,0.24013272784322803,-0.534940447515896,0.2563367349887303,-0.7588019490378596,-1.2082197574111315,0.09535868213345566,-0.44122094281692864,0.06228217613189948,-0.3733503997940844,-0.2788321096163274,1.285329849796285,-0.7623239269091431,0.03697607997773601
4,0.986881005,0.9895843267440796,0.1601648326118953,-1.0393377474860213,1.4456694706283058,0.030219420008877278,-0.6751820483937812,-0.6975136912290829,-0.27777595358430657,-0.23458014782998213,1.8954375547839935,-0.7574843727709485,-2.8775093587133096,-1.614765856920523,-1.5263692990181494,-2.7248193133176435,-1.2416461530053726,0.36931080883249817,-2.0241539652345586,-1.4602409662210998,1.4894110022506022,2.1865912830826897,-0.9441786836153643,2.0461322032033338,0.2178613369174364,0.941442017435454
4,0.978344977,0.9708592891693115,-0.1351689491679301,-0.023929065732336666,0.05170704378760884,-0.15954189219898673,-0.12872106060003685,-0.586529410338299,-0.10843565778781547,0.9412144749816126,0.31427902347905873,-0.4872328041718296,-0.4390323361622179,-0.21166304406085804,-1.040100101527399,-0.6482038755577503,-0.6906243010995315,-0.23558203017430404,0.8653907607758307,-0.5959099911123437,0.6660674487205814,0.5153340186139147,-0.3897232052828335,0.88379527438701,0.13549282735217763,0.6606564694244903
4,0.946172674,0.9468797445297241,0.7432909383554952,0.7206449300804249,-1.0059857275651694,-0.2112071977170368,0.20192000871330942,-0.3043672200383794,-0.043481710960203174,0.6104759279484131,-0.5558384095657412,0.47893501635084973,0.24526686269055445,0.26033073150115665,-0.10405994899397787,0.6022340859400397,0.6149798943485222,-1.2300900949916926,0.15237887458360438,0.3754692066914122,-0.3082224229566099,-0.49272591868471116,0.7746332992154811,-0.0038074712545465962,-0.2845865714306421,0.3302073574900868
4,0.906250674,0.9548643827438354,0.5427446800518688,0.3039917540846538,-0.5626007350792623,-0.04290651685592389,-0.04005141968647713,-0.6167835885850333,-0.11452411202662899,0.6112936304871145,-0.47432808769060525,0.10794438492389742,0.2894500445327717,0.03234983261387358,-0.4532927948835757,0.3665348410686335,0.1233126116825841,-0.23603428733759285,0.3927490369672328,-0.9406475543065502,0.3687489432791851,0.11078364904012417,-0.3897232052828335,-0.4581755434282005,0.2672824426565918,0.5625505866759111
4,0.94564491,0.9266796708106995,-0.31859066577228407,0.74443570663386,-0.6734351582216991,-1.0609564977624881,0.2581522750363329,-0.6001206078051442,-0.1658212222456458,1.3406706413896632,-0.5762353293610853,-0.558809506615216,0.05927042060105311,0.2851007220722829,-0.8350544284615167,0.2822326775790817,-0.060045599913022135,-1.3553367737043887,-0.09560367968224652,-0.5705355635378476,0.34587828901446227,-0.37998237306578586,1.8280987080472892,0.24979331321446974,-0.5893500568220996,-0.12651248574765517
4,0.896277279,0.9039624333381653,-0.17297747668799712,-1.4567446101214725,1.221601696037434,1.2458579082698915,-1.1246815374344499,-0.7572423785571706,-0.2669997927777293,-0.6989742416970047,-0.6627009222614744,-0.764968993119106,-0.27848174178720825,0.10307687516930604,-0.8363862408307914,-0.7054166484634256,-0.5452644184342845,1.1099675405508616,1.1220698357586907,-0.9931420906483102,0.9862566084267006,0.08425575595331808,-0.8332875879488582,0.9154953724456367,0.06959801969997055,-1.1701621115754293
4,0.927895798,0.9274080991744995,0.4834025304868708,1.8309140232958687,-2.000855604760261,-1.0959160471069809,1.1777283389306763,-0.5927581694864809,0.017466556859611643,1.3957684377179145,-0.6555737938090315,0.30894286504820784,-0.2798547586228782,0.14246976714128606,-0.9745304218221532,0.42329488436768786,0.28015374207712845,-1.6673918003352501,-0.0014828409039536242,-0.3568187739312144,-0.033774571779936334,-0.5656776246734275,0.35879169046608306,0.34489360739035063,-0.3751919319524267,-0.12372478782768596
4,0.936507937,0.9476889967918396,-0.513606195232951,0.0682388067036942,-0.3308559787474491,0.14576655692156462,-0.19801176756686975,-0.5712798951754242,0.0027054149554276985,-0.1757909574222198,-0.6370541813326125,-0.6615530312256404,0.5571760497251629,0.044810311621160975,0.13002341667896458,0.68054101993599,-0.8398453081266772,-0.26965431060261624,0.6699398116080272,-0.9204522567162842,0.7987172434559733,0.10415167576842259,-0.36200043136620697,0.6513278886237449,-0.3504813790828492,0.6229853577018453
4,0.988440367,0.9776455163955688,0.18521168859136133,0.3093014722288165,0.17588337407087612,-1.0769307867330316,0.45573229817754074,-0.5584162450518413,-0.21578663123833386,0.20128530003814016,1.1171237717426021,-0.7004090334528332,-1.7302222965662648,-0.7627333258931523,-1.3759419164458073,-2.125654536755611,-0.43424332222903544,-0.14106936538877757,-0.8441596281953919,-1.284942032542929,1.1280546648679817,0.7142932167649593,-0.7501192661989786,1.6657310264998095,0.04488746683039285,0.9223180361709987
4,0.953115491,0.9232208728790283,0.22402074149807563,1.1875679103590844,-1.2057335182580624,-0.8944442075092883,0.7079866638511543,-0.47226377304929656,0.09364669528171549,0.4738120096989001,-0.6469819318302129,-0.1526317912485887,-0.15131224572419374,0.2077155229941616,-0.397824160792221,0.38787660311751854,0.1264129917148713,-1.428911495478512,0.22522901144499097,-0.12186883835799421,-0.36768612404488904,-0.5126218384998156,-0.36200043136620697,0.7041613853881232,-0.46579729247421153,-0.005005957926528956
4,0.752898698,0.7391042113304138,0.14740366225168774,-0.6771728142743562,-0.27062383243454535,1.7254934942158613,-1.1098603376847922,-0.5833745792425612,0.13512802807637542,-0.3856914088976705,-0.6518799652611231,0.04933259704371658,0.2869109625452947,0.4744991799689954,-0.6028497871928735,0.6269969713043874,0.9220490817867549,0.6322201224461051,0.9022627693177555,-0.41734583384454094,0.40991612095568575,0.22352719465904938,-0.0016043704500620234,0.006759228098329225,-0.07042844656096932,-3.147060292817925
4,0.98885576,0.9271292686462402,0.5000055127123789,-0.11624003676063731,-0.3812233106723669,0.6014442461393286,-0.44289034205363365,-0.5657181213364475,-0.0028021927547632925,-0.4905060829385191,-0.593960240835702,-0.0725760175490132,0.20229795034460754,0.3092455403449966,-0.49583569110695236,0.6794696791988841,0.45653016796623713,-0.3089083159014861,0.7719070945832419,-0.06052179549366795,0.4556574294851313,-0.28713474726196503,-0.3897232052828335,0.4188605028604802,-0.095138999430547,0.41981038216172434
4,0.980209252,0.9782783389091492,1.477984134370356,-1.2608099544885372,1.0212857586011075,1.0875243785407358,-0.9980393603884178,-0.5770962995296466,-0.30562231932929856,-1.735760730503419,2.3059279043570085,-0.9419604131328206,-2.2152689373056367,0.3142770411790687,-1.183397093334507,-0.17376097842225297,-1.2477394346229942,1.250405612476569,-1.325436932842867,-1.1265529490706365,1.5214299182212143,2.0539518176486595,-1.0550697792818704,1.9510319090274528,1.3133625141353782,0.7774874670757062
4,0.813950257,0.9135069847106934,-0.133985073029116,0.4050926623178477,-0.8328723208419084,0.2621691689644187,-0.05163604768617535,-0.5563201928472385,0.9411874617625852,0.6692462042518244,-0.6456172037193786,0.10093380375228848,0.42728403619848543,0.15256798147720363,-0.43714039443910047,0.3267085922559217,0.7218818009752417,-0.43207766652637514,0.9520766817810581,-0.3104226309716668,0.2543956719555711,-0.28713474726196503,0.1092867252164441,0.38716040480185315,-0.6717185663873585,0.4505672978430632
4,0.950696151,0.9154298305511475,0.3672248106039998,-1.2808492215689724,1.0875868130404216,0.9706143027002547,-0.9429781472204655,-0.4429950533246351,-0.3066602398777094,-1.5990103901277888,-0.654838573661936,-1.0111947653540614,-0.5821521281003506,0.15909340353374204,-1.0934880898217043,-1.0079204041228371,-0.774245488476613,1.6446293755590649,0.1428166481124859,-1.217459825760471,1.4162249086034888,0.44901428589689985,-0.8610103618654846,1.3487300459135394,0.09430857256954824,-1.8900113576212612
4,0.980949062,0.9534846544265747,-0.37485119931367916,0.03607417490622563,-0.6145790984659297,0.7137076347047372,-0.2775517473315047,-0.6762031237233644,0.12093688359558358,-0.24579212596820582,-0.6597155921203657,-0.7147506872631962,-0.377833750619455,0.02318087682723376,-0.19341446566738382,-0.23989195145708378,-0.06801232649821902,0.24423868071999139,0.756450813849917,-0.7243513116051798,1.0594427020738133,0.30311087391946717,-0.6392281705324724,1.464963738795172,-0.4246130376915821,0.417701144655058
4,0.934553687,0.9414113163948059,0.6569187416688539,0.7280430295180259,-1.1691448083112068,-0.0631055368539044,0.03886439849242446,-0.5738504387475285,-0.028952757820931516,0.2224820320163126,-0.5654926468958519,1.7649745771523189,0.89486479748756,0.32715710988531976,-0.08789719697033814,0.7965553819919401,1.3301720990754797,-0.7443818839241195,0.2280684792181852,0.7710778870665426,-0.701597676309842,-0.6319973573904424,0.8578016209653606,-0.9865105110719841,-0.2845865714306421,0.24708479501327768
4,0.899911426,0.933834433555603,-0.25340373011961553,2.1978790101519943,-1.5029221710107032,-2.387332346560854,2.045276954490396,-0.38309689846399714,-0.2731858298888903,1.6983609910317095,-0.6659599550203151,-0.048377958555039784,-0.702168248658377,0.2434085213091578,-0.9513237099690275,-0.14160013774869104,-0.3327319774452861,-2.063969240507393,-2.74527387689258,-0.5070852460189386,-0.8616922561629017,-0.7580048495527707,1.495425421047771,0.32376020868459937,-0.8199818836048242,0.17402801089441902
4,0.942519188,0.9224023222923279,0.6029774136338285,1.4862144827012815,-1.7481535732057614,-0.947401578864469,0.6464156906404147,-0.3486016636529734,0.03712227882945425,0.309494123034385,-0.6557285125987935,1.0520049775251925,0.6890507161010871,0.5518762226297835,0.087528822965834,0.7023148754906235,1.5211913696063812,-1.3841757559538779,-0.6275596264851605,0.2879810705786726,-0.9714713966335711,-0.777900769367875,3.1033463082121098,-0.27854165442931383,-0.7293765230830396,-0.07466095445302878
4,0.952583647,0.9501752257347107,0.4028955463753667,1.0506444696642783,-1.158974981370661,-0.7380777563886091,0.6260826343058433,-0.13283373503599202,-0.30485054423835994,0.34591011863208576,-0.6458638694674935,0.21188824692986244,0.261142300650415,0.14763738028402826,-0.38344698404064015,0.5407544072055831,0.22311328469425254,-1.2687925051593678,-0.06425303333475994,0.031433960733263884,0.08057869954367765,-0.37998237306578586,-0.11249546611656815,0.270926711920221,-0.43284988864810797,0.31607251750523035
4,0.955216408,0.8960321545600891,1.0746589132838738,0.8733114605516328,-1.842524532487234,0.6694881305548236,-0.14998053178989545,-0.47307635447605817,0.3194596850668162,-0.1916668858667909,-0.6197892364438149,2.7301926615145744,1.1272619226089826,0.5860580016835855,0.05031964363166344,1.0803031043340876,2.075220561708778,-1.4619524195614355,0.2676321973358681,0.6061142317718827,-0.898285302986458,-0.7513728762810691,2.4102769602964464,-1.1238776026593678,-0.5893500568220996,-1.3935429743745003
4,0.941082293,0.9368169903755188,0.017759726328510854,-1.540232377353222,1.4861125841508809,0.9306814935783332,-1.3044667206844867,-0.7515607132486412,-0.23439646106539277,-0.08453955251712994,-0.6561120149150791,-0.676062190517953,-0.09444685243231743,0.2264855638365264,-0.618499603464075,0.03770574262671783,-0.09283849558006478,1.419901147560435,0.9322380419587692,-0.980653897386725,1.1554994499856495,0.05772786286651223,-0.3342776574495804,0.6407611892708694,0.1931507840478587,-0.19225874238839857
4,0.97779661,0.9858471155166626,-0.829588731206322,-1.1774916025631412,0.8207358552166936,1.4748780345533372,-0.9195407842539368,-0.7498792662031282,-0.19132393289293417,-1.6499534134436467,0.9794451330074284,-0.9543589510936795,-1.7433096073605459,-0.1318205550334915,-1.2569954498974594,-1.2517835476091463,-1.4447921347945185,0.6940891425859103,-1.3906600346665865,-1.3760180536979922,1.5214299182212143,1.9942640582033464,-1.082792553198497,1.2536297517376584,2.4253373932663713,0.7392662929801305
4,0.89861468,0.9026286602020264,1.2866521724515356,0.8834786323161223,-1.06478546935049,-0.5123125837616711,0.477480131100354,0.09990315867386657,4.814674584533776,0.13928597976425883,-0.6300091731289855,0.11362927077712193,0.3408865166530503,0.21898862668897706,0.04756019251566256,0.37972475312020176,1.1066811327213137,-0.9208191881698586,-0.08601376621727733,0.3246339407830096,-0.40885330172139,-0.41977421269599474,0.2479005947995768,0.3343269080374748,-0.6552448644743066,-0.21416446858763832
4,0.953681392,0.9534053206443787,-0.34367834086313576,0.9599483863171289,-0.5686964502985516,-1.1900106651667561,1.0234361550228979,0.3544706180439353,-0.27245597292149065,1.3040056704226342,-0.5424978609014361,-0.3900909113546926,-0.46977650449204716,-0.21575961639572458,-0.9891496952329122,0.08716419126613731,-0.3915706531602508,-0.5982518380318962,-0.24272280360495574,-0.84074200821387,0.6111778784852466,0.16383943521373612,-0.777842040115605,1.0528624640330209,-0.4575604415176855,0.6327765300865587
4,0.979964643,0.9721425175666809,0.8531677438093405,0.3965362450859791,0.15221991338216584,-1.1348330574397272,0.5723413551288686,-0.4636933711325195,-0.3178824012101668,1.5192363843309429,-0.5347601528304077,-0.6051029265549672,-1.6757549214378862,-2.6959026004261246,-0.607747289048817,-0.70004493238371,-1.2052836099330433,-0.549697290369446,-0.07702366453499833,-1.3292716713838133,0.9313670381913658,0.382694553179885,-0.8055648140322316,1.4755304381480476,-0.1692706580392798,0.8715890514428102
4,0.981082585,0.9515389204025269,-0.6898596979615702,0.5688288941614189,-1.1083198875056857,0.3615487290812922,0.03559924256751722,-0.4813757753726295,-0.32243518951981076,0.596334409943289,-0.6590624067230476,-0.7844156277192825,0.1756684218851845,0.11037527359137586,0.30310312173365145,0.37999425422644334,-0.09841794540922297,-0.04926502129483795,0.46651291029007347,-0.6374046216338515,0.1354682697790125,-0.14123133528453236,-0.5006143009493397,1.0528624640330209,-0.7129028211699878,0.4488838296120351
4,0.976725593,0.9780308604240417,0.4232607408285303,-0.493642840718784,0.2505532877760942,0.7054766451727464,-0.5000880758146363,-0.5985864119786698,0.3283556737680606,-0.31884425591212123,1.9960651926590267,-0.08238670429655466,-1.5961607166738427,-0.5661244040637976,-1.3698247559232328,-1.2332788230832639,-0.6727240471327828,0.05674681355932803,1.2075425996597176,-1.0085333177207223,1.1600735808385938,1.4637061964672275,-0.7501192661989786,1.042295764680145,1.3874941727441112,0.5091091994777439
4,0.98968861,0.9887456893920898,0.07366581019442245,-0.7196229584018708,1.2547019969601694,-0.2948519646009929,-0.35614534712536117,-0.7007637430253377,-0.30878497055097587,-0.3323350788563882,1.9882193185371557,-0.8441632513724122,-1.7922768291588251,-1.986986575786649,-1.6240123934923025,-2.6913695761063368,-1.2897112342230113,0.1055212324040236,-1.5033018974990668,-1.6012449403107576,1.429947301162323,1.9743681383882417,-0.9996242314486173,1.5811974316768045,0.5802827790045749,1.0229307962114433
4,0.967838367,0.9622068405151367,-0.47292993380931514,0.7183131804784113,-0.6800266286801501,-0.9330787298833696,0.19168468071579275,-0.4293219896510592,-0.3053515927220899,-0.4285035136500325,-0.5944452126897296,0.6133307388939385,0.3749070138811134,0.162248157643007,0.2440780403318295,0.6181089419457274,-0.3031311118993822,-0.38962584740667594,-0.33335740278320575,0.07528190555360542,-0.5780961432803389,-0.572309597945129,1.0241382644651198,-0.4581755434282005,-0.5646395039525219,0.7133761880036913
4,0.949931077,0.9546486139297485,0.4862501900837963,0.5185380651123886,-0.6821814005667933,-0.3352153220206747,0.059111422661781106,-0.2426820559566319,-0.12729629397031775,0.4874846130708751,-0.2535435813471813,0.23758299609374356,0.013929147468754772,0.18987177168473718,-0.25793328088392115,0.6318438165806654,0.13575292713484904,-1.068254292048028,0.1498712189098873,0.49949898213733246,-0.1664243665153285,-0.30039869380536804,0.6082966557157218,0.5562275944478641,-0.3257708262132715,0.15865416498183266
4,0.915939425,0.9082781076431274,1.029262270762044,1.5663233017679417,-1.640431136317989,-1.1873270149063488,0.8932292781757228,-0.6384230987827619,-0.09296907774015926,1.0633388423071575,-0.6500271178197028,0.4232143804483239,0.03755057756086114,0.31107897495228165,-0.5939464021471063,0.6689816965175772,1.0369074409014527,-1.5148622153425964,-1.1298099864578515,0.1636516152650101,-0.9486007423688483,-0.8110606357263824,2.7429502472959655,0.3026268099788481,-0.6634817154308325,0.10625765751865301
4,0.943263813,0.9319231510162354,-0.08185594557627433,0.9604746943287755,-1.3488541513993586,-0.3889439610864036,0.3358634467516069,-0.45275091160768965,-0.3109784211699388,0.21440411358077055,-0.6067929679452719,0.13433504491033893,0.4567912565326653,0.3599390915663297,-0.2967678918906283,0.5008700722191056,0.3932200084674093,-0.9243768211488876,0.5560822441162171,0.11828964362819215,-0.20759154419182946,-0.6319973573904424,0.053841177383190976,-0.07777436672467622,-0.5975869077786256,0.16330449309083292
4,0.986219568,0.9826726317405701,0.41665218968201645,-0.1032119585456477,0.5198019362250713,-0.858125230654693,-0.05756345036706503,0.042378892864024735,-0.25738212276534816,0.6997078717154229,1.4775170469487853,-0.9384279816163696,-1.0188612352256874,-0.27247204733822494,-0.8286502920341843,-1.443277747633817,-1.3234769287272208,-0.01528250580779279,0.06914596811802456,-1.2877926683400713,1.1326287957209267,1.6427694748031674,-1.082792553198497,1.6868644252055611,0.12725597639565164,0.8503583512423419
4,0.97389313,0.8915162682533264,-0.9928382484459427,-0.1300341251697505,-0.5182130257838585,1.01756191997089,-0.32600866189286887,-0.7528872497849483,0.5424760082334734,-0.1291200373664693,1.7158400305820236,-0.8424235195570259,-0.6582019351549923,0.1895274763740584,-1.1879824664010525,0.08152660722442363,-0.4700538183557896,-0.09422902972144932,0.2791941688850614,-0.8893563337527483,-0.11153479627999364,-0.37998237306578586,-0.4174459791994601,0.7041613853881232,1.0168358797004464,-1.3817732357788242
4,0.983424756,0.8836786150932312,-0.6750511718231795,-0.09945924648988459,-0.9252158425106219,1.3885324093309115,-0.7529327439561878,-0.7054911147729623,-0.2608312293988925,-0.8862576412531391,1.2058442512233636,-0.14895789071157678,0.2925870259926219,0.436997645231098,-0.8553293889152698,0.61954117651988,0.29186348874900825,0.6435448704272394,0.6512135207200616,0.3585575179587379,-0.5872444049862281,-0.6452613039338453,2.826118569045845,-0.6589428311328381,-0.22692861473496104,-2.313789081692459
4,0.965811966,0.9689512848854065,-0.46901583005835223,-0.9223665880246703,0.38119438590397176,1.4016452525480185,-0.9817455958143667,-0.568888126731982,-0.21009474881267753,-0.49654520684435516,1.9948455255829327,0.1274591901561707,-0.3965331032470779,0.0456514178637796,-0.4423684757576431,0.17326381114077455,0.12956616253035466,0.22838227876412243,1.1932990497686387,-0.7410230725909808,1.086887487191481,1.0856837199802427,-0.4174459791994601,0.34489360739035063,0.34965095222185055,0.07035554730319549
4,0.912321181,0.9202204346656799,-0.8752140474425509,0.7241985271220038,-1.3697093307797474,0.5538444189987453,0.08181627697802409,-0.6563054426834116,3.109225316430601,0.23706612343953154,1.3381065090344868,-0.792663272868546,-0.10653058329664249,0.3853927835998681,-0.9831846742716003,0.40980290531407715,0.26641731156289583,-0.49001413779350744,0.09902545090548685,-0.5641567948192509,-0.8022285550746222,-0.7049490633791587,-0.5560598487825927,-0.12004116413617875,-0.11984955230012455,0.10863430508239763
4,0.992684791,0.9607416391372681,-1.1063232412011086,0.21309148852992613,-0.5334620591112152,0.183469370701217,-0.006978702421874093,-0.4479006317912726,-0.29019934564016625,-0.3288188286443373,0.6073325821167875,-0.4749917927756576,-0.18658052509291964,-0.12428499721635049,-0.7747028771166503,0.36431961609803243,-0.04069378213329827,-0.5252844414984025,0.025964149659153647,-0.5763839172758088,0.7209570189559164,0.07762378268161674,-0.2788321096163274,0.4611273002719831,0.020176913960815453,0.5203037881200622
4,0.951802403,0.8896146416664124,-0.9203339164774526,0.12461544593777407,-0.9189110501475026,0.9525813691768287,-0.36849008946046524,-0.6602368529443597,-0.048123654465526966,-0.23706161736721054,0.6967002845112983,-0.4470530722196036,0.4579682517831995,0.4698362024231401,-0.7018001021365763,0.5994003364097485,-0.11793790642172328,0.040973643427205705,0.3167873403120842,-0.4548223640534697,-0.17557262822121775,-0.49272591868471116,1.301366003631385,0.03845932615695631,-0.2681128695175904,-1.103188804040394
4,0.956191441,0.966878354549408,-0.9176983780964683,0.6561455214565849,-0.5406170961950664,-0.4609126407144702,0.7643102156553763,-0.6442238651581355,-0.06575782310630514,0.451677555585099,1.7430270010489655,-0.8147901292110192,-0.6990092981097762,-0.19275725952359124,-1.2133402125777775,-0.309273301344377,0.13084388001821254,-0.5168232995894604,0.11651900001140368,-0.9202362298177585,1.2241114127798178,0.8403007089272877,-0.6115053966158459,0.5667942938007399,1.0003621777873948,0.6782872326685496
4,0.959247649,0.9361298680305481,-0.020890980664130237,1.1883852317241101,-1.507741245339987,-0.30194826268370495,0.8712935228992177,-0.5996361222742858,-0.26489590976590854,0.32392889462265717,0.5042691190061724,0.4061255295091051,0.021351341086409816,0.318554364949681,-0.8329736941937284,0.48180261206923186,0.16446169911374617,-0.5609073653146178,-1.1356501859166073,-0.4003872626785697,-0.3127965538095545,-0.4728299988696067,0.4142372382993362,-0.28910835378218963,0.4320194617871093,-0.26061340415627077
4,0.978584392,0.9774811863899231,-1.8218595209687054,-1.1795040897923763,1.1293623586516057,1.0864138567282715,-0.4538139648426665,-0.7802279123432695,0.32602831297259627,-1.5823238851810975,2.289711080221443,-0.9304972230713556,-1.1979468631045247,-1.7402869236360068,-1.1504617996903437,-0.4737006220207611,-1.0674068904172596,0.14357327960159535,0.13107536051279317,-1.0627974361035974,0.8856257296619202,0.8270367623838848,-0.9996242314486173,0.88379527438701,1.3710204708310594,0.7728711723792682
4,0.991774943,0.9529318809509277,-1.0302873551228195,-0.6409601633802551,0.037560499645926934,0.9017899670713323,-1.0190919733969017,-0.4380025144476249,-0.07761046421840741,-0.9721257152554387,-0.3165436498102545,-0.7235905528892419,0.4355219506957307,0.2237471991885324,-1.080561482326574,0.5859051632899098,5.779834600538604e-4,-0.20923773380420632,-0.92474268890616,-0.5064619854351066,1.1143322723091482,0.5683898047875267,-0.8610103618654846,1.0528624640330209,0.5802827790045749,0.5736576958738347
4,0.971359743,0.9661397933959961,-0.48577910196513946,1.0768758996132528,-0.44133848566547146,-1.2873903077263706,1.2445939957885288,0.059034495955209036,-0.3291612139346424,1.681167150330325,1.1666137879092473,-0.720479730994954,-0.008793446418152611,-0.31139074450833726,-1.0508352119025994,0.40638581800825285,0.07048524430795192,-1.1534766347332186,-0.49481534336146055,-0.42869322122923054,1.1509253191327045,0.5617578315158253,-0.4728915270327131,0.3131935093317235,-0.1527969561262281,0.81873768030661
4,0.748305441,0.8772173523902893,-0.030962803477942513,0.2833938172568755,-1.1506376468357526,0.9089061907177268,-0.6091069238031107,0.6924020829557953,-0.06358479947956815,-0.829389699018949,-0.07996496527118964,4.3429632728202945,1.047485593376848,0.5287708281569091,1.0123736956327962,1.1281549348313553,1.865601951298892,-0.6859417784593497,0.6739750743796983,0.9854593041099163,-1.406013827663304,-0.7646368228244721,0.7746332992154811,-1.0921775046007405,-0.8035081816917725,-3.2214677831085248
4,0.935239207,0.9261016249656677,-1.8097112806864895,-0.3249663405020047,-0.2942113633903961,1.2626028761624326,-0.2220469910871146,-0.6235534710337193,1.8611878961482566,-0.05588176419069757,2.2699895738604647,-0.6496472038126627,-0.7444388357244747,-0.10978427787483824,-1.0978721351542677,0.05207091884428287,0.7103885712184035,0.524466174324889,0.27724006054706185,-0.8608168822990002,0.8627550753971974,0.3429027135496762,-0.5283370748659663,-0.4793089421339518,0.6873618414394114,0.4854763552742319
4,0.956115108,0.9216515421867371,-1.202744213176087,-0.2972486700387487,-0.6870968461735439,1.6931372534686644,-0.5952233871409398,-0.7641283920203924,-0.0946416974646547,-0.18881564743657578,1.937179510133106,-0.6202772377821503,0.18842531982716837,0.18435799000317712,-1.2742059302226367,0.25818154050581626,0.19852798220702722,0.0846148474345491,0.775507828366884,-0.6473538093902103,0.05313391442601023,-0.3866143463374873,-0.2788321096163274,0.5562275944478641,0.8850462643960326,-0.28915711769679875
4,0.969072165,0.9702793955802917,-1.4888123885349536,-0.9254599315399278,0.3577377530899317,1.298758156478807,-0.8489273692736932,-0.7802279123432695,-0.29494899094674765,-1.2802497353283695,2.3153167848874916,-1.0536027304161286,-0.5113958181000207,0.18659722145250532,-1.313450750138008,-0.5500544753323162,-0.2962747296654232,1.4256338179889843,-0.13416987804880795,-0.9102953154319817,1.6083384044271605,1.11884358633875,-0.9996242314486173,0.6935946860352474,0.14372967830870362,0.8273703428984442
4,0.976525822,0.9774497151374817,-0.934566999476878,-0.46829868625747595,0.2170440254336478,0.8014644981655602,-0.3181120930711831,-0.7420151781724713,0.12658189451366822,0.34384221780781266,2.310809685187018,-0.9272973700970318,-0.4335648426743673,-0.4932386286034926,-1.1684114625925999,-1.3706690243949522,-1.1846339639732562,0.3199660109754386,0.7659822058890436,-0.8271948235178099,1.2286855436327622,1.0193639872632279,-0.9441786836153643,0.5456608950949882,1.0003621777873948,0.5343582791592614
4,0.924963072,0.9282997846603394,-0.8133619051855894,0.05064349136473048,-0.5669604014266956,0.6236048298484986,0.2390342083385063,-0.7273240525364324,-0.038602553844571987,0.10306185704213519,2.0636597898254023,-0.2969383511985874,-0.18118425406038585,-0.04586983430804228,-0.9788801269356796,-0.01939580321731456,0.12403798000823939,-0.4089434838092348,-0.15631608640590966,-0.40390804149284054,-0.02005217922110246,-0.22744698781665174,-0.7223964922823519,-0.08834106607755204,0.9015199663090843,-0.10254828595937987
4,0.984948888,0.9820030331611633,-0.8911877502728484,-1.6846421263476055,1.3875991330347894,1.5480510078971885,-1.1837139179949578,-0.7503380193368504,0.5877363145807539,-1.0443130125545368,2.304771165474888,-1.0045229461046215,-1.4887055339261688,-0.5895694828242393,-1.196103355908118,-0.3190260229937454,-0.029707445114365773,2.016411856592827,0.8737298513837783,-1.2655841839082251,1.4894110022506022,1.6560334213465706,-0.6669509444490989,0.5773609931536153,1.4945732351789474,0.24575072122047678
4,0.717144763,0.7885971665382385,-1.1626632321532777,0.21619958703516715,-1.067294513949756,0.9319150295707569,-0.28936057423335326,-0.6408300674848668,0.6775756875371678,-0.7326513050532365,-0.13588712159377597,0.7852267546475413,0.5769708347872939,0.4454441213871333,-0.3350415285388453,0.6084612640531752,0.6378355245549919,-0.4850407436661987,-0.5445459310727582,0.23293925536110432,-0.34024133892722164,-0.45956605232620373,1.550870968881024,-1.0604774065421136,-0.06219159560444347,-2.8568348803199983
4,0.933765681,0.9443813562393188,-1.2217476056774046,-1.3675882442760385,1.1122337171395102,1.4090375167852296,-0.8477008386876681,-0.6850313464104881,1.1361365807069235,-1.630849445840399,2.2931506251019766,-0.3362481496390674,-1.1954517645760778,-0.6698669685783256,-1.1001787779466536,-0.17529500270984133,0.36599312629614444,1.9689492297987026,0.009142276985199189,-0.9120483507319332,1.3293164223975427,1.6825613144333764,-0.777842040115605,-0.035507569313173684,2.104100205961862,0.31747837056171646
4,0.996791199,0.9862878918647766,-0.8663099614042862,-0.9472002723725794,0.8455142028762285,0.35696738667858685,-0.7371717918634568,-0.7597067449970974,-0.328002929425579,-1.3793917000581741,2.3331433398430614,-1.0096839732288616,-1.0385312901584236,-0.01348370359946368,-1.2009215115751648,-0.4669900461728087,-1.5068475699975792,1.3768527772361867,1.0910545551775792,-1.4267191071502896,1.6906727597801623,1.9544722185731374,-1.0550697792818704,0.3765937054489777,1.1733360478744383,0.6005233871835207
4,0.861402426,0.8793596625328064,-1.5180483608482227,0.40066561657149985,-1.0423989129377074,0.5590069143508238,0.0022271416163521926,-0.688192820290487,-0.1757579702582202,1.2535201356999333,0.8553178169095316,0.05006238625066027,0.1703416763287387,0.3962212017003115,-0.6576632446900955,0.5025146208171852,-0.4309567558877183,-0.6589598512212121,0.48387976388129733,-0.16020947616102613,-0.20759154419182946,-0.6319973573904424,1.6340392906309038,-0.6695095304857139,-0.21045491282190917,-0.9753871252198859
4,0.974414303,0.9673097133636475,-0.1813767792503201,0.11102898986446211,-0.547576530772416,0.5170483156100129,0.12982363845822542,-0.6698538921641145,-0.30315616246458654,-0.5297125923478162,2.2847384525307275,-0.7579547005659198,-1.2220661388169474,0.12236550531512558,-0.9450242882123912,0.17754651189582185,-0.32549266432134444,-0.014176642481583252,-0.11069631333711272,-0.6751918628712983,1.283575113868097,0.886724521829198,-0.9164559096987377,1.0845625620916475,0.7450197981350924,0.5700323769586095
4,0.913709812,0.9261656403541565,0.001819947992807591,-0.603580595641344,0.4083455866631744,0.7848087756978406,-0.6174116088873234,-0.3776192295601484,0.39018345024067713,-0.40282436428443313,2.221687000798343,-0.15611960158909163,0.4621049383678359,0.30697812669772645,-0.15991802373929984,0.6575798719673716,0.24206379994875185,0.9719657560044764,0.15797642414645785,-0.9627613546084041,0.9359411690443101,0.4158544195383924,-0.777842040115605,-0.035507569313173684,0.48967741848279045,-0.05416284758060597
4,0.940916621,0.9303252696990967,-0.44153459867223077,1.097686620618044,-1.609488602422697,-0.012578207745691227,0.6573797056202894,-0.582517629638374,1.7854354631904508,0.8382229377392558,0.6456515063715552,0.08780054685870659,0.013565938929617972,0.5885441038252044,-0.6345836004442116,0.7363254409393394,0.44216851044759126,-0.7254744716909031,-1.0720323866139552,0.15931453055333117,-0.6604304986333408,-0.7115810366508601,1.1627521340482523,-0.29967505313506543,-0.5069815472568409,0.3893222339489244
4,0.934331935,0.9413428902626038,-1.015779564312417,1.157291383122571,-1.5589878550391871,-0.40435711858251383,0.678858774471391,-0.6509045359361849,-0.14996227771224208,0.2520974632415989,-0.2647600499579515,1.6432844264905406,0.5655933125014866,0.39345845157616427,-0.3844765667924922,0.5574380171892233,0.5078423158177193,-0.6876544599852374,-0.652926684639728,-0.21979796814501315,-0.2762035069859979,-0.3733503997940844,0.9132471687986138,-0.8597101188374757,-0.07042844656096932,0.15503167537000795
4,1,0.9306129217147827,-0.8417247399778136,0.07407973367615577,-0.5695332017351616,0.2263588308203517,-0.24344507462788337,-0.5668105706668728,-0.03081822889479961,-0.45220194808526315,-0.41682048576105085,-0.06153843288439875,0.5757223755799534,0.3437071609169506,-0.45463095352036603,0.8493028288086354,0.9328001457837449,-0.6827212038739401,-0.4348238212840192,-0.22974807516476975,-0.5140583113391151,-0.6121014375753379,-0.5283370748659663,-0.5744092363098326,0.05312431778691885,0.3320959093316435
4,0.951602564,0.9562931656837463,-1.27856393473173,0.9437235016046951,-1.3474992685744132,-0.26243857140131094,0.5511185947850604,-0.7514547428922571,-0.27470340338914073,-0.12758608872693855,0.04612981443255667,-0.011369683815226728,0.15342425431120763,-0.06624418279169376,-0.9059544204405324,0.2046313470452951,0.11004126679241175,-0.8793725345106117,0.0881112083248697,-0.2529070779501294,0.7438276732206391,0.23015916793075097,0.08156395129981767,0.35546030674322643,-0.1116127013435987,0.8261520252296726
4,0.976587796,0.9591721296310425,-1.52144078998938,-0.14544405865600235,0.028083902122689384,0.4188415423609346,-0.05594653553462932,-0.690982318839942,-0.18174383726488172,0.7008853412061868,1.854581018162285,-0.8017963458782212,-0.5814635221773792,-0.3244159565605261,-1.1094310453418728,-6.831118793458591e-4,0.3556763723215201,0.19996156324138015,-0.07363457815898652,-0.826589948201938,0.8993481222207538,0.6745013771347506,-0.8887331357821112,0.7464281827996259,1.9887842925705002,0.7257883093057461
4,0.98225692,0.9565157890319824,-1.0157565303323588,0.8892605393286496,-1.0007839441670225,-0.11124986552260577,0.9617478409901687,-0.6530782946630473,2.431047946981431,0.7685306158300247,1.8638466637744637,-0.762747691962583,-0.4876326471172543,-0.02688918096383828,-1.323510985205242,0.09464463496244721,-0.9161748994220055,-0.24163424855917182,-1.4901576816407527,-0.7393031307733563,0.27269219536734896,-0.02185581639390556,-0.44516875311608667,0.5245274963892369,0.9674147739612914,0.25710376720748535
4,0.978544609,0.9502236843109131,-1.1977792763631254,-0.6650315824701727,0.11925810217601743,1.3257770503236528,-0.5137727408948741,-0.6572112656709516,0.8352735917130125,-0.13142304198549332,1.938719401611894,-0.5653736400384408,-0.5159289056630818,-0.3436949625360093,-1.205237252972971,0.12488934483769502,0.4873953723085467,0.7097961240127387,1.2279143907953198,-0.8650951341532084,1.365909469221099,1.4769701430106301,-0.7501192661989786,0.6830279866823724,0.16844023117828102,0.5377737717010329
4,0.976005646,0.9576930403709412,-0.8482994208113973,-0.24228968615581697,-0.38343208366567966,1.1491908117536072,-0.41615712332677307,-0.7549428509154709,-0.2946992676279517,0.470139003305796,1.870824672767679,-0.025040375126062855,-0.2829676050274805,0.43392936791136805,-1.1657147804607326,-0.03894330181569933,-0.4924925417907484,0.07724726434650166,0.6461392705884784,-0.48533179696909307,0.33215589645562876,-0.16112725509963688,0.4142372382993362,0.29206011062597226,0.09430857256954824,0.5896088668689782
4,0.961928155,0.9503625631332397,-0.6201406489489172,-0.11757897548075323,-0.4567048865569353,0.9831300557140831,-0.08181547539630647,-0.7252527364455966,1.598715970353232,0.5420522160232072,1.844816929383412,-0.6644683858955576,-0.493392023188285,0.27245012213752223,-1.2386296382314819,0.38061680913755025,-0.257915438336621,0.4886406981630036,0.2843880383602995,-0.6038662158218775,0.29098871877912746,-0.20755106800154724,-0.14021824003319472,0.3660270060961019,1.041546432570024,0.5087309232487532
4,0.980106516,0.9519281983375549,-0.512358086731045,0.26863871343686235,-0.9139438457106968,0.8073699567505093,0.07621661180740198,-0.6820619538157392,1.0638315042144961,0.5877226335241109,1.2174244892427841,-0.6823246022721574,-0.5517002595906524,0.22730198300991883,-1.0565509424277497,0.3452213735238822,-0.6690934656962279,-0.3516085219996464,0.017874371098701082,-0.520105692787955,0.5288435231322447,0.34953468682137756,0.3033461426328299,0.8309617776226316,1.2062834517005416,0.1932084473920132
4,0.967490729,0.9506648182868958,-0.9042387857646338,-0.2963590594389195,-0.6337800580858167,1.5584416764989144,-0.5348598233513538,-0.7027750923457645,0.20352665649117171,-0.4925710432106308,1.7574861458664723,-0.7170035434021416,-0.22308011921939372,0.06165728774348667,-1.1390936113041812,0.2735042394990648,-0.2812560671475438,-0.0326649631702821,0.5389275944103712,-0.5054085095810193,0.3413041581615173,-0.041751736209010064,0.053841177383190976,0.17582641774433974,0.5226248223088938,0.6290073909742846
4,0.957714286,0.9518305659294128,-1.6450468296004241,0.1358831152004727,-0.8831751348700448,0.9629395371833717,-0.15686259099185898,-0.6773587336598333,1.2221192102980911,0.6377605061219307,1.3638427615664852,-0.778222408970543,0.006942261366586182,0.20185992241622217,-1.0567793879513296,0.4034205317948459,-0.30093641740068694,-0.7059283958149882,0.564925997715671,-0.5061117460804756,0.9771083467208114,0.2765829808326613,-0.5283370748659663,0.7358614834467507,0.4814405675262644,0.4997014712981727
4,0.932435894,0.9177709221839905,-0.4884000248421631,-0.4727520370423458,-0.27082520146115585,1.25625188580999,-0.8317335411714027,-0.6910001105095241,-0.049245153682505184,0.4821941312108113,0.5117263214106595,0.0010688401405529009,0.08431097598535496,0.4209761461277086,-0.8359476773015417,0.6532678288055058,-0.04114335516173743,0.6388617397205251,0.8748904135501483,-0.4119497576983871,0.2132284942790698,-0.1147034421977264,1.1073065862149996,-0.16230796154768165,-0.004533638908762238,-0.8166980393202414
4,0.965049904,0.9571090936660767,-0.5195025013107166,0.0572181981456779,-0.4975020536923411,0.6777494387008953,-0.12294241201157577,-0.6295003509136999,-0.1784015323370353,0.04589934795055898,1.0861757532634029,0.007644586748326668,-0.11234997895695355,0.359510631679736,-0.765653730495907,0.5510001036960543,-0.028417800358798574,-0.0898081817191945,0.19016397184688377,-0.04747560934950807,-0.08866414201527086,-0.4330381592393978,1.9944353515470485,-0.3102417524879409,-0.30106027334369395,0.14376303420867317
4,0.950852127,0.8829382061958313,-0.43730329514002425,-0.933691306996413,-0.16706432892600095,2.134000202165986,-1.5507966123568628,-0.5786056536166237,0.17257747047073652,-0.634860344874538,0.22941544439669725,0.4171112675295777,0.9644555609174086,0.43853330023395604,-0.2814928547617401,1.09624870735073,1.1091207287495783,-0.22900340981743406,1.440467424780937,0.4719743974749566,-0.7427648539863431,-0.6585252504772483,3.297405725628496,-0.8491434194846003,-0.696429119256936,-1.6589392052531378
4,0.982531965,0.9622023701667786,-0.13618135388448313,-0.03003074300453745,0.050548409114301904,0.0763500838401198,0.12735550285949518,-0.7156905438337429,-0.13697766718195467,0.4410228711879341,1.5434850100300437,-0.953390257697561,-0.48100562518982515,0.09158172524383408,-1.1261711488642534,0.4112984254020447,-0.4591151685037618,-0.16901282686295405,-0.1402749097194383,-0.7782982841157513,0.9771083467208114,0.9066204416443026,-0.4728915270327131,0.18639311709721557,0.9015199663090843,0.1395484024687438
4,0.959760956,0.9263265132904053,-0.9461640090513876,-0.5146138496602595,-0.1720272795636152,1.286680230361478,-0.635172971399985,-0.7207822151438155,0.47610291021076134,0.8875097338392004,1.0622838796808798,-0.7598724173006218,-0.15852718470299235,0.44952678022784626,-1.0883335548318926,0.31457969977900196,-0.36448346101334067,0.21285949573513788,0.6495283536256243,-0.6478998518486118,0.2818404570732382,-0.2340789610883532,0.9964154905484933,0.21809321515584265,0.8520988605699289,-0.19315360362582684
4,0.969742249,0.8808890581130981,-1.930349431587409,0.4453990450480741,-0.9914374196650945,0.39766804001201583,0.05959513260732207,-0.7802279123432695,-0.34794389768103745,-0.30901311082804794,1.4317896349069525,-0.3475105662568655,0.5176131935470686,0.13651896703169072,-1.1640359481516016,0.07920655181197007,0.7476476695158808,-0.5678567704664989,-0.026974891751304984,-0.5119490686576611,-0.7153200688686756,-0.7248449831942632,-0.2788321096163274,-0.5849759356627084,0.08607172161302225,-0.22928400428142473
4,0.905946602,0.9445845484733582,-0.02522516840423421,-0.1922443386918684,-0.16010391306127614,0.6941895899612577,-0.22604435238327114,-0.6443133507395634,0.15395607438397507,0.8108339958231549,2.1670250588322886,-0.6791537994728603,-0.535195936654631,0.3014249100452567,-0.7122859592735393,0.5350589242772472,-0.08455370141344881,0.38782871781417255,0.18100052066851532,-0.7007768017639323,1.0045531318384784,0.4423823126251985,-0.6392281705324724,1.0000289672686424,0.11078227448259993,0.08522329134883896
4,0.917392761,0.9483428597450256,-0.2493830442621652,-0.10473257191097689,-0.41445941151209165,0.8913704318453941,-0.34875377461517093,-0.015284906325494703,-0.169461088316282,-0.7217345513330576,2.2510118135686366,-0.3303229852997,-0.47320451249854395,0.3032792316489471,-0.5308013857030531,0.39468336930257364,0.013218050096227984,0.4819658825574923,0.682883663201518,-0.6144956584927431,0.6935122338382486,0.23679114120245232,-0.6946737183657254,0.6618945879766207,0.8932831153525583,0.13211034373106545
4,0.975032304,0.9572916030883789,-1.0209076895256948,-0.2892954940076459,-0.5580752358271239,1.4271357871884192,-0.5759180225022303,-0.7466127922912488,0.24650664505782915,-0.06427847209734218,1.4090350674320946,-0.16592528063447065,-0.04071483964056016,0.2507744866345639,-1.213356837033958,-0.06354976959803409,-0.48840029750780856,0.2952176528727634,0.8272167868459726,-0.15213742426334606,-0.15270197395649496,-0.5059898652281141,0.5251283339658421,0.14412631968571302,0.176677082134807,0.6955599336662812
4,0.994199243,0.9350439310073853,-2.180844371079913,-1.765792942514998,1.4394979725196364,1.9238484390833808,-1.2131517897331583,-0.7574972543389419,2.1889985923360786,-0.5502786479236236,2.321354034886307,-0.9857425729108322,-1.135936898318351,-0.2817509639623422,-1.1534140059267657,0.1427210300997471,-1.0275714357181462,1.2536113707178447,0.8676336231911148,-1.0861807391580647,1.4848368713976572,1.4968660628257349,-0.8332875879488582,1.390996843325042,1.041546432570024,0.7478137493829013
4,0.896669678,0.9050483107566833,0.5350422417383237,0.705858597054115,-1.7811967380300948,1.0011979302413467,-0.1525542218215841,0.31399221464872185,0.08091316663012402,-0.15846575789669978,-0.13189929166412165,4.041290524417117,1.17302180838808,0.5692836089628482,1.073750624353353,1.1721809037467197,2.571830979198221,-0.8534757263149412,0.3046165576220664,2.449207928296986,-1.5981273234869757,-0.9105402348019047,1.4399798732145177,-1.4514452825985134,-0.9105872441266087,-2.208582824926316
4,0.955375093,0.8976045250892639,-0.30022317637463874,0.10091525422294424,-0.7662724678931274,0.8850301595759422,-0.22607368268500286,-0.552319684561031,-0.1624063500511565,-0.16427412972945052,0.7407561999654485,0.1860263624511629,0.29765825758102976,0.1787185746970109,-0.6648402253027593,0.5252680384873902,0.07997532311589821,0.1596539408637094,0.3070173918273647,0.01728557777492382,-0.45916874110378025,-0.41977421269599474,1.5231481949643975,-0.5849759356627084,-0.3669550809959009,-0.8866257447148103
4,0.962724174,0.9494797587394714,-0.7033179018882563,0.1646192214827303,-0.878489760362917,0.7439451451606205,-0.18737563394105156,-0.3622203649857667,-0.0690848354614096,0.16095190528473574,1.5824665518338883,0.09139547806446152,0.20549795506853,0.2270267391107403,-0.7718932545460372,0.4091413601620929,0.17244697948267707,0.674338081969711,0.29634596608597374,-0.1074483534338509,0.4236385135145199,0.18373535502884036,0.2479005947995768,-0.2468415563706871,-0.19398121090885748,0.2057163561507545
4,0.687959866,0.7462263703346252,0.11212520850294097,0.4804482584144906,-1.1646590057462094,0.5838252656019653,-0.017263611260914413,-0.6897799525103883,0.9699308546751566,-0.3208057187224062,1.3564497805101485,-0.534770743514196,-0.034752688567700536,0.4552598602919891,-0.8988884675895533,0.3653274817708925,0.4602512385832166,-0.42644360738491827,-0.7576220096228378,0.09963595075634163,-0.5506513581626714,-0.777900769367875,-0.25110933569970084,-0.341941850546568,0.2013876350043847,-1.3433938660082365
4,0.974011299,0.9312121272087097,-1.0572588589561318,-0.3397453763028043,-0.49612791339401374,1.5230443908407725,-0.6062624133873692,-0.7675830005747772,1.313026251103627,-0.22327496970373584,2.238140055321509,-0.7708471427018195,0.4657536701119667,0.22901506857359208,-1.1720758924616934,0.26167723522437625,-0.16059436427472112,0.13199346198244669,1.4482817513081818,-0.6089359534617482,0.7804207200441955,0.29647890064776583,-0.6669509444490989,0.4399939015662315,0.2919929955261692,0.29189280002799506
4,0.954185621,0.9484022855758667,0.5310298456755171,-0.7824115412613213,0.44059107673223885,0.9449705444980764,-0.7330183406931303,-0.34316403674728424,0.02968840818204177,-0.9593577232539947,1.9511427500084522,-0.056572452941938224,-0.38259972755775457,-0.04141453375803402,-0.344167673857848,0.2620579588656833,0.921416212615548,0.6584371585470198,0.7641236425543854,-0.0517005439266331,0.7666983274853619,0.4092224462666911,-0.11249546611656815,0.5667942938007399,-0.11984955230012455,0.1575342024034714
4,0.951970126,0.9145424962043762,-0.2934321481552959,0.47046031818411127,-0.6965079142115904,2.9931720188199827e-4,0.20859746119095923,-0.6649648029480997,0.5137297740171345,0.01066957331104595,0.786786688518439,-0.30724386121261194,-0.369670220737672,0.3019673453083434,-0.850950575420513,0.3132693681994601,1.60456478200379,-0.2962257776753925,0.61602668261144,-0.589117553864655,0.679789841279415,0.09751970249672125,-0.3897232052828335,0.39772710415472895,0.4320194617871093,0.11042281733499079
4,0.963396779,0.9806384444236755,-0.46846249303844334,-0.701176739866077,0.6377360551065874,0.7578423772811015,-0.35583701796459155,-0.5385985298506113,-0.18431555383681375,-0.6380127220745682,1.8853961392799852,-0.05021834066714657,-0.2019146881331033,-0.22596566366237647,-1.0377533382601216,0.06461810781881729,-0.26634376609134003,0.8940809431321011,0.42473816584904284,-0.4344910154803028,1.1280546648679817,1.0989476665236457,-0.5006143009493397,-0.0038074712545465962,0.5473353751784715,0.831107100388002
4,0.932296085,0.8771365880966187,-0.6776668119879296,0.27128521864517807,-0.9928689104999203,0.6611935012394817,-0.3345345045387093,0.307028176890917,-0.09396536775731389,0.27424525512371234,-0.3362572130250503,0.7969796581621792,0.9701153629049715,0.19144055836310375,0.060171620488915674,1.064867370477319,2.0553779655684963,-0.19543266298853001,0.2972614465486867,1.1650162658475391,-0.8479698636040678,-0.6850531435640542,0.5528511078824688,-0.6589428311328381,-0.1280864032566504,-1.4617202241003442
4,0.974385246,0.950253963470459,-0.1481778990519267,0.6050247555990647,-0.41364140709295966,-0.664856097424924,0.6801048137455011,-0.688325108461189,-0.12712696071410062,-0.6270105501165255,1.2073382250603089,-0.7310781372227027,-0.2654144432727206,-0.01568095999393411,-1.2272566402542229,0.44145970253297273,0.6119685566842703,-1.0190238751526506,0.07447247406438802,-0.8483498320955689,0.6523450561617479,0.3627986333647807,-0.777842040115605,-0.3102417524879409,0.2343350388304881,0.6887793527045619
4,0.975591344,0.8817529082298279,-1.4872750515360305,0.1719556797969943,-0.8323740063306837,0.619472661176861,-0.41960143090639795,-0.305176119781855,0.483125241859678,0.4996069654707991,0.10680113942079845,-0.5588964749992356,0.35533893618730655,-0.11359402513619984,-0.5101470783023992,0.927125300192419,1.7621833406075407,-0.10615898598882374,0.27405794160082464,0.4868048738745998,-1.5203670989869182,-0.8176926089980839,0.27562336871620347,-0.09890776543042748,0.6214670337872042,0.05307478360849416
4,0.923014913,0.9494273662567139,-1.7816007224961972,-0.3114613302220658,-0.2205658111475072,1.0025314137563757,-0.48045096313988994,-0.7621845080020758,2.160323456617182,0.35819303589305973,1.9726054354248743,-0.4008938684669232,0.024916262110012254,0.2829178684229671,-0.7577233652391451,0.28875448779076185,0.15397066361744932,-0.14632128388717233,-0.7766608673838585,-0.8299912227744712,0.3961937283968522,0.024567996508004796,-0.11249546611656815,0.3343269080374748,0.5967564809176269,0.42886616462370425
4,0.831113479,0.8549604415893555,-0.9378549392783332,-0.30637082365114615,-0.6004373861739604,1.3301413029240965,-0.7234754092983802,-0.7482873844059073,-0.0033691176571799975,0.5850054525026462,1.4905861595162693,-0.6274094796190495,0.39266479100843693,0.5100720738658826,-0.8747664098212559,0.3620653080917163,-0.034561229185521174,0.5618636176337941,0.2189465613129814,0.35790208315597705,-0.5323548347508933,-0.6187334108470394,-0.0016043704500620234,-0.5638425369569572,0.8603357115264549,-1.099322650894814
4,0.897544854,0.8950681090354919,-1.6626249869663616,0.31599642852951554,-0.921609210500859,0.26445528038475064,-0.2123627525336954,-0.6957016325975494,-0.16925002480050744,0.22869135146094174,-0.18193775095543896,-0.3678671940734594,0.9463407701954436,0.490767261575731,-0.21585081906134584,1.1239104129281738,2.1905712843370493,-0.6313658554561191,0.5085656086882646,-0.10373085225241228,-1.300808818045579,-0.8773803684433973,0.8855243948819871,-0.1834413602534329,0.020176913960815453,0.5552663079374213
4,0.907109005,0.9248980283737183,-0.5749253321395547,-0.4302505525550253,-0.1825458294656205,1.0537933671464852,-0.5608619467182987,-0.3984174979529366,-0.32653288567144906,-0.5010761027066648,2.2817818783458805,-0.5985312538453889,-0.4634891457865247,0.11200878549604343,-0.9456749708951105,0.01941683230079167,1.4955769385149909,0.2562281944381809,0.23053519037219344,-0.764411891225836,0.972534215867867,0.40259047299498946,-0.8332875879488582,0.32376020868459937,0.8191514567438255,0.37960884287614793
4,0.719188302,0.9054935574531555,-1.3938605997978568,-1.0919368134445434e-4,-0.9244269503939038,1.2167245655056838,-0.397568947471918,-0.7267711609183595,-0.09192368852656362,0.1257569481127053,0.6497591389364924,-0.7183530072461728,0.20278794608833714,0.22732244442497648,-1.1515487939198596,0.39849266417675205,-0.32766519434594565,0.16590902002468982,0.5103182464836798,-0.38272269722294827,0.08057869954367765,-0.22081501454495014,0.4142372382993362,0.05959272486270758,-0.08690214847402102,0.6310265159854164
4,0.950717405,0.9461476802825928,-1.6539475428300832,1.243594078446321,-1.531591122659793,-0.5576274610738149,0.9465555202424346,0.029973893828967355,0.2924673359598389,1.0644904933066495,0.4907024459105749,-0.2985980827760842,0.20055783507078648,0.41218439280796504,-0.7174783798467276,0.46220241052934075,-0.2953286901709867,-0.940525208595313,-0.9093911150258105,-0.014379369231962844,0.22237675598495907,-0.36008645325068145,0.4142372382993362,-0.26797495507643837,0.15196652926522933,0.3776240620103202
4,0.977249916,0.9685255885124207,-1.4472810388572168,-0.3015967802372986,-0.0346814899933217,0.8423335423604099,-0.12816168203188658,-0.6903450635932159,-0.2565641488564622,0.5686224653654579,1.748773761978561,-0.7648312466616417,-0.48586495539194013,-0.21740368405823798,-1.188460359195287,-0.3317653391541476,-0.7576538244378557,0.22091986266188154,-0.46410859407678057,-0.6532996050483577,1.0685909637797026,1.0591558268934367,-0.6115053966158459,0.7147280847409991,1.725205061961672,0.48558278941596467
4,0.934525308,0.9486393332481384,-0.6265685042448158,0.6525024429169,-0.7599037892932713,-0.3222347084568226,0.5374281113241659,-0.6899699535058358,-0.27961881555354834,0.4754368254637786,1.6301699308042312,-9.143629260446211e-4,0.3709751507484514,0.2793347080436512,-0.6157070461953146,0.7154317076463719,0.5111906166637564,-0.5948207526608035,0.05058467399516032,-0.22414516475406993,0.7392535423676941,0.19699930157224355,0.13700949913307078,-0.36307524925231927,-0.07866529751749517,0.7032353104480109
4,0.897383273,0.97099769115448,-1.5546844851969037,-0.512238319624071,0.48019245313246645,0.5333936639210397,-0.2118693034583587,-0.6424444377161244,2.39045589541908,0.9731154706918125,1.901790074749122,-0.920006289632459,0.029011976457332035,-0.16298846415944304,-1.174639278847347,-0.05279620695822033,-1.1243616236473177,-0.5986292634277637,0.04945979429491651,-0.987495055594507,0.28641458792618313,0.28321495410436265,-0.777842040115605,-0.07777436672467622,1.7993367205704052,0.7516489927977069
4,0.873990307,0.8974704742431641,-1.961575455796099,1.4510979830778723,-1.5352908557660554,-0.37631445998574176,1.4637201260276096,-0.7802279123432695,1.5267628490105773,0.7594246881167842,1.0031129675538388,-0.560560310047103,0.9357236024161701,0.23999583139254815,-0.8319267068346315,0.39909829647797945,-0.3848793527962803,-0.9056663744644932,-0.895934322277841,-0.31801758516579404,-0.6284115826627291,-0.6319973573904424,0.3033461426328299,-0.5532758376040814,-0.14456010516970225,0.22894209139757557
4,0.995046122,0.9824374914169312,-1.6520060783421675,-2.456857989045013,2.6785170084774164,1.1841319248231075,-1.5978154657424504,-0.7494937215468047,-0.23533171482133491,-2.573963071665331,2.3335159527673834,-1.030125955759724,-0.8289389858690341,-0.21860172571268283,-1.3035379370806692,-0.593512626974654,-0.2236194423617575,2.066968479988698,1.4610156360568398,-1.0785922198077236,1.713543414044885,2.4187103475922416,-1.0273470053652438,0.9894622679157666,1.453388980396318,0.6962180165533711
4,0.957869634,0.9128190279006958,-1.098123354254434,0.9620683675159215,-1.5704814852658178,0.13080744065282443,0.7727761242275694,-0.6616357941283574,-0.07714292904918472,1.6110672738022558,1.9018366514397929,-0.3397501918464589,0.23871152465879072,0.2808274631062015,-1.003857910389052,0.39340290464701516,-0.10831454737179862,-0.3864644704365674,-0.741636607588046,-0.4495733700509928,-0.042922833485825256,-0.6319973573904424,1.3845343253812648,-0.23627485701781129,0.08607172161302225,-0.8451682727441748
4,0.95289698,0.967815101146698,-0.5614247242878042,-0.8135081890785679,0.30452468777701547,1.2936859162839522,-0.47328060452176296,-0.6638088412242418,0.6264216447124284,-0.8946528659541394,2.256720267923704,-0.4926830134799619,-1.1854698858750004,0.22794154800038494,-1.175015556462806,0.1411527752674931,-0.12806043880257648,1.0756936213852284,0.7137268574910278,-0.621433339357313,1.2149631510739285,1.039259907078332,-0.5837826226992192,1.0634291633858959,0.9921253268308688,0.6122026371334974
4,0.988126428,0.9073408246040344,-0.9732597175775181,-0.13438400129687392,-0.6471546950065109,1.20472034452531,-0.44566500474217413,-0.7203427601890288,0.39138588897870935,-0.007525686097114682,1.6135027304904714,-0.5793963079143502,-0.2970612288154684,-0.06078109555608026,-1.2161671331886086,0.2504077197045669,-0.5612378174606732,0.3487076390255396,0.6583119185919053,-0.5107089823337833,-0.26705524528010893,-0.36008645325068145,-0.14021824003319472,0.7675615815053775,0.4814405675262644,-1.1040915971399512
4,0.968691763,0.9529820084571838,-1.447987628714747,0.2405630731978268,-0.7343732580559045,0.40471209842997397,0.19424360890441877,-0.7802279123432695,0.20835818524400226,0.8723293457230203,1.726160205708938,-0.9634446947929146,-1.2362264881731138,-0.0035603395279991596,-1.2767799577280556,0.4223682849060054,-1.0092370353168232,-0.39670435640060253,-0.8969424696409841,-0.7080527715589596,0.9771083467208114,0.5352299384290192,0.27562336871620347,0.4082938035076048,1.115678091178757,0.42807088505330426
4,0.959967974,0.9201517701148987,-0.8931055576915672,0.7960638982022962,-1.0375444866235806,-0.0964541367447012,0.7836487631951894,-0.7324492465888,2.281384186197168,0.12502539894990775,1.1391731789095045,-0.5370441821814815,-0.6077051065230868,0.1536379164437798,-0.9740082368560683,0.2589616836850348,-0.19632531684672896,-0.39701383129911194,-0.8724918346224334,-0.43382271098996983,0.2132284942790698,-0.3667184265223829,0.13700949913307078,-0.0038074712545465962,0.5473353751784715,-0.2663737023327837
4,0.959078603,0.9637711048126221,-0.09761878691432506,-0.5663196895459127,-0.0342661676870389,1.2382777059242018,-0.6706054266522594,-0.619028691226619,-0.25481936458980153,-1.05135781638187,1.8098362761725741,0.13411477266292918,-0.1558596368599327,-0.02518395022441563,-0.5053808996973245,0.01054724931115217,-0.05290221102688153,0.5422143671022164,0.7455351711712866,-0.18121188701472019,0.647770925308803,0.3561666600930791,0.4142372382993362,0.05959272486270758,-0.03748104273486578,0.6280590346419571
4,0.989201452,0.9299904108047485,-1.1704012136386388,-0.47041507430242724,-0.4696591921771209,1.6521336138095466,-0.7367805639179015,-0.7639822991038514,0.1326751874807286,-0.13487242788333384,1.8160178431391012,-0.8210570121015964,-0.39380708185553315,0.5299786782885719,-1.0977250575770456,0.46835645216443816,0.34921473353781673,0.6650617747616827,0.5502076398642416,-0.555521234458608,0.9816824775737557,0.5153340186139147,-0.4728915270327131,1.4226969413836694,0.16020338022175531,0.5650284349878193
4,0.911177347,0.9726402163505554,-0.45098153757835097,-0.5426581614507294,0.4445465389225093,0.8198070651976386,-0.08787956236809474,-0.7535314226218601,-0.049632111083970566,-0.3083067558433118,2.2980995847354575,-0.9152722860453623,-1.190810447688615,-0.11247408938776696,-1.1894637686832175,-0.14311065438782275,-0.354239895570918,1.1098690040347818,-0.2663511058579977,-0.9203474606889143,1.4116507777505445,1.5167619826408392,-0.8055648140322316,0.21809321515584265,2.4912322009185788,0.5299728588910423
4,0.966970387,0.9561669230461121,0.16448352439599234,1.5526310621947315,-1.7426939559670764,-0.5868309389448471,1.2820828833353983,-0.24467807164353364,3.423118742379647,1.2977866925940553,0.05017102100629577,0.601586606986755,0.7427288805291624,0.4105139391018621,-0.4050989216787194,0.6287181373185806,0.3883860088351476,-1.152271346985115,-1.0379443516583269,0.02600662963157829,-0.19386915163299592,-0.18102317491474126,1.5785937427976504,-0.7434764259558435,-0.30929712430021983,0.309057758535602
4,0.936292428,0.9470058083534241,-0.5441681012362564,0.3696943292507525,-0.9057138048110713,0.24337009898270304,0.04062089209479031,0.25189644396836053,-0.08084210900339754,-2.0071155783676757e-4,0.07523359250378071,-0.38600769748260594,0.5527813899541827,0.11248835870786232,-0.18928222615495469,0.953631967483654,0.30610454206202786,-0.6491151814816567,0.13475257325919066,0.5240423956000534,-0.8296733401922897,-0.5524136781300245,-0.5283370748659663,-0.1834413602534329,0.06959801969997055,0.40410073227984245
4,0.916725878,0.9506261348724365,-0.939116322288002,0.3491225310847543,-0.6492860372002913,0.5447103184121797,0.35732929052431633,-0.7419525430096782,-0.029910538897940857,-0.4251005227202675,0.7779008479676357,-0.27730040080724294,-0.41874735374573707,0.4352775459527684,-1.1406713793659582,0.3067183660896629,-0.7906358415408937,0.218792526783955,-0.18009866654967802,-0.3038489784126979,0.7895689817500847,0.29647890064776583,-0.14021824003319472,0.7041613853881232,0.8109146057872996,0.442351295151184
4,0.97176259,0.9335777163505554,-1.0281480259693911,-0.7030409066084659,0.1709014806244782,1.3241740828179167,-0.6675903381242536,-0.7211928002592299,0.04057504444355439,-0.3846291769124115,2.232309593988634,-0.7200268343054506,-0.8682771184410514,0.026014578399291666,-1.03241529786621,0.13057793718347482,1.072227843453752,0.6001913222013086,1.1703976799619793,-1.1917103387195982,0.9542376924560886,0.3627986333647807,-0.4728915270327131,0.32376020868459937,0.2343350388304881,0.5557849699489313
4,0.907641819,0.945582389831543,-0.7509459485293694,0.6619605549540432,-0.7978775735505121,0.21885767267160014,0.6915568011747907,-0.6107753222532212,-0.19131756266829036,-0.02461838067015202,1.9675275047741443,-0.6663402812065152,-0.673112829097757,0.10721001398977564,-1.2371257145845056,-0.0788788816199153,-1.1139891574813106,-1.1727697205400016,-1.1842113100434835,-0.9744332419725812,-0.1709984973682731,-0.32029461362047246,-0.3897232052828335,0.29206011062597226,1.3627836198745333,0.1337461717262487
4,0.948206442,0.938284158706665,-1.3478655207932553,-0.5208721954452932,0.028752198449612115,1.0851979763997743,-0.5876343930545592,-0.5508745759816635,-0.27868690761859194,-0.2616437763866447,1.2448527725568728,-0.7888784329775222,-0.517003655219903,0.19876968912016468,-1.0654036287131918,0.5423490570768992,-0.7875965250612863,0.08957995366205648,0.35600914180734844,-0.371987539261315,0.2086543634261255,-0.2937667205336666,-0.05704991828331502,1.0951292614445234,0.5720459280480492,0.03968982350481719
4,0.936880543,0.9374211430549622,-0.5796638708680157,0.46626664354738673,-0.1455103587228953,-0.21180892629528109,0.7200115016241124,-0.7335334257826148,3.2318214330816413,-0.820665549916126,1.8992346551412933,-0.7551819432201122,-0.3899511030194658,0.2385569106950301,-1.2375939721109586,-0.26963535702285835,-0.9672742695903049,-0.6372776655559649,-1.807763152413271,-1.030359388579008,0.10344935380840045,-0.39987829288089033,0.13700949913307078,0.03845932615695631,0.9756516249178171,-0.04005742908022615
4,0.955648846,0.9352089762687683,-0.18401283912982355,-0.15524431716512752,-0.5302537668428519,1.053802739807676,-0.47027956138410404,-0.6273575852824107,-0.18302729000258766,-0.9400985048403042,1.445613039526934,0.8469223161802713,0.4284733825252688,0.4121164070253501,-0.46069416694872944,0.6216790949029467,0.7591714143328997,0.7717022609521903,0.4425420881927352,0.10081904274954466,0.4556574294851313,0.18373535502884036,0.719187751382228,-0.6483761317799623,-0.004533638908762238,-0.17485309683963035
4,0.616686659,0.8315949440002441,-1.0327912388321319,-0.33144329948778767,-0.7520423022173092,1.7028707914201058,-0.7554695737655839,-0.7682975738559084,-0.18120270673821628,-0.8936369901482658,2.289753823730261,-0.7938043327649014,-0.6730426103830129,0.11169412003009324,-1.2888352269660106,0.2904397874683548,0.4351863016493436,1.1111766089084607,0.5559101311136829,-0.275651492942999,0.37789720498507434,0.05772786286651223,-0.4174459791994601,1.042295764680145,1.2062834517005416,0.7824315521075386
4,0.961181102,0.9614494442939758,-0.8899673353741353,-0.593703444807564,0.013734392322919143,1.1189374812686885,-0.6986723436112218,-0.7024640012972679,-0.2663398501135957,-0.3483876029736954,1.9675773911341023,-0.5045493092207936,-0.1734319084982913,0.17618252874111498,-0.812160501890888,0.26592628709996297,0.2336540663271166,0.6578664454016785,0.38962452904924216,-0.3625301574228765,1.1051840106032589,1.0259959605349294,-0.4174459791994601,-0.27854165442931383,0.448493163700161,0.6970514835424785
4,0.985674442,0.9829757809638977,-0.6603874529554782,-1.2869041849223435,0.9987730962717952,1.2287820678536334,-0.9079187146213881,-0.723437321064167,-0.3313950349828387,-0.3674303103049789,2.3213229658279353,-0.9909521011981353,-0.31941218532995347,-1.499567225592835,-1.408309276100351,-0.8512899422637462,-0.9764661326967813,0.9350346174634859,0.8554424934487371,-1.0987342001209066,1.4665403479858794,2.0605837909203615,-0.9441786836153643,0.2603600125673452,2.0546791002227067,0.16047500979407697
4,0.863463626,0.8662137389183044,-0.06722751251748602,0.5388333480526517,-1.4261350027622886,0.720374447506122,-0.19716971332144345,-0.6730438232270317,-0.2783426949104235,-0.04691010445338533,0.18667632563119496,0.9630978799379115,0.712452370133286,0.4275578152939252,-0.454025051106587,0.6962214051203237,0.5503691144946461,-0.13247344872354813,0.4459018826930725,0.249631240141661,-1.0995470605160185,-0.7182130099225617,1.9389898037137956,-0.9442437136604811,-0.6881922683004101,-2.517643139111368
4,0.972997796,0.9869303703308105,-0.6535551653987288,-0.9314936687237318,0.5835262139277433,1.2131791792413749,-0.7927337194754436,-0.7637853465031524,-0.33668580366994927,-0.4836807916994098,2.3067249450272294,-0.7920417388625381,-0.467086958450682,-0.17529045935349113,-0.9937132617702618,-0.6805911633617503,-1.0808631932093373,0.4009586530875173,-0.23362002074357952,-0.8678777444588999,1.3521870766622655,1.039259907078332,-0.6115053966158459,0.4188605028604802,0.7532566490916185,0.7362440736107997
4,0.955486414,0.9637223482131958,-0.4665686339153673,-0.4316949828860199,-0.04698923911401438,0.9835865879699384,-0.4680392828966011,-0.5870168981462646,0.3306207259724565,-0.056863932624471245,1.2566441517293188,0.29733031563898,-0.10761105449816193,-0.16708378655854267,-0.6171127447013867,0.27910225559545054,0.16887369585165612,0.29795409447613735,0.6187089198229796,-0.20068648210096796,0.5105469997204661,0.5219659918856163,0.469682786132589,0.12299292097996138,0.04488746683039285,0.5947177220264961
4,0.967698154,0.9658812880516052,-1.5673713183136186,0.3686739611264364,-0.14115377375767102,-0.5095130913519805,0.513838441675696,-0.14779677263087443,0.11593871679151807,-0.10926610336072856,1.6918209004708817,-0.6234623767601388,-0.36857917306460863,-0.09666114525119121,-1.0790756931704413,0.39227401356975156,0.009593450738944595,-0.6088452764083553,-0.7622464053692252,-0.6939742526188657,1.1234805340150373,1.11884358633875,-0.7223964922823519,0.24979331321446974,1.0333095816134983,0.4572088504337219
4,0.97217516,0.9803272485733032,-0.6856645539176096,-0.744258409240438,0.4381700263395932,0.9000014219397255,-0.6144156485654934,-0.7277240034681762,-0.10256755878871657,-0.18671025272517092,1.8442762929670895,-0.3292414875898903,-0.26830330566956156,0.013072418379649299,-0.9432366092469023,-0.11375852108633239,0.0782561970022608,0.40898412297915016,0.6319165051412713,-0.9618374948934323,1.0411461786620355,0.7275571633083624,-0.22338656178307428,-0.05664096801892495,0.2013876350043847,0.6195269349784431
4,0.987353853,0.9766092896461487,-0.6305973444427522,-0.6913925323341866,0.12790243747757324,1.630913368043752,-0.6067632910387789,-0.7588694462543681,-0.18602208594782452,-0.5813633356409018,2.3072169479675724,-0.8545693298815176,-1.021000385353568,-0.015460579227291067,-1.3539030034713375,-0.24790898356843954,-0.5793694720646521,1.1393383526807923,0.1108969665406136,-1.0721095743251547,1.3796318617799326,1.5101300093691377,-0.8610103618654846,0.6090610912122424,1.1486254950048607,0.5370567150101507
4,0.672379134,0.7628515958786011,-0.5549289251848064,-0.548439029338346,-0.5432811632219702,1.8680778360309152,-1.121864712672928,-0.6596982933056429,-0.15837436055776852,-0.1301343837896868,0.4356363420252212,0.48756547478213413,0.765262962017917,0.45082738363616914,-0.5032191724784703,1.0017898296990078,1.306402997640224,-0.15447826664952163,0.7620049982148611,0.2962792612722562,-0.9577490040747372,-0.7712687960961736,3.4082968212950018,-1.0076439097777352,-0.5234552491698926,-0.741195788512189
4,0.937222092,0.9618163108825684,-0.06535511610620173,-0.6099324947763187,-0.1534787035654008,1.5111345811721006,-0.7756649114919456,-0.507602737240717,0.15227168195584145,-0.6364909290718278,1.5493675055669145,0.9267698910247703,0.06667685301203213,0.14863639061096034,-0.26247729387987706,0.569439857123836,0.9821842904676643,0.48956646381427626,0.5758739572830118,0.12381257812326729,0.05770804527895486,0.19699930157224355,0.8855243948819871,-0.7646098246615948,-0.004533638908762238,0.43485230008712555
4,0.93016517,0.934698760509491,-1.1841389610898412,-0.26118772846302246,-0.1529973273329304,0.8648067647976231,-0.33261927101699196,-0.7542895378723756,1.786484873296702,-0.277187403966233,1.9604177046477638,-0.7296468359877744,-0.018594643191294006,0.20278586679263846,-1.133386317167761,0.323736469778888,0.6160873842714928,0.41162028263054234,-0.5327609199034855,-0.8176666583977271,0.7484018040735834,0.28984692737606427,-0.19566378786644772,0.08072612356845885,1.181572898830964,0.7071598159318964
4,0.986666667,0.9885959029197693,-1.453079465758325,-0.8942631803831207,0.7981558709794074,0.783936622665728,-0.5547825439036815,-0.7583272872846295,0.12484260340253055,-0.6079330179294375,2.1251957574249327,-0.9412973553787704,-0.883516381098495,-0.9677637050569206,-1.2777720283837999,-0.9767594283964534,-1.273229331193908,0.5538771057780768,0.9258959708008873,-1.4997361988519968,1.2881492447210412,1.2514830517727797,-0.5837826226992192,0.09129282292133467,0.7614935000481444,0.8753887404900483
4,0.565441846,0.7228201031684875,-0.3228286878308728,0.17004446638229095,-1.155507312239806,0.8572871703738774,-0.5320695138786805,-0.6432316913460039,0.1578152083699968,-0.7101312396369743,0.04423588991718251,0.5113354393142632,0.8312918372085115,0.20328286873352902,-0.15111120953214788,0.6393199294739784,1.2444421036721893,-0.021210637018469876,-0.4041449270494686,0.02764751479697663,-0.48661352622144766,-0.6784211702923527,1.8280987080472892,-1.049910707189238,-0.49050784534378905,-2.7931321657422616
4,0.929872204,0.9248802065849304,0.2595750950544128,0.7010100022655552,-0.3691746726973947,-0.9679872198044154,0.8880245547357423,0.7505258625067991,-0.3488517418756359,1.2613988742094286,-0.6561399921238585,-0.17532032265889327,0.5441916670819305,0.2983214066536201,0.831279846547345,0.7250095138548875,0.1143848592781308,-0.4450414348996949,-1.1873599334811413,0.5680953361581452,-0.7153200688686756,-0.9967558873340241,0.4142372382993362,0.15469301903858845,-0.8941135422135571,-0.03577751075550747
4,0.969850263,0.9210129976272583,1.1056611807642025,0.09919608335146045,0.5216116632297757,-0.8406870215235339,0.5254741040433133,0.8324616461590328,-0.21095833555633942,0.7619103283617884,-0.6619326950978347,-0.6203908657029958,0.8361121153257891,0.2749716581151733,0.9302645152823001,-0.3652724920399318,1.1848268776345796,0.07734450872596044,-1.1271546226696965,-0.39789054328965073,-0.40885330172139,-0.8110606357263824,0.02611840346656454,0.14412631968571302,-0.8611661383874536,-0.08713988329487622
4,0.892402284,0.9191228151321411,-0.4802379296063734,1.7106056295293421,-1.0427651778677784,-1.4076209858147088,2.1942750758946934,1.855988855760981,-0.350758287034952,0.35609423525905104,-0.6646623426630458,0.08227752585244015,0.9002412621634445,0.5186743261994882,1.5908371690200693,-0.36695599410044655,0.7040838654653496,-1.5334945870667522,-1.3236333305894215,0.5984843455686325,-0.48203939536850304,-0.9304361546170092,0.02611840346656454,0.5139607970363615,-1.1576927728223851,0.2004938709353468
4,0.936122858,0.950538158416748,-0.6354853026560773,0.026632481626482265,0.39191832787774167,-0.6373687223800966,0.44573224279061735,2.872970011892443,-0.3468937764548294,-0.40856238266790335,-0.6484162651140709,-0.38713721437315696,0.7165898189570026,0.2806820851878667,1.2584887933056614,0.7739192751035001,-0.11152375363459598,-0.26312094072997433,-0.8580349556479704,-0.2018447539824251,0.309285242190906,-0.7712687960961736,0.13700949913307078,-0.341941850546568,-0.9929557536918676,0.5196291873345171
4,0.950144449,0.9228662252426147,-0.7452455227136541,0.5323001011881678,-0.4038577761711902,-0.7615868523739703,0.2490234855002945,-0.6543197031268582,-0.2733316753833301,0.026515357401807337,-0.6648811633427231,0.5448153261280189,0.824790468291176,0.2778651789994071,1.0298043489647613,0.26769350707917927,0.8456882013001549,0.14625427849662695,-0.13671032139140862,0.6243321937930894,-1.5478118841045854,-0.9171722080736062,1.7449303862974095,-1.0921775046007405,-1.0094294556049195,0.5238915901451304
4,0.952111838,0.9280678629875183,-0.1996959453760716,1.0005222240378948,-0.5854203818592796,-0.985416679697556,1.2301930598087518,3.011804587852361,-0.3100650893779232,0.6599766510651404,-0.5253873252027186,-0.10461698527660322,0.5868348435107024,0.18293582112581108,1.6031423590482037,0.4754395019662556,1.3101345469832661,-1.1924514544048304,-1.285888786085515,0.09747568177108401,-0.294500030397776,-0.8641164218999944,-0.14021824003319472,0.08072612356845885,-0.9764820517788159,-0.09265362321681721
4,0.932445149,0.9498512148857117,0.37509606543824964,0.33203831925836336,-0.1355073762754653,-0.6203132551133871,0.37159992213787324,0.3784776018720588,-0.23781870442000802,-0.1255016011197478,-0.6656389467311811,-0.24769475645580552,0.7156200298294016,0.48871145568746766,1.6349495326386505,-0.4046488409227642,-0.0713187262740683,0.21389934560062335,-0.880672587278008,-0.24765624542085618,-0.09323827286821548,-0.8442205020848899,-0.4728915270327131,-0.3947753473109463,-1.0670874123006004,0.4252429390659096
4,0.911336289,0.928086519241333,-0.33873260467747984,2.3215714338714557,-1.257277674800885,-2.1132590901145596,2.95937055321002,2.566594966950577,-0.3012452022635009,2.0125239853969554,-0.6686218138388259,-0.41214569500916653,0.513567893714107,0.3967010999624521,1.4186147223054797,-0.01690782818949195,1.628724854801543,-1.505722323180018,-1.4143052015342457,0.013753767799876604,-0.5780961432803389,-0.9569640477038153,-0.5283370748659663,1.0105956666215177,-1.0917979651701781,-0.2686938619546823
4,0.769518364,0.8850242495536804,-0.4575521615598174,1.1611584222698594,-0.5474311533974117,-1.1662311527201301,1.5988215719473224,1.3088106256259304,0.03728969707996309,0.7531949399617914,-0.6626734638169846,-0.33971332564248186,0.5647687746612163,0.4031431248299152,1.1776736171529607,-0.042469626186545525,1.2693285149092433,-0.6719569791506262,-2.0461452201369474,0.20143701797566083,-0.6329857135156737,-0.8707483951716959,0.1092867252164441,0.11242622162708593,-0.8035081816917725,0.21487626679042526
4,0.934416509,0.9096769094467163,-0.1142936411175957,-0.01697274616495247,0.2389090614038341,-0.13636933815832314,0.19904525287774752,0.6820254550961039,-0.2710784222438749,-0.3089297206845763,-0.6480584593610325,0.3662558871216654,0.7382435563547183,0.4608436517808397,0.946938034017243,0.5015111125409641,0.9800409266821328,-0.19590170157171488,-0.31960075422688783,0.6960439314696629,-0.8022285550746222,-0.9370681278887107,0.35879169046608306,-0.7012096285443407,-1.0753242632571263,-0.824748192499011
4,0.941212213,0.9381113648414612,0.358079203024172,-0.06584313524157942,0.11643378229660706,-0.11845555039414943,-0.11711172617227833,0.9034795318492094,-0.07149994985703349,-0.13559339696900988,-0.6611548145968738,0.3396430566778277,0.9451355979740841,0.5382205637512937,1.4408285949133146,0.462709098636896,0.8210801204523035,0.03617029961956359,-0.004495980930330726,0.6063247430900207,-0.1435537122506057,-0.8243245822697856,1.0518610383817464,-0.7434764259558435,-1.0011926046483937,0.2096847894319206
4,0.923108318,0.9209815859794617,0.615179253127503,0.9578437438863602,-0.7575348869824416,-0.7709974065026006,1.028813599143462,1.0625430463558188,-0.34056501067624867,0.13133036761130706,-0.6607450314989541,1.3700057657130074,0.6342600728988934,0.5724572964155559,0.8644597979780522,0.6525412237213379,1.258087566001577,-1.1350122220768768,-0.7104818013412941,1.0875333925584356,-1.0217868360159612,-0.9635960209755167,-0.22338656178307428,-0.4581755434282005,-1.1906401766484886,0.007524078274401673
4,0.938899516,0.9558568596839905,-1.556860495337097,-0.0828742933196159,0.663048129864261,-0.7192667507837761,0.2928401945875673,-0.3609972136608569,-0.05270420678487183,0.40790372773305156,-0.6654025809575801,-0.7035402597067827,0.16409845525507433,0.2308467371858378,1.0801742374128571,-1.512182174489545,-0.4909036063117568,0.41808358505143667,0.45994481790434316,0.42345843311966275,-0.7564872465451766,-0.6319973573904424,-0.30655488353295396,0.29206011062597226,-0.836455585517876,0.4374736415089828
4,0.952119883,0.9490247368812561,-2.856920239517363,-0.12137107504093535,0.4750302382247727,-0.6298847909588181,-0.12641197498952378,-0.6491688635052851,-0.3658774424244063,0.40768627279250813,-0.6686218138388259,-0.7111360782022683,0.0910461452991791,-0.04901567801727254,0.9753740687953084,-1.6077662336882923,-0.7942908199234082,0.34649447770424907,0.616204319212097,0.020245605916425477,-0.2121656750447741,-0.6651572237489498,1.301366003631385,-0.36307524925231927,-0.5399289510829443,0.366742005090268
4,0.926968584,0.8964782357215881,-0.4408098376390162,0.801946778383665,-0.258213989802404,-1.175415665329158,1.074233972837263,0.4630127899844364,0.08240347952627056,-1.4121362740578427,-0.6514560282105852,-0.26746753801776924,0.2890904358752351,0.33094131556372286,1.3596483990467219,-0.15578212846836267,1.1887773602422782,-0.6909867074195934,-2.447955965444932,-0.3497082715478241,-0.13897958139766106,-0.804428662454681,-0.7223964922823519,0.8415284769755075,-0.8446924364744018,0.04860957044268342
4,0.961582254,0.947471559047699,0.10067876977367148,-0.8973664627195252,1.120202271758415,0.09215259841322498,-0.6528752085830966,1.2076974362140314,-0.19016652211812782,-0.18486804112632468,-0.666205822727316,-0.23242295812479472,0.9758290876472997,0.5531048290675128,1.69832760011147,0.727831189871416,0.3162639474077034,0.8337135773451713,0.12392919013928036,0.526960137625248,0.034837391014232055,-0.857484448628293,0.1092867252164441,0.15469301903858845,-1.0917979651701781,0.09720743553734022
4,0.931725266,0.936673641204834,0.34886078206016263,1.2976917737210767,-0.9602120256049239,-1.0162429414057441,1.503266565687938,1.162526599914378,-0.37169014473420703,1.913619363123471,-0.6600213762613582,-0.417128299075094,0.7912506689994424,0.48041481432530536,1.4328442001739654,0.7859880427493265,0.9679481713036681,-1.2530530146967525,-1.459131871387701,0.9595140139652736,-0.7381907231333984,-0.9503320744321136,0.16473227304969723,-0.13060786348905457,-1.0753242632571263,0.1072577426755489
4,0.933995585,0.9209401607513428,-6.307564129409383e-4,1.571898090169347,-0.7876257380232488,-1.7044105011597528,1.8643843045840849,1.139894393146667,-0.34712393047655077,1.3345614096962535,-0.6586706925922472,-0.015182089387496328,0.32584143413187355,0.25882656616702826,0.8548365220031049,0.33409374979897816,0.8312300016222416,-1.2116003232779655,-2.065467829240304,0.3873001266234398,-0.7427648539863431,-0.8972762882585018,-0.36200043136620697,0.09129282292133467,-0.9929557536918676,0.034902429547345994
4,0.921488638,0.9288128614425659,0.485450495808785,0.8005605594800177,-0.36358037668002785,-0.9382549325526229,0.9979908728397912,1.4440661703971178,-0.3213853700193549,0.9402776449858666,-0.6613549238795734,0.5257169414103123,0.7002152728846572,0.47565763585599397,1.1846838409783453,0.7027848043941722,1.1504076789559823,-0.7945891210551124,-0.32596431766833334,0.6741323691153648,-0.93030421895707,-1.010019833877427,0.27562336871620347,-0.4793089421339518,-1.1988770276050145,0.22592819639489295
4,1,0.9630016088485718,-1.229694173025109,1.1848357619932797,-0.31815710852431317,-1.9794340543349611,1.4203090463650583,-0.5659102813934281,-0.37169014473420703,1.995269793187214,-0.6650284635507027,-0.746038908801079,-0.6228353851639702,-0.7690664119885817,0.1845545982291827,-2.277627165673169,-1.3513051174251145,-0.531435390336672,-0.12136510026102558,-0.7356214808644386,-0.2579069835742197,-0.45956605232620373,0.719187751382228,0.20752651580296683,-0.6552448644743066,0.26966746067081343
4,0.967687485,0.9132816791534424,0.060183664744797416,-0.004768124822201073,0.1055435459100543,-0.09612492401857513,0.21196212080512447,0.8064668415894205,-0.25776019799588124,0.5438146429797248,-0.657926369367021,0.08231611401035276,0.6674137177754597,0.46535566523428806,0.8914445220545518,0.434624413817443,0.4811939355277391,0.042200813380451875,-0.545815667495462,-0.3022191244080759,-0.24418459101538614,-0.7911647159112781,0.4419600122159626,-0.2468415563706871,-0.96824520082229,-0.8028440526721977
4,0.938348756,0.9237149357795715,0.7332678113125211,0.6616690220382061,-0.2243097278249907,-0.8469072342125885,0.9551940765674165,1.6524335486046833,-0.3124637991032038,-0.2672511784723408,-0.6588586755267695,0.3519867740047246,0.8659673231363872,0.2691388144107414,1.252435276974062,0.6811094109527113,0.5157115520339355,-0.8635982241204959,-0.47725391509990095,0.22699529822975328,-0.2624811144271643,-0.9105402348019047,0.6637422035489748,-0.16230796154768165,-0.9600083498657642,-0.07751290863342647
4,0.961351755,0.9370009303092957,0.1312577700920797,0.6877057999561201,-0.39179320451332794,-0.6788672667905519,0.8057756144418409,0.9759192678700739,-0.34794389768103745,0.004499284524527639,-0.6556803257012724,0.4994824729740314,0.8580679656979687,0.46741445689405897,1.3336920879981524,0.49129170132005107,0.7438531284976723,-0.936319619338256,-0.3582234951844207,1.0083186270275337,-0.9943420508982939,-1.0166518071491286,0.27562336871620347,-0.6483761317799623,-1.0259031575179711,0.12944984998355957
4,0.946487437,0.938071072101593,0.35592550218427854,-0.09806822309296039,0.0166735204943761,0.24253685927899624,-0.026926010957464178,0.6687288773297987,-0.2529632606713115,-0.7273877850272765,-0.5911199767480817,0.8082541706824742,0.8107518432333461,0.3768596027839652,0.949138701430899,0.7350936222802283,0.7414690698904651,-0.5154658411408849,0.6157284194424064,1.0191889167086705,-1.0583798828395177,-0.8972762882585018,0.27562336871620347,-0.6906429291914652,-1.0670874123006004,-0.12300820541309532
4,0.955544174,0.9220799803733826,-0.2333041070942819,-0.6347863019532977,0.4748997759517016,0.4071217302285694,-0.612841403785852,-0.2984554123764458,-0.24966538104920166,-0.6691000160224363,-0.6680061124221216,0.5053543094122321,0.9085286284034785,0.4596877594350331,1.0180425788908258,0.310018130165634,0.44992120275557856,0.7362666899360568,0.3448640511108993,0.09586789008801375,-1.2504933786631893,-0.9834919407906211,1.6617620645475302,-1.176711099423746,-1.0917979651701781,0.1984674355275715
4,0.923382725,0.9336568117141724,0.11665217460481438,1.0055135438007796,-0.4282834920357074,-1.2426343479371402,1.1182593484637493,1.0333562089502875,-0.31998148884696714,-0.15934955082288094,-0.6490720144006606,0.35898542508399434,0.6672865284277589,0.3376366886726583,1.0339965897346752,0.1715823833843859,0.20967899414393756,-0.9614940927877618,-0.7971618426026409,-0.007115349861109657,-0.5780961432803389,-0.9437001011604121,0.968692716631867,-0.2574082557235626,-0.9517714989092382,0.2082400947825312
