"fold_id","eta","max_depth","min_child_weight","subsample","colsample_bytree","lambda","alpha","optimal_trees","min_RMSE"
1,0.1,1,7,1,1,0,1,344,0.0758372159098989
2,0.01,5,3,0.65,0.9,0,1,742,0.0781848483402481
3,0.01,3,7,0.65,0.9,0,1,828,0.0810104443073528
4,0.01,1,5,0.65,1,1,0.5,1669,0.0774258200239999
5,0.05,3,1,0.8,0.8,0.5,1,189,0.0729122747043923
