"Fold_ID","Area_code","Feature","Feature_Label","Feature_Value","SHAP_Value"
5,1001,"P_internet","Internet",2.23749302391582,-0.00227719591930509
5,1002,"P_internet","Internet",0.502590617638602,-0.000369427434634417
5,1003,"P_internet","Internet",0.843941735681447,-0.000513536448124796
5,1004,"P_internet","Internet",0.958004004660118,-0.000483331852592528
5,1005,"P_internet","Internet",1.84683278664874,-0.0019162455573678
5,1006,"P_internet","Internet",1.51691979462647,-0.00184190995059907
5,1007,"P_internet","Internet",1.08136048335137,-0.000936507654841989
5,1008,"P_internet","Internet",0.201064982297663,0.000176644491148181
5,1009,"P_internet","Internet",0.608734869080791,-0.000517060281708837
5,1010,"P_internet","Internet",-0.094656107348887,0.000360927224392071
5,1011,"P_internet","Internet",1.23715266418663,-0.00131903414148837
5,2001,"P_internet","Internet",2.22660830864893,-0.00232165330089629
5,2002,"P_internet","Internet",2.33779319050744,-0.00254109059460461
5,2003,"P_internet","Internet",2.16837602546176,-0.00216052820906043
5,2004,"P_internet","Internet",2.61321608307675,-0.00257816631346941
5,2005,"P_internet","Internet",2.37864931876219,-0.00246873777359724
5,3001,"P_internet","Internet",1.04081481258393,-0.000833036843687296
5,3002,"P_internet","Internet",1.33052268688075,-0.00118739041499794
5,3003,"P_internet","Internet",2.37161386931221,-0.00238559138961136
5,3008,"P_internet","Internet",2.00703499082315,-0.00197340943850577
5,4001,"P_internet","Internet",0.175813424115516,0.000151009822729975
5,4002,"P_internet","Internet",1.90306798175752,-0.00188361876644194
5,4003,"P_internet","Internet",1.57881778997243,-0.00183541630394757
5,4004,"P_internet","Internet",0.0667472864727532,0.000164787532412447
5,4005,"P_internet","Internet",0.148474259518333,0.000165539619047195
5,4006,"P_internet","Internet",-0.696856664078744,0.000879832194186747
5,4007,"P_internet","Internet",-0.155077848170476,0.000334997603204101
5,4008,"P_internet","Internet",-0.640677476510606,0.000577874423470348
5,4009,"P_internet","Internet",-0.223756844141652,0.000335065327817574
5,4010,"P_internet","Internet",-1.03602053345411,0.000846542767249048
5,5001,"P_internet","Internet",-0.906553980148254,0.000948061177041382
5,5003,"P_internet","Internet",1.29597786026095,-0.00142419687472284
5,5004,"P_internet","Internet",0.757253230726134,-0.000507999036926776
5,5005,"P_internet","Internet",-0.667060365809855,0.000607030116952956
5,5006,"P_internet","Internet",0.760305453211927,-0.000404549820814282
5,5007,"P_internet","Internet",-0.0589672726918705,0.000169400722370483
5,5008,"P_internet","Internet",-0.0791736208579073,0.000349512178217992
5,5009,"P_internet","Internet",0.387138874859099,-4.38555507571436e-05
5,5010,"P_internet","Internet",1.61057660045345,-0.00191350397653878
5,5012,"P_internet","Internet",-0.55551292818736,0.000347530003637075
5,5013,"P_internet","Internet",-0.64669045177352,0.000712020904757082
5,5014,"P_internet","Internet",0.529536999093733,-0.000512816186528653
5,5015,"P_internet","Internet",-0.84399539660434,0.00086723204003647
5,5016,"P_internet","Internet",-0.988768957176576,0.000876968319062144
5,5018,"P_internet","Internet",2.09562361346769,-0.00216189096681774
5,5019,"P_internet","Internet",1.27114732683418,-0.00143098353873938
5,5021,"P_internet","Internet",-0.278252613121203,0.000444732897449285
5,5022,"P_internet","Internet",1.13980554122956,-0.00137063523288816
5,5025,"P_internet","Internet",2.22746690844293,-0.0024357195943594
5,5026,"P_internet","Internet",-0.37807661689005,0.00035403118818067
5,5027,"P_internet","Internet",1.60628736658314,-0.00189804891124368
5,5028,"P_internet","Internet",1.78800279781344,-0.00203855475410819
5,5029,"P_internet","Internet",-0.822299195352178,0.000929461792111397
5,5030,"P_internet","Internet",2.30567296187001,-0.00220095412805676
5,5033,"P_internet","Internet",0.337389245142333,-2.9613469450851e-05
5,5034,"P_internet","Internet",0.110204771013786,0.000180776711204089
5,5037,"P_internet","Internet",0.143805031616173,0.000184455915587023
5,6001,"P_internet","Internet",0.281270747929524,-4.48534774477594e-05
5,6002,"P_internet","Internet",2.35694221151061,-0.00234316289424896
5,6003,"P_internet","Internet",1.1374979850058,-0.00145667255856097
5,6004,"P_internet","Internet",1.10829599695172,-0.00147301680408418
5,6005,"P_internet","Internet",1.26597598934437,-0.00133432308211923
5,6006,"P_internet","Internet",0.492769474596373,-0.000366375112207606
5,6007,"P_internet","Internet",1.77222718271767,-0.00195953063666821
5,6008,"P_internet","Internet",0.0391000158927162,0.000144075194839388
5,6009,"P_internet","Internet",0.430824314533285,-4.14516180171631e-05
5,6010,"P_internet","Internet",2.69385425963702,-0.00259834551252425
5,7001,"P_internet","Internet",-0.150424448047319,0.000403366633690894
5,7003,"P_internet","Internet",-0.946171822538973,0.000867159513290972
5,7006,"P_internet","Internet",-0.531548604969882,0.000333596166456118
5,7008,"P_internet","Internet",-0.466979717354048,0.000376065989257768
5,7009,"P_internet","Internet",0.109603081495293,0.000162156313308515
5,7010,"P_internet","Internet",-0.938931046698574,0.000925443193409592
5,7011,"P_internet","Internet",-0.8905538171326,0.000860718369949609
5,7012,"P_internet","Internet",0.468063319599681,-1.06530605989974e-05
5,7013,"P_internet","Internet",-0.622791208909899,0.000910691567696631
5,7015,"P_internet","Internet",-0.580753476033305,0.000905894907191396
5,7017,"P_internet","Internet",-0.32704410294061,0.000331394170643762
5,7018,"P_internet","Internet",-1.26473429150542,0.000935070624109358
5,7019,"P_internet","Internet",0.323698422733943,-4.41246738773771e-05
5,7020,"P_internet","Internet",-1.02198812220864,0.000884467910509557
5,7021,"P_internet","Internet",-0.875782730856794,0.000890987168531865
5,7025,"P_internet","Internet",-0.636560282789634,0.000612021132837981
5,7027,"P_internet","Internet",0.117671540343478,0.000183102340088226
5,7029,"P_internet","Internet",-0.897605957664387,0.000778609828557819
5,7030,"P_internet","Internet",-0.641990089997307,0.000630193913821131
5,7032,"P_internet","Internet",-0.614523401720659,0.000601749226916581
5,7033,"P_internet","Internet",-1.20872860457732,0.000896792276762426
5,7034,"P_internet","Internet",-0.66583497283187,0.000839668442495167
5,7035,"P_internet","Internet",-1.10098734397695,0.00105807941872627
5,7036,"P_internet","Internet",-1.06988609828293,0.00146797322668135
5,7037,"P_internet","Internet",-0.922514401504599,0.000896059907972813
5,7040,"P_internet","Internet",-0.125885409737523,0.00032780968467705
5,7041,"P_internet","Internet",-1.22400733752696,0.00155583280138671
5,7042,"P_internet","Internet",-0.408365334326886,0.00038684211904183
5,7043,"P_internet","Internet",-0.0726221123701795,0.00035886125988327
5,7045,"P_internet","Internet",-1.05648260604632,0.000873863173183054
5,7046,"P_internet","Internet",-0.6800476755279,0.000731370411813259
5,7048,"P_internet","Internet",-0.736486426667359,0.000903220090549439
5,7051,"P_internet","Internet",-0.651087517156372,0.000611512397881597
5,7052,"P_internet","Internet",-1.12756557059687,0.00144177197944373
5,7053,"P_internet","Internet",-0.913418660001754,0.000869170995429158
5,7054,"P_internet","Internet",-0.179388433784035,0.000318013946525753
5,7055,"P_internet","Internet",-0.809438567326914,0.00103044777642936
5,7057,"P_internet","Internet",-0.429215686750619,0.000223593699047342
5,7058,"P_internet","Internet",-1.42370997642546,0.000907171226572245
5,7060,"P_internet","Internet",-1.15357481509458,0.00143110065255314
5,7061,"P_internet","Internet",-0.301616313187068,0.000335837656166404
5,7062,"P_internet","Internet",-0.812657047684403,0.000866608927026391
5,7063,"P_internet","Internet",-0.996782340110688,0.000870313786435872
5,7067,"P_internet","Internet",-1.15880347151508,0.000886057678144425
5,7068,"P_internet","Internet",-0.154420802935806,0.000341108388965949
5,7069,"P_internet","Internet",-0.77596720417174,0.000904459564480931
5,7070,"P_internet","Internet",-1.1228610287298,0.00141396536491811
5,7071,"P_internet","Internet",-0.579605926715658,0.000606118177529424
5,7073,"P_internet","Internet",-1.19476941840633,0.000973433721810579
5,7074,"P_internet","Internet",0.197954707606692,0.000161076473887078
5,7075,"P_internet","Internet",-1.21228760022484,0.00100353278685361
5,7079,"P_internet","Internet",-0.228915766675232,0.000347157154465094
5,7080,"P_internet","Internet",-1.17565982352782,0.00151558872312307
5,7083,"P_internet","Internet",-0.780821669144449,0.000867474591359496
5,7084,"P_internet","Internet",-0.745769197477565,0.00133711809758097
5,7085,"P_internet","Internet",-0.91841904390332,0.00080118834739551
5,7086,"P_internet","Internet",0.00893713086962078,-5.70397514820797e-06
5,7087,"P_internet","Internet",-0.0901833007481292,0.000363070168532431
5,7088,"P_internet","Internet",0.143463839651564,0.00017722460324876
5,7089,"P_internet","Internet",0.347554549821061,-5.51076445844956e-05
5,7090,"P_internet","Internet",-1.22551533079829,0.000966378021985292
5,7091,"P_internet","Internet",-0.87657645055626,0.000870036077685654
5,7092,"P_internet","Internet",-0.830049820775075,0.000836223363876343
5,7097,"P_internet","Internet",-0.0760567847290635,0.000341293285600841
5,7099,"P_internet","Internet",-0.733647684548295,0.00116425519809127
5,7101,"P_internet","Internet",1.7849619272827,-0.00202187383547425
5,7102,"P_internet","Internet",-0.678544783147653,0.00071665522409603
5,7103,"P_internet","Internet",-0.959668843284745,0.000865556707140058
5,7104,"P_internet","Internet",-0.630359370040516,0.000621986342594028
5,7105,"P_internet","Internet",-0.423372128071606,0.000381943013053387
5,7106,"P_internet","Internet",-1.19697206830606,0.000998557894490659
5,7107,"P_internet","Internet",-0.310398496268304,0.000339880352839828
5,7108,"P_internet","Internet",-0.354563896400072,0.000334199663484469
5,7114,"P_internet","Internet",-1.15992314445426,0.00125542283058167
5,7115,"P_internet","Internet",-0.858038674302212,0.00133930949959904
5,7116,"P_internet","Internet",-1.32401434286646,0.000975028960965574
5,7117,"P_internet","Internet",-0.56617534775058,0.000910927192308009
5,7120,"P_internet","Internet",-1.02341946961721,0.00144358433317393
5,7121,"P_internet","Internet",-1.3866826434458,0.000932846101932228
5,7122,"P_internet","Internet",-1.12919729714912,0.000945488864090294
5,7124,"P_internet","Internet",-0.910865082673387,0.000855010934174061
5,8001,"P_internet","Internet",0.963012752894429,-0.000355041906004772
5,8002,"P_internet","Internet",0.681970380611378,-0.000436065718531609
5,8004,"P_internet","Internet",0.297672671538859,0.000174097760464065
5,8005,"P_internet","Internet",0.564446106961237,-0.000518444983754307
5,8006,"P_internet","Internet",0.3172160390531,-9.8284101113677e-05
5,8008,"P_internet","Internet",-1.48406049521457,0.0009517467697151
5,8009,"P_internet","Internet",-0.83926727787602,0.000938241253606975
5,8010,"P_internet","Internet",-0.233377100155634,0.000457444722997025
5,8011,"P_internet","Internet",1.1437971925482,-0.00141579285264015
5,8012,"P_internet","Internet",-0.572924688330191,0.000574076024349779
5,8013,"P_internet","Internet",0.400644713746562,-8.20869026938453e-05
5,8015,"P_internet","Internet",-0.712105806946171,0.00124286732170731
5,8016,"P_internet","Internet",0.806085767536638,-0.000513931212481111
5,8017,"P_internet","Internet",1.26787898470961,-0.00136131688486785
5,8018,"P_internet","Internet",-0.266977246324121,0.000361720303772017
5,8019,"P_internet","Internet",2.40456904807101,-0.00221266667358577
5,8020,"P_internet","Internet",-0.989745088102405,0.000966235238593072
5,8021,"P_internet","Internet",1.79144179678345,-0.00199801824055612
5,8022,"P_internet","Internet",0.699791700242543,-0.000576089194510132
5,8023,"P_internet","Internet",-0.334060091896218,0.000374971685232595
5,8024,"P_internet","Internet",0.482921058141358,-0.000510920130182058
5,8025,"P_internet","Internet",-0.557334140897919,0.000592071795836091
5,8026,"P_internet","Internet",1.44516612917473,-0.00139324506744742
5,8027,"P_internet","Internet",-0.991892319291221,0.000970826833508909
5,8028,"P_internet","Internet",0.506696637225829,-0.000402671663323417
5,8030,"P_internet","Internet",-1.02057228339824,0.000964747625403106
5,8031,"P_internet","Internet",-0.219564287844355,0.000357295182766393
5,8034,"P_internet","Internet",0.452759617565772,-5.98631813772954e-05
5,8035,"P_internet","Internet",-0.210211652333568,0.000366142019629478
5,8037,"P_internet","Internet",2.05892545049832,-0.00209473236463964
5,8038,"P_internet","Internet",-0.0365202739888258,0.000292377982987091
5,8040,"P_internet","Internet",-0.548827560645341,0.000417114613810554
5,8041,"P_internet","Internet",-1.46392212813346,0.00104130990803242
5,8043,"P_internet","Internet",-0.896808347212328,0.00108517217449844
5,8045,"P_internet","Internet",0.986388860063214,-0.000453511049272493
5,8046,"P_internet","Internet",-1.29341581023063,0.00101278920192271
5,8047,"P_internet","Internet",-1.39573914943496,0.000960472738370299
5,8048,"P_internet","Internet",-0.230266934850008,0.000432609784184024
5,8050,"P_internet","Internet",1.53309727353082,-0.00195878488011658
5,8051,"P_internet","Internet",-1.33467151922546,0.000951351539697498
5,8052,"P_internet","Internet",0.852654539284275,-0.00061817147070542
5,8053,"P_internet","Internet",0.385866325578238,-3.44016698363703e-05
5,8054,"P_internet","Internet",0.0206155669578759,-2.89192539639771e-05
5,8055,"P_internet","Internet",0.753364768493792,-0.000405129714636132
5,8057,"P_internet","Internet",-0.438399161470928,0.000260326691204682
5,8061,"P_internet","Internet",-1.33279863085831,0.00105767697095871
5,8062,"P_internet","Internet",0.882208687567881,-0.000451556843472645
5,8063,"P_internet","Internet",-1.11556881524411,0.000963833823334426
5,8065,"P_internet","Internet",-1.3048834358521,0.00109001575037837
5,8066,"P_internet","Internet",-1.49952047059413,0.00111982447560877
5,10001,"P_internet","Internet",-0.282620369962895,0.000398210890125483
5,10002,"P_internet","Internet",0.222028334270795,-3.75772397092078e-05
5,10003,"P_internet","Internet",0.384365508153851,-4.476741378312e-05
5,10011,"P_internet","Internet",-0.945153567260535,0.000865546811837703
5,10013,"P_internet","Internet",-0.0516540736557099,0.000208477533305995
5,10018,"P_internet","Internet",0.234674625918883,9.97155893855961e-07
5,10019,"P_internet","Internet",-0.711791108112217,0.00090860336786136
5,10020,"P_internet","Internet",-0.24994655892093,0.000336040335241705
5,10022,"P_internet","Internet",-0.102910323829674,0.000335467280820012
5,10024,"P_internet","Internet",-0.399949624687858,0.000386307074222714
5,10026,"P_internet","Internet",-0.529005108482757,0.000323501997627318
5,10028,"P_internet","Internet",-0.748940551262554,0.000922509760130197
5,10029,"P_internet","Internet",0.197414935242247,0.000163275675731711
5,10030,"P_internet","Internet",-1.14783323014653,0.00100672105327249
5,10032,"P_internet","Internet",0.330184947912247,-4.30778673035093e-05
5,10033,"P_internet","Internet",-0.750477710986286,0.000886850757524371
5,10034,"P_internet","Internet",-0.0478716910875322,0.000154349545482546
5,10035,"P_internet","Internet",-0.5836148435294,0.000595699821133167
5,10036,"P_internet","Internet",-0.723475173338632,0.000881850311998278
5,10037,"P_internet","Internet",0.877684750330032,-0.000545003509614617
5,10038,"P_internet","Internet",0.491761710213985,-0.000251731835305691
5,10039,"P_internet","Internet",0.20339782112092,0.000196662833332084
5,11001,"P_internet","Internet",0.294928188735251,-4.21324511989951e-05
5,11003,"P_internet","Internet",1.10558592453397,-0.00150871428195387
5,11004,"P_internet","Internet",0.628946375747526,-0.000531990313902497
5,11005,"P_internet","Internet",1.2391146434958,-0.00133924908004701
5,11006,"P_internet","Internet",0.386846613483763,-5.00806272611953e-05
5,11007,"P_internet","Internet",1.77242936890725,-0.00193645048420876
5,11008,"P_internet","Internet",0.320006280831915,-3.52712813764811e-05
5,11009,"P_internet","Internet",0.510368314532109,-0.000365209154551849
5,11011,"P_internet","Internet",1.06103021392991,-0.000963607395533472
5,11012,"P_internet","Internet",0.295048841332174,-3.46568849636242e-05
5,11013,"P_internet","Internet",0.103730855441529,0.000148164559504949
5,11014,"P_internet","Internet",0.993018438274328,-0.000512315949890763
5,11015,"P_internet","Internet",1.88190698056237,-0.00192784797400236
5,11016,"P_internet","Internet",0.370605803269187,-5.00342357554473e-05
5,11017,"P_internet","Internet",1.33707639036775,-0.00123926531523466
5,11020,"P_internet","Internet",1.83514184136457,-0.00194035226013511
5,11022,"P_internet","Internet",-0.534106904379466,0.000337083271006122
5,11023,"P_internet","Internet",0.032705259970645,0.000148199222167023
5,11024,"P_internet","Internet",0.336014867080115,-5.34657083335333e-05
5,11025,"P_internet","Internet",0.315072365636667,-2.97345886792755e-05
5,11026,"P_internet","Internet",0.0838593055264249,0.000170307510416023
5,11027,"P_internet","Internet",1.69232328810398,-0.00182188081089407
5,11029,"P_internet","Internet",-0.124981521605777,0.000352011760696769
5,11030,"P_internet","Internet",-0.201545966328032,0.000355690455762669
5,11031,"P_internet","Internet",0.902067391716782,-0.000535178114660084
5,11032,"P_internet","Internet",0.783552744271319,-0.00046631510485895
5,11033,"P_internet","Internet",0.502400042002248,-0.00037297751987353
5,11034,"P_internet","Internet",-0.070320016438484,0.000333946518367156
5,11035,"P_internet","Internet",0.493473788884967,-0.000370326393749565
5,11037,"P_internet","Internet",0.51267493396855,-0.000353999785147607
5,11040,"P_internet","Internet",-0.00912943351067564,0.00014677555009257
5,11042,"P_internet","Internet",0.47235763119382,-6.30201539024711e-05
5,11043,"P_internet","Internet",0.39175968151503,-6.6917586082127e-05
5,11044,"P_internet","Internet",0.754142898818212,-0.000465525139588863
5,11045,"P_internet","Internet",1.24009583397067,-0.001325823366642
5,12001,"P_internet","Internet",1.18189163028213,-0.00145911879371852
5,12002,"P_internet","Internet",-0.78234016099685,0.000930720998439938
5,12003,"P_internet","Internet",-0.744148122926349,0.00090582063421607
5,12004,"P_internet","Internet",-0.883951675570865,0.000841594242956489
5,12005,"P_internet","Internet",-0.532003131932282,0.000334577925968915
5,12006,"P_internet","Internet",-0.602084391375445,0.000609490205533803
5,12007,"P_internet","Internet",0.0633596615923501,0.000147338985698298
5,12008,"P_internet","Internet",-0.835777084320565,0.00086256890790537
5,12009,"P_internet","Internet",-1.33646065661876,0.00097390596056357
5,12010,"P_internet","Internet",-1.13189389110461,0.000902674335520715
5,12011,"P_internet","Internet",-0.302542820525391,0.000327872228808701
5,12012,"P_internet","Internet",-1.05780419855531,0.000986982602626085
5,12013,"P_internet","Internet",-1.09086414710279,0.000992482760921121
5,12014,"P_internet","Internet",-0.0285162161834559,0.00014565626042895
5,12015,"P_internet","Internet",-0.144599811911159,0.000329208647599444
5,12016,"P_internet","Internet",-0.304899344361153,0.000331621384248137
5,12017,"P_internet","Internet",-0.473138321534418,0.000324426859151572
5,12018,"P_internet","Internet",-0.367713023505741,0.000324844499118626
5,12019,"P_internet","Internet",-0.521869790212429,0.000306608650134876
5,12020,"P_internet","Internet",-1.23308935055191,0.000962638470809907
5,12021,"P_internet","Internet",-0.0611174654748889,0.000333183328621089
5,12022,"P_internet","Internet",-0.156594511885233,0.00035562677658163
5,12023,"P_internet","Internet",-0.62544303447265,0.000600668601691723
5,12024,"P_internet","Internet",-1.31979831353985,0.00102591898757964
5,12025,"P_internet","Internet",-1.3010354627456,0.000984968268312514
5,12026,"P_internet","Internet",-1.02719856316438,0.00088181090541184
5,12028,"P_internet","Internet",-0.394741369363503,0.00037378107663244
5,12029,"P_internet","Internet",1.69474505384734,-0.00197527790442109
5,12030,"P_internet","Internet",-0.60829164230414,0.000595255580265075
5,12031,"P_internet","Internet",-1.27380318889089,0.000992991263046861
5,12032,"P_internet","Internet",-1.02959625083723,0.000870948832016438
5,12033,"P_internet","Internet",-0.256587581082974,0.000329578528180718
5,12034,"P_internet","Internet",-0.245364305270222,0.000336841971147805
5,12035,"P_internet","Internet",1.30326939426731,-0.00132537947501987
5,12036,"P_internet","Internet",-1.17893020768046,0.00101760064717382
5,12037,"P_internet","Internet",-0.732653837908495,0.000872538017574698
5,12038,"P_internet","Internet",1.49363218244591,-0.00195052346680313
5,12039,"P_internet","Internet",-0.504404643850589,0.000315102486638352
5,12040,"P_internet","Internet",-0.862174389486437,0.000861598819028586
5,12041,"P_internet","Internet",-1.32631726749031,0.00102087261620909
5,12042,"P_internet","Internet",-0.626511446017179,0.000619736732915044
5,12043,"P_internet","Internet",-0.986343272969667,0.00085733993910253
5,12044,"P_internet","Internet",0.00206791236571297,0.000146032049087808
5,12045,"P_internet","Internet",-0.222735788037422,0.000345735199516639
5,12047,"P_internet","Internet",-1.24991080230072,0.00107445626053959
5,12048,"P_internet","Internet",0.655422986971662,-0.000523837108630687
5,12050,"P_internet","Internet",0.66314366268699,-0.0005253697745502
5,12051,"P_internet","Internet",-0.813613365614574,0.000860149215441197
5,12052,"P_internet","Internet",-1.12889405752395,0.000909973809029907
5,12053,"P_internet","Internet",-0.855888333989215,0.000857749837450683
5,12054,"P_internet","Internet",-1.03206458915839,0.000878916005603969
5,12055,"P_internet","Internet",0.49566604566232,-0.000382844009436667
5,12056,"P_internet","Internet",-0.701047729930591,0.000899186881724745
5,12057,"P_internet","Internet",0.136109646914603,0.000141626471304335
5,12058,"P_internet","Internet",-0.222708773222812,0.000331256916979328
5,12059,"P_internet","Internet",-0.24824948006603,0.000325930916005746
5,12061,"P_internet","Internet",0.217016670215841,-4.66372075607069e-05
5,12062,"P_internet","Internet",-1.01467246121688,0.000837278610561043
5,12063,"P_internet","Internet",-0.993840842239584,0.000877507729455829
5,12064,"P_internet","Internet",-0.540913054658921,0.000309612951241434
5,12065,"P_internet","Internet",-1.05470076387022,0.000892160227522254
5,12066,"P_internet","Internet",-0.203096861485443,0.00034194954787381
5,12067,"P_internet","Internet",-0.166189280552788,0.000335241929860786
5,12068,"P_internet","Internet",-0.752135530599298,0.000845836184453219
5,12069,"P_internet","Internet",-1.1590997642172,0.000911464740056545
5,12070,"P_internet","Internet",-0.870840126538468,0.000872083997819573
5,12071,"P_internet","Internet",-1.22961277995956,0.000958630349487066
5,12072,"P_internet","Internet",-1.29829981580972,0.000891093222890049
5,12073,"P_internet","Internet",-0.207140781048761,0.000335816788719967
5,12074,"P_internet","Internet",-1.13755360448733,0.00093121244572103
5,12075,"P_internet","Internet",0.418701312280467,-4.43231656390708e-05
5,12076,"P_internet","Internet",-1.30703670696312,0.00091362523380667
5,12077,"P_internet","Internet",-0.131286287606566,0.000329151487676427
5,12078,"P_internet","Internet",-1.06626050883713,0.00149830302689224
5,12079,"P_internet","Internet",-1.06412927180523,0.000876003061421216
5,12080,"P_internet","Internet",-0.840636654503676,0.000866809918079525
5,12081,"P_internet","Internet",-1.22317229439999,0.00100100855343044
5,13006,"P_internet","Internet",-0.868603303927599,0.000859922729432583
5,13012,"P_internet","Internet",-0.440829556876616,0.000332430703565478
5,13014,"P_internet","Internet",-1.10876066124951,0.000965760846156627
5,13015,"P_internet","Internet",-0.294637700923506,0.000325687462463975
5,13018,"P_internet","Internet",-0.745568696383255,0.000877514539752156
5,13020,"P_internet","Internet",-0.903846319256659,0.000822840433102101
5,13026,"P_internet","Internet",-0.527867263608573,0.000290519237751141
5,13028,"P_internet","Internet",-0.2766406113832,0.000336259719915688
5,13029,"P_internet","Internet",0.0976914532401172,0.000146064965520054
5,13030,"P_internet","Internet",0.266212954249175,-4.84322154079564e-05
5,13031,"P_internet","Internet",-0.239846353668376,0.000331350864144042
5,13032,"P_internet","Internet",-1.10720309212756,0.00096578017110005
5,13033,"P_internet","Internet",-0.103432607440716,0.000330293958541006
5,13034,"P_internet","Internet",-1.27190143277748,0.00102139252703637
5,13036,"P_internet","Internet",-0.532976986296646,0.000317992933560163
5,13037,"P_internet","Internet",-0.332915453911611,0.000334474141709507
5,13040,"P_internet","Internet",-0.990143855352087,0.000876004283782095
5,13042,"P_internet","Internet",-0.2487431293984,0.000330766197293997
5,13043,"P_internet","Internet",-0.176011670587955,0.00033488345798105
5,13046,"P_internet","Internet",-0.887003329813812,0.0008680853061378
5,13047,"P_internet","Internet",0.200820568877156,8.37714469525963e-05
5,13049,"P_internet","Internet",-0.858370812525925,0.000873595825396478
5,13055,"P_internet","Internet",-0.257969218405473,0.000351960130501539
5,13058,"P_internet","Internet",-0.428155660294003,0.000312250718707219
5,13059,"P_internet","Internet",-0.866835642916442,0.000849901465699077
5,13062,"P_internet","Internet",-1.17612285921162,0.000993795110844076
5,13068,"P_internet","Internet",-1.25442123302879,0.00100580404978245
5,13071,"P_internet","Internet",-1.1010981268183,0.000949306529946625
5,13073,"P_internet","Internet",-1.04540607045003,0.000880799314472824
5,13079,"P_internet","Internet",-1.15496577535811,0.00100364629179239
5,13080,"P_internet","Internet",-1.16601407848456,0.00095555221196264
5,13081,"P_internet","Internet",-0.250391022431554,0.000346244662068784
5,13084,"P_internet","Internet",0.270209705729658,-4.82133109471761e-05
5,14001,"P_internet","Internet",0.995258971011733,-0.000496793072670698
5,14002,"P_internet","Internet",1.43707333461147,-0.00174434122163802
5,14003,"P_internet","Internet",0.957241714455612,-0.000458785449154675
5,14004,"P_internet","Internet",0.523713832086903,-0.000375395087758079
5,14005,"P_internet","Internet",1.15624382845436,-0.0014644933398813
5,14006,"P_internet","Internet",1.3215585090228,-0.00130309537053108
5,14007,"P_internet","Internet",0.488901220044455,-0.000374485010979697
5,14008,"P_internet","Internet",1.46241938209877,-0.00184253416955471
5,14009,"P_internet","Internet",1.17840601520457,-0.00143977254629135
5,14010,"P_internet","Internet",0.423802732901299,-3.07601876556873e-05
5,14011,"P_internet","Internet",-0.372139406404962,0.000326001143548638
5,14012,"P_internet","Internet",-0.327410630234064,0.000346198561601341
5,14013,"P_internet","Internet",1.01069824412083,-0.000973184069152921
5,14014,"P_internet","Internet",0.464009123984351,-4.9720641982276e-05
5,14015,"P_internet","Internet",1.8437732263696,-0.0018751856405288
5,14016,"P_internet","Internet",0.729761313140282,-0.000521132606081665
5,14017,"P_internet","Internet",0.533760180482988,-0.000506627082359046
5,14018,"P_internet","Internet",1.21950495985378,-0.00150695268530399
5,14019,"P_internet","Internet",-0.252447998145126,0.000356149103026837
5,14020,"P_internet","Internet",-0.12933803139016,0.000338826648658141
5,14021,"P_internet","Internet",0.610651346330082,-0.000543465779628605
5,14022,"P_internet","Internet",0.694368516177295,-0.000536913925316185
5,14023,"P_internet","Internet",2.23477077214105,-0.00226590153761208
5,14024,"P_internet","Internet",0.8038624542964,-0.000527668162249029
5,14025,"P_internet","Internet",1.60363057156001,-0.00191070011351258
5,14026,"P_internet","Internet",1.63372382299413,-0.00173499120865017
5,14027,"P_internet","Internet",-0.443792954535293,0.000332004565279931
5,14028,"P_internet","Internet",0.0869644020834304,0.000119696866022423
5,14029,"P_internet","Internet",0.294050020744386,-1.69702016137308e-05
5,14030,"P_internet","Internet",2.04805273227955,-0.0019876454025507
5,14031,"P_internet","Internet",-0.47144810254305,0.000281201908364892
5,14032,"P_internet","Internet",-1.0282770018111,0.000869040144607425
5,14033,"P_internet","Internet",0.771765913476232,-0.000548463722225279
5,14034,"P_internet","Internet",0.406154068782161,-6.70797380735166e-05
5,14035,"P_internet","Internet",0.603131033715244,-0.000494491017889231
5,14036,"P_internet","Internet",1.1513737617657,-0.0014816775219515
5,14037,"P_internet","Internet",1.77363014962157,-0.00189650943502784
5,14038,"P_internet","Internet",0.331621145523129,-5.21806759934407e-05
5,14039,"P_internet","Internet",2.71503523684005,-0.00241189426742494
5,14040,"P_internet","Internet",-0.335829794206205,0.000351301307091489
5,14041,"P_internet","Internet",0.221041642554485,-1.86283250513952e-05
5,14042,"P_internet","Internet",-0.572961533241174,0.000614166900049895
5,14043,"P_internet","Internet",0.59282887170186,-0.00055080495076254
5,14044,"P_internet","Internet",1.20402975674395,-0.00127809052355587
5,14045,"P_internet","Internet",0.480493633529461,-0.000366158783435822
5,14046,"P_internet","Internet",1.43491676662614,-0.00186363235116005
5,14047,"P_internet","Internet",1.10620148635807,-0.00151525612454861
5,14048,"P_internet","Internet",0.606569779696581,-0.000509764126036316
5,14049,"P_internet","Internet",0.635860458510611,-0.00057260919129476
5,14050,"P_internet","Internet",0.947029526656896,-0.000485039636259899
5,14051,"P_internet","Internet",0.646197756218837,-0.00027060104184784
5,14052,"P_internet","Internet",0.259408662398691,-4.38403403677512e-05
5,14053,"P_internet","Internet",1.30612731977121,-0.0013037989847362
5,14054,"P_internet","Internet",1.11374712139989,-0.00152847112622112
5,14055,"P_internet","Internet",0.980148966303651,-0.000521268113516271
5,14056,"P_internet","Internet",-0.652052635838768,0.000612626376096159
5,14057,"P_internet","Internet",1.68936604238932,-0.00171153584960848
5,14058,"P_internet","Internet",1.05638605658796,-0.000960258184932172
5,14059,"P_internet","Internet",1.44171738481187,-0.00192378682550043
5,14060,"P_internet","Internet",0.0743555482709928,0.000163625794812106
5,14061,"P_internet","Internet",-1.12886480631193,0.00100982119329274
5,14062,"P_internet","Internet",-0.133178409507517,0.000331346673192456
5,14063,"P_internet","Internet",1.91133943736874,-0.00188740494195372
5,14064,"P_internet","Internet",0.183355259278724,0.000180178860318847
5,14065,"P_internet","Internet",0.408415030775433,-4.41840202256572e-05
5,14066,"P_internet","Internet",0.672649960487188,-0.000546063820365816
5,14067,"P_internet","Internet",2.3458084230075,-0.00237259618006647
5,14068,"P_internet","Internet",0.566710065552022,-0.000556876126211137
5,14069,"P_internet","Internet",-0.187087060779434,0.000342989544151351
5,14070,"P_internet","Internet",0.975216558943318,-0.00032741652103141
5,14071,"P_internet","Internet",-0.939186907996664,0.000864471308887005
5,14072,"P_internet","Internet",0.662200399196604,-0.000515317544341087
5,14073,"P_internet","Internet",1.47910172037006,-0.00186729594133794
5,14074,"P_internet","Internet",1.09851156531426,-0.0015532897086814
5,14075,"P_internet","Internet",0.378208287277387,-5.5369167967001e-05
5,14076,"P_internet","Internet",-0.447637834280326,0.000332977389916778
5,14077,"P_internet","Internet",1.12961631650007,-0.00149736751336604
5,14078,"P_internet","Internet",1.5524406038568,-0.00186216062866151
5,14079,"P_internet","Internet",0.644295399215261,-0.00053361727623269
5,14080,"P_internet","Internet",0.0880367116729093,0.000144184043165296
5,14081,"P_internet","Internet",0.268652790451596,-6.22210063738748e-05
5,14082,"P_internet","Internet",1.88798897741728,-0.00187902746256441
5,14083,"P_internet","Internet",1.43693624728711,-0.00183589197695255
5,14084,"P_internet","Internet",0.293117602109809,-5.99914565100335e-05
5,14085,"P_internet","Internet",1.58973233490348,-0.00188405683729798
5,14086,"P_internet","Internet",0.310886873949831,-1.47344435390551e-05
5,14087,"P_internet","Internet",0.713248567030396,-0.000552016193978488
5,14088,"P_internet","Internet",0.274095854602182,-1.37151973831351e-05
5,14089,"P_internet","Internet",0.641386924779932,-0.000537331681698561
5,14090,"P_internet","Internet",0.47522977006121,-0.000375459960196167
5,14091,"P_internet","Internet",1.42279148298768,-0.00191378395538777
5,14092,"P_internet","Internet",0.461703395898237,-4.51165287813637e-05
5,14093,"P_internet","Internet",1.85217861003202,-0.00200139009393752
5,14094,"P_internet","Internet",1.39085643981336,-0.00133081455715001
5,14095,"P_internet","Internet",1.49172371669151,-0.00192705343943089
5,14096,"P_internet","Internet",1.0627505542797,-0.000977463205344975
5,14097,"P_internet","Internet",1.96109763672613,-0.00206523365341127
5,14098,"P_internet","Internet",2.23958275016276,-0.00238422700203955
5,14099,"P_internet","Internet",-0.0111776836393881,0.000156299152877182
5,14100,"P_internet","Internet",0.0209299387576946,0.000151555024785921
5,14101,"P_internet","Internet",2.06431740027938,-0.00210474221967161
5,14102,"P_internet","Internet",0.732909051470627,-0.000506324868183583
5,14103,"P_internet","Internet",0.398287717029537,-5.11208054376766e-05
5,14104,"P_internet","Internet",0.628507821289356,-0.000496997556183487
5,14105,"P_internet","Internet",0.340259793154135,-3.71673231711611e-05
5,14106,"P_internet","Internet",0.088203506935174,0.000172912958078086
5,14107,"P_internet","Internet",0.982030602918057,-0.000522534595802426
5,14108,"P_internet","Internet",0.966077754954267,-0.000451581319794059
5,14109,"P_internet","Internet",0.331695756425798,-4.15120157413185e-05
5,14110,"P_internet","Internet",1.41043211134437,-0.00186452572233975
5,14111,"P_internet","Internet",1.21643860365946,-0.00149986753240228
5,14112,"P_internet","Internet",1.36690320770895,-0.00134926161263138
5,14113,"P_internet","Internet",-0.00720349022187892,0.00017202747403644
5,14114,"P_internet","Internet",1.15636991161297,-0.00148382352199405
5,14115,"P_internet","Internet",0.50200275779347,-0.00035630475031212
5,14116,"P_internet","Internet",1.87501283285777,-0.00191647314932197
5,14117,"P_internet","Internet",0.164919232712014,0.000165346951689571
5,14118,"P_internet","Internet",0.675639412052287,-0.000521482725162059
5,14119,"P_internet","Internet",0.859754731395919,-0.000534121179953218
5,14120,"P_internet","Internet",2.80514991743719,-0.00321677257306874
5,14121,"P_internet","Internet",1.29671164688824,-0.00129937473684549
5,14122,"P_internet","Internet",-0.444555688451636,0.000332435418386012
5,14123,"P_internet","Internet",-0.0237846173183011,0.000174735352629796
5,14124,"P_internet","Internet",1.03355516636907,-0.000941752979997545
5,14125,"P_internet","Internet",0.643955379637174,-0.000515726394951344
5,15105,"P_internet","Internet",-1.02502451001574,0.000929155736230314
5,16001,"P_internet","Internet",-0.0976069744955365,0.000347337103448808
5,16002,"P_internet","Internet",0.675901228400771,-0.000525673851370811
5,16004,"P_internet","Internet",-0.0331334378048104,0.00017105917504523
5,16006,"P_internet","Internet",1.01971829320846,-0.0009777044178918
5,16008,"P_internet","Internet",-0.353714210109347,0.000302441447274759
5,16009,"P_internet","Internet",0.489299780415596,-0.000367760891094804
5,16010,"P_internet","Internet",-0.294197897789547,0.000340892496751621
5,16011,"P_internet","Internet",0.913072712460753,-0.000540146487765014
5,16012,"P_internet","Internet",0.321950425281235,-2.86714002868393e-05
5,16014,"P_internet","Internet",0.177265204370037,0.000155880436068401
5,16015,"P_internet","Internet",0.971836272417215,-0.000515044142957777
5,16016,"P_internet","Internet",-0.364033266829565,0.00034216875792481
5,16019,"P_internet","Internet",0.619064103125734,-0.00053146481513977
5,16021,"P_internet","Internet",-1.30257203408836,0.00100499566178769
5,16023,"P_internet","Internet",1.07571082169656,-0.000955534691456705
5,16024,"P_internet","Internet",-0.805666524759104,0.000961015233770013
5,16025,"P_internet","Internet",-0.322455057862328,0.000334672135068104
5,16026,"P_internet","Internet",1.29755969520354,-0.00122915441170335
5,16027,"P_internet","Internet",-0.770525256873579,0.000869972631335258
5,16028,"P_internet","Internet",0.728772512811084,-0.00052561255870387
5,16029,"P_internet","Internet",0.601661493768234,-0.000471063365694135
5,16030,"P_internet","Internet",0.433946814579219,-6.50916408631019e-05
5,16032,"P_internet","Internet",-0.610928966735794,0.000607873895205557
5,16033,"P_internet","Internet",-0.140650527500123,0.000357837649062276
5,16035,"P_internet","Internet",-0.375772713575878,0.000329624657751992
5,16036,"P_internet","Internet",0.54400151134247,-0.000515356950927526
5,16037,"P_internet","Internet",-0.547908829763651,0.000327148678479716
5,16039,"P_internet","Internet",-0.494842238099609,0.00033406080910936
5,16042,"P_internet","Internet",0.586411066324187,-0.000490875681862235
5,16043,"P_internet","Internet",1.28447151312472,-0.00130594475194812
5,16044,"P_internet","Internet",0.120451407903946,0.000163072414579801
5,16045,"P_internet","Internet",1.7871845701871,-0.00192145700566471
5,16048,"P_internet","Internet",-0.479978801983813,0.000347941502695903
5,16051,"P_internet","Internet",1.65085412510709,-0.00181896600406617
5,16052,"P_internet","Internet",1.18930784731468,-0.00140758557245135
5,16053,"P_internet","Internet",2.14739938176678,-0.00213356874883175
5,16054,"P_internet","Internet",-0.065400259072633,0.000336551369400695
5,16055,"P_internet","Internet",0.30378538884731,-2.98746472253697e-05
5,16056,"P_internet","Internet",-0.993399602455327,0.000892060750629753
5,16058,"P_internet","Internet",0.288824389978628,-2.71051976596937e-06
5,16059,"P_internet","Internet",-0.755781426060143,0.000864898262079805
5,16060,"P_internet","Internet",0.367368964124086,-4.6910710807424e-05
5,16062,"P_internet","Internet",0.659498236180753,-0.000520120840519667
5,16063,"P_internet","Internet",-0.461428904711594,0.000333821022650227
5,16064,"P_internet","Internet",0.643946055518142,-0.000504549534525722
5,16065,"P_internet","Internet",-0.183862918187706,0.000337187346303836
5,16066,"P_internet","Internet",0.93894237693841,-0.000506125506944954
5,16067,"P_internet","Internet",-0.315470171928495,0.000332074443576857
5,16068,"P_internet","Internet",0.762319158326662,-0.000512998376507312
5,16069,"P_internet","Internet",1.66762994746026,-0.00183353445027024
5,16070,"P_internet","Internet",0.135313751288189,0.000183429961907677
5,16071,"P_internet","Internet",0.953593267791942,-0.000511945108883083
5,16073,"P_internet","Internet",0.335061278735025,-4.14749883930199e-05
5,16074,"P_internet","Internet",0.595765863177208,-0.000491109909489751
5,16075,"P_internet","Internet",0.892135899616216,-0.000521565787494183
5,16076,"P_internet","Internet",1.94795911158471,-0.00190536479931325
5,16077,"P_internet","Internet",-0.260687064475101,0.00033557167625986
5,16079,"P_internet","Internet",0.409472572221382,-3.8950649468461e-05
5,16082,"P_internet","Internet",-0.0987302374617526,0.000345236534485593
5,16083,"P_internet","Internet",0.0514357244005894,0.000162217475008219
5,16084,"P_internet","Internet",-0.0949080756505828,0.000351228401996195
5,16085,"P_internet","Internet",0.361774081528348,-4.42813470726833e-05
5,16086,"P_internet","Internet",0.676675258177116,-0.000541915942449123
5,16087,"P_internet","Internet",0.354047662801911,-2.5309183911304e-05
5,16089,"P_internet","Internet",0.69943300606172,-0.00049955042777583
5,16090,"P_internet","Internet",-0.266071441985505,0.000342886603903025
5,16091,"P_internet","Internet",0.290341090716118,-5.37629748578183e-05
5,16094,"P_internet","Internet",-0.240534525484742,0.000342669372912496
5,16095,"P_internet","Internet",0.546453898251137,-0.000513606413733214
5,16096,"P_internet","Internet",-0.133222186644646,0.000346450513461605
5,16097,"P_internet","Internet",-0.797247832546325,0.000879344588611275
5,16100,"P_internet","Internet",-0.689486835407846,0.00081983394920826
5,16102,"P_internet","Internet",1.62528135657771,-0.00189067923929542
5,16103,"P_internet","Internet",1.41617563123504,-0.00186283921357244
5,16104,"P_internet","Internet",0.850458353048745,-0.000568459276109934
5,16105,"P_internet","Internet",1.06372212781937,-0.00098285498097539
5,16106,"P_internet","Internet",0.914285228259307,-0.000529801705852151
5,16107,"P_internet","Internet",0.64897535810028,-0.000517833803314716
5,16108,"P_internet","Internet",1.70183263074343,-0.00177151151001453
5,16109,"P_internet","Internet",0.384664995693388,-4.75945453217719e-05
5,16111,"P_internet","Internet",0.773846309433679,-0.000513755716383457
5,16113,"P_internet","Internet",0.306349421170895,-4.30468971899245e-05
5,17003,"P_internet","Internet",0.342503447020062,-4.0325234294869e-05
5,17017,"P_internet","Internet",1.12607505962158,-0.00149148527998477
5,17025,"P_internet","Internet",1.02424647515866,-0.000970511173363775
5,18002,"P_internet","Internet",0.311086659832268,-4.63603901152965e-05
5,18003,"P_internet","Internet",0.481724863197287,-0.000384947692509741
5,18004,"P_internet","Internet",0.586432767254813,-0.000502043636515737
5,18006,"P_internet","Internet",0.793286724582733,-0.000546773720998317
5,18007,"P_internet","Internet",-0.296724490033679,0.000363186409231275
5,18008,"P_internet","Internet",1.92976283189139,-0.0020388956181705
5,18009,"P_internet","Internet",-1.36248704656817,0.000990394619293511
5,18010,"P_internet","Internet",-0.422680785202125,0.000327808724250644
5,18011,"P_internet","Internet",-0.0906226416588856,0.000343775056535378
5,18012,"P_internet","Internet",0.0238063644087226,0.000148700317367911
5,18013,"P_internet","Internet",0.0380423566471643,0.000174134343978949
5,18014,"P_internet","Internet",-0.307959834135257,0.000357212877133861
5,18015,"P_internet","Internet",-0.00389779833088105,0.000153834087541327
5,18017,"P_internet","Internet",2.16606835536505,-0.00213223742321134
5,18018,"P_internet","Internet",0.401600370877056,-4.31710395787377e-05
5,18019,"P_internet","Internet",-0.927927918710066,0.00094403576804325
5,18020,"P_internet","Internet",1.59232773557842,-0.00183212361298501
5,19001,"P_internet","Internet",0.940949843161804,-0.000425983540480956
5,19002,"P_internet","Internet",0.48773266649669,-0.000520273111760616
5,19003,"P_internet","Internet",-0.279832132460178,6.27264598733746e-05
5,19004,"P_internet","Internet",1.85416331456741,-0.00199346500448883
5,19005,"P_internet","Internet",0.6548567074528,-0.000583861314225942
5,19006,"P_internet","Internet",3.03522602682833,-0.00419075414538383
5,19007,"P_internet","Internet",-0.749667844326988,0.000830573379062116
5,19008,"P_internet","Internet",0.586982385983194,-0.000511036778334528
5,19009,"P_internet","Internet",1.50237678016152,-0.00182771065738052
5,19010,"P_internet","Internet",1.36112071914875,-0.00131161941681057
5,19011,"P_internet","Internet",0.697281190448936,-0.000790060206782073
5,19012,"P_internet","Internet",1.34274133960624,-0.00122691562864929
5,19013,"P_internet","Internet",0.541084995120929,-0.000891488743945956
5,19014,"P_internet","Internet",-0.623892064708823,0.000596831843722612
5,19015,"P_internet","Internet",-1.27555725549132,0.00129388947971165
5,19016,"P_internet","Internet",-0.298627490447467,0.00035172639763914
5,19017,"P_internet","Internet",-0.504001503318704,0.000302677450235933
5,19018,"P_internet","Internet",1.94566146174659,-0.00207204115577042
5,19019,"P_internet","Internet",3.54369899812037,-0.00423375470563769
5,19020,"P_internet","Internet",0.369104301485202,-9.85721271717921e-05
5,19021,"P_internet","Internet",2.43868836962388,-0.00241230963729322
5,19022,"P_internet","Internet",-0.023734623727851,5.41093322681263e-05
5,19023,"P_internet","Internet",1.09933691925561,-0.00180648383684456
5,19024,"P_internet","Internet",-1.09410290043534,0.000935803924221545
5,19025,"P_internet","Internet",1.8536075826006,-0.00222334591671824
5,19026,"P_internet","Internet",2.84128420680434,-0.0042049172334373
5,19027,"P_internet","Internet",0.610932896355826,-0.000874163932166994
5,19028,"P_internet","Internet",0.00954708823737456,5.37603664270137e-05
5,19029,"P_internet","Internet",1.21476678552699,-0.00140601745806634
5,19030,"P_internet","Internet",-0.84937956375831,0.000831568788271397
5,19031,"P_internet","Internet",1.91020775621854,-0.00197098474018276
5,19032,"P_internet","Internet",0.173358791722041,6.67871718178503e-05
5,19033,"P_internet","Internet",1.46669045070939,-0.00195746030658484
5,19034,"P_internet","Internet",0.660499511487882,-0.000553507474251091
5,19035,"P_internet","Internet",0.209013609780441,0.000213614839594811
5,19036,"P_internet","Internet",-0.980647469715318,0.00092007959028706
5,19037,"P_internet","Internet",0.116300744511085,0.000168960745213553
5,19038,"P_internet","Internet",1.59335749426854,-0.00188182981219143
5,19039,"P_internet","Internet",2.86639894467457,-0.00420726556330919
5,19040,"P_internet","Internet",0.528745149603198,-0.000702935387380421
5,19041,"P_internet","Internet",1.22435440824626,-0.00152012088801712
5,19042,"P_internet","Internet",0.488676089297015,-0.000521331385243684
5,19043,"P_internet","Internet",-1.27901761248292,0.000960887176916003
5,19044,"P_internet","Internet",1.65691921603616,-0.00190337747335434
5,19045,"P_internet","Internet",1.13707104895417,-0.00145408709067851
5,19046,"P_internet","Internet",3.14116536586156,-0.00421042321249843
5,19047,"P_internet","Internet",1.2440097476486,-0.0013304241001606
5,19048,"P_internet","Internet",2.78244153992704,-0.00325165828689933
5,19049,"P_internet","Internet",2.07910196451259,-0.00229038554243743
5,19050,"P_internet","Internet",-0.757826716614075,0.000941199483349919
5,19051,"P_internet","Internet",0.15690683413382,6.31152797723189e-05
5,20001,"P_internet","Internet",-1.08489996409875,0.000795839296188205
5,20002,"P_internet","Internet",0.0702854384902836,0.000164354816661216
5,20003,"P_internet","Internet",-1.22259946729873,0.00101672869641334
5,20004,"P_internet","Internet",-0.533556050999058,0.000312949327053502
5,20005,"P_internet","Internet",0.0758395635453769,0.000113971982500516
5,20006,"P_internet","Internet",-0.153366457224794,0.000347290915669873
5,20007,"P_internet","Internet",-0.612193062492782,0.000609207432717085
5,20009,"P_internet","Internet",-0.972363600494151,0.000820222427137196
5,20010,"P_internet","Internet",0.24803322988764,-5.33351012563799e-05
5,20011,"P_internet","Internet",-1.31127501808459,0.00111053325235844
5,20013,"P_internet","Internet",1.75416988972706,-0.00161604501772672
5,20014,"P_internet","Internet",1.27476237787143,-0.00125622353516519
5,20016,"P_internet","Internet",-1.28927202235182,0.00163041148334742
5,20018,"P_internet","Internet",-0.839993661639711,0.000834242906421423
5,20019,"P_internet","Internet",-1.21730702833942,0.000931369606405497
5,20020,"P_internet","Internet",-0.781999500252355,0.000907757319509983
5,20022,"P_internet","Internet",-1.28002538449424,0.00118836318142712
5,20023,"P_internet","Internet",0.162416556031038,0.000167323902132921
5,20024,"P_internet","Internet",-0.062082296950634,0.000413920526625589
5,20025,"P_internet","Internet",-0.345531107004928,0.000346953020198271
5,20026,"P_internet","Internet",-0.385137093707057,0.000328177004121244
5,20027,"P_internet","Internet",-0.380360893668505,0.00039622001349926
5,20029,"P_internet","Internet",-1.10230249453052,0.00089161837240681
5,20030,"P_internet","Internet",1.61064922951805,-0.0017677879659459
5,20031,"P_internet","Internet",-0.561520757851437,0.000483707495732233
5,20032,"P_internet","Internet",-1.31537291701597,0.00113796151708812
5,20033,"P_internet","Internet",0.983700962579255,-0.000459131406387314
5,20034,"P_internet","Internet",-1.42492486223983,0.00109024718403816
5,20035,"P_internet","Internet",1.22736817196651,-0.0013031930429861
5,20036,"P_internet","Internet",0.498343760212049,-0.000288292532786727
5,20037,"P_internet","Internet",-0.518663559891723,0.0003338830138091
5,20038,"P_internet","Internet",-0.315245673372256,0.000394419301301241
5,20039,"P_internet","Internet",0.668683195176057,-0.000533693819306791
5,20040,"P_internet","Internet",-1.09987532520719,0.000854802841786295
5,20041,"P_internet","Internet",-0.220363896963007,0.000400010263547301
5,20042,"P_internet","Internet",0.305335936215418,-2.86007598333526e-05
5,20043,"P_internet","Internet",0.770346131520467,-0.000526633113622665
5,20044,"P_internet","Internet",0.157604084933854,0.000160112453158945
5,20045,"P_internet","Internet",1.03949739119058,-0.000836393272038549
5,20046,"P_internet","Internet",-1.0669896675107,0.000937830831389874
5,20047,"P_internet","Internet",-1.15242178220542,0.00111337506677955
5,20048,"P_internet","Internet",-1.24888676625921,0.00160517462063581
5,20049,"P_internet","Internet",0.200982572500342,0.00016579391376581
5,20050,"P_internet","Internet",-0.787994763503572,0.000874646939337254
5,20051,"P_internet","Internet",-1.33680312261412,0.00106009736191481
5,20052,"P_internet","Internet",-0.554710457099312,0.000374870985979214
5,20053,"P_internet","Internet",-0.0938899123680259,0.000312823889544234
5,20054,"P_internet","Internet",-0.922288248144417,0.000846306385938078
5,20055,"P_internet","Internet",-1.21300861344855,0.00101707328576595
5,20057,"P_internet","Internet",-0.267557022872704,0.000328799127601087
5,20058,"P_internet","Internet",-1.23543286039242,0.000942241749726236
5,20060,"P_internet","Internet",-1.44799507312193,0.00094203680055216
5,20062,"P_internet","Internet",1.18788778544462,-0.00126437691505998
5,20063,"P_internet","Internet",1.41287222521728,-0.00188748713117093
5,20064,"P_internet","Internet",-0.803279150890236,0.000862840912304819
5,20065,"P_internet","Internet",-1.44602337545772,0.00107597815804183
5,20066,"P_internet","Internet",-0.809310869191846,0.000899592181667686
5,20067,"P_internet","Internet",2.05132214918526,-0.00212293304502964
5,20068,"P_internet","Internet",0.712953081872599,-0.000526577059645206
5,20072,"P_internet","Internet",-0.181497945315675,0.000347982248058543
5,20073,"P_internet","Internet",-0.12205203059942,0.000300648855045438
5,20075,"P_internet","Internet",-1.1671023046515,0.00113547791261226
5,20077,"P_internet","Internet",0.972484938734427,-0.000497289351187646
5,20078,"P_internet","Internet",0.714445189979691,-0.000473785301437601
5,20079,"P_internet","Internet",1.41526951388605,-0.0018401937559247
5,20081,"P_internet","Internet",-1.20202964862674,0.00101831438951194
5,20083,"P_internet","Internet",1.88858683844868,-0.00208185007795691
5,20084,"P_internet","Internet",2.13667420194093,-0.00203721597790718
5,20086,"P_internet","Internet",-0.827331934317012,0.000978146446868777
5,20087,"P_internet","Internet",0.913904313707706,-0.000541510467883199
5,20088,"P_internet","Internet",-0.84179166502378,0.000871609780006111
5,20089,"P_internet","Internet",-0.891871008536244,0.000866164511535317
5,20091,"P_internet","Internet",2.4136932791273,-0.00232823099941015
5,20092,"P_internet","Internet",0.631113106472868,-0.000514918647240847
5,20093,"P_internet","Internet",-1.46440529554499,0.000871673051733524
5,20094,"P_internet","Internet",-1.27750289246161,0.00097160239238292
5,20096,"P_internet","Internet",1.68972736294033,-0.00174833531491458
5,20097,"P_internet","Internet",-0.970780671417627,0.000835764629300684
5,20098,"P_internet","Internet",-0.164080443844587,0.00045245440560393
5,20099,"P_internet","Internet",-1.3295640419661,0.00103618041612208
5,20100,"P_internet","Internet",-0.797881646016484,0.000867296010255814
5,20102,"P_internet","Internet",0.262034835134619,-3.7039106246084e-05
5,20103,"P_internet","Internet",0.37574660093151,-2.9787504900014e-05
5,20104,"P_internet","Internet",-0.264845241799765,0.000374093884602189
5,20105,"P_internet","Internet",-0.248570523810968,0.000318260252242908
5,20106,"P_internet","Internet",-0.715376019279677,0.000812755199149251
5,20107,"P_internet","Internet",1.4329706476311,-0.0019469402031973
5,20108,"P_internet","Internet",-0.913175817803567,0.000795252854004502
5,20109,"P_internet","Internet",-0.368083930139665,0.000340592436259612
5,20110,"P_internet","Internet",-1.33384284053055,0.00105978827923536
5,20112,"P_internet","Internet",-0.412216161829956,0.000364776962669566
5,20114,"P_internet","Internet",-0.810772924376478,0.000845856207888573
5,20115,"P_internet","Internet",1.46376088116996,-0.00180637440644205
5,20116,"P_internet","Internet",-1.01462703555845,0.000839463726151735
5,20118,"P_internet","Internet",-0.404487796605322,0.000343028281349689
5,20119,"P_internet","Internet",0.197633370484648,0.000170553845237009
5,20120,"P_internet","Internet",0.7863018386489,-0.000450645573437214
5,20121,"P_internet","Internet",-1.39023574367196,0.000941752165090293
5,20123,"P_internet","Internet",-0.676463791460786,0.000622192572336644
5,20124,"P_internet","Internet",-0.459963987557566,0.00029106586589478
5,20127,"P_internet","Internet",-1.11350643527743,0.000925146683584899
5,20128,"P_internet","Internet",0.347349811306756,-0.00018100488523487
5,20129,"P_internet","Internet",-1.12925568530754,0.000986458035185933
5,20130,"P_internet","Internet",-1.30298596663452,0.000966276624239981
5,20131,"P_internet","Internet",-0.831494991349982,0.000867187511175871
5,20132,"P_internet","Internet",-0.606550607368905,0.000643731211312115
5,20133,"P_internet","Internet",-1.2690720368789,0.00108645262662321
5,20134,"P_internet","Internet",-1.12193916791267,0.000863543129526079
5,20135,"P_internet","Internet",-0.0504925835965054,0.000134151734528132
5,20136,"P_internet","Internet",-1.26983301485192,0.000942874932661653
5,20137,"P_internet","Internet",-1.23377309254226,0.000995454960502684
5,20138,"P_internet","Internet",-0.597206982966777,0.000528728298377246
5,20139,"P_internet","Internet",-0.537627877849215,0.000295467878459021
5,20140,"P_internet","Internet",-1.18012304096044,0.00113495090045035
5,20141,"P_internet","Internet",-0.975987640875176,0.000901499355677515
5,20142,"P_internet","Internet",-1.2893674415446,0.00103794189635664
5,20143,"P_internet","Internet",-0.364126269054973,0.000345104810548946
5,20144,"P_internet","Internet",-1.12685138952574,0.000970505527220666
5,20145,"P_internet","Internet",1.35028040030833,-0.00128039007540792
5,20147,"P_internet","Internet",-0.413759705731206,0.000335508433636278
5,20150,"P_internet","Internet",-0.151753681936066,0.000374585506506264
5,20151,"P_internet","Internet",-1.30423016542156,0.000989410560578108
5,20152,"P_internet","Internet",-0.909126653914125,0.000935253745410591
5,20156,"P_internet","Internet",-0.287793716777356,0.000395460898289457
5,20157,"P_internet","Internet",2.44553682005782,-0.00243958039209247
5,20160,"P_internet","Internet",-0.730361473345887,0.000925503089092672
5,20161,"P_internet","Internet",-0.56614101645874,0.000599194376263767
5,20162,"P_internet","Internet",-1.03512867243742,0.000868495204485953
5,20163,"P_internet","Internet",-0.832940046369088,0.000838820240460336
5,20164,"P_internet","Internet",-1.39610350012832,0.00108839722815901
5,20165,"P_internet","Internet",-1.09771482041524,0.000941697566304356
5,20166,"P_internet","Internet",-0.885094289085157,0.000900033977814019
5,20169,"P_internet","Internet",-1.31470934512236,0.000915820070076734
5,20171,"P_internet","Internet",-1.0470331945718,0.00087544071720913
5,20172,"P_internet","Internet",-0.708335978449942,0.000872543663717806
5,20173,"P_internet","Internet",-0.404487796605322,0.0003463928878773
5,20174,"P_internet","Internet",1.34744624339857,-0.00120792957022786
5,20175,"P_internet","Internet",-0.825200663515896,0.000843706191517413
5,20176,"P_internet","Internet",-0.276846368022644,0.000309097376884893
5,20177,"P_internet","Internet",-0.735884538572392,0.000900746847037226
5,20178,"P_internet","Internet",1.14181444741286,-0.00148650875780731
5,20179,"P_internet","Internet",0.0920013896872698,0.00011642503523035
5,20181,"P_internet","Internet",-1.35218054857578,0.000907274894416332
5,20182,"P_internet","Internet",-1.42365059016783,0.000920657126698643
5,20183,"P_internet","Internet",-1.15041659725548,0.000993988127447665
5,20184,"P_internet","Internet",0.777608787795648,-0.00052883371245116
5,20186,"P_internet","Internet",-0.903110453746848,0.000768798578064889
5,20187,"P_internet","Internet",-0.761945689669998,0.00081900431541726
5,20189,"P_internet","Internet",-0.174312990219408,0.000449890299933031
5,20190,"P_internet","Internet",-0.244320588449079,0.000347402004990727
5,20191,"P_internet","Internet",-0.0630396728334272,0.000469116872409359
5,20192,"P_internet","Internet",1.29702056120075,-0.000901478284504265
5,20193,"P_internet","Internet",0.0160332269207922,0.000169655977515504
5,20194,"P_internet","Internet",-0.853755835267478,0.000917000172194093
5,20195,"P_internet","Internet",-1.35423005714082,0.0010894286679104
5,20196,"P_internet","Internet",0.966724510113163,-0.000498521374538541
5,20197,"P_internet","Internet",-1.00351699175298,0.000907234498299658
5,20198,"P_internet","Internet",-1.12699450740443,0.000895314558874816
5,20199,"P_internet","Internet",-1.3274701618247,0.00112842582166195
5,20200,"P_internet","Internet",-0.755737168188445,0.000820986868347973
5,20201,"P_internet","Internet",-1.09565893507722,0.000913801952265203
5,20205,"P_internet","Internet",-1.12177285719944,0.000894225027877837
5,20206,"P_internet","Internet",-0.172638634907875,0.000340693921316415
5,20207,"P_internet","Internet",-1.13250373173856,0.000929390254896134
5,20208,"P_internet","Internet",-1.30527718545575,0.00115016289055347
5,20210,"P_internet","Internet",-0.947364702265653,0.000937406672164798
5,20212,"P_internet","Internet",-0.810856261985909,0.000816037238109857
5,20214,"P_internet","Internet",-0.757261047409345,0.000914694101084024
5,20215,"P_internet","Internet",-1.28869788975049,0.00111601152457297
5,20216,"P_internet","Internet",-0.746820119146791,0.000822618836537004
5,20217,"P_internet","Internet",-1.13642319428265,0.000851670221891254
5,20218,"P_internet","Internet",-1.25605118989443,0.000941321544814855
5,20219,"P_internet","Internet",0.489759534875605,-0.000363841536454856
5,20220,"P_internet","Internet",-1.24962619913365,0.000918042671401054
5,20221,"P_internet","Internet",-1.2140265536411,0.00100079213734716
5,20222,"P_internet","Internet",-1.15734240057418,0.000923636020161211
5,20223,"P_internet","Internet",-0.124012551998273,0.000422982586314902
5,20224,"P_internet","Internet",-1.05893003404047,0.000966933905147016
5,20226,"P_internet","Internet",-0.417764731231404,0.000310959294438362
5,20227,"P_internet","Internet",1.30265457850737,-0.00130744662601501
5,20228,"P_internet","Internet",-1.33005610380858,0.00105016131419688
5,20230,"P_internet","Internet",-1.34986589380406,0.00111494772136211
5,20231,"P_internet","Internet",-1.49141679936917,0.000978734344244003
5,20232,"P_internet","Internet",-0.808397158817034,0.00082079746061936
5,20233,"P_internet","Internet",-1.11934987127657,0.000996681861579418
5,20234,"P_internet","Internet",-1.42060300489144,0.000928049499634653
5,20237,"P_internet","Internet",-0.574776338214295,0.000578617269638926
5,20239,"P_internet","Internet",-0.743667162294046,0.000934620969928801
5,20240,"P_internet","Internet",-1.21269935673186,0.000984346494078636
5,20242,"P_internet","Internet",-1.29907550487761,0.00130405672825873
5,20243,"P_internet","Internet",0.894555441751838,-0.000511901453137398
5,20244,"P_internet","Internet",0.172000003034869,0.000160549971042201
5,20245,"P_internet","Internet",-1.43184655777419,0.0011762595968321
5,20246,"P_internet","Internet",-0.517938457338949,0.000293731893179938
5,20247,"P_internet","Internet",1.53334116638927,-0.00201091170310974
5,20248,"P_internet","Internet",-0.969354930036055,0.000861303356941789
5,20249,"P_internet","Internet",-1.35396546891159,0.000959662953391671
5,20250,"P_internet","Internet",0.466461647203986,-1.91282961168326e-05
5,20251,"P_internet","Internet",-1.45184385955055,0.00104785896837711
5,20252,"P_internet","Internet",-0.969092686411583,0.000831201730761677
5,20255,"P_internet","Internet",-0.516677894448142,0.000327016721712425
5,20256,"P_internet","Internet",-0.701461585177771,0.000848838244564831
5,20257,"P_internet","Internet",-0.795453289104874,0.000835638435091823
5,20258,"P_internet","Internet",-1.01031432495655,0.000955089810304344
5,20259,"P_internet","Internet",-0.833199006918632,0.000905823428183794
5,20260,"P_internet","Internet",-1.2714112799617,0.0010897247120738
5,20261,"P_internet","Internet",-1.35962930006357,0.00107237393967807
5,20262,"P_internet","Internet",-0.288429074544212,0.00032804615329951
5,20264,"P_internet","Internet",-0.597426181662794,0.000577872910071164
5,20265,"P_internet","Internet",-1.14940591935234,0.000913427327759564
5,20267,"P_internet","Internet",-0.862105301141334,0.000781819864641875
5,20269,"P_internet","Internet",-0.407051165324478,0.000322572333971038
5,20270,"P_internet","Internet",-1.49754813294151,0.000890228722710162
5,20271,"P_internet","Internet",-1.36431640254088,0.000975016795564443
5,20273,"P_internet","Internet",0.198133300218695,0.000154244116856717
5,20274,"P_internet","Internet",-1.01498092160825,0.00085729209240526
5,20275,"P_internet","Internet",-1.0121841599019,0.000840196036733687
5,20276,"P_internet","Internet",-1.14041366777354,0.000885130255483091
5,20278,"P_internet","Internet",-0.715538732505232,0.000876211968716234
5,20280,"P_internet","Internet",-0.173742205146217,0.000406398379709572
5,20281,"P_internet","Internet",-0.607590560212265,0.000547741423361003
5,20282,"P_internet","Internet",-0.831405868097206,0.000850481330417097
5,20283,"P_internet","Internet",-1.17358972521898,0.00105218403041363
5,20284,"P_internet","Internet",0.984843066189552,-0.000373001239495352
5,20286,"P_internet","Internet",-1.04291763518008,0.000885066867340356
5,20288,"P_internet","Internet",-1.46228014768675,0.000911804381757975
5,20290,"P_internet","Internet",-1.38041652878485,0.00107222551014274
5,20292,"P_internet","Internet",0.408483926714518,-4.88115947518963e-05
5,20293,"P_internet","Internet",1.87077558395214,-0.0019771174993366
5,20294,"P_internet","Internet",0.421151061038983,6.88185309627443e-06
5,20295,"P_internet","Internet",0.950671429272159,-0.000514470564667135
5,20296,"P_internet","Internet",-0.994769030353857,0.000845699512865394
5,20297,"P_internet","Internet",-0.852879141454499,0.00152819335926324
5,20298,"P_internet","Internet",-0.264638644295538,0.000360863952664658
5,20299,"P_internet","Internet",0.337639247873514,-2.30756813834887e-05
5,20301,"P_internet","Internet",-0.0189887817688244,0.00014421675587073
5,20303,"P_internet","Internet",-0.182607659083774,0.000364059640560299
5,20305,"P_internet","Internet",0.713490451125148,-0.00051024416461587
5,20308,"P_internet","Internet",0.0680274601926636,0.000235479310504161
5,20309,"P_internet","Internet",-1.26059186712897,0.000932455353904516
5,20310,"P_internet","Internet",-0.507584687880557,0.000430597516242415
5,20311,"P_internet","Internet",-0.202406254022053,0.000425962876761332
5,20313,"P_internet","Internet",-0.567142585142974,0.000574464502278715
5,20315,"P_internet","Internet",-1.0913659466531,0.000931946386117488
5,20317,"P_internet","Internet",-0.66739266614826,0.00062195403734222
5,20320,"P_internet","Internet",-0.533556050999058,0.000266520015429705
5,20321,"P_internet","Internet",-1.38615115272999,0.00104893010575324
5,20322,"P_internet","Internet",-1.32032533000236,0.00097765598911792
5,20323,"P_internet","Internet",-1.2136286102033,0.000954409188125283
5,20325,"P_internet","Internet",-1.31258981596859,0.00103484152350575
5,20326,"P_internet","Internet",-1.396367138444,0.000993545982055366
5,20327,"P_internet","Internet",-0.614437109024052,0.00060302927158773
5,20329,"P_internet","Internet",-0.960588569853554,0.000820788438431919
5,20330,"P_internet","Internet",0.397829755367291,3.23151762131602e-05
5,20331,"P_internet","Internet",-0.848502987183983,0.000809328339528292
5,20332,"P_internet","Internet",-0.156128037799313,0.000301936728646979
5,20333,"P_internet","Internet",0.0695213218309849,0.000165507022757083
5,20335,"P_internet","Internet",-1.41508907479975,0.000984516111202538
5,20336,"P_internet","Internet",-0.0328010903465648,9.52569535002112e-05
5,20337,"P_internet","Internet",-0.947069629967415,0.000854144222103059
5,20338,"P_internet","Internet",1.45823593844217,-0.00177454471122473
5,20339,"P_internet","Internet",-0.321078492093203,0.000325708970194682
5,20340,"P_internet","Internet",-1.34337067086404,0.00105535751208663
5,20341,"P_internet","Internet",-1.44954624224756,0.000916369957849383
5,20342,"P_internet","Internet",1.5151708099009,-0.00184407131746411
5,20343,"P_internet","Internet",-0.47769826618417,0.000320273189572617
5,20346,"P_internet","Internet",-1.09488839873224,0.00101203331723809
5,20348,"P_internet","Internet",-0.98225690718035,0.000859868770930916
5,20349,"P_internet","Internet",0.814585707257324,-0.000549940625205636
5,20350,"P_internet","Internet",2.7502307755635,-0.00253869965672493
5,20352,"P_internet","Internet",-1.50756493310229,0.00157563760876656
5,20354,"P_internet","Internet",-0.770498045165347,0.000842163688503206
5,20355,"P_internet","Internet",-1.06896133746396,0.000869716692250222
5,20356,"P_internet","Internet",-0.415688139079224,0.000349457957781851
5,20358,"P_internet","Internet",-1.1889063668661,0.00100191158708185
5,20359,"P_internet","Internet",-0.972660824317989,0.000933286792133003
5,20360,"P_internet","Internet",-0.428460039882757,0.000336501398123801
5,20363,"P_internet","Internet",-0.734373188180669,0.000839026877656579
5,20365,"P_internet","Internet",-0.636709235899688,0.000593734264839441
5,20368,"P_internet","Internet",0.829603279665695,-0.000466585654066876
5,20369,"P_internet","Internet",0.160744757531835,0.000133809982798994
5,20370,"P_internet","Internet",-0.686317994120098,0.000732804415747523
5,20371,"P_internet","Internet",-0.919091948891172,0.000858142389915884
5,20372,"P_internet","Internet",-1.2731379898482,0.00109734036959708
5,20373,"P_internet","Internet",-1.43734901485772,0.00103899440728128
5,20374,"P_internet","Internet",-1.38016945320551,0.000900748418644071
5,20375,"P_internet","Internet",1.65474538592142,-0.00186110101640224
5,20376,"P_internet","Internet",-1.30200857934788,0.00113316148053855
5,20377,"P_internet","Internet",-0.366514606636782,0.000341105274856091
5,20378,"P_internet","Internet",-0.866447023148921,0.000871254131197929
5,20379,"P_internet","Internet",-1.06671103740054,0.000944283383432776
5,20380,"P_internet","Internet",-0.150143786006199,0.000371911359252408
5,20381,"P_internet","Internet",-1.39841527941174,0.00102042045909911
5,20382,"P_internet","Internet",0.0877422620297148,0.0001591158361407
5,20383,"P_internet","Internet",-1.27285183077276,0.000986357685178518
5,20385,"P_internet","Internet",1.80862048760752,-0.00201702769845724
5,20387,"P_internet","Internet",-0.207686551095836,0.00034576200414449
5,20388,"P_internet","Internet",-0.766222224182184,0.000968904758337885
5,20389,"P_internet","Internet",-1.2349859234828,0.00149576633702964
5,20390,"P_internet","Internet",2.48011694785287,-0.00241500907577574
5,20392,"P_internet","Internet",-1.04892021086968,0.000837010215036571
5,20393,"P_internet","Internet",0.412631903154536,-3.91103385481983e-05
5,20394,"P_internet","Internet",-1.17144491711189,0.000966953404713422
5,20395,"P_internet","Internet",-1.45947619184647,0.00084703421453014
5,20396,"P_internet","Internet",-1.16448523361773,0.000961982004810125
5,20397,"P_internet","Internet",0.0334079144067415,0.000165196630405262
5,20399,"P_internet","Internet",1.37506217311382,-0.00122155342251062
5,20400,"P_internet","Internet",-1.16448523361773,0.00106682418845594
5,20403,"P_internet","Internet",0.274973359549568,2.60314518527593e-05
5,20404,"P_internet","Internet",-1.27657276766577,0.000991230830550194
5,20405,"P_internet","Internet",-0.452655280612923,0.000321557134157047
5,20406,"P_internet","Internet",-1.14235420940615,0.000851136457640678
5,20407,"P_internet","Internet",-0.725808950632057,0.000829077966045588
5,20408,"P_internet","Internet",-1.17579471927471,0.00101339386310428
5,20409,"P_internet","Internet",1.97681490455677,-0.00200410047546029
5,20411,"P_internet","Internet",-0.207819895758528,0.000359031779225916
5,20412,"P_internet","Internet",-0.0662951770451058,0.000428600469604135
5,20416,"P_internet","Internet",-0.597206982966777,0.000554310507141054
5,20417,"P_internet","Internet",-0.731188119717168,0.000870260584633797
5,20418,"P_internet","Internet",0.571882834026528,-0.000499402813147753
5,20419,"P_internet","Internet",0.895897428289006,-0.000480297458125278
5,20420,"P_internet","Internet",-1.21553459964177,0.00101546081714332
5,20421,"P_internet","Internet",0.20997564772275,0.000182461968506686
5,20422,"P_internet","Internet",-1.29742939168426,0.00100780604407191
5,20423,"P_internet","Internet",-1.17821260929895,0.000993504538200796
5,20425,"P_internet","Internet",-1.36687678756439,0.000965999090112746
5,20426,"P_internet","Internet",-1.24722723182055,0.000963320140726864
5,20427,"P_internet","Internet",-0.256216715398436,0.000327693880535662
5,20430,"P_internet","Internet",-0.550822706713141,0.000295990495942533
5,20431,"P_internet","Internet",1.11610526526066,-0.00149667158257216
5,20432,"P_internet","Internet",0.0120038707540748,0.00029032866586931
5,20434,"P_internet","Internet",-1.25214631363373,0.000956565141677856
5,20435,"P_internet","Internet",-0.858882188454705,0.000860921980347484
5,20436,"P_internet","Internet",-0.870982705007163,0.000809028802905232
5,20437,"P_internet","Internet",-0.811992369596427,0.000900338694918901
5,20438,"P_internet","Internet",-0.858022234526225,0.000811048899777234
5,20440,"P_internet","Internet",-0.877670522219968,0.00097451382316649
5,20441,"P_internet","Internet",-0.511795641671049,0.000332377589074895
5,20442,"P_internet","Internet",-1.39121998246397,0.000991146662272513
5,20443,"P_internet","Internet",0.317832011492949,-7.98776600277051e-05
5,20444,"P_internet","Internet",-0.94734310847657,0.000855661055538803
5,20445,"P_internet","Internet",-0.695351013504942,0.000862693705130368
5,20446,"P_internet","Internet",-0.819251188409311,0.000852670869790018
5,20447,"P_internet","Internet",-0.776930467229918,0.000873995886649936
5,20451,"P_internet","Internet",-1.49165499863625,0.000869409821461886
5,20452,"P_internet","Internet",-0.565456198004398,0.000612209376413375
5,20453,"P_internet","Internet",-0.327239210495966,0.000349094858393073
5,20454,"P_internet","Internet",-1.11981084400885,0.000896543264389038
5,20455,"P_internet","Internet",-1.21720346599667,0.00108044582884759
5,20456,"P_internet","Internet",-0.50647879474624,0.000317735597491264
5,20457,"P_internet","Internet",-0.691195824363533,0.000844878202769905
5,20458,"P_internet","Internet",-0.866447023148921,0.000851056713145226
5,20459,"P_internet","Internet",-0.482103587636323,0.000291877513518557
5,20460,"P_internet","Internet",-0.921163410029227,0.000822930131107569
5,20461,"P_internet","Internet",-1.19817306324738,0.000960412784479558
5,20462,"P_internet","Internet",-0.857200441498576,0.000855613441672176
5,20463,"P_internet","Internet",-0.97415772350321,0.000905928609427065
5,20464,"P_internet","Internet",-1.47803097421212,0.0010551082668826
5,20465,"P_internet","Internet",-1.36260761031053,0.000930511858314276
5,20468,"P_internet","Internet",-1.06765593050819,0.000889256654772907
5,20469,"P_internet","Internet",-0.828652035370844,0.000872711942065507
5,20470,"P_internet","Internet",0.211767670252702,0.000237299464060925
5,20471,"P_internet","Internet",-0.190792372116096,0.000383778533432633
5,20472,"P_internet","Internet",-0.0509983500203926,0.000182750678504817
5,20473,"P_internet","Internet",-0.911443051839494,0.000733828288502991
5,20475,"P_internet","Internet",-0.338650625737098,0.000352344242855906
5,20476,"P_internet","Internet",-0.933835441451463,0.000810929283034056
5,20478,"P_internet","Internet",-1.07802692754144,0.000857468694448471
5,20480,"P_internet","Internet",-1.34498687552358,0.000966301304288208
5,20481,"P_internet","Internet",-1.21636432501419,0.00091628241352737
5,20483,"P_internet","Internet",-0.353902258102796,0.000352498202119023
5,20484,"P_internet","Internet",-1.13746310253044,0.00099541898816824
5,20486,"P_internet","Internet",0.203343281026755,0.000153218599734828
5,20487,"P_internet","Internet",-1.38255531626643,0.0010192597983405
5,20488,"P_internet","Internet",-1.11593719754474,0.0010193174239248
5,20490,"P_internet","Internet",-1.15831102620684,0.00107356114313006
5,20491,"P_internet","Internet",-0.89345791334936,0.000846086884848773
5,20492,"P_internet","Internet",-1.05479323100496,0.000808321055956185
5,20493,"P_internet","Internet",0.396870045369512,-6.34443131275475e-05
5,20494,"P_internet","Internet",-0.793205227850953,0.000930572219658643
5,20496,"P_internet","Internet",0.543035314513234,-0.00048853934276849
5,20498,"P_internet","Internet",-0.980832690181732,0.000869161973241717
5,20499,"P_internet","Internet",-0.152632474825776,0.000362531747668982
5,20500,"P_internet","Internet",-0.763682704273077,0.000866976857651025
5,20501,"P_internet","Internet",-1.2690720368789,0.00121180794667453
5,20502,"P_internet","Internet",-0.799748283936709,0.000827128416858613
5,20503,"P_internet","Internet",-0.214488437590623,0.000218232089537196
5,20504,"P_internet","Internet",-0.303263648074486,0.000339714140864089
5,20505,"P_internet","Internet",0.0528991460606134,0.000192335457541049
5,20506,"P_internet","Internet",-0.728485061985288,0.000854235724546015
5,20508,"P_internet","Internet",0.245033822573258,-6.01295796514023e-05
5,20510,"P_internet","Internet",-0.0730170529278137,0.000324324413668364
5,20511,"P_internet","Internet",-1.15855238867373,0.000944562663789839
5,20513,"P_internet","Internet",-0.586417684817154,0.000623055791947991
5,20514,"P_internet","Internet",-1.29836012090425,0.00100034917704761
5,20515,"P_internet","Internet",0.601694146135261,-0.000496840861160308
5,20517,"P_internet","Internet",-0.845866248945591,0.000785782176535577
5,20518,"P_internet","Internet",-1.39593517291027,0.00111720070708543
5,20519,"P_internet","Internet",0.512874466301365,-0.00035704267793335
5,20520,"P_internet","Internet",-0.702134995021063,0.000889924354851246
5,20521,"P_internet","Internet",-1.31336960193838,0.00100824690889567
5,20522,"P_internet","Internet",-0.917356815155083,0.000832658261060715
5,20523,"P_internet","Internet",0.133677469369211,0.000121675511763897
5,20524,"P_internet","Internet",-1.4596089549157,0.00100115849636495
5,20525,"P_internet","Internet",-0.624754752709988,0.00061737047508359
5,20527,"P_internet","Internet",-1.50808696462218,0.00148564809933305
5,20528,"P_internet","Internet",-1.46775283540829,0.00103939371183515
5,20529,"P_internet","Internet",-1.43805011529268,0.00102109625004232
5,20530,"P_internet","Internet",0.973814542850497,-0.000506547745317221
5,20531,"P_internet","Internet",-0.00179660345119449,0.000120139782666229
5,20532,"P_internet","Internet",-1.20675886664974,0.00108247820753604
5,20536,"P_internet","Internet",-1.15489838484185,0.00089527596719563
5,20537,"P_internet","Internet",-1.14459001271389,0.000982470926828682
5,20539,"P_internet","Internet",0.475077170212025,-0.000279490050161257
5,20540,"P_internet","Internet",0.318313998664649,-2.83920799120096e-05
5,20541,"P_internet","Internet",-0.974449538642431,0.000799012836068869
5,20544,"P_internet","Internet",-0.328426713512207,0.000335177028318867
5,20545,"P_internet","Internet",0.670354974602943,-0.000527933065313846
5,20546,"P_internet","Internet",1.14401420409826,-0.00153248640708625
5,20547,"P_internet","Internet",-1.05308679975912,0.000896390818525106
5,20548,"P_internet","Internet",-0.0626290811961935,0.000358351244358346
5,20549,"P_internet","Internet",-1.10026412509592,0.000936934084165841
5,20550,"P_internet","Internet",0.763351545630774,-0.000530193909071386
5,20551,"P_internet","Internet",0.668430099363877,-0.000499469053465873
5,20552,"P_internet","Internet",-1.23977173675427,0.00105862482450902
5,20553,"P_internet","Internet",1.5348188204851,-0.00189970911014825
5,20554,"P_internet","Internet",-1.04345126777313,0.000838578678667545
5,20555,"P_internet","Internet",0.500471003949603,-0.000362508842954412
5,20557,"P_internet","Internet",0.520251325364745,-0.00036135787377134
5,20558,"P_internet","Internet",-0.539531433043037,0.000321140745654702
5,20559,"P_internet","Internet",-0.203232190790966,0.000347019551554695
5,20560,"P_internet","Internet",-0.34151071594893,0.000346324726706371
5,20561,"P_internet","Internet",-0.632119878932935,0.00061386259039864
5,20562,"P_internet","Internet",-0.316728100595805,0.000347441149642691
5,20564,"P_internet","Internet",-0.80164654095316,0.000878975726664066
5,20565,"P_internet","Internet",0.1447205364716,0.00018153979908675
5,20566,"P_internet","Internet",-0.665307935165432,0.000600738392677158
5,20567,"P_internet","Internet",-0.688186894353646,0.000711871078237891
5,20568,"P_internet","Internet",-0.365405180636283,0.000331184361129999
5,20569,"P_internet","Internet",-1.19779853029292,0.000913963885977864
5,20570,"P_internet","Internet",-0.0597009796641983,0.000327366520650685
5,21003,"P_internet","Internet",-0.253238923750206,0.000333054456859827
5,21009,"P_internet","Internet",-1.21372784660807,0.00101181713398546
5,21010,"P_internet","Internet",-0.474267651180175,0.000346199056366459
5,21011,"P_internet","Internet",0.0574714299382769,0.000113494323159102
5,21013,"P_internet","Internet",0.412978938540391,-2.03326490009204e-05
5,21018,"P_internet","Internet",-0.517594979501096,0.000324294407619163
5,21024,"P_internet","Internet",-1.33940527864752,0.00107789027970284
5,21027,"P_internet","Internet",-0.453187678161285,0.000316979450872168
5,21032,"P_internet","Internet",-0.557841167777556,0.000470836326712742
5,21035,"P_internet","Internet",-0.0381303847627295,0.000150248801219277
5,21036,"P_internet","Internet",-1.22243337804875,0.000935461779590696
5,21037,"P_internet","Internet",-0.416174264943632,0.000317111669573933
5,21042,"P_internet","Internet",-1.05151005398375,0.000844558235257864
5,21047,"P_internet","Internet",-0.111283327747008,0.000328831432852894
5,21051,"P_internet","Internet",0.366456170903324,-1.25299693536363e-05
5,21055,"P_internet","Internet",-0.589494723191639,0.000612693431321532
5,21056,"P_internet","Internet",-0.330048869015015,0.000296231999527663
5,21059,"P_internet","Internet",-0.431334293533491,0.00032209325581789
5,21066,"P_internet","Internet",-1.1590997642172,0.000983084784820676
5,21073,"P_internet","Internet",-0.453113727497342,0.000328600843204185
5,21081,"P_internet","Internet",-0.617842941796384,0.000509091769345105
5,21082,"P_internet","Internet",0.0318070284636326,0.000145087629789487
5,21085,"P_internet","Internet",0.612446068714738,-0.000521979469340295
5,21087,"P_internet","Internet",-1.11836446884887,0.00094726646784693
5,21112,"P_internet","Internet",-0.981988067339076,0.000861690903548151
5,21113,"P_internet","Internet",-0.480818409116148,0.000330972805386409
5,21120,"P_internet","Internet",-1.14835692359443,0.00093832379207015
5,21124,"P_internet","Internet",0.121087436567587,0.000144189529237337
5,21127,"P_internet","Internet",-0.525563272225175,0.000305968569591641
5,21129,"P_internet","Internet",-0.30105011781078,0.000353821029420942
5,21135,"P_internet","Internet",-1.49487470259505,0.00104303529951721
5,21139,"P_internet","Internet",-0.639227392009413,0.000606948684435338
5,21141,"P_internet","Internet",-0.822493373412574,0.000859040766954422
5,21145,"P_internet","Internet",-0.911671969002736,0.000825305702164769
5,21147,"P_internet","Internet",-0.839510624929647,0.00086852244567126
5,21155,"P_internet","Internet",-0.246975071795248,0.000328644644469023
5,21156,"P_internet","Internet",1.38886788827951,-0.00144371448550373
5,21157,"P_internet","Internet",-0.584525397996759,0.000608091300819069
5,21160,"P_internet","Internet",-0.712196373524556,0.000842335168272257
5,21169,"P_internet","Internet",-0.0440026635458399,0.000154210720211267
5,21190,"P_internet","Internet",-0.818522681448018,0.00083185127004981
5,21191,"P_internet","Internet",0.279508580306508,-6.07650399615522e-05
5,21196,"P_internet","Internet",-0.465131092675933,0.000302796106552705
5,21198,"P_internet","Internet",-1.13616234776146,0.000908672751393169
5,21209,"P_internet","Internet",0.780667214393852,-0.000532091362401843
5,21214,"P_internet","Internet",0.0664651665213119,0.000151450323755853
5,21217,"P_internet","Internet",-1.08885214929696,0.000917502969969064
5,22002,"P_internet","Internet",-0.869121805610442,0.000857687264215201
5,22003,"P_internet","Internet",0.161035257522635,0.00011116529640276
5,22004,"P_internet","Internet",-0.0439882998476132,0.000149978019180708
5,22005,"P_internet","Internet",0.132554696673722,0.000174463973962702
5,22006,"P_internet","Internet",3.14328362036752,-0.00414084130898118
5,22007,"P_internet","Internet",0.737523021261995,-0.000520608969964087
5,22008,"P_internet","Internet",0.324362384488145,-4.26076621806715e-05
5,22009,"P_internet","Internet",-0.0255675984482682,0.000149613450048491
5,22010,"P_internet","Internet",-0.170626747833675,0.000344394415151328
5,22011,"P_internet","Internet",2.16988963872776,-0.00209430488757789
5,22012,"P_internet","Internet",0.289525640916601,1.35661757667549e-05
5,22013,"P_internet","Internet",-0.4958831445588,0.000311360345222056
5,22014,"P_internet","Internet",3.01282729174442,-0.00414802366867661
5,22015,"P_internet","Internet",0.789825888932081,-0.000566819682717323
5,22017,"P_internet","Internet",1.20556494753147,-0.00145316997077316
5,22018,"P_internet","Internet",-0.0993743180087158,0.000336159078869969
5,23001,"P_internet","Internet",2.43032319320967,-0.00256127631291747
5,23002,"P_internet","Internet",0.0517361666778601,0.00011573766823858
5,23003,"P_internet","Internet",1.40702970541858,-0.00234167650341988
5,23004,"P_internet","Internet",1.72024301009282,-0.0018331176834181
5,23005,"P_internet","Internet",1.94951728058712,-0.00202677515335381
5,23006,"P_internet","Internet",-0.4204948671653,0.000333315954776481
5,23007,"P_internet","Internet",-0.363598467373969,0.000328352907672524
5,23008,"P_internet","Internet",1.52262800604955,-0.00235627661459148
5,23009,"P_internet","Internet",1.00645378980617,-0.00133069592993706
5,23010,"P_internet","Internet",-0.481505709215453,0.000253964361036196
5,23011,"P_internet","Internet",1.42401057424787,-0.00203372817486525
5,24001,"P_internet","Internet",-0.564283074953948,0.000594032346270978
5,24002,"P_internet","Internet",-0.842240080991551,0.000861502252519131
5,24003,"P_internet","Internet",-1.02188982326433,0.000965620798524469
5,24004,"P_internet","Internet",-0.962546788550648,0.000844253343529999
5,24005,"P_internet","Internet",0.135367854401923,0.00019514917221386
5,24006,"P_internet","Internet",-0.919606887977458,0.000824546557851136
5,24007,"P_internet","Internet",0.40381093988313,-2.97688202408608e-05
5,24008,"P_internet","Internet",0.322278245869033,-5.0579612434376e-05
5,24009,"P_internet","Internet",0.885946171097952,-0.000503475894220173
5,24010,"P_internet","Internet",-0.503047322048946,0.00032004396780394
5,24011,"P_internet","Internet",0.609541463715885,-0.000534825376234949
5,24012,"P_internet","Internet",-0.9767979389054,0.000897040707059205
5,24013,"P_internet","Internet",1.07408726886608,-0.000870893592946231
5,24014,"P_internet","Internet",-1.25506890534173,0.00101094075944275
5,24015,"P_internet","Internet",-0.370117204012216,0.000380225828848779
5,24016,"P_internet","Internet",-0.0394049966585396,0.000198901892872527
5,24017,"P_internet","Internet",-0.849603961904412,0.000860259169712663
5,24018,"P_internet","Internet",-0.915576020049173,0.000896204903256148
5,24019,"P_internet","Internet",-0.945522883599823,0.000845320813823491
5,24020,"P_internet","Internet",1.52534948763929,-0.00187681836541742
5,24021,"P_internet","Internet",-0.190425423548824,0.000355428346665576
5,24022,"P_internet","Internet",-0.776431783927858,0.000847882649395615
5,24023,"P_internet","Internet",-0.13597714463769,0.000331994902808219
5,24024,"P_internet","Internet",0.889920804300645,-0.000541159533895552
5,24025,"P_internet","Internet",-0.161101075925481,0.000393006135709584
5,24026,"P_internet","Internet",-1.26105848919363,0.00098776409868151
5,24027,"P_internet","Internet",0.270434764114485,-3.93526170228142e-05
5,24028,"P_internet","Internet",2.31502494723918,-0.00236574443988502
5,24029,"P_internet","Internet",-1.17512742945735,0.000968668144196272
5,24030,"P_internet","Internet",-0.314735718331066,0.000319480284815654
5,24031,"P_internet","Internet",-0.935111482649119,0.000887138303369284
5,24032,"P_internet","Internet",-0.618314097575087,0.000618769030552357
5,24033,"P_internet","Internet",-0.51439461896631,0.000315794604830444
5,24034,"P_internet","Internet",-0.517543391689356,0.000320619088597596
5,24035,"P_internet","Internet",2.01204724836372,-0.0021483926102519
5,24036,"P_internet","Internet",-0.325696572529756,0.000340818864060566
5,24037,"P_internet","Internet",-0.597758772012601,0.000599634426180273
5,24038,"P_internet","Internet",-1.14053434785704,0.000962964433711022
5,24039,"P_internet","Internet",-1.07526917158345,0.00098744931165129
5,24040,"P_internet","Internet",-0.0188209178958778,0.000183616895810701
5,24041,"P_internet","Internet",-1.13850954472954,0.000982359517365694
5,24042,"P_internet","Internet",-0.428578630425682,0.00032792187994346
5,24043,"P_internet","Internet",-0.858713330577491,0.000861331704072654
5,24044,"P_internet","Internet",-0.506738445825836,0.00036382777034305
5,24045,"P_internet","Internet",-0.368961401990972,0.000345777662005275
5,24046,"P_internet","Internet",-0.793024932193264,0.000856775266584009
5,24047,"P_internet","Internet",0.249168795619986,-6.95583221386187e-05
5,24048,"P_internet","Internet",0.968131459204586,-0.000476505054393783
5,24049,"P_internet","Internet",-0.289461432117948,0.000316153687890619
5,24050,"P_internet","Internet",-0.63419891907305,0.000654967385344207
5,24051,"P_internet","Internet",-0.465022981249097,0.000345832493621856
5,24052,"P_internet","Internet",-0.278780363194763,0.000328301131958142
5,24053,"P_internet","Internet",-0.829330157759195,0.000911824346985668
5,24054,"P_internet","Internet",-1.03246174709721,0.000880332489032298
5,24055,"P_internet","Internet",-0.458534308191369,0.000353227951563895
5,24056,"P_internet","Internet",-0.718317206664684,0.000867672672029585
5,24057,"P_internet","Internet",-0.974710838692086,0.000896212121006101
5,24058,"P_internet","Internet",-0.449662447638274,0.000359070429112762
5,25001,"P_internet","Internet",1.54507119926447,-0.00187454232946038
5,25002,"P_internet","Internet",0.430586654395718,-6.11585448950791e-07
5,25003,"P_internet","Internet",-0.942727426103358,0.000834491977002472
5,25005,"P_internet","Internet",0.184368665140182,0.000141957105370238
5,25006,"P_internet","Internet",1.98955029870247,-0.00197013723663986
5,25007,"P_internet","Internet",-0.0254281360595407,0.000167633363162167
5,25008,"P_internet","Internet",-0.258233378405101,0.000353598006768152
5,25010,"P_internet","Internet",-0.111027096221594,0.000350784452166408
5,25011,"P_internet","Internet",0.764181917835205,-0.000442306423792616
5,25013,"P_internet","Internet",-0.179738522423403,0.000344423315254971
5,25015,"P_internet","Internet",1.4058909529265,-0.00129449123051018
5,25017,"P_internet","Internet",-0.430732342051119,0.000332993979100138
5,25018,"P_internet","Internet",0.149549912372728,0.000227371157961898
5,26001,"P_internet","Internet",0.277173557142046,-9.0718807769008e-05
5,26002,"P_internet","Internet",2.3676514906339,-0.00246702646836638
5,26003,"P_internet","Internet",-0.415993665250778,0.000320135237416252
5,26004,"P_internet","Internet",1.17252395624968,-0.00146345992106944
5,26005,"P_internet","Internet",2.01721150217075,-0.00128301011864096
5,26006,"P_internet","Internet",-0.67857540599581,0.000651690177619457
5,26007,"P_internet","Internet",-0.498469030391543,0.000334182870574296
5,26008,"P_internet","Internet",1.34321343834272,-0.000563563255127519
5,26009,"P_internet","Internet",0.321703921759206,-8.78884311532602e-05
5,26010,"P_internet","Internet",0.239566468705539,-4.10294269386213e-05
5,26011,"P_internet","Internet",-0.923805241698062,0.0008759128395468
5,26012,"P_internet","Internet",0.210283736316139,0.000212549828574993
5,26013,"P_internet","Internet",2.2033352222813,-0.00185833859723061
5,26014,"P_internet","Internet",0.994919006406795,-0.000449896324425936
5,26015,"P_internet","Internet",-0.0189249282136868,0.000265411857981235
5,26016,"P_internet","Internet",1.13648903365218,-0.00138182437513024
5,26017,"P_internet","Internet",1.6766260994961,-0.00186955591198057
5,26018,"P_internet","Internet",1.77364146343199,-0.00202687573619187
5,26019,"P_internet","Internet",2.67491284584896,-0.0023798793554306
5,26020,"P_internet","Internet",0.11659614664821,0.000197636050870642
5,26021,"P_internet","Internet",-0.854243958115628,0.00101197371259332
5,26022,"P_internet","Internet",-0.493527556949403,4.60105002275668e-05
5,26023,"P_internet","Internet",0.682410354274287,-0.000515730178449303
5,26024,"P_internet","Internet",1.53334116638927,-0.00150665338151157
5,26025,"P_internet","Internet",1.29184349416265,-0.0012292000465095
5,26026,"P_internet","Internet",-0.247345039959003,0.000350053509464487
5,26027,"P_internet","Internet",1.1982278867834,-0.00127868808340281
5,26028,"P_internet","Internet",-0.673481598595017,0.000511831603944302
5,26029,"P_internet","Internet",1.83052542639002,-0.00197345274500549
5,26030,"P_internet","Internet",2.43248993795877,-0.00243011233396828
5,26031,"P_internet","Internet",0.338700414742476,-4.29199899372179e-05
5,26032,"P_internet","Internet",1.38154854346979,-0.00093833904247731
5,26033,"P_internet","Internet",0.204328581585852,0.000225895753828809
5,26034,"P_internet","Internet",1.91502526913872,-0.00147894176188856
5,26035,"P_internet","Internet",1.26003195545753,-0.00135116360615939
5,26036,"P_internet","Internet",1.93946151046661,-0.0019309752387926
5,26037,"P_internet","Internet",-0.0575657984772219,3.83124424843118e-05
5,26038,"P_internet","Internet",1.39331254189711,-0.00133919424843043
5,26039,"P_internet","Internet",1.12580391466646,-0.00151729094795883
5,26040,"P_internet","Internet",-0.598920834802255,0.000560469285119325
5,26041,"P_internet","Internet",2.52233409681678,-0.00246264180168509
5,26042,"P_internet","Internet",1.07339776871896,-0.000925608270335943
5,26043,"P_internet","Internet",2.45945934811434,-0.00242498517036438
5,26044,"P_internet","Internet",2.57467782692526,-0.00172699242830276
5,26045,"P_internet","Internet",0.379886334204089,-2.38703505601734e-05
5,26046,"P_internet","Internet",0.0917376363767462,0.000221125854295678
5,26047,"P_internet","Internet",1.23058427108918,-0.00136026169639081
5,26048,"P_internet","Internet",2.44332331615879,-0.00270179542712867
5,26049,"P_internet","Internet",-1.17013388954442,0.00104311690665781
5,26050,"P_internet","Internet",-0.0353865453693324,8.30981152830645e-05
5,26051,"P_internet","Internet",-0.518693285219097,0.000328189809806645
5,26052,"P_internet","Internet",0.48505159073163,-0.000334061158355325
5,26053,"P_internet","Internet",-0.36887189280426,0.000308397924527526
5,26054,"P_internet","Internet",0.523238012565833,-0.000231389072723687
5,26055,"P_internet","Internet",2.16749947861781,-0.00215525692328811
5,26056,"P_internet","Internet",-0.24543040655397,0.000422959914430976
5,26057,"P_internet","Internet",0.23345589703271,-0.000142470991704613
5,26058,"P_internet","Internet",1.76025249521325,-0.00186228007078171
5,26059,"P_internet","Internet",-0.0555421033952244,0.00022827742213849
5,26060,"P_internet","Internet",-1.1155014740354,0.00102430791594088
5,26061,"P_internet","Internet",1.18448074382399,-0.00132001703605056
5,26062,"P_internet","Internet",-0.295813627604501,0.000379213452106342
5,26063,"P_internet","Internet",1.35607721498308,-0.000802450405899435
5,26064,"P_internet","Internet",-0.761990833843469,0.00082702684449032
5,26065,"P_internet","Internet",-1.19235254942417,0.00101329514291137
5,26066,"P_internet","Internet",0.679876037180967,-0.000485218362882733
5,26067,"P_internet","Internet",0.369941826369321,-2.04614048016083e-06
5,26068,"P_internet","Internet",-0.210024960157451,0.000289134826743975
5,26069,"P_internet","Internet",-0.420757949018088,0.000321975530823693
5,26070,"P_internet","Internet",1.17325460491994,-0.00153482356108725
5,26071,"P_internet","Internet",0.301099649900833,-3.24801440001465e-05
5,27002,"P_internet","Internet",0.0587154346925439,0.000180206014192663
5,27003,"P_internet","Internet",-0.463116986481597,0.000324605673085898
5,27004,"P_internet","Internet",1.5449000942196,-0.00180653459392488
5,27005,"P_internet","Internet",-0.177682223216121,0.000333342846715823
5,27006,"P_internet","Internet",-0.390744136026551,0.000330904527800158
5,27008,"P_internet","Internet",-0.426573318252167,0.00032396090682596
5,27010,"P_internet","Internet",-0.191795943954528,0.000346259243087843
5,27013,"P_internet","Internet",0.944440647031392,-0.000484530144603923
5,27014,"P_internet","Internet",0.549434796443177,-0.000464911485323682
5,27016,"P_internet","Internet",0.367901353819142,-4.1331717511639e-05
5,28001,"P_internet","Internet",-0.243383107797287,0.000374086783267558
5,28002,"P_internet","Internet",-0.273965662319383,0.000346524262567982
5,28003,"P_internet","Internet",1.42611427208864,-0.00189101626165211
5,28004,"P_internet","Internet",0.957762924407418,-0.000538954511284828
5,28005,"P_internet","Internet",-1.10747126886926,0.00091691518900916
5,28006,"P_internet","Internet",-0.783249237920621,0.000838232808746397
5,28007,"P_internet","Internet",-0.0192917993697912,0.000104124555946328
5,28008,"P_internet","Internet",-0.460582845526732,0.000333295698510483
5,28009,"P_internet","Internet",2.55805152985164,-0.00252543692477047
5,28010,"P_internet","Internet",-1.28894941450863,0.00105210253968835
5,28011,"P_internet","Internet",-0.876230525852374,0.000915999000426382
5,28012,"P_internet","Internet",-0.336645977728962,0.000357090233592317
5,28013,"P_internet","Internet",-0.198958103144814,0.000361893384251744
5,28014,"P_internet","Internet",0.446997175693202,-0.000157714777742513
5,28015,"P_internet","Internet",1.44361819864065,-0.00200834660790861
5,28016,"P_internet","Internet",0.0817653239090793,0.00014381310029421
5,28017,"P_internet","Internet",-0.404743880039806,0.000320636871038005
5,28018,"P_internet","Internet",-0.176627967818138,0.000395084207411855
5,28019,"P_internet","Internet",-0.109763174359257,0.000313171825837344
5,28020,"P_internet","Internet",0.57100674940578,-0.000497555069159716
5,28021,"P_internet","Internet",1.07469654411804,-0.000951230234932154
5,28022,"P_internet","Internet",1.67210342607971,-0.00205332646146417
5,28023,"P_internet","Internet",-0.971470011525577,0.000978928408585489
5,28024,"P_internet","Internet",0.546116220080392,-0.000498177076224238
5,28025,"P_internet","Internet",1.796466812021,-0.00206358311697841
5,28026,"P_internet","Internet",-0.42482436998838,0.000327112444210798
5,28027,"P_internet","Internet",1.7706530541129,-0.0020208633504808
5,28028,"P_internet","Internet",0.485500788664383,-0.000265854265308008
5,28029,"P_internet","Internet",0.581786306089208,-0.000502687762491405
5,28030,"P_internet","Internet",-0.259638218322685,0.000352556788129732
5,28031,"P_internet","Internet",0.16414694580884,0.000125361897516996
5,28032,"P_internet","Internet",1.45569358124549,-0.00192590116057545
5,28033,"P_internet","Internet",1.16089961766565,-0.00160268601030111
5,28034,"P_internet","Internet",-1.17921297418343,0.000905972323380411
5,28035,"P_internet","Internet",0.224680528938968,-3.58556972059887e-05
5,28036,"P_internet","Internet",-1.40488325390128,0.00113531353417784
5,28037,"P_internet","Internet",0.65004053800904,-0.000531443336512893
5,28038,"P_internet","Internet",2.49382746523293,-0.00251006032340229
5,28039,"P_internet","Internet",-0.813554819772965,0.000886278983671218
5,28040,"P_internet","Internet",1.31322851822803,-0.00131858850363642
5,28041,"P_internet","Internet",1.99318662995747,-0.00211342261172831
5,28042,"P_internet","Internet",-0.363034959511474,0.000306743109831586
5,28043,"P_internet","Internet",-0.0743196988852725,0.000395356153603643
5,30003,"P_internet","Internet",0.206225762699264,0.000159568997332826
5,30012,"P_internet","Internet",-0.438621880692215,0.000362600694643334
5,30015,"P_internet","Internet",0.0770677405206399,0.000175598950590938
5,30032,"P_internet","Internet",0.335655209747302,-6.76081035635434e-05
5,30039,"P_internet","Internet",1.71298683167389,-0.00193500344175845
5,30045,"P_internet","Internet",0.565156500270282,-0.000479186943266541
5,30048,"P_internet","Internet",0.954163622616108,-0.000464339449536055
5,30054,"P_internet","Internet",-0.279988264053643,0.000365513144060969
5,30056,"P_internet","Internet",-0.861678657905852,0.000869478390086442
5,30059,"P_internet","Internet",-0.378017400712607,0.000338411889970303
5,30061,"P_internet","Internet",0.377745877277762,-4.34922876593191e-05
5,30070,"P_internet","Internet",0.0901986154192908,0.000158918890519999
5,30072,"P_internet","Internet",-0.795431083318808,0.000908854242879897
5,30073,"P_internet","Internet",-0.223880422656326,0.000366181513527408
5,30076,"P_internet","Internet",-0.711422969768958,0.000825117051135749
5,30077,"P_internet","Internet",0.0302774241820396,0.000156063921167515
5,30082,"P_internet","Internet",0.0738037412747529,0.000169197024661116
5,30089,"P_internet","Internet",0.300036303739222,-3.13921227643732e-05
5,30091,"P_internet","Internet",0.124396582791698,0.000120799180876929
5,30094,"P_internet","Internet",-0.338380907279072,0.000348232570104301
5,30097,"P_internet","Internet",0.72220836218218,-0.00051197613356635
5,30104,"P_internet","Internet",-0.960714965461585,0.000832570192869753
5,30108,"P_internet","Internet",1.37910738230231,-0.00147119222674519
5,30111,"P_internet","Internet",0.030157472773228,0.000187938887393102
5,30116,"P_internet","Internet",-0.0632830288622621,0.000341075472533703
5,30119,"P_internet","Internet",0.0432857661777275,0.000198729787371121
5,30120,"P_internet","Internet",-0.531572352808842,0.000330040464177728
5,30122,"P_internet","Internet",-1.10686371999853,0.000895271194167435
5,30129,"P_internet","Internet",-0.625710753703132,0.000609054055530578
5,30130,"P_internet","Internet",0.332914189691064,-5.17535554536153e-05
5,30133,"P_internet","Internet",0.930447852633746,-0.000468013138743117
5,30139,"P_internet","Internet",-0.0503468750240806,0.000203017436433583
5,30141,"P_internet","Internet",0.00723165570779796,0.00017093306814786
5,30142,"P_internet","Internet",-0.565857115489495,0.00061671668663621
5,30143,"P_internet","Internet",-0.563232145992366,0.000613885291386396
5,30144,"P_internet","Internet",-0.45185103916513,0.000328982743667439
5,30145,"P_internet","Internet",0.0920618450043438,0.00016873721324373
5,30149,"P_internet","Internet",-0.46048670983189,0.00029606424504891
5,30161,"P_internet","Internet",-0.734801636554826,0.000910393777303398
5,30169,"P_internet","Internet",-0.742878055851403,0.000868228089530021
5,30172,"P_internet","Internet",-0.700311459975478,0.000837669591419399
5,30176,"P_internet","Internet",-0.0628735338832347,0.000399640703108162
5,30190,"P_internet","Internet",-0.328242099096702,0.00026470233569853
5,30199,"P_internet","Internet",-0.343758114159372,0.000373332557501271
5,30204,"P_internet","Internet",0.938480645688877,-0.000510222336743027
5,30205,"P_internet","Internet",-0.299435602453635,0.000377154094167054
5,30206,"P_internet","Internet",1.71715551504027,-0.00183044886216521
5,30207,"P_internet","Internet",0.127670543396372,0.000189168335055001
5,30208,"P_internet","Internet",1.00464167234684,-0.000459369242889807
5,30209,"P_internet","Internet",-1.07877344611808,0.000907501031178981
5,30210,"P_internet","Internet",-0.521452250081485,0.00033619231544435
5,30212,"P_internet","Internet",-1.2923994163542,0.00100027595181018
5,31001,"P_internet","Internet",-0.461878770736379,0.000319990038406104
5,31002,"P_internet","Internet",0.279591721583267,2.47850603045663e-05
5,31003,"P_internet","Internet",0.121649806822489,0.000132172732264735
5,31004,"P_internet","Internet",0.341292001515041,-1.3949799722468e-05
5,31005,"P_internet","Internet",0.254828418072635,-3.07008740492165e-05
5,31006,"P_internet","Internet",-0.0440410415345101,0.000142205622978508
5,31007,"P_internet","Internet",-0.119212242307694,0.000382424826966599
5,31008,"P_internet","Internet",0.122893235480604,0.000211449398193508
5,31009,"P_internet","Internet",0.155608886697658,0.000181327384780161
5,31010,"P_internet","Internet",-1.04320127424154,0.000931683054659516
5,31011,"P_internet","Internet",-0.00387684514725738,0.000212260347325355
5,31012,"P_internet","Internet",0.0641543842712908,0.000206317243282683
5,31013,"P_internet","Internet",1.81109733476227,-0.0019276513485238
5,31014,"P_internet","Internet",0.686885263878428,-0.000515886291395873
5,31015,"P_internet","Internet",0.18876096693148,0.000264414818957448
5,31016,"P_internet","Internet",-0.292763218110689,0.000409928295994177
5,31017,"P_internet","Internet",-1.15728244175438,0.000960949342697859
5,31018,"P_internet","Internet",0.116269978620553,0.000147779675899073
5,31019,"P_internet","Internet",-0.0333495338836713,0.000241643414483406
5,31020,"P_internet","Internet",0.61627925095922,-0.000495881482493132
5,31021,"P_internet","Internet",0.351732015989248,-0.000172832689713687
5,31022,"P_internet","Internet",-1.47084912263053,0.000933311006519943
5,31023,"P_internet","Internet",-0.423830917135824,0.000371546600945294
5,31024,"P_internet","Internet",-0.321197060198108,0.000348085421137512
5,31025,"P_internet","Internet",0.231128457357912,-4.54107466794085e-05
5,31026,"P_internet","Internet",0.425863157338479,8.26923314889427e-06
5,31027,"P_internet","Internet",0.489774540301192,-0.000371335656382143
5,31028,"P_internet","Internet",0.903328200864855,-0.000499073299579322
5,31029,"P_internet","Internet",0.102648881236071,0.000149784580571577
5,31030,"P_internet","Internet",0.341692122450443,2.11067144846311e-05
5,31031,"P_internet","Internet",-0.896027745340052,0.000809466873761266
5,31032,"P_internet","Internet",0.46987631101987,3.00723768305033e-05
5,31033,"P_internet","Internet",-0.483715328532349,0.000340892642270774
5,31034,"P_internet","Internet",-0.255433336821239,0.000430733634857461
5,31035,"P_internet","Internet",-0.655576989596165,0.00060181028675288
5,31036,"P_internet","Internet",-0.278147596458216,0.000367829808965325
5,31037,"P_internet","Internet",-0.297299804782071,0.00039795262273401
5,31038,"P_internet","Internet",-0.0444785498200183,0.000190437029232271
5,31039,"P_internet","Internet",1.17819394057976,-0.00147096009459347
5,31040,"P_internet","Internet",-0.0320944980380342,0.000207037475774996
5,31041,"P_internet","Internet",1.07491704421919,-0.000862829328980297
5,31042,"P_internet","Internet",-0.451233670519513,0.000322578212944791
5,31043,"P_internet","Internet",-1.21401113294386,0.000953708018641919
5,31044,"P_internet","Internet",-0.359141499771225,0.000401755387429148
5,31045,"P_internet","Internet",0.723144476919531,-0.000469541933853179
5,31046,"P_internet","Internet",-0.0867239359096606,0.000358356395736337
5,31047,"P_internet","Internet",0.00842401262862204,0.000143606986966915
5,31048,"P_internet","Internet",-0.479732903727361,0.000316405406920239
5,31049,"P_internet","Internet",-1.00443484390573,0.000932812865357846
5,31050,"P_internet","Internet",2.49837399867839,-0.00255085062235594
5,31051,"P_internet","Internet",0.617763294281128,-0.000506340817082673
5,31052,"P_internet","Internet",0.0733897873002868,0.000203542585950345
5,31053,"P_internet","Internet",0.163379874062364,0.000145792495459318
5,31054,"P_internet","Internet",0.443460617336012,-4.22818338847719e-05
5,31055,"P_internet","Internet",-0.160723971349602,0.000379478966351599
5,31056,"P_internet","Internet",0.892249766956021,-0.000509106379467994
5,31057,"P_internet","Internet",1.55706535960418,-0.00193074101116508
5,31058,"P_internet","Internet",-0.263635481950964,0.000356276519596577
5,31059,"P_internet","Internet",1.99578051943179,-0.00203508301638067
5,31060,"P_internet","Internet",0.591106449103857,-0.000409484840929508
5,31061,"P_internet","Internet",1.71045406616963,-0.0016310679493472
5,31062,"P_internet","Internet",0.145399388656538,0.00017283225315623
5,31063,"P_internet","Internet",-0.0380730617931874,0.000158948765601963
5,31064,"P_internet","Internet",-0.413759705731206,0.000333274074364454
5,31065,"P_internet","Internet",2.12734578995512,-0.00186693179421127
5,31066,"P_internet","Internet",1.45100231415956,-0.00190274266060442
5,31067,"P_internet","Internet",-0.323311288201461,0.000414824578911066
5,31068,"P_internet","Internet",-0.291842566534524,0.000351131369825453
5,31069,"P_internet","Internet",-0.741760742326075,0.000832065939903259
5,31070,"P_internet","Internet",0.493032986137236,-0.000387451698770747
5,31071,"P_internet","Internet",-1.09862757010624,0.00092396215768531
5,31072,"P_internet","Internet",-0.378990047350568,0.000334533513523638
5,31073,"P_internet","Internet",-0.222057708281307,0.000338100595399737
5,31074,"P_internet","Internet",-0.109847135745631,0.000363192375516519
5,31075,"P_internet","Internet",-0.129063126383911,0.000344553991453722
5,31076,"P_internet","Internet",-0.550615755810106,0.00033040382550098
5,31077,"P_internet","Internet",-0.986592465520057,0.000792197184637189
5,31078,"P_internet","Internet",-0.195496047987799,0.000338249024935067
5,31079,"P_internet","Internet",-0.0559218449993532,0.000172403786564246
5,31080,"P_internet","Internet",0.335403888221521,5.74656723983935e-06
5,31081,"P_internet","Internet",-0.349172830676985,0.000406351377023384
5,31082,"P_internet","Internet",0.373523963075662,-1.60114104801323e-05
5,31083,"P_internet","Internet",0.293450601953473,7.75104854255915e-06
5,31084,"P_internet","Internet",-0.773857653934517,0.000855759077239782
5,31085,"P_internet","Internet",1.0390142164867,-0.000835807237308472
5,31086,"P_internet","Internet",-1.08853345946856,0.000906625646166503
5,31087,"P_internet","Internet",-0.770899900559662,0.000842440174892545
5,31088,"P_internet","Internet",-0.945755812680963,0.00082292640581727
5,31089,"P_internet","Internet",0.734358970491425,-0.000533212441951036
5,31090,"P_internet","Internet",0.419068323113243,6.71787420287728e-05
5,31091,"P_internet","Internet",0.222944407369068,-3.94067683373578e-05
5,31092,"P_internet","Internet",-0.95470100292581,0.000834449136164039
5,31093,"P_internet","Internet",0.531160089701006,-0.000478763278806582
5,31094,"P_internet","Internet",-1.05629646365777,0.000884965236764401
5,31095,"P_internet","Internet",0.0815474804694446,0.000188487581908703
5,31096,"P_internet","Internet",0.159902483079924,0.000157218382810242
5,31097,"P_internet","Internet",0.00489668302888015,0.000204571624635719
5,31098,"P_internet","Internet",0.0717167956593935,0.000135343012516387
5,31099,"P_internet","Internet",-0.568260829285163,0.000627329223789275
5,31100,"P_internet","Internet",0.517964118741884,-0.000305851484881714
5,31101,"P_internet","Internet",1.26690504564172,-0.0012266346020624
5,31102,"P_internet","Internet",0.951387072516833,-0.000481048715300858
5,31103,"P_internet","Internet",0.595114743823506,-0.000417802802985534
5,31104,"P_internet","Internet",-1.24350026347569,0.000894317228812724
5,31105,"P_internet","Internet",1.2066069343813,-0.00141177058685571
5,31106,"P_internet","Internet",0.337946674545326,-3.53941104549449e-05
5,32001,"P_internet","Internet",0.106875909062831,0.000190827413462102
5,32002,"P_internet","Internet",1.14859154270078,-0.00148994219489396
5,32003,"P_internet","Internet",0.680749751224948,-0.000544828188139945
5,32004,"P_internet","Internet",-0.112970219741024,0.000340610218700022
5,32005,"P_internet","Internet",1.03242324513205,-0.000958262593485415
5,32006,"P_internet","Internet",-0.11704186147752,0.000392559391912073
5,32008,"P_internet","Internet",-0.213155846974149,0.000384006852982566
5,32009,"P_internet","Internet",0.0277234003370837,0.000188669917406514
5,32010,"P_internet","Internet",1.39626498419274,-0.00142000324558467
5,32011,"P_internet","Internet",1.27053645511713,-0.00131537765264511
5,32012,"P_internet","Internet",0.232384910725435,-4.44437137048226e-05
5,32013,"P_internet","Internet",0.299024695163131,1.45476842590142e-05
5,32015,"P_internet","Internet",1.58057707262707,-0.0014559319242835
5,32016,"P_internet","Internet",-0.0294050394288631,0.000183212556294166
5,32017,"P_internet","Internet",2.42413468475872,-0.00240121339447796
5,32018,"P_internet","Internet",1.2308254938233,-0.00142327439971268
5,32019,"P_internet","Internet",0.949301228047284,-0.000545848859474063
5,32020,"P_internet","Internet",1.4902894885778,-0.00195986893959343
5,32021,"P_internet","Internet",0.331304403707493,-5.55932965653483e-05
5,32023,"P_internet","Internet",1.21988620704902,-0.00143740617204458
5,32024,"P_internet","Internet",0.463116781335574,-4.99735433550086e-05
5,32025,"P_internet","Internet",0.301639771737432,-1.482564402977e-05
5,32028,"P_internet","Internet",1.1524360101472,-0.00145086424890906
5,32030,"P_internet","Internet",0.937532993882814,-0.000538332795258611
5,32031,"P_internet","Internet",0.0196012546004276,0.000144462188472971
5,32032,"P_internet","Internet",0.873241402044215,-0.000463068048702553
5,32033,"P_internet","Internet",0.80448379334958,-0.000578268431127071
5,32034,"P_internet","Internet",1.11509601772518,-0.00154653948266059
5,32035,"P_internet","Internet",-0.216914446924435,0.000337417615810409
5,32036,"P_internet","Internet",0.535299136931137,-0.000526840565726161
5,32037,"P_internet","Internet",0.0188576687290341,0.00021185447985772
5,32038,"P_internet","Internet",-0.578451240985888,0.000605695764534175
5,32039,"P_internet","Internet",0.879223994545782,-0.000520075380336493
5,32040,"P_internet","Internet",-0.0905922706774985,0.000346509274095297
5,32041,"P_internet","Internet",-1.31948080770965,0.00108287867624313
5,32042,"P_internet","Internet",0.5061257506206,-0.000383557489840314
5,32043,"P_internet","Internet",0.847931364773568,-0.000507783784996718
5,32044,"P_internet","Internet",0.463841296012235,-7.36879737814888e-05
5,32045,"P_internet","Internet",0.497432597674359,-0.000382606638595462
5,32046,"P_internet","Internet",-0.0288901339996058,0.000139668336487375
5,32047,"P_internet","Internet",0.719451766213708,-0.000535322586074471
5,32048,"P_internet","Internet",0.717131686209328,-0.000506973185110837
5,32049,"P_internet","Internet",-0.00630111553455325,0.000131319888168946
5,32050,"P_internet","Internet",0.64564888748126,-0.000502409937325865
5,32051,"P_internet","Internet",-0.171947875426902,0.00035574272624217
5,32052,"P_internet","Internet",0.433407798376034,-3.94745620724279e-05
5,32053,"P_internet","Internet",0.655621733973792,-0.000558870611712337
5,32054,"P_internet","Internet",-0.221588891105194,0.000341939943609759
5,32055,"P_internet","Internet",1.21345466175006,-0.00141980778425932
5,32056,"P_internet","Internet",2.71384497338645,-0.0023838821798563
5,32057,"P_internet","Internet",-0.210474845254553,0.000384962273528799
5,32058,"P_internet","Internet",0.19961273028378,0.000178075628355145
5,1001,"Current_income","Income",2.54886874895024,-0.00256580440327525
5,1002,"Current_income","Income",0.571946168544928,3.0161339964252e-05
5,1003,"Current_income","Income",1.29593602370343,-0.00050715624820441
5,1004,"Current_income","Income",0.748098874306219,2.37324129557237e-05
5,1005,"Current_income","Income",1.91942046407555,-0.00120428192894906
5,1006,"Current_income","Income",1.5306348648378,-0.00042436586227268
5,1007,"Current_income","Income",1.08641478156212,-0.000408467487432063
5,1008,"Current_income","Income",0.0789313296440596,3.16231526085176e-05
5,1009,"Current_income","Income",0.412349848567143,1.98012985492824e-05
5,1010,"Current_income","Income",0.287929038756579,1.68387778103352e-05
5,1011,"Current_income","Income",1.67425834907476,-0.000597664911765605
5,2001,"Current_income","Income",2.49924945188818,-0.00285848276689649
5,2002,"Current_income","Income",2.95317474797801,-0.00487952772527933
5,2003,"Current_income","Income",2.79119252086372,-0.00380546692758799
5,2004,"Current_income","Income",3.33509255415024,-0.00480804592370987
5,2005,"Current_income","Income",2.16973296220613,-0.00226535182446241
5,3001,"Current_income","Income",1.67470432165484,-0.000744068005587906
5,3002,"Current_income","Income",1.99771773704804,-0.00151928735431284
5,3003,"Current_income","Income",3.22312573638964,-0.00378063973039389
5,3008,"Current_income","Income",2.6780318261962,-0.00283573637716472
5,4001,"Current_income","Income",0.229539870958265,-2.52253994403873e-06
5,4002,"Current_income","Income",1.71611144454042,-0.000743860320653766
5,4003,"Current_income","Income",2.2243170513243,-0.00149310228880495
5,4004,"Current_income","Income",0.279917229072597,1.01898840512149e-05
5,4005,"Current_income","Income",-0.190381631743067,0.000331076793372631
5,4006,"Current_income","Income",-0.0680097104525852,0.000342676357831806
5,4007,"Current_income","Income",-0.331153846151261,0.000361589103704318
5,4008,"Current_income","Income",-0.0290577451041392,0.000363407249096781
5,4009,"Current_income","Income",0.0337680650281074,0.000260063767200336
5,4010,"Current_income","Income",-0.948519321123384,0.000604040338657796
5,5001,"Current_income","Income",1.977934282595,-0.00173821055795997
5,5003,"Current_income","Income",1.24707755770966,-0.000607914465945214
5,5004,"Current_income","Income",1.12339541883919,-0.000536750012543052
5,5005,"Current_income","Income",0.21283944434144,2.29279794439208e-05
5,5006,"Current_income","Income",0.785320502977498,-0.000402637495426461
5,5007,"Current_income","Income",0.978052677989173,-0.000616035424172878
5,5008,"Current_income","Income",0.162841578422581,2.10169091587886e-05
5,5009,"Current_income","Income",0.870656386670399,-0.00037843469181098
5,5010,"Current_income","Income",1.61067632456759,-0.000895846809726208
5,5012,"Current_income","Income",0.616624680356444,-6.82393738316023e-06
5,5013,"Current_income","Income",-0.576847804228918,0.000529384415131062
5,5014,"Current_income","Income",0.0404936639376532,0.000399473152356222
5,5015,"Current_income","Income",0.186271297303651,3.61591919499915e-05
5,5016,"Current_income","Income",0.750205933162834,3.91871108149644e-05
5,5018,"Current_income","Income",2.15563265729844,-0.00165428116451949
5,5019,"Current_income","Income",0.928866426765741,-0.000299436069326475
5,5021,"Current_income","Income",0.805594250267021,-0.000453686487162486
5,5022,"Current_income","Income",2.21709284953019,-0.0016487204702571
5,5025,"Current_income","Income",2.30447208171112,-0.00264495192095637
5,5026,"Current_income","Income",0.824583633459458,-0.000370939640561119
5,5027,"Current_income","Income",2.30083135731514,-0.00175551290158182
5,5028,"Current_income","Income",2.16218651521441,-0.00189338333439082
5,5029,"Current_income","Income",0.992692212683138,-0.00061444821767509
5,5030,"Current_income","Income",2.574777632174,-0.00270254677161574
5,5033,"Current_income","Income",0.594718470289316,8.98681173566729e-06
5,5034,"Current_income","Income",0.374781967892696,1.19703618111089e-05
5,5037,"Current_income","Income",0.484967665348995,2.90194948320277e-05
5,6001,"Current_income","Income",1.19222754705307,-0.00049495225539431
5,6002,"Current_income","Income",2.27426967364807,-0.00158507388550788
5,6003,"Current_income","Income",0.795736686571482,-0.00031880394089967
5,6004,"Current_income","Income",0.546895066950355,4.26505030191038e-05
5,6005,"Current_income","Income",1.92352193447041,-0.00121978600509465
5,6006,"Current_income","Income",0.439862571069576,2.99388520943467e-05
5,6007,"Current_income","Income",2.19709795052055,-0.001546346466057
5,6008,"Current_income","Income",1.22598942570869,-0.000515999156050384
5,6009,"Current_income","Income",1.47502586979026,-0.000497902627103031
5,6010,"Current_income","Income",2.33793756865203,-0.00161686458159238
5,7001,"Current_income","Income",-0.69082934697862,0.000486276461742818
5,7003,"Current_income","Income",-0.830078052572872,0.00060895481146872
5,7006,"Current_income","Income",-1.26945707117492,0.000617323908954859
5,7008,"Current_income","Income",-0.889918708768469,0.000604968750849366
5,7009,"Current_income","Income",0.465367031953632,2.56198363786098e-05
5,7010,"Current_income","Income",-1.50100271073378,0.000605447101406753
5,7011,"Current_income","Income",-1.44975187423279,0.000606756482739002
5,7012,"Current_income","Income",-0.359489263413222,0.000426850252551958
5,7013,"Current_income","Income",-1.24131278501871,0.000831108482088894
5,7015,"Current_income","Income",-0.402054252997398,0.000525924901012331
5,7017,"Current_income","Income",-0.449397520225298,0.000434282381320372
5,7018,"Current_income","Income",-1.2055841949851,0.000596071651671082
5,7019,"Current_income","Income",-0.109870192627647,0.000342920568073168
5,7020,"Current_income","Income",-1.02858386432005,0.000603616586886346
5,7021,"Current_income","Income",-0.394702630466123,0.000438802409917116
5,7025,"Current_income","Income",-1.16646879869115,0.000582034350372851
5,7027,"Current_income","Income",-0.450699427757212,0.000438269024016336
5,7029,"Current_income","Income",-0.651483116015899,0.000486377655761316
5,7030,"Current_income","Income",-1.09791828877319,0.000603297958150506
5,7032,"Current_income","Income",-0.797493430728027,0.000582385924644768
5,7033,"Current_income","Income",-1.57803039302798,0.000606489193160087
5,7034,"Current_income","Income",-0.583039713384246,0.000500398222357035
5,7035,"Current_income","Income",-0.621444138898348,0.000581754720769823
5,7036,"Current_income","Income",-1.32069959762784,0.000865320267621428
5,7037,"Current_income","Income",-0.295539750113359,0.000347675930242985
5,7040,"Current_income","Income",0.0917057202142901,1.85801345651271e-05
5,7041,"Current_income","Income",-1.06119618632515,0.000920523365493864
5,7042,"Current_income","Income",-1.32619807943816,0.000598224229179323
5,7043,"Current_income","Income",-0.698428424274825,0.000570358766708523
5,7045,"Current_income","Income",-0.985050292465676,0.000608348113019019
5,7046,"Current_income","Income",-0.644659643206791,0.000512993545271456
5,7048,"Current_income","Income",-0.202312090764241,0.000354270072421059
5,7051,"Current_income","Income",-0.432021209698289,0.000429234059993178
5,7052,"Current_income","Income",-1.19235090509333,0.000865093257743865
5,7053,"Current_income","Income",-1.13589520848071,0.000605707988142967
5,7054,"Current_income","Income",-0.480469713320304,0.000500047637615353
5,7055,"Current_income","Income",-0.707665504380686,0.000680457800626755
5,7057,"Current_income","Income",-0.825409652231486,0.000891505042091012
5,7058,"Current_income","Income",-1.50039238386953,0.000600764702539891
5,7060,"Current_income","Income",-1.67319429357882,0.000864985107909888
5,7061,"Current_income","Income",-0.292749420637158,0.000341983832186088
5,7062,"Current_income","Income",-0.661854056014803,0.000487114186398685
5,7063,"Current_income","Income",-1.06630594255324,0.000614078424405307
5,7067,"Current_income","Income",-1.41367056882528,0.000601477804593742
5,7068,"Current_income","Income",0.271172288480573,1.28592746477807e-05
5,7069,"Current_income","Income",-0.545345335311308,0.000438493880210444
5,7070,"Current_income","Income",-1.48581378952812,0.000864063389599323
5,7071,"Current_income","Income",-0.645534044932126,0.000491485989186913
5,7073,"Current_income","Income",-1.18219971969911,0.000581376836635172
5,7074,"Current_income","Income",0.735038248746703,3.80714482162148e-05
5,7075,"Current_income","Income",-0.633925831108567,0.000514659041073173
5,7079,"Current_income","Income",-0.767346422985487,0.000590805488172919
5,7080,"Current_income","Income",-1.45102331158842,0.000860070285852998
5,7083,"Current_income","Income",-0.875062189485852,0.000609181239269674
5,7084,"Current_income","Income",-1.09363307398197,0.000866264570504427
5,7085,"Current_income","Income",-1.17887477713001,0.000604468281380832
5,7086,"Current_income","Income",-0.431404419463312,0.000735976966097951
5,7087,"Current_income","Income",-0.712785417334204,0.000764831842388958
5,7088,"Current_income","Income",-1.29171507327727,0.00058224203530699
5,7089,"Current_income","Income",0.131440676759234,-5.86213791393675e-05
5,7090,"Current_income","Income",-1.2740516044223,0.000599741702899337
5,7091,"Current_income","Income",-0.607459251325041,0.000493981875479221
5,7092,"Current_income","Income",-0.666311935138263,0.000487928307848051
5,7097,"Current_income","Income",-0.162213338781301,0.00035934618790634
5,7099,"Current_income","Income",-0.834996677695215,0.000743273412808776
5,7101,"Current_income","Income",0.969461011617218,-0.000325175031321123
5,7102,"Current_income","Income",-0.40935693857889,0.000554658065084368
5,7103,"Current_income","Income",-0.782054284741411,0.000601806736085564
5,7104,"Current_income","Income",-0.761329024839756,0.000610826828051358
5,7105,"Current_income","Income",-0.842717635696536,0.000635523058008403
5,7106,"Current_income","Income",-1.33117025820366,0.000606484827585518
5,7107,"Current_income","Income",-1.27414763164451,0.000587825081311166
5,7108,"Current_income","Income",-0.631238915563979,0.000502777635119855
5,7114,"Current_income","Income",-0.953600453852548,0.000854212150443345
5,7115,"Current_income","Income",-1.32284728338616,0.000879617989994586
5,7116,"Current_income","Income",-1.55532457166821,0.000594593293499202
5,7117,"Current_income","Income",-1.62348635600395,0.000847020128276199
5,7120,"Current_income","Income",-1.60310149598494,0.000865924695972353
5,7121,"Current_income","Income",-1.38554335797118,0.000604688946623355
5,7122,"Current_income","Income",-0.632786022144441,0.000499250541906804
5,7124,"Current_income","Income",-0.683412562590365,0.000487510696984828
5,8001,"Current_income","Income",1.15105310551362,-0.000468112266389653
5,8002,"Current_income","Income",0.854734334556697,-0.000442461721831933
5,8004,"Current_income","Income",0.767814925035972,-0.000645027495920658
5,8005,"Current_income","Income",1.35269642207884,-0.000740068207960576
5,8006,"Current_income","Income",0.748258611897015,0.000104957034636755
5,8008,"Current_income","Income",-1.64366130605523,0.000598486629314721
5,8009,"Current_income","Income",-0.59130636454256,0.000427902530645952
5,8010,"Current_income","Income",1.67352244815069,-0.000750331440940499
5,8011,"Current_income","Income",1.2837811933842,-0.000534170889295638
5,8012,"Current_income","Income",-0.185817568671968,0.000340733153279871
5,8013,"Current_income","Income",0.815160962279899,-0.000292168144369498
5,8015,"Current_income","Income",0.423711530964446,0.000140719566843472
5,8016,"Current_income","Income",1.03419536279093,-0.000552528537809849
5,8017,"Current_income","Income",2.37632629740865,-0.00180119706783444
5,8018,"Current_income","Income",0.890328117143747,-0.000304014421999454
5,8019,"Current_income","Income",3.26700371356983,-0.00380719196982682
5,8020,"Current_income","Income",-0.48875113789742,0.00044564317795448
5,8021,"Current_income","Income",1.86724813557679,-0.00145605229772627
5,8022,"Current_income","Income",0.282483187250744,0.000136033311719075
5,8023,"Current_income","Income",1.02352803107731,-0.00071187102003023
5,8024,"Current_income","Income",1.28986507191454,-0.00072653783718124
5,8025,"Current_income","Income",1.2963229026083,-0.000653900497127324
5,8026,"Current_income","Income",0.932818316295238,-0.000178309288457967
5,8027,"Current_income","Income",-0.608188688878382,0.000490753969643265
5,8028,"Current_income","Income",1.79390272791895,-0.0016965854447335
5,8030,"Current_income","Income",-0.936444821268892,0.000600868253968656
5,8031,"Current_income","Income",0.730135320381837,3.44338768627495e-05
5,8034,"Current_income","Income",1.08763728196797,-0.000757602043449879
5,8035,"Current_income","Income",0.932651191995041,-8.0399084254168e-05
5,8037,"Current_income","Income",2.69463345557479,-0.00336527940817177
5,8038,"Current_income","Income",0.190550048724139,1.22900410133298e-05
5,8040,"Current_income","Income",0.518080436916008,3.60564445145428e-05
5,8041,"Current_income","Income",-0.505238273280292,0.000425947917392477
5,8043,"Current_income","Income",-0.800882083665703,0.000722046010196209
5,8045,"Current_income","Income",2.03506401644046,-0.00149006466381252
5,8046,"Current_income","Income",-1.13595060880122,0.000599163875449449
5,8047,"Current_income","Income",-0.673438263032809,0.000491630926262587
5,8048,"Current_income","Income",1.1146827951008,-0.000709130021277815
5,8050,"Current_income","Income",1.99393481849609,-0.00155607343185693
5,8051,"Current_income","Income",-0.0159795761097954,0.000362614577170461
5,8052,"Current_income","Income",1.47462237078924,-0.00078704149927944
5,8053,"Current_income","Income",1.13624367650343,-0.000917414319701493
5,8054,"Current_income","Income",1.35140467127235,-0.00077621330274269
5,8055,"Current_income","Income",0.445028650956851,2.83059598586988e-05
5,8057,"Current_income","Income",0.247992794380459,6.80729644955136e-05
5,8061,"Current_income","Income",1.500605121107,-0.00046310861944221
5,8062,"Current_income","Income",1.51525204251037,-0.000507032847963274
5,8063,"Current_income","Income",-0.244379400802529,0.000394804053939879
5,8065,"Current_income","Income",-0.959534751517519,0.000604098022449762
5,8066,"Current_income","Income",-0.96276551354175,0.000607781519647688
5,10001,"Current_income","Income",-0.426949310355877,0.000441365235019475
5,10002,"Current_income","Income",-0.262693823423456,0.000327230634866282
5,10003,"Current_income","Income",-0.511734884198409,0.000512370665092021
5,10011,"Current_income","Income",0.305452160132932,0.000132241621031426
5,10013,"Current_income","Income",1.02317439236474,-0.000495896209031343
5,10018,"Current_income","Income",0.930077847107493,-0.000301250111078843
5,10019,"Current_income","Income",-0.283509570515272,0.000333728297846392
5,10020,"Current_income","Income",0.356618972814488,3.88995576940943e-05
5,10022,"Current_income","Income",0.682418100990514,1.95032498595538e-05
5,10024,"Current_income","Income",-0.197587366763672,0.000367289554560557
5,10026,"Current_income","Income",-0.283204868752484,0.000327693298459053
5,10028,"Current_income","Income",0.16621084124808,1.73280441231327e-05
5,10029,"Current_income","Income",-0.268010407514774,0.000450880703283474
5,10030,"Current_income","Income",-0.43517441127381,0.000548436190001667
5,10032,"Current_income","Income",1.01708959049573,-0.000603555294219404
5,10033,"Current_income","Income",0.27839279691998,2.97877140837954e-05
5,10034,"Current_income","Income",0.206236649475686,2.8287737222854e-05
5,10035,"Current_income","Income",0.973074959191622,-0.000339366350090131
5,10036,"Current_income","Income",0.672755361755424,1.49937186506577e-05
5,10037,"Current_income","Income",0.0230988866371418,0.000268150877673179
5,10038,"Current_income","Income",0.978121005051132,-0.00063488504383713
5,10039,"Current_income","Income",1.29090659794007,-0.000468128389911726
5,11001,"Current_income","Income",0.84802627908198,-0.000363853323506191
5,11003,"Current_income","Income",1.42884323927698,-0.000477675726870075
5,11004,"Current_income","Income",0.685478968698524,2.46615436481079e-05
5,11005,"Current_income","Income",1.30257113542281,-0.000482871197164059
5,11006,"Current_income","Income",-0.639327362357996,0.000503958202898502
5,11007,"Current_income","Income",1.57153969148412,-0.000512011349201202
5,11008,"Current_income","Income",0.235548035717245,1.35272512125084e-05
5,11009,"Current_income","Income",0.380632241738231,2.34033741435269e-05
5,11011,"Current_income","Income",0.688025536764493,2.5853998522507e-05
5,11012,"Current_income","Income",0.381528803591769,1.49440074892482e-05
5,11013,"Current_income","Income",0.681169747101757,2.00468821276445e-05
5,11014,"Current_income","Income",0.658044729983475,4.17711926274933e-05
5,11015,"Current_income","Income",1.7486018858404,-0.000709888699930161
5,11016,"Current_income","Income",-0.0932925700546131,0.000361537327989936
5,11017,"Current_income","Income",1.6588542899578,-0.000797196000348777
5,11020,"Current_income","Income",1.80357654721814,-0.0014049184974283
5,11022,"Current_income","Income",0.367185660612516,1.82175772351911e-05
5,11023,"Current_income","Income",0.452801315923978,2.14077554119285e-05
5,11024,"Current_income","Income",0.497793762885033,2.29136730922619e-07
5,11025,"Current_income","Income",0.764927644998885,-0.000395090348320082
5,11026,"Current_income","Income",-0.30243062664575,0.00035502522950992
5,11027,"Current_income","Income",1.05676545336547,-0.000641611870378256
5,11029,"Current_income","Income",0.36085525065592,1.16336887003854e-05
5,11030,"Current_income","Income",0.407601117761021,3.50059272022918e-05
5,11031,"Current_income","Income",1.2710723598599,-0.000512323342263699
5,11032,"Current_income","Income",1.70614862023591,-0.000637634831946343
5,11033,"Current_income","Income",0.936311306503201,-0.000295878067845479
5,11034,"Current_income","Income",0.165365063021674,1.39247949846322e-05
5,11035,"Current_income","Income",0.699680840860484,3.0835326469969e-06
5,11037,"Current_income","Income",1.16206207253703,-0.000484645803226158
5,11040,"Current_income","Income",-0.393266838826318,0.000431831431342289
5,11042,"Current_income","Income",0.79010893734665,-0.000374229770386592
5,11043,"Current_income","Income",-0.229486871311582,0.000351088558090851
5,11044,"Current_income","Income",0.885694803672014,-0.00035222718724981
5,11045,"Current_income","Income",-0.611372360630182,0.000510638463310897
5,12001,"Current_income","Income",0.167058466151836,1.47714526974596e-05
5,12002,"Current_income","Income",-1.20660633089845,0.00060171150835231
5,12003,"Current_income","Income",-0.766091605726005,0.000586337584536523
5,12004,"Current_income","Income",-1.32095074574747,0.000606661196798086
5,12005,"Current_income","Income",-0.746375554996252,0.000600830127950758
5,12006,"Current_income","Income",-0.630389443982873,0.000511128106154501
5,12007,"Current_income","Income",-0.388194939483905,0.000447102589532733
5,12008,"Current_income","Income",-0.723227454411092,0.000587763206567615
5,12009,"Current_income","Income",-1.1471387035276,0.000599964871071279
5,12010,"Current_income","Income",-1.33984964174975,0.000607262190897018
5,12011,"Current_income","Income",-0.292728183847631,0.000374921422917396
5,12012,"Current_income","Income",-0.603754816560475,0.000495130603667349
5,12013,"Current_income","Income",-0.607632838995962,0.000519442721270025
5,12014,"Current_income","Income",-0.204103367793966,0.000399636977817863
5,12015,"Current_income","Income",-0.294916496507656,0.000373428920283914
5,12016,"Current_income","Income",-0.728437854554772,0.000585110508836806
5,12017,"Current_income","Income",-0.138152979585127,0.000359731959179044
5,12018,"Current_income","Income",-0.273658470190459,0.000347155524650589
5,12019,"Current_income","Income",-1.08925460198457,0.000604228407610208
5,12020,"Current_income","Income",-1.26819763722207,0.000600378436502069
5,12021,"Current_income","Income",-0.451458412148157,0.000442800723249093
5,12022,"Current_income","Income",-1.10600396555118,0.000618284568190575
5,12023,"Current_income","Income",-0.433619508944915,0.00042733020382002
5,12024,"Current_income","Income",-1.08611894384388,0.00059960997896269
5,12025,"Current_income","Income",-0.885282625280711,0.000605804962106049
5,12026,"Current_income","Income",-0.869308866201203,0.000629465095698833
5,12028,"Current_income","Income",-0.204067357585637,0.000339950027409941
5,12029,"Current_income","Income",0.525994372700427,1.58873917825986e-05
5,12030,"Current_income","Income",-0.133013676519431,0.000350275135133415
5,12031,"Current_income","Income",-0.840671517192479,0.000614749442320317
5,12032,"Current_income","Income",-1.08822323268447,0.000601762847509235
5,12033,"Current_income","Income",-0.800172036224538,0.000588382070418447
5,12034,"Current_income","Income",-0.528656912097261,0.000448129925644025
5,12035,"Current_income","Income",0.234476039515435,1.03026213764679e-05
5,12036,"Current_income","Income",-0.79911481344153,0.000606273766607046
5,12037,"Current_income","Income",-0.59409300066406,0.000444906676420942
5,12038,"Current_income","Income",0.561283453524688,3.11232688545715e-05
5,12039,"Current_income","Income",-0.433080279158647,0.000439747964264825
5,12040,"Current_income","Income",-0.881749008171042,0.000602683227043599
5,12041,"Current_income","Income",-1.11239162250563,0.000579462444875389
5,12042,"Current_income","Income",-1.14271683461247,0.000597767473664135
5,12043,"Current_income","Income",-1.54627585265207,0.00057728192768991
5,12044,"Current_income","Income",-0.590916715621661,0.000444296223577112
5,12045,"Current_income","Income",-0.929255706344438,0.000599914288613945
5,12047,"Current_income","Income",-0.797421410311368,0.000600060739088804
5,12048,"Current_income","Income",-0.149934781079607,0.000362076360033825
5,12050,"Current_income","Income",0.0326305117803645,0.000283214612863958
5,12051,"Current_income","Income",-0.739364644436095,0.000603506516199559
5,12052,"Current_income","Income",-0.831560934485109,0.000603848660830408
5,12053,"Current_income","Income",-0.221768683326287,0.00034091086126864
5,12054,"Current_income","Income",-0.85579949804558,0.000603135151322931
5,12055,"Current_income","Income",0.0479348503204131,0.000253510603215545
5,12056,"Current_income","Income",-1.02566519076801,0.00059721595607698
5,12057,"Current_income","Income",-0.121570740318718,0.00037528236862272
5,12058,"Current_income","Income",-0.0402892367482509,0.000368435401469469
5,12059,"Current_income","Income",-0.280533649965373,0.000359786616172642
5,12061,"Current_income","Income",-0.0434830652254777,0.000337212317390367
5,12062,"Current_income","Income",-0.836443549399122,0.000608646660111845
5,12063,"Current_income","Income",-1.06531335347749,0.000602080777753145
5,12064,"Current_income","Income",-0.52315935362562,0.000460008217487484
5,12065,"Current_income","Income",-0.676767822295277,0.00050120142986998
5,12066,"Current_income","Income",-0.332623801322046,0.000351112976204604
5,12067,"Current_income","Income",-0.587123640344284,0.000446624384494498
5,12068,"Current_income","Income",-0.0703910008957097,0.000371026952052489
5,12069,"Current_income","Income",-1.17751746927759,0.000605364504735917
5,12070,"Current_income","Income",-0.529412203133506,0.000444894685642794
5,12071,"Current_income","Income",-0.931931541824925,0.000601890962570906
5,12072,"Current_income","Income",-1.09951843469716,0.000600374361965805
5,12073,"Current_income","Income",-0.696192098003694,0.000583722372539341
5,12074,"Current_income","Income",-0.968020233941836,0.000606058922130615
5,12075,"Current_income","Income",-0.328387523480613,0.000353875657310709
5,12076,"Current_income","Income",-1.56952275047547,0.000598463346250355
5,12077,"Current_income","Income",-0.398764397297959,0.000445040932390839
5,12078,"Current_income","Income",-1.44564671048322,0.000863036140799522
5,12079,"Current_income","Income",-1.49709421812201,0.000606863759458065
5,12080,"Current_income","Income",-0.864922084155727,0.000625056447461247
5,12081,"Current_income","Income",-1.16373386953546,0.000579442188609391
5,13006,"Current_income","Income",-0.238193031679251,0.000371436966815963
5,13012,"Current_income","Income",0.349175939754378,2.70956006716006e-05
5,13014,"Current_income","Income",-0.563608050966429,0.000456009758636355
5,13015,"Current_income","Income",-0.586988832897718,0.000435816764365882
5,13018,"Current_income","Income",-0.59222323984695,0.000438501039752737
5,13020,"Current_income","Income",-0.485735513784491,0.00048712023999542
5,13026,"Current_income","Income",-1.37500299178877,0.000619848724454641
5,13028,"Current_income","Income",-0.506089591538749,0.000440906296717003
5,13029,"Current_income","Income",0.562477330431613,2.51279470830923e-05
5,13030,"Current_income","Income",0.354896946185397,2.1313000615919e-05
5,13031,"Current_income","Income",-0.0170257188287021,0.000391818321077153
5,13032,"Current_income","Income",-0.515490102590106,0.000452851789304987
5,13033,"Current_income","Income",-0.597492733665838,0.000470241269795224
5,13034,"Current_income","Income",-0.566020734924507,0.00044061939115636
5,13036,"Current_income","Income",-0.0738498275726943,0.000387740496080369
5,13037,"Current_income","Income",-0.244890930428543,0.000378531956812367
5,13040,"Current_income","Income",-0.733656564746528,0.000592132098972797
5,13042,"Current_income","Income",-0.0022421433014188,0.000364044361049309
5,13043,"Current_income","Income",-0.762216353306542,0.000623194442596287
5,13046,"Current_income","Income",-0.445246189541976,0.000444215576862916
5,13047,"Current_income","Income",-0.540904999622675,0.000444362900452688
5,13049,"Current_income","Income",-1.00513383198813,0.00060419162036851
5,13055,"Current_income","Income",-0.0888725478168323,0.000351919734384865
5,13058,"Current_income","Income",-0.0296745353391167,0.000373919581761584
5,13059,"Current_income","Income",0.452275012879161,1.8892482330557e-05
5,13062,"Current_income","Income",-1.16054188773558,0.000599922088440508
5,13068,"Current_income","Income",-0.844156197352367,0.000622116844169796
5,13071,"Current_income","Income",-0.774601094955874,0.00065374345285818
5,13073,"Current_income","Income",-0.802918968783009,0.000604424916673452
5,13079,"Current_income","Income",-0.162747951874193,0.000391778332414106
5,13080,"Current_income","Income",-1.1885449030745,0.000621184415649623
5,13081,"Current_income","Income",-0.475991520745991,0.000435832975199446
5,13084,"Current_income","Income",0.109831781745493,1.47833907249151e-05
5,14001,"Current_income","Income",1.16755870766999,-0.000455602654255927
5,14002,"Current_income","Income",1.3579816126552,-0.000448739097919315
5,14003,"Current_income","Income",1.63179492674484,-0.000842542969621718
5,14004,"Current_income","Income",0.591756399819543,4.43715180153958e-05
5,14005,"Current_income","Income",1.40575607904438,-0.000484231888549402
5,14006,"Current_income","Income",1.72978701365756,-0.000684877333696932
5,14007,"Current_income","Income",0.244798965903233,2.42102032643743e-05
5,14008,"Current_income","Income",1.36968216034627,-0.00051213480765
5,14009,"Current_income","Income",0.814632812557732,-0.000361837504897267
5,14010,"Current_income","Income",-0.0593146301490175,0.000333532691001892
5,14011,"Current_income","Income",-0.00643225420909523,0.000367181957699358
5,14012,"Current_income","Income",0.937047207427269,-0.000319281767588109
5,14013,"Current_income","Income",0.740697391486489,1.33575740619563e-05
5,14014,"Current_income","Income",0.651573972548262,2.6262343453709e-05
5,14015,"Current_income","Income",1.09193911685534,-0.000521287962328643
5,14016,"Current_income","Income",1.09012844971344,-0.000567160954233259
5,14017,"Current_income","Income",0.358499813695699,4.16097827837802e-05
5,14018,"Current_income","Income",0.895070384579143,-0.000375694595277309
5,14019,"Current_income","Income",-0.952266229467006,0.000578554579988122
5,14020,"Current_income","Income",0.184103298094478,3.18891943607014e-05
5,14021,"Current_income","Income",1.01778024782472,-0.000552545301616192
5,14022,"Current_income","Income",1.21691485320965,-0.000535813742317259
5,14023,"Current_income","Income",1.88268543488605,-0.0013292987132445
5,14024,"Current_income","Income",0.995126133430744,-0.000588607974350452
5,14025,"Current_income","Income",1.06283917517038,-0.000553228426724672
5,14026,"Current_income","Income",0.266312757033437,4.11573018936906e-05
5,14027,"Current_income","Income",-0.39133613765665,0.000428024999564514
5,14028,"Current_income","Income",0.36741187858792,4.82278082927223e-05
5,14029,"Current_income","Income",0.425248889858514,2.44777311309008e-05
5,14030,"Current_income","Income",2.12177567475928,-0.0023101984988898
5,14031,"Current_income","Income",-0.464795115971534,0.000430312968092039
5,14032,"Current_income","Income",-0.180251683138368,0.000341205188306049
5,14033,"Current_income","Income",0.890779629755879,-0.000363562459824607
5,14034,"Current_income","Income",0.0769341480897831,4.46924677817151e-05
5,14035,"Current_income","Income",0.911377468920368,-0.000345351436408237
5,14036,"Current_income","Income",0.687011710899216,1.69904269569088e-05
5,14037,"Current_income","Income",1.35546736144286,-0.000483462790725753
5,14038,"Current_income","Income",0.837397727592719,-0.000325158704072237
5,14039,"Current_income","Income",3.09129698038862,-0.00518043339252472
5,14040,"Current_income","Income",-0.0357528738374059,0.000341598293744028
5,14041,"Current_income","Income",0.836464232192176,-0.000351939030224457
5,14042,"Current_income","Income",0.278137032106973,4.71467137685977e-05
5,14043,"Current_income","Income",0.994536120017345,-0.00056443881476298
5,14044,"Current_income","Income",0.98089656110853,-0.00061836076201871
5,14045,"Current_income","Income",0.851138853755796,-0.000374487892258912
5,14046,"Current_income","Income",1.17557605738603,-0.000498279114253819
5,14047,"Current_income","Income",0.945641643815249,-0.000343177292961627
5,14048,"Current_income","Income",1.49357297375732,-0.000508113822434098
5,14049,"Current_income","Income",-0.109477773690723,0.000365648476872593
5,14050,"Current_income","Income",1.39455782759257,-0.000526447547599673
5,14051,"Current_income","Income",0.579374428186237,-6.56017145956866e-05
5,14052,"Current_income","Income",0.196427099391253,2.63070905930363e-05
5,14053,"Current_income","Income",-0.0235352564882703,0.000375099189113826
5,14054,"Current_income","Income",0.51817831081557,6.43715393380262e-05
5,14055,"Current_income","Income",0.882789056861424,-0.000365345273166895
5,14056,"Current_income","Income",0.000425382130991434,0.000416250026319176
5,14057,"Current_income","Income",0.685240747320344,3.23540079989471e-05
5,14058,"Current_income","Income",1.40571545214268,-0.000473340362077579
5,14059,"Current_income","Income",0.758186349331862,-0.000373571703676134
5,14060,"Current_income","Income",0.367771980671214,3.75387571693864e-05
5,14061,"Current_income","Income",-1.00605532398589,0.000601651438046247
5,14062,"Current_income","Income",0.687182528554113,4.11212567996699e-05
5,14063,"Current_income","Income",1.00130696252197,-0.000599596416577697
5,14064,"Current_income","Income",0.240218282735982,2.96412526950007e-05
5,14065,"Current_income","Income",0.517399936312447,3.10410832753405e-05
5,14066,"Current_income","Income",0.650038460331544,5.32838530489244e-05
5,14067,"Current_income","Income",1.57875096653678,-0.00092864379985258
5,14068,"Current_income","Income",0.351629250614161,5.17063090228476e-05
5,14069,"Current_income","Income",0.183697029077428,3.97200965380762e-05
5,14070,"Current_income","Income",1.71792211168232,-0.000842240580823272
5,14071,"Current_income","Income",0.133803500428857,3.24660140904598e-05
5,14072,"Current_income","Income",0.296217850043096,2.27304844884202e-05
5,14073,"Current_income","Income",1.37391843818771,-0.000556627695914358
5,14074,"Current_income","Income",0.943238193243922,-0.000253894453635439
5,14075,"Current_income","Income",0.405135803498461,3.38014542649034e-05
5,14076,"Current_income","Income",1.01326973839677,-0.000544623238965869
5,14077,"Current_income","Income",1.12925123271678,-0.000527528871316463
5,14078,"Current_income","Income",1.50754308791183,-0.000509658362716436
5,14079,"Current_income","Income",0.791913141117827,-0.000333641452016309
5,14080,"Current_income","Income",0.396710338088027,5.55936567252502e-05
5,14081,"Current_income","Income",0.156819563583474,3.24958527926356e-05
5,14082,"Current_income","Income",1.04889583783745,-0.000538921623956412
5,14083,"Current_income","Income",1.54512758868243,-0.000476367044029757
5,14084,"Current_income","Income",0.780914330819844,-0.000370237685274333
5,14085,"Current_income","Income",1.46000684290083,-0.000493431813083589
5,14086,"Current_income","Income",0.780506215125443,-0.000376040174160153
5,14087,"Current_income","Income",0.487879875530311,4.38463357568253e-05
5,14088,"Current_income","Income",1.09339983863937,-0.00055572937708348
5,14089,"Current_income","Income",-0.200793198643675,0.000371650647139177
5,14090,"Current_income","Income",0.879333000200465,-0.000345832027960569
5,14091,"Current_income","Income",0.772378988107071,-0.000375852105207741
5,14092,"Current_income","Income",0.777941180285971,-0.000361719692591578
5,14093,"Current_income","Income",0.57359248140266,-8.0759942648001e-05
5,14094,"Current_income","Income",1.04671306520948,-0.000539439846761525
5,14095,"Current_income","Income",0.986204835151773,-0.000605190405622125
5,14096,"Current_income","Income",0.450906624962639,2.76205319096334e-05
5,14097,"Current_income","Income",1.38716096146622,-0.000613483134657145
5,14098,"Current_income","Income",2.02905308166545,-0.00163552409503609
5,14099,"Current_income","Income",0.274576638175726,1.57460563059431e-05
5,14100,"Current_income","Income",0.589008543922398,2.03083764063194e-05
5,14101,"Current_income","Income",1.59626577786505,-0.000929336005356163
5,14102,"Current_income","Income",1.05081084224964,-0.000455759756732732
5,14103,"Current_income","Income",0.629824730055903,1.14569793367991e-05
5,14104,"Current_income","Income",0.450916781688065,0.000110465378384106
5,14105,"Current_income","Income",1.39592436883175,-0.000554159400053322
5,14106,"Current_income","Income",0.938577179611936,-0.000313656288199127
5,14107,"Current_income","Income",0.444578061683394,6.0289035900496e-05
5,14108,"Current_income","Income",1.17096213402647,-0.000474642409244552
5,14109,"Current_income","Income",0.777281916471938,-0.000392406596802175
5,14110,"Current_income","Income",1.02153915957111,-0.000557636143639684
5,14111,"Current_income","Income",2.15102796732563,-0.00175011018291116
5,14112,"Current_income","Income",0.846470453414409,-0.000236168925766833
5,14113,"Current_income","Income",1.03680471788681,-0.000561324472073466
5,14114,"Current_income","Income",0.89921894524644,-0.000365364336175844
5,14115,"Current_income","Income",0.0871739739968204,2.545612915128e-05
5,14116,"Current_income","Income",0.803272976837779,-0.000285512855043635
5,14117,"Current_income","Income",0.527165166140474,5.50710283278022e-05
5,14118,"Current_income","Income",0.75984466559237,-0.000303523236652836
5,14119,"Current_income","Income",1.14018356263015,-0.000537998625077307
5,14120,"Current_income","Income",3.19030750985999,-0.00384046020917594
5,14121,"Current_income","Income",0.992408747709878,-0.000590336916502565
5,14122,"Current_income","Income",-0.0811377397353854,0.000364758539944887
5,14123,"Current_income","Income",0.998791787970955,-0.000597231381107122
5,14124,"Current_income","Income",1.08681643388579,-0.000559445063117892
5,14125,"Current_income","Income",0.979902125355431,-0.000559802516363561
5,15105,"Current_income","Income",-0.712775260608778,0.00059791567036882
5,16001,"Current_income","Income",0.911348845421439,-0.000353287643520162
5,16002,"Current_income","Income",0.149990550742316,4.86711360281333e-05
5,16004,"Current_income","Income",0.213738776211004,2.85405112663284e-05
5,16006,"Current_income","Income",1.02234061754111,-0.000511753372848034
5,16008,"Current_income","Income",-0.743884387250788,0.000607382331509143
5,16009,"Current_income","Income",0.639641666849737,-7.0524356488022e-07
5,16010,"Current_income","Income",0.215916008806927,2.16479402297409e-05
5,16011,"Current_income","Income",0.831469893298473,-0.000366890919394791
5,16012,"Current_income","Income",0.230463209633381,1.03601360024186e-05
5,16014,"Current_income","Income",0.378610130039727,2.0113442587899e-05
5,16015,"Current_income","Income",0.489351677378447,2.64912414422724e-05
5,16016,"Current_income","Income",0.942466282111525,-0.000294011580990627
5,16019,"Current_income","Income",1.37327579446983,-0.000476486107800156
5,16021,"Current_income","Income",-0.468207775714763,0.00045572459930554
5,16023,"Current_income","Income",1.6320562315899,-0.00071274337824434
5,16024,"Current_income","Income",0.163122273379817,-3.67577449651435e-05
5,16025,"Current_income","Income",0.0217129552857924,0.000277821469353512
5,16026,"Current_income","Income",-0.751325573633548,0.000622189196292311
5,16027,"Current_income","Income",0.039826090075544,0.000287397502688691
5,16028,"Current_income","Income",0.950271263932281,-0.000276466395007446
5,16029,"Current_income","Income",-0.760778714989387,0.000614185119047761
5,16030,"Current_income","Income",0.981181872759142,-0.000602717220317572
5,16032,"Current_income","Income",0.00565794240287464,0.00026105873985216
5,16033,"Current_income","Income",0.179621412165466,2.36917876463849e-05
5,16035,"Current_income","Income",-0.047433108077624,0.000337977689923719
5,16036,"Current_income","Income",0.793585307458462,-0.000292959943180904
5,16037,"Current_income","Income",0.427474136065544,4.68226171506103e-05
5,16039,"Current_income","Income",0.471152672091909,2.03972140297992e-05
5,16042,"Current_income","Income",0.161453800393882,3.90128298022319e-05
5,16043,"Current_income","Income",1.26493954437978,-0.000498639768920839
5,16044,"Current_income","Income",0.553906900849186,4.57485111837741e-05
5,16045,"Current_income","Income",1.32562043876973,-0.00053799117449671
5,16048,"Current_income","Income",0.137196770059908,-5.95214260101784e-08
5,16051,"Current_income","Income",3.61322893991677,-0.00428038649260998
5,16052,"Current_income","Income",1.62795753121106,-0.000727104081306607
5,16053,"Current_income","Income",2.34605648562232,-0.00168363540433347
5,16054,"Current_income","Income",0.0607415577442733,0.000286515802145004
5,16055,"Current_income","Income",0.406715635971585,5.9440912991704e-06
5,16056,"Current_income","Income",-0.457255132350536,0.000423606048570946
5,16058,"Current_income","Income",0.640805073580383,2.24623217945918e-05
5,16059,"Current_income","Income",-0.35497506063058,0.000446929188910872
5,16060,"Current_income","Income",0.672413726445631,1.82353378477274e-05
5,16062,"Current_income","Income",0.177645467400717,1.47821538121207e-05
5,16063,"Current_income","Income",0.363415668802017,2.61790573858889e-05
5,16064,"Current_income","Income",-0.176468764586418,0.000352028058841825
5,16065,"Current_income","Income",0.476496033004806,1.29312411445426e-05
5,16066,"Current_income","Income",1.22968924377988,-0.000481685623526573
5,16067,"Current_income","Income",0.108118988503153,4.01521574531216e-05
5,16068,"Current_income","Income",1.39128459198929,-0.000464251730591059
5,16069,"Current_income","Income",0.596085934867162,1.09115753730293e-05
5,16070,"Current_income","Income",1.81590496520829,-0.00124654988758266
5,16071,"Current_income","Income",0.758654482040146,-0.000376226904336363
5,16073,"Current_income","Income",-0.240238226844633,0.000345283100614324
5,16074,"Current_income","Income",0.0897233120788158,3.02371372526977e-05
5,16075,"Current_income","Income",1.93167409163301,-0.00122629129327834
5,16076,"Current_income","Income",1.31932326900544,-0.000524712493643165
5,16077,"Current_income","Income",-0.155787824941168,0.000356252770870924
5,16079,"Current_income","Income",0.422493647251968,-5.99266058998182e-07
5,16082,"Current_income","Income",0.803931317313137,-0.000330184178892523
5,16083,"Current_income","Income",0.627815545098851,3.46920824085828e-05
5,16084,"Current_income","Income",0.228101309302434,2.29395891437889e-06
5,16085,"Current_income","Income",1.14157411067488,-0.000553400081116706
5,16086,"Current_income","Income",0.948947196272165,-0.000330286362441257
5,16087,"Current_income","Income",0.89767419964297,-0.000363749102689326
5,16089,"Current_income","Income",0.333280664462255,3.24652974086348e-05
5,16090,"Current_income","Income",0.00964676547937574,0.000260371365584433
5,16091,"Current_income","Income",0.898788669423835,-0.000351285852957517
5,16094,"Current_income","Income",1.30637621410297,-0.000504784053191543
5,16095,"Current_income","Income",1.22079841567718,-0.000487111363327131
5,16096,"Current_income","Income",-0.530472195932539,0.000451536267064512
5,16097,"Current_income","Income",-0.272273462177785,0.00033991428790614
5,16100,"Current_income","Income",-0.117358469282838,0.00036354482290335
5,16102,"Current_income","Income",1.45723036350475,-0.000564554939046502
5,16103,"Current_income","Income",0.582929282085434,2.85402002191404e-05
5,16104,"Current_income","Income",0.281014155418635,7.52103514969349e-05
5,16105,"Current_income","Income",0.652249856458447,1.86049328476656e-05
5,16106,"Current_income","Income",1.08377957298334,-0.000546932802535594
5,16107,"Current_income","Income",1.06317527044812,-0.000551317702047527
5,16108,"Current_income","Income",0.991455862197158,-0.000605212175287306
5,16109,"Current_income","Income",1.21335261260105,-0.00048872601473704
5,16111,"Current_income","Income",0.310151953989273,3.90929999412037e-05
5,16113,"Current_income","Income",0.323293833352199,2.496857814549e-05
5,17003,"Current_income","Income",-0.219871222348923,0.000344945496181026
5,17017,"Current_income","Income",-0.0500203030452989,0.000353694806108251
5,17025,"Current_income","Income",-0.159174631201494,0.000369177694665268
5,18002,"Current_income","Income",1.1845453692761,-0.000482260365970433
5,18003,"Current_income","Income",0.898475657612971,-0.000334891316015273
5,18004,"Current_income","Income",1.38385263899328,-0.000493911444209516
5,18006,"Current_income","Income",2.00931764082352,-0.00150089338421822
5,18007,"Current_income","Income",0.240095478692192,2.20269812416518e-05
5,18008,"Current_income","Income",1.95196538235736,-0.00144359702244401
5,18009,"Current_income","Income",-1.38831107211321,0.000604073167778552
5,18010,"Current_income","Income",0.198886873621762,3.87851214327384e-05
5,18011,"Current_income","Income",0.381986779574627,1.40267584356479e-05
5,18012,"Current_income","Income",0.823370366440355,-0.000343726715072989
5,18013,"Current_income","Income",0.751668501624218,3.99668388126884e-05
5,18014,"Current_income","Income",0.91437924295317,-0.000353165756678209
5,18015,"Current_income","Income",1.21118830674658,-0.000461643619928509
5,18017,"Current_income","Income",2.35503872425385,-0.00153993163257837
5,18018,"Current_income","Income",1.63403863972538,-0.000720607349649072
5,18019,"Current_income","Income",-0.293007032127516,0.000332202558638528
5,18020,"Current_income","Income",1.8057002261709,-0.00129284057766199
5,19001,"Current_income","Income",1.89215147251317,-0.000980430981144309
5,19002,"Current_income","Income",1.79325888940082,-0.00151804066263139
5,19003,"Current_income","Income",0.637016614996382,-6.96801289450377e-05
5,19004,"Current_income","Income",3.08260651677843,-0.0048690247349441
5,19005,"Current_income","Income",1.62712098637141,-0.00128546298947185
5,19006,"Current_income","Income",3.63349714717424,-0.00470790639519691
5,19007,"Current_income","Income",0.470314280574904,2.47016942012124e-05
5,19008,"Current_income","Income",1.0210017764622,-0.000558615603949875
5,19009,"Current_income","Income",1.64283251726718,-0.000985006219707429
5,19010,"Current_income","Income",1.24744966319573,-0.000568093731999397
5,19011,"Current_income","Income",2.17535332472157,-0.00211263750679791
5,19012,"Current_income","Income",2.20477458826546,-0.00170671788509935
5,19013,"Current_income","Income",1.95934562838757,-0.0024878908880055
5,19014,"Current_income","Income",0.332885475509305,2.34731232922059e-05
5,19015,"Current_income","Income",0.816056600794761,-0.000241231915424578
5,19016,"Current_income","Income",1.91557568183236,-0.00101424148306251
5,19017,"Current_income","Income",0.627302168795486,3.7097172025824e-05
5,19018,"Current_income","Income",1.96351634918306,-0.00175258202943951
5,19019,"Current_income","Income",7.44618136799445,-0.00916019640862942
5,19020,"Current_income","Income",1.79137185661045,-0.00192069925833493
5,19021,"Current_income","Income",2.93648909477999,-0.00395285896956921
5,19022,"Current_income","Income",0.899919759300852,-0.000356147094862536
5,19023,"Current_income","Income",1.65468449250097,-0.00114325794856995
5,19024,"Current_income","Income",-0.153801723450994,0.000361172191333026
5,19025,"Current_income","Income",1.34113991522109,-0.000662658421788365
5,19026,"Current_income","Income",4.34843828331661,-0.00776124373078346
5,19027,"Current_income","Income",2.42077028119669,-0.0035059992223978
5,19028,"Current_income","Income",1.52899778536682,-0.000449493818450719
5,19029,"Current_income","Income",1.38841393204835,-0.000420162396039814
5,19030,"Current_income","Income",0.461126137418824,3.32704148604535e-05
5,19031,"Current_income","Income",1.87820724231174,-0.00136613380163908
5,19032,"Current_income","Income",1.06790276446472,-0.000626851222477853
5,19033,"Current_income","Income",2.01321505337119,-0.00155268842354417
5,19034,"Current_income","Income",2.24379303399852,-0.00138579192571342
5,19035,"Current_income","Income",1.59204796679712,-0.00113077077548951
5,19036,"Current_income","Income",-0.470560442658958,0.000436696864198893
5,19037,"Current_income","Income",1.64894871265115,-0.00075224693864584
5,19038,"Current_income","Income",2.93592308817214,-0.00303819752298295
5,19039,"Current_income","Income",5.29616602619718,-0.00842435099184513
5,19040,"Current_income","Income",1.12695304275441,-0.000521874811965972
5,19041,"Current_income","Income",1.85038243133712,-0.00132901326287538
5,19042,"Current_income","Income",1.6923086968346,-0.00146343011874706
5,19043,"Current_income","Income",0.557149666276193,5.79944862693083e-05
5,19044,"Current_income","Income",2.87001425020368,-0.00382890063337982
5,19045,"Current_income","Income",2.02818606664952,-0.00177686847746372
5,19046,"Current_income","Income",4.76737827700629,-0.00846912153065205
5,19047,"Current_income","Income",1.96688376533121,-0.00145815976429731
5,19048,"Current_income","Income",3.27301926503821,-0.00404093042016029
5,19049,"Current_income","Income",4.17948577254387,-0.00807385798543692
5,19050,"Current_income","Income",2.08742932272231,-0.00172082171775401
5,19051,"Current_income","Income",1.89326227940951,-0.00117965065874159
5,20001,"Current_income","Income",0.288929937880405,1.9840124878101e-05
5,20002,"Current_income","Income",0.019381970180366,0.000245444942265749
5,20003,"Current_income","Income",-0.671930450976344,0.000518352666404098
5,20004,"Current_income","Income",-0.0213123250912989,0.000357061653630808
5,20005,"Current_income","Income",0.277744613170049,5.24897477589548e-05
5,20006,"Current_income","Income",0.149250956463548,1.11565304905525e-05
5,20007,"Current_income","Income",-0.332243385787898,0.000380995305022225
5,20009,"Current_income","Income",-1.16476985552894,0.000601841195020825
5,20010,"Current_income","Income",1.51863700209335,-0.000433621898991987
5,20011,"Current_income","Income",-0.666518763001489,0.000498840061482042
5,20013,"Current_income","Income",0.629348287299543,9.38698649406433e-05
5,20014,"Current_income","Income",0.574767891536082,3.86813990189694e-05
5,20016,"Current_income","Income",-1.32186946772921,0.000861072330735624
5,20018,"Current_income","Income",-0.90062851406114,0.000648788234684616
5,20019,"Current_income","Income",-0.83534754639176,0.000650345697067678
5,20020,"Current_income","Income",-0.878879271568781,0.00059021805645898
5,20022,"Current_income","Income",-0.437146662683858,0.000537003565113991
5,20023,"Current_income","Income",0.215282598475798,1.4055153769732e-05
5,20024,"Current_income","Income",-0.818239004080534,0.000622081803157926
5,20025,"Current_income","Income",-0.211138285159676,0.000348657282302156
5,20026,"Current_income","Income",-0.297884107009479,0.000369483284885064
5,20027,"Current_income","Income",-0.945668051294626,0.000650811416562647
5,20029,"Current_income","Income",-1.05442719049787,0.000617883983068168
5,20030,"Current_income","Income",1.24880327769345,-0.000368539651390165
5,20031,"Current_income","Income",-0.465812635191511,0.000448699574917555
5,20032,"Current_income","Income",-0.785715322588246,0.000639725127257407
5,20033,"Current_income","Income",1.00975458806061,-0.000580722698941827
5,20034,"Current_income","Income",-0.541734157752929,0.00055472255917266
5,20035,"Current_income","Income",0.217188369501238,-2.03376566787483e-05
5,20036,"Current_income","Income",-1.13348898789336,0.000602877058554441
5,20037,"Current_income","Income",-1.00982531579639,0.000613711250480264
5,20038,"Current_income","Income",-0.282239979836987,0.000378886878024787
5,20039,"Current_income","Income",0.933134098122127,-0.000317857542540878
5,20040,"Current_income","Income",-1.16111158769813,0.000601943756919354
5,20041,"Current_income","Income",-0.490238636503032,0.000446580699644983
5,20042,"Current_income","Income",-0.147592270860838,0.000345267791999504
5,20043,"Current_income","Income",0.45023720442318,4.67884601675905e-05
5,20044,"Current_income","Income",-0.158753588765641,0.000358284683898091
5,20045,"Current_income","Income",1.02820197145075,-0.000572477409150451
5,20046,"Current_income","Income",-0.582537417144983,0.00047300651203841
5,20047,"Current_income","Income",0.157097488524684,8.28325719339773e-05
5,20048,"Current_income","Income",-1.41560034665627,0.000862845103256404
5,20049,"Current_income","Income",-0.347291959514939,0.000358176679583266
5,20050,"Current_income","Income",-1.08126125907409,0.000615639146417379
5,20051,"Current_income","Income",-0.316922427151697,0.000362034246791154
5,20052,"Current_income","Income",-0.159301128599985,0.000387875246815383
5,20053,"Current_income","Income",-0.395245553607092,0.000567786220926791
5,20054,"Current_income","Income",-0.0927893504766751,0.000392390822526067
5,20055,"Current_income","Income",-0.146069685385572,0.000378807046217844
5,20057,"Current_income","Income",0.336350765557015,3.85108069167472e-05
5,20058,"Current_income","Income",-1.15883463452529,0.00061415700474754
5,20060,"Current_income","Income",-1.00947814045455,0.000611504539847374
5,20062,"Current_income","Income",0.514024210116223,9.4363909738604e-05
5,20063,"Current_income","Income",0.418864926258762,3.18962156597991e-06
5,20064,"Current_income","Income",-0.364033013033468,0.000451192259788513
5,20065,"Current_income","Income",-0.348289165284065,0.00048652378609404
5,20066,"Current_income","Income",-0.565192500132928,0.000479436304885894
5,20067,"Current_income","Income",2.6309295503625,-0.00269503728486598
5,20068,"Current_income","Income",0.59188936058876,4.63386568299029e-05
5,20072,"Current_income","Income",0.0108092488713465,0.000236459352890961
5,20073,"Current_income","Income",-1.57037683874995,0.000589682604186237
5,20075,"Current_income","Income",-0.39761853400214,0.00051880517276004
5,20077,"Current_income","Income",0.317880298699994,1.57925733219599e-05
5,20078,"Current_income","Income",0.944964836566389,-0.000237694068346173
5,20079,"Current_income","Income",1.48354459240688,-0.000454721332062036
5,20081,"Current_income","Income",-0.511757044326611,0.000465560995507985
5,20083,"Current_income","Income",1.01517643276089,-0.000572880555409938
5,20084,"Current_income","Income",0.855689990085443,-0.000310629548039287
5,20086,"Current_income","Income",-0.518612833989348,0.000459354865597561
5,20087,"Current_income","Income",0.922642200756784,-0.000324598280712962
5,20088,"Current_income","Income",-0.974383884090736,0.000624399224761873
5,20089,"Current_income","Income",-0.585529034452359,0.00044822579366155
5,20091,"Current_income","Income",1.43047385537724,-0.000568350020330399
5,20092,"Current_income","Income",-0.0595306913989943,0.000437400187365711
5,20093,"Current_income","Income",-0.490451927736983,0.000461820978671312
5,20094,"Current_income","Income",-0.990911646375313,0.000627137953415513
5,20096,"Current_income","Income",-0.182703147320801,0.000430225627496839
5,20097,"Current_income","Income",-0.729211612364519,0.000609301088843495
5,20098,"Current_income","Income",-1.16141167276754,0.000619880040176213
5,20099,"Current_income","Income",-0.975711645105552,0.00062583654653281
5,20100,"Current_income","Income",-0.101988573696856,0.000413320143707097
5,20102,"Current_income","Income",0.238644913633584,2.37732128880452e-05
5,20103,"Current_income","Income",0.361732422397281,-1.50956675497582e-05
5,20104,"Current_income","Income",-0.962733196688121,0.000606594781856984
5,20105,"Current_income","Income",-1.10810086768237,0.000607506255619228
5,20106,"Current_income","Income",0.196103930854962,5.12202896061353e-05
5,20107,"Current_income","Income",0.803429944412549,-0.000345480802934617
5,20108,"Current_income","Income",-1.51660528766589,0.000627857341896743
5,20109,"Current_income","Income",-0.193640093927551,0.000364719016943127
5,20110,"Current_income","Income",-1.15564819275747,0.000602542248088866
5,20112,"Current_income","Income",-0.218645951927044,0.000404335296479985
5,20114,"Current_income","Income",-0.0912261380997036,0.000391870504245162
5,20115,"Current_income","Income",1.25606348969589,-0.000500044960062951
5,20116,"Current_income","Income",-1.21357384454088,0.000616465520579368
5,20118,"Current_income","Income",-0.31917352684163,0.000378144817659631
5,20119,"Current_income","Income",-0.394107077020674,0.000489433121401817
5,20120,"Current_income","Income",-1.24218811008272,0.000721205549780279
5,20121,"Current_income","Income",-0.291393036123413,0.000444848323240876
5,20123,"Current_income","Income",-0.668908363492689,0.000503514369484037
5,20124,"Current_income","Income",-0.33377243463389,0.000345288368407637
5,20127,"Current_income","Income",-1.16494251986119,0.000623239960987121
5,20128,"Current_income","Income",-0.546014755850767,0.00051202712347731
5,20129,"Current_income","Income",-0.0297105455474462,0.000354575575329363
5,20130,"Current_income","Income",-1.07272591636132,0.000611371418926865
5,20131,"Current_income","Income",-0.605770464888253,0.000499114394187927
5,20132,"Current_income","Income",0.628448032091305,3.85367929993663e-05
5,20133,"Current_income","Income",-1.07333439654822,0.000620677543338388
5,20134,"Current_income","Income",-0.884134915307542,0.00060389080317691
5,20135,"Current_income","Income",-0.452904360513389,0.000443262135377154
5,20136,"Current_income","Income",-1.16116606467996,0.000604970846325159
5,20137,"Current_income","Income",-1.24199790231565,0.000619712751358747
5,20138,"Current_income","Income",-0.844648336866204,0.000641211401671171
5,20139,"Current_income","Income",-1.26406107995755,0.000598744547460228
5,20140,"Current_income","Income",-0.47376073450691,0.000504608557093889
5,20141,"Current_income","Income",-0.84171304321801,0.000585897301789373
5,20142,"Current_income","Income",-0.741924139243517,0.00062740157591179
5,20143,"Current_income","Income",-0.406414258221295,0.000455424597021192
5,20144,"Current_income","Income",-0.599653346165609,0.000476073357276618
5,20145,"Current_income","Income",1.26302453996759,-0.000501031521707773
5,20147,"Current_income","Income",-0.69314138702111,0.000523499271366745
5,20150,"Current_income","Income",0.00615377527141154,0.000241992092924193
5,20151,"Current_income","Income",-1.10954496937025,0.000639509875327349
5,20152,"Current_income","Income",-0.76641569760097,0.000602720188908279
5,20156,"Current_income","Income",-0.34793829658752,0.00043624039972201
5,20157,"Current_income","Income",2.86372262047144,-0.0032010730355978
5,20160,"Current_income","Income",-0.357358197751055,0.000450751511380076
5,20161,"Current_income","Income",-0.846892973185411,0.000658435747027397
5,20162,"Current_income","Income",-0.996360267897173,0.000602712447289377
5,20163,"Current_income","Income",-0.785911070387371,0.000617302604950964
5,20164,"Current_income","Income",-0.786956289767602,0.000621643557678908
5,20165,"Current_income","Income",-0.781425491103657,0.00062450475525111
5,20166,"Current_income","Income",-0.492631930348933,0.000440596370026469
5,20169,"Current_income","Income",-1.2197362068586,0.000611141498666257
5,20171,"Current_income","Income",-1.0286078711256,0.000615948694758117
5,20172,"Current_income","Income",-0.244185499680754,0.000421370670665056
5,20173,"Current_income","Income",-0.820219565538658,0.000658280856441706
5,20174,"Current_income","Income",0.38428496953699,1.7104544895119e-05
5,20175,"Current_income","Income",-0.931516039421122,0.000630867143627256
5,20176,"Current_income","Income",-0.626318443764286,0.000547504343558103
5,20177,"Current_income","Income",0.117625683502148,3.00933388643898e-05
5,20178,"Current_income","Income",0.678468981477042,2.6510806492297e-05
5,20179,"Current_income","Income",-0.556987712665846,0.000443190714577213
5,20181,"Current_income","Income",-1.16446423042748,0.000644941697828472
5,20182,"Current_income","Income",-0.793217449323564,0.000598735350649804
5,20183,"Current_income","Income",-1.11754385231278,0.000615160912275314
5,20184,"Current_income","Income",0.753169850309957,-0.000373728777049109
5,20186,"Current_income","Income",-0.814354518274321,0.000629017304163426
5,20187,"Current_income","Income",-0.970821643482138,0.000653708819299936
5,20189,"Current_income","Income",-1.18114157357742,0.000596656755078584
5,20190,"Current_income","Income",-0.601479710064989,0.000490805075969547
5,20191,"Current_income","Income",-0.420464702840537,0.000499706191476434
5,20192,"Current_income","Income",0.987523362779838,-0.000524803181178868
5,20193,"Current_income","Income",0.186629552709596,2.25709409278352e-05
5,20194,"Current_income","Income",-0.599613642602579,0.000489715253934264
5,20195,"Current_income","Income",-0.990125885162789,0.00062526180408895
5,20196,"Current_income","Income",-0.159167244492093,0.000485759082948789
5,20197,"Current_income","Income",-0.164987971500025,0.000382546451874077
5,20198,"Current_income","Income",-0.45076036810977,0.000449885264970362
5,20199,"Current_income","Income",-0.811391524465874,0.000632034090813249
5,20200,"Current_income","Income",-0.709176086453176,0.000591063057072461
5,20201,"Current_income","Income",-1.28531264290402,0.00061551557155326
5,20205,"Current_income","Income",-1.21113715377724,0.000602058309596032
5,20206,"Current_income","Income",-0.611495164673973,0.000509556266479194
5,20207,"Current_income","Income",-1.04402578032269,0.000603550637606531
5,20208,"Current_income","Income",-0.566866513150913,0.000533883518073708
5,20210,"Current_income","Income",-0.869993060159464,0.000626352848485112
5,20212,"Current_income","Income",-1.4194617489956,0.000601911335252225
5,20214,"Current_income","Income",-0.791170407480832,0.000656557676848024
5,20215,"Current_income","Income",-0.0218132298591787,0.000408019725000486
5,20216,"Current_income","Income",-0.874047440281899,0.000630619353614748
5,20217,"Current_income","Income",-1.07664825905321,0.000614635471720248
5,20218,"Current_income","Income",-1.04735072289178,0.000646906439214945
5,20219,"Current_income","Income",-0.333406792518544,0.000374799419660121
5,20220,"Current_income","Income",-0.79115748073938,0.00062820635503158
5,20221,"Current_income","Income",-0.705564908894797,0.000620487844571471
5,20222,"Current_income","Income",-1.04159462959111,0.000630229944363236
5,20223,"Current_income","Income",-1.26234736337653,0.000622823368757963
5,20224,"Current_income","Income",-0.021601785302577,0.000413697940530255
5,20226,"Current_income","Income",-0.426784956071706,0.000444388657342643
5,20227,"Current_income","Income",0.639851264728988,5.17904072694364e-06
5,20228,"Current_income","Income",-1.23294641328349,0.000600417144596577
5,20230,"Current_income","Income",-1.19215977398758,0.00064166181255132
5,20231,"Current_income","Income",-0.754143603270003,0.00061153358547017
5,20232,"Current_income","Income",-0.965224364433584,0.000604924571234733
5,20233,"Current_income","Income",-0.305800812809924,0.000401863129809499
5,20234,"Current_income","Income",-1.04712635159373,0.000615526107139885
5,20237,"Current_income","Income",-0.508514278899604,0.000514700077474117
5,20239,"Current_income","Income",-0.0722986185984991,0.000388341810321435
5,20240,"Current_income","Income",-1.0393647666907,0.000604699249379337
5,20242,"Current_income","Income",-1.26951062481808,0.000681366131175309
5,20243,"Current_income","Income",0.409756190228742,4.41076954302844e-05
5,20244,"Current_income","Income",-0.646660518115768,0.000490772596094757
5,20245,"Current_income","Income",-0.657986190304741,0.000507004966493696
5,20246,"Current_income","Income",-0.842482184334381,0.000630009162705392
5,20247,"Current_income","Income",0.0294662301407421,0.000197433430003002
5,20248,"Current_income","Income",-0.540847752624818,0.000420590135036036
5,20249,"Current_income","Income",-1.05433300995301,0.00060166057664901
5,20250,"Current_income","Income",-0.3197312234014,0.000370607827790082
5,20251,"Current_income","Income",-0.567846175485212,0.000434131943620741
5,20252,"Current_income","Income",-0.884637211546805,0.000617891899310052
5,20255,"Current_income","Income",-0.786736535162925,0.000620177772361785
5,20256,"Current_income","Income",-0.750909147891071,0.000652733317110687
5,20257,"Current_income","Income",-1.01172370011243,0.000651974871288985
5,20258,"Current_income","Income",-0.736488444463109,0.000635993841569871
5,20259,"Current_income","Income",-1.19283935125247,0.000616994046140462
5,20260,"Current_income","Income",-0.900375519264158,0.000620616250671446
5,20261,"Current_income","Income",-1.13372536259419,0.000613429117947817
5,20262,"Current_income","Income",-0.788146473319827,0.000609004986472428
5,20264,"Current_income","Income",-1.04600357176479,0.000602162268478423
5,20265,"Current_income","Income",-0.779567733689324,0.00063016265630722
5,20267,"Current_income","Income",-0.176550018389828,0.000379424076527357
5,20269,"Current_income","Income",-0.295799208281067,0.000353614130290225
5,20270,"Current_income","Income",-1.2511832754557,0.000603917462285608
5,20271,"Current_income","Income",-1.19622523417412,0.00060471793403849
5,20273,"Current_income","Income",-1.41749503761761,0.0005966373719275
5,20274,"Current_income","Income",-1.35010701109161,0.000599426683038473
5,20275,"Current_income","Income",-0.942204607924266,0.000612996285781264
5,20276,"Current_income","Income",-1.0164742775959,0.000650876085273921
5,20278,"Current_income","Income",-0.551934280096936,0.000422008219175041
5,20280,"Current_income","Income",-0.119889340591331,0.00036864768480882
5,20281,"Current_income","Income",-0.302769491939518,0.0004038252227474
5,20282,"Current_income","Income",-1.08182726568194,0.00064575980650261
5,20283,"Current_income","Income",-1.02429033948076,0.000649146793875843
5,20284,"Current_income","Income",-0.948942210236588,0.000630740658380091
5,20286,"Current_income","Income",-0.353304740967295,0.00047133062616922
5,20288,"Current_income","Income",-1.04180515080903,0.000612213916610926
5,20290,"Current_income","Income",-0.708440185529108,0.000596246041823179
5,20292,"Current_income","Income",-1.38473867477919,0.000593075819779187
5,20293,"Current_income","Income",1.63280875261012,-0.00077411939855665
5,20294,"Current_income","Income",0.545047466261447,3.14088429149706e-05
5,20295,"Current_income","Income",0.647075466523096,4.90612910652999e-05
5,20296,"Current_income","Income",-0.174564840238328,0.000385652092518285
5,20297,"Current_income","Income",-1.106930997581,0.000954174262005836
5,20298,"Current_income","Income",0.218666634720098,6.0371776271495e-06
5,20299,"Current_income","Income",-0.654603077399116,0.000504348368849605
5,20301,"Current_income","Income",0.13939893280006,4.86463541164994e-05
5,20303,"Current_income","Income",-0.671997854699628,0.000532240024767816
5,20305,"Current_income","Income",0.148049692847222,8.91267336555757e-05
5,20308,"Current_income","Income",-0.437436591027845,0.000450355495559052
5,20309,"Current_income","Income",-1.1009643830624,0.000600364001002163
5,20310,"Current_income","Income",0.0254266234371093,0.000272720120847225
5,20311,"Current_income","Income",-1.08999881295672,0.00063105026492849
5,20313,"Current_income","Income",-0.781291606995765,0.000668189546559006
5,20315,"Current_income","Income",-0.216172327616408,0.000360699137672782
5,20317,"Current_income","Income",-0.477639680281073,0.00045843399129808
5,20320,"Current_income","Income",-0.233170992625295,0.000383351318305358
5,20321,"Current_income","Income",-1.18456993007813,0.000618498132098466
5,20322,"Current_income","Income",-0.750476102052442,0.000650123052764684
5,20323,"Current_income","Income",-0.944099298885604,0.00060795561876148
5,20325,"Current_income","Income",-0.781454114602586,0.000606581335887313
5,20326,"Current_income","Income",-1.06091918472261,0.000601188687141985
5,20327,"Current_income","Income",-0.146762189391909,0.000363894883776084
5,20329,"Current_income","Income",-1.1593055372496,0.000650663278065622
5,20330,"Current_income","Income",-1.18752184382248,0.000603152031544596
5,20331,"Current_income","Income",-0.840134134083561,0.0006369719048962
5,20332,"Current_income","Income",-0.372176860147992,0.000491185928694904
5,20333,"Current_income","Income",0.418752278940398,3.13641503453255e-05
5,20335,"Current_income","Income",-1.02033198658054,0.000610101618804038
5,20336,"Current_income","Income",-0.996444291716608,0.000706413178704679
5,20337,"Current_income","Income",-0.519946135036216,0.000441581243649125
5,20338,"Current_income","Income",0.923884091274815,-0.000303146807709709
5,20339,"Current_income","Income",0.124516560034539,3.84108934667893e-05
5,20340,"Current_income","Income",-0.37892092583104,0.000528878474142402
5,20341,"Current_income","Income",-0.726099961029378,0.00063046341529116
5,20342,"Current_income","Income",0.728171379019864,-2.41840862145182e-05
5,20343,"Current_income","Income",-0.110488829539974,0.000406554288929328
5,20346,"Current_income","Income",-0.796159206342484,0.000650863745249808
5,20348,"Current_income","Income",-0.337168474280967,0.000356772536179051
5,20349,"Current_income","Income",0.19131549648581,4.25612997787539e-05
5,20350,"Current_income","Income",1.45901887051845,-0.000562196015380323
5,20352,"Current_income","Income",-1.29797161613986,0.000862608198076487
5,20354,"Current_income","Income",-1.25091181388522,0.000650595233310014
5,20355,"Current_income","Income",-0.95170576289121,0.00065299984999001
5,20356,"Current_income","Income",-0.944053131951848,0.000646546424832195
5,20358,"Current_income","Income",-0.138622958970761,0.000406312057748437
5,20359,"Current_income","Income",-0.704302704925913,0.000641197548247874
5,20360,"Current_income","Income",-0.620390609470041,0.000507972261402756
5,20363,"Current_income","Income",-0.426997323966983,0.000486629927763715
5,20365,"Current_income","Income",-0.995399072336377,0.000626434863079339
5,20368,"Current_income","Income",-0.255552722110108,0.000369728222722188
5,20369,"Current_income","Income",0.0904028893437013,3.93768823414575e-05
5,20370,"Current_income","Income",-0.589106971818434,0.000472129031550139
5,20371,"Current_income","Income",-0.577424890900865,0.000472427549539134
5,20372,"Current_income","Income",-0.535316953960873,0.000458570895716548
5,20373,"Current_income","Income",-1.04482723829269,0.00064509769435972
5,20374,"Current_income","Income",-1.09901890847393,0.000596718862652779
5,20375,"Current_income","Income",0.999082639653616,-0.000590158044360578
5,20376,"Current_income","Income",0.206410237146608,5.3262530855136e-05
5,20377,"Current_income","Income",-0.878903278374334,0.000604049360845238
5,20378,"Current_income","Income",-0.597309912608165,0.000445893907453865
5,20379,"Current_income","Income",-0.982946003625087,0.000606093788519502
5,20380,"Current_income","Income",-0.300216460502822,0.000358705932740122
5,20381,"Current_income","Income",-0.375691087145484,0.000513902225065976
5,20382,"Current_income","Income",-0.983196228406043,0.00065010623075068
5,20383,"Current_income","Income",-0.618423898092044,0.000529927725438029
5,20385,"Current_income","Income",1.1469313216679,-0.000552317244000733
5,20387,"Current_income","Income",0.0833319617696624,3.40771039191168e-05
5,20388,"Current_income","Income",-0.93635433407873,0.000605201348662376
5,20389,"Current_income","Income",-0.363762474801659,0.000829967902973294
5,20390,"Current_income","Income",1.78389466001936,-0.00140925368759781
5,20392,"Current_income","Income",-1.10080649214895,0.00062328769126907
5,20393,"Current_income","Income",-0.686554288912832,0.000497239991091192
5,20394,"Current_income","Income",-0.747227796593384,0.000625505461357534
5,20395,"Current_income","Income",-0.967734922291225,0.000635938078630716
5,20396,"Current_income","Income",-1.20144948439793,0.000620845356024802
5,20397,"Current_income","Income",0.445717461608487,9.81691300694365e-07
5,20399,"Current_income","Income",0.91971060046329,-0.000302134867524728
5,20400,"Current_income","Income",-0.564079877029413,0.00046855938853696
5,20403,"Current_income","Income",0.505635678252794,1.14091144496342e-05
5,20404,"Current_income","Income",0.362554193818134,9.74333452177234e-05
5,20405,"Current_income","Income",-0.21551029378635,0.000378800585167482
5,20406,"Current_income","Income",-1.78947956632294,0.000601909181568772
5,20407,"Current_income","Income",-0.698889170273708,0.000567560433410108
5,20408,"Current_income","Income",-0.194691776678508,0.00042431234032847
5,20409,"Current_income","Income",1.21112736639402,-0.000599865976255387
5,20411,"Current_income","Income",-0.34347487743201,0.000379954784875736
5,20412,"Current_income","Income",-1.12755007353501,0.000599175051320344
5,20416,"Current_income","Income",-0.919135914465166,0.00066805601818487
5,20417,"Current_income","Income",-0.899158558890355,0.000612394360359758
5,20418,"Current_income","Income",1.42119799504702,-0.000464527664007619
5,20419,"Current_income","Income",-0.4746702231019,0.000511757796630263
5,20420,"Current_income","Income",-1.04061681393416,0.00060452293837443
5,20421,"Current_income","Income",-0.0261787751151273,0.000374344497686252
5,20422,"Current_income","Income",-0.295883232100502,0.000424359430326149
5,20423,"Current_income","Income",-0.25246138422582,0.000418780429754406
5,20425,"Current_income","Income",-1.06722651121233,0.000612969626672566
5,20426,"Current_income","Income",-1.31884738024556,0.00059860444162041
5,20427,"Current_income","Income",-0.336568304142141,0.000352649483829737
5,20430,"Current_income","Income",-0.876953187092489,0.000652503571473062
5,20431,"Current_income","Income",-0.587666563485253,0.000473964115371928
5,20432,"Current_income","Income",-0.789372667080381,0.000667426618747413
5,20434,"Current_income","Income",-1.0664038164528,0.00061484333127737
5,20435,"Current_income","Income",-0.970275026986469,0.000603001506533474
5,20436,"Current_income","Income",-0.942957128944485,0.000650175847113132
5,20437,"Current_income","Income",-0.531796263592655,0.000436411879491061
5,20438,"Current_income","Income",-0.944206406171917,0.000603664724621922
5,20440,"Current_income","Income",-0.560904515325689,0.000463479838799685
5,20441,"Current_income","Income",-0.777775533320923,0.000603180844336748
5,20442,"Current_income","Income",-0.20743569707246,0.000440502015408128
5,20443,"Current_income","Income",-0.541226321481615,0.000458065216662362
5,20444,"Current_income","Income",-1.08368225308025,0.000628282548859715
5,20445,"Current_income","Income",-0.964606650859932,0.000619865779299289
5,20446,"Current_income","Income",-0.629990561675222,0.000545181799679995
5,20447,"Current_income","Income",-0.771370332931643,0.000609878043178469
5,20451,"Current_income","Income",-0.876403800580795,0.000628163863439113
5,20452,"Current_income","Income",-0.319423751622586,0.000356688920874149
5,20453,"Current_income","Income",-0.461851512275264,0.000466100027551875
5,20454,"Current_income","Income",-0.898047782464191,0.000613178592175245
5,20455,"Current_income","Income",-0.954700150214612,0.00061463937163353
5,20456,"Current_income","Income",-0.535790626701207,0.000444304692791775
5,20457,"Current_income","Income",-0.973794794016012,0.000617900630459189
5,20458,"Current_income","Income",-0.421535775703671,0.000472139683552086
5,20459,"Current_income","Income",-0.125112667476463,0.000388371525332332
5,20460,"Current_income","Income",-1.19026046633287,0.000608709291554987
5,20461,"Current_income","Income",-0.893764414350327,0.000619816186372191
5,20462,"Current_income","Income",-0.119069415847828,0.000378134893253446
5,20463,"Current_income","Income",-0.243745067132724,0.000409726955695078
5,20464,"Current_income","Income",-1.01303114767639,0.000620861479546875
5,20465,"Current_income","Income",-0.959072158841286,0.000601323263254017
5,20468,"Current_income","Income",-1.43974934636525,0.000602098880335689
5,20469,"Current_income","Income",-0.8044443242743,0.000603042135480791
5,20470,"Current_income","Income",-1.0797285168734,0.000646438624244183
5,20471,"Current_income","Income",-0.739013775739551,0.000627130444627255
5,20472,"Current_income","Income",-0.0359790918128091,0.000403642538003623
5,20473,"Current_income","Income",-0.913580185656993,0.000613696989603341
5,20475,"Current_income","Income",-0.147487010251875,0.000342243729392067
5,20476,"Current_income","Income",-0.505996334332562,0.000464616401586682
5,20478,"Current_income","Income",-1.18471397091145,0.000635797157883644
5,20480,"Current_income","Income",-0.943187963613265,0.000630361842922866
5,20481,"Current_income","Income",-0.67356660710865,0.000544208916835487
5,20483,"Current_income","Income",0.100712888990047,1.67931848409353e-05
5,20484,"Current_income","Income",-0.766248573300774,0.000616754230577499
5,20486,"Current_income","Income",-0.317010144325833,0.000358373217750341
5,20487,"Current_income","Income",-0.62567118335303,0.000514858693350106
5,20488,"Current_income","Income",-0.453142581891569,0.000480774353491142
5,20490,"Current_income","Income",-0.98241785390292,0.000602197425905615
5,20491,"Current_income","Income",-1.22603614663892,0.000606174289714545
5,20492,"Current_income","Income",-0.908577536715214,0.000636224693153054
5,20493,"Current_income","Income",-0.044117398895282,0.000390454079024494
5,20494,"Current_income","Income",-0.831548931082332,0.000602384156081825
5,20496,"Current_income","Income",-0.438983183308664,0.000523184193298221
5,20498,"Current_income","Income",-1.03013322661689,0.000609823153354228
5,20499,"Current_income","Income",-0.332400353362667,0.000366623105946928
5,20500,"Current_income","Income",-0.991900542096362,0.000625901389867067
5,20501,"Current_income","Income",0.0129781714191946,0.000285094080027193
5,20502,"Current_income","Income",-0.838643865461924,0.000617517507635057
5,20503,"Current_income","Income",-0.544891052683151,0.000465953227831051
5,20504,"Current_income","Income",0.372752469484791,-1.47554901559488e-05
5,20505,"Current_income","Income",-0.107463048701619,0.0003819948178716
5,20506,"Current_income","Income",-0.642747408810626,0.000535634870175272
5,20508,"Current_income","Income",0.185472609349676,6.10019596933853e-05
5,20510,"Current_income","Income",-1.00076551671615,0.000635859614703804
5,20511,"Current_income","Income",-1.28428773697464,0.000624328211415559
5,20513,"Current_income","Income",-0.606732583787724,0.000491812592372298
5,20514,"Current_income","Income",-1.18433632539333,0.000604625151026994
5,20515,"Current_income","Income",0.475267069228226,4.7615307266824e-05
5,20517,"Current_income","Income",-0.916590269737871,0.000603048771154135
5,20518,"Current_income","Income",-0.658425699514097,0.00055144727230072
5,20519,"Current_income","Income",0.352512885726247,1.18750158435432e-05
5,20520,"Current_income","Income",-0.61699733983899,0.000517844222486019
5,20521,"Current_income","Income",-0.69338330175399,0.00061492423992604
5,20522,"Current_income","Income",-1.08969411119393,0.000618180783931166
5,20523,"Current_income","Income",0.0664681042073428,0.000303720124065876
5,20524,"Current_income","Income",-1.06823110369086,0.00063847895944491
5,20525,"Current_income","Income",-0.657082241741803,0.000509476754814386
5,20527,"Current_income","Income",-1.37159033204554,0.000862695567775518
5,20528,"Current_income","Income",-0.477593513347317,0.000542521593160927
5,20529,"Current_income","Income",-1.27737839366875,0.000599574821535498
5,20530,"Current_income","Income",-0.465577183829357,0.000446595455287024
5,20531,"Current_income","Income",-0.232405544863624,0.000347809109371156
5,20532,"Current_income","Income",-1.07502041296898,0.000620418693870306
5,20536,"Current_income","Income",-0.759303219786551,0.000650860310997814
5,20537,"Current_income","Income",-0.381914389815766,0.000471252104034647
5,20539,"Current_income","Income",0.499060583547292,-6.65285369905178e-06
5,20540,"Current_income","Income",0.290547627239208,4.61882564195548e-07
5,20541,"Current_income","Income",-0.77635820845462,0.000677240313962102
5,20544,"Current_income","Income",0.408216061318648,4.15177892136853e-05
5,20545,"Current_income","Income",0.314439938796511,3.09074712276924e-05
5,20546,"Current_income","Income",0.302170614481569,8.21025823825039e-05
5,20547,"Current_income","Income",-0.575168251178882,0.000467980426037684
5,20548,"Current_income","Income",-0.774916876782764,0.000617452664300799
5,20549,"Current_income","Income",-0.550597285695368,0.000448068603873253
5,20550,"Current_income","Income",0.216638059650868,4.17759983974975e-05
5,20551,"Current_income","Income",1.06879470962488,-0.000589965668041259
5,20552,"Current_income","Income",-0.366232405757595,0.000531414989382029
5,20553,"Current_income","Income",1.7440452094787,-0.000710356747731566
5,20554,"Current_income","Income",-1.05242446891154,0.000617496727500111
5,20555,"Current_income","Income",-0.129681347240937,0.000352987495716661
5,20557,"Current_income","Income",0.060066597172763,0.000288162380456924
5,20558,"Current_income","Income",-0.230501620515534,0.000390828383387998
5,20559,"Current_income","Income",-0.64127006693044,0.000493721745442599
5,20560,"Current_income","Income",-0.561922957884342,0.000468224927317351
5,20561,"Current_income","Income",-0.823596215073558,0.00060901721008122
5,20562,"Current_income","Income",-0.598525026304617,0.000437133887317032
5,20564,"Current_income","Income",-1.27751874114736,0.000634704250842333
5,20565,"Current_income","Income",0.437134105284608,1.39597332236008e-05
5,20566,"Current_income","Income",-0.958758223691747,0.000600633153226227
5,20567,"Current_income","Income",-0.845703712971861,0.000610878341831267
5,20568,"Current_income","Income",-0.386417512534307,0.000447802303824574
5,20569,"Current_income","Income",-0.954487782319335,0.000628301466349512
5,20570,"Current_income","Income",0.58906302090423,2.35792431340087e-05
5,21003,"Current_income","Income",-0.235870122093877,0.000373747228877619
5,21009,"Current_income","Income",-0.191982701005718,0.000384022190701216
5,21010,"Current_income","Income",-0.729012171210694,0.000571088341530412
5,21011,"Current_income","Income",-0.913176686655967,0.000619730562902987
5,21013,"Current_income","Income",-0.655563349621237,0.000499467889312655
5,21018,"Current_income","Income",-0.84708964432321,0.000620802224148065
5,21024,"Current_income","Income",-0.121164471301666,0.00038320230669342
5,21027,"Current_income","Income",-0.925378607247626,0.000648308312520385
5,21032,"Current_income","Income",-0.570507237546896,0.00046747230226174
5,21035,"Current_income","Income",-0.54022542235779,0.000439204595750198
5,21036,"Current_income","Income",-1.33328285709232,0.000599659106228501
5,21037,"Current_income","Income",-0.0835873572404682,0.000379939418053254
5,21042,"Current_income","Income",-0.588869673778929,0.000447640602942556
5,21047,"Current_income","Income",0.0201543596021968,0.000260534841800109
5,21051,"Current_income","Income",0.364266063721799,6.45132422505412e-06
5,21055,"Current_income","Income",-0.281008246044383,0.000353754963725805
5,21056,"Current_income","Income",-0.473209501317866,0.000510749581735581
5,21059,"Current_income","Income",-0.160437758509053,0.000366608030162752
5,21066,"Current_income","Income",-0.446120591267311,0.00044991442700848
5,21073,"Current_income","Income",-0.449228549247752,0.000444009550847113
5,21081,"Current_income","Income",-0.889613083667006,0.000618419202510267
5,21082,"Current_income","Income",0.064108973892421,0.000252720608841628
5,21085,"Current_income","Income",0.335935263153213,2.49082822847413e-05
5,21087,"Current_income","Income",-0.958358418045421,0.000609539158176631
5,21112,"Current_income","Income",-0.473775507925712,0.000447834667284042
5,21113,"Current_income","Income",-0.0185483043039682,0.000377798773115501
5,21120,"Current_income","Income",-1.04543479514092,0.000603107619099319
5,21124,"Current_income","Income",-0.309922596655642,0.000341766106430441
5,21127,"Current_income","Income",-0.0807028472194058,0.000376492302166298
5,21129,"Current_income","Income",-0.916359435069092,0.000610685732681304
5,21135,"Current_income","Income",-0.445354220166965,0.000517238804604858
5,21139,"Current_income","Income",-0.0881671170690437,0.000357354758307338
5,21141,"Current_income","Income",-0.0877903948895962,0.000363939412636682
5,21145,"Current_income","Income",-1.49055698030219,0.000601871055550873
5,21147,"Current_income","Income",-0.569856283780939,0.000448636477813125
5,21155,"Current_income","Income",-0.128126444912042,0.00027154351118952
5,21156,"Current_income","Income",0.680070974078369,7.62913941798615e-06
5,21157,"Current_income","Income",-0.174167804608029,0.000353548501152545
5,21160,"Current_income","Income",-0.726754608150035,0.000592521566431969
5,21169,"Current_income","Income",-0.208624033947335,0.000345359818311408
5,21190,"Current_income","Income",-0.464480257483319,0.000476402317872271
5,21191,"Current_income","Income",-0.336344856182763,0.000349997018929571
5,21196,"Current_income","Income",0.212111853465449,4.91861210321076e-05
5,21198,"Current_income","Income",-0.970860423706493,0.000630656548310071
5,21209,"Current_income","Income",-0.559353306351494,0.000440781703218818
5,21214,"Current_income","Income",-0.272963196168097,0.00034471505205147
5,21217,"Current_income","Income",-1.24828214533849,0.00060136936372146
5,22002,"Current_income","Income",-0.429441401440015,0.00042447549640201
5,22003,"Current_income","Income",-0.18699113212804,0.000365980609785765
5,22004,"Current_income","Income",0.223950412588289,1.62284195539542e-05
5,22005,"Current_income","Income",0.964151814235301,-0.000293420656817034
5,22006,"Current_income","Income",3.26286623296663,-0.00402555055916309
5,22007,"Current_income","Income",0.988297120589586,-0.000571068085264415
5,22008,"Current_income","Income",0.217150065719639,1.52356915350538e-05
5,22009,"Current_income","Income",0.394630979391666,3.33238203893416e-05
5,22010,"Current_income","Income",0.00555822182596195,0.000353224517311901
5,22011,"Current_income","Income",1.74422895387505,-0.000828803691547364
5,22012,"Current_income","Income",1.08733535022121,-0.000563547655474395
5,22013,"Current_income","Income",-0.280030430387435,0.00033738132333383
5,22014,"Current_income","Income",3.28485831353055,-0.00368623924441636
5,22015,"Current_income","Income",0.0195080225296155,0.00028316950192675
5,22017,"Current_income","Income",1.09357988968102,-0.000542621710337698
5,22018,"Current_income","Income",0.156653362621954,3.95292499888455e-06
5,23001,"Current_income","Income",1.3349129191961,-0.00053021201165393
5,23002,"Current_income","Income",-0.269022386702701,0.00034526819945313
5,23003,"Current_income","Income",0.0675659538920557,-0.00026775267906487
5,23004,"Current_income","Income",1.17625378797356,-0.000519773981068283
5,23005,"Current_income","Income",1.0856315512209,-0.000745982746593654
5,23006,"Current_income","Income",-0.738737697475691,0.000588058843277395
5,23007,"Current_income","Income",-0.248614755305286,0.0003464323526714
5,23008,"Current_income","Income",1.01893072781391,-0.00110905012115836
5,23009,"Current_income","Income",0.494069014669614,-0.000281576387351379
5,23010,"Current_income","Income",-0.441262370037755,0.000511374906636775
5,23011,"Current_income","Income",1.1335918478285,-0.000782746472395957
5,24001,"Current_income","Income",0.0956243695514822,1.41461414386868e-05
5,24002,"Current_income","Income",-0.506763628771584,0.000445710844360292
5,24003,"Current_income","Income",-1.02500869697,0.000601306033786386
5,24004,"Current_income","Income",-0.272430429752555,0.00038303027395159
5,24005,"Current_income","Income",0.304819673140477,1.81633404281456e-05
5,24006,"Current_income","Income",-0.260804582930317,0.000360799516784027
5,24007,"Current_income","Income",0.497677422211968,1.24372127174865e-05
5,24008,"Current_income","Income",0.492854824311837,2.52002391789574e-05
5,24009,"Current_income","Income",0.702666918135809,2.6772111596074e-05
5,24010,"Current_income","Income",-0.166444999929358,0.000362489052349702
5,24011,"Current_income","Income",0.287224531347465,1.78850987140322e-05
5,24012,"Current_income","Income",-0.394012426496426,0.000456664682133123
5,24013,"Current_income","Income",0.924735409533272,-0.000323582120472565
5,24014,"Current_income","Income",-1.02211310688483,0.000620003265794367
5,24015,"Current_income","Income",0.629548651792043,2.33212194871157e-05
5,24016,"Current_income","Income",0.565709939133194,2.11273381864885e-05
5,24017,"Current_income","Income",-0.62439697598137,0.000510624668095261
5,24018,"Current_income","Income",-0.58848187153538,0.000444268516730517
5,24019,"Current_income","Income",-0.490069665525486,0.000470412458525971
5,24020,"Current_income","Income",1.17533414265314,-0.000498352746944875
5,24021,"Current_income","Income",0.156685679475583,2.3166103346739e-07
5,24022,"Current_income","Income",-0.107621862953739,0.000357833399903029
5,24023,"Current_income","Income",-0.00698718075284017,0.00035651697544381
5,24024,"Current_income","Income",0.457707014304869,3.44930558640044e-05
5,24025,"Current_income","Income",0.239630115999933,1.20439053716836e-05
5,24026,"Current_income","Income",-1.04857599331366,0.000610830786172301
5,24027,"Current_income","Income",0.160745599630068,4.315541809774e-05
5,24028,"Current_income","Income",2.74515300784509,-0.00279815937392414
5,24029,"Current_income","Income",-0.610099999935872,0.000530989666003734
5,24030,"Current_income","Income",-0.0188843995817104,0.000380289566237479
5,24031,"Current_income","Income",-1.18916076997081,0.000599857768975198
5,24032,"Current_income","Income",0.460999640020333,1.03337342807208e-05
5,24033,"Current_income","Income",-0.646072351379719,0.000506542506627738
5,24034,"Current_income","Income",-0.0857322729827631,0.000364469131454825
5,24035,"Current_income","Income",1.55387899264518,-0.000672529335133731
5,24036,"Current_income","Income",0.343817805422679,1.58627772179898e-05
5,24037,"Current_income","Income",-0.138906423944022,0.000348381348885596
5,24038,"Current_income","Income",-0.404731011816559,0.00045805552508682
5,24039,"Current_income","Income",-0.399707126085252,0.000457215966889635
5,24040,"Current_income","Income",0.844270137351608,-0.000362813239917159
5,24041,"Current_income","Income",-1.08652244284491,0.000611166993621737
5,24042,"Current_income","Income",0.171068526017865,2.8084650693927e-05
5,24043,"Current_income","Income",-0.310434126281656,0.000357361423084512
5,24044,"Current_income","Income",-0.147316192596978,0.00034252752084285
5,24045,"Current_income","Income",0.360685356339699,2.66475126409205e-05
5,24046,"Current_income","Income",0.158715177883487,8.67447306518443e-06
5,24047,"Current_income","Income",-0.476981339805715,0.000437287235399708
5,24048,"Current_income","Income",0.664835885938954,2.17109809454996e-05
5,24049,"Current_income","Income",-0.674669996825414,0.000485159951495007
5,24050,"Current_income","Income",0.853205285710706,-0.00036449235631153
5,24051,"Current_income","Income",0.0322168560539129,0.00027122488245368
5,24052,"Current_income","Income",-0.327879687209299,0.000356388161890209
5,24053,"Current_income","Income",-0.270822897119178,0.000365986750693992
5,24054,"Current_income","Income",-0.487062351460633,0.00042871807818301
5,24055,"Current_income","Income",-0.123756282962717,0.000347658206010237
5,24056,"Current_income","Income",-0.115549648818286,0.00033621839247644
5,24057,"Current_income","Income",-1.12899048186819,0.00058552372502163
5,24058,"Current_income","Income",0.860795129620159,-0.000356066593667492
5,25001,"Current_income","Income",2.1627174349526,-0.0014988558832556
5,25002,"Current_income","Income",1.16357080793217,-0.000416086346376687
5,25003,"Current_income","Income",-0.1767291460928,0.0003407375770621
5,25005,"Current_income","Income",0.762684855357028,-0.000366032996680588
5,25006,"Current_income","Income",2.57412206171466,-0.00252289767377079
5,25007,"Current_income","Income",0.101192664999024,2.16381158679724e-05
5,25008,"Current_income","Income",1.64924972105924,-0.000690772314555943
5,25010,"Current_income","Income",0.382151133858797,4.16077018599026e-05
5,25011,"Current_income","Income",1.35106857599461,-0.00050034117884934
5,25013,"Current_income","Income",0.510090787360229,5.31440200575162e-05
5,25015,"Current_income","Income",1.57665960443764,-0.000548640789929777
5,25017,"Current_income","Income",0.23423320144388,3.69790323020425e-05
5,25018,"Current_income","Income",1.29873096987301,-0.000479811686091125
5,26001,"Current_income","Income",1.32429544777094,-0.0004603463166859
5,26002,"Current_income","Income",2.3944468189078,-0.00212306738831103
5,26003,"Current_income","Income",0.527435704372284,3.83867009077221e-05
5,26004,"Current_income","Income",1.15957275146891,-0.000558228639420122
5,26005,"Current_income","Income",0.549955934658364,0.000117793337267358
5,26006,"Current_income","Income",0.883894293255538,-0.000309460097923875
5,26007,"Current_income","Income",0.503262697857745,-4.64795584775857e-06
5,26008,"Current_income","Income",0.367859961920212,0.000103433441836387
5,26009,"Current_income","Income",0.694271922901654,5.36493535037152e-05
5,26010,"Current_income","Income",-0.153759249871939,0.000383946113288403
5,26011,"Current_income","Income",0.72065355552707,4.78100191685371e-05
5,26012,"Current_income","Income",0.715779250661132,2.12455597647931e-05
5,26013,"Current_income","Income",1.52282526632367,-0.000412729481467977
5,26014,"Current_income","Income",0.769345820559315,-0.000353549519786611
5,26015,"Current_income","Income",-0.474686843198052,0.000651119451504201
5,26016,"Current_income","Income",1.73065218199615,-0.000703660596627742
5,26017,"Current_income","Income",2.20002955081404,-0.0014730142429471
5,26018,"Current_income","Income",2.26851173367005,-0.00150855781976134
5,26019,"Current_income","Income",2.70692032332456,-0.00241927593015134
5,26020,"Current_income","Income",0.49530998184897,2.89728850475512e-05
5,26021,"Current_income","Income",0.50334118164513,3.16725236189086e-05
5,26022,"Current_income","Income",0.917812216147251,-0.00068150123115629
5,26023,"Current_income","Income",1.37068859950215,-0.000609275070019066
5,26024,"Current_income","Income",-0.00727710909682656,0.000484949297970161
5,26025,"Current_income","Income",1.91318054130911,-0.00126311497297138
5,26026,"Current_income","Income",0.647741193707855,1.19822007036419e-05
5,26027,"Current_income","Income",1.35574990307745,-0.000465182412881404
5,26028,"Current_income","Income",0.587020595754873,3.97834337491076e-05
5,26029,"Current_income","Income",2.14151757897194,-0.00152756541501731
5,26030,"Current_income","Income",3.45358737634391,-0.00348139461129904
5,26031,"Current_income","Income",-0.0842909413109069,0.000400148070184514
5,26032,"Current_income","Income",0.753110756634749,0.000119060794531833
5,26033,"Current_income","Income",1.10148366874001,-0.000535874511115253
5,26034,"Current_income","Income",0.994297898639165,-0.0006260997033678
5,26035,"Current_income","Income",1.11944260597102,-0.000527290918398649
5,26036,"Current_income","Income",2.52742882491404,-0.00249624019488692
5,26037,"Current_income","Income",0.733813901663499,3.66147105523851e-05
5,26038,"Current_income","Income",1.94199609468213,-0.00126323278527707
5,26039,"Current_income","Income",1.30015845146473,-0.000637849501799792
5,26040,"Current_income","Income",-0.123205049773673,0.000384016602765769
5,26041,"Current_income","Income",2.78907622862036,-0.00292417290620506
5,26042,"Current_income","Income",2.00442394584541,-0.00146753457374871
5,26043,"Current_income","Income",2.47240337990918,-0.00331914820708334
5,26044,"Current_income","Income",1.566790960678,-0.000476318207802251
5,26045,"Current_income","Income",0.247062068995942,-4.21722597820917e-06
5,26046,"Current_income","Income",1.58441657264729,-0.00100274581927806
5,26047,"Current_income","Income",1.01904429847095,-0.000570473668631166
5,26048,"Current_income","Income",2.51723793595679,-0.00393622927367687
5,26049,"Current_income","Income",-0.280781104730304,0.00038068470894359
5,26050,"Current_income","Income",0.690160295781362,3.30144757754169e-05
5,26051,"Current_income","Income",0.359776791083385,5.2626110118581e-05
5,26052,"Current_income","Income",1.66110077295435,-0.00087044428801164
5,26053,"Current_income","Income",0.0298318722560879,0.00029656186234206
5,26054,"Current_income","Income",1.08224129075059,-0.000455318164313212
5,26055,"Current_income","Income",2.00582280393821,-0.00214801821857691
5,26056,"Current_income","Income",0.0523059356084129,0.000266736140474677
5,26057,"Current_income","Income",0.582836024879247,3.16420373565052e-05
5,26058,"Current_income","Income",1.87834758979036,-0.0012377598322928
5,26059,"Current_income","Income",1.07321011516928,-0.000619735510554165
5,26060,"Current_income","Income",0.0271227965832971,0.000352016417309642
5,26061,"Current_income","Income",0.231583219446296,5.58305073354859e-05
5,26062,"Current_income","Income",0.717563140981456,2.12351351365214e-05
5,26063,"Current_income","Income",0.581820352336619,0.000197145389392972
5,26064,"Current_income","Income",1.77180538674607,-0.000852552242577076
5,26065,"Current_income","Income",1.02882153170175,-0.00041807844536379
5,26066,"Current_income","Income",1.48794614787116,-0.000441070034867153
5,26067,"Current_income","Income",0.704988191565051,3.45666485372931e-05
5,26068,"Current_income","Income",1.19799656709519,-0.000548721058294177
5,26069,"Current_income","Income",0.306927655335767,2.40916124312207e-05
5,26070,"Current_income","Income",0.913800309603872,-0.000159053786774166
5,26071,"Current_income","Income",-0.0744333776153676,0.000351080059772357
5,27002,"Current_income","Income",0.617994914950316,3.48475305145257e-06
5,27003,"Current_income","Income",-1.06275755202477,0.000587681541219354
5,27004,"Current_income","Income",1.66894453499946,-0.000866822199895978
5,27005,"Current_income","Income",0.369587264506493,1.25928063425818e-05
5,27006,"Current_income","Income",-0.0937228458772169,0.000348961679264903
5,27008,"Current_income","Income",0.00861908953397181,0.000248869095230475
5,27010,"Current_income","Income",0.206380690309004,9.90914850262925e-06
5,27013,"Current_income","Income",0.669154340922472,2.03102172235958e-05
5,27014,"Current_income","Income",1.41429603845053,-0.000495926709845662
5,27016,"Current_income","Income",0.633706445846091,3.00050178339006e-05
5,28001,"Current_income","Income",0.156417911259799,2.66675269813277e-05
5,28002,"Current_income","Income",0.418540834383796,5.05608877574559e-05
5,28003,"Current_income","Income",0.614267396718872,2.66366350842873e-06
5,28004,"Current_income","Income",-0.322051573491967,0.000408027583034709
5,28005,"Current_income","Income",-0.525703151675564,0.000536487204954028
5,28006,"Current_income","Income",-1.2214877803253,0.000623542000539601
5,28007,"Current_income","Income",1.0325859834802,-0.00090034760069102
5,28008,"Current_income","Income",-0.422764739480251,0.00044533092295751
5,28009,"Current_income","Income",1.81104081706777,-0.00169315561652184
5,28010,"Current_income","Income",0.192681928771018,9.32378534344025e-05
5,28011,"Current_income","Income",0.395276393125572,5.59712898393627e-05
5,28012,"Current_income","Income",0.401833944396246,5.7519537222106e-06
5,28013,"Current_income","Income",0.0465867758547438,0.00028241184190847
5,28014,"Current_income","Income",0.573175132321507,7.26612634025514e-05
5,28015,"Current_income","Income",0.939472818126799,-0.000351685448549688
5,28016,"Current_income","Income",-0.0228362891112074,0.000383548642275855
5,28017,"Current_income","Income",-0.492178571059451,0.000460141716757789
5,28018,"Current_income","Income",0.353040112109738,1.96403598238248e-05
5,28019,"Current_income","Income",0.139191181598159,5.39460779691581e-05
5,28020,"Current_income","Income",-0.183033702566493,0.000432654604082927
5,28021,"Current_income","Income",0.227292464623032,7.66028169891797e-05
5,28022,"Current_income","Income",1.58112948696388,-0.000920237507671118
5,28023,"Current_income","Income",-0.210134616019824,0.000402629550080746
5,28024,"Current_income","Income",0.821384264950181,-0.000337475968990475
5,28025,"Current_income","Income",1.64887761557317,-0.00147939287126064
5,28026,"Current_income","Income",-1.09818236363427,0.000619775906670839
5,28027,"Current_income","Income",1.60453704571674,-0.00136944442056119
5,28028,"Current_income","Income",-0.565427028156407,0.000445885583758354
5,28029,"Current_income","Income",-0.416099157584588,0.000522503920365125
5,28030,"Current_income","Income",0.0624405009064863,0.000261266075540334
5,28031,"Current_income","Income",-0.464682468653169,0.00046659487998113
5,28032,"Current_income","Income",1.96260039721735,-0.00209509092383087
5,28033,"Current_income","Income",1.15821082692312,-0.000582680746447295
5,28034,"Current_income","Income",-0.650678888029873,0.000532619014848024
5,28035,"Current_income","Income",0.372420990900424,1.04051960079232e-05
5,28036,"Current_income","Income",-1.07070195798547,0.000609552080277354
5,28037,"Current_income","Income",0.0979798065117035,3.63939034286886e-05
5,28038,"Current_income","Income",1.7748727178248,-0.00177608418744057
5,28039,"Current_income","Income",-0.27605176403636,0.000367792992619798
5,28040,"Current_income","Income",0.947376597185792,-0.000329039467032999
5,28041,"Current_income","Income",1.44182445771044,-0.000568246876355261
5,28042,"Current_income","Income",0.184843815711922,4.24717254645657e-05
5,28043,"Current_income","Income",1.09164457181798,-0.000522109563462436
5,30003,"Current_income","Income",0.120688397887508,1.36199178086827e-05
5,30012,"Current_income","Income",0.590294895967652,4.26426777266897e-05
5,30015,"Current_income","Income",-0.361717279636277,0.000470620405394584
5,30032,"Current_income","Income",-0.569510031777771,0.000433633744250983
5,30039,"Current_income","Income",0.663379780848296,4.80379048894974e-06
5,30045,"Current_income","Income",0.457619297130733,9.49962777667679e-05
5,30048,"Current_income","Income",-0.257802898461366,0.000355468568159267
5,30054,"Current_income","Income",-0.571758361451678,0.000455510511528701
5,30056,"Current_income","Income",-1.24411234788166,0.000622516963630915
5,30059,"Current_income","Income",0.111950844004885,1.46735283124144e-05
5,30061,"Current_income","Income",-1.6545049954558,0.000587042421102524
5,30070,"Current_income","Income",-0.771165351745767,0.000609450391493738
5,30072,"Current_income","Income",-0.832729881247806,0.000594437995459884
5,30073,"Current_income","Income",-0.303883961720383,0.000355942494934425
5,30076,"Current_income","Income",-1.44394038061161,0.000621169689111412
5,30077,"Current_income","Income",-0.0874247527742503,0.000351172318914905
5,30082,"Current_income","Income",0.10185044223779,1.42226654133992e-05
5,30089,"Current_income","Income",-0.0414840369938513,0.000397471216274425
5,30091,"Current_income","Income",-0.494664198772863,0.000430593237979338
5,30094,"Current_income","Income",-0.457642934594084,0.000448533101007342
5,30097,"Current_income","Income",0.793642554456319,-0.000278738472843543
5,30104,"Current_income","Income",-1.21411122764979,0.000611914554610848
5,30108,"Current_income","Income",0.593730497906941,7.88086472311988e-05
5,30111,"Current_income","Income",0.146718238477704,7.52873302189982e-06
5,30116,"Current_income","Income",0.0962116129488561,1.30959442685707e-05
5,30119,"Current_income","Income",-0.239033269873607,0.000359957892214879
5,30120,"Current_income","Income",-0.889199427940554,0.000593916629441082
5,30122,"Current_income","Income",-1.25555713075973,0.000613900600001216
5,30129,"Current_income","Income",-0.783291558566066,0.000612320436630398
5,30130,"Current_income","Income",-0.425272527321866,0.000442276941612363
5,30133,"Current_income","Income",-0.404919372906283,0.000444453879026696
5,30139,"Current_income","Income",-0.435064533971472,0.0004573488549795
5,30141,"Current_income","Income",-0.343324373227965,0.000349076901329681
5,30142,"Current_income","Income",-0.560738314364168,0.000445044483058155
5,30143,"Current_income","Income",-0.528637521985083,0.000442223070422187
5,30144,"Current_income","Income",-0.675961747631901,0.000502715120092034
5,30145,"Current_income","Income",-0.47658153415939,0.000429179752245545
5,30149,"Current_income","Income",-1.41065032801897,0.000598896469455212
5,30161,"Current_income","Income",-0.495701108105018,0.000459589995443821
5,30169,"Current_income","Income",-0.406317307660408,0.000454100576462224
5,30172,"Current_income","Income",-0.614585579219586,0.000497385277412832
5,30176,"Current_income","Income",-0.536205205766334,0.000437243084888905
5,30190,"Current_income","Income",-0.472473600393799,0.000464348850073293
5,30199,"Current_income","Income",-1.08950482676553,0.000592867669183761
5,30204,"Current_income","Income",0.349929384113272,3.62792088708375e-05
5,30205,"Current_income","Income",0.11247530037235,3.84655759262387e-05
5,30206,"Current_income","Income",0.989382043532847,-0.000607988855335861
5,30207,"Current_income","Income",0.538573015471533,8.11302197689656e-06
5,30208,"Current_income","Income",0.201236770549932,0.000100392746389844
5,30209,"Current_income","Income",-1.34323737134875,0.000612005533184856
5,30210,"Current_income","Income",-1.34230387594821,0.000598530808929354
5,30212,"Current_income","Income",-1.25664205370299,0.000606519402936101
5,31001,"Current_income","Income",-0.856439371747436,0.000613114971201867
5,31002,"Current_income","Income",0.397006729802739,3.66572544407973e-06
5,31003,"Current_income","Income",-0.707448519792034,0.000578799692448229
5,31004,"Current_income","Income",0.715117216831074,2.51600140472874e-05
5,31005,"Current_income","Income",-0.529798158699704,0.000436274276580662
5,31006,"Current_income","Income",-0.542079486417423,0.000431335269240662
5,31007,"Current_income","Income",-0.419979026697425,0.000423351215431467
5,31008,"Current_income","Income",-0.887456164521934,0.000624823907855898
5,31009,"Current_income","Income",-0.365302603711753,0.000479387817904353
5,31010,"Current_income","Income",-1.03064937293628,0.000922023318707943
5,31011,"Current_income","Income",-0.47184757677207,0.00043441608431749
5,31012,"Current_income","Income",-0.393734048195927,0.000472958403406665
5,31013,"Current_income","Income",1.02668769602356,-0.000540828157681972
5,31014,"Current_income","Income",-0.827773399239783,0.000636071199551225
5,31015,"Current_income","Income",-0.613364002152408,0.000498287030495703
5,31016,"Current_income","Income",-0.877471180089229,0.000612649018876255
5,31017,"Current_income","Income",-0.794002287197413,0.000613371259532869
5,31018,"Current_income","Income",-0.368838990837447,0.000446248566731811
5,31019,"Current_income","Income",-1.23433511465086,0.000603773805778474
5,31020,"Current_income","Income",0.270831576509455,3.12948614009656e-05
5,31021,"Current_income","Income",-0.879231986942676,0.000897841528058052
5,31022,"Current_income","Income",-1.39618438099593,0.000604839937295765
5,31023,"Current_income","Income",-0.12406006138683,0.000345715176081285
5,31024,"Current_income","Income",-0.641325467250947,0.000510176934767514
5,31025,"Current_income","Income",-0.930169811632803,0.00060423684772104
5,31026,"Current_income","Income",0.196880458680735,3.93356094718911e-05
5,31027,"Current_income","Income",-0.183912720985204,0.000373316841432825
5,31028,"Current_income","Income",-0.19390693880466,0.000374837225535884
5,31029,"Current_income","Income",-0.217168610046859,0.000370055029634386
5,31030,"Current_income","Income",-0.793394730349187,0.000607304507866502
5,31031,"Current_income","Income",-0.705720953130891,0.000598891172558069
5,31032,"Current_income","Income",-0.832070617433773,0.000611040857620537
5,31033,"Current_income","Income",-0.450623713985852,0.000430070009315386
5,31034,"Current_income","Income",-0.569683619448692,0.000430456857429817
5,31035,"Current_income","Income",-0.485551769388143,0.000430474057793617
5,31036,"Current_income","Income",-0.470789430650387,0.000433550449088216
5,31037,"Current_income","Income",-0.471495784736851,0.000436524220276624
5,31038,"Current_income","Income",-0.376916357567363,0.00043260891106911
5,31039,"Current_income","Income",0.0753340021658069,3.40362312272191e-05
5,31040,"Current_income","Income",-0.0108264229639729,0.000349467736668885
5,31041,"Current_income","Income",0.510926408861208,2.64942682406399e-05
5,31042,"Current_income","Income",-0.744888979729314,0.000625830900389701
5,31043,"Current_income","Income",-1.0186228866929,0.00061338854720816
5,31044,"Current_income","Income",-0.613912465325427,0.00049280741950497
5,31045,"Current_income","Income",-0.477358985323838,0.000454447552328929
5,31046,"Current_income","Income",-0.667023829256777,0.000495163956657052
5,31047,"Current_income","Income",-0.580360184549059,0.000429209903813899
5,31048,"Current_income","Income",-0.115952224480636,0.000339010672178119
5,31049,"Current_income","Income",-1.05413633881521,0.000606729474384338
5,31050,"Current_income","Income",2.49692540844291,-0.00276339240372181
5,31051,"Current_income","Income",0.315607962220533,3.98610063712113e-05
5,31052,"Current_income","Income",0.0542218633592787,0.000253610662184656
5,31053,"Current_income","Income",-0.071065038128544,0.000360569800250232
5,31054,"Current_income","Income",0.1369373118922,2.39833243540488e-05
5,31055,"Current_income","Income",-0.574775832241957,0.000432043656473979
5,31056,"Current_income","Income",-0.0150700875148062,0.000359743367880583
5,31057,"Current_income","Income",-0.55486957374513,0.000457616610219702
5,31058,"Current_income","Income",-0.399557545219884,0.000436846807133406
5,31059,"Current_income","Income",1.20704066941796,-0.000508468947373331
5,31060,"Current_income","Income",-0.815251080127859,0.000651134992949665
5,31061,"Current_income","Income",0.525822631706856,2.79308478638995e-05
5,31062,"Current_income","Income",-0.796811083447116,0.00061195541638881
5,31063,"Current_income","Income",0.396348389327382,1.39407711685635e-05
5,31064,"Current_income","Income",-0.671006188962553,0.000511212274432182
5,31065,"Current_income","Income",-0.0673310565263751,0.000374738563550636
5,31066,"Current_income","Income",-0.730941025703012,0.000588801631238312
5,31067,"Current_income","Income",-0.347559727730723,0.000340532773407176
5,31068,"Current_income","Income",0.0224165393562311,0.00029062811518088
5,31069,"Current_income","Income",-0.619336156703058,0.000498227833304554
5,31070,"Current_income","Income",-0.188279189579828,0.00037064214120619
5,31071,"Current_income","Income",-0.955013162025476,0.000610669259913266
5,31072,"Current_income","Income",-0.282567765066654,0.000406651641242206
5,31073,"Current_income","Income",-1.04651417805213,0.000901609484571964
5,31074,"Current_income","Income",-0.414706762862513,0.000476670800708234
5,31075,"Current_income","Income",-0.58732862153016,0.000427774677518755
5,31076,"Current_income","Income",-0.476113401451106,0.000432918866863474
5,31077,"Current_income","Income",-0.674332054870321,0.000515284074936062
5,31078,"Current_income","Income",-0.398886278003074,0.000447942846221849
5,31079,"Current_income","Income",-0.145155580097207,0.000347600056556985
5,31080,"Current_income","Income",-0.521124315185664,0.000430815445724875
5,31081,"Current_income","Income",-0.887567888501623,0.000607151305302978
5,31082,"Current_income","Income",0.0629815773701043,0.000291681615635753
5,31083,"Current_income","Income",0.563225234758457,1.60735398821998e-05
5,31084,"Current_income","Income",-0.26833634606709,0.000360114936484024
5,31085,"Current_income","Income",-1.16013377204118,0.000625410117208958
5,31086,"Current_income","Income",-0.941893442790752,0.00062989693833515
5,31087,"Current_income","Income",-0.336776978682718,0.000347279041307047
5,31088,"Current_income","Income",-0.998067521107463,0.000627245113719255
5,31089,"Current_income","Income",0.138125648767075,1.99929545487976e-05
5,31090,"Current_income","Income",-0.24001385554658,0.000341712759109214
5,31091,"Current_income","Income",-0.327277670393123,0.000350774265825748
5,31092,"Current_income","Income",-1.0667454517626,0.000603255757596344
5,31093,"Current_income","Income",0.287597560172212,2.65433118329383e-05
5,31094,"Current_income","Income",-0.834865563603349,0.000609816052019596
5,31095,"Current_income","Income",0.272417872353304,2.08249093702761e-05
5,31096,"Current_income","Income",-0.164716509929541,0.000342765677487478
5,31097,"Current_income","Income",-0.660191123060919,0.000511296326294541
5,31098,"Current_income","Income",-0.929241856264311,0.000605841458309442
5,31099,"Current_income","Income",-1.04000279371521,0.00060976785607636
5,31100,"Current_income","Income",0.131818322277357,1.49231891555246e-05
5,31101,"Current_income","Income",0.334452381240977,2.39903638430405e-05
5,31102,"Current_income","Income",0.161221119047752,2.09488243854139e-05
5,31103,"Current_income","Income",-0.784431881829835,0.0006261813105084
5,31104,"Current_income","Income",-1.4695251719604,0.000601667212322354
5,31105,"Current_income","Income",0.064629736905187,0.000267485360382125
5,31106,"Current_income","Income",0.0550953417459384,0.000279379484709352
5,32001,"Current_income","Income",0.607473470747369,2.38190386880888e-05
5,32002,"Current_income","Income",-0.362794815870138,0.000465331686427817
5,32003,"Current_income","Income",0.637997200669355,0.000143757075420581
5,32004,"Current_income","Income",-0.165879916660187,0.000446091929916292
5,32005,"Current_income","Income",1.07213904230615,-0.000427383027272299
5,32006,"Current_income","Income",0.244257889439615,1.24323214549804e-05
5,32008,"Current_income","Income",0.145043302121044,2.16748067032313e-05
5,32009,"Current_income","Income",0.316994816910557,1.47143164213048e-05
5,32010,"Current_income","Income",1.22831069913793,-0.000465369754238054
5,32011,"Current_income","Income",0.134767466005677,0.000179807320819236
5,32012,"Current_income","Income",-0.346826596822681,0.000330103561282158
5,32013,"Current_income","Income",0.692538816208461,1.44077803270193e-05
5,32015,"Current_income","Income",0.0506743961694823,0.0004089146386832
5,32016,"Current_income","Income",-0.0568899427881625,0.000333501899149269
5,32017,"Current_income","Income",1.5785349052868,-0.000639876874629408
5,32018,"Current_income","Income",0.239189683451903,8.72397868079133e-05
5,32019,"Current_income","Income",0.735989287582073,4.3976597225992e-05
5,32020,"Current_income","Income",1.21669786862099,-0.00047954308683984
5,32021,"Current_income","Income",-0.733640867989051,0.000581600412260741
5,32023,"Current_income","Income",1.12921429916977,-0.000597145117353648
5,32024,"Current_income","Income",0.614613648722041,3.7261052057147e-05
5,32025,"Current_income","Income",0.567987815644706,9.21163700695615e-06
5,32028,"Current_income","Income",-0.314398942552605,0.000399371929233894
5,32030,"Current_income","Income",1.00062738525709,-0.000539216096512973
5,32031,"Current_income","Income",0.725212078566118,0.000115394694148563
5,32032,"Current_income","Income",1.62343409504167,-0.000778334389906377
5,32033,"Current_income","Income",0.425876760157593,9.60926117841154e-05
5,32034,"Current_income","Income",0.713980586922006,6.03635853622109e-05
5,32035,"Current_income","Income",-0.434871556188372,0.000423047080403194
5,32036,"Current_income","Income",0.770761298748268,-0.00036980165168643
5,32037,"Current_income","Income",-0.0109723104746407,0.000329612870700657
5,32038,"Current_income","Income",-0.483180635670445,0.000418510317103937
5,32039,"Current_income","Income",0.810709546527164,-0.000378107477445155
5,32040,"Current_income","Income",-0.244609312132633,0.000324032153002918
5,32041,"Current_income","Income",-0.702022981737052,0.000598776270635426
5,32042,"Current_income","Income",0.669715730836942,2.30590248975204e-05
5,32043,"Current_income","Income",0.370432119394224,7.51086336094886e-05
5,32044,"Current_income","Income",-0.266699266596109,0.000363593484507874
5,32045,"Current_income","Income",0.264861268636155,2.58922009379603e-05
5,32046,"Current_income","Income",0.68783348232007,4.34836110798642e-05
5,32047,"Current_income","Income",1.04964835885767,-0.000529018638189882
5,32048,"Current_income","Income",1.06056683869092,-0.000547224772162735
5,32049,"Current_income","Income",0.30026669013348,4.35348956671078e-05
5,32050,"Current_income","Income",-0.0401165724160039,0.000358453253284097
5,32051,"Current_income","Income",-0.112371517098536,0.000335296295816079
5,32052,"Current_income","Income",0.1331525466629,1.63156209964654e-06
5,32053,"Current_income","Income",0.077701442528805,3.62082464562263e-05
5,32054,"Current_income","Income",-0.381617998101054,0.000434916146332398
5,32055,"Current_income","Income",0.432116682924027,5.19401619385462e-05
5,32056,"Current_income","Income",2.31408219064173,-0.00163572118617594
5,32057,"Current_income","Income",0.0767642537735621,1.36568432935746e-05
5,32058,"Current_income","Income",0.0297127615669979,0.00030907557811588
5,1001,"P_cell_phone","Cell phone",1.12282214070756,-0.00041848752880469
5,1002,"P_cell_phone","Cell phone",0.620117761118101,-0.000112636742414907
5,1003,"P_cell_phone","Cell phone",0.770882412155798,-0.000338912243023515
5,1004,"P_cell_phone","Cell phone",0.714744721833543,-0.000137219962198287
5,1005,"P_cell_phone","Cell phone",1.13690213509734,-0.000367255095625296
5,1006,"P_cell_phone","Cell phone",0.901058890530112,-0.000313732365611941
5,1007,"P_cell_phone","Cell phone",0.877502474300266,-0.000329269852954894
5,1008,"P_cell_phone","Cell phone",0.778519973103524,-0.000411492132116109
5,1009,"P_cell_phone","Cell phone",0.621648445062867,-0.000113515867269598
5,1010,"P_cell_phone","Cell phone",0.642800108486951,-9.17780489544384e-05
5,1011,"P_cell_phone","Cell phone",1.07596460837453,-0.000829676107969135
5,2001,"P_cell_phone","Cell phone",1.1225505312465,-0.00102787592913955
5,2002,"P_cell_phone","Cell phone",1.09128520162057,-0.000925748259760439
5,2003,"P_cell_phone","Cell phone",1.07028452942415,-0.000968644628301263
5,2004,"P_cell_phone","Cell phone",1.15690956494219,-0.00065663130953908
5,2005,"P_cell_phone","Cell phone",1.12346243715014,-0.000749885686673224
5,3001,"P_cell_phone","Cell phone",0.973286164881296,-0.000549258664250374
5,3002,"P_cell_phone","Cell phone",1.03414543296752,-0.000697515904903412
5,3003,"P_cell_phone","Cell phone",1.18391265523896,0.000187187091796659
5,3008,"P_cell_phone","Cell phone",1.19998663122776,-0.0008465142454952
5,4001,"P_cell_phone","Cell phone",0.221883123272387,0.000134966860059649
5,4002,"P_cell_phone","Cell phone",0.972774808040404,-0.000721647404134274
5,4003,"P_cell_phone","Cell phone",0.929143454865435,-0.000323725224006921
5,4004,"P_cell_phone","Cell phone",0.349169393353774,4.79658665426541e-05
5,4005,"P_cell_phone","Cell phone",0.00907647164933718,0.000286481197690591
5,4006,"P_cell_phone","Cell phone",-0.704245459396368,0.000305644993204623
5,4007,"P_cell_phone","Cell phone",0.280470140466612,0.000144636956974864
5,4008,"P_cell_phone","Cell phone",0.134059296109336,0.000208492812816985
5,4009,"P_cell_phone","Cell phone",0.35001288720834,3.3388383599231e-05
5,4010,"P_cell_phone","Cell phone",-0.461828096281324,0.00031465629581362
5,5001,"P_cell_phone","Cell phone",0.755409137130429,-0.000391016248613596
5,5003,"P_cell_phone","Cell phone",0.870731248815609,-0.000313292606733739
5,5004,"P_cell_phone","Cell phone",0.737775980342676,-0.000499357411172241
5,5005,"P_cell_phone","Cell phone",0.919962003085531,-0.000289814895950258
5,5006,"P_cell_phone","Cell phone",0.742798374475494,-0.0004595740174409
5,5007,"P_cell_phone","Cell phone",0.667764545123432,-0.00011377441114746
5,5008,"P_cell_phone","Cell phone",0.847415315749741,-0.000344948493875563
5,5009,"P_cell_phone","Cell phone",0.779943323441404,-0.00034469724050723
5,5010,"P_cell_phone","Cell phone",0.927768314812722,-0.000406211300287396
5,5012,"P_cell_phone","Cell phone",0.589112528449692,-0.000214130035601556
5,5013,"P_cell_phone","Cell phone",1.01943304524521,-0.000555621867533773
5,5014,"P_cell_phone","Cell phone",0.92021438471125,-0.000302934320643544
5,5015,"P_cell_phone","Cell phone",0.777423470783325,-0.000448447884991765
5,5016,"P_cell_phone","Cell phone",0.72784286812427,-0.000121719902381301
5,5018,"P_cell_phone","Cell phone",0.999199026184134,-0.000710010644979775
5,5019,"P_cell_phone","Cell phone",0.824284074905661,-0.000405444327043369
5,5021,"P_cell_phone","Cell phone",0.957444761282015,-0.000600305269472301
5,5022,"P_cell_phone","Cell phone",1.00704470236301,-0.000568589486647397
5,5025,"P_cell_phone","Cell phone",1.08931527644034,-0.000655849988106638
5,5026,"P_cell_phone","Cell phone",0.5242739836885,-2.19618377741426e-05
5,5027,"P_cell_phone","Cell phone",1.06892027941473,-0.00101618096232414
5,5028,"P_cell_phone","Cell phone",0.919884099202021,-0.000371224130503833
5,5029,"P_cell_phone","Cell phone",1.0659241433882,-0.000530850433278829
5,5030,"P_cell_phone","Cell phone",1.02487499784019,-0.000714197230990976
5,5033,"P_cell_phone","Cell phone",0.706814760595573,-0.000120817807328422
5,5034,"P_cell_phone","Cell phone",0.44648936235737,-7.30806932551786e-05
5,5037,"P_cell_phone","Cell phone",0.84233610309524,-0.000333614560076967
5,6001,"P_cell_phone","Cell phone",0.714171209846092,-0.000100524724985007
5,6002,"P_cell_phone","Cell phone",1.02089704984686,-0.000697600480634719
5,6003,"P_cell_phone","Cell phone",0.556558432931551,-0.000106630468508229
5,6004,"P_cell_phone","Cell phone",0.729404556830341,-0.000106983148725703
5,6005,"P_cell_phone","Cell phone",0.658536868690123,-0.000116953393444419
5,6006,"P_cell_phone","Cell phone",0.212112008386128,0.000171417108504102
5,6007,"P_cell_phone","Cell phone",1.02285900184238,-0.000623634143266827
5,6008,"P_cell_phone","Cell phone",0.527838044889105,-8.74542820383795e-05
5,6009,"P_cell_phone","Cell phone",0.791990837859727,-0.000382893485948443
5,6010,"P_cell_phone","Cell phone",1.16464116501604,-0.000659611367154866
5,7001,"P_cell_phone","Cell phone",0.397448573976391,2.09141835512128e-05
5,7003,"P_cell_phone","Cell phone",-0.248648987877932,0.000315654324367642
5,7006,"P_cell_phone","Cell phone",-0.249690514969017,0.000312882621074095
5,7008,"P_cell_phone","Cell phone",-0.33525641056303,0.000349828245816752
5,7009,"P_cell_phone","Cell phone",0.518682788448109,-0.000120300086564384
5,7010,"P_cell_phone","Cell phone",-0.132344591769324,0.000290921569103375
5,7011,"P_cell_phone","Cell phone",-0.812879768408938,0.000310333824018016
5,7012,"P_cell_phone","Cell phone",0.641742349253112,-0.000122588273370638
5,7013,"P_cell_phone","Cell phone",-0.596123912550506,0.000495581480208784
5,7015,"P_cell_phone","Cell phone",0.543919384741382,-9.99322510324419e-05
5,7017,"P_cell_phone","Cell phone",-0.0028005187716325,0.000295058387564495
5,7018,"P_cell_phone","Cell phone",-0.160618813774488,0.000272001168923452
5,7019,"P_cell_phone","Cell phone",0.491307699593713,-0.000118751042464282
5,7020,"P_cell_phone","Cell phone",-0.277454109347931,0.000314221164444461
5,7021,"P_cell_phone","Cell phone",-0.646180633793028,0.000305687543004751
5,7025,"P_cell_phone","Cell phone",-2.0051609577221,0.000259465858107433
5,7027,"P_cell_phone","Cell phone",0.665943504003322,-7.80673362896778e-05
5,7029,"P_cell_phone","Cell phone",0.200948015246232,0.000181229697773233
5,7030,"P_cell_phone","Cell phone",-0.136386883100599,0.000316496239975095
5,7032,"P_cell_phone","Cell phone",-0.312419062928361,0.000305088557070121
5,7033,"P_cell_phone","Cell phone",-1.78514091157118,0.000289261370198801
5,7034,"P_cell_phone","Cell phone",0.169735813724642,0.000226579271839
5,7035,"P_cell_phone","Cell phone",0.00198728996698611,0.000332717609126121
5,7036,"P_cell_phone","Cell phone",0.462063128854036,-7.80795162427239e-05
5,7037,"P_cell_phone","Cell phone",-0.161292225430662,0.000302552478387952
5,7040,"P_cell_phone","Cell phone",0.356079867082549,3.08541784761474e-05
5,7041,"P_cell_phone","Cell phone",-0.36581278753084,0.000498287146911025
5,7042,"P_cell_phone","Cell phone",-0.224699436814997,0.000283893285086378
5,7043,"P_cell_phone","Cell phone",0.0242505819879737,0.000312929740175605
5,7045,"P_cell_phone","Cell phone",-0.836362977401233,0.000316333782393485
5,7046,"P_cell_phone","Cell phone",-0.340233698500038,0.000305074849165976
5,7048,"P_cell_phone","Cell phone",0.209151405149657,0.000147036407724954
5,7051,"P_cell_phone","Cell phone",0.281633208806022,0.00017457538342569
5,7052,"P_cell_phone","Cell phone",-1.45774106618293,0.000515170802827924
5,7053,"P_cell_phone","Cell phone",-0.173365568390738,0.00034856956335716
5,7054,"P_cell_phone","Cell phone",0.181485067310117,0.000214505358599126
5,7055,"P_cell_phone","Cell phone",0.80902496890688,-0.000368233741028234
5,7057,"P_cell_phone","Cell phone",-0.214935268081428,0.000510420941282064
5,7058,"P_cell_phone","Cell phone",-1.41921121871761,0.00029491723398678
5,7060,"P_cell_phone","Cell phone",-2.42769769617983,0.00050635077059269
5,7061,"P_cell_phone","Cell phone",-0.166998515048786,0.000305017689242959
5,7062,"P_cell_phone","Cell phone",0.0231140867337954,0.000321086321491748
5,7063,"P_cell_phone","Cell phone",0.16557670571138,0.00016067385149654
5,7067,"P_cell_phone","Cell phone",-1.35757006008527,0.000297302583931014
5,7068,"P_cell_phone","Cell phone",0.150295825648054,0.000204722280614078
5,7069,"P_cell_phone","Cell phone",-0.00244599180266818,0.000295452889986336
5,7070,"P_cell_phone","Cell phone",-2.08922525200607,0.000470123835839331
5,7071,"P_cell_phone","Cell phone",-0.127068780219418,0.000299253850243986
5,7073,"P_cell_phone","Cell phone",-0.254367241652811,0.000290161289740354
5,7074,"P_cell_phone","Cell phone",0.674493202429606,-0.000125449732877314
5,7075,"P_cell_phone","Cell phone",-0.52467895904777,0.000356317905243486
5,7079,"P_cell_phone","Cell phone",0.171724265445955,0.000199983594939113
5,7080,"P_cell_phone","Cell phone",-0.165305683220805,0.000494016334414482
5,7083,"P_cell_phone","Cell phone",-0.361443506390147,0.0002986500330735
5,7084,"P_cell_phone","Cell phone",-0.765797761144185,0.000516577565576881
5,7085,"P_cell_phone","Cell phone",0.357926468489777,-7.76157889958995e-07
5,7086,"P_cell_phone","Cell phone",0.483830401082336,-6.21849540038966e-05
5,7087,"P_cell_phone","Cell phone",0.118832511509409,0.000237281725276262
5,7088,"P_cell_phone","Cell phone",-0.111274707687048,0.000288829847704619
5,7089,"P_cell_phone","Cell phone",0.746979224253253,-0.000381296442355961
5,7090,"P_cell_phone","Cell phone",-1.33637154516786,0.000296703394269571
5,7091,"P_cell_phone","Cell phone",-0.0960152135402334,0.000300698768114671
5,7092,"P_cell_phone","Cell phone",-1.45654669252753,0.000301844585919753
5,7097,"P_cell_phone","Cell phone",0.512905982898126,-0.000120169046567753
5,7099,"P_cell_phone","Cell phone",-0.124491541872712,0.000356109696440399
5,7101,"P_cell_phone","Cell phone",1.10206645890045,-0.000751264858990908
5,7102,"P_cell_phone","Cell phone",0.382100592479499,4.75845190521795e-05
5,7103,"P_cell_phone","Cell phone",-0.107095346448789,0.000309581606416032
5,7104,"P_cell_phone","Cell phone",0.156649976489486,0.000205251999432221
5,7105,"P_cell_phone","Cell phone",0.463264518189349,4.87654397147708e-05
5,7106,"P_cell_phone","Cell phone",-0.460418540253763,0.000312620890326798
5,7107,"P_cell_phone","Cell phone",-0.0204886157511603,0.000287507456960157
5,7108,"P_cell_phone","Cell phone",0.365984876616839,2.16784355870914e-05
5,7114,"P_cell_phone","Cell phone",-0.336197012595732,0.000377847405616194
5,7115,"P_cell_phone","Cell phone",-2.22198472470513,0.000546347931958735
5,7116,"P_cell_phone","Cell phone",-1.24362285687788,0.000375571456970647
5,7117,"P_cell_phone","Cell phone",-0.241800931528309,0.000528693723026663
5,7120,"P_cell_phone","Cell phone",-1.70166199653127,0.000518492597620934
5,7121,"P_cell_phone","Cell phone",-0.639180513744657,0.00030115109984763
5,7122,"P_cell_phone","Cell phone",0.142008590294666,0.000203887859242968
5,7124,"P_cell_phone","Cell phone",-0.293645828865855,0.000318231876008213
5,8001,"P_cell_phone","Cell phone",1.09219668050663,-0.000740247138310224
5,8002,"P_cell_phone","Cell phone",0.961008396012494,-0.000528859905898571
5,8004,"P_cell_phone","Cell phone",1.05988365010079,-0.00105640152469277
5,8005,"P_cell_phone","Cell phone",1.01916413530172,-0.000454208202427253
5,8006,"P_cell_phone","Cell phone",0.905186017116209,-0.000355930475052446
5,8008,"P_cell_phone","Cell phone",-2.58626067152607,0.000400611170334741
5,8009,"P_cell_phone","Cell phone",-0.136584095696916,0.000433882407378405
5,8010,"P_cell_phone","Cell phone",1.06103583277657,-0.000648758374154568
5,8011,"P_cell_phone","Cell phone",0.95006923693706,-0.000937445147428662
5,8012,"P_cell_phone","Cell phone",-0.965972087914172,0.000411733257351443
5,8013,"P_cell_phone","Cell phone",0.902120996583966,-0.00032862217631191
5,8015,"P_cell_phone","Cell phone",0.272931505806503,8.99235164979473e-05
5,8016,"P_cell_phone","Cell phone",0.98380132615407,-0.000543719681445509
5,8017,"P_cell_phone","Cell phone",1.11813250112153,-0.000637197867035866
5,8018,"P_cell_phone","Cell phone",0.88530613140148,-0.000270073389401659
5,8019,"P_cell_phone","Cell phone",1.15194041990202,-0.00040516970329918
5,8020,"P_cell_phone","Cell phone",-1.12391386709536,0.00040801617433317
5,8021,"P_cell_phone","Cell phone",1.10062060145118,-0.000702225894201547
5,8022,"P_cell_phone","Cell phone",0.0679466452980419,0.000280245585599914
5,8023,"P_cell_phone","Cell phone",0.993220432927649,-0.000520345522090793
5,8024,"P_cell_phone","Cell phone",0.791272298109404,-0.000370997935533524
5,8025,"P_cell_phone","Cell phone",0.947954828167641,-0.000235172308748588
5,8026,"P_cell_phone","Cell phone",0.540553651309937,-0.000217749271541834
5,8027,"P_cell_phone","Cell phone",-0.796246309055223,0.000424130266765133
5,8028,"P_cell_phone","Cell phone",0.890251773503347,-0.000308114977087826
5,8030,"P_cell_phone","Cell phone",-0.182812982050431,0.00040808628546074
5,8031,"P_cell_phone","Cell phone",0.718411220172741,-9.79658361757174e-05
5,8034,"P_cell_phone","Cell phone",0.811605253312348,-0.000433536566561088
5,8035,"P_cell_phone","Cell phone",0.90854647633304,-0.000242787777096964
5,8037,"P_cell_phone","Cell phone",1.10853257429971,-0.000691379129420966
5,8038,"P_cell_phone","Cell phone",0.962445574603118,-0.000549571996089071
5,8040,"P_cell_phone","Cell phone",0.869977859503354,-0.000325820583384484
5,8041,"P_cell_phone","Cell phone",-0.92716018602821,0.000496813037898391
5,8043,"P_cell_phone","Cell phone",0.739964857146433,-0.000419939926359802
5,8045,"P_cell_phone","Cell phone",1.04760633233774,-0.000664519495330751
5,8046,"P_cell_phone","Cell phone",-1.85388271511816,0.000391602981835604
5,8047,"P_cell_phone","Cell phone",-0.166842372237201,0.000281597021967173
5,8048,"P_cell_phone","Cell phone",1.03869912493637,-0.000498505425639451
5,8050,"P_cell_phone","Cell phone",1.08982877712848,-0.000650854548439384
5,8051,"P_cell_phone","Cell phone",0.185004330534011,0.00014539563562721
5,8052,"P_cell_phone","Cell phone",1.00936605972965,-0.000577320868615061
5,8053,"P_cell_phone","Cell phone",0.842319913654244,-0.000216135973460041
5,8054,"P_cell_phone","Cell phone",1.0454425586933,-0.00126167957205325
5,8055,"P_cell_phone","Cell phone",0.997881259228503,-0.000547557778190821
5,8057,"P_cell_phone","Cell phone",0.745973805878514,-0.000395890441723168
5,8061,"P_cell_phone","Cell phone",0.692083228799059,-0.000145840589539148
5,8062,"P_cell_phone","Cell phone",0.991270871559016,-0.000639887235593051
5,8063,"P_cell_phone","Cell phone",-0.0347394149844718,0.000355878699338064
5,8065,"P_cell_phone","Cell phone",-1.27794294547504,0.000414137175539508
5,8066,"P_cell_phone","Cell phone",-1.73332529121611,0.000376114679966122
5,10001,"P_cell_phone","Cell phone",0.757775003963178,-0.000372386712115258
5,10002,"P_cell_phone","Cell phone",-1.18137681798437,0.000298610364552587
5,10003,"P_cell_phone","Cell phone",0.432072497628244,-2.17313827306498e-05
5,10011,"P_cell_phone","Cell phone",0.507763429302085,-0.000110330329334829
5,10013,"P_cell_phone","Cell phone",0.628683253172929,-0.000118101481348276
5,10018,"P_cell_phone","Cell phone",0.731660792920591,-0.000499012705404311
5,10019,"P_cell_phone","Cell phone",-1.14032516343434,0.000313414289848879
5,10020,"P_cell_phone","Cell phone",0.523579377726269,-0.000104922379250638
5,10022,"P_cell_phone","Cell phone",0.52665944624866,-9.80296317720786e-05
5,10024,"P_cell_phone","Cell phone",0.500224906323498,-0.000123396443086676
5,10026,"P_cell_phone","Cell phone",-0.562752046060073,0.000318786653224379
5,10028,"P_cell_phone","Cell phone",0.762191998296775,-0.000433809851529077
5,10029,"P_cell_phone","Cell phone",0.835261482712483,-0.000340985803632066
5,10030,"P_cell_phone","Cell phone",-1.08695684856791,0.000247973570367321
5,10032,"P_cell_phone","Cell phone",0.73367406148046,-0.000380658428184688
5,10033,"P_cell_phone","Cell phone",0.245177441036658,0.000156605703523383
5,10034,"P_cell_phone","Cell phone",-0.0581562309544222,0.00041929297731258
5,10035,"P_cell_phone","Cell phone",0.0771675606196134,0.000233033875701949
5,10036,"P_cell_phone","Cell phone",0.78409136293992,-0.000398075149860233
5,10037,"P_cell_phone","Cell phone",-0.522149808355541,0.000437171082012355
5,10038,"P_cell_phone","Cell phone",0.910923584129943,-0.000418666895711794
5,10039,"P_cell_phone","Cell phone",0.945034395789144,-0.000302418950013816
5,11001,"P_cell_phone","Cell phone",0.410006958545053,1.99409478227608e-05
5,11003,"P_cell_phone","Cell phone",0.636299914347239,-6.21928193140775e-05
5,11004,"P_cell_phone","Cell phone",0.586964626720356,-0.000117550844151992
5,11005,"P_cell_phone","Cell phone",0.866886323916473,-0.000317650526994839
5,11006,"P_cell_phone","Cell phone",-0.94407927525364,0.000299945008009672
5,11007,"P_cell_phone","Cell phone",0.874904750606183,-0.000345162668963894
5,11008,"P_cell_phone","Cell phone",0.501207861383515,-9.91380074992776e-05
5,11009,"P_cell_phone","Cell phone",0.299047056479892,4.62413481727708e-05
5,11011,"P_cell_phone","Cell phone",0.623009283858744,-0.0001357781002298
5,11012,"P_cell_phone","Cell phone",0.579565756557674,-9.60435718297958e-05
5,11013,"P_cell_phone","Cell phone",0.43775334575773,6.78444994264282e-05
5,11014,"P_cell_phone","Cell phone",0.683382932220273,-9.37683071242645e-05
5,11015,"P_cell_phone","Cell phone",0.884822278872627,-0.000343768508173525
5,11016,"P_cell_phone","Cell phone",0.28207390080636,0.000143211873364635
5,11017,"P_cell_phone","Cell phone",0.7627784713628,-0.000247137650148943
5,11020,"P_cell_phone","Cell phone",0.99955371410588,-0.000620169914327562
5,11022,"P_cell_phone","Cell phone",0.582088677172853,-9.4854345661588e-05
5,11023,"P_cell_phone","Cell phone",0.266208243155799,0.000141976590384729
5,11024,"P_cell_phone","Cell phone",0.399887702245077,0.000130691987578757
5,11025,"P_cell_phone","Cell phone",0.804449454697149,-0.000357817654730752
5,11026,"P_cell_phone","Cell phone",0.19552864750174,0.000204853626200929
5,11027,"P_cell_phone","Cell phone",0.774445967504803,-0.000281657674349844
5,11029,"P_cell_phone","Cell phone",0.561169354563364,-0.000117746873002034
5,11030,"P_cell_phone","Cell phone",0.431681501167821,4.68695689050946e-05
5,11031,"P_cell_phone","Cell phone",0.679780144357062,-7.21112592145801e-05
5,11032,"P_cell_phone","Cell phone",0.928270016129103,-0.000327762798406184
5,11033,"P_cell_phone","Cell phone",0.661953504807345,-9.07720386749133e-05
5,11034,"P_cell_phone","Cell phone",0.443858274356103,6.05943896516692e-05
5,11035,"P_cell_phone","Cell phone",0.630334814846391,-0.00011409969010856
5,11037,"P_cell_phone","Cell phone",0.675973214168597,-0.000129324660520069
5,11040,"P_cell_phone","Cell phone",-0.169541329208768,0.00031618500361219
5,11042,"P_cell_phone","Cell phone",0.296356633290493,2.14981628232636e-05
5,11043,"P_cell_phone","Cell phone",-0.41272623288929,0.000299936888040975
5,11044,"P_cell_phone","Cell phone",0.747413895853124,-0.000383750186301768
5,11045,"P_cell_phone","Cell phone",-0.697954346751958,0.000298321538139135
5,12001,"P_cell_phone","Cell phone",0.781448588343329,-0.000396538962377235
5,12002,"P_cell_phone","Cell phone",-0.785121184917128,0.000305315770674497
5,12003,"P_cell_phone","Cell phone",-0.130363376353674,0.000294889265205711
5,12004,"P_cell_phone","Cell phone",-1.58245765503392,0.000284521462162957
5,12005,"P_cell_phone","Cell phone",0.150656150749359,0.000215539010241628
5,12006,"P_cell_phone","Cell phone",-0.360718666488093,0.00030245105153881
5,12007,"P_cell_phone","Cell phone",0.256402586926708,0.000139411946292967
5,12008,"P_cell_phone","Cell phone",-0.561194770416489,0.000317871803417802
5,12009,"P_cell_phone","Cell phone",-2.72175098572372,0.0002764965465758
5,12010,"P_cell_phone","Cell phone",-1.74850018387285,0.00027933661476709
5,12011,"P_cell_phone","Cell phone",0.199553414140884,0.000197948393179104
5,12012,"P_cell_phone","Cell phone",-0.603775642270124,0.000315541343297809
5,12013,"P_cell_phone","Cell phone",-0.565288185606751,0.000297303486149758
5,12014,"P_cell_phone","Cell phone",0.335256616312369,2.31582489504945e-05
5,12015,"P_cell_phone","Cell phone",-0.0121806700449763,0.000294530589599162
5,12016,"P_cell_phone","Cell phone",-1.07662652787816,0.000293327058898285
5,12017,"P_cell_phone","Cell phone",0.341960625397187,9.67292362474836e-06
5,12018,"P_cell_phone","Cell phone",0.367871293581512,2.08777764783008e-05
5,12019,"P_cell_phone","Cell phone",-0.967909655563295,0.000295767385978252
5,12020,"P_cell_phone","Cell phone",-0.709840250891253,0.000305000896332785
5,12021,"P_cell_phone","Cell phone",0.34532586775841,1.50005325849634e-05
5,12022,"P_cell_phone","Cell phone",-0.50026375571183,0.00029365366208367
5,12023,"P_cell_phone","Cell phone",-0.105518138390853,0.000311725569190457
5,12024,"P_cell_phone","Cell phone",-2.0487421352361,0.00025361540610902
5,12025,"P_cell_phone","Cell phone",-1.01468078088832,0.000291506934445351
5,12026,"P_cell_phone","Cell phone",-0.683387283514991,0.00032344285864383
5,12028,"P_cell_phone","Cell phone",0.146046692473956,0.000189840589882806
5,12029,"P_cell_phone","Cell phone",0.859946200386031,-0.000375740579329431
5,12030,"P_cell_phone","Cell phone",0.168128573191589,0.00020014718757011
5,12031,"P_cell_phone","Cell phone",-0.801188823527021,0.000298186991130933
5,12032,"P_cell_phone","Cell phone",-1.11258512673957,0.000314651231747121
5,12033,"P_cell_phone","Cell phone",-0.309050201866846,0.00031094320002012
5,12034,"P_cell_phone","Cell phone",-0.197185393701665,0.000282417400740087
5,12035,"P_cell_phone","Cell phone",0.775386265698072,-0.000380355777451769
5,12036,"P_cell_phone","Cell phone",-1.26296935164441,0.00030048270127736
5,12037,"P_cell_phone","Cell phone",-0.440921037835815,0.000292629119940102
5,12038,"P_cell_phone","Cell phone",1.05479280997647,-0.000576045247726142
5,12039,"P_cell_phone","Cell phone",-0.158688756160248,0.000277259794529527
5,12040,"P_cell_phone","Cell phone",-0.595539823118531,0.000300248531857505
5,12041,"P_cell_phone","Cell phone",-2.52991955166945,0.000260391418123618
5,12042,"P_cell_phone","Cell phone",-0.0771587258303385,0.000289944728137925
5,12043,"P_cell_phone","Cell phone",-2.58271847362574,0.000318991718813777
5,12044,"P_cell_phone","Cell phone",0.0080864489008557,0.000282950117252767
5,12045,"P_cell_phone","Cell phone",-0.437516928662624,0.000291244010441005
5,12047,"P_cell_phone","Cell phone",-0.263159128028656,0.000299731182167307
5,12048,"P_cell_phone","Cell phone",0.669422995466447,-0.000125213206047192
5,12050,"P_cell_phone","Cell phone",0.508487210966974,-0.000127253661048599
5,12051,"P_cell_phone","Cell phone",-0.536476281674135,0.000299060746328905
5,12052,"P_cell_phone","Cell phone",-1.02745563107172,0.00031348064658232
5,12053,"P_cell_phone","Cell phone",-0.438990759048365,0.000316242250846699
5,12054,"P_cell_phone","Cell phone",-1.3226601693273,0.000298053520964459
5,12055,"P_cell_phone","Cell phone",0.393188366265505,1.27782277559163e-05
5,12056,"P_cell_phone","Cell phone",-0.326399696348521,0.000296146317850798
5,12057,"P_cell_phone","Cell phone",0.109223565857246,0.000200517039047554
5,12058,"P_cell_phone","Cell phone",-0.114297493990458,0.000289380142930895
5,12059,"P_cell_phone","Cell phone",-0.526009283057645,0.000283804227365181
5,12061,"P_cell_phone","Cell phone",0.327796747782813,6.95623339197482e-06
5,12062,"P_cell_phone","Cell phone",-1.3070077642579,0.000304689747281373
5,12063,"P_cell_phone","Cell phone",-3.0489273843072,0.000372746028006077
5,12064,"P_cell_phone","Cell phone",-0.279780537274643,0.000299824081594124
5,12065,"P_cell_phone","Cell phone",-1.00034240746561,0.000296136393444613
5,12066,"P_cell_phone","Cell phone",0.16202787644696,0.000210320620681159
5,12067,"P_cell_phone","Cell phone",0.155087856933622,0.000189410930033773
5,12068,"P_cell_phone","Cell phone",0.615344307287245,-0.000109263688500505
5,12069,"P_cell_phone","Cell phone",-1.00580302565612,0.000301303778542206
5,12070,"P_cell_phone","Cell phone",-0.657786157639592,0.000319702463457361
5,12071,"P_cell_phone","Cell phone",-0.370983623377364,0.000298976403428242
5,12072,"P_cell_phone","Cell phone",-1.88563976534564,0.000290098745608702
5,12073,"P_cell_phone","Cell phone",-0.72588379913994,0.000291994831059128
5,12074,"P_cell_phone","Cell phone",-0.0583032115015509,0.000290763535303995
5,12075,"P_cell_phone","Cell phone",0.4969125643239,-0.000129499152535573
5,12076,"P_cell_phone","Cell phone",-3.01784164130565,0.000399040232878178
5,12077,"P_cell_phone","Cell phone",-0.332572111243743,0.000284665293293074
5,12078,"P_cell_phone","Cell phone",-2.7052517823406,0.000621220213361084
5,12079,"P_cell_phone","Cell phone",-1.78005996566326,0.000278985040495172
5,12080,"P_cell_phone","Cell phone",-0.497199461656937,0.000316758378176019
5,12081,"P_cell_phone","Cell phone",-2.26808091370222,0.000251905643381178
5,13006,"P_cell_phone","Cell phone",0.345587661289634,5.477378363139e-05
5,13012,"P_cell_phone","Cell phone",0.650617161896198,-9.31819377001375e-05
5,13014,"P_cell_phone","Cell phone",-0.362348578917534,0.000300945539493114
5,13015,"P_cell_phone","Cell phone",0.471576103399244,6.26340333838016e-05
5,13018,"P_cell_phone","Cell phone",0.0186401112833585,0.000306355446809903
5,13020,"P_cell_phone","Cell phone",-0.692736226919947,0.000303419539704919
5,13026,"P_cell_phone","Cell phone",-0.538382557693729,0.000292070559225976
5,13028,"P_cell_phone","Cell phone",-0.0523282259961875,0.000280820648185909
5,13029,"P_cell_phone","Cell phone",0.533645994254837,-0.000115733419079334
5,13030,"P_cell_phone","Cell phone",0.658144033864259,-0.000108180116512813
5,13031,"P_cell_phone","Cell phone",0.0408407746062374,0.000210118552786298
5,13032,"P_cell_phone","Cell phone",-0.382782027781608,0.000292492884909734
5,13033,"P_cell_phone","Cell phone",-0.0153166756809613,0.000300555286230519
5,13034,"P_cell_phone","Cell phone",-0.566102820189637,0.000301618594676256
5,13036,"P_cell_phone","Cell phone",0.00765757981299391,0.000298821396427229
5,13037,"P_cell_phone","Cell phone",-0.262712019267939,0.000302750733681023
5,13040,"P_cell_phone","Cell phone",-0.0464127191130683,0.000305020541418344
5,13042,"P_cell_phone","Cell phone",0.353859683867884,2.6503337721806e-05
5,13043,"P_cell_phone","Cell phone",-0.522571241862867,0.000302306259982288
5,13046,"P_cell_phone","Cell phone",-0.269037585661829,0.000291627395199612
5,13047,"P_cell_phone","Cell phone",-0.659437216198747,0.000325941189657897
5,13049,"P_cell_phone","Cell phone",-0.218619499694424,0.000302942760754377
5,13055,"P_cell_phone","Cell phone",0.622315726826885,-0.000116831899504177
5,13058,"P_cell_phone","Cell phone",0.281009401264205,0.000145619706017897
5,13059,"P_cell_phone","Cell phone",0.347833334169278,3.34793294314295e-05
5,13062,"P_cell_phone","Cell phone",-0.888727756055044,0.0003043454780709
5,13068,"P_cell_phone","Cell phone",-0.519306749373325,0.000299014878692105
5,13071,"P_cell_phone","Cell phone",-0.258633599511815,0.000313848024234176
5,13073,"P_cell_phone","Cell phone",-0.205882463560405,0.000287377508357167
5,13079,"P_cell_phone","Cell phone",-0.0961654470854141,0.000314266391796991
5,13080,"P_cell_phone","Cell phone",-0.752249265138775,0.000302352360449731
5,13081,"P_cell_phone","Cell phone",0.533618041026877,-0.000119294738397002
5,13084,"P_cell_phone","Cell phone",0.55855119972029,-9.94617439573631e-05
5,14001,"P_cell_phone","Cell phone",0.908441351720963,-0.000293138902634382
5,14002,"P_cell_phone","Cell phone",1.04392349345901,-0.000526582065504044
5,14003,"P_cell_phone","Cell phone",0.89927901499996,-0.000254160608164966
5,14004,"P_cell_phone","Cell phone",0.530820185140615,-0.000113856105599552
5,14005,"P_cell_phone","Cell phone",0.835986837225471,-0.000392295594792813
5,14006,"P_cell_phone","Cell phone",0.65746135428415,-7.34747809474356e-05
5,14007,"P_cell_phone","Cell phone",0.75836443330478,-0.000351862807292491
5,14008,"P_cell_phone","Cell phone",0.981166401564053,-0.000607147056143731
5,14009,"P_cell_phone","Cell phone",0.972740889705278,-0.000655099167488515
5,14010,"P_cell_phone","Cell phone",0.500856752197593,-0.000120850832900032
5,14011,"P_cell_phone","Cell phone",0.399049221467448,2.96592534141382e-05
5,14012,"P_cell_phone","Cell phone",0.814862786510197,-0.000426340557169169
5,14013,"P_cell_phone","Cell phone",0.83531287318373,-0.000279702100669965
5,14014,"P_cell_phone","Cell phone",0.128488619611286,0.000200802838662639
5,14015,"P_cell_phone","Cell phone",0.93368916051055,-0.000349875335814431
5,14016,"P_cell_phone","Cell phone",0.572732293260235,3.26839608533191e-06
5,14017,"P_cell_phone","Cell phone",0.450629134138521,5.91064708714839e-05
5,14018,"P_cell_phone","Cell phone",0.720522296562634,-1.4729027498106e-05
5,14019,"P_cell_phone","Cell phone",0.0487943969979966,0.00014997911057435
5,14020,"P_cell_phone","Cell phone",0.372687867428957,4.40605399489868e-05
5,14021,"P_cell_phone","Cell phone",0.521595631957708,-0.000114544338430278
5,14022,"P_cell_phone","Cell phone",0.861069517768092,-0.000364582141628489
5,14023,"P_cell_phone","Cell phone",0.937904816053567,-0.000369701010640711
5,14024,"P_cell_phone","Cell phone",0.765986575632994,-0.000328986556269228
5,14025,"P_cell_phone","Cell phone",0.858718554943922,-0.00035733002005145
5,14026,"P_cell_phone","Cell phone",0.759948552478066,-0.000285285495920107
5,14027,"P_cell_phone","Cell phone",-1.19672821945414,0.000294750527245924
5,14028,"P_cell_phone","Cell phone",0.581068976154866,-0.000119273172458634
5,14029,"P_cell_phone","Cell phone",0.739981729815563,-0.000373389746528119
5,14030,"P_cell_phone","Cell phone",1.00996564825753,-0.000601658190134913
5,14031,"P_cell_phone","Cell phone",0.138493150520518,0.000148876672028564
5,14032,"P_cell_phone","Cell phone",0.425449253444745,4.40764015365858e-05
5,14033,"P_cell_phone","Cell phone",0.586051181363583,-0.000109487918962259
5,14034,"P_cell_phone","Cell phone",0.355863488513696,2.97892729577143e-05
5,14035,"P_cell_phone","Cell phone",0.858931917016769,-0.000357481534592807
5,14036,"P_cell_phone","Cell phone",0.871126113069912,-0.000265150621999055
5,14037,"P_cell_phone","Cell phone",0.869473555569548,-0.000244996539549902
5,14038,"P_cell_phone","Cell phone",0.230701191848139,0.000177316047484055
5,14039,"P_cell_phone","Cell phone",1.03598211497527,-0.000654010160360485
5,14040,"P_cell_phone","Cell phone",0.530169167819399,-0.000115367722173687
5,14041,"P_cell_phone","Cell phone",0.360533232912543,0.000144231336889789
5,14042,"P_cell_phone","Cell phone",0.650421994604614,-9.13026160560548e-05
5,14043,"P_cell_phone","Cell phone",0.635051453440314,-9.95227092062123e-05
5,14044,"P_cell_phone","Cell phone",1.06899190613977,-0.000734936911612749
5,14045,"P_cell_phone","Cell phone",0.636430087372793,-0.00010170265159104
5,14046,"P_cell_phone","Cell phone",0.871038095986635,-0.000220679867197759
5,14047,"P_cell_phone","Cell phone",0.69935086496173,-4.18760682805441e-05
5,14048,"P_cell_phone","Cell phone",0.898139383356378,-0.000317374098813161
5,14049,"P_cell_phone","Cell phone",0.603726086237076,-9.49543318711221e-05
5,14050,"P_cell_phone","Cell phone",0.987394641891347,-0.000625716813374311
5,14051,"P_cell_phone","Cell phone",1.04426952004078,-0.000559225562028587
5,14052,"P_cell_phone","Cell phone",0.59724843479356,-0.000102713565865997
5,14053,"P_cell_phone","Cell phone",0.863019713641058,-0.000365225540008396
5,14054,"P_cell_phone","Cell phone",0.426283836318278,0.000133201130665839
5,14055,"P_cell_phone","Cell phone",0.887407191491749,-0.000336276250891387
5,14056,"P_cell_phone","Cell phone",-1.14867897958832,0.000323338230373338
5,14057,"P_cell_phone","Cell phone",0.733199277053213,-0.000266649789409712
5,14058,"P_cell_phone","Cell phone",0.69062877953702,-0.000113364381832071
5,14059,"P_cell_phone","Cell phone",0.786311724078579,-0.000346623186487705
5,14060,"P_cell_phone","Cell phone",0.632972915790278,-0.000104697974165902
5,14061,"P_cell_phone","Cell phone",-0.957045092080017,0.000423566525569186
5,14062,"P_cell_phone","Cell phone",0.286040432101377,-7.04883859725669e-06
5,14063,"P_cell_phone","Cell phone",0.923155894787157,-0.000238463093410246
5,14064,"P_cell_phone","Cell phone",0.730721242555552,-0.000385000690585002
5,14065,"P_cell_phone","Cell phone",0.431072863151926,4.07635961892083e-05
5,14066,"P_cell_phone","Cell phone",0.653649430179793,-0.000110842272988521
5,14067,"P_cell_phone","Cell phone",1.16802432788184,-0.000349999405443668
5,14068,"P_cell_phone","Cell phone",0.291965408920596,4.57717906101607e-05
5,14069,"P_cell_phone","Cell phone",0.0930286557515332,0.000231241996516474
5,14070,"P_cell_phone","Cell phone",1.06451410067008,-0.000614904740359634
5,14071,"P_cell_phone","Cell phone",0.409513383154301,3.91285357181914e-05
5,14072,"P_cell_phone","Cell phone",0.765322442302465,-0.000340458995196968
5,14073,"P_cell_phone","Cell phone",0.982543587468958,-0.000550195865798742
5,14074,"P_cell_phone","Cell phone",0.877040933440147,-0.000206107841222547
5,14075,"P_cell_phone","Cell phone",0.683042447012843,-0.000115678703878075
5,14076,"P_cell_phone","Cell phone",0.865713033980524,-0.000316627760184929
5,14077,"P_cell_phone","Cell phone",0.461476350306202,3.25327855534852e-05
5,14078,"P_cell_phone","Cell phone",0.868461247430338,-0.000267174531472847
5,14079,"P_cell_phone","Cell phone",0.608281721683382,-0.000119389587780461
5,14080,"P_cell_phone","Cell phone",-0.241720267906802,0.000326132139889523
5,14081,"P_cell_phone","Cell phone",-0.612443594456801,0.000317489844746888
5,14082,"P_cell_phone","Cell phone",0.827898281657019,-0.000366800581105053
5,14083,"P_cell_phone","Cell phone",0.971958476336353,-0.000573813449591398
5,14084,"P_cell_phone","Cell phone",0.344393072483066,3.12181691697333e-05
5,14085,"P_cell_phone","Cell phone",0.566523188247804,-9.34470735955983e-05
5,14086,"P_cell_phone","Cell phone",0.749984490791657,-0.000347204389981925
5,14087,"P_cell_phone","Cell phone",0.634068374107231,-9.48327506193891e-05
5,14088,"P_cell_phone","Cell phone",0.74254171610444,-0.0003682634269353
5,14089,"P_cell_phone","Cell phone",0.428183811091224,0.000117934607260395
5,14090,"P_cell_phone","Cell phone",0.49383743716139,8.64960384205915e-06
5,14091,"P_cell_phone","Cell phone",0.611619645868436,-9.48833258007653e-05
5,14092,"P_cell_phone","Cell phone",0.616037557742378,-9.77926392806694e-05
5,14093,"P_cell_phone","Cell phone",1.03257410570815,-0.000797325978055596
5,14094,"P_cell_phone","Cell phone",0.869579963424209,-0.000307497859466821
5,14095,"P_cell_phone","Cell phone",0.545783921982031,-0.000105323932075407
5,14096,"P_cell_phone","Cell phone",0.683580725122536,-9.93397989077494e-05
5,14097,"P_cell_phone","Cell phone",1.17796770439855,6.89875450916588e-05
5,14098,"P_cell_phone","Cell phone",1.08250921398529,-0.000805766438134015
5,14099,"P_cell_phone","Cell phone",0.325911355112882,2.47020907409023e-05
5,14100,"P_cell_phone","Cell phone",0.649029351758107,-9.33805640670471e-05
5,14101,"P_cell_phone","Cell phone",1.10785007045377,-0.000610789633356035
5,14102,"P_cell_phone","Cell phone",0.909665382842449,-0.000277838029433042
5,14103,"P_cell_phone","Cell phone",0.437034204350582,0.000109660548332613
5,14104,"P_cell_phone","Cell phone",0.562069897967074,-8.23609880171716e-05
5,14105,"P_cell_phone","Cell phone",0.858876005086263,-0.000229898971156217
5,14106,"P_cell_phone","Cell phone",0.524055439374058,-0.000117845287604723
5,14107,"P_cell_phone","Cell phone",0.776391443191097,-0.000341592589393258
5,14108,"P_cell_phone","Cell phone",0.903307597424432,-0.000328468187944964
5,14109,"P_cell_phone","Cell phone",0.7693826557807,-0.000332206982420757
5,14110,"P_cell_phone","Cell phone",0.581037618282865,-1.5547910152236e-05
5,14111,"P_cell_phone","Cell phone",0.972720088474382,-0.000869618786964566
5,14112,"P_cell_phone","Cell phone",0.562586807131468,-0.000110263412352651
5,14113,"P_cell_phone","Cell phone",0.704089025789316,-0.000115966278826818
5,14114,"P_cell_phone","Cell phone",0.838035996065769,-0.000314711884129792
5,14115,"P_cell_phone","Cell phone",0.704589452622448,-8.81859086803161e-05
5,14116,"P_cell_phone","Cell phone",0.75045098943541,-0.000267005147179589
5,14117,"P_cell_phone","Cell phone",0.705555901810491,-8.91683084773831e-05
5,14118,"P_cell_phone","Cell phone",0.672714032025925,-0.000101633944723289
5,14119,"P_cell_phone","Cell phone",0.83166069964208,-0.00036960982833989
5,14120,"P_cell_phone","Cell phone",1.17932481062278,0.000100374047178775
5,14121,"P_cell_phone","Cell phone",0.787721291055308,-0.000361661339411512
5,14122,"P_cell_phone","Cell phone",0.147149415564411,0.000202776252990589
5,14123,"P_cell_phone","Cell phone",0.694488836734905,-9.95046430034563e-05
5,14124,"P_cell_phone","Cell phone",0.998815045403624,-0.000611737777944654
5,14125,"P_cell_phone","Cell phone",0.926610521782842,-0.000288800220005214
5,15105,"P_cell_phone","Cell phone",0.450770297392264,2.88687169813784e-05
5,16001,"P_cell_phone","Cell phone",0.710500440783601,-0.000119034579256549
5,16002,"P_cell_phone","Cell phone",0.620565478652604,-9.1255278675817e-05
5,16004,"P_cell_phone","Cell phone",0.542468030261905,-0.000116298047942109
5,16006,"P_cell_phone","Cell phone",0.947275404322876,-0.000341586157446727
5,16008,"P_cell_phone","Cell phone",-1.09557638626742,0.000406188919441774
5,16009,"P_cell_phone","Cell phone",0.5431915009704,-0.000119608841487207
5,16010,"P_cell_phone","Cell phone",0.635194789556606,-0.000120292723295279
5,16011,"P_cell_phone","Cell phone",0.265978324844801,0.000247068324824795
5,16012,"P_cell_phone","Cell phone",0.944909455371362,-0.000315757642965764
5,16014,"P_cell_phone","Cell phone",0.718419921477191,-9.96771705104038e-05
5,16015,"P_cell_phone","Cell phone",0.705708038321211,-9.08130459720269e-05
5,16016,"P_cell_phone","Cell phone",0.483069363775669,4.03558842663188e-05
5,16019,"P_cell_phone","Cell phone",0.47658288949193,5.49499964108691e-05
5,16021,"P_cell_phone","Cell phone",-0.199856488323373,0.000282488443190232
5,16023,"P_cell_phone","Cell phone",0.490636560437525,-9.78415264398791e-05
5,16024,"P_cell_phone","Cell phone",0.194767224784332,0.000238283610087819
5,16025,"P_cell_phone","Cell phone",0.181473550974367,0.000235162529861555
5,16026,"P_cell_phone","Cell phone",0.271789988168594,0.000159667586558498
5,16027,"P_cell_phone","Cell phone",0.817949926005803,-0.000390051602153108
5,16028,"P_cell_phone","Cell phone",0.400253537515583,4.08807463827543e-05
5,16029,"P_cell_phone","Cell phone",0.352701504332345,2.10960261028958e-05
5,16030,"P_cell_phone","Cell phone",0.130401176621565,0.000232687874813564
5,16032,"P_cell_phone","Cell phone",0.347870845474148,2.37280401051976e-05
5,16033,"P_cell_phone","Cell phone",0.896940304843141,-0.00029471778543666
5,16035,"P_cell_phone","Cell phone",0.364926688175583,1.83374904736411e-05
5,16036,"P_cell_phone","Cell phone",0.771083200750647,-0.000301278167171404
5,16037,"P_cell_phone","Cell phone",0.627220619954667,-9.64211430982687e-05
5,16039,"P_cell_phone","Cell phone",0.698232083820305,-0.000119785850984044
5,16042,"P_cell_phone","Cell phone",0.591807857414175,-0.000101986443041824
5,16043,"P_cell_phone","Cell phone",0.771544787597274,-0.000204784984816797
5,16044,"P_cell_phone","Cell phone",0.559564006046681,-9.43756313063204e-05
5,16045,"P_cell_phone","Cell phone",0.641260677251226,-0.000103688900708221
5,16048,"P_cell_phone","Cell phone",0.308404356290481,2.11162259802222e-05
5,16051,"P_cell_phone","Cell phone",0.810357708850851,-0.000212184895644896
5,16052,"P_cell_phone","Cell phone",1.10995858473816,-0.000609290495049208
5,16053,"P_cell_phone","Cell phone",1.0919012002152,-0.000642778468318284
5,16054,"P_cell_phone","Cell phone",0.358667337427503,4.11541950597893e-05
5,16055,"P_cell_phone","Cell phone",0.849006820684846,-0.000363995641237125
5,16056,"P_cell_phone","Cell phone",-0.412081939452637,0.000291171454591677
5,16058,"P_cell_phone","Cell phone",0.841948090830777,-0.000231195212109014
5,16059,"P_cell_phone","Cell phone",0.769841981623969,-0.000343826861353591
5,16060,"P_cell_phone","Cell phone",0.228344504251058,0.0002521364367567
5,16062,"P_cell_phone","Cell phone",0.605965323742755,-0.000100788412964903
5,16063,"P_cell_phone","Cell phone",0.493110247020253,-0.000120325232273899
5,16064,"P_cell_phone","Cell phone",0.748162182305257,-0.000376537733245641
5,16065,"P_cell_phone","Cell phone",0.368287845401926,1.01516061477014e-05
5,16066,"P_cell_phone","Cell phone",0.750066722881596,-0.000394330243580043
5,16067,"P_cell_phone","Cell phone",0.240168951800763,0.000164518743986264
5,16068,"P_cell_phone","Cell phone",0.682263406535368,-0.00010961115185637
5,16069,"P_cell_phone","Cell phone",0.739568071860464,-0.000289026414975524
5,16070,"P_cell_phone","Cell phone",0.646818322596022,-6.02035506744869e-05
5,16071,"P_cell_phone","Cell phone",0.645267053118986,1.95641587197315e-06
5,16073,"P_cell_phone","Cell phone",0.521330422285817,-0.000120558659546077
5,16074,"P_cell_phone","Cell phone",0.564842910736775,2.1541982277995e-06
5,16075,"P_cell_phone","Cell phone",0.45550046970629,3.87873624276835e-05
5,16076,"P_cell_phone","Cell phone",0.765300407100244,-0.000200740498257801
5,16077,"P_cell_phone","Cell phone",0.233318839197239,0.000158896262291819
5,16079,"P_cell_phone","Cell phone",0.461962768225306,2.83623667201027e-05
5,16082,"P_cell_phone","Cell phone",0.90803131739328,-0.000293136661639437
5,16083,"P_cell_phone","Cell phone",0.64163600107142,-0.000115685012133326
5,16084,"P_cell_phone","Cell phone",0.504410912064847,-0.000125098275020719
5,16085,"P_cell_phone","Cell phone",0.398197794940083,3.71310998161789e-05
5,16086,"P_cell_phone","Cell phone",0.408082459276358,0.000107017811387777
5,16087,"P_cell_phone","Cell phone",0.924079556265883,-0.000335745076881722
5,16089,"P_cell_phone","Cell phone",0.811617269477653,-0.000238611275563017
5,16090,"P_cell_phone","Cell phone",0.614989877218426,-0.000129234089399688
5,16091,"P_cell_phone","Cell phone",0.335316511003027,3.54113217326812e-05
5,16094,"P_cell_phone","Cell phone",0.564169551636611,-9.69426182564348e-05
5,16095,"P_cell_phone","Cell phone",0.573247950934634,-0.000108883330540266
5,16096,"P_cell_phone","Cell phone",0.388011118585728,3.81942591047846e-05
5,16097,"P_cell_phone","Cell phone",0.266338549761212,0.000149055282236077
5,16100,"P_cell_phone","Cell phone",0.311194730609698,2.32296260946896e-05
5,16102,"P_cell_phone","Cell phone",1.01225188616522,-0.000506226846482605
5,16103,"P_cell_phone","Cell phone",0.638146185637028,-3.39871689902793e-07
5,16104,"P_cell_phone","Cell phone",0.219783539677531,0.000270390883088112
5,16105,"P_cell_phone","Cell phone",0.619228538060019,-8.78243554325309e-06
5,16106,"P_cell_phone","Cell phone",0.439323798178514,3.2206873584073e-05
5,16107,"P_cell_phone","Cell phone",0.639672840287673,-0.000125148813822307
5,16108,"P_cell_phone","Cell phone",0.812792075326023,-0.000209032179554924
5,16109,"P_cell_phone","Cell phone",0.197549356021813,0.000210030513699166
5,16111,"P_cell_phone","Cell phone",0.842017550167845,-0.000319828541250899
5,16113,"P_cell_phone","Cell phone",0.397087885362682,3.52691386069637e-05
5,17003,"P_cell_phone","Cell phone",0.631410498964481,-0.000103360638604499
5,17017,"P_cell_phone","Cell phone",0.599883889870806,-0.000121865392429754
5,17025,"P_cell_phone","Cell phone",0.347540147728714,1.49789575516479e-05
5,18002,"P_cell_phone","Cell phone",0.694689407441294,-0.000117709481855854
5,18003,"P_cell_phone","Cell phone",0.421904068063702,4.47418169642333e-05
5,18004,"P_cell_phone","Cell phone",0.884210790240633,-0.000354903633706272
5,18006,"P_cell_phone","Cell phone",0.900234978169038,-0.000353511655703187
5,18007,"P_cell_phone","Cell phone",0.544763812560047,-0.000113107525976375
5,18008,"P_cell_phone","Cell phone",1.0674205854499,-0.000560958404093981
5,18009,"P_cell_phone","Cell phone",-1.87544915167018,0.00044275022810325
5,18010,"P_cell_phone","Cell phone",0.253275591361733,0.000172662184922956
5,18011,"P_cell_phone","Cell phone",0.313671430403681,2.97931273962604e-05
5,18012,"P_cell_phone","Cell phone",0.657001855991471,-9.52903210418299e-05
5,18013,"P_cell_phone","Cell phone",0.490886581422449,-9.3656635726802e-05
5,18014,"P_cell_phone","Cell phone",0.55881016562867,-9.28699228097685e-05
5,18015,"P_cell_phone","Cell phone",0.600295407263403,-0.000114294154627714
5,18017,"P_cell_phone","Cell phone",1.06300457873133,-0.000580584688577801
5,18018,"P_cell_phone","Cell phone",0.6396547259828,-0.000115509603347164
5,18019,"P_cell_phone","Cell phone",-0.197267336733548,0.000412809109548107
5,18020,"P_cell_phone","Cell phone",1.14760700988071,-0.000455991976195946
5,19001,"P_cell_phone","Cell phone",1.06408839972421,-0.000673764210660011
5,19002,"P_cell_phone","Cell phone",0.666456369092217,-0.000140953532536514
5,19003,"P_cell_phone","Cell phone",0.913922272407729,-0.000454546097898856
5,19004,"P_cell_phone","Cell phone",1.01243050652545,-0.000439194031059742
5,19005,"P_cell_phone","Cell phone",0.911914724241101,-0.000310649367747828
5,19006,"P_cell_phone","Cell phone",1.21996147306149,-0.00137792900204659
5,19007,"P_cell_phone","Cell phone",0.149850776973448,0.000202350624022074
5,19008,"P_cell_phone","Cell phone",0.765218040335529,-0.000397980795241892
5,19009,"P_cell_phone","Cell phone",1.0285385650869,-0.00042247588862665
5,19010,"P_cell_phone","Cell phone",1.16087316350234,-0.000792535312939435
5,19011,"P_cell_phone","Cell phone",0.923138744556599,-0.000358038843842223
5,19012,"P_cell_phone","Cell phone",1.10927305563687,-0.000642265134956688
5,19013,"P_cell_phone","Cell phone",0.770448949344164,-0.00044018859625794
5,19014,"P_cell_phone","Cell phone",0.0658685959809342,0.000217154112760909
5,19015,"P_cell_phone","Cell phone",0.864468031916025,-0.000400085467845201
5,19016,"P_cell_phone","Cell phone",0.946861297999315,-0.000297242135275155
5,19017,"P_cell_phone","Cell phone",0.166287264612561,0.000195503380382434
5,19018,"P_cell_phone","Cell phone",1.1937200918029,-0.00100865005515516
5,19019,"P_cell_phone","Cell phone",1.18561872461203,-0.00175634201150388
5,19020,"P_cell_phone","Cell phone",0.985989817547085,-0.000552255951333791
5,19021,"P_cell_phone","Cell phone",1.14105998340873,-0.000383043749025092
5,19022,"P_cell_phone","Cell phone",0.905183647168621,-0.000446869351435453
5,19023,"P_cell_phone","Cell phone",0.863385750923729,-0.000419297226471826
5,19024,"P_cell_phone","Cell phone",0.221601919054705,0.000147213155287318
5,19025,"P_cell_phone","Cell phone",1.18277870128686,-0.000539332104381174
5,19026,"P_cell_phone","Cell phone",1.00175046007726,-0.00123387516941875
5,19027,"P_cell_phone","Cell phone",0.690381623402114,-0.000236196268815547
5,19028,"P_cell_phone","Cell phone",0.951578144079988,-0.000576462422031909
5,19029,"P_cell_phone","Cell phone",0.853356275618125,-0.000372748501831666
5,19030,"P_cell_phone","Cell phone",-0.533587291476238,0.000300557992886752
5,19031,"P_cell_phone","Cell phone",1.17390970210495,-0.000395889743231237
5,19032,"P_cell_phone","Cell phone",0.90336300295588,-0.000340271275490522
5,19033,"P_cell_phone","Cell phone",0.93681052820276,-0.000361014943337068
5,19034,"P_cell_phone","Cell phone",1.20017090738113,-0.000778851564973593
5,19035,"P_cell_phone","Cell phone",0.933934611859874,-0.000454388296930119
5,19036,"P_cell_phone","Cell phone",-0.305077426808318,0.000308913527987897
5,19037,"P_cell_phone","Cell phone",0.755781891180704,-0.000380214012693614
5,19038,"P_cell_phone","Cell phone",0.950518481333152,-0.000641931314021349
5,19039,"P_cell_phone","Cell phone",0.960160819760339,-0.00116917630657554
5,19040,"P_cell_phone","Cell phone",0.7303401129386,-0.000406936858780682
5,19041,"P_cell_phone","Cell phone",1.16925733075225,-0.000449971470516175
5,19042,"P_cell_phone","Cell phone",0.865692384943074,-0.000443880446255207
5,19043,"P_cell_phone","Cell phone",-0.638353965371193,0.000307157199131325
5,19044,"P_cell_phone","Cell phone",0.88385477473217,-0.000305626221233979
5,19045,"P_cell_phone","Cell phone",1.0982611513788,-0.000782961840741336
5,19046,"P_cell_phone","Cell phone",1.01340453199085,-0.00113359338138252
5,19047,"P_cell_phone","Cell phone",0.904967746530987,-0.000325614353641868
5,19048,"P_cell_phone","Cell phone",1.0515147366854,-0.000729782972484827
5,19049,"P_cell_phone","Cell phone",0.905337890846878,-0.000357793614966795
5,19050,"P_cell_phone","Cell phone",0.59134575048203,-0.000235746119869873
5,19051,"P_cell_phone","Cell phone",0.286961742793561,-2.79561063507572e-05
5,20001,"P_cell_phone","Cell phone",-1.72198873643854,0.000250839540967718
5,20002,"P_cell_phone","Cell phone",0.217169321608102,0.000152395514305681
5,20003,"P_cell_phone","Cell phone",-2.66097776715513,0.00028512385324575
5,20004,"P_cell_phone","Cell phone",-2.14814861671683,0.00015496977721341
5,20005,"P_cell_phone","Cell phone",0.0890825873580969,0.000194128151633777
5,20006,"P_cell_phone","Cell phone",0.546422618203589,-0.000115258982987143
5,20007,"P_cell_phone","Cell phone",-0.142319071042394,0.00032111196196638
5,20009,"P_cell_phone","Cell phone",-0.637773203939076,0.000300469138892367
5,20010,"P_cell_phone","Cell phone",0.455319813895582,1.23222826005076e-05
5,20011,"P_cell_phone","Cell phone",-2.37423764808222,0.000273435289273039
5,20013,"P_cell_phone","Cell phone",0.522654232087711,-9.11826500669122e-05
5,20014,"P_cell_phone","Cell phone",0.865509705725971,-0.000340474944096059
5,20016,"P_cell_phone","Cell phone",-3.17438451800052,0.000618879683315754
5,20018,"P_cell_phone","Cell phone",-0.473331768769826,0.0003086926008109
5,20019,"P_cell_phone","Cell phone",-1.13996798567161,0.000296952144708484
5,20020,"P_cell_phone","Cell phone",-0.333114444925561,0.000320464256219566
5,20022,"P_cell_phone","Cell phone",-2.0007870160677,0.000213795006857254
5,20023,"P_cell_phone","Cell phone",0.814808855284329,-0.000370207213563845
5,20024,"P_cell_phone","Cell phone",-2.44200413470934,0.000252573343459517
5,20025,"P_cell_phone","Cell phone",0.705581272676989,-0.000125653488794342
5,20026,"P_cell_phone","Cell phone",-0.280992788185411,0.000309807655867189
5,20027,"P_cell_phone","Cell phone",-2.7881264395796,0.00025435839779675
5,20029,"P_cell_phone","Cell phone",-2.05017115395867,0.000260840723058209
5,20030,"P_cell_phone","Cell phone",0.919453592118506,-0.000282629713183269
5,20031,"P_cell_phone","Cell phone",-0.192676679275901,0.000285363174043596
5,20032,"P_cell_phone","Cell phone",-1.6854406573219,0.000219073132029735
5,20033,"P_cell_phone","Cell phone",0.753369177234304,-0.000427598803071305
5,20034,"P_cell_phone","Cell phone",-1.21036736855522,0.000165081059094518
5,20035,"P_cell_phone","Cell phone",1.05585594196744,-0.000575315032619983
5,20036,"P_cell_phone","Cell phone",-1.07350903673917,0.000293723947834224
5,20037,"P_cell_phone","Cell phone",-1.51025456411187,0.00029742214246653
5,20038,"P_cell_phone","Cell phone",-1.84525905012947,0.00021288167044986
5,20039,"P_cell_phone","Cell phone",0.632856850221272,-0.000118257696158253
5,20040,"P_cell_phone","Cell phone",-3.04475429749012,0.000262997287791222
5,20041,"P_cell_phone","Cell phone",-1.1865035051399,0.000289099058136344
5,20042,"P_cell_phone","Cell phone",-0.0107304783672275,0.000281286746030673
5,20043,"P_cell_phone","Cell phone",0.583295648394423,-0.000124842976219952
5,20044,"P_cell_phone","Cell phone",0.362405729103996,2.04287152882898e-05
5,20045,"P_cell_phone","Cell phone",1.06989333806852,-0.000585177622269839
5,20046,"P_cell_phone","Cell phone",-1.3902852222562,0.000308533839415759
5,20047,"P_cell_phone","Cell phone",-0.404033231741679,0.000333202857291326
5,20048,"P_cell_phone","Cell phone",-1.13268816417898,0.000504409661516547
5,20049,"P_cell_phone","Cell phone",0.235249447554669,0.00013432432024274
5,20050,"P_cell_phone","Cell phone",-2.04268434554673,0.000265720242168754
5,20051,"P_cell_phone","Cell phone",0.201835287162433,0.000193579820916057
5,20052,"P_cell_phone","Cell phone",-0.072768570646776,0.000291905569611117
5,20053,"P_cell_phone","Cell phone",0.48008819526289,0.000121617747936398
5,20054,"P_cell_phone","Cell phone",-0.347883648432266,0.000323383137583733
5,20055,"P_cell_phone","Cell phone",-0.164456447074659,0.000285378802800551
5,20057,"P_cell_phone","Cell phone",0.262993984905278,0.000149584069731645
5,20058,"P_cell_phone","Cell phone",-2.8519436354729,0.000271830649580806
5,20060,"P_cell_phone","Cell phone",-0.967926759807344,0.000301169813610613
5,20062,"P_cell_phone","Cell phone",-0.663045827377387,0.000298632046906278
5,20063,"P_cell_phone","Cell phone",0.760186284663382,-0.00047770791570656
5,20064,"P_cell_phone","Cell phone",0.185236809308134,0.00020336608577054
5,20065,"P_cell_phone","Cell phone",-1.355680186468,0.000331134157022461
5,20066,"P_cell_phone","Cell phone",-0.181489150350199,0.00030993644031696
5,20067,"P_cell_phone","Cell phone",1.06638813138754,-0.000705222133547068
5,20068,"P_cell_phone","Cell phone",0.567493148286824,-0.000127107472508214
5,20072,"P_cell_phone","Cell phone",-0.172773989179842,0.000282377965049818
5,20073,"P_cell_phone","Cell phone",-0.371656657287215,0.000288553885184228
5,20075,"P_cell_phone","Cell phone",0.600771687894568,-0.000151503860251978
5,20077,"P_cell_phone","Cell phone",0.651755380549546,-0.000168620492331684
5,20078,"P_cell_phone","Cell phone",1.10220163022157,-0.000693959707859904
5,20079,"P_cell_phone","Cell phone",0.948488386090662,-0.000540975946933031
5,20081,"P_cell_phone","Cell phone",-1.53991639015606,0.000262435700278729
5,20083,"P_cell_phone","Cell phone",1.10825905858837,-0.00063669087830931
5,20084,"P_cell_phone","Cell phone",0.83034212518525,-0.000399438460590318
5,20086,"P_cell_phone","Cell phone",-2.48958919496536,0.000181778188562021
5,20087,"P_cell_phone","Cell phone",0.748103881266118,-0.000397997064283118
5,20088,"P_cell_phone","Cell phone",-1.61303236091031,0.000249953882303089
5,20089,"P_cell_phone","Cell phone",-2.39343138935238,0.000256201601587236
5,20091,"P_cell_phone","Cell phone",1.09616572189859,-0.000799372559413314
5,20092,"P_cell_phone","Cell phone",0.512091553612155,-0.000110029053757899
5,20093,"P_cell_phone","Cell phone",-2.08774519373311,0.000341357779689133
5,20094,"P_cell_phone","Cell phone",-0.905403020977635,0.000312226329697296
5,20096,"P_cell_phone","Cell phone",0.66655216227518,-0.000120562464871909
5,20097,"P_cell_phone","Cell phone",-1.16526115850993,0.000300354382488877
5,20098,"P_cell_phone","Cell phone",-2.0105630597223,0.000253562844591215
5,20099,"P_cell_phone","Cell phone",-2.37296270989529,0.000299766514217481
5,20100,"P_cell_phone","Cell phone",-2.63178619258231,0.000196894179680385
5,20102,"P_cell_phone","Cell phone",0.640392397215778,-0.000120418801088817
5,20103,"P_cell_phone","Cell phone",0.706752009266772,-2.43457598116947e-05
5,20104,"P_cell_phone","Cell phone",-1.70750570861962,0.000251796591328457
5,20105,"P_cell_phone","Cell phone",-1.21921429476028,0.000312377902446315
5,20106,"P_cell_phone","Cell phone",-1.21752569314366,0.000305876455968246
5,20107,"P_cell_phone","Cell phone",1.12615216233003,-0.000421150587499142
5,20108,"P_cell_phone","Cell phone",-2.53719427687146,0.000181131108547561
5,20109,"P_cell_phone","Cell phone",0.548770543180875,-0.000120404394692741
5,20110,"P_cell_phone","Cell phone",-1.54822554793523,0.000264679692918435
5,20112,"P_cell_phone","Cell phone",-0.0562410346470019,0.00027354943449609
5,20114,"P_cell_phone","Cell phone",-1.12496615721938,0.000352080911397934
5,20115,"P_cell_phone","Cell phone",1.08604453033303,-0.000775631866417825
5,20116,"P_cell_phone","Cell phone",-2.94719123449325,0.000258262269198895
5,20118,"P_cell_phone","Cell phone",0.432134634708673,3.84819832106587e-05
5,20119,"P_cell_phone","Cell phone",-2.19541100277832,0.000256411993177608
5,20120,"P_cell_phone","Cell phone",-0.548101242485163,0.000377704651327804
5,20121,"P_cell_phone","Cell phone",-0.944404831816861,0.000285639602225274
5,20123,"P_cell_phone","Cell phone",-1.1613868055298,0.000318072852678597
5,20124,"P_cell_phone","Cell phone",-0.390012428558462,0.000295535777695477
5,20127,"P_cell_phone","Cell phone",-2.20573655893727,0.000377735210349783
5,20128,"P_cell_phone","Cell phone",-1.0250194935685,0.000200436450541019
5,20129,"P_cell_phone","Cell phone",1.13014233835508,-0.000776773202233016
5,20130,"P_cell_phone","Cell phone",-1.26533148371568,0.00030399186653085
5,20131,"P_cell_phone","Cell phone",0.441889983339311,3.26140834658872e-05
5,20132,"P_cell_phone","Cell phone",0.346514629964799,2.37527092394885e-05
5,20133,"P_cell_phone","Cell phone",-1.6429300079624,0.000389855907997116
5,20134,"P_cell_phone","Cell phone",-0.746970858088403,0.00031555094756186
5,20135,"P_cell_phone","Cell phone",0.420328489242085,1.3530762771552e-05
5,20136,"P_cell_phone","Cell phone",-0.458000936956033,0.000298658851534128
5,20137,"P_cell_phone","Cell phone",-2.69878133709254,0.000382804922992364
5,20138,"P_cell_phone","Cell phone",-1.80346687263544,0.000220996924326755
5,20139,"P_cell_phone","Cell phone",-2.36265417859893,0.000255009916145355
5,20140,"P_cell_phone","Cell phone",0.609778694779769,-0.000134664762299508
5,20141,"P_cell_phone","Cell phone",-0.516642173886724,0.000424020981881768
5,20142,"P_cell_phone","Cell phone",-2.82004700578894,0.000233469734666869
5,20143,"P_cell_phone","Cell phone",-0.0143809334368333,0.000289544666884467
5,20144,"P_cell_phone","Cell phone",-1.13709724007369,0.000324040971463546
5,20145,"P_cell_phone","Cell phone",1.05142308009841,-0.000915544864255935
5,20147,"P_cell_phone","Cell phone",-1.65579770983456,0.000236218140344135
5,20150,"P_cell_phone","Cell phone",0.73872766950371,-0.000392379180993885
5,20151,"P_cell_phone","Cell phone",-2.42764198790386,0.000267915340373293
5,20152,"P_cell_phone","Cell phone",-2.13025353884004,0.000271507858997211
5,20156,"P_cell_phone","Cell phone",-1.46631572871409,0.0002906784939114
5,20157,"P_cell_phone","Cell phone",1.19876123474492,-0.000264277623500675
5,20160,"P_cell_phone","Cell phone",-0.970509075283626,0.000335501419613138
5,20161,"P_cell_phone","Cell phone",-0.129854538369066,0.000311737472657114
5,20162,"P_cell_phone","Cell phone",-1.71228422315629,0.00027903460431844
5,20163,"P_cell_phone","Cell phone",-1.81799873976928,0.000259997061220929
5,20164,"P_cell_phone","Cell phone",0.0362881802915677,0.000277635699603707
5,20165,"P_cell_phone","Cell phone",-1.63920147437004,0.000216216038097627
5,20166,"P_cell_phone","Cell phone",-0.230434397379098,0.000303360546240583
5,20169,"P_cell_phone","Cell phone",-2.29775739630377,0.000273230980383232
5,20171,"P_cell_phone","Cell phone",-2.52794089890676,0.000371537782484666
5,20172,"P_cell_phone","Cell phone",-1.24042807117662,0.000330701353959739
5,20173,"P_cell_phone","Cell phone",-2.0007870160677,0.000224757517571561
5,20174,"P_cell_phone","Cell phone",0.971354968006042,-0.000543487723916769
5,20175,"P_cell_phone","Cell phone",-1.9695235264496,0.000276844162726775
5,20176,"P_cell_phone","Cell phone",-0.729667194637515,0.000300921557936817
5,20177,"P_cell_phone","Cell phone",-0.316350433157592,0.000292365497443825
5,20178,"P_cell_phone","Cell phone",0.832624427414217,-0.000383484468329698
5,20179,"P_cell_phone","Cell phone",-1.75148595377382,0.000240613328060135
5,20181,"P_cell_phone","Cell phone",-3.10165453172467,0.000324751395964995
5,20182,"P_cell_phone","Cell phone",-1.64734544039706,0.000260707485722378
5,20183,"P_cell_phone","Cell phone",-1.92556651981126,0.00023863126989454
5,20184,"P_cell_phone","Cell phone",0.593724372001519,-0.000119238742627203
5,20186,"P_cell_phone","Cell phone",-0.340003004987889,0.00033155721030198
5,20187,"P_cell_phone","Cell phone",-2.58265863094363,0.000275757804047316
5,20189,"P_cell_phone","Cell phone",-2.60067422358418,0.000378905941033736
5,20190,"P_cell_phone","Cell phone",-0.95101629305235,0.00029889665893279
5,20191,"P_cell_phone","Cell phone",0.587739305048979,-0.000171689607668668
5,20192,"P_cell_phone","Cell phone",0.741057223418115,-0.000263074383838102
5,20193,"P_cell_phone","Cell phone",0.649443565930981,-0.000125621154438704
5,20194,"P_cell_phone","Cell phone",-2.18347959498839,0.000140128351631574
5,20195,"P_cell_phone","Cell phone",-2.41558129451851,0.000384711165679619
5,20196,"P_cell_phone","Cell phone",-0.322928277707556,0.000371803616872057
5,20197,"P_cell_phone","Cell phone",0.533357613404461,-0.000116871939098928
5,20198,"P_cell_phone","Cell phone",-1.1742433890685,0.0003105889481958
5,20199,"P_cell_phone","Cell phone",-2.51161971586942,0.00028319560806267
5,20200,"P_cell_phone","Cell phone",-2.04811403069299,0.00025231231120415
5,20201,"P_cell_phone","Cell phone",-1.44355253213532,0.000341468898113817
5,20205,"P_cell_phone","Cell phone",-2.53079743412594,0.000249334902036935
5,20206,"P_cell_phone","Cell phone",-1.51008657648948,0.0002586959162727
5,20207,"P_cell_phone","Cell phone",-1.76958573019365,0.000232698250329122
5,20208,"P_cell_phone","Cell phone",-0.595506919223895,0.000324351072777063
5,20210,"P_cell_phone","Cell phone",-1.74437002600937,0.000267532741418108
5,20212,"P_cell_phone","Cell phone",-3.05897608909052,0.000262974790530279
5,20214,"P_cell_phone","Cell phone",-0.320630057029521,0.000312372751068324
5,20215,"P_cell_phone","Cell phone",0.562524748885053,-0.000128803105326369
5,20216,"P_cell_phone","Cell phone",-0.646613003877615,0.000235546991461888
5,20217,"P_cell_phone","Cell phone",-2.24450848759775,0.000371178379282355
5,20218,"P_cell_phone","Cell phone",-3.42714710909864,0.000282002380117774
5,20219,"P_cell_phone","Cell phone",-0.401612991336642,0.000286663300357759
5,20220,"P_cell_phone","Cell phone",-3.26320246290119,0.000262054178165272
5,20221,"P_cell_phone","Cell phone",-0.332054937109465,0.000301903608487919
5,20222,"P_cell_phone","Cell phone",-2.13284935902112,0.000255899969488382
5,20223,"P_cell_phone","Cell phone",-1.60678283539886,0.000213879320654087
5,20224,"P_cell_phone","Cell phone",-0.147412087861467,0.00027645516092889
5,20226,"P_cell_phone","Cell phone",-0.257180474551742,0.000298266357276589
5,20227,"P_cell_phone","Cell phone",0.98317015912844,-0.00065237283706665
5,20228,"P_cell_phone","Cell phone",-3.09570389662327,0.000263028021436185
5,20230,"P_cell_phone","Cell phone",-0.0722402376671095,0.000279000378213823
5,20231,"P_cell_phone","Cell phone",-3.02983140323819,0.000386831030482426
5,20232,"P_cell_phone","Cell phone",-0.380302913695903,0.00030006084125489
5,20233,"P_cell_phone","Cell phone",-0.118510689255244,0.000279195868643001
5,20234,"P_cell_phone","Cell phone",-2.31260394090671,0.000273230980383232
5,20237,"P_cell_phone","Cell phone",-0.326639553767501,0.000146460588439368
5,20239,"P_cell_phone","Cell phone",-0.727627852821969,0.000309143244521692
5,20240,"P_cell_phone","Cell phone",-2.14485502681119,0.000279674975899979
5,20242,"P_cell_phone","Cell phone",-0.461283787916912,0.000320886028930545
5,20243,"P_cell_phone","Cell phone",0.590996494442928,-0.000125371690955944
5,20244,"P_cell_phone","Cell phone",-0.498152161426253,0.000292087031994015
5,20245,"P_cell_phone","Cell phone",-0.193866602094183,0.00011683783668559
5,20246,"P_cell_phone","Cell phone",-2.20839063800319,0.000220449335756712
5,20247,"P_cell_phone","Cell phone",0.0456335893048334,0.000223929018829949
5,20248,"P_cell_phone","Cell phone",-1.66340477734717,0.000376792479073629
5,20249,"P_cell_phone","Cell phone",-0.306807006236645,0.000300059851724654
5,20250,"P_cell_phone","Cell phone",0.498792968005064,-2.10587622859748e-05
5,20251,"P_cell_phone","Cell phone",-2.27133333856537,0.000274475780315697
5,20252,"P_cell_phone","Cell phone",-2.66281941351602,0.000259868218563497
5,20255,"P_cell_phone","Cell phone",-2.34568583344271,0.000249843520577997
5,20256,"P_cell_phone","Cell phone",0.0521821349739896,0.000222512579057366
5,20257,"P_cell_phone","Cell phone",-2.1293568013674,0.000261347478954121
5,20258,"P_cell_phone","Cell phone",-1.41540223829728,0.000349937501596287
5,20259,"P_cell_phone","Cell phone",-2.72153790942418,0.000258779997238889
5,20260,"P_cell_phone","Cell phone",-0.129665948243184,0.000283369357930496
5,20261,"P_cell_phone","Cell phone",-1.7406490314672,0.000238320368225686
5,20262,"P_cell_phone","Cell phone",-0.504715243759373,0.000292310229269788
5,20264,"P_cell_phone","Cell phone",-2.1707780921919,0.000252447905950248
5,20265,"P_cell_phone","Cell phone",-2.04640855257503,0.000235828076256439
5,20267,"P_cell_phone","Cell phone",-1.74866799740347,0.000174265034729615
5,20269,"P_cell_phone","Cell phone",-0.670679656300925,0.000295513309538364
5,20270,"P_cell_phone","Cell phone",-2.89973066300179,0.000252632860792801
5,20271,"P_cell_phone","Cell phone",-2.32262755183751,0.000278485676972196
5,20273,"P_cell_phone","Cell phone",-1.84515240248801,0.000255283201113343
5,20274,"P_cell_phone","Cell phone",-2.82158474866284,0.000258915912127122
5,20275,"P_cell_phone","Cell phone",-2.30403605426867,0.000249126285780221
5,20276,"P_cell_phone","Cell phone",-3.02413249500221,0.000264436384895816
5,20278,"P_cell_phone","Cell phone",-0.742647391554743,0.000298935192404315
5,20280,"P_cell_phone","Cell phone",-0.54380985482627,0.000216500295209698
5,20281,"P_cell_phone","Cell phone",0.571323759337582,-0.000133145018480718
5,20282,"P_cell_phone","Cell phone",-0.0810489014543149,0.000297063001198694
5,20283,"P_cell_phone","Cell phone",-0.386817557453687,0.000304566259728745
5,20284,"P_cell_phone","Cell phone",-0.425252551174729,0.000292643089778721
5,20286,"P_cell_phone","Cell phone",-0.436295975899947,0.000320031278533861
5,20288,"P_cell_phone","Cell phone",-1.36338897504356,0.000295051868306473
5,20290,"P_cell_phone","Cell phone",-2.1407043682715,0.000241227462538518
5,20292,"P_cell_phone","Cell phone",-0.150139462305752,0.000284173642285168
5,20293,"P_cell_phone","Cell phone",1.15080100176723,-0.000220667745452374
5,20294,"P_cell_phone","Cell phone",0.916855447428882,-0.000330992537783459
5,20295,"P_cell_phone","Cell phone",0.930383944230011,-0.000356369971996173
5,20296,"P_cell_phone","Cell phone",-1.38802716039206,0.000296838668873534
5,20297,"P_cell_phone","Cell phone",-2.07282102116572,0.000660423131193966
5,20298,"P_cell_phone","Cell phone",0.638311462245231,-0.000115560702397488
5,20299,"P_cell_phone","Cell phone",-1.69050389404419,0.000151744461618364
5,20301,"P_cell_phone","Cell phone",0.0340943008125823,0.000308200716972351
5,20303,"P_cell_phone","Cell phone",-1.73582628064617,6.62641687085852e-05
5,20305,"P_cell_phone","Cell phone",0.563870229829306,-0.000112020497908816
5,20308,"P_cell_phone","Cell phone",0.538846858744269,-0.000135020702145994
5,20309,"P_cell_phone","Cell phone",-0.96220337689434,0.000298419879982248
5,20310,"P_cell_phone","Cell phone",1.00975209566915,-0.000724463083315641
5,20311,"P_cell_phone","Cell phone",-1.16344763125692,0.000312015967210755
5,20313,"P_cell_phone","Cell phone",-2.24246244270106,0.000338724843459204
5,20315,"P_cell_phone","Cell phone",0.124804172847124,0.00019604797125794
5,20317,"P_cell_phone","Cell phone",-0.903647276320613,0.000297212682198733
5,20320,"P_cell_phone","Cell phone",-1.80094046142525,0.000190016216947697
5,20321,"P_cell_phone","Cell phone",-1.12485351162325,0.000301908323308453
5,20322,"P_cell_phone","Cell phone",-3.15994646881959,0.000278499792329967
5,20323,"P_cell_phone","Cell phone",-2.14355945108344,0.000261802400927991
5,20325,"P_cell_phone","Cell phone",0.0468773053894564,0.000191934246686287
5,20326,"P_cell_phone","Cell phone",-1.76512609815435,0.000274808669928461
5,20327,"P_cell_phone","Cell phone",0.192438567059394,0.000203920106287114
5,20329,"P_cell_phone","Cell phone",-2.34985093503097,0.000282182736555114
5,20330,"P_cell_phone","Cell phone",-1.506130918814,0.000261571607552469
5,20331,"P_cell_phone","Cell phone",-2.08555210697395,0.000313294411171228
5,20332,"P_cell_phone","Cell phone",-0.0418469863432905,0.000308216403936967
5,20333,"P_cell_phone","Cell phone",0.717617287730774,-0.000117627656436525
5,20335,"P_cell_phone","Cell phone",-2.01164928679503,0.000266879971604794
5,20336,"P_cell_phone","Cell phone",-1.90620578127103,0.000251517427386716
5,20337,"P_cell_phone","Cell phone",-1.21814912293916,0.000299664621707052
5,20338,"P_cell_phone","Cell phone",1.03517916644025,-0.000494922802317888
5,20339,"P_cell_phone","Cell phone",0.11479993044849,0.000202570940018632
5,20340,"P_cell_phone","Cell phone",-1.26734453000742,0.000389439926948398
5,20341,"P_cell_phone","Cell phone",0.145925018740687,0.000188903606613167
5,20342,"P_cell_phone","Cell phone",1.02221403448438,-0.000550851400475949
5,20343,"P_cell_phone","Cell phone",0.262186034242488,0.000148641091072932
5,20346,"P_cell_phone","Cell phone",-1.78880336857218,0.000247532181674615
5,20348,"P_cell_phone","Cell phone",-0.457966058926261,0.000314796256134287
5,20349,"P_cell_phone","Cell phone",0.0845123577646905,0.00021517081768252
5,20350,"P_cell_phone","Cell phone",1.19739805392183,-0.000572308723349124
5,20352,"P_cell_phone","Cell phone",-0.95822773808071,0.000518540211487561
5,20354,"P_cell_phone","Cell phone",-2.61716309697398,0.000274445890681818
5,20355,"P_cell_phone","Cell phone",-3.09041728098105,0.000266112532699481
5,20356,"P_cell_phone","Cell phone",0.291296678581545,1.33613957586931e-05
5,20358,"P_cell_phone","Cell phone",0.299206065236413,4.07577208534349e-05
5,20359,"P_cell_phone","Cell phone",-2.2445587464724,0.000364775652997196
5,20360,"P_cell_phone","Cell phone",-0.132643577984606,0.000285968999378383
5,20363,"P_cell_phone","Cell phone",-0.344937977124755,0.000282904016785324
5,20365,"P_cell_phone","Cell phone",-0.713082351235671,0.000452404929092154
5,20368,"P_cell_phone","Cell phone",0.674293998726942,-0.000125280377687886
5,20369,"P_cell_phone","Cell phone",0.183822904818182,0.00020348426187411
5,20370,"P_cell_phone","Cell phone",-0.351138696716256,0.000305904890410602
5,20371,"P_cell_phone","Cell phone",-2.26008891283143,0.000349999725585803
5,20372,"P_cell_phone","Cell phone",-2.71607491033691,0.000347586435964331
5,20373,"P_cell_phone","Cell phone",-3.9234089194216,0.00028071811539121
5,20374,"P_cell_phone","Cell phone",-0.252682162383802,0.000278904248261824
5,20375,"P_cell_phone","Cell phone",1.17645459167988,0.000187436598935165
5,20376,"P_cell_phone","Cell phone",-1.69968487391492,0.00023697545111645
5,20377,"P_cell_phone","Cell phone",-1.55863727022047,0.000253190082730725
5,20378,"P_cell_phone","Cell phone",-0.680869801351958,0.000318318023346364
5,20379,"P_cell_phone","Cell phone",-1.05359979794525,0.00031834639958106
5,20380,"P_cell_phone","Cell phone",0.630243842034995,-8.2818340160884e-05
5,20381,"P_cell_phone","Cell phone",0.0140679398548652,0.000127020161016844
5,20382,"P_cell_phone","Cell phone",-1.48023358452744,0.000261239445535466
5,20383,"P_cell_phone","Cell phone",-1.95052600085394,0.000267762457951903
5,20385,"P_cell_phone","Cell phone",1.13491879225819,-0.000566363742109388
5,20387,"P_cell_phone","Cell phone",0.610746533964792,-9.23683728615288e-06
5,20388,"P_cell_phone","Cell phone",0.107610170248949,0.000219651774386875
5,20389,"P_cell_phone","Cell phone",0.188454257598987,0.000385074090445414
5,20390,"P_cell_phone","Cell phone",1.09820150742411,-0.000754063075874001
5,20392,"P_cell_phone","Cell phone",-2.43892961139349,0.000262179732089862
5,20393,"P_cell_phone","Cell phone",0.296059677598566,8.42061581352027e-06
5,20394,"P_cell_phone","Cell phone",-1.5338171929001,0.00024135441344697
5,20395,"P_cell_phone","Cell phone",-2.7694600250605,0.000251271674642339
5,20396,"P_cell_phone","Cell phone",-2.7528065402245,0.000272831181064248
5,20397,"P_cell_phone","Cell phone",0.351740270233404,1.89826787391212e-05
5,20399,"P_cell_phone","Cell phone",1.1048286232337,-0.000992515590041876
5,20400,"P_cell_phone","Cell phone",-2.4747489012429,0.000226772914174944
5,20403,"P_cell_phone","Cell phone",0.896501842093572,-0.000318500678986311
5,20404,"P_cell_phone","Cell phone",-1.17239595497699,0.000283769710222259
5,20405,"P_cell_phone","Cell phone",-0.557465233880268,0.000302124477457255
5,20406,"P_cell_phone","Cell phone",-2.15634271022848,0.000262305024079978
5,20407,"P_cell_phone","Cell phone",-1.16498274687776,0.000300036335829645
5,20408,"P_cell_phone","Cell phone",-0.898266546003003,0.000300202344078571
5,20409,"P_cell_phone","Cell phone",1.0319233325534,-0.000468305428512394
5,20411,"P_cell_phone","Cell phone",0.701062158730693,-0.000123178484500386
5,20412,"P_cell_phone","Cell phone",-1.06983363398844,0.000292125245323405
5,20416,"P_cell_phone","Cell phone",-2.87823190873674,0.00032968507730402
5,20417,"P_cell_phone","Cell phone",-1.31120600898014,0.000292971555609256
5,20418,"P_cell_phone","Cell phone",0.559158954685722,-0.000119020347483456
5,20419,"P_cell_phone","Cell phone",-1.28535837242333,0.000315321958623827
5,20420,"P_cell_phone","Cell phone",-2.01285316542388,0.0002918197424151
5,20421,"P_cell_phone","Cell phone",0.566223332121061,-0.000117709263577126
5,20422,"P_cell_phone","Cell phone",-2.15441055803825,0.000196104781934991
5,20423,"P_cell_phone","Cell phone",-1.22207457952232,0.000296704238280654
5,20425,"P_cell_phone","Cell phone",-2.79105581523918,0.000285585527308285
5,20426,"P_cell_phone","Cell phone",-2.39663664957597,0.000388087151804939
5,20427,"P_cell_phone","Cell phone",0.172563727269109,0.00020522135309875
5,20430,"P_cell_phone","Cell phone",-2.14955289633995,0.000179432012373582
5,20431,"P_cell_phone","Cell phone",-1.27121946657826,0.000281622604234144
5,20432,"P_cell_phone","Cell phone",-1.87490819429888,0.000142626304295845
5,20434,"P_cell_phone","Cell phone",-2.26941116216284,0.000252013473073021
5,20435,"P_cell_phone","Cell phone",-1.74080402297368,0.000259859254583716
5,20436,"P_cell_phone","Cell phone",-2.90616287320493,0.000241218454902992
5,20437,"P_cell_phone","Cell phone",-0.50715808160645,0.0002976190589834
5,20438,"P_cell_phone","Cell phone",-2.085235392412,0.000259855441981927
5,20440,"P_cell_phone","Cell phone",-1.335085000862,0.000344220985425636
5,20441,"P_cell_phone","Cell phone",0.207287087439844,0.000169480656040832
5,20442,"P_cell_phone","Cell phone",-0.623896059325174,0.00030148754012771
5,20443,"P_cell_phone","Cell phone",-1.16647535180325,0.000214990912354551
5,20444,"P_cell_phone","Cell phone",-1.75796270793296,0.000189773389138281
5,20445,"P_cell_phone","Cell phone",-1.44681121335352,0.000315942073939368
5,20446,"P_cell_phone","Cell phone",-1.16052125840688,0.00029452404123731
5,20447,"P_cell_phone","Cell phone",-0.872645755420429,0.00031629457953386
5,20451,"P_cell_phone","Cell phone",-3.37578905834016,0.00024206934904214
5,20452,"P_cell_phone","Cell phone",0.373516437018983,1.32990890051587e-05
5,20453,"P_cell_phone","Cell phone",-0.525301047570085,0.000295726640615612
5,20454,"P_cell_phone","Cell phone",-2.38596091874267,0.000262071494944394
5,20455,"P_cell_phone","Cell phone",-2.07083583229671,0.000274966761935502
5,20456,"P_cell_phone","Cell phone",-1.56530871155013,0.000144099438330159
5,20457,"P_cell_phone","Cell phone",-2.4539609473082,0.000282414868706837
5,20458,"P_cell_phone","Cell phone",-2.12154990714443,0.000247730757109821
5,20459,"P_cell_phone","Cell phone",-0.55208803028993,0.00030605515348725
5,20460,"P_cell_phone","Cell phone",-2.50486868393679,0.000249232369242236
5,20461,"P_cell_phone","Cell phone",-2.62686980665949,0.000325287663144991
5,20462,"P_cell_phone","Cell phone",-0.87595497252725,0.000299848732538521
5,20463,"P_cell_phone","Cell phone",-2.40854427412889,0.000343920022714883
5,20464,"P_cell_phone","Cell phone",-2.29236814205825,0.000362715712981299
5,20465,"P_cell_phone","Cell phone",-1.86925046862408,0.000274756021099165
5,20468,"P_cell_phone","Cell phone",-2.35379632895561,0.000251428020419553
5,20469,"P_cell_phone","Cell phone",-0.498225895318823,0.000319761602440849
5,20470,"P_cell_phone","Cell phone",-1.41284749392297,0.000298621016554534
5,20471,"P_cell_phone","Cell phone",-1.57715846098657,0.000238627835642546
5,20472,"P_cell_phone","Cell phone",0.388815018056059,1.74963734025368e-05
5,20473,"P_cell_phone","Cell phone",-2.58996354628879,-3.63279359589797e-05
5,20475,"P_cell_phone","Cell phone",0.860779553667907,-0.000341461767675355
5,20476,"P_cell_phone","Cell phone",-2.89715382867942,7.92759965406731e-06
5,20478,"P_cell_phone","Cell phone",-1.83669534333661,0.00036931608337909
5,20480,"P_cell_phone","Cell phone",-3.22303564845696,0.000381415127776563
5,20481,"P_cell_phone","Cell phone",-0.990258159490512,0.000327838788507506
5,20483,"P_cell_phone","Cell phone",0.76234675494359,-0.000377556163584813
5,20484,"P_cell_phone","Cell phone",-0.61815031054505,0.00031800803844817
5,20486,"P_cell_phone","Cell phone",0.174453112005986,0.000205446980544366
5,20487,"P_cell_phone","Cell phone",-0.357241912317169,0.000291129661491141
5,20488,"P_cell_phone","Cell phone",0.085563747319576,0.000219063891563565
5,20490,"P_cell_phone","Cell phone",-2.20015672345951,0.000240899491473101
5,20491,"P_cell_phone","Cell phone",-2.58215881124191,0.000262461107922718
5,20492,"P_cell_phone","Cell phone",-2.22485739516693,0.000242824156885035
5,20493,"P_cell_phone","Cell phone",0.607461409956469,-0.000120405296911485
5,20494,"P_cell_phone","Cell phone",-1.55568594476218,0.000263163296040148
5,20496,"P_cell_phone","Cell phone",-0.793610399040014,0.000327116518747061
5,20498,"P_cell_phone","Cell phone",-0.867057783615335,0.000299981649732217
5,20499,"P_cell_phone","Cell phone",0.669215534995587,-0.000171283594681881
5,20500,"P_cell_phone","Cell phone",-2.16895122501906,0.000249927747063339
5,20501,"P_cell_phone","Cell phone",-1.2411256481958,0.000319559214403853
5,20502,"P_cell_phone","Cell phone",-0.702765002573665,0.000298337254207581
5,20503,"P_cell_phone","Cell phone",-1.53721333655299,-5.29458293385687e-06
5,20504,"P_cell_phone","Cell phone",-0.376591706068262,0.000132320099510252
5,20505,"P_cell_phone","Cell phone",0.443380419781922,3.96944087697193e-05
5,20506,"P_cell_phone","Cell phone",-2.0007870160677,0.000250428827712312
5,20508,"P_cell_phone","Cell phone",0.597582461086311,-0.000107003259472549
5,20510,"P_cell_phone","Cell phone",-1.83903793168902,0.000267585361143574
5,20511,"P_cell_phone","Cell phone",-1.73229305449475,0.000190949882380664
5,20513,"P_cell_phone","Cell phone",-0.833660979845489,0.000301831169053912
5,20514,"P_cell_phone","Cell phone",-2.89652694387371,0.000275714613962919
5,20515,"P_cell_phone","Cell phone",0.583805000442507,-0.000120069991680793
5,20517,"P_cell_phone","Cell phone",-1.6110183697053,0.000260027649346739
5,20518,"P_cell_phone","Cell phone",0.247703006423561,0.000120274373330176
5,20519,"P_cell_phone","Cell phone",0.691680531509394,-0.000123645950225182
5,20520,"P_cell_phone","Cell phone",0.487914362760251,6.27930858172476e-05
5,20521,"P_cell_phone","Cell phone",-2.044098601505,0.000269901938736439
5,20522,"P_cell_phone","Cell phone",-2.83370592854142,0.000263004330918193
5,20523,"P_cell_phone","Cell phone",-0.55934059108953,0.000290259136818349
5,20524,"P_cell_phone","Cell phone",-3.53236717635822,0.000233375671086833
5,20525,"P_cell_phone","Cell phone",-0.0598112230024701,0.000300684216199443
5,20527,"P_cell_phone","Cell phone",-0.83866581643867,0.000498275156132877
5,20528,"P_cell_phone","Cell phone",-1.15432470661649,0.000327747868141159
5,20529,"P_cell_phone","Cell phone",-1.03626870080446,0.000297250982839614
5,20530,"P_cell_phone","Cell phone",0.0790738371866654,0.000203563497052528
5,20531,"P_cell_phone","Cell phone",-0.0913538666064024,0.000279098690953106
5,20532,"P_cell_phone","Cell phone",-2.00013713636513,0.000273835874395445
5,20536,"P_cell_phone","Cell phone",-0.138159375606225,0.000310659263050184
5,20537,"P_cell_phone","Cell phone",-0.261674928780055,0.000316916324663907
5,20539,"P_cell_phone","Cell phone",0.821325010027408,-0.000426963262725621
5,20540,"P_cell_phone","Cell phone",0.640847124408149,-0.000121288852824364
5,20541,"P_cell_phone","Cell phone",-0.448005797148886,0.00027881222194992
5,20544,"P_cell_phone","Cell phone",-1.95671197191506,0.000261380308074877
5,20545,"P_cell_phone","Cell phone",0.626261605799701,-0.000118890457088128
5,20546,"P_cell_phone","Cell phone",0.284471567857529,1.60491508722771e-05
5,20547,"P_cell_phone","Cell phone",-0.666357067890603,0.000325763045111671
5,20548,"P_cell_phone","Cell phone",0.287202172306612,1.85538610821823e-05
5,20549,"P_cell_phone","Cell phone",-1.15759954442818,0.000314077653456479
5,20550,"P_cell_phone","Cell phone",0.65725856199141,-0.000114675181976054
5,20551,"P_cell_phone","Cell phone",0.944149382686467,-0.000323152431519702
5,20552,"P_cell_phone","Cell phone",-1.61616749116025,0.000196080945897847
5,20553,"P_cell_phone","Cell phone",0.818024672696488,-0.000376093143131584
5,20554,"P_cell_phone","Cell phone",-1.38534946506393,0.000300105690257624
5,20555,"P_cell_phone","Cell phone",0.410601058802067,1.34636193251936e-05
5,20557,"P_cell_phone","Cell phone",0.506256650677573,-0.000118722615297884
5,20558,"P_cell_phone","Cell phone",0.0775274329727882,0.000211344828130677
5,20559,"P_cell_phone","Cell phone",-0.538128483326513,0.000296410551527515
5,20560,"P_cell_phone","Cell phone",0.071191108473089,0.000194464882952161
5,20561,"P_cell_phone","Cell phone",-0.00732421713490735,0.000294748111627996
5,20562,"P_cell_phone","Cell phone",-1.09076756881116,0.000292927754344419
5,20564,"P_cell_phone","Cell phone",-1.79036209881284,0.000275037600658834
5,20565,"P_cell_phone","Cell phone",0.939612639483477,-0.000316130928695202
5,20566,"P_cell_phone","Cell phone",-1.92238292908765,0.00026195909595117
5,20567,"P_cell_phone","Cell phone",-2.34019234967966,0.000257559237070382
5,20568,"P_cell_phone","Cell phone",-0.194622899505673,0.000303036911645904
5,20569,"P_cell_phone","Cell phone",-0.686543166272025,0.000328120455378667
5,20570,"P_cell_phone","Cell phone",0.224346243359759,0.000134625981445424
5,21003,"P_cell_phone","Cell phone",0.289572746734488,2.2010881366441e-05
5,21009,"P_cell_phone","Cell phone",0.397709183355009,4.21816112066153e-05
5,21010,"P_cell_phone","Cell phone",0.0456572148738237,0.000223050563363358
5,21011,"P_cell_phone","Cell phone",-2.74414970199162,0.000164561584824696
5,21013,"P_cell_phone","Cell phone",0.571604560625852,-0.000127357896417379
5,21018,"P_cell_phone","Cell phone",-1.21950266137673,0.000293289253022522
5,21024,"P_cell_phone","Cell phone",-1.77267933243614,0.00024354895867873
5,21027,"P_cell_phone","Cell phone",-2.08220165529741,0.000209216654184274
5,21032,"P_cell_phone","Cell phone",-1.63811220999788,0.000206439552130178
5,21035,"P_cell_phone","Cell phone",0.037189141953526,0.00019422045443207
5,21036,"P_cell_phone","Cell phone",-1.96782650218488,0.000279264757409692
5,21037,"P_cell_phone","Cell phone",0.194749437312149,0.000207360906642862
5,21042,"P_cell_phone","Cell phone",-1.88130203916199,0.000231873666052707
5,21047,"P_cell_phone","Cell phone",0.173834357505573,0.000204926400328986
5,21051,"P_cell_phone","Cell phone",0.586111860014728,-9.98707910184748e-05
5,21055,"P_cell_phone","Cell phone",-1.45342502701793,0.000298737082630396
5,21056,"P_cell_phone","Cell phone",-1.12186973337608,0.000163419448654167
5,21059,"P_cell_phone","Cell phone",0.462431218010941,5.71163327549584e-05
5,21066,"P_cell_phone","Cell phone",-0.137413861483633,0.000315727287670597
5,21073,"P_cell_phone","Cell phone",-0.10760903436772,0.00030583146144636
5,21081,"P_cell_phone","Cell phone",-1.77226421386192,0.000263376627117395
5,21082,"P_cell_phone","Cell phone",0.320010061893248,2.08616256713867e-05
5,21085,"P_cell_phone","Cell phone",0.466477749955295,3.50483242073096e-05
5,21087,"P_cell_phone","Cell phone",-0.3516939170223,0.000302004511468112
5,21112,"P_cell_phone","Cell phone",-0.955175398875777,0.000290274358121678
5,21113,"P_cell_phone","Cell phone",-0.67970379425564,0.000318685342790559
5,21120,"P_cell_phone","Cell phone",0.00060996281780405,0.000313725235173479
5,21124,"P_cell_phone","Cell phone",0.466827298337203,2.41039160755463e-05
5,21127,"P_cell_phone","Cell phone",-1.86392240599826,0.000161421514349058
5,21129,"P_cell_phone","Cell phone",0.450157242481672,2.27608961722581e-05
5,21135,"P_cell_phone","Cell phone",-2.79275638867696,0.000198522175196558
5,21139,"P_cell_phone","Cell phone",0.296871319773619,2.57830270129489e-05
5,21141,"P_cell_phone","Cell phone",0.385096051299945,5.4839674703544e-05
5,21145,"P_cell_phone","Cell phone",-2.1503521270847,0.00026230642106384
5,21147,"P_cell_phone","Cell phone",0.252232447625875,0.000152607099153101
5,21155,"P_cell_phone","Cell phone",-0.336336757932115,0.000476150860777125
5,21156,"P_cell_phone","Cell phone",0.940946546061386,-0.000304373766994104
5,21157,"P_cell_phone","Cell phone",-0.315094961497882,0.000325227447319776
5,21160,"P_cell_phone","Cell phone",0.45633688930289,4.88506848341785e-05
5,21169,"P_cell_phone","Cell phone",-0.30384239231964,0.000290527153993025
5,21190,"P_cell_phone","Cell phone",-1.87695713087105,3.78970617020968e-05
5,21191,"P_cell_phone","Cell phone",-0.375488654502743,0.000310088042169809
5,21196,"P_cell_phone","Cell phone",-0.718926167341119,0.000323646672768518
5,21198,"P_cell_phone","Cell phone",-2.41931502677621,0.000210244470508769
5,21209,"P_cell_phone","Cell phone",-0.46621723976169,0.000291656120680273
5,21214,"P_cell_phone","Cell phone",0.646052275497169,-0.00012973953562323
5,21217,"P_cell_phone","Cell phone",-0.685227442978753,0.000293086573947221
5,22002,"P_cell_phone","Cell phone",-1.09175184269856,0.000308636372210458
5,22003,"P_cell_phone","Cell phone",0.352686866388569,4.59404036519118e-05
5,22004,"P_cell_phone","Cell phone",0.143689757973119,0.000223675000597723
5,22005,"P_cell_phone","Cell phone",0.408098043775777,1.91242706932826e-05
5,22006,"P_cell_phone","Cell phone",1.17520939198288,-0.000337341742124408
5,22007,"P_cell_phone","Cell phone",0.774884940485639,-0.000381468184059486
5,22008,"P_cell_phone","Cell phone",0.683801105612587,-0.000116846982564311
5,22009,"P_cell_phone","Cell phone",0.309381024885229,2.96212219836889e-05
5,22010,"P_cell_phone","Cell phone",-0.546937876328361,0.000316491961712018
5,22011,"P_cell_phone","Cell phone",1.11558553284691,-0.000962846155744046
5,22012,"P_cell_phone","Cell phone",0.6861101374999,-0.000133486915729009
5,22013,"P_cell_phone","Cell phone",-0.840168366494188,0.000300692365271971
5,22014,"P_cell_phone","Cell phone",1.15385758377508,-0.000869463663548231
5,22015,"P_cell_phone","Cell phone",0.174955072817668,0.000225621173740365
5,22017,"P_cell_phone","Cell phone",0.836529144629284,-0.000379574688849971
5,22018,"P_cell_phone","Cell phone",0.107897624252185,0.000196912093088031
5,23001,"P_cell_phone","Cell phone",1.07836726550938,-0.00106476387009025
5,23002,"P_cell_phone","Cell phone",-0.053029288135805,0.000302688829833642
5,23003,"P_cell_phone","Cell phone",1.06602427025217,-0.00183670769911259
5,23004,"P_cell_phone","Cell phone",1.01191609541392,-0.000641862163320184
5,23005,"P_cell_phone","Cell phone",1.19062728994464,-0.000713850138708949
5,23006,"P_cell_phone","Cell phone",-0.111590867673602,0.00028692587511614
5,23007,"P_cell_phone","Cell phone",-0.00509714908289769,0.000301827443763614
5,23008,"P_cell_phone","Cell phone",1.17226960694852,-0.000374993804143742
5,23009,"P_cell_phone","Cell phone",0.731380646392615,-0.000697904033586383
5,23010,"P_cell_phone","Cell phone",-0.426333632685582,0.00032951109460555
5,23011,"P_cell_phone","Cell phone",0.98573686984934,-0.000997833674773574
5,24001,"P_cell_phone","Cell phone",0.199994752142181,0.000216480882954784
5,24002,"P_cell_phone","Cell phone",-0.63998505866849,0.000307459238683805
5,24003,"P_cell_phone","Cell phone",-1.14930612662662,0.000410156149882823
5,24004,"P_cell_phone","Cell phone",-0.69093155535466,0.000311758922180161
5,24005,"P_cell_phone","Cell phone",0.638294586291351,-0.00011235735291848
5,24006,"P_cell_phone","Cell phone",-1.51070986394577,0.00013103723176755
5,24007,"P_cell_phone","Cell phone",0.523302392770786,-0.000120448261441197
5,24008,"P_cell_phone","Cell phone",0.397034455608744,4.70012928417418e-05
5,24009,"P_cell_phone","Cell phone",0.739528704124023,-0.000395584560465068
5,24010,"P_cell_phone","Cell phone",-0.22714035582024,0.000302813132293522
5,24011,"P_cell_phone","Cell phone",0.729545242152866,-0.000377050426322967
5,24012,"P_cell_phone","Cell phone",-0.380105237402288,0.000293772318400443
5,24013,"P_cell_phone","Cell phone",0.939675051388044,-0.000351918861269951
5,24014,"P_cell_phone","Cell phone",-0.893184804637966,0.00029702260508202
5,24015,"P_cell_phone","Cell phone",0.15290500819475,0.000232129925279878
5,24016,"P_cell_phone","Cell phone",0.907615187663324,-0.000322888023220003
5,24017,"P_cell_phone","Cell phone",-0.929654276387007,0.000308019225485623
5,24018,"P_cell_phone","Cell phone",-0.773060772925411,0.00029517660732381
5,24019,"P_cell_phone","Cell phone",-0.895342088710052,0.000333049771143124
5,24020,"P_cell_phone","Cell phone",0.873209438244008,-0.000372737355064601
5,24021,"P_cell_phone","Cell phone",0.328048627936601,3.07025038637221e-05
5,24022,"P_cell_phone","Cell phone",-0.0657954764317683,0.000305895548081025
5,24023,"P_cell_phone","Cell phone",-0.0160350709022564,0.000318202160997316
5,24024,"P_cell_phone","Cell phone",0.61081319633669,-0.0001111028395826
5,24025,"P_cell_phone","Cell phone",0.602264177853788,-0.000105508755950723
5,24026,"P_cell_phone","Cell phone",-1.17553180130257,0.000299770123092458
5,24027,"P_cell_phone","Cell phone",0.638227156382721,-8.80925508681685e-05
5,24028,"P_cell_phone","Cell phone",1.03207943868527,-0.00061951536918059
5,24029,"P_cell_phone","Cell phone",-0.886124536973138,0.000300490501103923
5,24030,"P_cell_phone","Cell phone",-1.16489942096585,0.000311253796098754
5,24031,"P_cell_phone","Cell phone",-2.51112174493485,0.000370212830603123
5,24032,"P_cell_phone","Cell phone",0.0476226634863928,0.000220252404687926
5,24033,"P_cell_phone","Cell phone",-0.637570177334124,0.00031051950645633
5,24034,"P_cell_phone","Cell phone",0.429887554313379,1.59139199240599e-05
5,24035,"P_cell_phone","Cell phone",1.04579035247091,-0.000623125524725765
5,24036,"P_cell_phone","Cell phone",-0.0698543820317887,0.000290159252472222
5,24037,"P_cell_phone","Cell phone",-0.13346167743196,0.000293318298645318
5,24038,"P_cell_phone","Cell phone",-1.02055975532226,0.000290431809844449
5,24039,"P_cell_phone","Cell phone",-0.385364572642975,0.00029520015232265
5,24040,"P_cell_phone","Cell phone",0.824819716455506,-0.000382142461603507
5,24041,"P_cell_phone","Cell phone",-1.18643290325707,0.000296608486678451
5,24042,"P_cell_phone","Cell phone",0.652987639971389,-0.000126174811157398
5,24043,"P_cell_phone","Cell phone",0.0150897507776808,0.000307713868096471
5,24044,"P_cell_phone","Cell phone",-0.59274789182751,0.000319433427648619
5,24045,"P_cell_phone","Cell phone",0.383422696400893,2.97129499813309e-05
5,24046,"P_cell_phone","Cell phone",0.276142405946951,0.000155238260049373
5,24047,"P_cell_phone","Cell phone",-0.546429384884946,0.000298785307677463
5,24048,"P_cell_phone","Cell phone",0.613440317454098,-0.00013688400213141
5,24049,"P_cell_phone","Cell phone",0.249468166270839,0.00013725359167438
5,24050,"P_cell_phone","Cell phone",0.427995189760211,1.47971941260039e-05
5,24051,"P_cell_phone","Cell phone",0.0885753835369326,0.00021301515516825
5,24052,"P_cell_phone","Cell phone",-0.0369669357846113,0.000321256375173107
5,24053,"P_cell_phone","Cell phone",0.133107970460705,0.000192481980775483
5,24054,"P_cell_phone","Cell phone",-0.253150348294469,0.00029555824585259
5,24055,"P_cell_phone","Cell phone",0.0137095549462724,0.000295311590889469
5,24056,"P_cell_phone","Cell phone",0.544283188393616,-0.000106788989796769
5,24057,"P_cell_phone","Cell phone",-0.60428890043418,0.000299139937851578
5,24058,"P_cell_phone","Cell phone",0.425449253444745,7.11996062818798e-06
5,25001,"P_cell_phone","Cell phone",1.07493910374962,-0.000612356176134199
5,25002,"P_cell_phone","Cell phone",0.962215446615538,-0.000533783459104598
5,25003,"P_cell_phone","Cell phone",-0.343263353217039,0.000300522282486781
5,25005,"P_cell_phone","Cell phone",0.15594705025388,0.00021640992781613
5,25006,"P_cell_phone","Cell phone",1.16434761506307,-0.000122766810818575
5,25007,"P_cell_phone","Cell phone",0.692764256697055,-0.000117681716801599
5,25008,"P_cell_phone","Cell phone",0.821071752468185,-0.000359048310201615
5,25010,"P_cell_phone","Cell phone",0.623817800046102,-0.00011356059985701
5,25011,"P_cell_phone","Cell phone",0.988894882767165,-0.000641163496766239
5,25013,"P_cell_phone","Cell phone",0.573153707606516,-0.000117964649689384
5,25015,"P_cell_phone","Cell phone",1.09107671411768,-0.000464799057226628
5,25017,"P_cell_phone","Cell phone",0.605315068483688,-0.000118198586278595
5,25018,"P_cell_phone","Cell phone",0.922184960819571,-0.000316133024170995
5,26001,"P_cell_phone","Cell phone",0.824860819635201,-0.000443170283688232
5,26002,"P_cell_phone","Cell phone",1.15430962185159,-0.000414737005485222
5,26003,"P_cell_phone","Cell phone",0.37805025405661,1.92650495591806e-05
5,26004,"P_cell_phone","Cell phone",1.06962848150733,-0.00125371047761291
5,26005,"P_cell_phone","Cell phone",0.426722116764186,1.89424899872392e-05
5,26006,"P_cell_phone","Cell phone",0.672748379568468,-0.000112117224489339
5,26007,"P_cell_phone","Cell phone",0.990887052278746,-0.000868844042997807
5,26008,"P_cell_phone","Cell phone",0.961975785734138,-0.000372673704987392
5,26009,"P_cell_phone","Cell phone",-0.446471870607779,0.00031394837424159
5,26010,"P_cell_phone","Cell phone",0.72564291459389,-0.000136187241878361
5,26011,"P_cell_phone","Cell phone",1.00381887686311,-0.000732881831936538
5,26012,"P_cell_phone","Cell phone",0.805494547385055,-0.000376237410819158
5,26013,"P_cell_phone","Cell phone",0.886959189278859,-0.000336149998474866
5,26014,"P_cell_phone","Cell phone",0.756922908441598,-0.000314075616188347
5,26015,"P_cell_phone","Cell phone",1.038880486421,-0.000667217769660056
5,26016,"P_cell_phone","Cell phone",0.732067292856583,-0.000397281168261543
5,26017,"P_cell_phone","Cell phone",1.07354734723833,-0.000729024817701429
5,26018,"P_cell_phone","Cell phone",1.05694148800188,-0.000646362779662013
5,26019,"P_cell_phone","Cell phone",1.10994463385472,-0.000832196732517332
5,26020,"P_cell_phone","Cell phone",0.890269086876521,-0.000320679129799828
5,26021,"P_cell_phone","Cell phone",0.586682979061337,-0.000126333892694674
5,26022,"P_cell_phone","Cell phone",0.499707685107793,-0.000470680766738951
5,26023,"P_cell_phone","Cell phone",0.73797684777154,-0.000559305655770004
5,26024,"P_cell_phone","Cell phone",0.561182750871398,-0.000164868542924523
5,26025,"P_cell_phone","Cell phone",0.93125837386612,-0.000396950432332233
5,26026,"P_cell_phone","Cell phone",0.342346041066268,1.16156688818592e-05
5,26027,"P_cell_phone","Cell phone",1.13440285483253,-0.00077726598829031
5,26028,"P_cell_phone","Cell phone",1.02063931736235,-0.000639405683614314
5,26029,"P_cell_phone","Cell phone",0.953173009862457,-0.000614244781900197
5,26030,"P_cell_phone","Cell phone",1.15764716883778,-0.00032929249573499
5,26031,"P_cell_phone","Cell phone",0.573240295275805,-0.000133764915517531
5,26032,"P_cell_phone","Cell phone",0.688442362464035,-0.000276833277894184
5,26033,"P_cell_phone","Cell phone",0.594297397298416,-0.000125952690723352
5,26034,"P_cell_phone","Cell phone",0.818121696018566,-0.000638647761661559
5,26035,"P_cell_phone","Cell phone",0.949578498475946,-0.000596988887991756
5,26036,"P_cell_phone","Cell phone",1.09565493112973,-0.000775832333602011
5,26037,"P_cell_phone","Cell phone",0.490148887196218,-0.000261875073192641
5,26038,"P_cell_phone","Cell phone",1.0746601353522,-0.000477279274491593
5,26039,"P_cell_phone","Cell phone",0.943070122569845,-0.000449295883299783
5,26040,"P_cell_phone","Cell phone",0.297556933730968,2.70180171355605e-05
5,26041,"P_cell_phone","Cell phone",1.15202084099944,-0.000630240770988166
5,26042,"P_cell_phone","Cell phone",0.844980465321309,-0.000381996127543971
5,26043,"P_cell_phone","Cell phone",1.1850249736335,0.00021021073916927
5,26044,"P_cell_phone","Cell phone",0.638744749322706,-0.000446440390078351
5,26045,"P_cell_phone","Cell phone",0.363162475978866,9.32624152483186e-06
5,26046,"P_cell_phone","Cell phone",1.10498682777377,-0.000556229497306049
5,26047,"P_cell_phone","Cell phone",0.796011537430118,-0.000373768183635548
5,26048,"P_cell_phone","Cell phone",1.16376331431213,-0.000966942403465509
5,26049,"P_cell_phone","Cell phone",0.0359764224183332,0.000403278390876949
5,26050,"P_cell_phone","Cell phone",0.474478143911441,1.32142149595893e-05
5,26051,"P_cell_phone","Cell phone",0.0585564016283509,0.000220104950130917
5,26052,"P_cell_phone","Cell phone",0.440868204716543,3.98381635022815e-05
5,26053,"P_cell_phone","Cell phone",0.855990162226939,-0.000373227143427357
5,26054,"P_cell_phone","Cell phone",1.17517380718427,0.000365042214980349
5,26055,"P_cell_phone","Cell phone",1.0139002769594,-0.000593880191445351
5,26056,"P_cell_phone","Cell phone",0.72564291459389,-0.000101541336334776
5,26057,"P_cell_phone","Cell phone",0.39617340092979,5.60983517061686e-06
5,26058,"P_cell_phone","Cell phone",0.96600292177341,-0.000706928491126746
5,26059,"P_cell_phone","Cell phone",1.13373429749034,-0.000763047544751316
5,26060,"P_cell_phone","Cell phone",0.967518698972304,-0.000580669206101447
5,26061,"P_cell_phone","Cell phone",-0.0222630506393323,0.000374314171494916
5,26062,"P_cell_phone","Cell phone",0.968512145525872,-0.000558523053769022
5,26063,"P_cell_phone","Cell phone",0.552065471622405,-0.000142812466947362
5,26064,"P_cell_phone","Cell phone",0.697769918310105,-0.000100081168056931
5,26065,"P_cell_phone","Cell phone",0.768824343976843,-0.000328466820064932
5,26066,"P_cell_phone","Cell phone",0.755883831774493,-0.000356148899300024
5,26067,"P_cell_phone","Cell phone",0.744816801188788,-0.000453142827609554
5,26068,"P_cell_phone","Cell phone",0.647086973591669,-0.000176368412212469
5,26069,"P_cell_phone","Cell phone",0.0963902159072878,0.000192510749911889
5,26070,"P_cell_phone","Cell phone",1.08069133498513,-0.000928250839933753
5,26071,"P_cell_phone","Cell phone",0.74867194877938,-0.000384910585125908
5,27002,"P_cell_phone","Cell phone",0.631281143294378,-0.000120484590297565
5,27003,"P_cell_phone","Cell phone",0.197142961197842,0.000147640501381829
5,27004,"P_cell_phone","Cell phone",0.981676205812808,-0.000537949672434479
5,27005,"P_cell_phone","Cell phone",0.38683519208993,1.76093926711474e-05
5,27006,"P_cell_phone","Cell phone",0.429624055996572,1.76695066329557e-05
5,27008,"P_cell_phone","Cell phone",0.409871120419559,2.05685919354437e-05
5,27010,"P_cell_phone","Cell phone",0.308810500378487,1.08406320578069e-05
5,27013,"P_cell_phone","Cell phone",0.770483538315879,-0.000283891014987603
5,27014,"P_cell_phone","Cell phone",0.750985071823617,-0.000401004013838246
5,27016,"P_cell_phone","Cell phone",0.536331362760458,-0.000122060926514678
5,28001,"P_cell_phone","Cell phone",0.814319697335731,-0.000381078687496483
5,28002,"P_cell_phone","Cell phone",0.844493129861859,-0.000368908484233543
5,28003,"P_cell_phone","Cell phone",1.10212642147596,-0.000859263178426772
5,28004,"P_cell_phone","Cell phone",0.757659671988481,-0.00034731236519292
5,28005,"P_cell_phone","Cell phone",0.85234365323777,-0.000318273348966613
5,28006,"P_cell_phone","Cell phone",-0.646763202932914,0.000306439847918227
5,28007,"P_cell_phone","Cell phone",0.764256732877157,-0.000459390692412853
5,28008,"P_cell_phone","Cell phone",0.40803012115455,1.71438878169283e-05
5,28009,"P_cell_phone","Cell phone",1.11474672687897,-0.000851853226777166
5,28010,"P_cell_phone","Cell phone",0.590467991203687,-0.000131308421259746
5,28011,"P_cell_phone","Cell phone",0.811604172629387,-0.000374459399608895
5,28012,"P_cell_phone","Cell phone",0.756499649160374,-0.000384315819246694
5,28013,"P_cell_phone","Cell phone",0.761036669377335,-0.000369333254639059
5,28014,"P_cell_phone","Cell phone",0.53438445328051,-0.000347811088431627
5,28015,"P_cell_phone","Cell phone",0.948708112915336,-0.000534374616108835
5,28016,"P_cell_phone","Cell phone",0.71617875801272,-9.9671320640482e-05
5,28017,"P_cell_phone","Cell phone",0.31366508098069,2.35240622714628e-05
5,28018,"P_cell_phone","Cell phone",0.837201369943018,-0.00036693993024528
5,28019,"P_cell_phone","Cell phone",0.492362831027038,-0.000103845370176714
5,28020,"P_cell_phone","Cell phone",0.539123573255284,-0.000111334251414519
5,28021,"P_cell_phone","Cell phone",0.843345116629556,-0.000397607625927776
5,28022,"P_cell_phone","Cell phone",1.06373328971201,-0.000843640940729529
5,28023,"P_cell_phone","Cell phone",0.97736727703803,-0.000609574955888093
5,28024,"P_cell_phone","Cell phone",0.770709859824924,-0.000436327303759754
5,28025,"P_cell_phone","Cell phone",1.05298015372983,-0.000659946235828102
5,28026,"P_cell_phone","Cell phone",-0.630073474158331,0.000290980591671541
5,28027,"P_cell_phone","Cell phone",0.98910313814768,-0.00065865006763488
5,28028,"P_cell_phone","Cell phone",1.02425940108007,-0.000595142075326294
5,28029,"P_cell_phone","Cell phone",0.731313052793911,-0.000373952701920643
5,28030,"P_cell_phone","Cell phone",0.703330937641268,-0.000116266615805216
5,28031,"P_cell_phone","Cell phone",0.277165055576098,0.000162066964549012
5,28032,"P_cell_phone","Cell phone",1.09602897334971,-0.000811319448985159
5,28033,"P_cell_phone","Cell phone",0.949058869538021,-0.000573646044358611
5,28034,"P_cell_phone","Cell phone",-0.839959478251716,0.000317136058583856
5,28035,"P_cell_phone","Cell phone",0.877327666988076,-0.000346418179105967
5,28036,"P_cell_phone","Cell phone",-2.82839792534031,0.000365617597708479
5,28037,"P_cell_phone","Cell phone",0.665392764097153,-0.000107721229142044
5,28038,"P_cell_phone","Cell phone",1.0762489703325,-0.000824510294478387
5,28039,"P_cell_phone","Cell phone",0.0923535190538137,0.000219757755985484
5,28040,"P_cell_phone","Cell phone",0.969347441737753,-0.000534860126208514
5,28041,"P_cell_phone","Cell phone",1.09845392572955,-0.000895064324140549
5,28042,"P_cell_phone","Cell phone",0.400253537515583,3.42545390594751e-05
5,28043,"P_cell_phone","Cell phone",0.793158957050708,-0.000420065800426528
5,30003,"P_cell_phone","Cell phone",0.495335335462542,-0.000120234049973078
5,30012,"P_cell_phone","Cell phone",-0.0441448632174243,0.000303516106214374
5,30015,"P_cell_phone","Cell phone",0.306881644982982,2.91869801003486e-05
5,30032,"P_cell_phone","Cell phone",0.368885362347066,1.77410274773138e-05
5,30039,"P_cell_phone","Cell phone",1.05084972468408,-0.00073880108539015
5,30045,"P_cell_phone","Cell phone",0.635850823786969,-0.000118672163807787
5,30048,"P_cell_phone","Cell phone",0.878352951534696,-0.000327967543853447
5,30054,"P_cell_phone","Cell phone",0.227719911653838,0.000137328563141637
5,30056,"P_cell_phone","Cell phone",-0.787992523412536,0.000297090969979763
5,30059,"P_cell_phone","Cell phone",0.48891820883435,4.07882616855204e-05
5,30061,"P_cell_phone","Cell phone",0.217453300892617,0.000142889184644446
5,30070,"P_cell_phone","Cell phone",-0.193445606553609,0.000296730664558709
5,30072,"P_cell_phone","Cell phone",-0.326855060782517,0.000305096502415836
5,30073,"P_cell_phone","Cell phone",-0.260319421134468,0.000292186712613329
5,30076,"P_cell_phone","Cell phone",-2.13691381147006,0.000248109659878537
5,30077,"P_cell_phone","Cell phone",0.326242045741357,2.68080402747728e-05
5,30082,"P_cell_phone","Cell phone",0.7094999933315,-0.000111506073153578
5,30089,"P_cell_phone","Cell phone",0.624166999696984,-0.000108879001345485
5,30091,"P_cell_phone","Cell phone",0.0439544745955315,0.000213828156120144
5,30094,"P_cell_phone","Cell phone",0.28393221782421,3.03741126117529e-05
5,30097,"P_cell_phone","Cell phone",0.51884677743406,-0.000151735395775177
5,30104,"P_cell_phone","Cell phone",-0.320985205911274,0.000299601146252826
5,30108,"P_cell_phone","Cell phone",0.549527672729195,-0.000116528666694649
5,30111,"P_cell_phone","Cell phone",0.550378232082391,-0.000112060581159312
5,30116,"P_cell_phone","Cell phone",0.527152314323107,-0.000111748900962994
5,30119,"P_cell_phone","Cell phone",0.623266461767858,-0.000121873468742706
5,30120,"P_cell_phone","Cell phone",0.778992878105946,-0.000413230358390138
5,30122,"P_cell_phone","Cell phone",-0.400415737502386,0.000300250307191163
5,30129,"P_cell_phone","Cell phone",0.132380364251153,0.000198832975002006
5,30130,"P_cell_phone","Cell phone",0.0260900949033174,0.000294361991109326
5,30133,"P_cell_phone","Cell phone",0.931557793121028,-0.000340467930072919
5,30139,"P_cell_phone","Cell phone",0.249224569710711,0.000135742244310677
5,30141,"P_cell_phone","Cell phone",0.189944328339359,0.000187290701433085
5,30142,"P_cell_phone","Cell phone",0.0569398849594857,0.000220206944504753
5,30143,"P_cell_phone","Cell phone",0.0329886083075474,0.000303428794723004
5,30144,"P_cell_phone","Cell phone",0.215789339285484,0.000137907802127302
5,30145,"P_cell_phone","Cell phone",0.59191058908541,-0.000113023183075711
5,30149,"P_cell_phone","Cell phone",-0.683157286917437,0.00030972805689089
5,30161,"P_cell_phone","Cell phone",0.149297738836747,0.000200260925339535
5,30169,"P_cell_phone","Cell phone",0.277750062548419,0.000150169362314045
5,30172,"P_cell_phone","Cell phone",-0.266961901912641,0.000300296931527555
5,30176,"P_cell_phone","Cell phone",0.302805553020146,2.05214255402097e-05
5,30190,"P_cell_phone","Cell phone",-0.107271779712547,0.000313555035972968
5,30199,"P_cell_phone","Cell phone",0.308234634319743,3.43011379300151e-06
5,30204,"P_cell_phone","Cell phone",0.857844735176515,-0.000377257500076666
5,30205,"P_cell_phone","Cell phone",0.627780962281878,-0.000116007337055635
5,30206,"P_cell_phone","Cell phone",1.01793409199164,-0.000648034736514091
5,30207,"P_cell_phone","Cell phone",0.641070071930826,-0.000109907865407877
5,30208,"P_cell_phone","Cell phone",0.67700264297561,-0.000132588087581098
5,30209,"P_cell_phone","Cell phone",-0.715161318093125,0.000311069888994098
5,30210,"P_cell_phone","Cell phone",-1.28141133010133,0.000291214731987566
5,30212,"P_cell_phone","Cell phone",-1.36670347786162,0.0003003858437296
5,31001,"P_cell_phone","Cell phone",0.108613392767884,0.000154817098518834
5,31002,"P_cell_phone","Cell phone",0.629166713721539,-0.00013432047853712
5,31003,"P_cell_phone","Cell phone",0.197373268204332,0.000209591453312896
5,31004,"P_cell_phone","Cell phone",0.764887247332326,-0.000379040255211294
5,31005,"P_cell_phone","Cell phone",0.426235492453251,1.53346027218504e-05
5,31006,"P_cell_phone","Cell phone",0.382228362162499,2.64623886323534e-05
5,31007,"P_cell_phone","Cell phone",0.609679544034192,-0.000122660771012306
5,31008,"P_cell_phone","Cell phone",-0.269503115304144,0.000288148934487253
5,31009,"P_cell_phone","Cell phone",0.495898450666753,-0.00012499641161412
5,31010,"P_cell_phone","Cell phone",-0.428593951720878,0.000507687567733228
5,31011,"P_cell_phone","Cell phone",0.596622356394132,-0.000135823502205312
5,31012,"P_cell_phone","Cell phone",0.422929306623813,1.61793777806452e-05
5,31013,"P_cell_phone","Cell phone",1.12127342621906,-0.000727966194972396
5,31014,"P_cell_phone","Cell phone",0.0801136879600055,0.000205538774025626
5,31015,"P_cell_phone","Cell phone",0.279534994952183,0.000132091037812643
5,31016,"P_cell_phone","Cell phone",-0.50246974278168,0.000306960864691064
5,31017,"P_cell_phone","Cell phone",-1.29645126877797,0.00030009524198249
5,31018,"P_cell_phone","Cell phone",0.0109664164361997,0.000288939743768424
5,31019,"P_cell_phone","Cell phone",-0.278939312635312,0.000307322654407471
5,31020,"P_cell_phone","Cell phone",0.61844639951523,-0.00012420437997207
5,31021,"P_cell_phone","Cell phone",-0.139873078739784,0.000500879716128111
5,31022,"P_cell_phone","Cell phone",-0.422101167431156,0.000342696817824617
5,31023,"P_cell_phone","Cell phone",0.51593825172918,-0.000120459866593592
5,31024,"P_cell_phone","Cell phone",0.201516974021834,0.000195961227291264
5,31025,"P_cell_phone","Cell phone",0.665970864333792,-0.000126167549751699
5,31026,"P_cell_phone","Cell phone",0.742160747987727,-0.000337994890287519
5,31027,"P_cell_phone","Cell phone",0.569079110752679,-0.000121298508020118
5,31028,"P_cell_phone","Cell phone",0.851471457779555,-0.000383791193598881
5,31029,"P_cell_phone","Cell phone",0.227722771576729,0.000152837586938404
5,31030,"P_cell_phone","Cell phone",0.0290717878812821,0.000290185067569837
5,31031,"P_cell_phone","Cell phone",0.121305675269327,0.00016298245463986
5,31032,"P_cell_phone","Cell phone",0.15056879390096,0.000186174846021459
5,31033,"P_cell_phone","Cell phone",-0.00794666862216817,0.00028157775523141
5,31034,"P_cell_phone","Cell phone",0.397996630241286,-5.86855662731978e-07
5,31035,"P_cell_phone","Cell phone",0.363749952536211,-2.44664915953763e-05
5,31036,"P_cell_phone","Cell phone",0.294360396162701,1.00902652775403e-05
5,31037,"P_cell_phone","Cell phone",0.420060258694519,6.26344535703538e-06
5,31038,"P_cell_phone","Cell phone",0.661798768416493,-0.000116232593427412
5,31039,"P_cell_phone","Cell phone",0.668072880286498,-0.000116615832666866
5,31040,"P_cell_phone","Cell phone",0.562850139568367,-0.000133748428197578
5,31041,"P_cell_phone","Cell phone",1.09040271449114,-0.000944306084420532
5,31042,"P_cell_phone","Cell phone",0.427682475477082,-2.1372990886448e-05
5,31043,"P_cell_phone","Cell phone",0.15746260408973,0.000199764603166841
5,31044,"P_cell_phone","Cell phone",0.334102753486632,-3.28033183905063e-06
5,31045,"P_cell_phone","Cell phone",0.106368634691293,0.000189558748388663
5,31046,"P_cell_phone","Cell phone",0.547426330697829,-0.000126305123558268
5,31047,"P_cell_phone","Cell phone",0.411606660575383,1.57722915901104e-05
5,31048,"P_cell_phone","Cell phone",-0.0317545341560089,0.000282688211882487
5,31049,"P_cell_phone","Cell phone",0.167821752298569,0.000177288384293206
5,31050,"P_cell_phone","Cell phone",1.1638705335002,-0.000300258456263691
5,31051,"P_cell_phone","Cell phone",0.683234528828658,-0.000144329664180987
5,31052,"P_cell_phone","Cell phone",0.537953207842323,-0.000112752401037142
5,31053,"P_cell_phone","Cell phone",0.425595417731339,2.08720721275313e-05
5,31054,"P_cell_phone","Cell phone",0.383203517582118,1.07714004116133e-05
5,31055,"P_cell_phone","Cell phone",0.282917236992895,0.000123595658806153
5,31056,"P_cell_phone","Cell phone",0.283285604258688,2.85863752651494e-05
5,31057,"P_cell_phone","Cell phone",0.332834948683178,8.8681645138422e-06
5,31058,"P_cell_phone","Cell phone",0.0922536582546392,0.000202807830646634
5,31059,"P_cell_phone","Cell phone",1.06003985805993,-0.000914599047973752
5,31060,"P_cell_phone","Cell phone",0.456864869171863,2.45114188146545e-05
5,31061,"P_cell_phone","Cell phone",0.926768202952645,-0.000230647172429599
5,31062,"P_cell_phone","Cell phone",0.309115698057232,1.06287880043965e-05
5,31063,"P_cell_phone","Cell phone",0.380047217661753,1.12753887151484e-05
5,31064,"P_cell_phone","Cell phone",-0.219284860426776,0.00028888662927784
5,31065,"P_cell_phone","Cell phone",1.11716666015982,-0.000657936499919742
5,31066,"P_cell_phone","Cell phone",0.0485193889149407,0.000200862617930397
5,31067,"P_cell_phone","Cell phone",0.415292324887117,8.77509046404157e-06
5,31068,"P_cell_phone","Cell phone",0.476934373139425,2.94147193926619e-05
5,31069,"P_cell_phone","Cell phone",-0.291265174633176,0.00029964090208523
5,31070,"P_cell_phone","Cell phone",0.721945120245495,-0.000116668015834875
5,31071,"P_cell_phone","Cell phone",-0.0213499781017581,0.000296805112157017
5,31072,"P_cell_phone","Cell phone",0.415878301408336,2.80691565421876e-05
5,31073,"P_cell_phone","Cell phone",-0.544517461284082,0.00050874927546829
5,31074,"P_cell_phone","Cell phone",0.4103677533657,1.50097257574089e-05
5,31075,"P_cell_phone","Cell phone",0.166304395134616,0.000180375849595293
5,31076,"P_cell_phone","Cell phone",0.272013473295459,9.96085727820173e-05
5,31077,"P_cell_phone","Cell phone",0.438393062989281,-1.60667968884809e-05
5,31078,"P_cell_phone","Cell phone",0.280289818605553,0.000142312259413302
5,31079,"P_cell_phone","Cell phone",0.0399376680021091,0.000211974445846863
5,31080,"P_cell_phone","Cell phone",0.482888685519166,1.34216343212756e-05
5,31081,"P_cell_phone","Cell phone",-0.108733272574878,0.000288283277768642
5,31082,"P_cell_phone","Cell phone",0.638045836504925,-0.000115558264951687
5,31083,"P_cell_phone","Cell phone",0.952414597071553,-0.000569248164538294
5,31084,"P_cell_phone","Cell phone",0.326496559170242,-2.16424014070071e-05
5,31085,"P_cell_phone","Cell phone",0.15607276313552,0.000191381215699948
5,31086,"P_cell_phone","Cell phone",-0.0465861402604874,0.000302579312119633
5,31087,"P_cell_phone","Cell phone",0.554479862434008,-0.000152256048750132
5,31088,"P_cell_phone","Cell phone",-0.231151619396955,0.000292868848191574
5,31089,"P_cell_phone","Cell phone",0.63123524602112,-0.000121372417197563
5,31090,"P_cell_phone","Cell phone",0.310746301379224,1.12376028482686e-05
5,31091,"P_cell_phone","Cell phone",0.287028386004413,1.88231933861971e-05
5,31092,"P_cell_phone","Cell phone",-0.793928620755052,0.000315441167913377
5,31093,"P_cell_phone","Cell phone",0.703358287570027,-0.000138584495289251
5,31094,"P_cell_phone","Cell phone",-0.628769866120342,0.000298362603643909
5,31095,"P_cell_phone","Cell phone",0.71109384084127,-0.000122050420031883
5,31096,"P_cell_phone","Cell phone",0.299776728797599,1.60521121870261e-05
5,31097,"P_cell_phone","Cell phone",0.409275500417914,6.79363392919186e-06
5,31098,"P_cell_phone","Cell phone",-0.0803337619683647,0.000288886163616553
5,31099,"P_cell_phone","Cell phone",-0.210130374807264,0.000297918566502631
5,31100,"P_cell_phone","Cell phone",1.00719296943748,-0.000496348948217928
5,31101,"P_cell_phone","Cell phone",0.999009497167026,-0.000592734140809625
5,31102,"P_cell_phone","Cell phone",0.58069143129578,-0.00011143131996505
5,31103,"P_cell_phone","Cell phone",0.342962340763035,6.67660378894652e-06
5,31104,"P_cell_phone","Cell phone",-0.915325998097935,0.000301622232655063
5,31105,"P_cell_phone","Cell phone",0.64830354778174,-0.000111211476905737
5,31106,"P_cell_phone","Cell phone",0.63184401268975,-0.000129331965581514
5,32001,"P_cell_phone","Cell phone",0.731212079011728,-0.000371413276297972
5,32002,"P_cell_phone","Cell phone",-0.323684853775393,0.000310881325276569
5,32003,"P_cell_phone","Cell phone",-0.32531371782192,0.000307305919704959
5,32004,"P_cell_phone","Cell phone",0.778534475277606,-0.000363983388524503
5,32005,"P_cell_phone","Cell phone",0.750004035057974,-0.000347373425029218
5,32006,"P_cell_phone","Cell phone",0.634150495063106,-0.000134203233756125
5,32008,"P_cell_phone","Cell phone",0.257648857452414,0.000145980797242373
5,32009,"P_cell_phone","Cell phone",0.369757203052211,3.73427938029636e-05
5,32010,"P_cell_phone","Cell phone",0.628833961912037,-0.000135801717988215
5,32011,"P_cell_phone","Cell phone",0.489741855130622,-0.000106990919448435
5,32012,"P_cell_phone","Cell phone",0.455979378137967,4.7440506023122e-05
5,32013,"P_cell_phone","Cell phone",0.782630827582401,-0.000379220291506499
5,32015,"P_cell_phone","Cell phone",0.0133736443015692,0.000307288602925837
5,32016,"P_cell_phone","Cell phone",0.295602865136996,2.35725819948129e-05
5,32017,"P_cell_phone","Cell phone",1.11872453417548,-0.00063128094188869
5,32018,"P_cell_phone","Cell phone",-0.011358546230627,0.000308642658637837
5,32019,"P_cell_phone","Cell phone",0.51496731228701,-0.000117814714030828
5,32020,"P_cell_phone","Cell phone",0.543555946791385,-0.000115642462333199
5,32021,"P_cell_phone","Cell phone",-1.18442389666115,0.000315506535116583
5,32023,"P_cell_phone","Cell phone",0.661095745280743,-1.20449212772655e-05
5,32024,"P_cell_phone","Cell phone",0.723033219078636,-0.000118774296424817
5,32025,"P_cell_phone","Cell phone",0.46508149443054,0.000149623025208712
5,32028,"P_cell_phone","Cell phone",-0.120993494305753,0.00035350740654394
5,32030,"P_cell_phone","Cell phone",0.790211551394857,-0.000383238890208304
5,32031,"P_cell_phone","Cell phone",0.484463817614697,2.91042524622753e-05
5,32032,"P_cell_phone","Cell phone",0.696853530911675,-7.61941482778639e-05
5,32033,"P_cell_phone","Cell phone",0.352983475539302,4.41185038653202e-05
5,32034,"P_cell_phone","Cell phone",0.70970867189739,-0.000115351125714369
5,32035,"P_cell_phone","Cell phone",0.420497720142602,4.30653490184341e-05
5,32036,"P_cell_phone","Cell phone",0.444915297258339,5.54116304556374e-05
5,32037,"P_cell_phone","Cell phone",0.212723745016796,0.000140623058541678
5,32038,"P_cell_phone","Cell phone",-0.0886367843807945,0.000298910221317783
5,32039,"P_cell_phone","Cell phone",0.712305307791552,-2.92003369395388e-05
5,32040,"P_cell_phone","Cell phone",-0.143765560258711,0.000310617702780291
5,32041,"P_cell_phone","Cell phone",-2.17397410803227,0.00022289234038908
5,32042,"P_cell_phone","Cell phone",0.603768908436275,-0.000106694802525453
5,32043,"P_cell_phone","Cell phone",-1.00479208123588,0.000328225753037259
5,32044,"P_cell_phone","Cell phone",0.450251419567319,5.473602868733e-05
5,32045,"P_cell_phone","Cell phone",0.68873675276571,-0.0001146271606558
5,32046,"P_cell_phone","Cell phone",-0.49063682714482,0.000316386460326612
5,32047,"P_cell_phone","Cell phone",0.50507957178176,-0.000117316267278511
5,32048,"P_cell_phone","Cell phone",0.740968907969988,-0.000388109765481204
5,32049,"P_cell_phone","Cell phone",-0.21996060261353,0.000279597763437778
5,32050,"P_cell_phone","Cell phone",0.571252306156873,-0.00011783965601353
5,32051,"P_cell_phone","Cell phone",-0.201757989957909,0.000284171779640019
5,32052,"P_cell_phone","Cell phone",0.329689229492088,9.44795192481251e-06
5,32053,"P_cell_phone","Cell phone",0.329366342336221,2.3956004952197e-05
5,32054,"P_cell_phone","Cell phone",0.295140338851684,2.60039651038824e-05
5,32055,"P_cell_phone","Cell phone",0.443029028107445,5.4267711675493e-05
5,32056,"P_cell_phone","Cell phone",1.08962331871314,-0.000722318713087589
5,32057,"P_cell_phone","Cell phone",0.455278548120729,3.84414051950444e-05
5,32058,"P_cell_phone","Cell phone",0.195746411140446,0.000211782637052238
5,1001,"P_migrants","Migrants",0.0910334168851073,0.000251766148721799
5,1002,"P_migrants","Migrants",-0.104415310851077,6.6509768657852e-05
5,1003,"P_migrants","Migrants",1.34962579879029,-9.38033117563464e-05
5,1004,"P_migrants","Migrants",-0.110686012382988,8.50491924211383e-05
5,1005,"P_migrants","Migrants",0.283465688673925,0.000282618508208543
5,1006,"P_migrants","Migrants",-0.0379628940092873,0.000159786373842508
5,1007,"P_migrants","Migrants",0.0627419552250038,0.000159612129209563
5,1008,"P_migrants","Migrants",-0.00076184850109045,0.000131475753732957
5,1009,"P_migrants","Migrants",0.0109108841988288,8.25221504783258e-05
5,1010,"P_migrants","Migrants",0.124521887925976,5.12166043336038e-05
5,1011,"P_migrants","Migrants",-0.0347364740318533,0.000344529980793595
5,2001,"P_migrants","Migrants",1.61627150023901,-0.000462597265141085
5,2002,"P_migrants","Migrants",2.38820467921065,-0.00210121530108154
5,2003,"P_migrants","Migrants",3.79820331379078,-0.00143945182207972
5,2004,"P_migrants","Migrants",3.75424636048725,-0.00217171362601221
5,2005,"P_migrants","Migrants",4.71801944317609,-0.00149380345828831
5,3001,"P_migrants","Migrants",-0.369165572428645,0.000214645609958097
5,3002,"P_migrants","Migrants",-0.199384280837449,0.000455729867098853
5,3003,"P_migrants","Migrants",0.432989110352406,0.00017101717821788
5,3008,"P_migrants","Migrants",0.49720620310971,-0.000158658949658275
5,4001,"P_migrants","Migrants",-0.71291840315706,0.000126173312310129
5,4002,"P_migrants","Migrants",0.0554500109647059,0.000186242323252372
5,4003,"P_migrants","Migrants",-0.0782187492990696,0.000210890735615976
5,4004,"P_migrants","Migrants",1.84066855496253,-6.89194712322205e-05
5,4005,"P_migrants","Migrants",-0.691991146440897,0.000116718336357735
5,4006,"P_migrants","Migrants",-0.185479941777443,0.000116261086077429
5,4007,"P_migrants","Migrants",-0.508629019837133,0.00010442356870044
5,4008,"P_migrants","Migrants",-0.629045927986447,0.000206946671823971
5,4009,"P_migrants","Migrants",-0.271040016666074,0.000105419923784211
5,4010,"P_migrants","Migrants",-0.353300263436225,0.000188874633749947
5,5001,"P_migrants","Migrants",1.35468649004347,-0.000188544145203196
5,5003,"P_migrants","Migrants",1.16897826695625,-0.000137126291519962
5,5004,"P_migrants","Migrants",-0.0387753248638533,0.000150104155181907
5,5005,"P_migrants","Migrants",-0.0800875674066307,8.77416096045636e-05
5,5006,"P_migrants","Migrants",-0.410168177208996,9.25992426346056e-05
5,5007,"P_migrants","Migrants",-0.472502667333591,0.000144025892950594
5,5008,"P_migrants","Migrants",0.40576170257716,-6.72419191687368e-05
5,5009,"P_migrants","Migrants",-0.537626115173806,0.000105127597635146
5,5010,"P_migrants","Migrants",-0.454690182331591,0.000165717821801081
5,5012,"P_migrants","Migrants",0.83299052764147,-0.000231927100685425
5,5013,"P_migrants","Migrants",2.27170529777304,-0.000676770287100226
5,5014,"P_migrants","Migrants",2.65489402539055,-0.000385508843464777
5,5015,"P_migrants","Migrants",1.36997509784584,-0.000208411773201078
5,5016,"P_migrants","Migrants",-0.555100222411467,0.000112982612336054
5,5018,"P_migrants","Migrants",-0.3093170201074,0.000180791685124859
5,5019,"P_migrants","Migrants",2.23158170644929,-0.00142915651667863
5,5021,"P_migrants","Migrants",-0.682319025930298,0.000150233972817659
5,5022,"P_migrants","Migrants",0.80056083932364,-1.59472456289222e-05
5,5025,"P_migrants","Migrants",2.84815116211167,-0.0010828556260094
5,5026,"P_migrants","Migrants",-0.120649562640281,6.7010558268521e-05
5,5027,"P_migrants","Migrants",-0.183420882562454,0.000546273018699139
5,5028,"P_migrants","Migrants",0.10994280162269,0.000220081317820586
5,5029,"P_migrants","Migrants",-0.654466961515461,0.000146924081491306
5,5030,"P_migrants","Migrants",-0.233338373365079,0.000301834807032719
5,5033,"P_migrants","Migrants",-0.473570589305816,0.000105069011624437
5,5034,"P_migrants","Migrants",0.0828539326481147,0.000180350412847474
5,5037,"P_migrants","Migrants",1.1468504004662,-0.000152102875290439
5,6001,"P_migrants","Migrants",0.569682977133085,-4.02669866161887e-05
5,6002,"P_migrants","Migrants",0.502220340108277,7.2275084676221e-05
5,6003,"P_migrants","Migrants",0.395412825598113,-4.83669646200724e-05
5,6004,"P_migrants","Migrants",0.237961423362326,0.000100998993730173
5,6005,"P_migrants","Migrants",0.662954676243252,4.02987534471322e-05
5,6006,"P_migrants","Migrants",1.25442244676751,-0.000108338666905183
5,6007,"P_migrants","Migrants",0.0871639217441953,0.000232258971664123
5,6008,"P_migrants","Migrants",0.477025691185273,-4.65054254163988e-05
5,6009,"P_migrants","Migrants",0.0839103480941665,0.000111082976218313
5,6010,"P_migrants","Migrants",0.384515961117404,6.65489860693924e-05
5,7001,"P_migrants","Migrants",0.166764357552469,4.48128485004418e-05
5,7003,"P_migrants","Migrants",0.335854954967795,-1.18324851428042e-05
5,7006,"P_migrants","Migrants",1.25470650496967,-7.83048235462047e-05
5,7008,"P_migrants","Migrants",0.178796497217657,5.66732560400851e-05
5,7009,"P_migrants","Migrants",-0.471493004433325,0.000114169721200597
5,7010,"P_migrants","Migrants",-0.602638602661332,7.01769167790189e-05
5,7011,"P_migrants","Migrants",-0.0263821984824572,5.55841397726908e-05
5,7012,"P_migrants","Migrants",-0.48644162840689,0.000121534852951299
5,7013,"P_migrants","Migrants",-0.744146784392744,0.000224575196625665
5,7015,"P_migrants","Migrants",2.22513126290423,-0.00115340098273009
5,7017,"P_migrants","Migrants",-0.627953265667273,9.11828319658525e-05
5,7018,"P_migrants","Migrants",-0.616604165763084,9.78001698968001e-05
5,7019,"P_migrants","Migrants",0.205640157082322,0.00014601115253754
5,7020,"P_migrants","Migrants",-0.158408977273356,7.5552765338216e-05
5,7021,"P_migrants","Migrants",-0.594876660412118,7.29507228243165e-05
5,7025,"P_migrants","Migrants",-0.693079280955178,8.72550590429455e-05
5,7027,"P_migrants","Migrants",-0.620437763624776,0.000110228567791637
5,7029,"P_migrants","Migrants",-0.733756456102324,4.07846891903318e-05
5,7030,"P_migrants","Migrants",0.271677181187016,1.72400468727574e-05
5,7032,"P_migrants","Migrants",0.135353554083725,5.53031386516523e-05
5,7033,"P_migrants","Migrants",-0.768562698802449,0.00016306882025674
5,7034,"P_migrants","Migrants",4.15146021185792,-0.000463791366200894
5,7035,"P_migrants","Migrants",3.98525620753258,-0.000411159882787615
5,7036,"P_migrants","Migrants",-0.475685860776854,5.73683792026713e-05
5,7037,"P_migrants","Migrants",1.02812979805079,-6.07473302807193e-05
5,7040,"P_migrants","Migrants",1.65707927690162,-8.99450969882309e-05
5,7041,"P_migrants","Migrants",-0.0596550001583673,5.72873577766586e-05
5,7042,"P_migrants","Migrants",-0.760300997033986,0.000187339101103134
5,7043,"P_migrants","Migrants",-0.699928880856024,0.000203921605134383
5,7045,"P_migrants","Migrants",-0.693728445818884,9.20463644433767e-05
5,7046,"P_migrants","Migrants",-0.66784459789178,8.74129400472157e-05
5,7048,"P_migrants","Migrants",-0.686644992031562,8.50105279823765e-05
5,7051,"P_migrants","Migrants",0.334169732864219,-2.29201323236339e-05
5,7052,"P_migrants","Migrants",-0.278421043467128,0.000152531036292203
5,7053,"P_migrants","Migrants",0.826888792736466,-5.77440441702493e-05
5,7054,"P_migrants","Migrants",3.95382521501599,-0.000432310655014589
5,7055,"P_migrants","Migrants",4.1955176997218,-0.000539331464096904
5,7057,"P_migrants","Migrants",0.687059747167477,-0.000118120202387217
5,7058,"P_migrants","Migrants",-0.748836238874106,0.000124236714327708
5,7060,"P_migrants","Migrants",-0.701850939671466,8.28489428386092e-05
5,7061,"P_migrants","Migrants",-0.661419817546392,0.000128287443658337
5,7062,"P_migrants","Migrants",-0.64640907393165,7.29860039427876e-05
5,7063,"P_migrants","Migrants",-0.673970997022479,7.10800231900066e-05
5,7067,"P_migrants","Migrants",-0.74557235690281,0.000161616771947592
5,7068,"P_migrants","Migrants",-0.688993721746515,9.76569717749953e-05
5,7069,"P_migrants","Migrants",-0.0652558299662558,4.59161419712473e-05
5,7070,"P_migrants","Migrants",-0.707049456440992,5.99918639636599e-05
5,7071,"P_migrants","Migrants",0.137567329275271,7.49121099943295e-05
5,7073,"P_migrants","Migrants",-0.716660900794911,0.000175758701516315
5,7074,"P_migrants","Migrants",-0.665819087474394,9.96594171738252e-05
5,7075,"P_migrants","Migrants",-0.621846126153316,9.12019095267169e-05
5,7079,"P_migrants","Migrants",-0.66281145501398,8.39260901557282e-05
5,7080,"P_migrants","Migrants",-0.435157227326865,8.45651084091514e-05
5,7083,"P_migrants","Migrants",-0.512562045211822,6.07566362305079e-05
5,7084,"P_migrants","Migrants",-0.72461233985486,9.06251589185558e-05
5,7085,"P_migrants","Migrants",-0.734034599401205,6.25394968665205e-05
5,7086,"P_migrants","Migrants",-0.691520461481167,7.46249934309162e-05
5,7087,"P_migrants","Migrants",11.1192737381782,-0.000271194672677666
5,7088,"P_migrants","Migrants",-0.727844824158772,0.000112514891952742
5,7089,"P_migrants","Migrants",5.13533785249714,-0.00104145123623312
5,7090,"P_migrants","Migrants",-0.685872989080414,7.63774005463347e-05
5,7091,"P_migrants","Migrants",-0.713237447062941,8.85180634213611e-05
5,7092,"P_migrants","Migrants",-0.487707282381686,8.45184185891412e-05
5,7097,"P_migrants","Migrants",-0.506266441692771,0.000105330691440031
5,7099,"P_migrants","Migrants",2.58953093281003,-0.000819880631752312
5,7101,"P_migrants","Migrants",-0.412653057772724,0.000145544414408505
5,7102,"P_migrants","Migrants",2.66377496697266,-0.000557157676666975
5,7103,"P_migrants","Migrants",0.333067985802435,-1.50440528159379e-05
5,7104,"P_migrants","Migrants",-0.166983698091501,7.9419813118875e-05
5,7105,"P_migrants","Migrants",1.49919587715816,-5.94599368923809e-05
5,7106,"P_migrants","Migrants",-0.58400375439092,0.000122940895380452
5,7107,"P_migrants","Migrants",-0.516471943822169,9.55243522184901e-05
5,7108,"P_migrants","Migrants",-0.646669792981774,0.000262392335571349
5,7114,"P_migrants","Migrants",4.20928694799196,-0.000617744342889637
5,7115,"P_migrants","Migrants",1.2373330657395,-0.000122742480016313
5,7116,"P_migrants","Migrants",1.32418695194834,-0.000203355011763051
5,7117,"P_migrants","Migrants",0.482823319805558,-0.000115910945169162
5,7120,"P_migrants","Migrants",-0.463655173054082,0.000105416504084133
5,7121,"P_migrants","Migrants",-0.757783063870451,0.000156971713295206
5,7122,"P_migrants","Migrants",-0.672064837211431,8.00336856627837e-05
5,7124,"P_migrants","Migrants",-0.46093324057149,6.75535047776066e-05
5,8001,"P_migrants","Migrants",0.267331708309879,8.7797838205006e-05
5,8002,"P_migrants","Migrants",0.624595999396449,-0.000226072428631596
5,8004,"P_migrants","Migrants",-0.273365907185863,0.00035243303864263
5,8005,"P_migrants","Migrants",7.22131382630877,-0.000988641637377441
5,8006,"P_migrants","Migrants",2.64966113940547,-0.000358996738214046
5,8008,"P_migrants","Migrants",-0.751877948282051,0.00014742738858331
5,8009,"P_migrants","Migrants",-0.542647098386288,0.000108526990516111
5,8010,"P_migrants","Migrants",1.40606502867931,-8.60696090967394e-05
5,8011,"P_migrants","Migrants",0.0679024132476357,0.000172452841070481
5,8012,"P_migrants","Migrants",0.160291814410101,2.9681086743949e-05
5,8013,"P_migrants","Migrants",2.04277882269495,-0.00125393178313971
5,8015,"P_migrants","Migrants",3.25225913397866,-0.000206371594686061
5,8016,"P_migrants","Migrants",1.3372901618104,-0.000221950234845281
5,8017,"P_migrants","Migrants",1.33246102201074,-0.000132258675876074
5,8018,"P_migrants","Migrants",1.70402685943312,-5.24887764186133e-06
5,8019,"P_migrants","Migrants",0.323882549811195,0.000185994809726253
5,8020,"P_migrants","Migrants",-0.692713743879632,7.88193501648493e-05
5,8021,"P_migrants","Migrants",0.283601202359621,0.000150663690874353
5,8022,"P_migrants","Migrants",1.84297231017381,5.25046452821698e-05
5,8023,"P_migrants","Migrants",5.7672354623624,-0.000821571564301848
5,8024,"P_migrants","Migrants",2.40867911032868,-0.00107195903547108
5,8025,"P_migrants","Migrants",3.05957868247153,-0.000552475277800113
5,8026,"P_migrants","Migrants",2.65367139683945,-0.00022710592020303
5,8027,"P_migrants","Migrants",-0.624259706476864,0.000112895395432133
5,8028,"P_migrants","Migrants",5.82046611377998,-0.00122555869165808
5,8030,"P_migrants","Migrants",-0.653732719404574,7.47460217098705e-05
5,8031,"P_migrants","Migrants",0.990617805682573,-0.000133654801174998
5,8034,"P_migrants","Migrants",3.08829090388694,-0.000158870374434628
5,8035,"P_migrants","Migrants",2.81297682992461,-9.21546306926757e-05
5,8037,"P_migrants","Migrants",3.45403164419398,-0.00131003477144986
5,8038,"P_migrants","Migrants",1.59551597400907,-0.000115132970677223
5,8040,"P_migrants","Migrants",0.417253254478278,-5.00716923852451e-05
5,8041,"P_migrants","Migrants",-0.768562698802449,0.000134396235807799
5,8043,"P_migrants","Migrants",2.07714288173605,-0.000435446563642472
5,8045,"P_migrants","Migrants",0.753253212663792,-2.81272405118216e-05
5,8046,"P_migrants","Migrants",-0.768562698802449,0.000134245216031559
5,8047,"P_migrants","Migrants",-0.5125531042538,6.31877992418595e-05
5,8048,"P_migrants","Migrants",3.02877476461902,-0.000306974980048835
5,8050,"P_migrants","Migrants",1.64448048969037,-0.000221575712203048
5,8051,"P_migrants","Migrants",-0.362990573167183,6.84112965245731e-05
5,8052,"P_migrants","Migrants",5.76822294296572,-0.000976916518993676
5,8053,"P_migrants","Migrants",5.91636983207658,-0.000749721308238804
5,8054,"P_migrants","Migrants",2.53230252194047,-0.00144291145261377
5,8055,"P_migrants","Migrants",0.913700957920356,-0.000229202181799337
5,8057,"P_migrants","Migrants",1.67295086448775,-3.34168817062164e-06
5,8061,"P_migrants","Migrants",1.18871413678712,-5.91902971791569e-05
5,8062,"P_migrants","Migrants",0.516117224924114,-0.000138164090458304
5,8063,"P_migrants","Migrants",0.50521997983714,-6.16437100688927e-05
5,8065,"P_migrants","Migrants",-0.674718329169552,7.95709638623521e-05
5,8066,"P_migrants","Migrants",-0.652970010764424,6.96086135576479e-05
5,10001,"P_migrants","Migrants",0.241876832775473,7.71527193137445e-05
5,10002,"P_migrants","Migrants",0.124173879413497,2.18309287447482e-05
5,10003,"P_migrants","Migrants",1.93099342181842,-0.000104804210423026
5,10011,"P_migrants","Migrants",1.99137452876213,-0.000106031206087209
5,10013,"P_migrants","Migrants",0.00833690229897462,0.00011475204519229
5,10018,"P_migrants","Migrants",1.61806466415868,-9.2782276624348e-05
5,10019,"P_migrants","Migrants",-0.291425943201011,8.40097200125456e-05
5,10020,"P_migrants","Migrants",1.00402341520967,-0.000145122990943491
5,10022,"P_migrants","Migrants",0.638078524280831,-9.82611672952771e-05
5,10024,"P_migrants","Migrants",0.955715956568392,-0.000142794757266529
5,10026,"P_migrants","Migrants",-0.627497041866051,8.82747626747005e-05
5,10028,"P_migrants","Migrants",0.649394189099412,-0.000122922429000027
5,10029,"P_migrants","Migrants",2.72200621520348,-0.000529388606082648
5,10030,"P_migrants","Migrants",2.97668291721684,-0.000206511016585864
5,10032,"P_migrants","Migrants",0.954696572702204,-9.02129031601362e-05
5,10033,"P_migrants","Migrants",0.0334963879019996,8.51614022394642e-05
5,10034,"P_migrants","Migrants",-0.191841764208103,0.000248773285420612
5,10035,"P_migrants","Migrants",1.11477412339027,-9.03596519492567e-05
5,10036,"P_migrants","Migrants",-0.381148634560646,0.000103395839687437
5,10037,"P_migrants","Migrants",0.906172458878759,-0.000136649803607725
5,10038,"P_migrants","Migrants",0.252924859967836,4.57101705251262e-05
5,10039,"P_migrants","Migrants",2.97490532432234,-0.00057732395362109
5,11001,"P_migrants","Migrants",-0.0954828746510597,5.63211469852831e-05
5,11003,"P_migrants","Migrants",1.55358210088145,-3.87559812224936e-05
5,11004,"P_migrants","Migrants",0.00902532881332382,6.54957766528241e-05
5,11005,"P_migrants","Migrants",-0.218427318518991,0.000220766189158894
5,11006,"P_migrants","Migrants",-0.395568186693999,0.000115775466838386
5,11007,"P_migrants","Migrants",-0.231959146481014,0.000167075893841684
5,11008,"P_migrants","Migrants",0.503582210406921,-5.94644479861017e-05
5,11009,"P_migrants","Migrants",-0.239170380598602,0.000106441242678557
5,11011,"P_migrants","Migrants",-0.312383019713156,0.000108942826045677
5,11012,"P_migrants","Migrants",0.901161930591439,-7.33801352907903e-05
5,11013,"P_migrants","Migrants",-0.0616085571964284,6.11237628618255e-05
5,11014,"P_migrants","Migrants",-0.234563932114526,0.000112475201603957
5,11015,"P_migrants","Migrants",-0.212420758674278,0.00021330859453883
5,11016,"P_migrants","Migrants",0.0765929088527715,6.08207592449617e-05
5,11017,"P_migrants","Migrants",-0.259600635076454,0.000174234563019127
5,11020,"P_migrants","Migrants",-0.19205523169534,0.000206597222131677
5,11022,"P_migrants","Migrants",0.478428975204548,-6.03630505793262e-05
5,11023,"P_migrants","Migrants",0.0221940302061412,6.83542530168779e-05
5,11024,"P_migrants","Migrants",0.150619218376614,7.76991582824849e-05
5,11025,"P_migrants","Migrants",-0.0964067770924083,9.25682761589997e-05
5,11026,"P_migrants","Migrants",0.107801678998273,3.4878703445429e-05
5,11027,"P_migrants","Migrants",-0.368122464105316,0.000140634831041098
5,11029,"P_migrants","Migrants",-0.136138538496009,8.54392565088347e-05
5,11030,"P_migrants","Migrants",-0.171590004670525,9.99077747110277e-05
5,11031,"P_migrants","Migrants",-0.00369839310901732,0.000124479076475836
5,11032,"P_migrants","Migrants",-0.0700803930930674,0.000190824168385006
5,11033,"P_migrants","Migrants",-0.271497212187982,0.000116158546006773
5,11034,"P_migrants","Migrants",1.02131625237051,-7.85689553595148e-05
5,11035,"P_migrants","Migrants",-0.504788050430904,0.000101966994407121
5,11037,"P_migrants","Migrants",-0.416201002645021,0.000132926958031021
5,11040,"P_migrants","Migrants",-0.364199384301232,0.000106728111859411
5,11042,"P_migrants","Migrants",-0.178120380229928,0.000104614526208024
5,11043,"P_migrants","Migrants",-0.140339675140267,0.000107203624793328
5,11044,"P_migrants","Migrants",-0.259660179751794,0.000111013621790335
5,11045,"P_migrants","Migrants",-0.0172206100580395,8.47097180667333e-05
5,12001,"P_migrants","Migrants",-0.414620911509795,0.000119818032544572
5,12002,"P_migrants","Migrants",0.189775997426843,2.6095553948835e-06
5,12003,"P_migrants","Migrants",-0.219048872982586,8.83510947460309e-05
5,12004,"P_migrants","Migrants",0.431556419095544,-8.92856496648164e-06
5,12005,"P_migrants","Migrants",0.951699758857382,-4.60617775388528e-05
5,12006,"P_migrants","Migrants",-0.294829338512967,7.42781194276176e-05
5,12007,"P_migrants","Migrants",-0.0109584021543185,9.21318787732162e-05
5,12008,"P_migrants","Migrants",0.372482034012427,-3.0346323910635e-05
5,12009,"P_migrants","Migrants",-0.655337571561658,8.29756463645026e-05
5,12010,"P_migrants","Migrants",-0.53425582884777,8.77861239132471e-05
5,12011,"P_migrants","Migrants",-0.4137576560923,0.000108767577330582
5,12012,"P_migrants","Migrants",-0.510160346382101,0.000100529345218092
5,12013,"P_migrants","Migrants",0.0156669701501961,8.1427140685264e-05
5,12014,"P_migrants","Migrants",-0.196497914231686,0.000133315668790601
5,12015,"P_migrants","Migrants",0.274578223218515,3.18216407322325e-05
5,12016,"P_migrants","Migrants",-0.260333679922203,0.000102537611383013
5,12017,"P_migrants","Migrants",0.0218178906617711,6.91735112923197e-05
5,12018,"P_migrants","Migrants",0.245576028697669,6.25570537522435e-05
5,12019,"P_migrants","Migrants",-0.509374399145151,9.31078757275827e-05
5,12020,"P_migrants","Migrants",-0.577526356404203,7.7194425102789e-05
5,12021,"P_migrants","Migrants",-0.326806567742401,0.000110423665319104
5,12022,"P_migrants","Migrants",0.271938427447298,2.10949383472325e-05
5,12023,"P_migrants","Migrants",0.528766845156216,-4.70138693344779e-05
5,12024,"P_migrants","Migrants",-0.0947209704527912,3.04910081467824e-05
5,12025,"P_migrants","Migrants",-0.453704604759591,8.40065986267291e-05
5,12026,"P_migrants","Migrants",0.333705133845644,-3.57680255547166e-05
5,12028,"P_migrants","Migrants",-0.594568068612092,0.000151082305819727
5,12029,"P_migrants","Migrants",-0.395989491515067,0.000126766535686329
5,12030,"P_migrants","Migrants",0.275295883113269,2.80551375908544e-05
5,12031,"P_migrants","Migrants",-0.079538894813692,4.78668407595251e-05
5,12032,"P_migrants","Migrants",-0.551584349020607,8.37278639664873e-05
5,12033,"P_migrants","Migrants",0.381889051452598,-1.67219659488183e-05
5,12034,"P_migrants","Migrants",0.199605453988726,7.06745995557867e-05
5,12035,"P_migrants","Migrants",-0.240266583025918,0.000129108113469556
5,12036,"P_migrants","Migrants",-0.280100857202677,9.32562834350392e-05
5,12037,"P_migrants","Migrants",0.242105780130329,4.41073680121917e-05
5,12038,"P_migrants","Migrants",-0.0925410936527507,0.000233187864068896
5,12039,"P_migrants","Migrants",-0.0764962587939531,6.22938969172537e-05
5,12040,"P_migrants","Migrants",-0.411778889762782,6.17918412899598e-05
5,12041,"P_migrants","Migrants",-0.64797784273534,0.000105967475974467
5,12042,"P_migrants","Migrants",-0.5917530473554,9.45686115301214e-05
5,12043,"P_migrants","Migrants",-0.105208396569962,4.24705285695381e-05
5,12044,"P_migrants","Migrants",-0.450202646521707,0.000111100780486595
5,12045,"P_migrants","Migrants",-0.196802684932772,9.12428586161695e-05
5,12047,"P_migrants","Migrants",-0.277024156452399,8.49380230647512e-05
5,12048,"P_migrants","Migrants",-0.236701860465628,0.000103051861515269
5,12050,"P_migrants","Migrants",-0.306838000880143,0.000100308010587469
5,12051,"P_migrants","Migrants",-0.443374266594806,6.97785508236848e-05
5,12052,"P_migrants","Migrants",-0.61213775595029,0.000118072814075276
5,12053,"P_migrants","Migrants",0.407460938509411,-2.93888242595131e-05
5,12054,"P_migrants","Migrants",-0.456942519985976,8.3906103100162e-05
5,12055,"P_migrants","Migrants",-0.423959822043331,0.000101042445749044
5,12056,"P_migrants","Migrants",-0.509369686205853,9.77684903773479e-05
5,12057,"P_migrants","Migrants",-0.0406856422109835,8.37543993839063e-05
5,12058,"P_migrants","Migrants",-0.11694045403938,5.46368210052606e-05
5,12059,"P_migrants","Migrants",-0.00856799276423479,7.6080446888227e-05
5,12061,"P_migrants","Migrants",-0.5941802984921,0.000113301139208488
5,12062,"P_migrants","Migrants",-0.240440580233893,8.89133298187517e-05
5,12063,"P_migrants","Migrants",-0.73131463855304,8.17671825643629e-05
5,12064,"P_migrants","Migrants",0.293959349215683,3.90709610655904e-05
5,12065,"P_migrants","Migrants",0.188229297208103,3.13364980684128e-05
5,12066,"P_migrants","Migrants",-0.194118882619484,0.000128518149722368
5,12067,"P_migrants","Migrants",-0.268843490926334,0.000111284440208692
5,12068,"P_migrants","Migrants",0.109625578988266,-1.30156422528671e-05
5,12069,"P_migrants","Migrants",-0.344465239885425,6.98620133334771e-05
5,12070,"P_migrants","Migrants",1.29962149968681,-0.000156326670548879
5,12071,"P_migrants","Migrants",-0.607659632862242,8.7596068624407e-05
5,12072,"P_migrants","Migrants",-0.752898583919952,0.000152059306856245
5,12073,"P_migrants","Migrants",0.0812573673701392,7.22215627320111e-05
5,12074,"P_migrants","Migrants",-0.601267766970684,7.64489086577669e-05
5,12075,"P_migrants","Migrants",-0.382686211506265,9.47162552620284e-05
5,12076,"P_migrants","Migrants",-0.742845079956453,0.000168711936566979
5,12077,"P_migrants","Migrants",-0.162982345904336,0.000101595083833672
5,12078,"P_migrants","Migrants",-0.53402988687275,5.76165184611455e-05
5,12079,"P_migrants","Migrants",-0.722540732850139,0.000105908846308012
5,12080,"P_migrants","Migrants",0.872520104419092,-7.01775134075433e-05
5,12081,"P_migrants","Migrants",-0.390305252549182,0.000105683000583667
5,13006,"P_migrants","Migrants",0.766734327895343,-0.000115440700028557
5,13012,"P_migrants","Migrants",0.582342898168306,-8.98828147910535e-05
5,13014,"P_migrants","Migrants",-0.646333417864223,7.96534804976545e-05
5,13015,"P_migrants","Migrants",1.34153663946808,-0.00015511155652348
5,13018,"P_migrants","Migrants",0.175350866827354,3.08456365019083e-05
5,13020,"P_migrants","Migrants",-0.296864196808159,6.41273654764518e-05
5,13026,"P_migrants","Migrants",-0.680217828433122,9.025488543557e-05
5,13028,"P_migrants","Migrants",-0.690712663685572,9.65495346463285e-05
5,13029,"P_migrants","Migrants",0.248850550728531,2.19939720409457e-05
5,13030,"P_migrants","Migrants",1.05081763221202,-9.88991087069735e-05
5,13031,"P_migrants","Migrants",0.286755557125272,3.21747284033336e-05
5,13032,"P_migrants","Migrants",-0.69706342691989,8.68592978804372e-05
5,13033,"P_migrants","Migrants",-0.183442188055338,9.41688776947558e-05
5,13034,"P_migrants","Migrants",-0.540270802440346,8.81006926647387e-05
5,13036,"P_migrants","Migrants",-0.0523969928200858,4.38925380876753e-05
5,13037,"P_migrants","Migrants",0.155108860207827,5.07034164911602e-05
5,13040,"P_migrants","Migrants",0.198198596029641,1.80642855411861e-05
5,13042,"P_migrants","Migrants",-0.330177229975859,0.000109415232145693
5,13043,"P_migrants","Migrants",0.266457735771796,8.71146494318964e-06
5,13046,"P_migrants","Migrants",-0.634229797523292,5.74266632611398e-05
5,13047,"P_migrants","Migrants",0.478654888986512,-7.22924596630037e-05
5,13049,"P_migrants","Migrants",0.260784135925709,1.78135378519073e-05
5,13055,"P_migrants","Migrants",0.28291941812941,1.45371523103677e-05
5,13058,"P_migrants","Migrants",0.924908324750561,-8.66417831275612e-05
5,13059,"P_migrants","Migrants",0.307649808230056,-1.84677955985535e-05
5,13062,"P_migrants","Migrants",-0.530776151582529,7.47052908991463e-05
5,13068,"P_migrants","Migrants",-0.558851445800341,7.86702657933347e-05
5,13071,"P_migrants","Migrants",0.24505515633809,1.40135844048928e-05
5,13073,"P_migrants","Migrants",-0.641465917651955,8.40641223476268e-05
5,13079,"P_migrants","Migrants",-0.513991804390796,0.000101874065876473
5,13080,"P_migrants","Migrants",-0.730466033187531,7.13422705302946e-05
5,13081,"P_migrants","Migrants",-0.322392023756094,0.000114140573714394
5,13084,"P_migrants","Migrants",0.665102254137866,-8.40224965941161e-05
5,14001,"P_migrants","Migrants",0.728219916362871,-6.4605446823407e-05
5,14002,"P_migrants","Migrants",0.169865243246481,0.000146830265293829
5,14003,"P_migrants","Migrants",0.728632235117027,-4.9563343054615e-05
5,14004,"P_migrants","Migrants",0.16433189445937,7.47924350434914e-05
5,14005,"P_migrants","Migrants",0.28043884170566,7.40475006750785e-05
5,14006,"P_migrants","Migrants",0.854813974903867,-1.40393549372675e-05
5,14007,"P_migrants","Migrants",0.825616357391785,-9.56114672590047e-05
5,14008,"P_migrants","Migrants",0.326537475856129,5.70746888115536e-05
5,14009,"P_migrants","Migrants",0.465629835915992,-2.44335496972781e-05
5,14010,"P_migrants","Migrants",-0.368712746830513,8.56910191942006e-05
5,14011,"P_migrants","Migrants",0.0541755382018003,7.16513604857028e-05
5,14012,"P_migrants","Migrants",1.57297849905738,-0.000130106636788696
5,14013,"P_migrants","Migrants",0.0274281689027,8.19175911601633e-05
5,14014,"P_migrants","Migrants",0.248338924751754,9.0896737674484e-06
5,14015,"P_migrants","Migrants",0.430882938660275,2.46715444518486e-05
5,14016,"P_migrants","Migrants",0.378848876686701,2.35586185226566e-06
5,14017,"P_migrants","Migrants",0.691385342060162,-9.30005990085192e-05
5,14018,"P_migrants","Migrants",0.379875734532198,-4.0203220123658e-05
5,14019,"P_migrants","Migrants",-0.274790524891079,0.000108524487586692
5,14020,"P_migrants","Migrants",0.649469412873305,-0.000136945091071539
5,14021,"P_migrants","Migrants",0.495022437547394,-3.3900225389516e-05
5,14022,"P_migrants","Migrants",0.788183932407715,-5.43930764251854e-05
5,14023,"P_migrants","Migrants",0.0956861865612022,0.000109812164737377
5,14024,"P_migrants","Migrants",0.503217587726179,-4.77134781249333e-05
5,14025,"P_migrants","Migrants",0.912238739135532,-5.31850637344178e-05
5,14026,"P_migrants","Migrants",0.9989804959196,-6.20844002696685e-05
5,14027,"P_migrants","Migrants",0.122261709782547,3.79745797545183e-05
5,14028,"P_migrants","Migrants",1.27252427147094,-0.000176873145392165
5,14029,"P_migrants","Migrants",0.676991579995232,-5.05455027450807e-05
5,14030,"P_migrants","Migrants",8.4063949491835,-0.00132878625299782
5,14031,"P_migrants","Migrants",0.726785061758798,-6.96343413437717e-05
5,14032,"P_migrants","Migrants",0.378071171219968,-6.81084929965436e-05
5,14033,"P_migrants","Migrants",1.22472467503339,-6.89872176735662e-05
5,14034,"P_migrants","Migrants",1.51543176132534,-4.57385476693162e-06
5,14035,"P_migrants","Migrants",0.499381815240053,-6.2969462305773e-05
5,14036,"P_migrants","Migrants",0.147849103020499,5.62707900826354e-05
5,14037,"P_migrants","Migrants",0.914778132853762,-6.68226421112195e-05
5,14038,"P_migrants","Migrants",0.649870911132331,-9.46340223890729e-05
5,14039,"P_migrants","Migrants",-0.0071937203399852,0.0002164500328945
5,14040,"P_migrants","Migrants",0.244258260797487,4.78921465401072e-05
5,14041,"P_migrants","Migrants",1.64557994371688,-4.99672059959266e-05
5,14042,"P_migrants","Migrants",1.08370748759993,-7.90112171671353e-05
5,14043,"P_migrants","Migrants",1.25418494188021,-0.000124327358207665
5,14044,"P_migrants","Migrants",-0.190294668346802,0.000225904455874115
5,14045,"P_migrants","Migrants",1.5363476919509,-9.33799456106499e-05
5,14046,"P_migrants","Migrants",1.58467046318099,-5.35238323209342e-05
5,14047,"P_migrants","Migrants",0.388843633838363,-4.27743143518455e-05
5,14048,"P_migrants","Migrants",1.34734118948376,-0.000101347148302011
5,14049,"P_migrants","Migrants",1.28211471199769,-0.000280627340544015
5,14050,"P_migrants","Migrants",1.00500004054642,-7.12041291990317e-05
5,14051,"P_migrants","Migrants",-0.101152401540234,0.000155386005644687
5,14052,"P_migrants","Migrants",0.878962147373045,-4.81140050396789e-05
5,14053,"P_migrants","Migrants",-0.0386729154652353,8.90789233380929e-05
5,14054,"P_migrants","Migrants",1.1260612286425,-3.93266509490786e-06
5,14055,"P_migrants","Migrants",0.712645894272326,-0.000102161364338826
5,14056,"P_migrants","Migrants",1.97717783898225,-0.000102569953014608
5,14057,"P_migrants","Migrants",1.31828304020345,-0.0001206507513416
5,14058,"P_migrants","Migrants",0.831763095933296,-7.94452571426518e-05
5,14059,"P_migrants","Migrants",0.477228414298633,-4.40092080680188e-05
5,14060,"P_migrants","Migrants",1.05743543443999,-4.76848108519334e-05
5,14061,"P_migrants","Migrants",-0.39333750506617,8.66460541146807e-05
5,14062,"P_migrants","Migrants",1.35082732953735,-0.000168119935551658
5,14063,"P_migrants","Migrants",-0.0433245536599913,0.000118591240607202
5,14064,"P_migrants","Migrants",0.0599204194926961,5.22102600370999e-05
5,14065,"P_migrants","Migrants",1.11692859166792,-7.09416563040577e-05
5,14066,"P_migrants","Migrants",0.106513358745727,1.39555013447534e-05
5,14067,"P_migrants","Migrants",1.10664675401843,-0.00049419718561694
5,14068,"P_migrants","Migrants",1.37162798251348,-3.76280331693124e-05
5,14069,"P_migrants","Migrants",1.05575829340621,-6.83288963045925e-05
5,14070,"P_migrants","Migrants",-0.279504091014227,0.000320557825034484
5,14071,"P_migrants","Migrants",0.487037630125404,-3.7208210414974e-05
5,14072,"P_migrants","Migrants",1.06055021461207,-4.48093815066386e-05
5,14073,"P_migrants","Migrants",0.352689899298468,-2.0653005776694e-05
5,14074,"P_migrants","Migrants",2.9006576325805,-0.000334374781232327
5,14075,"P_migrants","Migrants",-0.296816264852838,0.000114412869152147
5,14076,"P_migrants","Migrants",1.21214274820976,-7.23812045180239e-05
5,14077,"P_migrants","Migrants",1.74685268663034,-5.61634115001652e-05
5,14078,"P_migrants","Migrants",0.81080610400032,-4.87756697111763e-05
5,14079,"P_migrants","Migrants",-0.173555212959117,0.000116107359644957
5,14080,"P_migrants","Migrants",1.13687354214642,-0.000144683435792103
5,14081,"P_migrants","Migrants",1.02478657799887,-7.26561920600943e-05
5,14082,"P_migrants","Migrants",-0.15170765029586,0.00013726731413044
5,14083,"P_migrants","Migrants",0.24704968634533,5.58015781280119e-05
5,14084,"P_migrants","Migrants",0.265803329818865,2.94739911623765e-05
5,14085,"P_migrants","Migrants",1.02485188909406,-8.53185119922273e-05
5,14086,"P_migrants","Migrants",-0.35714022822987,0.000101323093986139
5,14087,"P_migrants","Migrants",0.757273249329344,-9.97627066681162e-05
5,14088,"P_migrants","Migrants",1.02627180889628,-5.31971054442693e-05
5,14089,"P_migrants","Migrants",0.200746713619356,5.72153803659603e-05
5,14090,"P_migrants","Migrants",0.983679189024769,-8.58812127262354e-05
5,14091,"P_migrants","Migrants",0.701635345989659,-9.69843385973945e-05
5,14092,"P_migrants","Migrants",0.559611738797207,-5.52397505089175e-05
5,14093,"P_migrants","Migrants",0.327766117986201,5.7713008573046e-05
5,14094,"P_migrants","Migrants",-0.00507497642414087,0.000144975565490313
5,14095,"P_migrants","Migrants",0.975900343158576,-8.36514300317504e-05
5,14096,"P_migrants","Migrants",0.630247285377994,-6.11755458521657e-05
5,14097,"P_migrants","Migrants",-0.0815244208984178,0.000210085956496187
5,14098,"P_migrants","Migrants",-0.230146025636333,0.000225186042371206
5,14099,"P_migrants","Migrants",-0.022914117961171,8.30297794891521e-05
5,14100,"P_migrants","Migrants",0.455587315027582,-1.97639528778382e-05
5,14101,"P_migrants","Migrants",-0.327824344604361,0.000219143854337744
5,14102,"P_migrants","Migrants",0.807965658245172,-6.98487929184921e-05
5,14103,"P_migrants","Migrants",0.214510867404185,8.79421713761985e-05
5,14104,"P_migrants","Migrants",0.536046591220685,-6.22998559265397e-05
5,14105,"P_migrants","Migrants",0.446362414395692,-1.3567343557952e-05
5,14106,"P_migrants","Migrants",-0.1509710972941,9.1711430286523e-05
5,14107,"P_migrants","Migrants",1.0548688231449,-4.59092043456621e-05
5,14108,"P_migrants","Migrants",-0.107106747844096,0.000139973461045884
5,14109,"P_migrants","Migrants",0.523249269444512,-6.90759625285864e-05
5,14110,"P_migrants","Migrants",1.17254498276564,-6.53936367598362e-05
5,14111,"P_migrants","Migrants",0.849281081904504,6.54389368719421e-05
5,14112,"P_migrants","Migrants",2.87300219594019,-0.000680191093124449
5,14113,"P_migrants","Migrants",0.24291875323135,7.85302618169226e-05
5,14114,"P_migrants","Migrants",1.03669259320599,-8.55234320624731e-05
5,14115,"P_migrants","Migrants",0.865817395042053,-7.08087027305737e-05
5,14116,"P_migrants","Migrants",1.89001155491074,-0.000154899840708822
5,14117,"P_migrants","Migrants",1.802037402561,-2.49477834586287e-05
5,14118,"P_migrants","Migrants",1.81437286004509,-6.49469875497743e-05
5,14119,"P_migrants","Migrants",0.295675446475327,5.27233714819886e-05
5,14120,"P_migrants","Migrants",0.400320093056506,0.000225945870624855
5,14121,"P_migrants","Migrants",0.467130718658658,6.20121954852948e-06
5,14122,"P_migrants","Migrants",0.227302032756562,5.95088531554211e-05
5,14123,"P_migrants","Migrants",0.547776321823163,-2.59744829236297e-05
5,14124,"P_migrants","Migrants",0.552091125353545,-6.59985525999218e-05
5,14125,"P_migrants","Migrants",1.07915264462645,-4.16164839407429e-05
5,15105,"P_migrants","Migrants",0.216898090978871,6.4148822275456e-05
5,16001,"P_migrants","Migrants",0.196667974311088,3.43272440659348e-05
5,16002,"P_migrants","Migrants",0.824154267355253,-6.56398115097545e-05
5,16004,"P_migrants","Migrants",0.294566597582582,2.80934746115236e-05
5,16006,"P_migrants","Migrants",0.206714611385764,8.05727831902914e-05
5,16008,"P_migrants","Migrants",0.0153744465129043,7.37981899874285e-05
5,16009,"P_migrants","Migrants",-0.0716644791844166,5.4892741900403e-05
5,16010,"P_migrants","Migrants",0.0647296145843467,6.42672093817964e-05
5,16011,"P_migrants","Migrants",0.278039820276549,2.63510210061213e-05
5,16012,"P_migrants","Migrants",1.02831790118476,-9.45576175581664e-05
5,16014,"P_migrants","Migrants",0.801773081552679,-0.000101028679637238
5,16015,"P_migrants","Migrants",0.750070115076921,-0.000210775615414605
5,16016,"P_migrants","Migrants",0.285090021293362,5.34846403752454e-05
5,16019,"P_migrants","Migrants",1.13033572643938,-1.96503788174596e-05
5,16021,"P_migrants","Migrants",-0.0880741641479469,3.95861497963779e-05
5,16023,"P_migrants","Migrants",1.31600169471312,-3.91551257052924e-05
5,16024,"P_migrants","Migrants",0.512773467324584,-0.000113117108412553
5,16025,"P_migrants","Migrants",-0.434604178231771,0.00014863999967929
5,16026,"P_migrants","Migrants",1.20201510308574,-0.000141471726237796
5,16027,"P_migrants","Migrants",0.619602101253458,-3.81358440790791e-05
5,16028,"P_migrants","Migrants",1.7291013354523,-6.59990234908037e-07
5,16029,"P_migrants","Migrants",-0.0598497935046708,5.42226007382851e-05
5,16030,"P_migrants","Migrants",0.929431817984852,2.53797516052146e-05
5,16032,"P_migrants","Migrants",-0.00291840588423576,4.57154674222693e-05
5,16033,"P_migrants","Migrants",-0.177403131014032,0.000103386235423386
5,16035,"P_migrants","Migrants",0.1445802064442,5.16101281391457e-05
5,16036,"P_migrants","Migrants",0.782503770157817,-5.45893017260823e-05
5,16037,"P_migrants","Migrants",0.43869665275912,-1.51157491927734e-05
5,16039,"P_migrants","Migrants",0.0132747000183759,6.30102586001158e-05
5,16042,"P_migrants","Migrants",0.368996493531179,-2.31871381402016e-05
5,16043,"P_migrants","Migrants",-0.0288888967129306,0.000125662714708596
5,16044,"P_migrants","Migrants",0.770494338120195,-6.18769627180882e-05
5,16045,"P_migrants","Migrants",0.833079147816097,-8.43984598759562e-05
5,16048,"P_migrants","Migrants",0.295449773274113,3.93181508115958e-05
5,16051,"P_migrants","Migrants",1.34282343353649,2.74706289928872e-05
5,16052,"P_migrants","Migrants",-0.0581586517989735,0.000217159467865713
5,16053,"P_migrants","Migrants",0.107445838454666,5.07097647641785e-05
5,16054,"P_migrants","Migrants",0.65586414599872,-3.62719583790749e-05
5,16055,"P_migrants","Migrants",-0.0143905525044856,6.96203132974915e-05
5,16056,"P_migrants","Migrants",-0.153485566470745,8.3100276242476e-05
5,16058,"P_migrants","Migrants",0.217788533900629,0.000149617655551992
5,16059,"P_migrants","Migrants",0.345499291221099,-2.7984624466626e-05
5,16060,"P_migrants","Migrants",0.157661077067975,4.54539440397639e-05
5,16062,"P_migrants","Migrants",0.572814054771426,-1.20384747788194e-05
5,16063,"P_migrants","Migrants",0.172279299092917,5.77840037294663e-05
5,16064,"P_migrants","Migrants",0.369935008433771,-4.27818713433226e-06
5,16065,"P_migrants","Migrants",0.378826383326365,-0.000129442007164471
5,16066,"P_migrants","Migrants",-0.00354362638495914,0.000134860805701464
5,16067,"P_migrants","Migrants",0.821292591288705,-3.63094259228092e-05
5,16068,"P_migrants","Migrants",0.24582926343103,8.49756397656165e-05
5,16069,"P_migrants","Migrants",0.161280464085504,6.52308299322613e-05
5,16070,"P_migrants","Migrants",0.874940644668549,1.12927682494046e-05
5,16071,"P_migrants","Migrants",0.457293199822352,-2.05855303647695e-05
5,16073,"P_migrants","Migrants",-0.0870445499612821,4.47611273557413e-05
5,16074,"P_migrants","Migrants",0.505488336386301,-3.35032527800649e-05
5,16075,"P_migrants","Migrants",0.272963170813549,0.000123016216093674
5,16076,"P_migrants","Migrants",0.0752465278194315,7.31497711967677e-05
5,16077,"P_migrants","Migrants",0.467904745871271,-3.89077358704526e-05
5,16079,"P_migrants","Migrants",-0.231702794535359,7.40524628781714e-05
5,16082,"P_migrants","Migrants",0.138301008464794,7.57987654651515e-05
5,16083,"P_migrants","Migrants",0.0672248758315198,0.000103910024336074
5,16084,"P_migrants","Migrants",0.0792507087099431,5.32532249053475e-05
5,16085,"P_migrants","Migrants",0.877346063102205,-1.49278184835566e-05
5,16086,"P_migrants","Migrants",-0.0120027115018597,6.79814838804305e-05
5,16087,"P_migrants","Migrants",0.414447169480764,-4.25848302256782e-05
5,16089,"P_migrants","Migrants",1.81160804686315,-4.20780597778503e-05
5,16090,"P_migrants","Migrants",-0.354009728549189,0.000190159073099494
5,16091,"P_migrants","Migrants",0.812309274139646,-8.03792572696693e-05
5,16094,"P_migrants","Migrants",1.19662123098832,-1.86585452865984e-07
5,16095,"P_migrants","Migrants",0.108869985335837,-6.73520407872275e-05
5,16096,"P_migrants","Migrants",0.430202157163111,-5.6876666349126e-05
5,16097,"P_migrants","Migrants",0.00163329262366185,6.2463506765198e-05
5,16100,"P_migrants","Migrants",0.0886948188149341,4.7045512474142e-05
5,16102,"P_migrants","Migrants",-0.00902047722638195,0.000135827314807102
5,16103,"P_migrants","Migrants",0.80212576823302,-4.73414402222261e-05
5,16104,"P_migrants","Migrants",0.987237919620759,-5.91913230891805e-05
5,16105,"P_migrants","Migrants",0.320387559017369,2.25069816224277e-05
5,16106,"P_migrants","Migrants",-0.0459551848082713,9.04765402083285e-05
5,16107,"P_migrants","Migrants",-0.106357337868751,9.21756218303926e-05
5,16108,"P_migrants","Migrants",0.0493101900595205,0.000114308430056553
5,16109,"P_migrants","Migrants",1.12613196596132,1.34325337057817e-05
5,16111,"P_migrants","Migrants",-0.232048463963908,9.9523487733677e-05
5,16113,"P_migrants","Migrants",0.823596792890039,-4.69763363071252e-05
5,17003,"P_migrants","Migrants",0.443499923549808,-3.5533001209842e-05
5,17017,"P_migrants","Migrants",0.0077944406364083,9.8282216640655e-05
5,17025,"P_migrants","Migrants",-0.0898085117129071,7.49120299587958e-05
5,18002,"P_migrants","Migrants",0.697249043927932,-7.53341955714859e-05
5,18003,"P_migrants","Migrants",1.13852117632715,-7.50704057281837e-05
5,18004,"P_migrants","Migrants",1.16351726249218,-7.89374971645884e-05
5,18006,"P_migrants","Migrants",1.01676314890863,-1.13016549221356e-05
5,18007,"P_migrants","Migrants",-0.033988458673042,0.00010995841876138
5,18008,"P_migrants","Migrants",0.176210991875796,0.000173014690517448
5,18009,"P_migrants","Migrants",-0.647593947281095,9.42560291150585e-05
5,18010,"P_migrants","Migrants",0.34363916691243,-3.88431908504572e-06
5,18011,"P_migrants","Migrants",0.113995760260221,3.53673131030519e-05
5,18012,"P_migrants","Migrants",0.778316180277263,-0.00011066426668549
5,18013,"P_migrants","Migrants",1.26244341930276,-0.000182018236955628
5,18014,"P_migrants","Migrants",0.631204980017001,-9.06131026567891e-05
5,18015,"P_migrants","Migrants",0.129684431295029,0.000126061582705006
5,18017,"P_migrants","Migrants",0.150055099747725,0.000182225543539971
5,18018,"P_migrants","Migrants",0.219515368016001,0.000168672311701812
5,18019,"P_migrants","Migrants",0.250588739127571,-1.50977293742471e-05
5,18020,"P_migrants","Migrants",1.23807485137257,-0.00057660968741402
5,19001,"P_migrants","Migrants",-0.291845474678817,0.000250728917308152
5,19002,"P_migrants","Migrants",2.12132285997301,-0.000825438881292939
5,19003,"P_migrants","Migrants",8.32165944320008,-0.000940011639613658
5,19004,"P_migrants","Migrants",-0.162587634653805,0.000266007584286854
5,19005,"P_migrants","Migrants",2.31076334097992,-0.00208323472179472
5,19006,"P_migrants","Migrants",-0.0906537216946311,0.000354559364495799
5,19007,"P_migrants","Migrants",-0.586692241450449,8.43920424813405e-05
5,19008,"P_migrants","Migrants",-0.0225104657526186,0.000160015217261389
5,19009,"P_migrants","Migrants",-0.235131364367336,0.000170126921148039
5,19010,"P_migrants","Migrants",-0.325607567792054,0.000268936331849545
5,19011,"P_migrants","Migrants",2.85528933486281,-0.00161522545386106
5,19012,"P_migrants","Migrants",-0.14402256137921,0.000465693417936563
5,19013,"P_migrants","Migrants",2.38610391870585,-0.00223924266174436
5,19014,"P_migrants","Migrants",-0.253642509023469,0.000100304598163348
5,19015,"P_migrants","Migrants",2.02421160674805,-0.000387111125746742
5,19016,"P_migrants","Migrants",0.0697420712767396,0.000239021886955015
5,19017,"P_migrants","Migrants",-0.46277119855928,9.98460018308833e-05
5,19018,"P_migrants","Migrants",-0.000722961818100968,0.000407914078095928
5,19019,"P_migrants","Migrants",1.79478453763624,-0.000216885688132606
5,19020,"P_migrants","Migrants",4.55023657787256,-0.00195001787506044
5,19021,"P_migrants","Migrants",-0.215579318904208,0.000358417222741991
5,19022,"P_migrants","Migrants",1.40951028410196,-0.000164247074280865
5,19023,"P_migrants","Migrants",6.05191821872605,-0.00128642050549388
5,19024,"P_migrants","Migrants",-0.573838580549474,9.11849783733487e-05
5,19025,"P_migrants","Migrants",-0.469995293409528,0.000275010213954374
5,19026,"P_migrants","Migrants",-0.142508655323925,0.000208986224606633
5,19027,"P_migrants","Migrants",3.55110889659266,-0.00112584978342056
5,19028,"P_migrants","Migrants",-0.42583164365119,0.000166657118825242
5,19029,"P_migrants","Migrants",0.289011599347296,8.46502734930255e-05
5,19030,"P_migrants","Migrants",-0.74006759399557,0.000142430071718991
5,19031,"P_migrants","Migrants",-0.233191842772627,0.000319791462970898
5,19032,"P_migrants","Migrants",1.88386817322251,-0.000127127495943569
5,19033,"P_migrants","Migrants",-0.0555819831008238,0.000211646518437192
5,19034,"P_migrants","Migrants",-0.12450749298937,0.000273439072770998
5,19035,"P_migrants","Migrants",2.84349445386557,-0.000577798462472856
5,19036,"P_migrants","Migrants",-0.0560584354201682,3.37222518282942e-05
5,19037,"P_migrants","Migrants",-0.597242611385819,0.000206195472856052
5,19038,"P_migrants","Migrants",0.485170996039962,0.000215004896745086
5,19039,"P_migrants","Migrants",0.391750103033261,0.000122438330436125
5,19040,"P_migrants","Migrants",1.72639806395389,-9.21383398235776e-05
5,19041,"P_migrants","Migrants",-0.422452614658298,0.000293024000711739
5,19042,"P_migrants","Migrants",5.07663718141576,-0.00172238517552614
5,19043,"P_migrants","Migrants",-0.491461608886324,6.87257779645734e-05
5,19044,"P_migrants","Migrants",0.81737298298966,-9.58151304075727e-06
5,19045,"P_migrants","Migrants",-0.398707454415287,0.000466798344859853
5,19046,"P_migrants","Migrants",-0.0787266866842734,0.000213781589991413
5,19047,"P_migrants","Migrants",-0.568861881110786,0.000239789937040769
5,19048,"P_migrants","Migrants",-0.112536916622375,0.000212167375138961
5,19049,"P_migrants","Migrants",0.0609265798755626,0.000218572997255251
5,19050,"P_migrants","Migrants",1.11705705333039,-3.82013058697339e-05
5,19051,"P_migrants","Migrants",0.285284852230407,0.000134469009935856
5,20001,"P_migrants","Migrants",-0.0948934847059887,2.41642319451785e-05
5,20002,"P_migrants","Migrants",-0.0753675977005562,4.67969912278932e-05
5,20003,"P_migrants","Migrants",-0.731665621432992,6.56632037134841e-05
5,20004,"P_migrants","Migrants",-0.0045232242096512,5.50006479898002e-05
5,20005,"P_migrants","Migrants",-0.626882856127686,0.000122074212413281
5,20006,"P_migrants","Migrants",-0.387196688946086,0.000116743234684691
5,20007,"P_migrants","Migrants",0.68327180984051,-0.000105535742477514
5,20009,"P_migrants","Migrants",-0.494457826917883,6.12561925663613e-05
5,20010,"P_migrants","Migrants",-0.531141605018674,0.000167957143275999
5,20011,"P_migrants","Migrants",0.707162368254866,-3.78762924810871e-05
5,20013,"P_migrants","Migrants",1.05353209823345,-9.6510091680102e-05
5,20014,"P_migrants","Migrants",-0.396887684708088,0.000159372240887024
5,20016,"P_migrants","Migrants",-0.158706614191349,7.56405934225768e-05
5,20018,"P_migrants","Migrants",-0.643593476596834,6.50083020445891e-05
5,20019,"P_migrants","Migrants",-0.700290374107483,5.52084020455368e-05
5,20020,"P_migrants","Migrants",0.491960537212069,-5.04683703184128e-05
5,20022,"P_migrants","Migrants",-0.768562698802449,0.000172356449184008
5,20023,"P_migrants","Migrants",-0.48884886435293,0.000280855136225
5,20024,"P_migrants","Migrants",-0.742773221493752,0.000175836044945754
5,20025,"P_migrants","Migrants",-0.353800339657476,0.000109932996565476
5,20026,"P_migrants","Migrants",0.354790968047352,-5.61254200874828e-05
5,20027,"P_migrants","Migrants",-0.768562698802449,0.000193106199731119
5,20029,"P_migrants","Migrants",-0.723971070926542,7.65035219956189e-05
5,20030,"P_migrants","Migrants",-0.564007737828974,0.000208707948331721
5,20031,"P_migrants","Migrants",-0.0448540673914188,5.29367425770033e-05
5,20032,"P_migrants","Migrants",0.191275192345186,1.40661732075387e-05
5,20033,"P_migrants","Migrants",-0.0938570703540683,0.000127155115478672
5,20034,"P_migrants","Migrants",2.00620070841128,-0.000101201978395693
5,20035,"P_migrants","Migrants",-0.482047895595207,0.000112299137981609
5,20036,"P_migrants","Migrants",-0.732802860733749,0.000104402723081876
5,20037,"P_migrants","Migrants",0.994565465133182,-9.53361159190536e-05
5,20038,"P_migrants","Migrants",-0.269747117861134,8.92037569428794e-05
5,20039,"P_migrants","Migrants",-0.0235824484647648,9.89964901236817e-05
5,20040,"P_migrants","Migrants",-0.768562698802449,0.000148477382026613
5,20041,"P_migrants","Migrants",-0.732996839300716,8.25905226520263e-05
5,20042,"P_migrants","Migrants",-0.230527267184182,9.40750032896176e-05
5,20043,"P_migrants","Migrants",-0.596946820173266,0.000116205985250417
5,20044,"P_migrants","Migrants",-0.341280313508949,0.000120610398880672
5,20045,"P_migrants","Migrants",-0.291038027416892,0.000334408134222031
5,20046,"P_migrants","Migrants",-0.35287739108121,9.31338508962654e-05
5,20047,"P_migrants","Migrants",-0.768562698802449,0.000128940111608244
5,20048,"P_migrants","Migrants",-0.375079703216782,6.61951780784875e-05
5,20049,"P_migrants","Migrants",-0.768562698802449,0.000199970134417526
5,20050,"P_migrants","Migrants",0.710006492264133,-5.52349010831676e-05
5,20051,"P_migrants","Migrants",-0.629484900456327,7.18865121598355e-05
5,20052,"P_migrants","Migrants",-0.125637440625917,9.12168034119532e-05
5,20053,"P_migrants","Migrants",-0.695825194451726,5.59273685212247e-05
5,20054,"P_migrants","Migrants",0.39451719421417,-0.000102441117633134
5,20055,"P_migrants","Migrants",0.136269287117035,6.49427747703157e-05
5,20057,"P_migrants","Migrants",-0.315531668204149,0.000113062429591082
5,20058,"P_migrants","Migrants",-0.753785301599162,0.000138569550472312
5,20060,"P_migrants","Migrants",-0.390690340569722,8.2259597547818e-05
5,20062,"P_migrants","Migrants",-0.768562698802449,0.000251079967711121
5,20063,"P_migrants","Migrants",-0.418311199365868,0.000119057323900051
5,20064,"P_migrants","Migrants",-0.159832626077193,8.79520011949353e-05
5,20065,"P_migrants","Migrants",0.973362331839889,-6.68025822960772e-05
5,20066,"P_migrants","Migrants",-0.662533903769288,7.29897219571285e-05
5,20067,"P_migrants","Migrants",-0.178928425184653,0.000270441145403311
5,20068,"P_migrants","Migrants",-0.241915340230068,0.0001204734435305
5,20072,"P_migrants","Migrants",-0.710257167506056,7.96049425844103e-05
5,20073,"P_migrants","Migrants",0.283821851558147,4.3563217332121e-05
5,20075,"P_migrants","Migrants",-0.4505958945526,3.37841665896121e-05
5,20077,"P_migrants","Migrants",-0.424482679194096,0.000124017737107351
5,20078,"P_migrants","Migrants",0.387186483561258,-3.14906101266388e-05
5,20079,"P_migrants","Migrants",-0.588043696294211,0.000190284597920254
5,20081,"P_migrants","Migrants",1.59216001821371,-3.17022531817202e-05
5,20083,"P_migrants","Migrants",-0.262060827920272,0.000297351944027469
5,20084,"P_migrants","Migrants",0.561723881778729,-6.93169422447681e-05
5,20086,"P_migrants","Migrants",0.324191433879241,-8.22075235191733e-05
5,20087,"P_migrants","Migrants",0.0995444599258126,1.08205904325587e-05
5,20088,"P_migrants","Migrants",0.210362878430722,1.84047837592516e-06
5,20089,"P_migrants","Migrants",-0.64640907393165,6.00515595579054e-05
5,20091,"P_migrants","Migrants",1.0378160686565,-8.12710422906093e-05
5,20092,"P_migrants","Migrants",1.50934304033527,-8.17977852420881e-05
5,20093,"P_migrants","Migrants",-0.768562698802449,0.000136112852487713
5,20094,"P_migrants","Migrants",-0.768562698802449,0.000154983179527335
5,20096,"P_migrants","Migrants",-0.147022650317443,0.000143093537189998
5,20097,"P_migrants","Migrants",-0.50324125529554,4.90810671180952e-05
5,20098,"P_migrants","Migrants",-0.701959683110137,0.000104654500319157
5,20099,"P_migrants","Migrants",1.20470460603508,-1.17108638733043e-05
5,20100,"P_migrants","Migrants",-0.289088946496453,8.75071273185313e-05
5,20102,"P_migrants","Migrants",-0.52153378911114,0.000126685859868303
5,20103,"P_migrants","Migrants",-0.566729042546171,0.000161104326252826
5,20104,"P_migrants","Migrants",-0.490627451522562,8.75239711604081e-05
5,20105,"P_migrants","Migrants",0.529189602859468,-5.46235278306995e-05
5,20106,"P_migrants","Migrants",-0.768562698802449,0.000212122205994092
5,20107,"P_migrants","Migrants",-0.416360632671346,0.000222790375119075
5,20108,"P_migrants","Migrants",-0.0963849180758458,4.80103626614437e-05
5,20109,"P_migrants","Migrants",-0.386853294697206,0.000110927991045173
5,20110,"P_migrants","Migrants",-0.486857496666873,8.51872682687826e-05
5,20112,"P_migrants","Migrants",0.0346582876693776,4.21910808654502e-05
5,20114,"P_migrants","Migrants",0.346889590458266,4.74296793981921e-05
5,20115,"P_migrants","Migrants",-0.196584929281624,0.00020647507335525
5,20116,"P_migrants","Migrants",-0.723064342755515,7.18410810804926e-05
5,20118,"P_migrants","Migrants",0.844267385657389,-8.42633526190184e-05
5,20119,"P_migrants","Migrants",-0.768562698802449,0.000195860353414901
5,20120,"P_migrants","Migrants",0.0686475942644885,0.000182062154635787
5,20121,"P_migrants","Migrants",-0.29472981420381,8.65536931087263e-05
5,20123,"P_migrants","Migrants",1.29102197179815,-0.000126749102491885
5,20124,"P_migrants","Migrants",-0.730308242288267,0.000143859928357415
5,20127,"P_migrants","Migrants",-0.618439926571995,8.74696634127758e-05
5,20128,"P_migrants","Migrants",0.492871601475204,3.70660345652141e-05
5,20129,"P_migrants","Migrants",-0.503839162363015,0.000135683061671443
5,20130,"P_migrants","Migrants",-0.405717697412959,9.03731124708429e-05
5,20131,"P_migrants","Migrants",-0.0931220689101906,3.92272340832278e-05
5,20132,"P_migrants","Migrants",-0.495968484193278,0.000110206281533465
5,20133,"P_migrants","Migrants",-0.457697782839874,8.69867071742192e-05
5,20134,"P_migrants","Migrants",-0.752072638253814,0.000135381531435996
5,20135,"P_migrants","Migrants",-0.231747894968027,0.00011403229291318
5,20136,"P_migrants","Migrants",-0.745417590178752,0.000141181604703888
5,20137,"P_migrants","Migrants",-0.251009002183414,8.52252123877406e-05
5,20138,"P_migrants","Migrants",-0.351813894479105,2.45644150709268e-05
5,20139,"P_migrants","Migrants",-0.768562698802449,0.000185131531907246
5,20140,"P_migrants","Migrants",-0.0741524374901577,5.67514871363528e-05
5,20141,"P_migrants","Migrants",-0.390842219385014,8.78997743711807e-05
5,20142,"P_migrants","Migrants",-0.768562698802449,0.000106174105894752
5,20143,"P_migrants","Migrants",-0.400961087070739,6.95244743837975e-05
5,20144,"P_migrants","Migrants",-0.593722037272652,2.57262454397278e-05
5,20145,"P_migrants","Migrants",0.187073014437371,0.000107304527773522
5,20147,"P_migrants","Migrants",-0.768562698802449,0.000122271114378236
5,20150,"P_migrants","Migrants",-0.58543805265201,0.00014272598491516
5,20151,"P_migrants","Migrants",-0.768562698802449,0.000118490395834669
5,20152,"P_migrants","Migrants",0.525569776970024,-7.3859526310116e-05
5,20156,"P_migrants","Migrants",0.126942321041818,6.56590273138136e-05
5,20157,"P_migrants","Migrants",-0.213680568228438,0.00028778740670532
5,20160,"P_migrants","Migrants",0.48270587317031,-4.8408819566248e-05
5,20161,"P_migrants","Migrants",-0.561717088629955,8.94631884875707e-05
5,20162,"P_migrants","Migrants",-0.44703875592454,0.000123263365821913
5,20163,"P_migrants","Migrants",-0.768562698802449,0.000155468180309981
5,20164,"P_migrants","Migrants",0.144784038484454,1.86004835995845e-05
5,20165,"P_migrants","Migrants",-0.537803078291338,5.13677186972927e-05
5,20166,"P_migrants","Migrants",-0.319787478703331,0.000101556834124494
5,20169,"P_migrants","Migrants",-0.768562698802449,0.000139077063067816
5,20171,"P_migrants","Migrants",-0.763370033971708,0.000173442778759636
5,20172,"P_migrants","Migrants",-0.30789183948082,0.000131724154925905
5,20173,"P_migrants","Migrants",0.135060911095827,5.05009120388422e-05
5,20174,"P_migrants","Migrants",-0.253451673982314,0.000160226976731792
5,20175,"P_migrants","Migrants",-0.570299290945557,7.61034534662031e-05
5,20176,"P_migrants","Migrants",-0.733286101001357,8.04263763711788e-05
5,20177,"P_migrants","Migrants",-0.605282447895248,9.73349160631187e-05
5,20178,"P_migrants","Migrants",-0.108533977166123,8.96122583071701e-05
5,20179,"P_migrants","Migrants",-0.184048740053739,0.000118412455776706
5,20181,"P_migrants","Migrants",-0.768562698802449,0.000111561486846767
5,20182,"P_migrants","Migrants",-0.768562698802449,0.000125038626720197
5,20183,"P_migrants","Migrants",0.25084725817951,3.44864929502364e-05
5,20184,"P_migrants","Migrants",-0.55568388634674,0.000130702945170924
5,20186,"P_migrants","Migrants",0.12987760166104,5.84455301577691e-05
5,20187,"P_migrants","Migrants",-0.768562698802449,0.000152349573909305
5,20189,"P_migrants","Migrants",-0.195533092387966,0.000102189114841167
5,20190,"P_migrants","Migrants",-0.303517406695929,9.08227084437385e-05
5,20191,"P_migrants","Migrants",-0.768562698802449,0.000212583850952797
5,20192,"P_migrants","Migrants",-0.21285199027058,0.000186723511433229
5,20193,"P_migrants","Migrants",-0.130178625943003,0.000109390493889805
5,20194,"P_migrants","Migrants",0.875347307895547,-1.07472751551541e-05
5,20195,"P_migrants","Migrants",-0.768562698802449,0.000111900866613723
5,20196,"P_migrants","Migrants",2.0022536757863,-0.000102464531664737
5,20197,"P_migrants","Migrants",0.174635667246674,2.80289968941361e-05
5,20198,"P_migrants","Migrants",-0.576148770356033,7.22779732313938e-05
5,20199,"P_migrants","Migrants",-0.192017573289851,3.86295141652226e-05
5,20200,"P_migrants","Migrants",-0.666993549128031,8.06185998953879e-05
5,20201,"P_migrants","Migrants",-0.618599631779804,6.67945278109983e-05
5,20205,"P_migrants","Migrants",-0.513747765292734,8.43651287141256e-05
5,20206,"P_migrants","Migrants",-0.690895876263986,7.79532711021602e-05
5,20207,"P_migrants","Migrants",-0.245014758005599,8.91988602234051e-05
5,20208,"P_migrants","Migrants",2.50796791724581,-0.000663474900647998
5,20210,"P_migrants","Migrants",0.7779124895382,-9.87406165222637e-05
5,20212,"P_migrants","Migrants",-0.708263144034066,6.75721239531413e-05
5,20214,"P_migrants","Migrants",1.45136301855241,-4.15290014643688e-05
5,20215,"P_migrants","Migrants",-0.127082456947363,8.04282462922856e-05
5,20216,"P_migrants","Migrants",-0.238475682068924,8.33068552310579e-05
5,20217,"P_migrants","Migrants",-0.740298982869129,0.000139045907417312
5,20218,"P_migrants","Migrants",-0.59581112679178,5.52223827980924e-05
5,20219,"P_migrants","Migrants",-0.0288648113846641,5.94679077039473e-05
5,20220,"P_migrants","Migrants",-0.768562698802449,0.000104079095763154
5,20221,"P_migrants","Migrants",-0.391145608626326,9.30010573938489e-05
5,20222,"P_migrants","Migrants",-0.570855429059887,6.04259803367313e-05
5,20223,"P_migrants","Migrants",-0.127811411920365,8.38190244394355e-05
5,20224,"P_migrants","Migrants",-0.0377939941059479,0.000104076250863727
5,20226,"P_migrants","Migrants",-0.388986036465659,9.35256612137891e-05
5,20227,"P_migrants","Migrants",-0.285998271387779,0.000309121969621629
5,20228,"P_migrants","Migrants",-0.768562698802449,8.53039673529565e-05
5,20230,"P_migrants","Migrants",-0.0619698014092201,8.2264763477724e-05
5,20231,"P_migrants","Migrants",-0.768562698802449,0.000229473589570262
5,20232,"P_migrants","Migrants",-0.696510809178562,0.000190174483577721
5,20233,"P_migrants","Migrants",-0.276823339189665,6.77849020576105e-05
5,20234,"P_migrants","Migrants",-0.768562698802449,0.000139136333018541
5,20237,"P_migrants","Migrants",-0.109286290086531,1.92627558135428e-05
5,20239,"P_migrants","Migrants",-0.392655277265201,0.000102085890830494
5,20240,"P_migrants","Migrants",0.154790683708321,1.2788133972208e-05
5,20242,"P_migrants","Migrants",3.45571055293241,-0.0002984601596836
5,20243,"P_migrants","Migrants",0.0411719898550983,0.000103659491287544
5,20244,"P_migrants","Migrants",-0.600360708001126,6.86334387864918e-05
5,20245,"P_migrants","Migrants",-0.129747216730444,7.96990207163617e-05
5,20246,"P_migrants","Migrants",-0.3071378772666,4.66986202809494e-05
5,20247,"P_migrants","Migrants",-0.188100343545015,9.66156367212534e-05
5,20248,"P_migrants","Migrants",-0.762526933770387,0.000181614916073158
5,20249,"P_migrants","Migrants",-0.719501433008766,6.58669378026389e-05
5,20250,"P_migrants","Migrants",-0.768562698802449,0.000212915809242986
5,20251,"P_migrants","Migrants",-0.45917387448809,7.0498586865142e-05
5,20252,"P_migrants","Migrants",-0.413784301350107,8.43501838971861e-05
5,20255,"P_migrants","Migrants",0.182138924104915,7.0603477070108e-05
5,20256,"P_migrants","Migrants",-0.768562698802449,0.00012912810780108
5,20257,"P_migrants","Migrants",-0.589899476052856,7.38886083127e-05
5,20258,"P_migrants","Migrants",-0.768562698802449,0.000174031985807233
5,20259,"P_migrants","Migrants",-0.329828546709558,5.79217303311452e-05
5,20260,"P_migrants","Migrants",0.519379586349889,-2.92899840133032e-05
5,20261,"P_migrants","Migrants",-0.61941460940715,6.90167435095645e-05
5,20262,"P_migrants","Migrants",-0.199580729116176,9.45671199588105e-05
5,20264,"P_migrants","Migrants",-0.421784634688374,7.25932841305621e-05
5,20265,"P_migrants","Migrants",-0.615754803883889,7.34839923097752e-05
5,20267,"P_migrants","Migrants",0.382174305980126,-3.05271350953262e-05
5,20269,"P_migrants","Migrants",-0.223832491333276,0.000144122372148558
5,20270,"P_migrants","Migrants",-0.768562698802449,0.000102339952718467
5,20271,"P_migrants","Migrants",-0.179181354493234,9.37165023060516e-05
5,20273,"P_migrants","Migrants",-0.374736169882156,0.000113226014946122
5,20274,"P_migrants","Migrants",-0.697796994276954,8.0024496128317e-05
5,20275,"P_migrants","Migrants",-0.704071307339417,8.92526295501739e-05
5,20276,"P_migrants","Migrants",-0.768562698802449,0.000118045216368046
5,20278,"P_migrants","Migrants",-0.574069142426705,6.86641287757084e-05
5,20280,"P_migrants","Migrants",0.0266620601799215,4.50172083219513e-05
5,20281,"P_migrants","Migrants",-0.768562698802449,0.000150017876876518
5,20282,"P_migrants","Migrants",-0.480731594673739,6.19819475105032e-05
5,20283,"P_migrants","Migrants",-0.768562698802449,0.000109624474134762
5,20284,"P_migrants","Migrants",-0.768562698802449,0.000236057239817455
5,20286,"P_migrants","Migrants",0.868453491884242,-9.12409668671899e-05
5,20288,"P_migrants","Migrants",-0.768562698802449,0.000145774538395926
5,20290,"P_migrants","Migrants",1.21369120203662,-0.000118246309284586
5,20292,"P_migrants","Migrants",-0.083963090223047,7.80029440647922e-05
5,20293,"P_migrants","Migrants",-0.145651820265406,0.000359244499122724
5,20294,"P_migrants","Migrants",-0.1539855947638,0.000139531199238263
5,20295,"P_migrants","Migrants",0.488715518275186,-7.70957340137102e-05
5,20296,"P_migrants","Migrants",-0.275504695425192,2.63718029600568e-05
5,20297,"P_migrants","Migrants",4.3214232885191,-0.000438624614616856
5,20298,"P_migrants","Migrants",0.116901967259693,9.17021461646073e-05
5,20299,"P_migrants","Migrants",-0.0167478557279545,6.4543703047093e-05
5,20301,"P_migrants","Migrants",0.646396227797186,-8.14936720416881e-05
5,20303,"P_migrants","Migrants",-0.681627587457734,7.4001814937219e-05
5,20305,"P_migrants","Migrants",-0.616742253474848,0.000119372853077948
5,20308,"P_migrants","Migrants",-0.740145143696633,0.000213703024201095
5,20309,"P_migrants","Migrants",-0.741370321839815,0.000140666103106923
5,20310,"P_migrants","Migrants",-0.322684749443625,0.000283230852801353
5,20311,"P_migrants","Migrants",-0.768562698802449,0.000155028188601136
5,20313,"P_migrants","Migrants",-0.63982728081536,4.42953314632177e-05
5,20315,"P_migrants","Migrants",-0.372662307432906,9.58766540861689e-05
5,20317,"P_migrants","Migrants",-0.39415291592682,0.000104299797385465
5,20320,"P_migrants","Migrants",0.165866261155609,1.95504362636711e-05
5,20321,"P_migrants","Migrants",-0.26802019352798,6.79230943205766e-05
5,20322,"P_migrants","Migrants",-0.768562698802449,0.000131389941088855
5,20323,"P_migrants","Migrants",-0.768562698802449,0.000143714205478318
5,20325,"P_migrants","Migrants",-0.705538568922301,9.03143227333203e-05
5,20326,"P_migrants","Migrants",-0.433728297023755,7.68848694860935e-05
5,20327,"P_migrants","Migrants",-0.434212025971012,9.27518922253512e-05
5,20329,"P_migrants","Migrants",-0.524043560384785,7.75817316025496e-05
5,20330,"P_migrants","Migrants",-0.637279548530752,0.000107413725345396
5,20331,"P_migrants","Migrants",-0.385764916782869,6.83266116539016e-05
5,20332,"P_migrants","Migrants",-0.768562698802449,0.000163220887770876
5,20333,"P_migrants","Migrants",-0.054452855882224,5.55682490812615e-05
5,20335,"P_migrants","Migrants",-0.334990124936306,7.87496683187783e-05
5,20336,"P_migrants","Migrants",3.05253513313654,-0.00035655903047882
5,20337,"P_migrants","Migrants",-0.684864038524711,7.15886199031956e-05
5,20338,"P_migrants","Migrants",-0.450858657599329,0.000157055343152024
5,20339,"P_migrants","Migrants",-0.466038906328359,0.000119830292533152
5,20340,"P_migrants","Migrants",-0.553142973022758,6.73742106300779e-05
5,20341,"P_migrants","Migrants",-0.768562698802449,0.000157081391080283
5,20342,"P_migrants","Migrants",-0.264910855555595,0.000325614353641868
5,20343,"P_migrants","Migrants",-0.0630307512385441,4.24788995587733e-05
5,20346,"P_migrants","Migrants",0.328443395086427,-6.87184874550439e-05
5,20348,"P_migrants","Migrants",0.346241626618771,-2.89616200461751e-05
5,20349,"P_migrants","Migrants",0.175928310434568,-3.52859842678299e-06
5,20350,"P_migrants","Migrants",-0.333923225432267,0.000140539254061878
5,20352,"P_migrants","Migrants",-0.749539043847329,0.00015615182928741
5,20354,"P_migrants","Migrants",-0.768562698802449,0.000173958018422127
5,20355,"P_migrants","Migrants",-0.768562698802449,0.000116666946269106
5,20356,"P_migrants","Migrants",0.0940059602672578,-0.000116579984023701
5,20358,"P_migrants","Migrants",0.431346078218285,-5.43792775715701e-05
5,20359,"P_migrants","Migrants",1.00180192357852,-1.24010539366282e-05
5,20360,"P_migrants","Migrants",-0.48521539584339,8.47314731799997e-05
5,20363,"P_migrants","Migrants",-0.698273352619443,8.64957692101598e-05
5,20365,"P_migrants","Migrants",-0.23611592604953,2.34851631830679e-05
5,20368,"P_migrants","Migrants",-0.313909310038444,0.000128790517919697
5,20369,"P_migrants","Migrants",0.86208593310633,-0.000119834701763466
5,20370,"P_migrants","Migrants",0.0831912776068136,6.75843693898059e-05
5,20371,"P_migrants","Migrants",-0.291522823941226,7.72518542362377e-05
5,20372,"P_migrants","Migrants",-0.62574073003045,4.21147342422046e-05
5,20373,"P_migrants","Migrants",-0.768562698802449,0.000154573877807707
5,20374,"P_migrants","Migrants",-0.768562698802449,0.000139290350489318
5,20375,"P_migrants","Migrants",-0.298215200563015,0.000401397323003039
5,20376,"P_migrants","Migrants",1.80614566751769,-6.01665960857645e-05
5,20377,"P_migrants","Migrants",-0.361848868086259,9.64638602454215e-05
5,20378,"P_migrants","Migrants",0.595617459789871,-0.000107966698124073
5,20379,"P_migrants","Migrants",0.919262897286181,-8.90781302587129e-05
5,20380,"P_migrants","Migrants",0.195947641714567,4.44986872025765e-05
5,20381,"P_migrants","Migrants",-0.00140469530080972,5.37980922672432e-05
5,20382,"P_migrants","Migrants",-0.609549406868785,6.43462190055288e-05
5,20383,"P_migrants","Migrants",-0.452142310021468,9.65554427239113e-05
5,20385,"P_migrants","Migrants",-0.301011474376827,0.000340736674843356
5,20387,"P_migrants","Migrants",0.304158238193767,4.5696539018536e-05
5,20388,"P_migrants","Migrants",-0.333329666673891,8.3054241258651e-05
5,20389,"P_migrants","Migrants",-0.768562698802449,0.000118495081551373
5,20390,"P_migrants","Migrants",-0.158506212306316,0.000224898118176498
5,20392,"P_migrants","Migrants",-0.628757796827376,8.6893531261012e-05
5,20393,"P_migrants","Migrants",-0.340678621993508,0.000116860690468457
5,20394,"P_migrants","Migrants",-0.533284448359313,9.98339237412438e-05
5,20395,"P_migrants","Migrants",-0.710872793909613,5.01727226946969e-05
5,20396,"P_migrants","Migrants",-0.768562698802449,0.000131348861032166
5,20397,"P_migrants","Migrants",-0.0632383385939396,0.000241187430219725
5,20399,"P_migrants","Migrants",-0.341579042438002,0.000405135651817545
5,20400,"P_migrants","Migrants",-0.549118786339272,8.1442303780932e-05
5,20403,"P_migrants","Migrants",-0.440589780297965,0.000302550382912159
5,20404,"P_migrants","Migrants",0.219367449385395,6.16171455476433e-05
5,20405,"P_migrants","Migrants",-0.302304871259101,7.94223306002095e-05
5,20406,"P_migrants","Migrants",-0.751043594506661,0.000149460713146254
5,20407,"P_migrants","Migrants",-0.606619549653887,6.41877777525224e-05
5,20408,"P_migrants","Migrants",-0.768562698802449,0.000171783438418061
5,20409,"P_migrants","Migrants",-0.409670967281835,0.000111938454210758
5,20411,"P_migrants","Migrants",0.0594272167386481,7.53842687117867e-05
5,20412,"P_migrants","Migrants",-0.650278425287973,9.97780953184702e-05
5,20416,"P_migrants","Migrants",-0.768562698802449,0.000118660216685385
5,20417,"P_migrants","Migrants",-0.273129618359064,8.59754654811695e-05
5,20418,"P_migrants","Migrants",-0.431670592015252,0.00014465804270003
5,20419,"P_migrants","Migrants",0.980583509648545,-0.000185692624654621
5,20420,"P_migrants","Migrants",-0.0409277256506849,4.59737420897e-05
5,20421,"P_migrants","Migrants",-0.427921644745815,0.000113787195004988
5,20422,"P_migrants","Migrants",-0.768562698802449,0.000175756838871166
5,20423,"P_migrants","Migrants",-0.768562698802449,9.12455434445292e-05
5,20425,"P_migrants","Migrants",-0.722898531871412,8.75689293025061e-05
5,20426,"P_migrants","Migrants",-0.506525961598221,8.66825503180735e-05
5,20427,"P_migrants","Migrants",-0.449339331898793,0.000111699584522285
5,20430,"P_migrants","Migrants",-0.768562698802449,0.000117997973575257
5,20431,"P_migrants","Migrants",-0.0496140787560355,6.7732427851297e-05
5,20432,"P_migrants","Migrants",-0.768562698802449,0.000154901354108006
5,20434,"P_migrants","Migrants",-0.744980049916148,0.000110609478724655
5,20435,"P_migrants","Migrants",-0.716002935938466,7.73668507463299e-05
5,20436,"P_migrants","Migrants",-0.768562698802449,0.00014730186376255
5,20437,"P_migrants","Migrants",-0.719864981534052,8.04400042397901e-05
5,20438,"P_migrants","Migrants",-0.564154095504012,5.46224000572693e-05
5,20440,"P_migrants","Migrants",-0.652827655563656,0.000112946603621822
5,20441,"P_migrants","Migrants",-0.687038643223165,9.00800514500588e-05
5,20442,"P_migrants","Migrants",-0.768562698802449,0.000146585458423942
5,20443,"P_migrants","Migrants",-0.768562698802449,0.00013015404692851
5,20444,"P_migrants","Migrants",0.208327690276768,1.7892538153319e-06
5,20445,"P_migrants","Migrants",0.614263307111437,-8.39911299408413e-05
5,20446,"P_migrants","Migrants",-0.142884567444305,0.000117817493446637
5,20447,"P_migrants","Migrants",0.544914987832369,-7.75428779888898e-05
5,20451,"P_migrants","Migrants",-0.676065793756035,2.46539329964435e-05
5,20452,"P_migrants","Migrants",-0.534683647204685,9.05480919755064e-05
5,20453,"P_migrants","Migrants",-0.192606485832496,0.000149473911733367
5,20454,"P_migrants","Migrants",-0.662851950580733,8.75659679877572e-05
5,20455,"P_migrants","Migrants",-0.347722491789574,6.29283749731258e-05
5,20456,"P_migrants","Migrants",-0.486349920152794,6.56634801998734e-05
5,20457,"P_migrants","Migrants",-0.628131055781132,8.22492729639634e-05
5,20458,"P_migrants","Migrants",1.26205215418352,-0.000157792557729408
5,20459,"P_migrants","Migrants",-0.324273352062644,0.000126512866700068
5,20460,"P_migrants","Migrants",-0.280981012478076,8.30376739031635e-05
5,20461,"P_migrants","Migrants",-0.768562698802449,8.73168246471323e-05
5,20462,"P_migrants","Migrants",-0.29867842188089,9.72061679931358e-05
5,20463,"P_migrants","Migrants",-0.410555630626986,5.00513742736075e-05
5,20464,"P_migrants","Migrants",-0.480290136516034,4.56538255093619e-05
5,20465,"P_migrants","Migrants",-0.768562698802449,0.000137908456963487
5,20468,"P_migrants","Migrants",-0.470412777131656,7.03234982211143e-05
5,20469,"P_migrants","Migrants",0.35497944802851,-5.9492598666111e-05
5,20470,"P_migrants","Migrants",-0.725690045757499,0.000109274769783951
5,20471,"P_migrants","Migrants",-0.768562698802449,0.000159468763740733
5,20472,"P_migrants","Migrants",-0.572777583731722,0.000109544933366124
5,20473,"P_migrants","Migrants",-0.768562698802449,0.000118803698569536
5,20475,"P_migrants","Migrants",0.830532017923132,-7.51313928049058e-05
5,20476,"P_migrants","Migrants",-0.545339764596576,7.2994371294044e-05
5,20478,"P_migrants","Migrants",-0.474333345874163,3.43521023751236e-05
5,20480,"P_migrants","Migrants",-0.55987982231182,9.91789347608574e-05
5,20481,"P_migrants","Migrants",-0.520864081846615,5.77464779780712e-05
5,20483,"P_migrants","Migrants",-0.535476616392269,0.000119305390398949
5,20484,"P_migrants","Migrants",0.496267117767605,-4.78164765809197e-05
5,20486,"P_migrants","Migrants",-0.61316483934024,0.000101882971648593
5,20487,"P_migrants","Migrants",-0.720761653241785,9.92662535281852e-05
5,20488,"P_migrants","Migrants",-0.768562698802449,0.000134424830321223
5,20490,"P_migrants","Migrants",-0.768562698802449,0.000115439324872568
5,20491,"P_migrants","Migrants",-0.654166040106372,0.00010078168270411
5,20492,"P_migrants","Migrants",-0.564560842370412,5.98784972680733e-05
5,20493,"P_migrants","Migrants",-0.251258907316789,0.000103281410702039
5,20494,"P_migrants","Migrants",-0.425472591918435,6.75838455208577e-05
5,20496,"P_migrants","Migrants",-0.42086820246726,0.000113983427581843
5,20498,"P_migrants","Migrants",-0.13726401283424,8.90599985723384e-05
5,20499,"P_migrants","Migrants",-0.375559643956998,0.000110355445940513
5,20500,"P_migrants","Migrants",-0.227519475902883,6.76282725180499e-05
5,20501,"P_migrants","Migrants",1.39940888953295,-3.19203500112053e-05
5,20502,"P_migrants","Migrants",-0.768562698802449,0.000173542677657679
5,20503,"P_migrants","Migrants",0.11592535226039,-0.000169166596606374
5,20504,"P_migrants","Migrants",0.178904021776514,6.02063009864651e-05
5,20505,"P_migrants","Migrants",-0.658404884024084,7.15332280378789e-05
5,20506,"P_migrants","Migrants",-0.768562698802449,0.000175976660102606
5,20508,"P_migrants","Migrants",-0.710336641853117,9.19690210139379e-05
5,20510,"P_migrants","Migrants",-0.273947670909119,0.000120478856842965
5,20511,"P_migrants","Migrants",-0.740375279858709,0.000148837134474888
5,20513,"P_migrants","Migrants",-0.601900130652185,0.000108452797576319
5,20514,"P_migrants","Migrants",-0.668693564128413,8.27113108243793e-05
5,20515,"P_migrants","Migrants",-0.525516712436964,0.000117296614916995
5,20517,"P_migrants","Migrants",-0.73737223910745,0.000145209516631439
5,20518,"P_migrants","Migrants",-0.768562698802449,0.000132144021335989
5,20519,"P_migrants","Migrants",0.147336954532405,6.46088446956128e-05
5,20520,"P_migrants","Migrants",1.63523019181331,-7.83408904680982e-05
5,20521,"P_migrants","Migrants",-0.768562698802449,0.000120537806651555
5,20522,"P_migrants","Migrants",-0.612454965427955,5.97706093685701e-05
5,20523,"P_migrants","Migrants",-0.423271129574481,8.52376615512185e-05
5,20524,"P_migrants","Migrants",0.0936102866937275,4.40897638327442e-05
5,20525,"P_migrants","Migrants",-0.595090173008245,8.66341797518544e-05
5,20527,"P_migrants","Migrants",-0.768562698802449,0.000125084305182099
5,20528,"P_migrants","Migrants",2.86992174645314,-0.000159155199071392
5,20529,"P_migrants","Migrants",-0.768562698802449,0.000206063312361948
5,20530,"P_migrants","Migrants",-0.217589546805371,0.000125809325254522
5,20531,"P_migrants","Migrants",-0.120694679988783,7.97753600636497e-05
5,20532,"P_migrants","Migrants",-0.699155862954838,7.0161659095902e-05
5,20536,"P_migrants","Migrants",-0.768562698802449,0.000111149485746864
5,20537,"P_migrants","Migrants",0.576164997841319,-7.20339085091837e-05
5,20539,"P_migrants","Migrants",-0.368787199054422,0.000104722523246892
5,20540,"P_migrants","Migrants",-0.294502174067012,0.000147039085277356
5,20541,"P_migrants","Migrants",-0.587605981234656,4.28246494266205e-05
5,20544,"P_migrants","Migrants",0.233128589332472,4.92419931106269e-05
5,20545,"P_migrants","Migrants",-0.65684065994112,0.000138573203003034
5,20546,"P_migrants","Migrants",0.305374439667723,4.02308578486554e-05
5,20547,"P_migrants","Migrants",0.54056762508067,-0.000118663825560361
5,20548,"P_migrants","Migrants",-0.624647146738094,8.24637318146415e-05
5,20549,"P_migrants","Migrants",0.297213380532997,-6.96019151291694e-06
5,20550,"P_migrants","Migrants",0.128163020248073,6.55823387205601e-05
5,20551,"P_migrants","Migrants",-0.119176103283785,0.000290090043563396
5,20552,"P_migrants","Migrants",-0.768562698802449,0.000130122542032041
5,20553,"P_migrants","Migrants",-0.252592941670869,0.000209660080145113
5,20554,"P_migrants","Migrants",-0.529719454205912,6.5308457124047e-05
5,20555,"P_migrants","Migrants",-0.411236252363496,9.08128131413832e-05
5,20557,"P_migrants","Migrants",-0.652198703242006,0.00013058255717624
5,20558,"P_migrants","Migrants",-0.768562698802449,0.000217898050323129
5,20559,"P_migrants","Migrants",-0.316241523321062,8.23528243927285e-05
5,20560,"P_migrants","Migrants",0.0634784255271311,6.56931224511936e-05
5,20561,"P_migrants","Migrants",-0.514055304551979,8.79843937582336e-05
5,20562,"P_migrants","Migrants",-0.768562698802449,0.0001981199166039
5,20564,"P_migrants","Migrants",-0.689855114542736,5.54807957087178e-05
5,20565,"P_migrants","Migrants",-0.260787465024029,0.000293795164907351
5,20566,"P_migrants","Migrants",-0.26009467140521,6.76826093695126e-05
5,20567,"P_migrants","Migrants",0.454804649462422,-2.76132959697861e-05
5,20568,"P_migrants","Migrants",-0.380457691346109,0.000108818741864525
5,20569,"P_migrants","Migrants",-0.510029396212503,5.39733009645715e-05
5,20570,"P_migrants","Migrants",-0.0319067867471096,8.25597235234454e-05
5,21003,"P_migrants","Migrants",0.261999363799444,1.79805556399515e-05
5,21009,"P_migrants","Migrants",0.722457218939732,-0.000103448692243546
5,21010,"P_migrants","Migrants",-0.616423345835408,0.000159170769620687
5,21011,"P_migrants","Migrants",0.878402902383875,-6.11472787568346e-05
5,21013,"P_migrants","Migrants",-0.702112739455427,0.000152074193465523
5,21018,"P_migrants","Migrants",-0.45041188599022,6.9994006480556e-05
5,21024,"P_migrants","Migrants",1.36067604289667,-0.000127373175928369
5,21027,"P_migrants","Migrants",-0.540905587905411,0.000109687920485158
5,21032,"P_migrants","Migrants",0.25144658523727,5.98603255639318e-05
5,21035,"P_migrants","Migrants",-0.586516391018885,0.00010380372259533
5,21036,"P_migrants","Migrants",-0.75586226528464,0.000133669091155753
5,21037,"P_migrants","Migrants",-0.406028751406596,9.6059127827175e-05
5,21042,"P_migrants","Migrants",-0.0598382991954887,3.00682968372712e-05
5,21047,"P_migrants","Migrants",0.314719017005639,1.92705974768614e-05
5,21051,"P_migrants","Migrants",0.348396143764386,-4.08935957239009e-05
5,21055,"P_migrants","Migrants",-0.0657245752436901,4.17548435507342e-05
5,21056,"P_migrants","Migrants",0.658572538295987,-3.35114418703597e-05
5,21059,"P_migrants","Migrants",1.14798357808727,-9.0340239694342e-05
5,21066,"P_migrants","Migrants",0.338589837461059,-2.99493149213959e-05
5,21073,"P_migrants","Migrants",0.474440925441263,-3.58528450306039e-05
5,21081,"P_migrants","Migrants",0.526075407223428,-1.24907755889581e-05
5,21082,"P_migrants","Migrants",-0.320036798360897,0.000116347255243454
5,21085,"P_migrants","Migrants",0.471995864750699,-2.771215440589e-05
5,21087,"P_migrants","Migrants",0.312036945746028,-5.74924570173607e-07
5,21112,"P_migrants","Migrants",-0.265958915519435,7.55015280446969e-05
5,21113,"P_migrants","Migrants",0.876590810585761,-7.11433167452924e-05
5,21120,"P_migrants","Migrants",-0.721075657168912,7.12911278242245e-05
5,21124,"P_migrants","Migrants",-0.580055247269075,7.45234792702831e-05
5,21127,"P_migrants","Migrants",0.485507097684864,-3.16594996547792e-05
5,21129,"P_migrants","Migrants",-0.54039838259991,7.75765875005163e-05
5,21135,"P_migrants","Migrants",-0.230527267184182,4.1262901504524e-05
5,21139,"P_migrants","Migrants",0.00645260244425751,4.63046053482685e-05
5,21141,"P_migrants","Migrants",0.41692515590238,-5.52401725144591e-05
5,21145,"P_migrants","Migrants",-0.747181645707237,0.000183842494152486
5,21147,"P_migrants","Migrants",-0.368219515883408,7.40686009521596e-05
5,21155,"P_migrants","Migrants",0.800700742668251,-0.000254930084338412
5,21156,"P_migrants","Migrants",-0.486941054308301,0.000136504066176713
5,21157,"P_migrants","Migrants",0.649591632593037,-9.7646341600921e-05
5,21160,"P_migrants","Migrants",1.05299251038312,-8.47027549752966e-05
5,21169,"P_migrants","Migrants",-0.355995757410091,9.68829335761257e-05
5,21190,"P_migrants","Migrants",-0.451875739032559,7.73780193412676e-05
5,21191,"P_migrants","Migrants",0.822327808375488,-8.01032147137448e-05
5,21196,"P_migrants","Migrants",0.549990118629386,-2.0103958377149e-05
5,21198,"P_migrants","Migrants",-0.192900491484797,6.3025378040038e-05
5,21209,"P_migrants","Migrants",0.0411109885384997,6.02864056418184e-05
5,21214,"P_migrants","Migrants",-0.701919718512616,0.000128335464978591
5,21217,"P_migrants","Migrants",-0.731591228414501,6.36830227449536e-05
5,22002,"P_migrants","Migrants",-0.177794118901553,9.46238651522435e-05
5,22003,"P_migrants","Migrants",0.483126904518729,-6.98544172337279e-05
5,22004,"P_migrants","Migrants",0.0468517489442869,8.43756351969205e-05
5,22005,"P_migrants","Migrants",-0.580886300577304,0.00014756181917619
5,22006,"P_migrants","Migrants",0.648904144907473,0.000274005753453821
5,22007,"P_migrants","Migrants",-0.00955816486469476,0.000117379924631678
5,22008,"P_migrants","Migrants",-0.0886822724030733,2.28994995268295e-05
5,22009,"P_migrants","Migrants",0.144871378694311,6.21540384599939e-05
5,22010,"P_migrants","Migrants",0.412025924404892,-4.54765940958168e-05
5,22011,"P_migrants","Migrants",0.451456455215549,-0.000349547772202641
5,22012,"P_migrants","Migrants",-0.485360763002372,0.0001649588230066
5,22013,"P_migrants","Migrants",-0.17887316491415,9.37377189984545e-05
5,22014,"P_migrants","Migrants",0.372865351509011,9.10732414922677e-05
5,22015,"P_migrants","Migrants",0.445782884502287,-6.65112529532053e-05
5,22017,"P_migrants","Migrants",-0.253867350529513,0.00014523061690852
5,22018,"P_migrants","Migrants",-0.512228455568264,8.78301361808553e-05
5,23001,"P_migrants","Migrants",1.01316015991259,-0.000547432864550501
5,23002,"P_migrants","Migrants",-0.615042366282989,0.000110254259197973
5,23003,"P_migrants","Migrants",0.690150264395034,-0.00109131739009172
5,23004,"P_migrants","Migrants",0.471497045939773,3.74407281924505e-05
5,23005,"P_migrants","Migrants",1.34658200121662,-0.000588092487305403
5,23006,"P_migrants","Migrants",-0.581180743221983,0.000234510123846121
5,23007,"P_migrants","Migrants",-0.381614350964031,0.000249983801040798
5,23008,"P_migrants","Migrants",2.03040251159229,-0.00156617595348507
5,23009,"P_migrants","Migrants",1.70578711453757,-0.000712607579771429
5,23010,"P_migrants","Migrants",3.97341972016215,-0.000722101132851094
5,23011,"P_migrants","Migrants",2.64781990162543,-0.00289785373024642
5,24001,"P_migrants","Migrants",0.0298686322454984,7.24545752746053e-05
5,24002,"P_migrants","Migrants",0.0804796186740528,4.21755103161559e-05
5,24003,"P_migrants","Migrants",-0.575879490954152,8.84935798239894e-05
5,24004,"P_migrants","Migrants",-0.253235974544762,7.46468504075892e-05
5,24005,"P_migrants","Migrants",0.0327266234795468,9.83118079602718e-05
5,24006,"P_migrants","Migrants",-0.32629554791634,9.5638373750262e-05
5,24007,"P_migrants","Migrants",-0.16635973030226,0.000144311226904392
5,24008,"P_migrants","Migrants",0.407266308682836,-4.64255572296679e-05
5,24009,"P_migrants","Migrants",-0.0967662742754583,0.000109325439552777
5,24010,"P_migrants","Migrants",0.128020927242731,5.40994078619406e-05
5,24011,"P_migrants","Migrants",0.452626452968556,-4.28925268352032e-05
5,24012,"P_migrants","Migrants",-0.722239016396854,0.000105535807961132
5,24013,"P_migrants","Migrants",-0.478586742107932,0.000146825375850312
5,24014,"P_migrants","Migrants",-0.696549783260027,8.48372364998795e-05
5,24015,"P_migrants","Migrants",-0.522425642625497,0.000101904057373758
5,24016,"P_migrants","Migrants",-0.297218404034019,0.000126567683764733
5,24017,"P_migrants","Migrants",-0.138726192148785,9.02765386854298e-05
5,24018,"P_migrants","Migrants",-0.627105390501931,0.00011114239168819
5,24019,"P_migrants","Migrants",0.455049392447131,-5.35519757249858e-05
5,24020,"P_migrants","Migrants",0.0983128481271106,3.01151176245185e-05
5,24021,"P_migrants","Migrants",-0.229704583454694,0.000100526915048249
5,24022,"P_migrants","Migrants",-0.106371048152183,2.58377294812817e-05
5,24023,"P_migrants","Migrants",0.382903161337661,-5.08378398080822e-05
5,24024,"P_migrants","Migrants",0.247133462952831,2.89289255306358e-05
5,24025,"P_migrants","Migrants",0.217420013999693,5.54858415853232e-05
5,24026,"P_migrants","Migrants",-0.728341489959941,0.00010122376261279
5,24027,"P_migrants","Migrants",0.740809966545882,-7.63721182011068e-05
5,24028,"P_migrants","Migrants",-0.0241829615104391,0.000248550670221448
5,24029,"P_migrants","Migrants",-0.656521793651495,7.19274685252458e-05
5,24030,"P_migrants","Migrants",0.156057816878822,3.69323533959687e-05
5,24031,"P_migrants","Migrants",-0.544348071010827,7.72390776546672e-05
5,24032,"P_migrants","Migrants",-0.0933194907891393,5.11578036821447e-05
5,24033,"P_migrants","Migrants",0.64830566552095,-6.1559141613543e-05
5,24034,"P_migrants","Migrants",-0.586107801266351,0.000117831448733341
5,24035,"P_migrants","Migrants",-0.323943946268688,0.000223772120079957
5,24036,"P_migrants","Migrants",0.01750403535786,9.04086846276186e-05
5,24037,"P_migrants","Migrants",-0.627132575186888,9.47846492636018e-05
5,24038,"P_migrants","Migrants",-0.748855543599739,0.000151930813444778
5,24039,"P_migrants","Migrants",-0.692535235782598,0.000107805237348657
5,24040,"P_migrants","Migrants",-0.341314256069577,0.000112877525680233
5,24041,"P_migrants","Migrants",-0.69619726385849,9.10776798264123e-05
5,24042,"P_migrants","Migrants",-0.53776443782771,0.000110538268927485
5,24043,"P_migrants","Migrants",0.105860449844102,-0.000130215485114604
5,24044,"P_migrants","Migrants",-0.420131561127256,7.23089833627455e-05
5,24045,"P_migrants","Migrants",-0.0464282445631363,7.32915796106681e-05
5,24046,"P_migrants","Migrants",-0.152745198948425,7.64302094466984e-05
5,24047,"P_migrants","Migrants",-0.170629509521227,9.62536578299478e-05
5,24048,"P_migrants","Migrants",-0.307108829020601,0.000113529407826718
5,24049,"P_migrants","Migrants",-0.0454375396139063,2.66567421931541e-05
5,24050,"P_migrants","Migrants",-0.437727171041243,9.16687786229886e-05
5,24051,"P_migrants","Migrants",0.028521668555655,0.000106793806480709
5,24052,"P_migrants","Migrants",0.65463790685684,-8.22116344352253e-05
5,24053,"P_migrants","Migrants",-0.702119377980492,0.000103473335911985
5,24054,"P_migrants","Migrants",-0.42836814570158,9.35915013542399e-05
5,24055,"P_migrants","Migrants",-0.555455459623663,8.48961353767663e-05
5,24056,"P_migrants","Migrants",-0.327356805049982,6.50517031317577e-05
5,24057,"P_migrants","Migrants",-0.664749547220719,8.82089807419106e-05
5,24058,"P_migrants","Migrants",-0.144891994835178,0.000117073534056544
5,25001,"P_migrants","Migrants",-0.268872005383795,0.000252840400207788
5,25002,"P_migrants","Migrants",-0.0543556537411629,0.000108520187495742
5,25003,"P_migrants","Migrants",-0.428220986403965,7.19884992577136e-05
5,25005,"P_migrants","Migrants",0.442009110427196,1.16558649096987e-05
5,25006,"P_migrants","Migrants",0.103392925865795,0.000170847808476537
5,25007,"P_migrants","Migrants",0.0135893871572415,6.22792722424492e-05
5,25008,"P_migrants","Migrants",0.015953359918137,0.000217706416151486
5,25010,"P_migrants","Migrants",-0.488203313839081,0.000107111118268222
5,25011,"P_migrants","Migrants",-0.225937386819711,0.000172333646332845
5,25013,"P_migrants","Migrants",0.000421462953018258,8.11736754258163e-05
5,25015,"P_migrants","Migrants",0.0550171920993165,0.000169963561347686
5,25017,"P_migrants","Migrants",0.046310419702828,7.64681244618259e-05
5,25018,"P_migrants","Migrants",-0.486724817323136,0.000136179718538187
5,26001,"P_migrants","Migrants",0.480055153529424,-7.47775120544247e-05
5,26002,"P_migrants","Migrants",4.99364741675124,-0.0012054598191753
5,26003,"P_migrants","Migrants",-0.188249305318716,0.000143293727887794
5,26004,"P_migrants","Migrants",1.10403884741355,-0.00024017583928071
5,26005,"P_migrants","Migrants",0.270297097234029,0.000109461645479314
5,26006,"P_migrants","Migrants",1.2216147844771,-0.000113978545414284
5,26007,"P_migrants","Migrants",1.78352442817549,-4.93307161377743e-05
5,26008,"P_migrants","Migrants",0.48189699370111,5.74728182982653e-05
5,26009,"P_migrants","Migrants",-0.0167478557279545,5.40952751180157e-05
5,26010,"P_migrants","Migrants",1.85907963964143,-0.000101063087640796
5,26011,"P_migrants","Migrants",1.0791178478162,-5.80741289013531e-05
5,26012,"P_migrants","Migrants",-0.207676700820631,0.00011809838906629
5,26013,"P_migrants","Migrants",1.03373315771563,-6.57894415780902e-05
5,26014,"P_migrants","Migrants",0.0563125211457376,0.000109586137114093
5,26015,"P_migrants","Migrants",3.09349985114765,-0.000503911345731467
5,26016,"P_migrants","Migrants",-0.202095818540067,0.000221496535232291
5,26017,"P_migrants","Migrants",0.458360877454753,1.41169175549294e-05
5,26018,"P_migrants","Migrants",-0.136300927682807,0.000235039100516587
5,26019,"P_migrants","Migrants",1.34006058541061,-7.2439928771928e-05
5,26020,"P_migrants","Migrants",-0.215645513381835,0.000146320904605091
5,26021,"P_migrants","Migrants",-0.717237272126206,9.28927038330585e-05
5,26022,"P_migrants","Migrants",-0.328904896126181,9.36279466259293e-05
5,26023,"P_migrants","Migrants",2.87570108247853,-0.000534850056283176
5,26024,"P_migrants","Migrants",1.35874294931887,-0.000241401590756141
5,26025,"P_migrants","Migrants",-0.148657772419645,0.000200547729036771
5,26026,"P_migrants","Migrants",-0.602978223739468,0.000114099588245153
5,26027,"P_migrants","Migrants",1.37579177745425,-9.91651268122951e-06
5,26028,"P_migrants","Migrants",0.634076933392454,-3.20959443342872e-05
5,26029,"P_migrants","Migrants",0.0538225132047805,0.000207749035325833
5,26030,"P_migrants","Migrants",0.165803216782175,0.000197685672901571
5,26031,"P_migrants","Migrants",0.668636449256452,-5.67999486520421e-05
5,26032,"P_migrants","Migrants",2.40633106382547,-0.00081820780178532
5,26033,"P_migrants","Migrants",-0.491469764197835,0.000140995412948541
5,26034,"P_migrants","Migrants",0.729474315669467,9.19482226890977e-06
5,26035,"P_migrants","Migrants",1.54480618407384,-6.72962123644538e-05
5,26036,"P_migrants","Migrants",1.57979125251277,-2.50014709308743e-05
5,26037,"P_migrants","Migrants",-0.512262183861661,2.95995741907973e-05
5,26038,"P_migrants","Migrants",1.10180593477517,4.7279529098887e-05
5,26039,"P_migrants","Migrants",11.1109461576943,-0.000822391186375171
5,26040,"P_migrants","Migrants",-0.397601427647509,4.75499182357453e-05
5,26041,"P_migrants","Migrants",0.75046680360049,0.000104937258583959
5,26042,"P_migrants","Migrants",-0.450532244028448,0.000252425408689305
5,26043,"P_migrants","Migrants",3.02088112038537,-0.001128462376073
5,26044,"P_migrants","Migrants",-0.253621025914328,9.82468482106924e-05
5,26045,"P_migrants","Migrants",0.774571215746958,-0.000347462686477229
5,26046,"P_migrants","Migrants",9.27331902482141,-0.000752648920752108
5,26047,"P_migrants","Migrants",-0.294036315758575,0.000175309265614487
5,26048,"P_migrants","Migrants",2.19411683031729,-0.00327828689478338
5,26049,"P_migrants","Migrants",-0.737861341651297,8.98796643014066e-05
5,26050,"P_migrants","Migrants",-0.201297978532068,8.17334148450755e-05
5,26051,"P_migrants","Migrants",-0.514623991395809,5.83270011702552e-05
5,26052,"P_migrants","Migrants",0.69731178099705,-5.44534959772136e-05
5,26053,"P_migrants","Migrants",2.79695484929727,-0.000385587307391688
5,26054,"P_migrants","Migrants",-0.768562698802449,0.000279416824923828
5,26055,"P_migrants","Migrants",4.81160727103008,-0.00137524295132607
5,26056,"P_migrants","Migrants",-0.171939959443679,0.000254434475209564
5,26057,"P_migrants","Migrants",0.467974872340528,-9.91340039036004e-06
5,26058,"P_migrants","Migrants",1.05887784948208,6.29960186415701e-06
5,26059,"P_migrants","Migrants",0.414506635215545,-0.000170717918081209
5,26060,"P_migrants","Migrants",4.32490944360898,-0.000649706984404474
5,26061,"P_migrants","Migrants",-0.492970747495736,6.6496773797553e-05
5,26062,"P_migrants","Migrants",-0.261493335522274,0.00014822298544459
5,26063,"P_migrants","Migrants",2.82443517040503,-0.000116479539428838
5,26064,"P_migrants","Migrants",-0.222978632661551,0.000240064226090908
5,26065,"P_migrants","Migrants",1.40062473013579,-6.13540250924416e-05
5,26066,"P_migrants","Migrants",0.497081799367858,2.08521441891207e-06
5,26067,"P_migrants","Migrants",1.66982695728347,-4.56103880424052e-05
5,26068,"P_migrants","Migrants",-0.678200338000575,7.49785031075589e-05
5,26069,"P_migrants","Migrants",-0.531944515078021,6.3354593294207e-05
5,26070,"P_migrants","Migrants",4.09361898637231,-0.000647835899144411
5,26071,"P_migrants","Migrants",-0.391354559585893,0.000130146232550032
5,27002,"P_migrants","Migrants",-0.649129092105697,9.59332901402377e-05
5,27003,"P_migrants","Migrants",-0.731900726151413,0.000108938897028565
5,27004,"P_migrants","Migrants",-0.305187284258558,0.000218768444028683
5,27005,"P_migrants","Migrants",-0.66048800225382,0.00010752072557807
5,27006,"P_migrants","Migrants",-0.689107048436422,9.54135757638142e-05
5,27008,"P_migrants","Migrants",-0.624020109664756,0.000101939302112442
5,27010,"P_migrants","Migrants",-0.699490875407986,0.000104461818409618
5,27013,"P_migrants","Migrants",-0.364754918144382,0.000279535946901888
5,27014,"P_migrants","Migrants",-0.57713412238358,0.000162748794537038
5,27016,"P_migrants","Migrants",-0.629245204968521,0.000113051770313177
5,28001,"P_migrants","Migrants",0.0842044430244804,0.000114044829388149
5,28002,"P_migrants","Migrants",-0.320056143496578,0.00010703472798923
5,28003,"P_migrants","Migrants",-0.479361078504399,0.000296549405902624
5,28004,"P_migrants","Migrants",0.113001382695482,-0.000106842802779283
5,28005,"P_migrants","Migrants",1.93293974169884,-0.000183678450412117
5,28006,"P_migrants","Migrants",-0.569062939894038,7.69550679251552e-05
5,28007,"P_migrants","Migrants",4.59699623958519,-0.00139698141720146
5,28008,"P_migrants","Migrants",-0.677675991316652,6.78584838169627e-05
5,28009,"P_migrants","Migrants",-0.437550418431868,5.18595952598844e-05
5,28010,"P_migrants","Migrants",0.0770598751483335,5.51195662410464e-05
5,28011,"P_migrants","Migrants",-0.416971760402836,0.000102901685750112
5,28012,"P_migrants","Migrants",0.120579203610091,3.43520514434204e-05
5,28013,"P_migrants","Migrants",-0.492731757774114,9.2349509941414e-05
5,28014,"P_migrants","Migrants",3.14198329836646,-0.000535838946234435
5,28015,"P_migrants","Migrants",5.7034905882671,-0.0013276586541906
5,28016,"P_migrants","Migrants",-0.481036429279086,9.00700833881274e-05
5,28017,"P_migrants","Migrants",-0.556438628568859,0.000111055604065768
5,28018,"P_migrants","Migrants",-0.0747342030929514,9.42405531532131e-05
5,28019,"P_migrants","Migrants",-0.421974105185589,0.000104020975413732
5,28020,"P_migrants","Migrants",0.0141940586787666,6.66364649077877e-05
5,28021,"P_migrants","Migrants",-0.349525447157807,0.00010990916780429
5,28022,"P_migrants","Migrants",2.3951604485241,-0.00190291297622025
5,28023,"P_migrants","Migrants",1.01121875690124,-5.83701148570981e-05
5,28024,"P_migrants","Migrants",1.8554185184422,-5.54825855942909e-05
5,28025,"P_migrants","Migrants",6.16826786496045,-0.00128171488177031
5,28026,"P_migrants","Migrants",-0.229056421324034,0.00010049973934656
5,28027,"P_migrants","Migrants",3.15740273792758,-0.00153043563477695
5,28028,"P_migrants","Migrants",0.0209514447300359,0.000134349320433103
5,28029,"P_migrants","Migrants",-0.198401282930129,0.000104409657069482
5,28030,"P_migrants","Migrants",-0.402490867696435,0.000100310375273693
5,28031,"P_migrants","Migrants",-0.571235968600627,0.000125454855151474
5,28032,"P_migrants","Migrants",1.25221992436463,-0.000897696882020682
5,28033,"P_migrants","Migrants",2.04310510751754,-0.0017065656138584
5,28034,"P_migrants","Migrants",-0.628772920522713,3.93479422200471e-05
5,28035,"P_migrants","Migrants",0.566595613768795,-0.000150522217154503
5,28036,"P_migrants","Migrants",-0.666413943113374,0.000110021304863039
5,28037,"P_migrants","Migrants",-0.259655583343798,0.000105653358332347
5,28038,"P_migrants","Migrants",-0.31402960417241,5.27607189724222e-05
5,28039,"P_migrants","Migrants",-0.152135304193278,9.75944130914286e-05
5,28040,"P_migrants","Migrants",1.75633349281782,-0.000139518218929879
5,28041,"P_migrants","Migrants",-0.369148927248019,0.000148439925396815
5,28042,"P_migrants","Migrants",-0.469273350049706,8.97300560609438e-05
5,28043,"P_migrants","Migrants",-0.493640532761051,0.000132104163640179
5,30003,"P_migrants","Migrants",-0.231106709679111,0.000106727267848328
5,30012,"P_migrants","Migrants",-0.493741634001842,0.000104991559055634
5,30015,"P_migrants","Migrants",-0.587891430294275,6.26030232524499e-05
5,30032,"P_migrants","Migrants",-0.565087850478879,9.62767226155847e-05
5,30039,"P_migrants","Migrants",-0.485806411588059,0.000144035060657188
5,30045,"P_migrants","Migrants",-0.593078676419534,0.000108969245047774
5,30048,"P_migrants","Migrants",-0.62337585697128,0.000145103316754103
5,30054,"P_migrants","Migrants",-0.579887099180579,5.73724100831896e-05
5,30056,"P_migrants","Migrants",-0.711693194941284,6.46526241325773e-05
5,30059,"P_migrants","Migrants",-0.648143433713601,0.000105034276202787
5,30061,"P_migrants","Migrants",-0.2081268386807,8.82345193531364e-05
5,30070,"P_migrants","Migrants",-0.192333212414261,0.000118024516268633
5,30072,"P_migrants","Migrants",-0.52225587719532,0.000100186618510634
5,30073,"P_migrants","Migrants",-0.646757975224255,7.95316373114474e-05
5,30076,"P_migrants","Migrants",-0.761536916731739,0.000170655053807423
5,30077,"P_migrants","Migrants",-0.41281435024962,0.000102749370853417
5,30082,"P_migrants","Migrants",-0.661608766472059,0.000101351412013173
5,30089,"P_migrants","Migrants",-0.630007546159167,0.000101565077784471
5,30091,"P_migrants","Migrants",0.286875258265281,-1.35651380333002e-05
5,30094,"P_migrants","Migrants",-0.329922357225908,9.86324303084984e-05
5,30097,"P_migrants","Migrants",-0.655509313325104,9.42855549510568e-05
5,30104,"P_migrants","Migrants",-0.587309850765655,8.25036986498162e-05
5,30108,"P_migrants","Migrants",-0.558808877104157,0.000122626093798317
5,30111,"P_migrants","Migrants",-0.580517814508037,9.87384264590219e-05
5,30116,"P_migrants","Migrants",0.269611517278629,2.85412806988461e-05
5,30119,"P_migrants","Migrants",-0.336179361631146,0.000107215404568706
5,30120,"P_migrants","Migrants",-0.686772572191126,9.45267020142637e-05
5,30122,"P_migrants","Migrants",-0.726894747283662,8.82735403138213e-05
5,30129,"P_migrants","Migrants",-0.716492189785051,7.66026132623665e-05
5,30130,"P_migrants","Migrants",-0.0273260202580731,9.60363977355883e-05
5,30133,"P_migrants","Migrants",-0.645118386402116,0.00013150429003872
5,30139,"P_migrants","Migrants",-0.645757268318307,6.61725789541379e-05
5,30141,"P_migrants","Migrants",-0.618055242651933,9.67081869021058e-05
5,30142,"P_migrants","Migrants",-0.43998237311018,7.56222143536434e-05
5,30143,"P_migrants","Migrants",-0.656585509959446,7.7809854701627e-05
5,30144,"P_migrants","Migrants",-0.487151438414913,9.37987133511342e-05
5,30145,"P_migrants","Migrants",-0.609722185196946,0.000110404384031426
5,30149,"P_migrants","Migrants",-0.708391255162863,8.78447099239565e-05
5,30161,"P_migrants","Migrants",-0.609859609432112,8.13217266113497e-05
5,30169,"P_migrants","Migrants",-0.164050169200863,0.000101960133179091
5,30172,"P_migrants","Migrants",-0.499626020175482,7.38050512154587e-05
5,30176,"P_migrants","Migrants",-0.579474459025578,6.47643537377007e-05
5,30190,"P_migrants","Migrants",-0.351629001594516,3.98794145439751e-05
5,30199,"P_migrants","Migrants",-0.697457890071523,0.000126334984088317
5,30204,"P_migrants","Migrants",-0.638527807389617,0.000134289395646192
5,30205,"P_migrants","Migrants",-0.400159077309666,0.000107235391624272
5,30206,"P_migrants","Migrants",-0.646226345334041,0.000161546806339175
5,30207,"P_migrants","Migrants",-0.204212463012962,0.000103301681519952
5,30208,"P_migrants","Migrants",-0.61968687915257,0.000106134153611492
5,30209,"P_migrants","Migrants",-0.643618398319113,8.0059005995281e-05
5,30210,"P_migrants","Migrants",-0.035129338637176,4.67059144284576e-05
5,30212,"P_migrants","Migrants",0.0950628672122632,-2.67641262325924e-05
5,31001,"P_migrants","Migrants",-0.739858711639107,0.000141193333547562
5,31002,"P_migrants","Migrants",-0.690099198749688,0.000109226872154977
5,31003,"P_migrants","Migrants",-0.546684590312959,0.000185594311915338
5,31004,"P_migrants","Migrants",-0.677529257734192,8.64135727169923e-05
5,31005,"P_migrants","Migrants",-0.638460914663954,8.07583855930716e-05
5,31006,"P_migrants","Migrants",-0.419664131525797,7.75607550167479e-05
5,31007,"P_migrants","Migrants",-0.642588362176368,7.49854807509109e-05
5,31008,"P_migrants","Migrants",-0.625776897023245,7.84312214818783e-05
5,31009,"P_migrants","Migrants",-0.578965814934421,8.92105235834606e-05
5,31010,"P_migrants","Migrants",-0.768562698802449,0.000160646595759317
5,31011,"P_migrants","Migrants",-0.409272450908429,9.79649921646342e-05
5,31012,"P_migrants","Migrants",0.112548991270422,-8.9044333435595e-05
5,31013,"P_migrants","Migrants",0.777499046820854,-0.000122376994113438
5,31014,"P_migrants","Migrants",-0.60407578695165,8.82660169736482e-05
5,31015,"P_migrants","Migrants",-0.751660386223225,0.000225052659516223
5,31016,"P_migrants","Migrants",-0.768562698802449,0.0001837939635152
5,31017,"P_migrants","Migrants",-0.728444511147887,8.14431405160576e-05
5,31018,"P_migrants","Migrants",-0.713020821953364,9.58913296926767e-05
5,31019,"P_migrants","Migrants",-0.737182365449526,0.000211393460631371
5,31020,"P_migrants","Migrants",-0.622213869805426,9.85564474831335e-05
5,31021,"P_migrants","Migrants",-0.668619217158582,8.43578527565114e-05
5,31022,"P_migrants","Migrants",-0.747018256606697,0.000153619272168726
5,31023,"P_migrants","Migrants",-0.671938335906167,8.88436625245959e-05
5,31024,"P_migrants","Migrants",-0.65268494888945,9.98431642074138e-05
5,31025,"P_migrants","Migrants",-0.345878192243582,9.59701865212992e-05
5,31026,"P_migrants","Migrants",-0.560993719641236,7.06316932337359e-05
5,31027,"P_migrants","Migrants",-0.632790695165356,9.67582600424066e-05
5,31028,"P_migrants","Migrants",-0.544503438246991,0.000115747490781359
5,31029,"P_migrants","Migrants",-0.738354773708873,0.000154246386955492
5,31030,"P_migrants","Migrants",-0.674866931011897,9.58783348323777e-05
5,31031,"P_migrants","Migrants",-0.635072846977111,7.24204874131829e-05
5,31032,"P_migrants","Migrants",-0.639411905933868,0.000156053443788551
5,31033,"P_migrants","Migrants",-0.742016814001755,0.000179640963324346
5,31034,"P_migrants","Migrants",-0.710846221013985,8.19209453766234e-05
5,31035,"P_migrants","Migrants",-0.665501757706355,8.01038258941844e-05
5,31036,"P_migrants","Migrants",-0.687247743605932,0.000110793458588887
5,31037,"P_migrants","Migrants",-0.660564014493529,7.08829538780265e-05
5,31038,"P_migrants","Migrants",-0.674885609851673,0.000115251110401005
5,31039,"P_migrants","Migrants",-0.723662146448449,0.000125941645819694
5,31040,"P_migrants","Migrants",-0.610319204183137,0.000100749908597209
5,31041,"P_migrants","Migrants",-0.556886675443895,0.000352786591975018
5,31042,"P_migrants","Migrants",-0.700807215799734,7.97589600551873e-05
5,31043,"P_migrants","Migrants",-0.685763707154362,0.000100465695140883
5,31044,"P_migrants","Migrants",-0.706152780034417,6.66644045850262e-05
5,31045,"P_migrants","Migrants",-0.768562698802449,0.000174664353835396
5,31046,"P_migrants","Migrants",-0.625870844745804,8.27922558528371e-05
5,31047,"P_migrants","Migrants",0.0345236996557074,4.93271509185433e-05
5,31048,"P_migrants","Migrants",-0.733271382346267,0.000105260165582877
5,31049,"P_migrants","Migrants",-0.744698591113809,0.000241806847043335
5,31050,"P_migrants","Migrants",0.380220013103287,3.84636332455557e-05
5,31051,"P_migrants","Migrants",-0.658968698167962,9.63123748078942e-05
5,31052,"P_migrants","Migrants",-0.529289973398425,0.000113898902782239
5,31053,"P_migrants","Migrants",-0.329711473162425,0.000117193900223356
5,31054,"P_migrants","Migrants",-0.673604609456392,7.98310720711015e-05
5,31055,"P_migrants","Migrants",-0.755287256617749,0.000266292423475534
5,31056,"P_migrants","Migrants",-0.309704913337073,0.000109494823846035
5,31057,"P_migrants","Migrants",-0.64755206837503,9.91433771559969e-05
5,31058,"P_migrants","Migrants",-0.514884622107689,8.77440688782372e-05
5,31059,"P_migrants","Migrants",0.372908718068697,-6.91298919264227e-05
5,31060,"P_migrants","Migrants",-0.672077220541665,0.000117331197543535
5,31061,"P_migrants","Migrants",-0.269822753253652,0.000149267507367767
5,31062,"P_migrants","Migrants",-0.74961957167494,0.000149012499605305
5,31063,"P_migrants","Migrants",-0.735029476922814,9.1734851594083e-05
5,31064,"P_migrants","Migrants",-0.768562698802449,0.000192228078958578
5,31065,"P_migrants","Migrants",-0.679821570323552,0.000121827957627829
5,31066,"P_migrants","Migrants",-0.367713552951936,0.00012564095959533
5,31067,"P_migrants","Migrants",-0.712440360749323,8.52690645842813e-05
5,31068,"P_migrants","Migrants",0.0820393008555958,0.00010652381752152
5,31069,"P_migrants","Migrants",-0.674197899440962,7.05920174368657e-05
5,31070,"P_migrants","Migrants",-0.673804084729631,0.000117906885861885
5,31071,"P_migrants","Migrants",-0.623908739572977,5.665277785738e-05
5,31072,"P_migrants","Migrants",-0.768562698802449,0.000175948705873452
5,31073,"P_migrants","Migrants",-0.736295967291624,0.000178201167727821
5,31074,"P_migrants","Migrants",-0.644057060665371,0.000115638518764172
5,31075,"P_migrants","Migrants",-0.646338465361125,8.34013626445085e-05
5,31076,"P_migrants","Migrants",-0.70569141194013,8.2448408647906e-05
5,31077,"P_migrants","Migrants",-0.768562698802449,0.000177314330358058
5,31078,"P_migrants","Migrants",-0.718401580520387,8.02296344772913e-05
5,31079,"P_migrants","Migrants",-0.599325381901191,0.000101748177257832
5,31080,"P_migrants","Migrants",-0.75150700847709,0.000198464913410135
5,31081,"P_migrants","Migrants",-0.740535005741426,0.000194005522644147
5,31082,"P_migrants","Migrants",-0.206308008742055,0.000129789637867361
5,31083,"P_migrants","Migrants",0.315027876639703,-3.71679816453252e-05
5,31084,"P_migrants","Migrants",-0.728378752722869,6.12235598964617e-05
5,31085,"P_migrants","Migrants",-0.706583838713305,0.000155667250510305
5,31086,"P_migrants","Migrants",-0.590660463976785,7.28198356227949e-05
5,31087,"P_migrants","Migrants",-0.52777280540649,7.56295339670032e-05
5,31088,"P_migrants","Migrants",-0.719539821614422,7.70087281125598e-05
5,31089,"P_migrants","Migrants",-0.60806959091779,0.000109339984192047
5,31090,"P_migrants","Migrants",-0.75603746163729,0.000224489325773902
5,31091,"P_migrants","Migrants",-0.686921140201803,9.61874538916163e-05
5,31092,"P_migrants","Migrants",-0.708940281108778,8.73539102030918e-05
5,31093,"P_migrants","Migrants",-0.65603394381913,9.58622986217961e-05
5,31094,"P_migrants","Migrants",-0.751300234961262,0.000135796988615766
5,31095,"P_migrants","Migrants",-0.718970690260066,9.79331962298602e-05
5,31096,"P_migrants","Migrants",-0.565717341287911,0.000115834736789111
5,31097,"P_migrants","Migrants",-0.104595785883694,0.000100318597105797
5,31098,"P_migrants","Migrants",-0.713440716181832,7.34482673578896e-05
5,31099,"P_migrants","Migrants",-0.746139206499117,0.000212880244362168
5,31100,"P_migrants","Migrants",-0.722142913785,0.000116238748887554
5,31101,"P_migrants","Migrants",-0.642022947606643,0.000199656991753727
5,31102,"P_migrants","Migrants",-0.482343244176772,0.000178491914994083
5,31103,"P_migrants","Migrants",-0.741330923922733,0.000184725286089815
5,31104,"P_migrants","Migrants",-0.745570013120037,0.00014381310029421
5,31105,"P_migrants","Migrants",-0.624735249100248,0.000138816947583109
5,31106,"P_migrants","Migrants",-0.471570379337437,0.00011054325295845
5,32001,"P_migrants","Migrants",0.838521131364636,-6.20926730334759e-05
5,32002,"P_migrants","Migrants",0.924542590323619,-6.16776014794596e-05
5,32003,"P_migrants","Migrants",1.99910732784872,-0.000177643087226897
5,32004,"P_migrants","Migrants",3.06679959714499,-0.000306359579553828
5,32005,"P_migrants","Migrants",-0.286777925934493,0.000148839913890697
5,32006,"P_migrants","Migrants",-0.184215024581193,0.000109516906377394
5,32008,"P_migrants","Migrants",-0.0770941978135584,6.5120417275466e-05
5,32009,"P_migrants","Migrants",1.1240267500138,-9.86678205663338e-05
5,32010,"P_migrants","Migrants",-0.117934438780863,0.000107567211671267
5,32011,"P_migrants","Migrants",3.21255707020113,-0.000856156810186803
5,32012,"P_migrants","Migrants",0.151876628701656,3.03767101286212e-05
5,32013,"P_migrants","Migrants",0.705806430715102,-7.53078929847106e-05
5,32015,"P_migrants","Migrants",2.74514735706411,-0.000415353541029617
5,32016,"P_migrants","Migrants",0.290725547356258,1.32857658172725e-05
5,32017,"P_migrants","Migrants",-0.019180786825794,0.000165890829521231
5,32018,"P_migrants","Migrants",1.42464440617106,-7.8826597018633e-05
5,32019,"P_migrants","Migrants",0.766604995067426,-7.92046266724356e-05
5,32020,"P_migrants","Migrants",1.12447367292565,-6.28090419922955e-05
5,32021,"P_migrants","Migrants",0.537256448317134,-7.68193131079897e-05
5,32023,"P_migrants","Migrants",1.16609685199099,-2.76649534498574e-05
5,32024,"P_migrants","Migrants",-0.0685652136513917,3.25737128150649e-05
5,32025,"P_migrants","Migrants",0.415240457249888,-2.05922005989123e-05
5,32028,"P_migrants","Migrants",0.536671403861856,-3.48045468854252e-05
5,32030,"P_migrants","Migrants",1.27106602132872,-8.1688653153833e-05
5,32031,"P_migrants","Migrants",2.04641223199907,-0.000943584251217544
5,32032,"P_migrants","Migrants",-0.0555364823267523,0.000162982556503266
5,32033,"P_migrants","Migrants",1.24730527408448,-9.29642919800244e-05
5,32034,"P_migrants","Migrants",1.56664438194346,-5.33719758095685e-05
5,32035,"P_migrants","Migrants",0.426939333371207,-6.20594728388824e-05
5,32036,"P_migrants","Migrants",0.388141186916959,-1.08341955638025e-05
5,32037,"P_migrants","Migrants",-0.517173273358762,5.98199039814062e-05
5,32038,"P_migrants","Migrants",-0.210067803759908,9.14172414923087e-05
5,32039,"P_migrants","Migrants",0.555424243833277,-8.35354658192955e-05
5,32040,"P_migrants","Migrants",0.621805764535364,-7.74573709350079e-05
5,32041,"P_migrants","Migrants",-0.543558256626278,6.33725358056836e-05
5,32042,"P_migrants","Migrants",0.543773322221723,-8.46230977913365e-05
5,32043,"P_migrants","Migrants",1.43617291165125,-8.87481146492064e-05
5,32044,"P_migrants","Migrants",0.8972515714945,-8.75786208780482e-05
5,32045,"P_migrants","Migrants",1.78540186584023,-9.91850101854652e-05
5,32046,"P_migrants","Migrants",0.47731514365893,9.35109483179986e-08
5,32047,"P_migrants","Migrants",1.07515363434252,-5.33914935658686e-05
5,32048,"P_migrants","Migrants",0.752645391977843,-7.21875912859105e-05
5,32049,"P_migrants","Migrants",0.986234407505677,-0.00014048456796445
5,32050,"P_migrants","Migrants",-0.338651057242063,8.45623944769613e-05
5,32051,"P_migrants","Migrants",-0.129208839302013,5.29008830199018e-05
5,32052,"P_migrants","Migrants",-0.262766922083434,0.000107648280391004
5,32053,"P_migrants","Migrants",0.228388104478867,5.89297414990142e-05
5,32054,"P_migrants","Migrants",0.232786406445258,4.03228696086444e-05
5,32055,"P_migrants","Migrants",1.11460964697751,-0.000114070542622358
5,32056,"P_migrants","Migrants",0.0146407720222246,0.000193800748093054
5,32057,"P_migrants","Migrants",-0.288971307208652,8.76488702488132e-05
5,32058,"P_migrants","Migrants",1.13545463165563,-7.4308758485131e-05
5,1001,"P_poverty","Poverty",-1.74975640937178,1.5082612662809e-05
5,1002,"P_poverty","Poverty",-1.00070578289319,-0.000145277328556404
5,1003,"P_poverty","Poverty",-0.740365016373186,-9.96302769635804e-05
5,1004,"P_poverty","Poverty",-1.14229462082511,-3.09030074276961e-05
5,1005,"P_poverty","Poverty",-1.63100448078371,0.000102759920991957
5,1006,"P_poverty","Poverty",-1.51225255219564,2.39318069361616e-05
5,1007,"P_poverty","Poverty",-0.982436255418098,-0.000105955587059725
5,1008,"P_poverty","Poverty",-0.740365016373186,-0.000114855043648276
5,1009,"P_poverty","Poverty",-1.11489032961248,1.76905596163124e-05
5,1010,"P_poverty","Poverty",-0.977868873549326,-9.95418886304833e-05
5,1011,"P_poverty","Poverty",-1.10575556587494,4.14938513131347e-05
5,2001,"P_poverty","Poverty",-1.81369975553459,5.71761484025046e-05
5,2002,"P_poverty","Poverty",-1.9096147747788,-0.000264986767433584
5,2003,"P_poverty","Poverty",-1.86850833795985,-0.000168521190062165
5,2004,"P_poverty","Poverty",-1.74975640937178,-0.000167984500876628
5,2005,"P_poverty","Poverty",-1.40720276921389,1.73441476363223e-05
5,3001,"P_poverty","Poverty",-1.23820964006933,-4.10003740398679e-05
5,3002,"P_poverty","Poverty",-1.73148688189669,-6.54113027849235e-05
5,3003,"P_poverty","Poverty",-1.89134524730371,-0.000227714568609372
5,3008,"P_poverty","Poverty",-1.38436585987003,5.87375725444872e-05
5,4001,"P_poverty","Poverty",0.0360899013180413,9.34224153752439e-05
5,4002,"P_poverty","Poverty",-1.34782680491985,-6.50432366455789e-06
5,4003,"P_poverty","Poverty",-1.21537273072547,-1.86022462003166e-05
5,4004,"P_poverty","Poverty",-0.219683483333186,8.42057925183326e-05
5,4005,"P_poverty","Poverty",0.214217794200147,7.47991653042845e-05
5,4006,"P_poverty","Poverty",0.588743107439444,6.75898409099318e-05
5,4007,"P_poverty","Poverty",-0.0963641728763444,7.81501948949881e-05
5,4008,"P_poverty","Poverty",-0.37040708500266,7.29272869648412e-05
5,4009,"P_poverty","Poverty",0.278161140362953,7.69367688917555e-05
5,4010,"P_poverty","Poverty",0.95870103880997,0.000135007096105255
5,5001,"P_poverty","Poverty",-2.32981390670582,-0.000350475427694619
5,5003,"P_poverty","Poverty",-1.69951520881529,-9.5224087999668e-05
5,5004,"P_poverty","Poverty",-1.50768517032687,-9.36414653551765e-05
5,5005,"P_poverty","Poverty",-1.3067203681009,-4.22843804699369e-05
5,5006,"P_poverty","Poverty",-1.29301822249459,-5.9860114561161e-05
5,5007,"P_poverty","Poverty",-1.32498989557599,-8.25138777145185e-05
5,5008,"P_poverty","Poverty",-1.5031177884581,-4.65262746729422e-05
5,5009,"P_poverty","Poverty",-1.37979847800125,-5.252855407889e-05
5,5010,"P_poverty","Poverty",-1.81369975553459,-7.3090115620289e-05
5,5012,"P_poverty","Poverty",-1.74518902750301,-0.000186847944860347
5,5013,"P_poverty","Poverty",-1.73148688189669,-0.000178262227564119
5,5014,"P_poverty","Poverty",-1.73148688189669,-3.8416819734266e-05
5,5015,"P_poverty","Poverty",-1.48941564285178,-7.23304037819616e-05
5,5016,"P_poverty","Poverty",-2.07860790392336,-5.16036488988902e-05
5,5018,"P_poverty","Poverty",-1.79086284619073,-0.000107245788967703
5,5019,"P_poverty","Poverty",-1.78629546432196,-0.00010465217201272
5,5021,"P_poverty","Poverty",-2.06490575831704,6.36274899079581e-06
5,5022,"P_poverty","Poverty",-1.71778473629038,-0.000102430400147568
5,5025,"P_poverty","Poverty",-1.79999760992827,-5.61721572012175e-05
5,5026,"P_poverty","Poverty",-1.5670611346209,-7.60727634769864e-05
5,5027,"P_poverty","Poverty",-2.06490575831704,-0.000106726329249796
5,5028,"P_poverty","Poverty",-1.89134524730371,-0.000134343383251689
5,5029,"P_poverty","Poverty",-2.07404052205459,0.000103860635135788
5,5030,"P_poverty","Poverty",-2.02836670336687,-0.000235501356655732
5,5033,"P_poverty","Poverty",-0.94132981859915,-0.000106957770185545
5,5034,"P_poverty","Poverty",-1.66754353573389,-9.11542229005136e-05
5,5037,"P_poverty","Poverty",-1.61730233517739,-0.000132999048219062
5,6001,"P_poverty","Poverty",-1.07835127466231,-4.60823503090069e-05
5,6002,"P_poverty","Poverty",-1.69038044507775,-0.000103473219496664
5,6003,"P_poverty","Poverty",-0.712960725160554,-8.52670127642341e-05
5,6004,"P_poverty","Poverty",-0.82257789001108,-0.000107492029201239
5,6005,"P_poverty","Poverty",-1.5031177884581,-2.43195245275274e-05
5,6006,"P_poverty","Poverty",-0.923060291124063,-0.000108798791188747
5,6007,"P_poverty","Poverty",-1.70408259068406,-6.45198233542033e-05
5,6008,"P_poverty","Poverty",-1.55335898901459,-3.47129862348083e-05
5,6009,"P_poverty","Poverty",-1.10118818400617,-2.10651796805905e-05
5,6010,"P_poverty","Poverty",-1.94615382972897,-8.33953963592649e-05
5,7001,"P_poverty","Poverty",0.684658126683655,0.000143247933010571
5,7003,"P_poverty","Poverty",-0.187711810251783,9.71240660874173e-05
5,7006,"P_poverty","Poverty",0.835381728353128,0.000123180609080009
5,7008,"P_poverty","Poverty",1.05004867618541,0.000129150823340751
5,7009,"P_poverty","Poverty",0.00411822823663804,8.27005351311527e-05
5,7010,"P_poverty","Poverty",1.45654566250611,0.000149721308844164
5,7011,"P_poverty","Poverty",0.940431511334882,0.000118517222290393
5,7012,"P_poverty","Poverty",-0.0187186811072216,8.34786187624559e-05
5,7013,"P_poverty","Poverty",0.74403409097769,0.000239753979258239
5,7015,"P_poverty","Poverty",0.666388599208567,0.000116551789687946
5,7017,"P_poverty","Poverty",0.456289033245058,6.90205342834815e-05
5,7018,"P_poverty","Poverty",0.954133656941198,0.000113517511636019
5,7019,"P_poverty","Poverty",0.310132813444357,7.73964202380739e-05
5,7020,"P_poverty","Poverty",0.648119071733479,0.000122391822515056
5,7021,"P_poverty","Poverty",0.584175725570672,6.77559364703484e-05
5,7025,"P_poverty","Poverty",1.1002898767419,0.000147506347275339
5,7027,"P_poverty","Poverty",-0.0689598816637128,7.78320973040536e-05
5,7029,"P_poverty","Poverty",0.716629799765058,0.000114816961286124
5,7030,"P_poverty","Poverty",0.894757692647163,0.000137932656798512
5,7032,"P_poverty","Poverty",0.38777830521348,7.22227778169326e-05
5,7033,"P_poverty","Poverty",1.11855940421699,0.0001555946219014
5,7034,"P_poverty","Poverty",0.712062417896286,0.000112188543425873
5,7035,"P_poverty","Poverty",0.323834959050672,7.87107783253305e-05
5,7036,"P_poverty","Poverty",1.20533965972365,0.000260261236689985
5,7037,"P_poverty","Poverty",-0.265357302020905,7.1909831603989e-05
5,7040,"P_poverty","Poverty",-0.22881824707073,8.82506574271247e-05
5,7041,"P_poverty","Poverty",1.35149587952436,0.000282992608845234
5,7042,"P_poverty","Poverty",1.04091391244786,0.000138188668643124
5,7043,"P_poverty","Poverty",0.168543975512427,8.09875346021727e-05
5,7045,"P_poverty","Poverty",0.451721651376287,9.46632790146396e-05
5,7046,"P_poverty","Poverty",0.118302774955936,6.97300274623558e-05
5,7048,"P_poverty","Poverty",-0.338435411921256,7.10004387656227e-05
5,7051,"P_poverty","Poverty",0.401480450819795,7.60190669097938e-05
5,7052,"P_poverty","Poverty",1.46568042624365,0.000287044153083116
5,7053,"P_poverty","Poverty",0.940431511334882,0.000124530095490627
5,7054,"P_poverty","Poverty",-0.260789920152134,8.40152279124595e-05
5,7055,"P_poverty","Poverty",-0.0917967910075724,8.05834424681962e-05
5,7057,"P_poverty","Poverty",0.419749978294883,0.000281098706182092
5,7058,"P_poverty","Poverty",1.57986497296295,0.0001406489755027
5,7060,"P_poverty","Poverty",1.36976540699944,0.000303345092106611
5,7061,"P_poverty","Poverty",0.479125942588918,7.26112994016148e-05
5,7062,"P_poverty","Poverty",-0.169442282776695,8.59568390296772e-05
5,7063,"P_poverty","Poverty",0.328402340919445,7.76491651777178e-05
5,7067,"P_poverty","Poverty",1.22360918719874,0.000150024934555404
5,7068,"P_poverty","Poverty",-0.0461229723198532,7.22780532669276e-05
5,7069,"P_poverty","Poverty",0.287295904100497,6.72434471198358e-05
5,7070,"P_poverty","Poverty",1.48851733558751,0.000291251839371398
5,7071,"P_poverty","Poverty",-0.301896356971081,8.40321081341244e-05
5,7073,"P_poverty","Poverty",1.06375082179172,0.000107696105260402
5,7074,"P_poverty","Poverty",-0.237953010808274,8.56717670103535e-05
5,7075,"P_poverty","Poverty",1.26014824214892,7.71540362620726e-05
5,7079,"P_poverty","Poverty",0.00868561010541003,6.95079361321405e-05
5,7080,"P_poverty","Poverty",1.36519802513067,0.000278648396488279
5,7083,"P_poverty","Poverty",0.543069288751725,6.85740378685296e-05
5,7084,"P_poverty","Poverty",0.616147398652076,0.000252155092312023
5,7085,"P_poverty","Poverty",1.29668729709909,0.000137173672555946
5,7086,"P_poverty","Poverty",0.406047832688567,0.000286447932012379
5,7087,"P_poverty","Poverty",0.0315225194492696,9.5876952400431e-05
5,7088,"P_poverty","Poverty",0.195948266725059,9.46897562243976e-05
5,7089,"P_poverty","Poverty",-0.160307519039151,8.27704716357403e-05
5,7090,"P_poverty","Poverty",0.766871000321549,0.000122816316434182
5,7091,"P_poverty","Poverty",0.506530233801549,6.98875082889572e-05
5,7092,"P_poverty","Poverty",0.967835802547514,0.000135026624775492
5,7097,"P_poverty","Poverty",-0.0506903541886252,8.02928552730009e-05
5,7099,"P_poverty","Poverty",1.17793536851102,9.27381188375875e-05
5,7101,"P_poverty","Poverty",-0.722095488898098,-0.00013989610306453
5,7102,"P_poverty","Poverty",0.118302774955936,7.9100915172603e-05
5,7103,"P_poverty","Poverty",0.310132813444357,7.44869539630599e-05
5,7104,"P_poverty","Poverty",0.867353401434532,0.000116571980470326
5,7105,"P_poverty","Poverty",0.36494139586962,8.73015451361425e-05
5,7106,"P_poverty","Poverty",1.06375082179172,0.000110268694697879
5,7107,"P_poverty","Poverty",0.899325074515935,0.000104881946754176
5,7108,"P_poverty","Poverty",0.34210448652576,7.50250328565016e-05
5,7114,"P_poverty","Poverty",0.629849544258391,0.000262513553025201
5,7115,"P_poverty","Poverty",1.52505639053769,0.000302384665701538
5,7116,"P_poverty","Poverty",0.693792890421199,7.7455333666876e-05
5,7117,"P_poverty","Poverty",1.3926023163433,0.000293592311209068
5,7120,"P_poverty","Poverty",1.37433278886821,0.000286996888462454
5,7121,"P_poverty","Poverty",1.63924093725699,0.000143549157655798
5,7122,"P_poverty","Poverty",0.712062417896286,0.000106841325759888
5,7124,"P_poverty","Poverty",0.807977437140497,0.00010749666398624
5,8001,"P_poverty","Poverty",-1.10118818400617,4.46306075900793e-05
5,8002,"P_poverty","Poverty",-1.67211091760266,-0.000134042609715834
5,8004,"P_poverty","Poverty",-1.45744396977038,-0.000235788989812136
5,8005,"P_poverty","Poverty",-0.84541479935494,-0.000106568630144466
5,8006,"P_poverty","Poverty",-2.27500532428055,-0.000799269182607532
5,8008,"P_poverty","Poverty",1.37890017073699,0.000149956307723187
5,8009,"P_poverty","Poverty",-0.25165515641459,5.90219133300707e-05
5,8010,"P_poverty","Poverty",-0.694691197685466,-0.00010830976680154
5,8011,"P_poverty","Poverty",-1.58989804396476,8.86469570104964e-06
5,8012,"P_poverty","Poverty",-0.306463738839853,0.000100372482847888
5,8013,"P_poverty","Poverty",-1.33869204118231,-5.90661038586404e-05
5,8015,"P_poverty","Poverty",-1.73148688189669,-5.32248013769276e-05
5,8016,"P_poverty","Poverty",-2.13798386821739,-0.000509776640683413
5,8017,"P_poverty","Poverty",-1.70408259068406,1.90276277862722e-05
5,8018,"P_poverty","Poverty",-1.5350894615395,-3.31663977704011e-05
5,8019,"P_poverty","Poverty",-2.11514695887353,2.13937951798471e-07
5,8020,"P_poverty","Poverty",-0.443485194903011,-0.000110536704596598
5,8021,"P_poverty","Poverty",-1.83653666487845,-1.21429402497597e-05
5,8022,"P_poverty","Poverty",-1.09205342026862,-6.91830573487096e-05
5,8023,"P_poverty","Poverty",-1.3569615686574,-5.66611452086363e-05
5,8024,"P_poverty","Poverty",-1.87764310169739,-0.000180307586560957
5,8025,"P_poverty","Poverty",-1.37979847800125,-2.05538253794657e-05
5,8026,"P_poverty","Poverty",-1.77259331871564,-1.58129569172161e-05
5,8027,"P_poverty","Poverty",0.0771963381369889,6.93273323122412e-05
5,8028,"P_poverty","Poverty",-1.93245168412266,-0.000235057043028064
5,8030,"P_poverty","Poverty",0.209650412331374,7.98165710875764e-05
5,8031,"P_poverty","Poverty",-0.895655999911431,-0.000105624189018272
5,8034,"P_poverty","Poverty",-1.57619589835845,-1.89198708540061e-05
5,8035,"P_poverty","Poverty",-1.22907487633178,-4.06277322326787e-05
5,8037,"P_poverty","Poverty",-1.74975640937178,-6.86633502482437e-05
5,8038,"P_poverty","Poverty",-1.84567142861599,-0.000324277556501329
5,8040,"P_poverty","Poverty",-0.881953854305115,-0.000106321575003676
5,8041,"P_poverty","Poverty",0.634416926127164,0.000192765597603284
5,8043,"P_poverty","Poverty",-1.5031177884581,4.9049049266614e-05
5,8045,"P_poverty","Poverty",-1.42547229668897,-8.35557329992298e-06
5,8046,"P_poverty","Poverty",0.69836027228997,0.000113765127025545
5,8047,"P_poverty","Poverty",-0.0232860629759936,7.87266908446327e-05
5,8048,"P_poverty","Poverty",-2.02836670336687,-0.000329236325342208
5,8050,"P_poverty","Poverty",-1.49855040658932,6.11019277130254e-05
5,8051,"P_poverty","Poverty",-0.991571019155641,-0.000154655877850018
5,8052,"P_poverty","Poverty",-1.50768517032687,-4.49713625130244e-05
5,8053,"P_poverty","Poverty",-2.2019272143802,-0.000460008886875585
5,8054,"P_poverty","Poverty",-2.38005510726231,-0.00380372442305088
5,8055,"P_poverty","Poverty",-1.60816757143985,-8.94238546607085e-05
5,8057,"P_poverty","Poverty",-1.51225255219564,1.19629949040245e-05
5,8061,"P_poverty","Poverty",-1.33869204118231,-1.86815377674066e-05
5,8062,"P_poverty","Poverty",-1.89134524730371,-0.000179423921508715
5,8063,"P_poverty","Poverty",-1.37523109613248,-4.38366405433044e-05
5,8065,"P_poverty","Poverty",-0.119201082220204,8.57998966239393e-05
5,8066,"P_poverty","Poverty",0.789707909665409,0.000114385496999603
5,10001,"P_poverty","Poverty",-0.859116944961255,-9.04367698240094e-05
5,10002,"P_poverty","Poverty",0.24618946728155,5.97147954977117e-05
5,10003,"P_poverty","Poverty",0.132004920562252,0.0001093838000088
5,10011,"P_poverty","Poverty",-0.776904071323361,-6.45698892185465e-05
5,10013,"P_poverty","Poverty",-1.16969891203775,-8.45355407363968e-06
5,10018,"P_poverty","Poverty",-1.13772723895634,3.27953875967069e-06
5,10019,"P_poverty","Poverty",0.821679582746812,0.000119943528261501
5,10020,"P_poverty","Poverty",-0.521130686672133,-7.52891137381084e-05
5,10022,"P_poverty","Poverty",-0.543967596015993,-7.86891105235554e-05
5,10024,"P_poverty","Poverty",-0.70382596142301,-9.21179598663002e-05
5,10026,"P_poverty","Poverty",-0.0369882085823092,9.52458794927225e-05
5,10028,"P_poverty","Poverty",-0.365839703133888,9.13900948944502e-05
5,10029,"P_poverty","Poverty",-0.388676612477747,-9.19507438084111e-05
5,10030,"P_poverty","Poverty",-0.539400214147221,-0.000102761507150717
5,10032,"P_poverty","Poverty",-0.872819090567571,-8.04263763711788e-05
5,10033,"P_poverty","Poverty",-0.0232860629759936,7.53580970922485e-05
5,10034,"P_poverty","Poverty",0.565906198095585,8.82275198819116e-05
5,10035,"P_poverty","Poverty",-0.142037991564064,8.47414776217192e-05
5,10036,"P_poverty","Poverty",-1.3569615686574,-5.70837328268681e-05
5,10037,"P_poverty","Poverty",0.607012634914532,5.11453981744125e-05
5,10038,"P_poverty","Poverty",-0.790606216929677,-8.41603614389896e-05
5,10039,"P_poverty","Poverty",-0.840847417486168,-9.6403578936588e-05
5,11001,"P_poverty","Poverty",-0.649017378997747,-9.32427137740888e-05
5,11003,"P_poverty","Poverty",-0.84541479935494,-0.00010312742961105
5,11004,"P_poverty","Poverty",-0.516563304803361,-9.90880871540867e-05
5,11005,"P_poverty","Poverty",-0.950464582336694,-0.000105603874544613
5,11006,"P_poverty","Poverty",0.310132813444357,8.75629557413049e-05
5,11007,"P_poverty","Poverty",-0.982436255418098,-0.000105916355096269
5,11008,"P_poverty","Poverty",-0.539400214147221,-0.000101088749943301
5,11009,"P_poverty","Poverty",-0.452619958640554,-0.000100308672699612
5,11011,"P_poverty","Poverty",-0.991571019155641,-0.000113606074592099
5,11012,"P_poverty","Poverty",-0.46632210424687,-9.04194894246757e-05
5,11013,"P_poverty","Poverty",-1.03267745597459,-5.84678928134963e-05
5,11014,"P_poverty","Poverty",-0.406946139952835,-0.000103607395431027
5,11015,"P_poverty","Poverty",-1.3067203681009,-7.46000250728684e-06
5,11016,"P_poverty","Poverty",-0.575939269097396,-9.7749441920314e-05
5,11017,"P_poverty","Poverty",-1.21080534885669,-2.13125458685681e-05
5,11020,"P_poverty","Poverty",-0.735797634504414,-0.000107788073364645
5,11022,"P_poverty","Poverty",-0.48915901359073,-0.000112011810415424
5,11023,"P_poverty","Poverty",-0.498293777328274,-0.000100175704574212
5,11024,"P_poverty","Poverty",-0.854549563092484,-0.000105336817796342
5,11025,"P_poverty","Poverty",-0.872819090567571,-0.000103611098893452
5,11026,"P_poverty","Poverty",-0.553102359753537,-9.78798634605482e-05
5,11027,"P_poverty","Poverty",-1.13772723895634,-2.46181971306214e-05
5,11029,"P_poverty","Poverty",-1.01897531036827,-3.85257080779411e-05
5,11030,"P_poverty","Poverty",-0.461754722378098,-0.000106184757896699
5,11031,"P_poverty","Poverty",-0.671854288341607,-0.000103537204267923
5,11032,"P_poverty","Poverty",-1.72691950002792,-2.98751256195828e-05
5,11033,"P_poverty","Poverty",-0.498293777328274,-0.000102438876638189
5,11034,"P_poverty","Poverty",-0.676421670210378,-6.52004746370949e-05
5,11035,"P_poverty","Poverty",-0.0826620272700284,6.96612769388594e-05
5,11037,"P_poverty","Poverty",-0.854549563092484,-0.000106401937955525
5,11040,"P_poverty","Poverty",-0.365839703133888,0.000100104502053
5,11042,"P_poverty","Poverty",-0.685556433947922,-0.000108907981484663
5,11043,"P_poverty","Poverty",-0.566804505359852,-0.00010327350901207
5,11044,"P_poverty","Poverty",-1.14229462082511,1.5948578948155e-05
5,11045,"P_poverty","Poverty",-0.0278534448447656,7.7305274317041e-05
5,12001,"P_poverty","Poverty",-0.452619958640554,-8.77187485457398e-05
5,12002,"P_poverty","Poverty",1.42457398942471,0.000131021559354849
5,12003,"P_poverty","Poverty",0.122870156824708,8.46456459839828e-05
5,12004,"P_poverty","Poverty",1.49765209932506,0.000150080741150305
5,12005,"P_poverty","Poverty",0.38777830521348,6.75711416988634e-05
5,12006,"P_poverty","Poverty",0.739466709108918,0.000104829370684456
5,12007,"P_poverty","Poverty",0.0863311018745325,8.67579728947021e-05
5,12008,"P_poverty","Poverty",0.543069288751725,7.60995171731338e-05
5,12009,"P_poverty","Poverty",1.52048900866892,0.000144108635140583
5,12010,"P_poverty","Poverty",1.56616282735664,0.000144173493026756
5,12011,"P_poverty","Poverty",-0.416080903690379,-7.5409268902149e-05
5,12012,"P_poverty","Poverty",0.634416926127164,0.000132899192976765
5,12013,"P_poverty","Poverty",-0.25165515641459,9.68336535152048e-05
5,12014,"P_poverty","Poverty",-1.58989804396476,-6.75301926094107e-05
5,12015,"P_poverty","Poverty",-0.434350431165467,-0.000109590619103983
5,12016,"P_poverty","Poverty",0.205083030462603,8.45139002194628e-05
5,12017,"P_poverty","Poverty",-0.25165515641459,7.30447063688189e-05
5,12018,"P_poverty","Poverty",0.205083030462603,9.78979951469228e-05
5,12019,"P_poverty","Poverty",1.47024780811243,0.000164425990078598
5,12020,"P_poverty","Poverty",1.52048900866892,0.000143454235512763
5,12021,"P_poverty","Poverty",0.159409211774883,0.000108106432890054
5,12022,"P_poverty","Poverty",0.0726289562682169,0.000101098557934165
5,12023,"P_poverty","Poverty",0.0269551375804977,0.000100319470220711
5,12024,"P_poverty","Poverty",0.922161983859795,0.000116701834485866
5,12025,"P_poverty","Poverty",0.648119071733479,0.000137290626298636
5,12026,"P_poverty","Poverty",0.780573145927865,0.00012486481864471
5,12028,"P_poverty","Poverty",0.60244525304576,8.80980587680824e-05
5,12029,"P_poverty","Poverty",-0.297328975102309,7.36254587536678e-05
5,12030,"P_poverty","Poverty",-0.352137557527572,9.94169822661206e-05
5,12031,"P_poverty","Poverty",0.999807475628918,0.000135395501274616
5,12032,"P_poverty","Poverty",1.48851733558751,0.000148919760249555
5,12033,"P_poverty","Poverty",0.543069288751725,6.71083325869404e-05
5,12034,"P_poverty","Poverty",0.100033247480848,6.96030474500731e-05
5,12035,"P_poverty","Poverty",-0.343002793790028,7.90960039012134e-05
5,12036,"P_poverty","Poverty",0.643551689864707,0.000129982712678611
5,12037,"P_poverty","Poverty",0.529367143145409,7.49892424209975e-05
5,12038,"P_poverty","Poverty",-0.735797634504414,-0.00012572732521221
5,12039,"P_poverty","Poverty",0.565906198095585,8.67034032125957e-05
5,12040,"P_poverty","Poverty",1.18250275037979,0.000138276751386002
5,12041,"P_poverty","Poverty",1.20990704159243,0.000140958145493641
5,12042,"P_poverty","Poverty",1.07745296739804,0.000118581541755702
5,12043,"P_poverty","Poverty",1.63010617351944,9.9783152109012e-05
5,12044,"P_poverty","Poverty",0.323834959050672,0.000106534804217517
5,12045,"P_poverty","Poverty",1.21904180532997,0.000155259331222624
5,12047,"P_poverty","Poverty",1.26014824214892,0.000143994999234565
5,12048,"P_poverty","Poverty",-0.320165884446169,9.41543476074003e-05
5,12050,"P_poverty","Poverty",-0.425215667427923,-9.41755206440575e-05
5,12051,"P_poverty","Poverty",1.47024780811243,0.000161411851877347
5,12052,"P_poverty","Poverty",1.09572249487313,0.000148802326293662
5,12053,"P_poverty","Poverty",-0.0689598816637128,0.000101963654742576
5,12054,"P_poverty","Poverty",1.018077003104,0.000135663925902918
5,12055,"P_poverty","Poverty",0.593310489308216,7.2995426307898e-05
5,12056,"P_poverty","Poverty",0.944998893203654,0.000133457491756417
5,12057,"P_poverty","Poverty",-1.10575556587494,-7.17886214260943e-05
5,12058,"P_poverty","Poverty",0.0863311018745325,7.09781161276624e-05
5,12059,"P_poverty","Poverty",0.597877871176988,7.17727962182835e-05
5,12061,"P_poverty","Poverty",-0.187711810251783,0.000104472965176683
5,12062,"P_poverty","Poverty",0.963268420678742,0.000135732581838965
5,12063,"P_poverty","Poverty",1.36976540699944,0.000132031622342765
5,12064,"P_poverty","Poverty",-0.70382596142301,-0.000109206499473657
5,12065,"P_poverty","Poverty",0.725764563502602,0.00013288835179992
5,12066,"P_poverty","Poverty",0.447154269507514,9.07685534912162e-05
5,12067,"P_poverty","Poverty",0.300998049706813,9.91911874734797e-05
5,12068,"P_poverty","Poverty",-0.84541479935494,-0.000117485702503473
5,12069,"P_poverty","Poverty",1.42457398942471,0.00013342137390282
5,12070,"P_poverty","Poverty",0.5796083437019,7.62766576372087e-05
5,12071,"P_poverty","Poverty",1.16423322290471,0.000160266499733552
5,12072,"P_poverty","Poverty",1.34236111578681,0.000150310093886219
5,12073,"P_poverty","Poverty",0.433452123901199,8.34509264677763e-05
5,12074,"P_poverty","Poverty",1.24187871467383,0.000141098324093036
5,12075,"P_poverty","Poverty",0.163976593643655,0.000106350707937963
5,12076,"P_poverty","Poverty",1.55246068175032,0.000150466017657891
5,12077,"P_poverty","Poverty",-0.105498936613888,0.00010592293983791
5,12078,"P_poverty","Poverty",1.70775166528857,0.000282978231552988
5,12079,"P_poverty","Poverty",1.5067868630626,0.000153198358020745
5,12080,"P_poverty","Poverty",0.168543975512427,9.934302943293e-05
5,12081,"P_poverty","Poverty",0.830814346484356,0.000127139879623428
5,13006,"P_poverty","Poverty",-0.612478324047572,-8.23799273348413e-05
5,13012,"P_poverty","Poverty",-0.438917813034239,-0.000107974796264898
5,13014,"P_poverty","Poverty",0.186813502987515,7.43210839573294e-05
5,13015,"P_poverty","Poverty",-0.25165515641459,7.87160242907703e-05
5,13018,"P_poverty","Poverty",-0.484591631721958,-8.89843213371933e-05
5,13020,"P_poverty","Poverty",-0.411513521821607,-0.00012022876762785
5,13026,"P_poverty","Poverty",1.10485725861067,0.000165997378644533
5,13028,"P_poverty","Poverty",0.154841829906112,7.19885647413321e-05
5,13029,"P_poverty","Poverty",-0.895655999911431,-0.000101003126474097
5,13030,"P_poverty","Poverty",-0.539400214147221,-9.88647443591617e-05
5,13031,"P_poverty","Poverty",-0.836280035617396,-9.77260788204148e-05
5,13032,"P_poverty","Poverty",0.60244525304576,6.97969444445334e-05
5,13033,"P_poverty","Poverty",-0.292761593233537,8.82487147464417e-05
5,13034,"P_poverty","Poverty",0.693792890421199,0.000110317727376241
5,13036,"P_poverty","Poverty",-0.411513521821607,-9.99484036583453e-05
5,13037,"P_poverty","Poverty",-0.461754722378098,-0.000107413441583049
5,13040,"P_poverty","Poverty",-0.00501653550090594,8.15044186310843e-05
5,13042,"P_poverty","Poverty",-0.105498936613888,7.39212409825996e-05
5,13043,"P_poverty","Poverty",0.255324231019094,9.18401055969298e-05
5,13046,"P_poverty","Poverty",0.314700195313129,7.25082500139251e-05
5,13047,"P_poverty","Poverty",-0.37040708500266,7.43537966627628e-05
5,13049,"P_poverty","Poverty",-0.0141512992384496,8.58719358802773e-05
5,13055,"P_poverty","Poverty",-0.594208796572484,-9.72829075180925e-05
5,13058,"P_poverty","Poverty",-0.475456867984414,-0.00010840982577065
5,13059,"P_poverty","Poverty",-0.813443126273536,-0.000114499940536916
5,13062,"P_poverty","Poverty",0.894757692647163,0.00013483343354892
5,13068,"P_poverty","Poverty",0.785140527796637,0.000122599245514721
5,13071,"P_poverty","Poverty",0.419749978294883,8.07235192041844e-05
5,13073,"P_poverty","Poverty",1.08658773113558,0.000127861130749807
5,13079,"P_poverty","Poverty",-0.292761593233537,7.23845296306536e-05
5,13080,"P_poverty","Poverty",0.798842673402953,0.000133416542666964
5,13081,"P_poverty","Poverty",-0.119201082220204,6.7742403189186e-05
5,13084,"P_poverty","Poverty",-0.982436255418098,-0.000108838801679667
5,14001,"P_poverty","Poverty",-1.43003967855775,-9.65339786489494e-05
5,14002,"P_poverty","Poverty",-1.53965684340827,1.08454469227581e-06
5,14003,"P_poverty","Poverty",-1.33412465931354,-1.19740161608206e-05
5,14004,"P_poverty","Poverty",-0.731230252635642,-8.83052925928496e-05
5,14005,"P_poverty","Poverty",-1.1605641483002,1.73685111803934e-05
5,14006,"P_poverty","Poverty",-1.21537273072547,-2.04216230486054e-05
5,14007,"P_poverty","Poverty",-0.973301491680553,-0.000103407306596637
5,14008,"P_poverty","Poverty",-1.27931607688827,-1.52861557580763e-05
5,14009,"P_poverty","Poverty",-1.4209049148202,-3.08956623484846e-05
5,14010,"P_poverty","Poverty",0.511097615670322,7.22285913070664e-05
5,14011,"P_poverty","Poverty",-0.58507403283494,-8.37018305901438e-05
5,14012,"P_poverty","Poverty",-2.03750146710441,-0.000389945664210245
5,14013,"P_poverty","Poverty",-1.26104654941318,-5.34358368895482e-05
5,14014,"P_poverty","Poverty",-0.808875744404765,-0.000106807645352092
5,14015,"P_poverty","Poverty",-1.39350062360757,-1.53739574670908e-06
5,14016,"P_poverty","Poverty",-0.448052576771782,-9.38986413530074e-05
5,14017,"P_poverty","Poverty",-0.818010508142308,-9.9624965514522e-05
5,14018,"P_poverty","Poverty",-0.950464582336694,-0.00010562023089733
5,14019,"P_poverty","Poverty",-0.333868030052484,8.10894416645169e-05
5,14020,"P_poverty","Poverty",-0.795173598798449,-9.09307345864363e-05
5,14021,"P_poverty","Poverty",-0.996138401024413,-0.000104001264844555
5,14022,"P_poverty","Poverty",-0.731230252635642,-0.000103164704341907
5,14023,"P_poverty","Poverty",-1.62643709891494,-1.70766415976686e-05
5,14024,"P_poverty","Poverty",-1.07835127466231,-5.09940182382707e-05
5,14025,"P_poverty","Poverty",-1.11032294774371,-3.19311925522925e-06
5,14026,"P_poverty","Poverty",-0.763201925717045,-0.000147337908856571
5,14027,"P_poverty","Poverty",-0.20598133772687,8.25210881885141e-05
5,14028,"P_poverty","Poverty",-1.27931607688827,-3.54442781826947e-05
5,14029,"P_poverty","Poverty",-0.849982181223712,-9.78112584562041e-05
5,14030,"P_poverty","Poverty",-1.07378389279354,-3.99580967496149e-05
5,14031,"P_poverty","Poverty",0.173111357381199,6.50631191092543e-05
5,14032,"P_poverty","Poverty",0.291863285969269,7.95877203927375e-05
5,14033,"P_poverty","Poverty",-0.881953854305115,-0.000104974264104385
5,14034,"P_poverty","Poverty",-1.72691950002792,-6.31340735708363e-05
5,14035,"P_poverty","Poverty",-1.1285924752188,-1.80274564627325e-05
5,14036,"P_poverty","Poverty",-1.10118818400617,5.33020329385181e-06
5,14037,"P_poverty","Poverty",-1.0463796015809,-5.41278932360001e-05
5,14038,"P_poverty","Poverty",-0.808875744404765,-9.94349175016396e-05
5,14039,"P_poverty","Poverty",-1.69951520881529,-0.000136062924866565
5,14040,"P_poverty","Poverty",0.0771963381369889,6.9343441282399e-05
5,14041,"P_poverty","Poverty",-0.877386472436343,-9.70179025898688e-05
5,14042,"P_poverty","Poverty",-0.502861159197046,-9.35618445510045e-05
5,14043,"P_poverty","Poverty",-1.32042251370722,-6.38388664810918e-05
5,14044,"P_poverty","Poverty",-1.19710320325038,1.45731783049996e-05
5,14045,"P_poverty","Poverty",-0.996138401024413,-0.00010228138853563
5,14046,"P_poverty","Poverty",-1.00984054663073,-0.0001478345511714
5,14047,"P_poverty","Poverty",-0.722095488898098,-0.000102661826531403
5,14048,"P_poverty","Poverty",-1.04181221971213,-1.8311080566491e-05
5,14049,"P_poverty","Poverty",-0.397811376215291,-0.000104602680949029
5,14050,"P_poverty","Poverty",-0.82257789001108,-0.000101683908724226
5,14051,"P_poverty","Poverty",-1.37523109613248,-0.000100615165138151
5,14052,"P_poverty","Poverty",-0.786038835060905,-9.66324514592998e-05
5,14053,"P_poverty","Poverty",-1.13315985708757,-9.01018665899755e-06
5,14054,"P_poverty","Poverty",-1.75432379124055,-0.000114942020445596
5,14055,"P_poverty","Poverty",-0.98700363728687,-0.000104313556221314
5,14056,"P_poverty","Poverty",-0.306463738839853,8.72804303071462e-05
5,14057,"P_poverty","Poverty",-1.21537273072547,-1.62386004376458e-05
5,14058,"P_poverty","Poverty",-1.08291865653108,-5.09366545884404e-05
5,14059,"P_poverty","Poverty",-0.749499780110729,-0.000111217799712904
5,14060,"P_poverty","Poverty",-0.169442282776695,8.07916585472412e-05
5,14061,"P_poverty","Poverty",0.826246964615584,0.000132923072669655
5,14062,"P_poverty","Poverty",-1.71321735442161,-0.000181983719812706
5,14063,"P_poverty","Poverty",-1.5350894615395,-2.63765432464425e-05
5,14064,"P_poverty","Poverty",-0.658152142735291,-8.84484470589086e-05
5,14065,"P_poverty","Poverty",-0.900223381780203,-0.000111284331069328
5,14066,"P_poverty","Poverty",-0.950464582336694,-0.000151248794281855
5,14067,"P_poverty","Poverty",-1.21537273072547,1.889896884677e-05
5,14068,"P_poverty","Poverty",-0.749499780110729,-8.24435846880078e-05
5,14069,"P_poverty","Poverty",-0.315598502577397,8.07296455604956e-05
5,14070,"P_poverty","Poverty",-1.00527316476196,-0.000129593041492626
5,14071,"P_poverty","Poverty",-0.872819090567571,-9.91327469819225e-05
5,14072,"P_poverty","Poverty",-0.863684326830027,-0.000115525115688797
5,14073,"P_poverty","Poverty",-1.18340105764406,1.05410090327496e-05
5,14074,"P_poverty","Poverty",-1.25647916754441,-4.5695029257331e-05
5,14075,"P_poverty","Poverty",-0.786038835060905,-9.89858162938617e-05
5,14076,"P_poverty","Poverty",-1.23820964006933,-3.68177024938632e-05
5,14077,"P_poverty","Poverty",-1.09205342026862,-6.51533218842815e-06
5,14078,"P_poverty","Poverty",-1.08748603839985,-1.52388802234782e-05
5,14079,"P_poverty","Poverty",-0.959599346074238,-0.00010940914216917
5,14080,"P_poverty","Poverty",-0.731230252635642,-9.63767088251188e-05
5,14081,"P_poverty","Poverty",-0.338435411921256,8.60425134305842e-05
5,14082,"P_poverty","Poverty",-1.0966208021374,1.99887072085403e-05
5,14083,"P_poverty","Poverty",-1.53965684340827,-3.15699935526936e-07
5,14084,"P_poverty","Poverty",-0.70382596142301,-0.000100057732197456
5,14085,"P_poverty","Poverty",-1.3889332417388,-2.90552343358286e-05
5,14086,"P_poverty","Poverty",-0.70382596142301,-0.000144495948916301
5,14087,"P_poverty","Poverty",-1.03267745597459,-7.28093145880848e-05
5,14088,"P_poverty","Poverty",-1.11489032961248,-2.17389224417275e-05
5,14089,"P_poverty","Poverty",-0.818010508142308,-9.74790673353709e-05
5,14090,"P_poverty","Poverty",-0.909358145517747,-0.000100088895123918
5,14091,"P_poverty","Poverty",-0.936762436730378,-0.000147752332850359
5,14092,"P_poverty","Poverty",-0.781471453192133,-9.45210413192399e-05
5,14093,"P_poverty","Poverty",-1.51225255219564,-0.000266650808043778
5,14094,"P_poverty","Poverty",-0.977868873549326,-0.000114501235657372
5,14095,"P_poverty","Poverty",-1.86394095609108,-0.000154584893607534
5,14096,"P_poverty","Poverty",-0.397811376215291,-9.26382272155024e-05
5,14097,"P_poverty","Poverty",-1.26104654941318,6.17404584772885e-05
5,14098,"P_poverty","Poverty",-1.58076328022722,8.27877156552859e-05
5,14099,"P_poverty","Poverty",-0.72666287076687,-0.000108079591882415
5,14100,"P_poverty","Poverty",-0.722095488898098,-0.000102877034805715
5,14101,"P_poverty","Poverty",-1.13315985708757,4.32779306720477e-05
5,14102,"P_poverty","Poverty",-1.51225255219564,-1.75519853655715e-05
5,14103,"P_poverty","Poverty",-1.50768517032687,-6.94651025696658e-05
5,14104,"P_poverty","Poverty",-1.13315985708757,-9.36276956053916e-06
5,14105,"P_poverty","Poverty",-0.94132981859915,-9.47664739214815e-05
5,14106,"P_poverty","Poverty",-1.1605641483002,-4.01758697989862e-05
5,14107,"P_poverty","Poverty",-0.649017378997747,-9.52151094679721e-05
5,14108,"P_poverty","Poverty",-1.10575556587494,1.5061749763845e-05
5,14109,"P_poverty","Poverty",-1.26104654941318,1.32488985400414e-05
5,14110,"P_poverty","Poverty",-1.14229462082511,-1.25489659694722e-05
5,14111,"P_poverty","Poverty",-1.64470662639003,-1.13192418211838e-05
5,14112,"P_poverty","Poverty",-0.79974098066722,-0.000151496278704144
5,14113,"P_poverty","Poverty",-1.03724483784336,-5.3109248256078e-05
5,14114,"P_poverty","Poverty",-0.918492909255291,-0.000106363790109754
5,14115,"P_poverty","Poverty",-0.575939269097396,-6.9960871769581e-05
5,14116,"P_poverty","Poverty",-0.781471453192133,-0.000130463682580739
5,14117,"P_poverty","Poverty",-1.35239418678862,-3.68699002137873e-05
5,14118,"P_poverty","Poverty",-1.02354269223704,-6.52548478683457e-05
5,14119,"P_poverty","Poverty",-0.553102359753537,-0.000104019745776895
5,14120,"P_poverty","Poverty",-1.61730233517739,-8.18097323644906e-05
5,14121,"P_poverty","Poverty",-1.22907487633178,-4.98852896271273e-05
5,14122,"P_poverty","Poverty",-0.658152142735291,-9.40289173740894e-05
5,14123,"P_poverty","Poverty",-1.06921651092476,-5.5522770708194e-05
5,14124,"P_poverty","Poverty",-1.0966208021374,-4.33742798122694e-06
5,14125,"P_poverty","Poverty",-1.0463796015809,-6.347410089802e-05
5,15105,"P_poverty","Poverty",-0.0552577360573972,9.07653593458235e-05
5,16001,"P_poverty","Poverty",-0.297328975102309,8.50399228511378e-05
5,16002,"P_poverty","Poverty",0.0360899013180413,8.645914203953e-05
5,16004,"P_poverty","Poverty",-0.712960725160554,-0.000107172927528154
5,16006,"P_poverty","Poverty",-0.945897200467922,-0.000102262019936461
5,16008,"P_poverty","Poverty",-0.603343560310028,-7.2806557000149e-05
5,16009,"P_poverty","Poverty",-0.744932398241957,-0.000107957544969395
5,16010,"P_poverty","Poverty",-0.690123815816694,-0.00011010068556061
5,16011,"P_poverty","Poverty",-0.776904071323361,-0.000109258173324633
5,16012,"P_poverty","Poverty",-0.461754722378098,-0.000102273086667992
5,16014,"P_poverty","Poverty",-0.667286906472835,-8.13949154689908e-05
5,16015,"P_poverty","Poverty",-0.530265450409677,-9.60716570261866e-05
5,16016,"P_poverty","Poverty",-0.589641414703712,-0.000111792476673145
5,16019,"P_poverty","Poverty",-0.70382596142301,-0.00010029821714852
5,16021,"P_poverty","Poverty",0.88562292890962,9.8883690952789e-05
5,16023,"P_poverty","Poverty",-0.397811376215291,-0.000111121771624312
5,16024,"P_poverty","Poverty",0.661821217339795,6.22057341388427e-05
5,16025,"P_poverty","Poverty",0.209650412331374,7.22556142136455e-05
5,16026,"P_poverty","Poverty",-0.932195054861606,-0.00013786343333777
5,16027,"P_poverty","Poverty",-0.553102359753537,-9.40873651416041e-05
5,16028,"P_poverty","Poverty",-1.06921651092476,-4.79765076306649e-05
5,16029,"P_poverty","Poverty",0.0406572831868133,8.56157494126819e-05
5,16030,"P_poverty","Poverty",-0.767769307585817,-0.000105745537439361
5,16032,"P_poverty","Poverty",-0.242520392677046,7.42960983188823e-05
5,16033,"P_poverty","Poverty",-0.649017378997747,-7.42239644750953e-05
5,16035,"P_poverty","Poverty",-0.114633700351432,7.51337138353847e-05
5,16036,"P_poverty","Poverty",-0.589641414703712,-9.27525907172821e-05
5,16037,"P_poverty","Poverty",-0.722095488898098,-0.000119169606477953
5,16039,"P_poverty","Poverty",-0.365839703133888,7.45436336728744e-05
5,16042,"P_poverty","Poverty",-0.68098905207915,-0.000104351347545162
5,16043,"P_poverty","Poverty",-0.676421670210378,-0.000100092387583572
5,16044,"P_poverty","Poverty",-0.790606216929677,-9.81669581960887e-05
5,16045,"P_poverty","Poverty",-0.94132981859915,-0.000118532931082882
5,16048,"P_poverty","Poverty",-0.0415555904510812,6.30088179605082e-05
5,16051,"P_poverty","Poverty",-1.01897531036827,-0.000191215774975717
5,16052,"P_poverty","Poverty",-1.41177015108266,6.25595785095356e-05
5,16053,"P_poverty","Poverty",-1.58533066209599,8.05725503596477e-05
5,16054,"P_poverty","Poverty",-0.699258579554238,-8.98655562195927e-05
5,16055,"P_poverty","Poverty",-0.329300648183713,8.13092628959566e-05
5,16056,"P_poverty","Poverty",0.739466709108918,0.00012998357124161
5,16058,"P_poverty","Poverty",-0.288194211364765,9.8162388894707e-05
5,16059,"P_poverty","Poverty",-0.854549563092484,-8.8535227405373e-05
5,16060,"P_poverty","Poverty",-0.297328975102309,6.36542317806743e-05
5,16062,"P_poverty","Poverty",0.282728522231725,8.0498299212195e-05
5,16063,"P_poverty","Poverty",-0.539400214147221,-0.000106724743091036
5,16064,"P_poverty","Poverty",-0.105498936613888,7.28280429029837e-05
5,16065,"P_poverty","Poverty",-0.0598251179261688,7.80806585680693e-05
5,16066,"P_poverty","Poverty",-0.475456867984414,-0.000100125835160725
5,16067,"P_poverty","Poverty",-0.566804505359852,-0.00010675754310796
5,16068,"P_poverty","Poverty",-1.26104654941318,2.21253831114154e-05
5,16069,"P_poverty","Poverty",-1.20167058511915,-4.82650757476222e-05
5,16070,"P_poverty","Poverty",-0.840847417486168,-0.000106999053969048
5,16071,"P_poverty","Poverty",-0.46632210424687,-9.87959720077924e-05
5,16073,"P_poverty","Poverty",0.0132529919741817,6.73336980980821e-05
5,16074,"P_poverty","Poverty",-0.13290322782652,7.05343263689429e-05
5,16075,"P_poverty","Poverty",-0.804308362535993,-0.000106087754829787
5,16076,"P_poverty","Poverty",-0.722095488898098,-0.000116522671305574
5,16077,"P_poverty","Poverty",-0.37040708500266,7.81238195486367e-05
5,16079,"P_poverty","Poverty",0.0178203738429537,6.92551911924966e-05
5,16082,"P_poverty","Poverty",-0.909358145517747,-0.000125808976008557
5,16083,"P_poverty","Poverty",-1.53052207967073,-9.41437756409869e-05
5,16084,"P_poverty","Poverty",-0.00501653550090594,8.35896717035212e-05
5,16085,"P_poverty","Poverty",-0.635315233391431,-9.33499977691099e-05
5,16086,"P_poverty","Poverty",-1.02354269223704,-5.91184907534625e-05
5,16087,"P_poverty","Poverty",-1.3889332417388,-1.86170673259767e-05
5,16089,"P_poverty","Poverty",-1.43460706042652,4.07512106903596e-06
5,16090,"P_poverty","Poverty",0.122870156824708,9.72351263044402e-05
5,16091,"P_poverty","Poverty",-1.0144079284995,-5.67430797673296e-05
5,16094,"P_poverty","Poverty",-0.840847417486168,-0.000108816973806825
5,16095,"P_poverty","Poverty",-1.37523109613248,-3.05296962324064e-05
5,16096,"P_poverty","Poverty",-0.397811376215291,-8.26636460260488e-05
5,16097,"P_poverty","Poverty",-0.443485194903011,-0.00010666705929907
5,16100,"P_poverty","Poverty",0.0589268106619009,6.79268923704512e-05
5,16102,"P_poverty","Poverty",-0.909358145517747,-0.000117692681669723
5,16103,"P_poverty","Poverty",-0.0369882085823092,6.69406072120182e-05
5,16104,"P_poverty","Poverty",-1.0144079284995,-5.51890225324314e-05
5,16105,"P_poverty","Poverty",-0.786038835060905,-0.000109551998320967
5,16106,"P_poverty","Poverty",-0.603343560310028,-9.93734574876726e-05
5,16107,"P_poverty","Poverty",-0.708393343291782,-0.000108393840491772
5,16108,"P_poverty","Poverty",-0.82257789001108,-0.000118873031169642
5,16109,"P_poverty","Poverty",-1.53052207967073,-1.36270973598585e-05
5,16111,"P_poverty","Poverty",-0.0643924997949408,8.19887936813757e-05
5,16113,"P_poverty","Poverty",-0.480024249853186,-8.85090776137076e-05
5,17003,"P_poverty","Poverty",0.474558560720146,8.03440343588591e-05
5,17017,"P_poverty","Poverty",0.0132529919741817,7.12034161551856e-05
5,17025,"P_poverty","Poverty",-0.183144428383011,7.09774758433923e-05
5,18002,"P_poverty","Poverty",-1.76802593684687,-0.0001141508037108
5,18003,"P_poverty","Poverty",-1.5031177884581,-4.94422929477878e-05
5,18004,"P_poverty","Poverty",-1.16513153016897,-3.2657651900081e-05
5,18006,"P_poverty","Poverty",-1.21994011259424,-2.77064063993748e-05
5,18007,"P_poverty","Poverty",-0.320165884446169,7.4529591074679e-05
5,18008,"P_poverty","Poverty",-1.92788430225389,-7.97734719526488e-06
5,18009,"P_poverty","Poverty",1.24187871467383,0.000137297654873691
5,18010,"P_poverty","Poverty",-1.02354269223704,-7.49676328268833e-05
5,18011,"P_poverty","Poverty",-0.98700363728687,-8.73345852596685e-05
5,18012,"P_poverty","Poverty",-1.33869204118231,-6.29106725682504e-05
5,18013,"P_poverty","Poverty",-1.24734440380687,-5.17351072630845e-05
5,18014,"P_poverty","Poverty",-1.47114611537669,-7.82747156335972e-05
5,18015,"P_poverty","Poverty",-1.7634585549781,-9.87055755103938e-05
5,18017,"P_poverty","Poverty",-1.84567142861599,-7.81999042374082e-05
5,18018,"P_poverty","Poverty",-1.36152895052617,-4.50691077276133e-05
5,18019,"P_poverty","Poverty",0.346671868394532,5.72344251850154e-05
5,18020,"P_poverty","Poverty",-1.46657873350792,8.6698702943977e-05
5,19001,"P_poverty","Poverty",-2.35721819791845,-0.000755583809223026
5,19002,"P_poverty","Poverty",-2.43486368968757,-0.00337119796313345
5,19003,"P_poverty","Poverty",-2.26130317867424,-0.00105113524477929
5,19004,"P_poverty","Poverty",-1.79999760992827,-0.000187001627637073
5,19005,"P_poverty","Poverty",-1.31128774996968,-2.4791355826892e-05
5,19006,"P_poverty","Poverty",-2.18365768690511,-0.000210464204428717
5,19007,"P_poverty","Poverty",-0.329300648183713,7.51641855458729e-05
5,19008,"P_poverty","Poverty",-1.37979847800125,-0.000166807425557636
5,19009,"P_poverty","Poverty",-1.86850833795985,-9.25481508602388e-05
5,19010,"P_poverty","Poverty",-1.5350894615395,-0.00010493536683498
5,19011,"P_poverty","Poverty",-2.32981390670582,-0.000434761634096503
5,19012,"P_poverty","Poverty",-1.74975640937178,8.36661420180462e-05
5,19013,"P_poverty","Poverty",-2.04663623084196,-0.000244836759520695
5,19014,"P_poverty","Poverty",-0.210548719595643,7.0274509198498e-05
5,19015,"P_poverty","Poverty",-2.19735983251143,-0.000334847456542775
5,19016,"P_poverty","Poverty",-2.13798386821739,-0.000491322425659746
5,19017,"P_poverty","Poverty",-0.932195054861606,-0.000106796011095867
5,19018,"P_poverty","Poverty",-1.79999760992827,3.30150542140473e-05
5,19019,"P_poverty","Poverty",-2.58101990948827,-0.00296871387399733
5,19020,"P_poverty","Poverty",-1.99639503028546,-0.000376366137061268
5,19021,"P_poverty","Poverty",-1.69038044507775,-6.83285252307542e-05
5,19022,"P_poverty","Poverty",-2.27043794241178,-0.0010109021095559
5,19023,"P_poverty","Poverty",-2.33894867044336,-0.00104175216984004
5,19024,"P_poverty","Poverty",0.168543975512427,7.74224681663327e-05
5,19025,"P_poverty","Poverty",-1.74518902750301,6.51245136396028e-05
5,19026,"P_poverty","Poverty",-2.11057957700476,-8.8554501417093e-05
5,19027,"P_poverty","Poverty",-2.35721819791845,-0.00108363560866565
5,19028,"P_poverty","Poverty",-2.37548772539353,-0.00244767102412879
5,19029,"P_poverty","Poverty",-1.74975640937178,-6.91112145432271e-05
5,19030,"P_poverty","Poverty",-1.15599676643143,-5.9263391449349e-05
5,19031,"P_poverty","Poverty",-1.71778473629038,6.16080360487103e-05
5,19032,"P_poverty","Poverty",-2.14255125008617,-0.000737151771318167
5,19033,"P_poverty","Poverty",-1.61273495330862,-1.74276756297331e-05
5,19034,"P_poverty","Poverty",-2.38462248913108,-0.00312078557908535
5,19035,"P_poverty","Poverty",-2.37092034352476,-0.00103472988121212
5,19036,"P_poverty","Poverty",0.141139684299795,7.96414096839726e-05
5,19037,"P_poverty","Poverty",-2.10144481326722,-0.000273065525107086
5,19038,"P_poverty","Poverty",-2.00096241215424,-0.000415492744650692
5,19039,"P_poverty","Poverty",-1.95528859346652,-0.00028636257047765
5,19040,"P_poverty","Poverty",-2.49880703585038,-0.00347017799504101
5,19041,"P_poverty","Poverty",-1.75889117310932,-0.000191368642845191
5,19042,"P_poverty","Poverty",-1.88677786543494,-0.000567147566471249
5,19043,"P_poverty","Poverty",-1.22450749446301,-7.62266354286112e-05
5,19044,"P_poverty","Poverty",-1.70408259068406,-0.00020177052647341
5,19045,"P_poverty","Poverty",-1.58076328022722,0.000109263135527726
5,19046,"P_poverty","Poverty",-2.33894867044336,-0.000581360363867134
5,19047,"P_poverty","Poverty",-1.76802593684687,-4.73483087262139e-05
5,19048,"P_poverty","Poverty",-2.07860790392336,-9.83929276117124e-05
5,19049,"P_poverty","Poverty",-2.26587056054301,-0.000621138198766857
5,19050,"P_poverty","Poverty",-2.30240961549318,-0.000368295237421989
5,19051,"P_poverty","Poverty",-2.26587056054301,-0.00044465035898611
5,20001,"P_poverty","Poverty",1.44284351689979,0.000137901108246297
5,20002,"P_poverty","Poverty",-0.119201082220204,8.33212616271339e-05
5,20003,"P_poverty","Poverty",1.29668729709909,0.000126183207612485
5,20004,"P_poverty","Poverty",0.0543594287931293,-1.40396768983919e-05
5,20005,"P_poverty","Poverty",-1.41633753295143,-0.000146939142723568
5,20006,"P_poverty","Poverty",0.634416926127164,0.000101656252809335
5,20007,"P_poverty","Poverty",0.986105330022601,0.000121839701023418
5,20009,"P_poverty","Poverty",1.47024780811243,0.000136792077682912
5,20010,"P_poverty","Poverty",-1.77716070058441,-0.000143074808875099
5,20011,"P_poverty","Poverty",0.976970566285058,0.000144160861964338
5,20013,"P_poverty","Poverty",0.337537104656989,7.08622246747836e-05
5,20014,"P_poverty","Poverty",-1.46201135163915,-0.000114795264380518
5,20016,"P_poverty","Poverty",1.70318428341979,0.000282646826235577
5,20018,"P_poverty","Poverty",0.634416926127164,0.000118421303341165
5,20019,"P_poverty","Poverty",1.42000660755593,0.000170771672856063
5,20020,"P_poverty","Poverty",0.74403409097769,0.000113996975414921
5,20022,"P_poverty","Poverty",0.634416926127164,0.00014033263141755
5,20023,"P_poverty","Poverty",-0.210548719595643,8.7188214820344e-05
5,20024,"P_poverty","Poverty",1.44741089876857,0.000131874170619994
5,20025,"P_poverty","Poverty",0.0680615743994449,7.22086333553307e-05
5,20026,"P_poverty","Poverty",0.926729365728566,0.000103999642306007
5,20027,"P_poverty","Poverty",1.21904180532997,0.000203117990167812
5,20029,"P_poverty","Poverty",1.3286589701805,0.000145117679494433
5,20030,"P_poverty","Poverty",-1.71778473629038,-0.000145760146551766
5,20031,"P_poverty","Poverty",1.22360918719874,0.00010362769535277
5,20032,"P_poverty","Poverty",0.607012634914532,4.14066889788955e-05
5,20033,"P_poverty","Poverty",-1.68581306320897,-0.000191505721886642
5,20034,"P_poverty","Poverty",0.287295904100497,6.06869289185852e-05
5,20035,"P_poverty","Poverty",-1.5350894615395,-9.60687539190985e-05
5,20036,"P_poverty","Poverty",0.849083873959444,0.000125007223687135
5,20037,"P_poverty","Poverty",1.15053107729839,0.000139397452585399
5,20038,"P_poverty","Poverty",0.69836027228997,0.000110111883259378
5,20039,"P_poverty","Poverty",-0.758634543848273,-0.000108328029455151
5,20040,"P_poverty","Poverty",1.6209714097819,0.000144442325108685
5,20041,"P_poverty","Poverty",0.913027220122251,9.69000248005614e-05
5,20042,"P_poverty","Poverty",0.565906198095585,7.83461873652413e-05
5,20043,"P_poverty","Poverty",-0.507428541065817,-9.39885649131611e-05
5,20044,"P_poverty","Poverty",0.205083030462603,9.81426419457421e-05
5,20045,"P_poverty","Poverty",-1.59446542583354,8.19447086541913e-05
5,20046,"P_poverty","Poverty",0.976970566285058,9.70030960161239e-05
5,20047,"P_poverty","Poverty",0.26902637662541,9.45029023569077e-05
5,20048,"P_poverty","Poverty",1.538758536144,0.000298348779324442
5,20049,"P_poverty","Poverty",0.620714780520847,0.000147444865433499
5,20050,"P_poverty","Poverty",1.33779373391804,0.000148677921970375
5,20051,"P_poverty","Poverty",1.46568042624365,0.000144183228258044
5,20052,"P_poverty","Poverty",-0.0689598816637128,6.87497886247002e-05
5,20053,"P_poverty","Poverty",-1.27931607688827,-2.95594145427458e-05
5,20054,"P_poverty","Poverty",1.02264438497278,0.000120217315270565
5,20055,"P_poverty","Poverty",0.278161140362953,7.33708584448323e-05
5,20057,"P_poverty","Poverty",-0.146605373432836,9.58258096943609e-05
5,20058,"P_poverty","Poverty",1.53419115427523,0.000137538052513264
5,20060,"P_poverty","Poverty",1.2464460965426,0.000114736321847886
5,20062,"P_poverty","Poverty",-0.72666287076687,-9.30443275137804e-05
5,20063,"P_poverty","Poverty",-0.98700363728687,-6.58427306916565e-05
5,20064,"P_poverty","Poverty",0.214217794200147,7.12591572664678e-05
5,20065,"P_poverty","Poverty",1.07288558552927,0.000155585803440772
5,20066,"P_poverty","Poverty",0.159409211774883,6.94026093697175e-05
5,20067,"P_poverty","Poverty",-1.27931607688827,7.82997303758748e-05
5,20068,"P_poverty","Poverty",-0.475456867984414,-9.14833144634031e-05
5,20072,"P_poverty","Poverty",0.789707909665409,0.000142495846375823
5,20073,"P_poverty","Poverty",0.803410055271724,0.000102448619145434
5,20075,"P_poverty","Poverty",0.355806632132076,6.28926209174097e-05
5,20077,"P_poverty","Poverty",-0.950464582336694,-8.71234369697049e-05
5,20078,"P_poverty","Poverty",-1.62186971704617,4.38195856986567e-05
5,20079,"P_poverty","Poverty",-1.59903280770231,-4.08925807278138e-05
5,20081,"P_poverty","Poverty",0.433452123901199,5.28093441971578e-05
5,20083,"P_poverty","Poverty",-1.17426629390652,7.54111024434678e-05
5,20084,"P_poverty","Poverty",-1.48028087911424,-2.21409572986886e-05
5,20086,"P_poverty","Poverty",0.917594601991022,9.35579955694266e-05
5,20087,"P_poverty","Poverty",0.638984307995935,7.61027404223569e-05
5,20088,"P_poverty","Poverty",1.23274395093629,0.00014524553262163
5,20089,"P_poverty","Poverty",1.04091391244786,0.000140332136652432
5,20091,"P_poverty","Poverty",-1.59903280770231,4.31500666309148e-05
5,20092,"P_poverty","Poverty",-0.356704939396344,9.12042232812382e-05
5,20093,"P_poverty","Poverty",1.05461605805418,8.19039851194248e-05
5,20094,"P_poverty","Poverty",1.53419115427523,0.000142993842018768
5,20096,"P_poverty","Poverty",-0.516563304803361,-9.31157774175517e-05
5,20097,"P_poverty","Poverty",0.634416926127164,0.000107884232420474
5,20098,"P_poverty","Poverty",1.31038944270541,0.000146472346386872
5,20099,"P_poverty","Poverty",1.58443235483172,0.000173218984855339
5,20100,"P_poverty","Poverty",0.74403409097769,7.62643612688407e-05
5,20102,"P_poverty","Poverty",-0.813443126273536,-8.3589977293741e-05
5,20103,"P_poverty","Poverty",0.447154269507514,8.36864855955355e-05
5,20104,"P_poverty","Poverty",1.26014824214892,0.000161953648785129
5,20105,"P_poverty","Poverty",1.42914137129348,0.000160989657160826
5,20106,"P_poverty","Poverty",-0.292761593233537,8.43429734231904e-05
5,20107,"P_poverty","Poverty",-0.553102359753537,-0.000152127977344207
5,20108,"P_poverty","Poverty",1.18707013224857,0.000128335377667099
5,20109,"P_poverty","Poverty",-0.196846573989327,7.65351360314526e-05
5,20110,"P_poverty","Poverty",1.56616282735664,0.000156242560478859
5,20112,"P_poverty","Poverty",1.08202034926681,0.000140430842293426
5,20114,"P_poverty","Poverty",0.501962851932778,4.54187684226781e-05
5,20115,"P_poverty","Poverty",-1.1285924752188,-2.14886949834181e-05
5,20116,"P_poverty","Poverty",1.60726926417558,0.000161120013217442
5,20118,"P_poverty","Poverty",0.5796083437019,5.88087568758056e-05
5,20119,"P_poverty","Poverty",1.03634653057909,0.000107822008430958
5,20120,"P_poverty","Poverty",1.05918343992295,0.000144837627885863
5,20121,"P_poverty","Poverty",-0.160307519039151,6.36172480881214e-05
5,20123,"P_poverty","Poverty",0.903892456384707,0.000153990113176405
5,20124,"P_poverty","Poverty",0.223352557937691,6.90541855874471e-05
5,20127,"P_poverty","Poverty",1.538758536144,0.000145659156260081
5,20128,"P_poverty","Poverty",0.346671868394532,6.14554155617952e-05
5,20129,"P_poverty","Poverty",0.0954658656120762,-2.18100412894273e-05
5,20130,"P_poverty","Poverty",0.963268420678742,0.000121999350085389
5,20131,"P_poverty","Poverty",1.43827613503102,0.00012634765880648
5,20132,"P_poverty","Poverty",-0.507428541065817,-0.000102177225926425
5,20133,"P_poverty","Poverty",1.42000660755593,0.000136512055178173
5,20134,"P_poverty","Poverty",1.5889997367005,0.000141522818012163
5,20135,"P_poverty","Poverty",0.670955981077339,9.57931406446733e-05
5,20136,"P_poverty","Poverty",1.35606326139313,0.00015438006084878
5,20137,"P_poverty","Poverty",1.43827613503102,0.000151739761349745
5,20138,"P_poverty","Poverty",0.657253835471023,9.60643446887843e-05
5,20139,"P_poverty","Poverty",1.56159544548786,0.000158058377564885
5,20140,"P_poverty","Poverty",1.018077003104,0.000117743984446861
5,20141,"P_poverty","Poverty",0.401480450819795,8.48787094582804e-05
5,20142,"P_poverty","Poverty",1.56616282735664,0.000266271032160148
5,20143,"P_poverty","Poverty",0.173111357381199,7.17580260243267e-05
5,20144,"P_poverty","Poverty",1.2144744234612,0.000157851391122676
5,20145,"P_poverty","Poverty",-0.58507403283494,-0.000165237244800664
5,20147,"P_poverty","Poverty",1.04091391244786,0.000129519394249655
5,20150,"P_poverty","Poverty",0.0497920469243573,0.000116589668323286
5,20151,"P_poverty","Poverty",1.70318428341979,0.000172075830050744
5,20152,"P_poverty","Poverty",1.43370875316225,0.000140670032124035
5,20156,"P_poverty","Poverty",-0.210548719595643,8.57688646647148e-05
5,20157,"P_poverty","Poverty",-1.79086284619073,-7.68628015066497e-05
5,20160,"P_poverty","Poverty",0.173111357381199,7.98522742115892e-05
5,20161,"P_poverty","Poverty",0.890190310778391,0.000109033993794583
5,20162,"P_poverty","Poverty",1.36976540699944,0.000154840061441064
5,20163,"P_poverty","Poverty",1.15966584103593,0.000126347542391159
5,20164,"P_poverty","Poverty",1.20077227785488,0.000141570344567299
5,20165,"P_poverty","Poverty",0.844516492090672,9.53929484239779e-05
5,20166,"P_poverty","Poverty",-0.178577046514239,6.95753333275206e-05
5,20169,"P_poverty","Poverty",1.33779373391804,0.00015219503256958
5,20171,"P_poverty","Poverty",1.57986497296295,0.000145273239468224
5,20172,"P_poverty","Poverty",0.616147398652076,0.000131902430439368
5,20173,"P_poverty","Poverty",0.98153794815383,0.000145527315908112
5,20174,"P_poverty","Poverty",-1.0144079284995,-2.10732650884893e-05
5,20175,"P_poverty","Poverty",1.30125467896786,0.000182656076503918
5,20176,"P_poverty","Poverty",0.780573145927865,0.000110401386336889
5,20177,"P_poverty","Poverty",0.209650412331374,9.26575521589257e-05
5,20178,"P_poverty","Poverty",-1.05551436531845,-1.18265070341295e-05
5,20179,"P_poverty","Poverty",1.14596369542962,0.000143241850310005
5,20181,"P_poverty","Poverty",0.730331945371374,0.000142126882565208
5,20182,"P_poverty","Poverty",1.42457398942471,0.000141280586831272
5,20183,"P_poverty","Poverty",1.018077003104,0.000142629884066992
5,20184,"P_poverty","Poverty",-0.393243994346519,-9.62458143476397e-05
5,20186,"P_poverty","Poverty",0.803410055271724,0.000126887942315079
5,20187,"P_poverty","Poverty",1.43827613503102,0.000231605270528235
5,20189,"P_poverty","Poverty",1.57073020922541,0.000157751390361227
5,20190,"P_poverty","Poverty",0.565906198095585,8.80333682289347e-05
5,20191,"P_poverty","Poverty",0.506530233801549,9.52497939579189e-05
5,20192,"P_poverty","Poverty",-1.2427770219381,4.50985717179719e-05
5,20193,"P_poverty","Poverty",0.214217794200147,8.1818361650221e-05
5,20194,"P_poverty","Poverty",0.657253835471023,1.33393577925744e-05
5,20195,"P_poverty","Poverty",1.49765209932506,0.00021708442363888
5,20196,"P_poverty","Poverty",0.944998893203654,6.41282967990264e-05
5,20197,"P_poverty","Poverty",0.725764563502602,0.000111653556814417
5,20198,"P_poverty","Poverty",0.424317360163655,6.25790635240264e-05
5,20199,"P_poverty","Poverty",1.43827613503102,0.000195474756765179
5,20200,"P_poverty","Poverty",0.93586412946611,0.000102167308796197
5,20201,"P_poverty","Poverty",1.22817656906751,0.000142882810905576
5,20205,"P_poverty","Poverty",1.30582206083664,0.000153900502482429
5,20206,"P_poverty","Poverty",0.46085641511383,7.79257679823786e-05
5,20207,"P_poverty","Poverty",0.849083873959444,0.0001194113647216
5,20208,"P_poverty","Poverty",1.09115511300436,0.000215365624171682
5,20210,"P_poverty","Poverty",1.48851733558751,0.0001632322819205
5,20212,"P_poverty","Poverty",1.42457398942471,0.000156940863234922
5,20214,"P_poverty","Poverty",1.08658773113558,0.000162438664119691
5,20215,"P_poverty","Poverty",-0.260789920152134,9.58649325184524e-05
5,20216,"P_poverty","Poverty",1.29668729709909,0.000140521413413808
5,20217,"P_poverty","Poverty",1.51135424493137,0.000141353099024855
5,20218,"P_poverty","Poverty",1.59813450043804,0.000205882999580353
5,20219,"P_poverty","Poverty",1.1322615498233,0.000158660841407254
5,20220,"P_poverty","Poverty",1.3926023163433,0.000131747845443897
5,20221,"P_poverty","Poverty",0.442586887638743,0.000103452977782581
5,20222,"P_poverty","Poverty",1.38346755260576,0.000156777939992025
5,20223,"P_poverty","Poverty",1.36976540699944,0.00013596483040601
5,20224,"P_poverty","Poverty",-0.0689598816637128,7.9547920904588e-05
5,20226,"P_poverty","Poverty",0.844516492090672,0.000111368695797864
5,20227,"P_poverty","Poverty",-1.00984054663073,-7.64097494538873e-05
5,20228,"P_poverty","Poverty",1.60726926417558,0.000151163505506702
5,20230,"P_poverty","Poverty",0.332969722788216,6.21320941718295e-05
5,20231,"P_poverty","Poverty",1.68948213781348,0.000136335278511979
5,20232,"P_poverty","Poverty",1.16880060477348,0.000153344066347927
5,20233,"P_poverty","Poverty",1.01350962123523,0.000103235717688221
5,20234,"P_poverty","Poverty",1.57073020922541,0.000152061795233749
5,20237,"P_poverty","Poverty",-0.0735272635324848,7.90056583355181e-05
5,20239,"P_poverty","Poverty",0.60244525304576,6.24078456894495e-05
5,20240,"P_poverty","Poverty",1.6209714097819,0.000157229733304121
5,20242,"P_poverty","Poverty",1.63467355538821,0.000154479552293196
5,20243,"P_poverty","Poverty",-0.48915901359073,-8.81610903888941e-05
5,20244,"P_poverty","Poverty",0.515664997539093,8.45230024424382e-05
5,20245,"P_poverty","Poverty",1.05004867618541,0.000147914528497495
5,20246,"P_poverty","Poverty",1.19163751411734,0.000151383050251752
5,20247,"P_poverty","Poverty",-1.26561393128196,-5.49426949874032e-05
5,20248,"P_poverty","Poverty",1.29211991523032,0.000151786822243594
5,20249,"P_poverty","Poverty",1.38803493447453,0.000114891248813365
5,20250,"P_poverty","Poverty",0.410615214557339,6.98250369168818e-05
5,20251,"P_poverty","Poverty",1.30125467896786,0.000154704437591136
5,20252,"P_poverty","Poverty",1.37433278886821,0.000133518333313987
5,20255,"P_poverty","Poverty",1.36976540699944,0.000145227633765899
5,20256,"P_poverty","Poverty",0.940431511334882,9.66132356552407e-05
5,20257,"P_poverty","Poverty",1.29211991523032,0.000167755089933053
5,20258,"P_poverty","Poverty",1.20077227785488,0.000206118478672579
5,20259,"P_poverty","Poverty",1.38803493447453,0.000149773812154308
5,20260,"P_poverty","Poverty",1.15966584103593,0.000133151275804266
5,20261,"P_poverty","Poverty",0.588743107439444,7.77265813667327e-05
5,20262,"P_poverty","Poverty",0.607012634914532,0.000103100188425742
5,20264,"P_poverty","Poverty",1.33322635204927,0.000139105104608461
5,20265,"P_poverty","Poverty",0.675523362946111,8.53695892146789e-05
5,20267,"P_poverty","Poverty",0.949566275072426,6.37222401564941e-05
5,20269,"P_poverty","Poverty",0.34210448652576,6.50140282232314e-05
5,20270,"P_poverty","Poverty",1.5889997367005,0.000142516946652904
5,20271,"P_poverty","Poverty",1.67577999220716,0.000150848500197753
5,20273,"P_poverty","Poverty",1.58443235483172,0.000152689681272022
5,20274,"P_poverty","Poverty",1.5067868630626,0.00010178978118347
5,20275,"P_poverty","Poverty",1.54332591801278,0.000155153116793372
5,20276,"P_poverty","Poverty",1.42457398942471,0.000191178784007207
5,20278,"P_poverty","Poverty",0.734899327240146,0.000123191421153024
5,20280,"P_poverty","Poverty",0.776005764059093,0.00010792871034937
5,20281,"P_poverty","Poverty",0.145707066168568,6.43983948975801e-05
5,20282,"P_poverty","Poverty",1.09115511300436,0.000230626726988703
5,20283,"P_poverty","Poverty",0.817112200878041,0.000127226070617326
5,20284,"P_poverty","Poverty",1.68034737407593,0.00015068388893269
5,20286,"P_poverty","Poverty",0.556771434358041,5.380609218264e-05
5,20288,"P_poverty","Poverty",1.62553879165067,0.000139455631142482
5,20290,"P_poverty","Poverty",0.173111357381199,8.15180756035261e-05
5,20292,"P_poverty","Poverty",1.65751046473207,0.00014346647367347
5,20293,"P_poverty","Poverty",-1.9415864478602,-0.000105314567917958
5,20294,"P_poverty","Poverty",-0.612478324047572,-8.70782241690904e-05
5,20295,"P_poverty","Poverty",-0.324733266314941,7.67678793636151e-05
5,20296,"P_poverty","Poverty",1.03634653057909,0.000122917525004596
5,20297,"P_poverty","Poverty",1.6209714097819,0.00028530228883028
5,20298,"P_poverty","Poverty",0.419749978294883,7.3641786002554e-05
5,20299,"P_poverty","Poverty",0.917594601991022,8.10379424365237e-05
5,20301,"P_poverty","Poverty",-0.000449153632133948,0.000100945551821496
5,20303,"P_poverty","Poverty",0.821679582746812,5.58688188903034e-05
5,20305,"P_poverty","Poverty",-1.33412465931354,-6.38136480120011e-05
5,20308,"P_poverty","Poverty",0.287295904100497,8.59903229866177e-05
5,20309,"P_poverty","Poverty",1.22817656906751,0.000161412623128854
5,20310,"P_poverty","Poverty",-0.352137557527572,8.21180947241373e-05
5,20311,"P_poverty","Poverty",1.56159544548786,0.0001671919162618
5,20313,"P_poverty","Poverty",1.25101347841137,0.000153276239871047
5,20315,"P_poverty","Poverty",0.150274448037339,7.03003024682403e-05
5,20317,"P_poverty","Poverty",1.07745296739804,0.000112650646769907
5,20320,"P_poverty","Poverty",1.08658773113558,0.000107024628960062
5,20321,"P_poverty","Poverty",1.54332591801278,0.000127396939205937
5,20322,"P_poverty","Poverty",1.54789329988155,0.000153196888277307
5,20323,"P_poverty","Poverty",1.40630446194962,0.000149848507135175
5,20325,"P_poverty","Poverty",1.55702806361909,0.000150933570694178
5,20326,"P_poverty","Poverty",1.46111304437488,0.000136223447043449
5,20327,"P_poverty","Poverty",-0.374974466871432,7.45145953260362e-05
5,20329,"P_poverty","Poverty",1.35149587952436,0.000145201353006996
5,20330,"P_poverty","Poverty",1.41543922568716,0.000162207245011814
5,20331,"P_poverty","Poverty",1.15053107729839,0.000140876087243669
5,20332,"P_poverty","Poverty",0.835381728353128,0.000109603941382375
5,20333,"P_poverty","Poverty",-0.699258579554238,-9.79527540039271e-05
5,20335,"P_poverty","Poverty",1.43827613503102,0.000149035200593062
5,20336,"P_poverty","Poverty",1.05918343992295,0.000183577663847245
5,20337,"P_poverty","Poverty",0.830814346484356,0.000107668747659773
5,20338,"P_poverty","Poverty",-1.16513153016897,-1.27022130982368e-05
5,20339,"P_poverty","Poverty",-0.6079109421788,-8.4698804130312e-05
5,20340,"P_poverty","Poverty",0.817112200878041,0.000138975578011014
5,20341,"P_poverty","Poverty",0.730331945371374,1.37663819259615e-05
5,20342,"P_poverty","Poverty",-1.90048001104125,-0.000313786295009777
5,20343,"P_poverty","Poverty",-0.0780946454012568,0.000111705790914129
5,20346,"P_poverty","Poverty",1.37890017073699,0.000130188156617805
5,20348,"P_poverty","Poverty",0.60244525304576,7.51413972466253e-05
5,20349,"P_poverty","Poverty",-0.434350431165467,-0.000104619502963033
5,20350,"P_poverty","Poverty",-2.06033837644827,8.55000325827859e-05
5,20352,"P_poverty","Poverty",1.71688642902611,0.000291315838694572
5,20354,"P_poverty","Poverty",1.60726926417558,0.000168260099599138
5,20355,"P_poverty","Poverty",1.26014824214892,0.000148627703310922
5,20356,"P_poverty","Poverty",0.43801950576997,8.32788136904128e-05
5,20358,"P_poverty","Poverty",0.273593758494181,8.00557463662699e-05
5,20359,"P_poverty","Poverty",1.35149587952436,0.00017664571350906
5,20360,"P_poverty","Poverty",0.584175725570672,8.10954297776334e-05
5,20363,"P_poverty","Poverty",0.693792890421199,6.85848208377138e-05
5,20365,"P_poverty","Poverty",0.543069288751725,8.05890740593895e-05
5,20368,"P_poverty","Poverty",0.141139684299795,9.65792351053096e-05
5,20369,"P_poverty","Poverty",-0.831712653748624,-9.73735004663467e-05
5,20370,"P_poverty","Poverty",0.680090744814883,1.86570468940772e-05
5,20371,"P_poverty","Poverty",1.42457398942471,0.000200860551558435
5,20372,"P_poverty","Poverty",1.31952420644295,0.000192146471817978
5,20373,"P_poverty","Poverty",1.45197828063734,0.000182904885150492
5,20374,"P_poverty","Poverty",1.45654566250611,0.000140933276270516
5,20375,"P_poverty","Poverty",-1.17426629390652,0.000133900670334697
5,20376,"P_poverty","Poverty",0.616147398652076,0.000108810658275615
5,20377,"P_poverty","Poverty",1.22817656906751,0.000156479654833674
5,20378,"P_poverty","Poverty",0.871920783303303,0.000136960617965087
5,20379,"P_poverty","Poverty",1.27385038775523,0.00013996304187458
5,20380,"P_poverty","Poverty",-0.13290322782652,8.13378865132108e-05
5,20381,"P_poverty","Poverty",0.0863311018745325,7.58622481953353e-05
5,20382,"P_poverty","Poverty",1.2464460965426,0.000186407007277012
5,20383,"P_poverty","Poverty",1.25101347841137,3.44651998602785e-05
5,20385,"P_poverty","Poverty",-0.630747851522659,-0.00018877349793911
5,20387,"P_poverty","Poverty",0.332969722788216,7.01543904142454e-05
5,20388,"P_poverty","Poverty",1.54789329988155,0.00015078172145877
5,20389,"P_poverty","Poverty",0.533934525014181,0.000265724811470136
5,20390,"P_poverty","Poverty",-1.58989804396476,8.94267359399237e-05
5,20392,"P_poverty","Poverty",1.54332591801278,0.000154759429278784
5,20393,"P_poverty","Poverty",1.25558086028015,0.000139291398227215
5,20394,"P_poverty","Poverty",0.817112200878041,0.000106089282780886
5,20395,"P_poverty","Poverty",1.47024780811243,0.000187113007996231
5,20396,"P_poverty","Poverty",1.55702806361909,0.000155612913658842
5,20397,"P_poverty","Poverty",-0.3475701756588,7.98386536189355e-05
5,20399,"P_poverty","Poverty",-0.895655999911431,-0.000185873592272401
5,20400,"P_poverty","Poverty",0.0497920469243573,6.606247916352e-05
5,20403,"P_poverty","Poverty",-0.37040708500266,9.08496585907415e-05
5,20404,"P_poverty","Poverty",-0.105498936613888,0.000100416771601886
5,20405,"P_poverty","Poverty",-0.0187186811072216,7.81948838266544e-05
5,20406,"P_poverty","Poverty",1.52962377240646,0.000156645604874939
5,20407,"P_poverty","Poverty",1.02721176684155,0.00012334952771198
5,20408,"P_poverty","Poverty",1.08658773113558,0.000114132752059959
5,20409,"P_poverty","Poverty",-1.2747486950195,2.90078933176119e-05
5,20411,"P_poverty","Poverty",-0.123768464088976,8.47834453452379e-05
5,20412,"P_poverty","Poverty",0.903892456384707,0.000138815783429891
5,20416,"P_poverty","Poverty",1.54789329988155,0.000175589739228599
5,20417,"P_poverty","Poverty",0.588743107439444,7.91332931839861e-05
5,20418,"P_poverty","Poverty",-0.731230252635642,-0.000100956662208773
5,20419,"P_poverty","Poverty",0.629849544258391,2.94881210720632e-05
5,20420,"P_poverty","Poverty",1.48394995371874,0.000154640103573911
5,20421,"P_poverty","Poverty",-0.534832832278449,-9.37203440116718e-05
5,20422,"P_poverty","Poverty",0.986105330022601,0.00011883040133398
5,20423,"P_poverty","Poverty",1.37890017073699,0.000168064842000604
5,20425,"P_poverty","Poverty",1.54789329988155,0.0001524180843262
5,20426,"P_poverty","Poverty",1.65751046473207,0.000150289255543612
5,20427,"P_poverty","Poverty",-0.160307519039151,9.63274869718589e-05
5,20430,"P_poverty","Poverty",0.949566275072426,7.36958972993307e-05
5,20431,"P_poverty","Poverty",-0.237953010808274,7.74650616222061e-05
5,20432,"P_poverty","Poverty",0.346671868394532,-1.30753442135756e-05
5,20434,"P_poverty","Poverty",1.47938257184997,0.000139206429594196
5,20435,"P_poverty","Poverty",1.19163751411734,0.00013766587653663
5,20436,"P_poverty","Poverty",1.33779373391804,0.000125473321531899
5,20437,"P_poverty","Poverty",1.31038944270541,0.000110190412669908
5,20438,"P_poverty","Poverty",1.41087184381839,0.000162711265147664
5,20440,"P_poverty","Poverty",0.702927654158742,0.000106051433249377
5,20441,"P_poverty","Poverty",0.986105330022601,0.000137714552693069
5,20442,"P_poverty","Poverty",1.26928300588646,0.000179721319000237
5,20443,"P_poverty","Poverty",0.43801950576997,9.42646365729161e-05
5,20444,"P_poverty","Poverty",1.40630446194962,0.000138474075356498
5,20445,"P_poverty","Poverty",1.26928300588646,0.000139786614454351
5,20446,"P_poverty","Poverty",1.25101347841137,0.000138099858304486
5,20447,"P_poverty","Poverty",1.08202034926681,0.000152189619257115
5,20451,"P_poverty","Poverty",1.44741089876857,0.000164757046150044
5,20452,"P_poverty","Poverty",1.33322635204927,0.000164293029229157
5,20453,"P_poverty","Poverty",-0.37040708500266,8.97535646799952e-05
5,20454,"P_poverty","Poverty",1.42457398942471,0.000152038555825129
5,20455,"P_poverty","Poverty",1.11855940421699,0.000137845097924583
5,20456,"P_poverty","Poverty",0.163976593643655,2.18581035937859e-07
5,20457,"P_poverty","Poverty",1.4748151899812,0.000143629193189554
5,20458,"P_poverty","Poverty",1.00894223936646,0.00014210342487786
5,20459,"P_poverty","Poverty",0.186813502987515,6.11992581980303e-05
5,20460,"P_poverty","Poverty",1.52962377240646,0.00014397814811673
5,20461,"P_poverty","Poverty",0.93586412946611,0.000143578872666694
5,20462,"P_poverty","Poverty",-0.480024249853186,-0.000102426653029397
5,20463,"P_poverty","Poverty",1.23731133280506,0.000185227603651583
5,20464,"P_poverty","Poverty",1.41087184381839,0.00014650281809736
5,20465,"P_poverty","Poverty",1.52505639053769,0.000128927131299861
5,20468,"P_poverty","Poverty",1.19163751411734,0.000153775894432329
5,20469,"P_poverty","Poverty",0.926729365728566,0.000101551624538843
5,20470,"P_poverty","Poverty",0.853651255828216,0.000115958195237909
5,20471,"P_poverty","Poverty",1.39716969821207,0.000238740787608549
5,20472,"P_poverty","Poverty",-0.516563304803361,-8.00254128989764e-05
5,20473,"P_poverty","Poverty",1.35149587952436,9.09731897991151e-05
5,20475,"P_poverty","Poverty",1.22360918719874,0.000132830624352209
5,20476,"P_poverty","Poverty",0.355806632132076,-3.38153549819253e-05
5,20478,"P_poverty","Poverty",1.29211991523032,0.000205626842216589
5,20480,"P_poverty","Poverty",1.42457398942471,0.000179389360710047
5,20481,"P_poverty","Poverty",1.2464460965426,0.000117442948976532
5,20483,"P_poverty","Poverty",0.684658126683655,6.19627462583594e-05
5,20484,"P_poverty","Poverty",0.547636670620497,7.74181680753827e-05
5,20486,"P_poverty","Poverty",-0.0963641728763444,0.000107705986010842
5,20487,"P_poverty","Poverty",1.1322615498233,8.3714781794697e-05
5,20488,"P_poverty","Poverty",0.725764563502602,0.000100194076367188
5,20490,"P_poverty","Poverty",1.59813450043804,0.000142077711643651
5,20491,"P_poverty","Poverty",1.54789329988155,0.000148891194839962
5,20492,"P_poverty","Poverty",1.51592162680014,0.000165393139468506
5,20493,"P_poverty","Poverty",0.273593758494181,7.59520989959128e-05
5,20494,"P_poverty","Poverty",1.67121261033839,0.000147301689139567
5,20496,"P_poverty","Poverty",0.0726289562682169,9.21507817110978e-05
5,20498,"P_poverty","Poverty",0.794275291534181,0.000132564338855445
5,20499,"P_poverty","Poverty",-0.448052576771782,-9.56307485466823e-05
5,20500,"P_poverty","Poverty",1.15509845916716,0.000128575193230063
5,20501,"P_poverty","Poverty",0.287295904100497,6.40054495306686e-05
5,20502,"P_poverty","Poverty",1.42457398942471,0.000149882951518521
5,20503,"P_poverty","Poverty",0.976970566285058,2.40276658587391e-05
5,20504,"P_poverty","Poverty",0.903892456384707,0.000148310326039791
5,20505,"P_poverty","Poverty",-0.219683483333186,7.90456106187776e-05
5,20506,"P_poverty","Poverty",1.41087184381839,0.00019334715034347
5,20508,"P_poverty","Poverty",-1.3889332417388,-6.96209972375073e-05
5,20510,"P_poverty","Poverty",1.11855940421699,0.000136118993395939
5,20511,"P_poverty","Poverty",1.60270188230681,0.000159335657372139
5,20513,"P_poverty","Poverty",0.634416926127164,0.00010935016325675
5,20514,"P_poverty","Poverty",1.52048900866892,0.000151882268255576
5,20515,"P_poverty","Poverty",-0.598776178441256,-9.01134553714655e-05
5,20517,"P_poverty","Poverty",1.32409158831172,0.000145151730976067
5,20518,"P_poverty","Poverty",0.716629799765058,6.99058728059754e-05
5,20519,"P_poverty","Poverty",0.337537104656989,9.16508797672577e-05
5,20520,"P_poverty","Poverty",-0.256222538283362,6.6945438447874e-05
5,20521,"P_poverty","Poverty",1.63467355538821,0.000210991274798289
5,20522,"P_poverty","Poverty",1.31038944270541,0.000134353715111502
5,20523,"P_poverty","Poverty",-0.543967596015993,-8.37689731270075e-05
5,20524,"P_poverty","Poverty",1.62553879165067,6.38813726254739e-05
5,20525,"P_poverty","Poverty",-0.151172755301607,7.04030462657101e-05
5,20527,"P_poverty","Poverty",1.6529430828633,0.000288994546281174
5,20528,"P_poverty","Poverty",1.18250275037979,0.00017926620785147
5,20529,"P_poverty","Poverty",1.63467355538821,0.000152328924741596
5,20530,"P_poverty","Poverty",0.410615214557339,9.02247193153016e-05
5,20531,"P_poverty","Poverty",0.826246964615584,8.93988253665157e-05
5,20532,"P_poverty","Poverty",1.59356711856927,0.000156371170305647
5,20536,"P_poverty","Poverty",0.433452123901199,7.09158848621882e-05
5,20537,"P_poverty","Poverty",0.666388599208567,9.76447627181187e-05
5,20539,"P_poverty","Poverty",-0.516563304803361,-7.68097670515999e-05
5,20540,"P_poverty","Poverty",-0.119201082220204,9.56986696110107e-05
5,20541,"P_poverty","Poverty",0.871920783303303,0.000103711099654902
5,20544,"P_poverty","Poverty",1.16423322290471,0.000161567761097103
5,20545,"P_poverty","Poverty",-0.48915901359073,-0.000104282371466979
5,20546,"P_poverty","Poverty",0.593310489308216,6.79344011587091e-05
5,20547,"P_poverty","Poverty",-0.0643924997949408,6.6457359935157e-05
5,20548,"P_poverty","Poverty",1.05918343992295,0.000105796862044372
5,20549,"P_poverty","Poverty",0.561338816226812,7.5148738687858e-05
5,20550,"P_poverty","Poverty",-0.324733266314941,7.30100582586601e-05
5,20551,"P_poverty","Poverty",-0.973301491680553,-0.000110105334897526
5,20552,"P_poverty","Poverty",1.17336798664225,0.000223571027163416
5,20553,"P_poverty","Poverty",-0.808875744404765,-0.000103955266240519
5,20554,"P_poverty","Poverty",1.33779373391804,0.000135167108965106
5,20555,"P_poverty","Poverty",0.214217794200147,7.91573838796467e-05
5,20557,"P_poverty","Poverty",-0.767769307585817,-0.000104150640254375
5,20558,"P_poverty","Poverty",0.282728522231725,9.17275392566808e-05
5,20559,"P_poverty","Poverty",0.702927654158742,0.000129961073980667
5,20560,"P_poverty","Poverty",1.25558086028015,0.000174453991348855
5,20561,"P_poverty","Poverty",1.19620489598611,0.000152631124365143
5,20562,"P_poverty","Poverty",0.730331945371374,0.000119765893032309
5,20564,"P_poverty","Poverty",1.40173708008085,0.000144194214954041
5,20565,"P_poverty","Poverty",-0.311031120708625,8.7541455286555e-05
5,20566,"P_poverty","Poverty",1.30582206083664,0.000157643749844283
5,20567,"P_poverty","Poverty",0.817112200878041,0.000116237766633276
5,20568,"P_poverty","Poverty",0.26902637662541,6.98816729709506e-05
5,20569,"P_poverty","Poverty",1.15509845916716,0.000157089394633658
5,20570,"P_poverty","Poverty",0.0269551375804977,7.49173341318965e-05
5,21003,"P_poverty","Poverty",0.355806632132076,6.21551516815089e-05
5,21009,"P_poverty","Poverty",0.159409211774883,8.73481258167885e-05
5,21010,"P_poverty","Poverty",0.871920783303303,0.000123620149679482
5,21011,"P_poverty","Poverty",0.638984307995935,6.24676686129533e-05
5,21013,"P_poverty","Poverty",0.995240093760145,0.000120127340778708
5,21018,"P_poverty","Poverty",0.392345687082251,7.06877035554498e-05
5,21024,"P_poverty","Poverty",-0.260789920152134,3.64734078175388e-05
5,21027,"P_poverty","Poverty",0.798842673402953,6.68573266011663e-05
5,21032,"P_poverty","Poverty",0.515664997539093,3.58097313437611e-05
5,21035,"P_poverty","Poverty",0.734899327240146,7.54684806452133e-05
5,21036,"P_poverty","Poverty",1.52048900866892,0.000145323821925558
5,21037,"P_poverty","Poverty",-0.338435411921256,4.77055982628372e-05
5,21042,"P_poverty","Poverty",0.702927654158742,0.000115419948997442
5,21047,"P_poverty","Poverty",0.278161140362953,0.000101399644336198
5,21051,"P_poverty","Poverty",0.24618946728155,8.01344649516977e-05
5,21055,"P_poverty","Poverty",0.643551689864707,0.00013546111586038
5,21056,"P_poverty","Poverty",0.0634941925306729,7.0817899540998e-05
5,21059,"P_poverty","Poverty",0.12743753869348,0.000109309818071779
5,21066,"P_poverty","Poverty",0.278161140362953,8.37705811136402e-05
5,21073,"P_poverty","Poverty",1.05918343992295,0.000126615355839022
5,21081,"P_poverty","Poverty",0.730331945371374,0.000126364800962619
5,21082,"P_poverty","Poverty",-0.0598251179261688,8.50208016345277e-05
5,21085,"P_poverty","Poverty",0.191380884856287,7.81321068643592e-05
5,21087,"P_poverty","Poverty",1.10942464047944,0.000147464103065431
5,21112,"P_poverty","Poverty",1.018077003104,0.00010919231135631
5,21113,"P_poverty","Poverty",0.310132813444357,8.02059657871723e-05
5,21120,"P_poverty","Poverty",1.08658773113558,0.000113618218165357
5,21124,"P_poverty","Poverty",1.03634653057909,8.22954971226864e-05
5,21127,"P_poverty","Poverty",-0.119201082220204,1.5593472198816e-05
5,21129,"P_poverty","Poverty",1.0683182036605,0.000123767516925
5,21135,"P_poverty","Poverty",0.776005764059093,0.00011974667722825
5,21139,"P_poverty","Poverty",0.378643541475936,7.9836456279736e-05
5,21141,"P_poverty","Poverty",0.0634941925306729,8.12377984402701e-05
5,21145,"P_poverty","Poverty",1.40630446194962,0.000152486507431604
5,21147,"P_poverty","Poverty",0.821679582746812,9.66828447417356e-05
5,21155,"P_poverty","Poverty",0.154841829906112,5.80204105062876e-05
5,21156,"P_poverty","Poverty",-0.219683483333186,5.34443170181476e-05
5,21157,"P_poverty","Poverty",0.593310489308216,7.64460492064245e-05
5,21160,"P_poverty","Poverty",0.237054703544006,7.89698387961835e-05
5,21169,"P_poverty","Poverty",0.305565431575585,7.88646430009976e-05
5,21190,"P_poverty","Poverty",0.396913068951024,-3.87329528166447e-05
5,21191,"P_poverty","Poverty",0.629849544258391,7.80406189733185e-05
5,21196,"P_poverty","Poverty",0.0908984837433045,5.77800201426726e-05
5,21198,"P_poverty","Poverty",0.944998893203654,0.00012101604079362
5,21209,"P_poverty","Poverty",0.543069288751725,6.8243156420067e-05
5,21214,"P_poverty","Poverty",0.93586412946611,0.000109867185528856
5,21217,"P_poverty","Poverty",1.51592162680014,0.000148144084960222
5,22002,"P_poverty","Poverty",0.465423796982602,8.14924496808089e-05
5,22003,"P_poverty","Poverty",-0.566804505359852,-7.26693833712488e-05
5,22004,"P_poverty","Poverty",-0.448052576771782,-8.88687864062376e-05
5,22005,"P_poverty","Poverty",-0.831712653748624,-0.000106634106487036
5,22006,"P_poverty","Poverty",-1.99182764841669,-0.000248738419031724
5,22007,"P_poverty","Poverty",-0.411513521821607,-9.800678526517e-05
5,22008,"P_poverty","Poverty",-0.58507403283494,-0.000106286672235001
5,22009,"P_poverty","Poverty",-0.626180469653888,-9.09357477212325e-05
5,22010,"P_poverty","Poverty",-0.119201082220204,8.6629566794727e-05
5,22011,"P_poverty","Poverty",-1.27931607688827,8.3996077592019e-05
5,22012,"P_poverty","Poverty",-0.932195054861606,-0.000104997438029386
5,22013,"P_poverty","Poverty",-0.25165515641459,8.52698794915341e-05
5,22014,"P_poverty","Poverty",-1.70408259068406,-0.000121337390737608
5,22015,"P_poverty","Poverty",-0.863684326830027,-0.000131129694636911
5,22017,"P_poverty","Poverty",-0.630747851522659,-0.000102223297290038
5,22018,"P_poverty","Poverty",-0.0187186811072216,8.18434709799476e-05
5,23001,"P_poverty","Poverty",-1.02354269223704,-5.13284885528265e-06
5,23002,"P_poverty","Poverty",0.871920783303303,8.81317610037513e-05
5,23003,"P_poverty","Poverty",-0.534832832278449,-0.000423928577220067
5,23004,"P_poverty","Poverty",-0.831712653748624,-0.000108595995698124
5,23005,"P_poverty","Poverty",-1.10118818400617,9.55896030063741e-05
5,23006,"P_poverty","Poverty",0.858218637696987,0.00012445985339582
5,23007,"P_poverty","Poverty",0.168543975512427,0.000101204859674908
5,23008,"P_poverty","Poverty",-1.1285924752188,-0.000147935483255424
5,23009,"P_poverty","Poverty",-0.00958391736967792,0.000296934886137024
5,23010,"P_poverty","Poverty",0.524799761276637,8.60482832649723e-05
5,23011,"P_poverty","Poverty",-0.881953854305115,-0.000112143687147181
5,24001,"P_poverty","Poverty",0.323834959050672,5.9750338550657e-05
5,24002,"P_poverty","Poverty",0.401480450819795,7.1338981797453e-05
5,24003,"P_poverty","Poverty",1.33779373391804,0.000164252633112483
5,24004,"P_poverty","Poverty",-0.493726395459502,-0.000118732423288748
5,24005,"P_poverty","Poverty",-0.3475701756588,8.14308878034353e-05
5,24006,"P_poverty","Poverty",0.264458994756637,6.28985726507381e-05
5,24007,"P_poverty","Poverty",-0.470889486115642,-7.2335620643571e-05
5,24008,"P_poverty","Poverty",-0.420648285559151,-9.19839585549198e-05
5,24009,"P_poverty","Poverty",-1.99639503028546,-0.000286275258986279
5,24010,"P_poverty","Poverty",0.620714780520847,0.000111801535240375
5,24011,"P_poverty","Poverty",-0.0872294091388004,8.28222255222499e-05
5,24012,"P_poverty","Poverty",0.734899327240146,0.000108124673715793
5,24013,"P_poverty","Poverty",-0.854549563092484,-0.000104658203781582
5,24014,"P_poverty","Poverty",0.894757692647163,9.79461328824982e-05
5,24015,"P_poverty","Poverty",-0.685556433947922,-0.000108688851469196
5,24016,"P_poverty","Poverty",-0.114633700351432,8.13535589259118e-05
5,24017,"P_poverty","Poverty",0.497395470064006,7.79054898885079e-05
5,24018,"P_poverty","Poverty",0.469991178851374,9.48111264733598e-05
5,24019,"P_poverty","Poverty",0.159409211774883,6.90741508151405e-05
5,24020,"P_poverty","Poverty",-1.13315985708757,-2.07270695682382e-05
5,24021,"P_poverty","Poverty",-0.338435411921256,7.46627556509338e-05
5,24022,"P_poverty","Poverty",0.0954658656120762,6.78163123666309e-05
5,24023,"P_poverty","Poverty",0.195948266725059,7.58214009692892e-05
5,24024,"P_poverty","Poverty",-0.260789920152134,7.85495285526849e-05
5,24025,"P_poverty","Poverty",0.109168011218392,7.67300734878518e-05
5,24026,"P_poverty","Poverty",1.31952420644295,0.000139249721542001
5,24027,"P_poverty","Poverty",0.0497920469243573,9.13387193577364e-05
5,24028,"P_poverty","Poverty",-1.90504739291003,-0.000277851475402713
5,24029,"P_poverty","Poverty",1.00894223936646,0.000105591170722619
5,24030,"P_poverty","Poverty",-0.48915901359073,-0.000117547562695108
5,24031,"P_poverty","Poverty",1.1002898767419,0.000166266618180089
5,24032,"P_poverty","Poverty",-0.388676612477747,-0.000101935424027033
5,24033,"P_poverty","Poverty",0.0817637200057605,7.06237115082331e-05
5,24034,"P_poverty","Poverty",0.69836027228997,0.000108006461232435
5,24035,"P_poverty","Poverty",-1.79999760992827,-5.91398093092721e-05
5,24036,"P_poverty","Poverty",0.0726289562682169,7.3451257776469e-05
5,24037,"P_poverty","Poverty",0.739466709108918,0.000108356543933041
5,24038,"P_poverty","Poverty",0.689225508552426,9.24118721741252e-05
5,24039,"P_poverty","Poverty",0.8399491102219,0.000105376639112365
5,24040,"P_poverty","Poverty",-0.0141512992384496,8.38087653391995e-05
5,24041,"P_poverty","Poverty",1.08658773113558,0.000112991248897742
5,24042,"P_poverty","Poverty",0.60244525304576,9.84274520305917e-05
5,24043,"P_poverty","Poverty",0.419749978294883,5.37164742127061e-05
5,24044,"P_poverty","Poverty",-0.56223712349108,-0.000107523999758996
5,24045,"P_poverty","Poverty",-0.00501653550090594,7.01665412634611e-05
5,24046,"P_poverty","Poverty",-0.155740137170379,6.56140618957579e-05
5,24047,"P_poverty","Poverty",0.282728522231725,6.70481385895982e-05
5,24048,"P_poverty","Poverty",-1.42547229668897,-2.65215894614812e-05
5,24049,"P_poverty","Poverty",0.999807475628918,0.000126016093418002
5,24050,"P_poverty","Poverty",-0.699258579554238,-0.000114026493974961
5,24051,"P_poverty","Poverty",-0.603343560310028,-0.000105020830233116
5,24052,"P_poverty","Poverty",0.24618946728155,7.51158586353995e-05
5,24053,"P_poverty","Poverty",0.871920783303303,0.000111437097075395
5,24054,"P_poverty","Poverty",1.07288558552927,0.000113006455649156
5,24055,"P_poverty","Poverty",-1.13772723895634,-9.81986377155408e-05
5,24056,"P_poverty","Poverty",0.346671868394532,6.73114554956555e-05
5,24057,"P_poverty","Poverty",0.976970566285058,0.000107338397356216
5,24058,"P_poverty","Poverty",-0.48915901359073,-0.000101267782156356
5,25001,"P_poverty","Poverty",-1.5670611346209,8.04085939307697e-05
5,25002,"P_poverty","Poverty",-1.64470662639003,-4.8746802349342e-05
5,25003,"P_poverty","Poverty",-0.237953010808274,8.12405633041635e-05
5,25005,"P_poverty","Poverty",-0.498293777328274,-9.61504920269363e-05
5,25006,"P_poverty","Poverty",-1.78172808245318,4.53271968581248e-05
5,25007,"P_poverty","Poverty",-0.356704939396344,0.000101152480056044
5,25008,"P_poverty","Poverty",-1.08748603839985,-1.07571395346895e-05
5,25010,"P_poverty","Poverty",-0.94132981859915,-0.000104684659163468
5,25011,"P_poverty","Poverty",-1.23364225820055,-3.01297295663971e-05
5,25013,"P_poverty","Poverty",-1.11489032961248,-3.62562968803104e-05
5,25015,"P_poverty","Poverty",-1.48941564285178,8.13410952105187e-05
5,25017,"P_poverty","Poverty",-0.712960725160554,-0.000119122603791766
5,25018,"P_poverty","Poverty",-1.22450749446301,-4.01551151298918e-05
5,26001,"P_poverty","Poverty",-2.32981390670582,-0.000770427344832569
5,26002,"P_poverty","Poverty",-1.32955727744476,-7.8701283200644e-05
5,26003,"P_poverty","Poverty",-0.548534977884765,-0.000110299843072426
5,26004,"P_poverty","Poverty",-0.662719524604063,-0.00017170119099319
5,26005,"P_poverty","Poverty",-1.48028087911424,-2.28704857363482e-06
5,26006,"P_poverty","Poverty",-1.57162851648968,-3.94249691453297e-05
5,26007,"P_poverty","Poverty",-1.59903280770231,-8.84962864802219e-05
5,26008,"P_poverty","Poverty",-0.553102359753537,-0.000119229902338702
5,26009,"P_poverty","Poverty",-1.52138731593318,2.45573119173059e-05
5,26010,"P_poverty","Poverty",-0.959599346074238,-8.90847441041842e-05
5,26011,"P_poverty","Poverty",-0.945897200467922,-7.66848825151101e-05
5,26012,"P_poverty","Poverty",-0.98700363728687,-0.000106358733319212
5,26013,"P_poverty","Poverty",-1.94615382972897,-0.000126118597108871
5,26014,"P_poverty","Poverty",-2.11971434074231,7.47252533983556e-06
5,26015,"P_poverty","Poverty",-0.192279192120555,0.000124271653476171
5,26016,"P_poverty","Poverty",-1.40720276921389,-2.24846262426581e-05
5,26017,"P_poverty","Poverty",-1.39806800547634,0.000132287590531632
5,26018,"P_poverty","Poverty",-1.51225255219564,-5.00201304021175e-06
5,26019,"P_poverty","Poverty",-1.5350894615395,0.000107811742054764
5,26020,"P_poverty","Poverty",-0.717528107029326,-8.44731475808658e-05
5,26021,"P_poverty","Poverty",-1.90048001104125,-0.000241303408984095
5,26022,"P_poverty","Poverty",-1.21080534885669,-0.000340318016242236
5,26023,"P_poverty","Poverty",-1.95528859346652,-0.000188521735253744
5,26024,"P_poverty","Poverty",-1.30215298623213,-1.20234017231269e-05
5,26025,"P_poverty","Poverty",-1.21537273072547,-1.598900234967e-05
5,26026,"P_poverty","Poverty",-0.224250865201958,7.57495581638068e-05
5,26027,"P_poverty","Poverty",-1.61730233517739,0.000126227285363711
5,26028,"P_poverty","Poverty",-1.79999760992827,-7.53308049752377e-05
5,26029,"P_poverty","Poverty",-1.35239418678862,-1.79384987859521e-05
5,26030,"P_poverty","Poverty",-1.80913237366582,-0.000153013490489684
5,26031,"P_poverty","Poverty",-0.840847417486168,-9.73554051597603e-05
5,26032,"P_poverty","Poverty",-1.93245168412266,-0.000199922680621967
5,26033,"P_poverty","Poverty",-0.502861159197046,-8.41732107801363e-05
5,26034,"P_poverty","Poverty",-2.38918987099985,-0.00338705931790173
5,26035,"P_poverty","Poverty",-1.16513153016897,-2.62801472672436e-06
5,26036,"P_poverty","Poverty",-1.52138731593318,8.2568971265573e-05
5,26037,"P_poverty","Poverty",-1.45287658790161,-3.6417601222638e-05
5,26038,"P_poverty","Poverty",-1.8274019011409,-5.8785477449419e-05
5,26039,"P_poverty","Poverty",-0.649017378997747,-6.05171553615946e-05
5,26040,"P_poverty","Poverty",-0.269924683889677,0.000114648450107779
5,26041,"P_poverty","Poverty",-1.99639503028546,-0.000275106576737016
5,26042,"P_poverty","Poverty",-1.05551436531845,-6.22381558059715e-05
5,26043,"P_poverty","Poverty",-1.48484826098301,3.56376876879949e-05
5,26044,"P_poverty","Poverty",-1.70864997255283,-1.25135411508381e-05
5,26045,"P_poverty","Poverty",-1.19710320325038,-9.5452785899397e-05
5,26046,"P_poverty","Poverty",-1.75432379124055,3.02348234981764e-05
5,26047,"P_poverty","Poverty",-1.48941564285178,-4.00495482608676e-05
5,26048,"P_poverty","Poverty",-1.16969891203775,-0.000118277530418709
5,26049,"P_poverty","Poverty",-0.324733266314941,7.4357187259011e-05
5,26050,"P_poverty","Poverty",-1.08291865653108,-8.02367358119227e-05
5,26051,"P_poverty","Poverty",-1.06464912905599,-6.8084969825577e-05
5,26052,"P_poverty","Poverty",-1.06921651092476,-2.88806913886219e-05
5,26053,"P_poverty","Poverty",-2.06490575831704,3.35402364726178e-05
5,26054,"P_poverty","Poverty",-1.76802593684687,-5.33014026586898e-05
5,26055,"P_poverty","Poverty",-0.94132981859915,-0.000101023841125425
5,26056,"P_poverty","Poverty",-0.105498936613888,5.58910687686875e-05
5,26057,"P_poverty","Poverty",-1.22450749446301,-6.19126003584825e-05
5,26058,"P_poverty","Poverty",-1.58533066209599,-1.48973049363121e-05
5,26059,"P_poverty","Poverty",-1.21537273072547,-0.000101078076113481
5,26060,"P_poverty","Poverty",-0.722095488898098,-0.000117660623800475
5,26061,"P_poverty","Poverty",-1.98726026654792,-0.000383986829547212
5,26062,"P_poverty","Poverty",-1.67667829947143,1.09736411104677e-05
5,26063,"P_poverty","Poverty",-1.39350062360757,-1.21457742352504e-05
5,26064,"P_poverty","Poverty",-1.45744396977038,-2.10568705369951e-05
5,26065,"P_poverty","Poverty",-1.24734440380687,3.33051393681671e-05
5,26066,"P_poverty","Poverty",-1.87764310169739,-9.94299552985467e-05
5,26067,"P_poverty","Poverty",-1.75889117310932,-0.000158371127326973
5,26068,"P_poverty","Poverty",-1.73148688189669,-6.82836034684442e-05
5,26069,"P_poverty","Poverty",0.584175725570672,9.0834015281871e-05
5,26070,"P_poverty","Poverty",-0.754067161979501,-0.000162539101438597
5,26071,"P_poverty","Poverty",-0.575939269097396,-7.12087858119048e-05
5,27002,"P_poverty","Poverty",-0.269924683889677,7.8547527664341e-05
5,27003,"P_poverty","Poverty",0.675523362946111,0.00011236436694162
5,27004,"P_poverty","Poverty",-1.19710320325038,-9.25248968997039e-06
5,27005,"P_poverty","Poverty",-0.324733266314941,7.35217836336233e-05
5,27006,"P_poverty","Poverty",-0.0780946454012568,7.36966539989226e-05
5,27008,"P_poverty","Poverty",0.00411822823663804,7.90945487096906e-05
5,27010,"P_poverty","Poverty",-0.196846573989327,7.2851988079492e-05
5,27013,"P_poverty","Poverty",-0.630747851522659,-9.70899636740796e-05
5,27014,"P_poverty","Poverty",-0.539400214147221,-8.0661462561693e-05
5,27016,"P_poverty","Poverty",-0.416080903690379,-9.39247838687152e-05
5,28001,"P_poverty","Poverty",-0.269924683889677,7.26911239326e-05
5,28002,"P_poverty","Poverty",-0.429783049296695,-9.95560330920853e-05
5,28003,"P_poverty","Poverty",-0.909358145517747,-0.000142031916766427
5,28004,"P_poverty","Poverty",-0.543967596015993,-9.5212395535782e-05
5,28005,"P_poverty","Poverty",-0.653584760866519,-0.000112254267151002
5,28006,"P_poverty","Poverty",0.616147398652076,0.000123840218293481
5,28007,"P_poverty","Poverty",-0.959599346074238,-0.000133760855533183
5,28008,"P_poverty","Poverty",-0.169442282776695,7.79461042839102e-05
5,28009,"P_poverty","Poverty",-1.7634585549781,-5.53177278561634e-06
5,28010,"P_poverty","Poverty",-0.379541848740203,-0.000106619161670096
5,28011,"P_poverty","Poverty",-0.72666287076687,-0.000118647789349779
5,28012,"P_poverty","Poverty",-0.0324208267135375,7.61537230573595e-05
5,28013,"P_poverty","Poverty",-0.438917813034239,-0.000102608049928676
5,28014,"P_poverty","Poverty",-1.39350062360757,-6.49791545583867e-05
5,28015,"P_poverty","Poverty",-0.740365016373186,-0.000113556750875432
5,28016,"P_poverty","Poverty",0.355806632132076,8.71523370733485e-05
5,28017,"P_poverty","Poverty",-0.0598251179261688,9.99339317786507e-05
5,28018,"P_poverty","Poverty",-0.0689598816637128,7.59821487008594e-05
5,28019,"P_poverty","Poverty",-0.324733266314941,8.52732991916128e-05
5,28020,"P_poverty","Poverty",-0.22881824707073,6.7487868363969e-05
5,28021,"P_poverty","Poverty",-1.01897531036827,-6.60381410853006e-05
5,28022,"P_poverty","Poverty",-1.25191178567564,-3.12246738758404e-05
5,28023,"P_poverty","Poverty",-0.900223381780203,-8.84149194462225e-05
5,28024,"P_poverty","Poverty",-1.26561393128196,-2.22264043259202e-05
5,28025,"P_poverty","Poverty",-1.0463796015809,-0.000114682639832608
5,28026,"P_poverty","Poverty",0.881055547040847,0.000113204136141576
5,28027,"P_poverty","Poverty",-1.29758560436336,-3.08746821247041e-05
5,28028,"P_poverty","Poverty",-0.0826620272700284,7.07135041011497e-05
5,28029,"P_poverty","Poverty",-0.247087774545818,8.79009312484413e-05
5,28030,"P_poverty","Poverty",-0.269924683889677,6.68967331876047e-05
5,28031,"P_poverty","Poverty",-0.324733266314941,0.000110089262307156
5,28032,"P_poverty","Poverty",-1.55792637088336,6.0433416365413e-05
5,28033,"P_poverty","Poverty",-0.744932398241957,-8.80236111697741e-05
5,28034,"P_poverty","Poverty",0.46085641511383,6.17937112110667e-05
5,28035,"P_poverty","Poverty",-0.128335845957748,8.84359033079818e-05
5,28036,"P_poverty","Poverty",0.954133656941198,0.000121167118777521
5,28037,"P_poverty","Poverty",-0.461754722378098,-0.00010585694690235
5,28038,"P_poverty","Poverty",-1.51681993406441,9.4739931228105e-05
5,28039,"P_poverty","Poverty",0.0178203738429537,7.13573681423441e-05
5,28040,"P_poverty","Poverty",-0.699258579554238,-8.60059226397425e-05
5,28041,"P_poverty","Poverty",-1.3067203681009,2.30624027608428e-05
5,28042,"P_poverty","Poverty",-0.20598133772687,6.64607141516171e-05
5,28043,"P_poverty","Poverty",-1.55335898901459,-4.15463146055117e-05
5,30003,"P_poverty","Poverty",0.0497920469243573,7.93768049334176e-05
5,30012,"P_poverty","Poverty",-0.859116944961255,-9.5808478363324e-05
5,30015,"P_poverty","Poverty",-0.105498936613888,7.3829447501339e-05
5,30032,"P_poverty","Poverty",0.890190310778391,8.72608070494607e-05
5,30039,"P_poverty","Poverty",-0.84541479935494,-0.000128568965010345
5,30045,"P_poverty","Poverty",-0.662719524604063,-0.000138719711685553
5,30048,"P_poverty","Poverty",-0.402378758084063,-0.000107767038571183
5,30054,"P_poverty","Poverty",-0.219683483333186,6.41632941551507e-05
5,30056,"P_poverty","Poverty",0.524799761276637,7.73468273109756e-05
5,30059,"P_poverty","Poverty",0.0452246650555853,9.0193898358848e-05
5,30061,"P_poverty","Poverty",0.547636670620497,8.28882039058954e-05
5,30070,"P_poverty","Poverty",0.607012634914532,8.43585512484424e-05
5,30072,"P_poverty","Poverty",0.74403409097769,0.000115656897833105
5,30073,"P_poverty","Poverty",0.689225508552426,0.000130160246044397
5,30076,"P_poverty","Poverty",1.35606326139313,0.00015874853124842
5,30077,"P_poverty","Poverty",0.159409211774883,9.96974340523593e-05
5,30082,"P_poverty","Poverty",-0.183144428383011,8.01509886514395e-05
5,30089,"P_poverty","Poverty",0.118302774955936,7.26935468264855e-05
5,30091,"P_poverty","Poverty",0.547636670620497,9.80580880423076e-05
5,30094,"P_poverty","Poverty",0.227919939806462,7.41400654078461e-05
5,30097,"P_poverty","Poverty",-0.475456867984414,-0.000116804214485455
5,30104,"P_poverty","Poverty",0.963268420678742,0.000134981659357436
5,30108,"P_poverty","Poverty",-0.827145271879852,-0.000128632265841588
5,30111,"P_poverty","Poverty",-0.11006631848266,7.61446717660874e-05
5,30116,"P_poverty","Poverty",0.424317360163655,7.68361060181633e-05
5,30119,"P_poverty","Poverty",0.195948266725059,9.57661977736279e-05
5,30120,"P_poverty","Poverty",0.648119071733479,0.000111739522253629
5,30122,"P_poverty","Poverty",1.08658773113558,0.000137080729473382
5,30129,"P_poverty","Poverty",0.442586887638743,8.54655809234828e-05
5,30130,"P_poverty","Poverty",0.465423796982602,0.000106881190731656
5,30133,"P_poverty","Poverty",-0.315598502577397,7.59149115765467e-05
5,30139,"P_poverty","Poverty",-0.361272321265116,7.02559045748785e-05
5,30141,"P_poverty","Poverty",0.789707909665409,7.87889512139373e-05
5,30142,"P_poverty","Poverty",0.323834959050672,6.6882828832604e-05
5,30143,"P_poverty","Poverty",0.616147398652076,9.57984593696892e-05
5,30144,"P_poverty","Poverty",0.748601472846462,0.000131501306896098
5,30145,"P_poverty","Poverty",0.282728522231725,7.87129683885723e-05
5,30149,"P_poverty","Poverty",1.31495682457418,0.00015397384413518
5,30161,"P_poverty","Poverty",0.36494139586962,7.05750062479638e-05
5,30169,"P_poverty","Poverty",-0.000449153632133948,9.1649970272556e-05
5,30172,"P_poverty","Poverty",0.716629799765058,0.000106584680906963
5,30176,"P_poverty","Poverty",0.282728522231725,6.38617420918308e-05
5,30190,"P_poverty","Poverty",-0.923060291124063,-0.000135145703097805
5,30199,"P_poverty","Poverty",1.00894223936646,0.000103416925412603
5,30204,"P_poverty","Poverty",-0.416080903690379,-0.000103880433016457
5,30205,"P_poverty","Poverty",-0.639882615260203,-0.000104612823633943
5,30206,"P_poverty","Poverty",-0.786038835060905,-0.000101898964203428
5,30207,"P_poverty","Poverty",-0.22881824707073,7.37609370844439e-05
5,30208,"P_poverty","Poverty",-1.00984054663073,-0.000146954174851999
5,30209,"P_poverty","Poverty",1.12769416795453,0.000138352130306885
5,30210,"P_poverty","Poverty",0.967835802547514,0.000127542080008425
5,30212,"P_poverty","Poverty",1.0683182036605,0.000135572467115708
5,31001,"P_poverty","Poverty",-0.174009664645467,9.26615393836983e-05
5,31002,"P_poverty","Poverty",-0.649017378997747,-0.000100602541351691
5,31003,"P_poverty","Poverty",1.02264438497278,9.16815479286015e-05
5,31004,"P_poverty","Poverty",-1.00984054663073,-0.000109809065179434
5,31005,"P_poverty","Poverty",-0.863684326830027,-0.000102143501862884
5,31006,"P_poverty","Poverty",0.657253835471023,8.59846768435091e-05
5,31007,"P_poverty","Poverty",-0.237953010808274,7.45912111597136e-05
5,31008,"P_poverty","Poverty",1.15966584103593,0.000172760323039256
5,31009,"P_poverty","Poverty",-0.374974466871432,7.90494741522707e-05
5,31010,"P_poverty","Poverty",0.821679582746812,0.000276968989055604
5,31011,"P_poverty","Poverty",1.05004867618541,0.000141174925374798
5,31012,"P_poverty","Poverty",1.08658773113558,0.000111772802483756
5,31013,"P_poverty","Poverty",-1.46657873350792,6.06392786721699e-05
5,31014,"P_poverty","Poverty",0.798842673402953,0.000138644725666381
5,31015,"P_poverty","Poverty",-0.00958391736967792,6.39365607639775e-05
5,31016,"P_poverty","Poverty",1.54332591801278,0.000144502759212628
5,31017,"P_poverty","Poverty",1.16423322290471,0.000149637227877975
5,31018,"P_poverty","Poverty",-0.0826620272700284,8.45759641379118e-05
5,31019,"P_poverty","Poverty",1.42457398942471,0.000156969370436855
5,31020,"P_poverty","Poverty",-0.402378758084063,-8.28608608571813e-05
5,31021,"P_poverty","Poverty",1.26471562401769,0.000257008650805801
5,31022,"P_poverty","Poverty",1.62553879165067,0.000150279171066359
5,31023,"P_poverty","Poverty",-0.269924683889677,6.31598231848329e-05
5,31024,"P_poverty","Poverty",1.21904180532997,0.000191042781807482
5,31025,"P_poverty","Poverty",0.871920783303303,0.000115891314635519
5,31026,"P_poverty","Poverty",-0.722095488898098,-9.97243914753199e-05
5,31027,"P_poverty","Poverty",-0.338435411921256,7.37631053198129e-05
5,31028,"P_poverty","Poverty",-0.575939269097396,-9.28833760553971e-05
5,31029,"P_poverty","Poverty",0.680090744814883,7.55584333091974e-05
5,31030,"P_poverty","Poverty",0.835381728353128,0.000126471510156989
5,31031,"P_poverty","Poverty",0.209650412331374,9.32911061681807e-05
5,31032,"P_poverty","Poverty",1.30125467896786,0.000150939711602405
5,31033,"P_poverty","Poverty",0.26902637662541,6.62185993860476e-05
5,31034,"P_poverty","Poverty",0.227919939806462,9.21181199373677e-05
5,31035,"P_poverty","Poverty",0.465423796982602,8.93023607204668e-05
5,31036,"P_poverty","Poverty",0.278161140362953,6.96839197189547e-05
5,31037,"P_poverty","Poverty",0.913027220122251,0.000134165966301225
5,31038,"P_poverty","Poverty",0.150274448037339,7.56080844439566e-05
5,31039,"P_poverty","Poverty",-0.105498936613888,7.10943786543794e-05
5,31040,"P_poverty","Poverty",-0.151172755301607,7.71786508266814e-05
5,31041,"P_poverty","Poverty",-0.804308362535993,-0.000141997181344777
5,31042,"P_poverty","Poverty",0.913027220122251,0.000123847756185569
5,31043,"P_poverty","Poverty",1.18707013224857,0.000149971034261398
5,31044,"P_poverty","Poverty",0.218785176068918,8.82933381944895e-05
5,31045,"P_poverty","Poverty",-0.776904071323361,-9.34448908083141e-05
5,31046,"P_poverty","Poverty",0.940431511334882,0.000120544253150001
5,31047,"P_poverty","Poverty",0.629849544258391,8.91442177817225e-05
5,31048,"P_poverty","Poverty",-0.215116101464414,8.89385264599696e-05
5,31049,"P_poverty","Poverty",1.42000660755593,0.000145338621223345
5,31050,"P_poverty","Poverty",-1.65840877199634,4.07979532610625e-05
5,31051,"P_poverty","Poverty",-1.5350894615395,-0.00013597440556623
5,31052,"P_poverty","Poverty",-0.521130686672133,-9.59847311605699e-05
5,31053,"P_poverty","Poverty",0.360374014000848,7.75682055973448e-05
5,31054,"P_poverty","Poverty",-0.612478324047572,-9.15943674044684e-05
5,31055,"P_poverty","Poverty",0.716629799765058,0.000146737700561062
5,31056,"P_poverty","Poverty",0.702927654158742,8.16376705188304e-05
5,31057,"P_poverty","Poverty",0.616147398652076,5.95358578721061e-05
5,31058,"P_poverty","Poverty",1.06375082179172,0.000110466964542866
5,31059,"P_poverty","Poverty",-0.909358145517747,-0.000179466776899062
5,31060,"P_poverty","Poverty",0.588743107439444,7.51409897929989e-05
5,31061,"P_poverty","Poverty",-1.58076328022722,-5.65381815249566e-05
5,31062,"P_poverty","Poverty",0.332969722788216,9.99666663119569e-05
5,31063,"P_poverty","Poverty",-0.594208796572484,-0.000104277569334954
5,31064,"P_poverty","Poverty",-0.269924683889677,9.5256014901679e-05
5,31065,"P_poverty","Poverty",-1.36152895052617,5.11894832015969e-05
5,31066,"P_poverty","Poverty",0.908459838253479,8.37423212942667e-05
5,31067,"P_poverty","Poverty",0.0178203738429537,5.63230205443688e-05
5,31068,"P_poverty","Poverty",0.159409211774883,9.05112028704025e-05
5,31069,"P_poverty","Poverty",1.00437485749769,0.00011468961747596
5,31070,"P_poverty","Poverty",0.675523362946111,8.75152836670168e-05
5,31071,"P_poverty","Poverty",0.223352557937691,8.55341640999541e-05
5,31072,"P_poverty","Poverty",-0.690123815816694,-4.51797677669674e-05
5,31073,"P_poverty","Poverty",1.64837570099453,0.000281192100374028
5,31074,"P_poverty","Poverty",-0.105498936613888,8.19717897684313e-05
5,31075,"P_poverty","Poverty",1.15053107729839,0.000128840722027235
5,31076,"P_poverty","Poverty",-0.329300648183713,9.23397747101262e-05
5,31077,"P_poverty","Poverty",0.913027220122251,0.00010907794785453
5,31078,"P_poverty","Poverty",0.150274448037339,9.04805783648044e-05
5,31079,"P_poverty","Poverty",0.584175725570672,7.56809677113779e-05
5,31080,"P_poverty","Poverty",0.917594601991022,0.000109311375126708
5,31081,"P_poverty","Poverty",1.34692849765558,0.000137041148263961
5,31082,"P_poverty","Poverty",-0.256222538283362,9.09095033421181e-05
5,31083,"P_poverty","Poverty",-0.891088618042659,-9.65704166446812e-05
5,31084,"P_poverty","Poverty",0.725764563502602,0.00010274780652253
5,31085,"P_poverty","Poverty",0.890190310778391,0.000116923387395218
5,31086,"P_poverty","Poverty",-0.233385628939502,6.53503957437351e-05
5,31087,"P_poverty","Poverty",0.145707066168568,6.2517930928152e-05
5,31088,"P_poverty","Poverty",0.0406572831868133,8.97486752364784e-05
5,31089,"P_poverty","Poverty",0.392345687082251,7.07106664776802e-05
5,31090,"P_poverty","Poverty",0.314700195313129,6.85983686707914e-05
5,31091,"P_poverty","Poverty",1.04091391244786,0.000124702099128626
5,31092,"P_poverty","Poverty",1.40173708008085,0.000148669569171034
5,31093,"P_poverty","Poverty",-1.1605641483002,-2.81584216281772e-05
5,31094,"P_poverty","Poverty",1.28755253336155,0.000134770685690455
5,31095,"P_poverty","Poverty",-1.20623796698792,-4.88914192828815e-05
5,31096,"P_poverty","Poverty",0.447154269507514,0.000101680321677122
5,31097,"P_poverty","Poverty",1.05918343992295,0.000116244758828543
5,31098,"P_poverty","Poverty",0.976970566285058,9.3378643214237e-05
5,31099,"P_poverty","Poverty",1.31495682457418,0.000151354470290244
5,31100,"P_poverty","Poverty",-0.840847417486168,-9.70098335528746e-05
5,31101,"P_poverty","Poverty",-1.01897531036827,-2.48581600317266e-05
5,31102,"P_poverty","Poverty",-0.00501653550090594,7.56499648559839e-05
5,31103,"P_poverty","Poverty",0.684658126683655,0.000135204070829786
5,31104,"P_poverty","Poverty",1.22360918719874,0.000126874117995612
5,31105,"P_poverty","Poverty",-0.548534977884765,-9.88091414910741e-05
5,31106,"P_poverty","Poverty",-0.900223381780203,-8.21874855319038e-05
5,32001,"P_poverty","Poverty",-0.776904071323361,-9.5078743470367e-05
5,32002,"P_poverty","Poverty",-0.470889486115642,-0.000111252367787529
5,32003,"P_poverty","Poverty",-0.543967596015993,-8.83318643900566e-05
5,32004,"P_poverty","Poverty",0.24618946728155,9.83307618298568e-05
5,32005,"P_poverty","Poverty",-1.0463796015809,-7.35837602405809e-05
5,32006,"P_poverty","Poverty",-0.25165515641459,9.18000805540942e-05
5,32008,"P_poverty","Poverty",-0.0141512992384496,7.20111638656817e-05
5,32009,"P_poverty","Poverty",-0.329300648183713,8.50549185997806e-05
5,32010,"P_poverty","Poverty",-1.00070578289319,-0.000103903134004213
5,32011,"P_poverty","Poverty",-0.356704939396344,8.54297759360634e-05
5,32012,"P_poverty","Poverty",0.310132813444357,8.0768862972036e-05
5,32013,"P_poverty","Poverty",-0.722095488898098,-0.00010090549767483
5,32015,"P_poverty","Poverty",-0.639882615260203,-0.000153251312440261
5,32016,"P_poverty","Poverty",0.141139684299795,6.41228398308158e-05
5,32017,"P_poverty","Poverty",-1.74062164563424,9.73088481259765e-06
5,32018,"P_poverty","Poverty",-0.694691197685466,-0.000113227470137645
5,32019,"P_poverty","Poverty",-0.863684326830027,-0.000104586913948879
5,32020,"P_poverty","Poverty",-0.754067161979501,-0.000104178805486299
5,32021,"P_poverty","Poverty",0.122870156824708,9.8146905656904e-05
5,32023,"P_poverty","Poverty",-1.08291865653108,-7.23112098057754e-05
5,32024,"P_poverty","Poverty",-0.470889486115642,-7.2423521487508e-05
5,32025,"P_poverty","Poverty",-0.553102359753537,-9.35892385314219e-05
5,32028,"P_poverty","Poverty",-0.201413955858099,7.86496602813713e-05
5,32030,"P_poverty","Poverty",-0.79974098066722,-9.47999069467187e-05
5,32031,"P_poverty","Poverty",-0.712960725160554,-8.8409949967172e-05
5,32032,"P_poverty","Poverty",-1.5031177884581,-1.1500440450618e-05
5,32033,"P_poverty","Poverty",-0.804308362535993,-0.000102431564300787
5,32034,"P_poverty","Poverty",-0.991571019155641,-0.000102322374004871
5,32035,"P_poverty","Poverty",-0.0324208267135375,7.79144320404157e-05
5,32036,"P_poverty","Poverty",-0.260789920152134,8.23458904051222e-05
5,32037,"P_poverty","Poverty",-0.247087774545818,6.69790533720516e-05
5,32038,"P_poverty","Poverty",0.255324231019094,8.28921765787527e-05
5,32039,"P_poverty","Poverty",-0.749499780110729,-0.000106650091765914
5,32040,"P_poverty","Poverty",-0.00501653550090594,8.30692297313362e-05
5,32041,"P_poverty","Poverty",-0.320165884446169,4.47046113549732e-05
5,32042,"P_poverty","Poverty",-1.09205342026862,-1.96026794583304e-05
5,32043,"P_poverty","Poverty",-0.25165515641459,8.46235852804966e-05
5,32044,"P_poverty","Poverty",-0.306463738839853,8.0839527072385e-05
5,32045,"P_poverty","Poverty",-0.324733266314941,8.38989217299968e-05
5,32046,"P_poverty","Poverty",-0.48915901359073,-0.00010763368482003
5,32047,"P_poverty","Poverty",-1.05551436531845,-8.19945344119333e-05
5,32048,"P_poverty","Poverty",-1.11945771148126,-5.1108950174239e-06
5,32049,"P_poverty","Poverty",-0.671854288341607,-8.69707582751289e-05
5,32050,"P_poverty","Poverty",-0.480024249853186,-9.88958854577504e-05
5,32051,"P_poverty","Poverty",0.337537104656989,6.49597204755992e-05
5,32052,"P_poverty","Poverty",-1.31128774996968,-2.74216799880378e-05
5,32053,"P_poverty","Poverty",0.0223877557117257,7.13462941348553e-05
5,32054,"P_poverty","Poverty",0.588743107439444,7.21537508070469e-05
5,32055,"P_poverty","Poverty",-0.521130686672133,-9.89515538094565e-05
5,32056,"P_poverty","Poverty",-1.7634585549781,2.67753966909368e-05
5,32057,"P_poverty","Poverty",0.0863311018745325,7.21079341019504e-05
5,32058,"P_poverty","Poverty",-0.639882615260203,-8.48094714456238e-05
5,1001,"P_university_studies","University degree",2.42766213613266,-0.000311295036226511
5,1002,"P_university_studies","University degree",-0.376123167184477,8.47237097332254e-05
5,1003,"P_university_studies","University degree",-0.193424148859571,4.76125460409094e-05
5,1004,"P_university_studies","University degree",-0.0190920205882421,-7.33013075659983e-05
5,1005,"P_university_studies","University degree",2.05898167105794,-0.000259467633441091
5,1006,"P_university_studies","University degree",1.0623065687247,-0.000133788242237642
5,1007,"P_university_studies","University degree",0.793387547486197,-7.52180567360483e-05
5,1008,"P_university_studies","University degree",0.272869675354415,-0.000121499440865591
5,1009,"P_university_studies","University degree",-0.314858141330898,6.7966160713695e-05
5,1010,"P_university_studies","University degree",-0.21058831739187,6.09882372373249e-05
5,1011,"P_university_studies","University degree",0.264023609190722,-9.70277906162664e-05
5,2001,"P_university_studies","University degree",1.92398229646352,-0.000424417608883232
5,2002,"P_university_studies","University degree",2.15771102920104,-0.000353545707184821
5,2003,"P_university_studies","University degree",1.0503561331354,-0.000112216570414603
5,2004,"P_university_studies","University degree",1.42281314969703,-0.000404759513912722
5,2005,"P_university_studies","University degree",0.775682861391711,-0.000204793250304647
5,3001,"P_university_studies","University degree",0.85807313969109,-7.57439993321896e-05
5,3002,"P_university_studies","University degree",0.820954629204053,-0.000128128769574687
5,3003,"P_university_studies","University degree",2.88050481002202,-0.000102868500107434
5,3008,"P_university_studies","University degree",1.38738278075011,-0.000300155923468992
5,4001,"P_university_studies","University degree",1.60974250901741,-0.00018792059563566
5,4002,"P_university_studies","University degree",2.75188389729288,-0.000277815415756777
5,4003,"P_university_studies","University degree",2.34848836006926,-0.00025000685127452
5,4004,"P_university_studies","University degree",0.0644522273422876,-8.99580554687418e-05
5,4005,"P_university_studies","University degree",1.51298898348354,-0.000188473481102847
5,4006,"P_university_studies","University degree",-0.0966718068518501,-9.37601653276943e-05
5,4007,"P_university_studies","University degree",0.407046143459671,-9.5952011179179e-05
5,4008,"P_university_studies","University degree",0.529415350593212,-9.41495309234597e-05
5,4009,"P_university_studies","University degree",0.258715243669821,-0.000101621692010667
5,4010,"P_university_studies","University degree",-0.653687867998614,8.86525158421136e-05
5,5001,"P_university_studies","University degree",-0.0982134136879294,-0.000114659960672725
5,5003,"P_university_studies","University degree",0.450702726107436,-0.000109729830001015
5,5004,"P_university_studies","University degree",2.16736563174208,-0.000279404892353341
5,5005,"P_university_studies","University degree",-0.494651081956339,3.76689604308922e-05
5,5006,"P_university_studies","University degree",0.406338624512173,-0.000121787343232427
5,5007,"P_university_studies","University degree",0.485415521980004,-8.92137686605565e-05
5,5008,"P_university_studies","University degree",-0.63769104947609,0.000100138364359736
5,5009,"P_university_studies","University degree",0.901450455555236,-0.000104402017313987
5,5010,"P_university_studies","University degree",0.896207506227343,-9.20968086575158e-05
5,5012,"P_university_studies","University degree",-0.82749746142828,0.000119987606012728
5,5013,"P_university_studies","University degree",-0.461233816583253,0.000227534110308625
5,5014,"P_university_studies","University degree",-0.727368487265455,0.000312852091155946
5,5015,"P_university_studies","University degree",-0.438092411728728,-6.58222706988454e-05
5,5016,"P_university_studies","University degree",0.133405903817406,-4.85885175294243e-05
5,5018,"P_university_studies","University degree",2.42015672630564,-0.00031740075792186
5,5019,"P_university_studies","University degree",0.290733019421851,-0.000281439395621419
5,5021,"P_university_studies","University degree",0.391567342023611,-3.52165880030952e-05
5,5022,"P_university_studies","University degree",0.380939989642649,-1.43889546961873e-05
5,5025,"P_university_studies","University degree",1.51858185906335,-0.000278479885309935
5,5026,"P_university_studies","University degree",-0.750890029028795,0.000195850734598935
5,5027,"P_university_studies","University degree",2.03016916360244,-0.000172371830558404
5,5028,"P_university_studies","University degree",1.20239507413382,-0.000142232267535292
5,5029,"P_university_studies","University degree",0.00476020305798869,3.22404707731039e-06
5,5030,"P_university_studies","University degree",2.69632365894128,-0.00020851127919741
5,5033,"P_university_studies","University degree",0.469130693159517,-8.94751137821004e-05
5,5034,"P_university_studies","University degree",0.167033517203885,-2.55038594332291e-05
5,5037,"P_university_studies","University degree",-0.504766661262481,0.000117244853754528
5,6001,"P_university_studies","University degree",-0.127161778254706,-6.80024895700626e-05
5,6002,"P_university_studies","University degree",2.96969521696624,-0.000321534171234816
5,6003,"P_university_studies","University degree",0.456326186313651,-9.50078028836288e-05
5,6004,"P_university_studies","University degree",0.227686389635092,-8.66445843712427e-05
5,6005,"P_university_studies","University degree",0.729579684682347,-3.57850803993642e-05
5,6006,"P_university_studies","University degree",-0.171549533730724,4.90507809445262e-05
5,6007,"P_university_studies","University degree",1.63836363733722,-0.00014762750652153
5,6008,"P_university_studies","University degree",0.0175545632130096,-9.53717899392359e-05
5,6009,"P_university_studies","University degree",0.351873706947608,-8.69970535859466e-05
5,6010,"P_university_studies","University degree",3.76888720078089,-0.000186739285709336
5,7001,"P_university_studies","University degree",-0.557464656669869,0.000106100822449662
5,7003,"P_university_studies","University degree",-0.304358629717437,2.55701415881049e-05
5,7006,"P_university_studies","University degree",-0.65970027849798,0.000119773823826108
5,7008,"P_university_studies","University degree",-0.402963452438821,8.80653824424371e-05
5,7009,"P_university_studies","University degree",0.638981522551987,-9.96035014395602e-05
5,7010,"P_university_studies","University degree",-0.931138079815688,2.66042552539147e-05
5,7011,"P_university_studies","University degree",-0.757031430674828,8.84200708242133e-05
5,7012,"P_university_studies","University degree",0.681599603295715,-0.000122172248666175
5,7013,"P_university_studies","University degree",-0.107162475234934,-0.000193368250620551
5,7015,"P_university_studies","University degree",0.146300295657714,-0.000307882932247594
5,7017,"P_university_studies","University degree",0.457510547328408,-0.00012151338160038
5,7018,"P_university_studies","University degree",-0.268787685371658,3.05367684632074e-05
5,7019,"P_university_studies","University degree",1.18561530856851,-0.000167924707056955
5,7020,"P_university_studies","University degree",-0.446753151863749,7.13185654603876e-05
5,7021,"P_university_studies","University degree",0.225553589411587,-0.000100302684586495
5,7025,"P_university_studies","University degree",-0.0915357086855496,-0.000132986533571966
5,7027,"P_university_studies","University degree",1.11416057671088,-6.590587872779e-05
5,7029,"P_university_studies","University degree",-0.550266858561999,8.07511460152455e-05
5,7030,"P_university_studies","University degree",-0.570885561677686,0.000107471627416089
5,7032,"P_university_studies","University degree",0.0138154356344758,-0.000135993919684552
5,7033,"P_university_studies","University degree",-0.881304980211592,9.28732915781438e-05
5,7034,"P_university_studies","University degree",-0.163980703269191,1.32812351694156e-06
5,7035,"P_university_studies","University degree",-0.174307579747817,-1.32576733449241e-05
5,7036,"P_university_studies","University degree",-0.447079386549131,8.67546623339877e-05
5,7037,"P_university_studies","University degree",0.587218813189739,-0.000103241953183897
5,7040,"P_university_studies","University degree",0.505770719359395,-7.88976976764388e-05
5,7041,"P_university_studies","University degree",-0.824769535017028,0.00012658404011745
5,7042,"P_university_studies","University degree",-0.507658108900742,8.72349410201423e-05
5,7043,"P_university_studies","University degree",0.570337080072722,-0.000149331666762009
5,7045,"P_university_studies","University degree",-0.614893289176059,8.87066053110175e-05
5,7046,"P_university_studies","University degree",0.082342250881213,-0.000111061701318249
5,7048,"P_university_studies","University degree",0.19356573644658,-6.98404473951086e-05
5,7051,"P_university_studies","University degree",-0.142482490855667,-5.15647443535272e-05
5,7052,"P_university_studies","University degree",-0.624602001624954,0.000118165975436568
5,7053,"P_university_studies","University degree",-0.533615751160581,8.4671461081598e-05
5,7054,"P_university_studies","University degree",-0.213091238220653,9.76663941401057e-05
5,7055,"P_university_studies","University degree",0.0639440912206354,-0.000127769846585579
5,7057,"P_university_studies","University degree",-0.229562335627014,0.00014453633048106
5,7058,"P_university_studies","University degree",-0.999816771519931,1.92997795238625e-05
5,7060,"P_university_studies","University degree",-0.589180158192494,0.000114874426799361
5,7061,"P_university_studies","University degree",0.0858498220153319,-0.00012806779704988
5,7062,"P_university_studies","University degree",-0.327578683838943,3.21981060551479e-05
5,7063,"P_university_studies","University degree",-0.361115601574022,7.23150951671414e-05
5,7067,"P_university_studies","University degree",-0.681890726760939,9.87714520306326e-05
5,7068,"P_university_studies","University degree",1.00210019181498,-0.000101509198429994
5,7069,"P_university_studies","University degree",-0.0249176866155666,-9.22584149520844e-05
5,7070,"P_university_studies","University degree",-0.856620914144292,0.000107101281173527
5,7071,"P_university_studies","University degree",-0.281786946981609,5.37436972081196e-05
5,7073,"P_university_studies","University degree",-0.0411861650325947,-0.000133322319015861
5,7074,"P_university_studies","University degree",0.764743447343294,-0.000103257196315099
5,7075,"P_university_studies","University degree",-0.215432709990353,8.77507045515813e-06
5,7079,"P_university_studies","University degree",-0.0577071442494973,-0.000131074688397348
5,7080,"P_university_studies","University degree",-0.750003723086185,0.000120506272651255
5,7083,"P_university_studies","University degree",-0.47549879566207,8.19798951852135e-05
5,7084,"P_university_studies","University degree",-0.266153088490456,5.41640692972578e-05
5,7085,"P_university_studies","University degree",-0.618383898819364,9.22403633012436e-05
5,7086,"P_university_studies","University degree",1.04179733964611,-0.000135718306410126
5,7087,"P_university_studies","University degree",-0.460335880862931,0.000130348111269996
5,7088,"P_university_studies","University degree",0.14100767316648,-0.000164805111126043
5,7089,"P_university_studies","University degree",1.41999538643011,-0.000360320991603658
5,7090,"P_university_studies","University degree",-0.162467574781827,-1.74708238773746e-05
5,7091,"P_university_studies","University degree",0.471863882101576,-8.77535858307965e-05
5,7092,"P_university_studies","University degree",-0.237122949212392,1.4434465811064e-05
5,7097,"P_university_studies","University degree",0.50769438466662,-9.7941083367914e-05
5,7099,"P_university_studies","University degree",-0.688401961279919,0.000275699887424707
5,7101,"P_university_studies","University degree",3.43942036943592,-0.000203174000489525
5,7102,"P_university_studies","University degree",0.415887441409001,-0.000190720456885174
5,7103,"P_university_studies","University degree",-0.360645513651875,6.98447838658467e-05
5,7104,"P_university_studies","University degree",-0.438155377933203,9.38549273996614e-05
5,7105,"P_university_studies","University degree",-0.244767605808103,8.07494507171214e-05
5,7106,"P_university_studies","University degree",-0.234556367467852,2.75098191195866e-05
5,7107,"P_university_studies","University degree",0.0824910080836841,-0.000159192539285868
5,7108,"P_university_studies","University degree",0.646722799994518,-0.000108820873720106
5,7114,"P_university_studies","University degree",-0.682347186321004,0.00014472562179435
5,7115,"P_university_studies","University degree",-0.969726124178548,1.69887443917105e-05
5,7116,"P_university_studies","University degree",-0.756322790506507,0.000104758466477506
5,7117,"P_university_studies","University degree",-0.936754078236808,-1.77002384589287e-05
5,7120,"P_university_studies","University degree",-0.991263929358536,5.62355853617191e-05
5,7121,"P_university_studies","University degree",-1.01119697018073,1.12916368379956e-05
5,7122,"P_university_studies","University degree",-0.188327842204102,-1.90927985386224e-05
5,7124,"P_university_studies","University degree",-0.451141467261574,6.09165472269524e-05
5,8001,"P_university_studies","University degree",-0.351247751002289,6.91129680490121e-05
5,8002,"P_university_studies","University degree",0.731032642177551,-9.07507055671886e-05
5,8004,"P_university_studies","University degree",-0.231093412450064,0.000130220796563663
5,8005,"P_university_studies","University degree",-0.188349952068057,3.0975257686805e-05
5,8006,"P_university_studies","University degree",-0.482227201246773,0.000171330888406374
5,8008,"P_university_studies","University degree",-0.894541758671452,9.25191125134006e-05
5,8009,"P_university_studies","University degree",0.269822765057503,-9.8673022876028e-05
5,8010,"P_university_studies","University degree",-0.216736622000598,2.74790836556349e-05
5,8011,"P_university_studies","University degree",0.790464310789404,-4.84232477901969e-05
5,8012,"P_university_studies","University degree",-0.878648198782566,0.000102865313237999
5,8013,"P_university_studies","University degree",0.36948044026416,-0.000305469613522291
5,8015,"P_university_studies","University degree",-0.802546012115184,-8.45429440232692e-06
5,8016,"P_university_studies","University degree",-0.271801604791152,7.09910309524275e-05
5,8017,"P_university_studies","University degree",0.988347282345828,2.11385213333415e-05
5,8018,"P_university_studies","University degree",-0.89980659408677,0.000101133256976027
5,8019,"P_university_studies","University degree",3.33105049690793,-0.000250212760875002
5,8020,"P_university_studies","University degree",-0.022129164765704,-8.10269411886111e-05
5,8021,"P_university_studies","University degree",1.67974883730788,-0.000159041141159832
5,8022,"P_university_studies","University degree",-0.564794709870843,0.000148794642882422
5,8023,"P_university_studies","University degree",-0.753950395901134,0.000154456662130542
5,8024,"P_university_studies","University degree",-0.288678070425947,0.000248918193392456
5,8025,"P_university_studies","University degree",-0.0373031278261615,-0.00013208738528192
5,8026,"P_university_studies","University degree",-0.630978678091868,0.000280452630249783
5,8027,"P_university_studies","University degree",0.18663728275817,-0.000117109200800769
5,8028,"P_university_studies","University degree",-0.362983491509337,0.000129073101561517
5,8030,"P_university_studies","University degree",-0.328955122551776,4.12027329730336e-05
5,8031,"P_university_studies","University degree",-0.0682879186527666,-0.000130117201479152
5,8034,"P_university_studies","University degree",-0.383665309509541,0.000295408710371703
5,8035,"P_university_studies","University degree",-0.741640800905463,0.000162853699293919
5,8037,"P_university_studies","University degree",1.53774268118754,-0.000321268133120611
5,8038,"P_university_studies","University degree",-0.486126696274902,5.78657200094312e-05
5,8040,"P_university_studies","University degree",-0.163155977822053,3.99825148633681e-05
5,8041,"P_university_studies","University degree",-0.644848077480616,6.8011591793038e-05
5,8043,"P_university_studies","University degree",-0.458650506752185,0.000242830865317956
5,8045,"P_university_studies","University degree",0.415428541350618,-0.000106964849692304
5,8046,"P_university_studies","University degree",-0.721471628254669,9.15844284463674e-05
5,8047,"P_university_studies","University degree",-0.725978105362956,8.17594118416309e-05
5,8048,"P_university_studies","University degree",-0.433128700576267,0.00016748730558902
5,8050,"P_university_studies","University degree",1.61487336239548,-0.000339617196004838
5,8051,"P_university_studies","University degree",-0.647803421639549,7.51733023207635e-05
5,8052,"P_university_studies","University degree",0.0608334517884463,-0.000119541822641622
5,8053,"P_university_studies","University degree",-0.487276741495633,0.000143866753205657
5,8054,"P_university_studies","University degree",-0.835510649912178,-8.6075822764542e-05
5,8055,"P_university_studies","University degree",-0.0688234091515241,-9.24027553992346e-05
5,8057,"P_university_studies","University degree",-0.503110191734912,0.000240359848248772
5,8061,"P_university_studies","University degree",-0.814744073696995,-0.000166119963978417
5,8062,"P_university_studies","University degree",0.155489840916057,-7.86385280662216e-05
5,8063,"P_university_studies","University degree",-0.437299769124185,7.84697331255302e-05
5,8065,"P_university_studies","University degree",-0.684596455007971,8.68815041030757e-05
5,8066,"P_university_studies","University degree",-0.575847669533885,9.30886235437356e-05
5,10001,"P_university_studies","University degree",0.63544347531002,-0.000117308954941109
5,10002,"P_university_studies","University degree",-0.808313941046777,9.81418343144469e-05
5,10003,"P_university_studies","University degree",-0.887872607791725,0.000143051351187751
5,10011,"P_university_studies","University degree",-0.65564804876677,8.17172112874687e-05
5,10013,"P_university_studies","University degree",-0.383704451009381,9.18297955649905e-05
5,10018,"P_university_studies","University degree",0.683537974310789,-5.25838113389909e-05
5,10019,"P_university_studies","University degree",-0.946561646822122,1.64007742569083e-05
5,10020,"P_university_studies","University degree",0.122709243704923,-0.000161014933837578
5,10022,"P_university_studies","University degree",0.141695556170404,-0.000114703325380106
5,10024,"P_university_studies","University degree",0.420006787732265,-0.000152534790686332
5,10026,"P_university_studies","University degree",-0.725738362988742,8.79517101566307e-05
5,10028,"P_university_studies","University degree",-0.117701403702024,-0.00011887102300534
5,10029,"P_university_studies","University degree",-0.138855774604697,-6.44148094579577e-05
5,10030,"P_university_studies","University degree",-0.799597210565835,0.000143787052365951
5,10032,"P_university_studies","University degree",0.316825884461459,-0.000124016427434981
5,10033,"P_university_studies","University degree",-0.0335147736745734,-6.30428548902273e-05
5,10034,"P_university_studies","University degree",-0.634859313035925,0.000109824104583822
5,10035,"P_university_studies","University degree",-0.376548147837256,0.000112633068056311
5,10036,"P_university_studies","University degree",0.449967890468616,-9.20333768590353e-05
5,10037,"P_university_studies","University degree",-0.886625701718,0.000107161307823844
5,10038,"P_university_studies","University degree",0.271880970674216,-0.000120250049803872
5,10039,"P_university_studies","University degree",-0.137068327312016,-4.02347868657671e-05
5,11001,"P_university_studies","University degree",-0.306958861290445,6.65547195239924e-05
5,11003,"P_university_studies","University degree",0.465706627531931,-9.73448404693045e-05
5,11004,"P_university_studies","University degree",-0.293761708468954,6.59374709357508e-05
5,11005,"P_university_studies","University degree",0.166346256428004,-9.06396453501657e-05
5,11006,"P_university_studies","University degree",-0.3305647738204,5.14139610459097e-05
5,11007,"P_university_studies","University degree",1.62136392021059,-0.000192368141142651
5,11008,"P_university_studies","University degree",-0.488603758467067,0.000100936646049377
5,11009,"P_university_studies","University degree",-0.249186293609103,6.70206209179014e-05
5,11011,"P_university_studies","University degree",0.203080147048486,-9.1727648396045e-05
5,11012,"P_university_studies","University degree",-0.179642481974357,3.41181912517641e-05
5,11013,"P_university_studies","University degree",-0.308091304637125,7.05904312781058e-05
5,11014,"P_university_studies","University degree",0.0555187912288007,-9.83524150797166e-05
5,11015,"P_university_studies","University degree",2.09147743705577,-0.000279076804872602
5,11016,"P_university_studies","University degree",-0.190029172530515,3.28358582919464e-05
5,11017,"P_university_studies","University degree",1.10880604583035,-0.000115512797492556
5,11020,"P_university_studies","University degree",1.44075712263539,-0.000206602766411379
5,11022,"P_university_studies","University degree",-0.55813902038042,9.3517082859762e-05
5,11023,"P_university_studies","University degree",-0.101819537821729,-0.000107012878288515
5,11024,"P_university_studies","University degree",-0.175275620240223,3.26185654557776e-05
5,11025,"P_university_studies","University degree",-0.436728703521066,8.94439435796812e-05
5,11026,"P_university_studies","University degree",-0.203252077945781,3.3041895221686e-05
5,11027,"P_university_studies","University degree",0.889436402512616,-0.000125978142023087
5,11029,"P_university_studies","University degree",-0.653971542093328,0.000100364311947487
5,11030,"P_university_studies","University degree",-0.49055125824422,9.4190654635895e-05
5,11031,"P_university_studies","University degree",0.156625885593212,-9.06302375369705e-05
5,11032,"P_university_studies","University degree",0.417495713845589,-0.000133606197778136
5,11033,"P_university_studies","University degree",0.0717784969731407,-9.8579577752389e-05
5,11034,"P_university_studies","University degree",-0.378636125635398,8.78698047017679e-05
5,11035,"P_university_studies","University degree",-0.310070352091242,6.77734424243681e-05
5,11037,"P_university_studies","University degree",0.165805597887978,-9.85355291049927e-05
5,11040,"P_university_studies","University degree",-0.370685823445609,8.70633302838542e-05
5,11042,"P_university_studies","University degree",-0.181769648035719,3.38307654601522e-05
5,11043,"P_university_studies","University degree",0.1342601142638,-0.000105182203697041
5,11044,"P_university_studies","University degree",-0.136889639070161,-3.39935722877271e-05
5,11045,"P_university_studies","University degree",-0.579191813380376,9.65685394476168e-05
5,12001,"P_university_studies","University degree",1.50813948061031,-0.000188405421795323
5,12002,"P_university_studies","University degree",-0.931749455315467,2.74326084763743e-05
5,12003,"P_university_studies","University degree",-0.111187232442733,-0.000107063002360519
5,12004,"P_university_studies","University degree",-0.836824132048292,5.43987080163788e-05
5,12005,"P_university_studies","University degree",-0.246201052795625,6.72377718728967e-05
5,12006,"P_university_studies","University degree",0.557797402504366,-0.000133004214148968
5,12007,"P_university_studies","University degree",0.959788449726136,-9.57302909228019e-05
5,12008,"P_university_studies","University degree",-0.471257236406638,6.59493016428314e-05
5,12009,"P_university_studies","University degree",-0.526431848378681,8.8610453531146e-05
5,12010,"P_university_studies","University degree",-0.912587533013978,9.32469120016322e-05
5,12011,"P_university_studies","University degree",0.283254021552266,-9.56831645453349e-05
5,12012,"P_university_studies","University degree",-0.0825737118372738,-8.87214046088047e-05
5,12013,"P_university_studies","University degree",-0.0552726832221107,-9.61860423558392e-05
5,12014,"P_university_studies","University degree",0.972774615801468,-8.63714085426182e-05
5,12015,"P_university_studies","University degree",-0.023135347396995,-8.71657393872738e-05
5,12016,"P_university_studies","University degree",-0.84785800606272,0.000103422862594016
5,12017,"P_university_studies","University degree",-0.0220990465352575,-0.000111001107143238
5,12018,"P_university_studies","University degree",0.151129321534206,-0.000100706602097489
5,12019,"P_university_studies","University degree",-0.749634220857848,0.000111775611003395
5,12020,"P_university_studies","University degree",-0.836625263757174,8.58021812746301e-05
5,12021,"P_university_studies","University degree",0.11497925150402,-0.000101018595159985
5,12022,"P_university_studies","University degree",-0.198402691018235,2.92218555841828e-05
5,12023,"P_university_studies","University degree",-0.0967724217040032,-0.00012728082947433
5,12024,"P_university_studies","University degree",-0.40750442964387,7.85763113526627e-05
5,12025,"P_university_studies","University degree",-0.319674695551285,4.65474149677902e-05
5,12026,"P_university_studies","University degree",-0.737496926501302,8.30208955449052e-05
5,12028,"P_university_studies","University degree",-0.0664430677972897,-0.000119991796964314
5,12029,"P_university_studies","University degree",2.85233942110622,-0.000238922308199108
5,12030,"P_university_studies","University degree",0.344216474303422,-9.50756730162539e-05
5,12031,"P_university_studies","University degree",-0.588483775944121,9.85922451945953e-05
5,12032,"P_university_studies","University degree",-0.906387072931628,9.39976671361364e-05
5,12033,"P_university_studies","University degree",0.15848427967391,-0.000122293233289383
5,12034,"P_university_studies","University degree",0.140756040515015,-0.000116122180770617
5,12035,"P_university_studies","University degree",1.99332791182443,-0.000298140570521355
5,12036,"P_university_studies","University degree",-0.159018170691464,1.56668847921537e-05
5,12037,"P_university_studies","University degree",-0.312048281350402,3.23267813655548e-05
5,12038,"P_university_studies","University degree",0.936631677461924,-0.000111815490527079
5,12039,"P_university_studies","University degree",0.0484249219838456,-9.78377720457502e-05
5,12040,"P_university_studies","University degree",-0.652915887931391,8.63608293002471e-05
5,12041,"P_university_studies","University degree",-0.0065661327156311,-0.0001117479041568
5,12042,"P_university_studies","University degree",-0.43079275857634,0.00010545664554229
5,12043,"P_university_studies","University degree",-0.857241910659502,8.62737579154782e-05
5,12044,"P_university_studies","University degree",0.238081218394894,-9.84587095445022e-05
5,12045,"P_university_studies","University degree",-0.494908093496904,0.000120532124128658
5,12047,"P_university_studies","University degree",-0.999000113306128,-2.35921470448375e-06
5,12048,"P_university_studies","University degree",0.152224821947638,-0.000119566939247306
5,12050,"P_university_studies","University degree",1.0873698455108,-9.42712285905145e-05
5,12051,"P_university_studies","University degree",-0.661693257313379,9.21415048651397e-05
5,12052,"P_university_studies","University degree",-0.230459499338935,3.2355441362597e-05
5,12053,"P_university_studies","University degree",-0.254319622970646,4.3853866372956e-05
5,12054,"P_university_studies","University degree",-0.658342433455488,9.26392458495684e-05
5,12055,"P_university_studies","University degree",0.33451995251773,-9.72494308371097e-05
5,12056,"P_university_studies","University degree",-0.0244111009750646,-0.000100447054137476
5,12057,"P_university_studies","University degree",0.24147815245913,-0.000112246932985727
5,12058,"P_university_studies","University degree",0.420414966027264,-0.000101917583378963
5,12059,"P_university_studies","University degree",0.0645535395189712,-0.000114354101242498
5,12061,"P_university_studies","University degree",1.67588509412219,-0.000189088968909346
5,12062,"P_university_studies","University degree",-0.6028588419354,8.62425658851862e-05
5,12063,"P_university_studies","University degree",-0.449431461090179,6.3417581259273e-05
5,12064,"P_university_studies","University degree",0.381770625568496,-0.000100861732789781
5,12065,"P_university_studies","University degree",-0.533761215395811,8.18269545561634e-05
5,12066,"P_university_studies","University degree",0.86572053276981,-9.93479698081501e-05
5,12067,"P_university_studies","University degree",0.784134012455499,-0.000102275087556336
5,12068,"P_university_studies","University degree",-0.422296228878036,6.89204898662865e-05
5,12069,"P_university_studies","University degree",-0.767074955726067,8.3760307461489e-05
5,12070,"P_university_studies","University degree",-0.603045876065324,9.93767534964718e-05
5,12071,"P_university_studies","University degree",-0.509921150503652,8.54031459311955e-05
5,12072,"P_university_studies","University degree",-0.559297508867084,8.65804322529584e-05
5,12073,"P_university_studies","University degree",-0.686088626073637,0.000100536199170165
5,12074,"P_university_studies","University degree",-0.663127404513757,9.2475165729411e-05
5,12075,"P_university_studies","University degree",0.267808013762188,-0.000104815779195633
5,12076,"P_university_studies","University degree",-0.857973529665423,8.64909670781344e-05
5,12077,"P_university_studies","University degree",0.358571040053819,-0.000104982354969252
5,12078,"P_university_studies","University degree",-0.993069877757572,4.12131557823159e-05
5,12079,"P_university_studies","University degree",-0.907570109717474,8.53764722705819e-05
5,12080,"P_university_studies","University degree",-0.185421573600012,7.2220800575451e-06
5,12081,"P_university_studies","University degree",0.435740225404227,-0.0001086326665245
5,13006,"P_university_studies","University degree",-0.450332997590818,6.60044606775045e-05
5,13012,"P_university_studies","University degree",-0.189483263700686,2.72241195489187e-05
5,13014,"P_university_studies","University degree",-0.094071762744983,-8.31613724585623e-05
5,13015,"P_university_studies","University degree",0.183206933920224,-8.60212312545627e-05
5,13018,"P_university_studies","University degree",-0.354084787383964,6.32873925496824e-05
5,13020,"P_university_studies","University degree",-0.826033096418962,0.000126221697428264
5,13026,"P_university_studies","University degree",-0.668784798704748,0.000104466445918661
5,13028,"P_university_studies","University degree",1.01898536341587,-9.95567097561434e-05
5,13029,"P_university_studies","University degree",0.0882069661194698,-9.10141534404829e-05
5,13030,"P_university_studies","University degree",0.796873745142069,-9.67031010077335e-05
5,13031,"P_university_studies","University degree",-0.0745541210339345,-8.82050444488414e-05
5,13032,"P_university_studies","University degree",0.20211308336058,-8.68890783749521e-05
5,13033,"P_university_studies","University degree",-0.507954429051463,0.000102992635220289
5,13034,"P_university_studies","University degree",-0.315562013147316,4.12828994740266e-05
5,13036,"P_university_studies","University degree",-0.478647619870345,9.08063593669794e-05
5,13037,"P_university_studies","University degree",-0.532844531823531,9.54467250267044e-05
5,13040,"P_university_studies","University degree",-0.829699201740611,6.54219402349554e-05
5,13042,"P_university_studies","University degree",0.413700659189237,-8.54318859637715e-05
5,13043,"P_university_studies","University degree",-0.702191416468657,9.88495085039176e-05
5,13046,"P_university_studies","University degree",-0.216141094060394,3.09563511109445e-05
5,13047,"P_university_studies","University degree",-0.932901340262613,-6.42186205368489e-05
5,13049,"P_university_studies","University degree",-0.688843908374928,7.85726006142795e-05
5,13055,"P_university_studies","University degree",-0.135922616368983,-3.3077405532822e-05
5,13058,"P_university_studies","University degree",0.358681682212658,-9.28281733649783e-05
5,13059,"P_university_studies","University degree",-0.582868992683203,6.49836511001922e-05
5,13062,"P_university_studies","University degree",-0.653573331137856,9.19437079573981e-05
5,13068,"P_university_studies","University degree",-0.328168715844055,2.9595015803352e-05
5,13071,"P_university_studies","University degree",-0.690714068672378,7.64949145377614e-05
5,13073,"P_university_studies","University degree",-0.418825685814026,6.72057431074791e-05
5,13079,"P_university_studies","University degree",-0.00997174014914107,-6.94074260536581e-05
5,13080,"P_university_studies","University degree",-0.695455833942864,8.26774703455158e-05
5,13081,"P_university_studies","University degree",0.224910275760613,-8.5690466221422e-05
5,13084,"P_university_studies","University degree",0.0896743029416345,-0.000108509302663151
5,14001,"P_university_studies","University degree",-0.41051134363385,8.89291040948592e-05
5,14002,"P_university_studies","University degree",0.673399955321319,-0.000161101983394474
5,14003,"P_university_studies","University degree",0.940178078844321,-9.75884249783121e-05
5,14004,"P_university_studies","University degree",0.0592980508656098,-7.74913423811086e-05
5,14005,"P_university_studies","University degree",0.410954800121784,-8.97801801329479e-05
5,14006,"P_university_studies","University degree",0.654556407606146,-0.000145734753459692
5,14007,"P_university_studies","University degree",-0.0423844012925753,-0.000103429294540547
5,14008,"P_university_studies","University degree",0.269184741995364,-0.000158413589815609
5,14009,"P_university_studies","University degree",0.602253849398054,-3.97244584746659e-05
5,14010,"P_university_studies","University degree",-0.557640346691322,0.000107929459773004
5,14011,"P_university_studies","University degree",-0.404738117649073,9.32722687139176e-05
5,14012,"P_university_studies","University degree",-0.0289821946225484,-2.4980477974168e-05
5,14013,"P_university_studies","University degree",0.247715306803574,-0.000141705095302314
5,14014,"P_university_studies","University degree",-0.43249627371541,9.03569816728123e-05
5,14015,"P_university_studies","University degree",1.73150239342605,-0.000237852451391518
5,14016,"P_university_studies","University degree",-0.473519583573345,8.31378492875956e-05
5,14017,"P_university_studies","University degree",-0.178827653721674,3.52238494087942e-05
5,14018,"P_university_studies","University degree",0.346153054556093,-0.000139326250064187
5,14019,"P_university_studies","University degree",-0.121296819984409,-9.07242792891338e-05
5,14020,"P_university_studies","University degree",-0.284820086425668,6.45395411993377e-05
5,14021,"P_university_studies","University degree",0.306223932848602,-9.79101969278418e-05
5,14022,"P_university_studies","University degree",0.286554394461763,-9.67299420153722e-05
5,14023,"P_university_studies","University degree",2.38680860141622,-0.000364676117897034
5,14024,"P_university_studies","University degree",0.197933288628276,-0.000116617018647958
5,14025,"P_university_studies","University degree",2.01544093093203,-0.000346369692124426
5,14026,"P_university_studies","University degree",-0.320161540168146,7.99398694653064e-05
5,14027,"P_university_studies","University degree",-0.313742199818507,5.9900547057623e-05
5,14028,"P_university_studies","University degree",-0.502527387422912,0.000164018521900289
5,14029,"P_university_studies","University degree",-0.423149505569748,0.000113636371679604
5,14030,"P_university_studies","University degree",1.73973651839059,-0.000383676175260916
5,14031,"P_university_studies","University degree",-0.621048485331715,0.000108756750705652
5,14032,"P_university_studies","University degree",-0.448457491551252,5.48114367120434e-05
5,14033,"P_university_studies","University degree",-0.302859954140588,-1.51213125718641e-05
5,14034,"P_university_studies","University degree",-0.447139837433879,9.93074536381755e-06
5,14035,"P_university_studies","University degree",-0.288224230990597,5.73105098737869e-05
5,14036,"P_university_studies","University degree",0.7118831587978,-0.000106120867712889
5,14037,"P_university_studies","University degree",1.0765190246872,-0.000106161627627444
5,14038,"P_university_studies","University degree",-0.309388658495838,6.75287083140574e-05
5,14039,"P_university_studies","University degree",2.70868982511157,-0.000210027181310579
5,14040,"P_university_studies","University degree",-0.67555355737347,9.72717025433667e-05
5,14041,"P_university_studies","University degree",-0.204605331511982,-1.80941151484149e-05
5,14042,"P_university_studies","University degree",-0.157009403595952,3.87931540899444e-05
5,14043,"P_university_studies","University degree",0.105934869957417,-9.37551958486438e-05
5,14044,"P_university_studies","University degree",0.201392087069213,-0.000115938040835317
5,14045,"P_university_studies","University degree",-0.202196280330297,7.3355513450224e-05
5,14046,"P_university_studies","University degree",-0.252153285976022,-1.33605090013589e-06
5,14047,"P_university_studies","University degree",-0.140327047803206,-2.81395405181684e-05
5,14048,"P_university_studies","University degree",-0.423715642587615,0.000150360268889926
5,14049,"P_university_studies","University degree",-0.769760754245462,0.0001264432357857
5,14050,"P_university_studies","University degree",0.247142672151492,-9.9771328677889e-05
5,14051,"P_university_studies","University degree",0.0676437488553495,-0.000141338925459422
5,14052,"P_university_studies","University degree",-0.214012436247186,6.44785395707004e-05
5,14053,"P_university_studies","University degree",0.677205156255898,-8.64027897478081e-05
5,14054,"P_university_studies","University degree",0.515364870603066,-0.000142923658131622
5,14055,"P_university_studies","University degree",0.191282253057013,-0.000108385866042227
5,14056,"P_university_studies","University degree",-0.694163157935157,0.000107704581751022
5,14057,"P_university_studies","University degree",-0.266436695465965,0.000214577710721642
5,14058,"P_university_studies","University degree",0.666546123059876,-0.000108618318336084
5,14059,"P_university_studies","University degree",-0.0153921771378591,-0.000110782581032254
5,14060,"P_university_studies","University degree",-0.466414142317207,6.15349199506454e-05
5,14061,"P_university_studies","University degree",-0.169737323439927,-5.3866801863478e-06
5,14062,"P_university_studies","University degree",-0.475070597963775,0.00010355102858739
5,14063,"P_university_studies","University degree",1.27441562089214,-0.000208693774766289
5,14064,"P_university_studies","University degree",-0.313684732850069,4.89106059831101e-05
5,14065,"P_university_studies","University degree",-0.532126701275501,0.000105022205389105
5,14066,"P_university_studies","University degree",-0.0898006140979248,-8.66804111865349e-05
5,14067,"P_university_studies","University degree",1.74205217223532,-0.000347155844792724
5,14068,"P_university_studies","University degree",-0.0381928243889539,-0.000107707892311737
5,14069,"P_university_studies","University degree",-0.619979251634168,0.000100346587714739
5,14070,"P_university_studies","University degree",0.0554244733409436,-0.00012530320964288
5,14071,"P_university_studies","University degree",-0.652004457124622,6.31211150903255e-05
5,14072,"P_university_studies","University degree",-0.507481396549262,0.000121452329040039
5,14073,"P_university_studies","University degree",0.0832071628522116,-0.000106668943772092
5,14074,"P_university_studies","University degree",-0.28458173966329,0.000149283499922603
5,14075,"P_university_studies","University degree",0.331988163828777,-8.80710722412914e-05
5,14076,"P_university_studies","University degree",-0.399660767217685,0.000115626855404116
5,14077,"P_university_studies","University degree",0.79885568587406,-7.57551097194664e-05
5,14078,"P_university_studies","University degree",-0.139242720811906,-5.86804890190251e-05
5,14079,"P_university_studies","University degree",-0.077754997148696,-8.71666707098484e-05
5,14080,"P_university_studies","University degree",-0.328553572278302,8.09842022135854e-05
5,14081,"P_university_studies","University degree",-0.372397740863883,0.000111595843918622
5,14082,"P_university_studies","University degree",0.739010532698888,-0.000112220761366189
5,14083,"P_university_studies","University degree",0.394378220070414,-0.00014748917601537
5,14084,"P_university_studies","University degree",0.00210360166797837,-9.04202606761828e-05
5,14085,"P_university_studies","University degree",0.101044824746022,-0.000158352369908243
5,14086,"P_university_studies","University degree",-0.345094277802135,4.88578698423225e-05
5,14087,"P_university_studies","University degree",-0.0762578164870984,-0.000105182734841947
5,14088,"P_university_studies","University degree",0.177121642967047,-0.000120288415928371
5,14089,"P_university_studies","University degree",-0.394967214580128,0.000114200636744499
5,14090,"P_university_studies","University degree",0.185525961742875,-0.0001174232820631
5,14091,"P_university_studies","University degree",-0.321746981209322,6.92010726197623e-05
5,14092,"P_university_studies","University degree",-0.228323305469381,4.87806064484175e-05
5,14093,"P_university_studies","University degree",0.836646455719515,-0.000118550749903079
5,14094,"P_university_studies","University degree",0.628868446324569,-9.33881383389235e-05
5,14095,"P_university_studies","University degree",0.106156100222127,-7.10953463567421e-05
5,14096,"P_university_studies","University degree",-0.273910307019325,4.6640750952065e-05
5,14097,"P_university_studies","University degree",1.62131824063996,-0.000324277934851125
5,14098,"P_university_studies","University degree",1.85918259610804,-0.000382136699045077
5,14099,"P_university_studies","University degree",-0.544375224121157,9.33263872866519e-05
5,14100,"P_university_studies","University degree",-0.0375552096811601,-0.000110991204564925
5,14101,"P_university_studies","University degree",1.04106051518821,-0.00019865739159286
5,14102,"P_university_studies","University degree",-0.176167873659627,5.66441558476072e-05
5,14103,"P_university_studies","University degree",-0.0876525190855108,-1.56378591782413e-05
5,14104,"P_university_studies","University degree",-0.22762887834294,2.77028757409425e-05
5,14105,"P_university_studies","University degree",-0.218375033848693,3.8702113670297e-05
5,14106,"P_university_studies","University degree",-0.519435995317303,9.96013986878097e-05
5,14107,"P_university_studies","University degree",-0.075605330886689,-0.000124512109323405
5,14108,"P_university_studies","University degree",0.467533187303649,-8.09677803772502e-05
5,14109,"P_university_studies","University degree",-0.427062136293988,9.45855936151929e-05
5,14110,"P_university_studies","University degree",0.586324832138495,-0.000109946086013224
5,14111,"P_university_studies","University degree",0.0104499804775262,-7.60734837967902e-05
5,14112,"P_university_studies","University degree",-0.305325927772403,6.00324710831046e-05
5,14113,"P_university_studies","University degree",-0.232206608401848,4.50288171123248e-05
5,14114,"P_university_studies","University degree",0.172878373134656,-0.000108121472294442
5,14115,"P_university_studies","University degree",-0.203415907536023,1.46755146488431e-05
5,14116,"P_university_studies","University degree",-0.339703103411535,0.000120403572509531
5,14117,"P_university_studies","University degree",-0.63858018556601,0.000137680675834417
5,14118,"P_university_studies","University degree",0.121666416875864,-0.00016180073725991
5,14119,"P_university_studies","University degree",0.162996245015085,-8.09815246611834e-05
5,14120,"P_university_studies","University degree",3.86935648265592,-0.000657698838040233
5,14121,"P_university_studies","University degree",0.284900911326211,-7.58929090807214e-05
5,14122,"P_university_studies","University degree",-0.299540585808294,6.9055866333656e-05
5,14123,"P_university_studies","University degree",-0.681000379636997,0.000101057034044061
5,14124,"P_university_studies","University degree",-0.0813871330004157,-0.000104374601505697
5,14125,"P_university_studies","University degree",-0.597462188802128,0.000104168859252241
5,15105,"P_university_studies","University degree",0.334392624084327,-7.8492594184354e-05
5,16001,"P_university_studies","University degree",-0.358668381845896,8.527678437531e-05
5,16002,"P_university_studies","University degree",-0.429808110619421,0.000101556783192791
5,16004,"P_university_studies","University degree",-0.418717724709837,9.08826259546913e-05
5,16006,"P_university_studies","University degree",0.276106285706572,-0.000109294531284831
5,16008,"P_university_studies","University degree",-0.192604208406597,2.82146775134606e-05
5,16009,"P_university_studies","University degree",-0.281105953323984,5.98039150645491e-05
5,16010,"P_university_studies","University degree",0.405259976245767,-0.000103171070804819
5,16011,"P_university_studies","University degree",-0.37243696392456,0.00012185189552838
5,16012,"P_university_studies","University degree",-0.514942280485778,0.00012076224811608
5,16014,"P_university_studies","University degree",0.0453063179226798,-0.000127630148199387
5,16015,"P_university_studies","University degree",-0.048769756767877,-0.000122252647997811
5,16016,"P_university_studies","University degree",-0.163314643909825,1.66859772434691e-05
5,16019,"P_university_studies","University degree",-0.274197654927754,4.71265775559004e-05
5,16021,"P_university_studies","University degree",-0.420839465668875,6.48468267172575e-05
5,16023,"P_university_studies","University degree",-0.494183199752831,0.00012077737483196
5,16024,"P_university_studies","University degree",0.666852062850634,-0.000145848243846558
5,16025,"P_university_studies","University degree",0.15373377487772,-0.000130663247546181
5,16026,"P_university_studies","University degree",-0.406830482264947,0.000109082975541241
5,16027,"P_university_studies","University degree",-0.743613037685793,7.80425398261286e-05
5,16028,"P_university_studies","University degree",-0.228088095154458,-1.35683412736398e-05
5,16029,"P_university_studies","University degree",-0.445857639861943,0.000110553213744424
5,16030,"P_university_studies","University degree",-0.447163631329698,0.00010970800940413
5,16032,"P_university_studies","University degree",0.0460875435228937,-0.000113951740786433
5,16033,"P_university_studies","University degree",-0.057596165256778,-0.000104829618067015
5,16035,"P_university_studies","University degree",-0.145663407121674,-3.88672597182449e-05
5,16036,"P_university_studies","University degree",0.144011903213484,-0.00012618993059732
5,16037,"P_university_studies","University degree",-0.483092012814042,0.000115252260002308
5,16039,"P_university_studies","University degree",-0.264130998645309,5.1950104534626e-05
5,16042,"P_university_studies","University degree",-0.561112674328465,9.16424105525948e-05
5,16043,"P_university_studies","University degree",0.230179461683273,-0.000108094674942549
5,16044,"P_university_studies","University degree",-0.260078011347331,5.05641364725307e-05
5,16045,"P_university_studies","University degree",1.03409258853012,-0.00011203097528778
5,16048,"P_university_studies","University degree",-0.48430620308906,0.00012099292507628
5,16051,"P_university_studies","University degree",0.0778482287867685,-0.000103547637991142
5,16052,"P_university_studies","University degree",1.21657073419264,-0.000144337464007549
5,16053,"P_university_studies","University degree",3.19422850304431,-0.000309665367240086
5,16054,"P_university_studies","University degree",-0.432094645869738,9.36623109737411e-05
5,16055,"P_university_studies","University degree",0.11023046168605,-0.00011179346620338
5,16056,"P_university_studies","University degree",-0.155864350778733,-1.27084222185658e-05
5,16058,"P_university_studies","University degree",-0.163050104152656,2.58878208114766e-05
5,16059,"P_university_studies","University degree",-0.633764113696141,6.58680364722386e-05
5,16060,"P_university_studies","University degree",-0.495952958246589,9.91955530480482e-05
5,16062,"P_university_studies","University degree",-0.477658770361205,9.80585755314678e-05
5,16063,"P_university_studies","University degree",-0.613916680531986,9.67820815276355e-05
5,16064,"P_university_studies","University degree",-0.533909201827736,0.000102705133031122
5,16065,"P_university_studies","University degree",0.692135592409246,-0.000104366154118907
5,16066,"P_university_studies","University degree",0.77012636634672,-8.58284402056597e-05
5,16067,"P_university_studies","University degree",-0.463330194322431,9.45553110796027e-05
5,16068,"P_university_studies","University degree",-0.30335333338975,4.64253134850878e-05
5,16069,"P_university_studies","University degree",0.964819030037352,-0.000153247616253793
5,16070,"P_university_studies","University degree",-0.0158795870414691,-0.00012432575749699
5,16071,"P_university_studies","University degree",-0.16434452113352,6.23510959485429e-06
5,16073,"P_university_studies","University degree",-0.0335916841690277,-0.000106126703030895
5,16074,"P_university_studies","University degree",-0.628385353607735,9.94841029751115e-05
5,16075,"P_university_studies","University degree",0.383347841618696,-0.000109295506263152
5,16076,"P_university_studies","University degree",0.385082995485783,-0.000170400264323689
5,16077,"P_university_studies","University degree",-0.137314032567432,-4.68531288788654e-05
5,16079,"P_university_studies","University degree",-0.606011672527549,0.000107831947389059
5,16082,"P_university_studies","University degree",0.181774176417489,-0.000119398740935139
5,16083,"P_university_studies","University degree",-0.610741476137859,9.84367288765498e-05
5,16084,"P_university_studies","University degree",-0.240689110736402,5.28275922988541e-05
5,16085,"P_university_studies","University degree",-0.197887703511146,1.41551818160224e-05
5,16086,"P_university_studies","University degree",0.186254184764579,-0.000163752236403525
5,16087,"P_university_studies","University degree",0.0218416203495784,-0.000115998242108617
5,16089,"P_university_studies","University degree",-0.234540788247557,6.58689241390675e-05
5,16090,"P_university_studies","University degree",0.504376103307849,-0.000111593180918135
5,16091,"P_university_studies","University degree",-0.0767274206833331,-0.00012236469774507
5,16094,"P_university_studies","University degree",-0.774089252539888,0.0001147464645328
5,16095,"P_university_studies","University degree",-0.140503451791451,-4.2088286136277e-05
5,16096,"P_university_studies","University degree",-0.76603532971288,9.11961251404136e-05
5,16097,"P_university_studies","University degree",-0.565170765436833,7.0411668275483e-05
5,16100,"P_university_studies","University degree",0.122543418281099,-9.47886510402896e-05
5,16102,"P_university_studies","University degree",1.09877228717364,-9.09833324840292e-05
5,16103,"P_university_studies","University degree",-0.14185432111293,-5.57841485715471e-05
5,16104,"P_university_studies","University degree",-0.282313199236962,-3.00564151984872e-05
5,16105,"P_university_studies","University degree",-0.145687319026259,-2.63573201664258e-05
5,16106,"P_university_studies","University degree",-0.0310886153478982,-0.000106968494947068
5,16107,"P_university_studies","University degree",1.13579989790088,-7.95433879829943e-05
5,16108,"P_university_studies","University degree",1.09545384764461,-0.000121041972306557
5,16109,"P_university_studies","University degree",-0.120167021932146,-0.000104871403891593
5,16111,"P_university_studies","University degree",-0.444227733447569,9.73311471170746e-05
5,16113,"P_university_studies","University degree",-0.169516564935205,1.56154110300122e-05
5,17003,"P_university_studies","University degree",-0.0898059024861295,-0.000123032456031069
5,17017,"P_university_studies","University degree",0.58235919567234,-8.6537234892603e-05
5,17025,"P_university_studies","University degree",0.609892833320603,-9.05547785805538e-05
5,18002,"P_university_studies","University degree",0.83083476190266,-4.19624666392338e-05
5,18003,"P_university_studies","University degree",0.00623799108313145,-5.45730836165603e-05
5,18004,"P_university_studies","University degree",0.461571230365923,-2.58071358985035e-05
5,18006,"P_university_studies","University degree",0.966628669717601,-2.54481037700316e-05
5,18007,"P_university_studies","University degree",0.598721566430461,-8.57001141412184e-05
5,18008,"P_university_studies","University degree",2.79181538467728,-0.000147161292261444
5,18009,"P_university_studies","University degree",-0.600389663223992,7.84232761361636e-05
5,18010,"P_university_studies","University degree",-0.10856397815707,-9.15809068828821e-05
5,18011,"P_university_studies","University degree",0.252123836360423,-9.04930639080703e-05
5,18012,"P_university_studies","University degree",-0.0389997939179636,-0.000117906398372725
5,18013,"P_university_studies","University degree",0.213318396330072,-3.63722174370196e-05
5,18014,"P_university_studies","University degree",-0.154391186964249,0.000100465476862155
5,18015,"P_university_studies","University degree",0.0835739870517646,-2.1481870135176e-05
5,18017,"P_university_studies","University degree",3.16944473923728,-0.000165405130246654
5,18018,"P_university_studies","University degree",0.81021361292462,-7.26406597095774e-06
5,18019,"P_university_studies","University degree",-0.672481272028312,7.75734079070389e-05
5,18020,"P_university_studies","University degree",1.3109540866568,-0.000266672956058756
5,19001,"P_university_studies","University degree",-0.0087213521291014,3.56656855728943e-05
5,19002,"P_university_studies","University degree",-0.20750115826577,0.000193161831703037
5,19003,"P_university_studies","University degree",-0.678704837209391,1.11917379399529e-05
5,19004,"P_university_studies","University degree",0.487604332905256,-0.000171408653841354
5,19005,"P_university_studies","University degree",0.11482596196718,-0.000262103189015761
5,19006,"P_university_studies","University degree",3.14924475639554,-8.73818426043727e-05
5,19007,"P_university_studies","University degree",-0.181843517397492,-9.51869787968462e-06
5,19008,"P_university_studies","University degree",0.382064749353255,-1.37820870804717e-05
5,19009,"P_university_studies","University degree",0.339070488845499,-0.000183814991032705
5,19010,"P_university_studies","University degree",-0.176755605043946,8.1809950643219e-05
5,19011,"P_university_studies","University degree",-0.11887625043189,-6.91975146764889e-05
5,19012,"P_university_studies","University degree",-0.198034035894786,9.79605683824047e-05
5,19013,"P_university_studies","University degree",-0.0775725869543519,-0.000155418907525018
5,19014,"P_university_studies","University degree",-0.100456890455113,-0.000101303921837825
5,19015,"P_university_studies","University degree",-0.705622188102581,5.55078840989154e-05
5,19016,"P_university_studies","University degree",-0.459682673593525,4.77227786177536e-06
5,19017,"P_university_studies","University degree",-0.0524223641147532,-8.62321830936708e-05
5,19018,"P_university_studies","University degree",1.36473123592526,-0.000213150007766671
5,19019,"P_university_studies","University degree",7.57623715064874,-0.000534878752660006
5,19020,"P_university_studies","University degree",-0.0278484386002632,-7.83506620791741e-05
5,19021,"P_university_studies","University degree",1.97235357278558,-0.000375819101464003
5,19022,"P_university_studies","University degree",0.0461390407331618,-2.23288316192338e-05
5,19023,"P_university_studies","University degree",-0.213409144072847,-5.81869353482034e-05
5,19024,"P_university_studies","University degree",-0.245670930457898,5.36385050509125e-05
5,19025,"P_university_studies","University degree",0.0810918127968481,-0.000147518250741996
5,19026,"P_university_studies","University degree",2.98333648436544,-0.000158638547873124
5,19027,"P_university_studies","University degree",-0.624046056960999,3.20915496558882e-05
5,19028,"P_university_studies","University degree",-0.0982134136879294,4.26169317506719e-05
5,19029,"P_university_studies","University degree",0.491968375495228,-4.5834527554689e-05
5,19030,"P_university_studies","University degree",-0.576060105394689,8.49276766530238e-05
5,19031,"P_university_studies","University degree",0.520266952020967,-0.000228503602556884
5,19032,"P_university_studies","University degree",-0.234876065045225,1.71201209013816e-05
5,19033,"P_university_studies","University degree",0.867565216102353,-0.00013978143397253
5,19034,"P_university_studies","University degree",0.143309552169716,-2.91825799649814e-05
5,19035,"P_university_studies","University degree",-0.233372357591069,-4.06178878620267e-05
5,19036,"P_university_studies","University degree",-0.967399279444187,-4.7361940232804e-05
5,19037,"P_university_studies","University degree",-0.32036958673551,-2.22610869968776e-05
5,19038,"P_university_studies","University degree",1.34945544670355,-4.07556362915784e-05
5,19039,"P_university_studies","University degree",3.82606149784975,-0.000619819387793541
5,19040,"P_university_studies","University degree",0.0123906089260364,2.31696049013408e-05
5,19041,"P_university_studies","University degree",-0.1957464788646,9.11940951482393e-05
5,19042,"P_university_studies","University degree",-0.542484898353615,-2.39080673054559e-05
5,19043,"P_university_studies","University degree",-0.692958085969227,7.04258854966611e-05
5,19044,"P_university_studies","University degree",1.0396681740376,-5.81947533646598e-05
5,19045,"P_university_studies","University degree",-0.0843514709953196,-4.65822740807198e-05
5,19046,"P_university_studies","University degree",4.317484372095,-0.000640715472400188
5,19047,"P_university_studies","University degree",0.641938717715561,-4.90965430799406e-05
5,19048,"P_university_studies","University degree",2.40382373120298,-0.000271968805463985
5,19049,"P_university_studies","University degree",2.30313891828151,-0.000161247357027605
5,19050,"P_university_studies","University degree",-0.743444121202502,-3.32438503392041e-05
5,19051,"P_university_studies","University degree",0.0519941852953919,-6.1453269154299e-05
5,20001,"P_university_studies","University degree",-0.76194862918079,5.284739745548e-05
5,20002,"P_university_studies","University degree",-0.210027126151674,5.61980159545783e-05
5,20003,"P_university_studies","University degree",-0.350971075322582,3.60999401891604e-05
5,20004,"P_university_studies","University degree",-0.434562720690282,0.000104635349998716
5,20005,"P_university_studies","University degree",1.19628224890206,-0.000177094887476414
5,20006,"P_university_studies","University degree",0.732225397219151,-0.000119595577416476
5,20007,"P_university_studies","University degree",-0.879640408928309,0.000122503755846992
5,20009,"P_university_studies","University degree",-0.743511442728195,9.21148239285685e-05
5,20010,"P_university_studies","University degree",1.32431082226586,-0.000177012043423019
5,20011,"P_university_studies","University degree",-0.92971636012128,1.91726467164699e-05
5,20013,"P_university_studies","University degree",0.0764469100298289,-0.000140888907480985
5,20014,"P_university_studies","University degree",1.51547319043258,-0.00018140094471164
5,20016,"P_university_studies","University degree",-1.06769317525973,4.10779830417596e-05
5,20018,"P_university_studies","University degree",-0.605102374406022,0.000120286720630247
5,20019,"P_university_studies","University degree",-0.833500290523551,8.99356309673749e-05
5,20020,"P_university_studies","University degree",0.110192091506914,-0.000132586195832118
5,20022,"P_university_studies","University degree",-0.211967767528884,4.11437104048673e-05
5,20023,"P_university_studies","University degree",0.712664606524073,-9.77498639258556e-05
5,20024,"P_university_studies","University degree",-0.973244686632692,-4.40147641711519e-06
5,20025,"P_university_studies","University degree",0.0872755845415437,-0.000117375726404134
5,20026,"P_university_studies","University degree",-0.106893817824552,-0.000114006055810023
5,20027,"P_university_studies","University degree",-0.7832891871085,0.000123710677144118
5,20029,"P_university_studies","University degree",-0.660745597677694,8.67258058860898e-05
5,20030,"P_university_studies","University degree",3.67785560400375,-0.000445993209723383
5,20031,"P_university_studies","University degree",-0.0572262633390752,-0.000107296851638239
5,20032,"P_university_studies","University degree",-1.0167843821472,8.83375105331652e-06
5,20033,"P_university_studies","University degree",1.39007301202538,-0.000180409158929251
5,20034,"P_university_studies","University degree",-0.717567652606969,9.27714281715453e-05
5,20035,"P_university_studies","University degree",2.32165193279383,-8.33302619867027e-05
5,20036,"P_university_studies","University degree",-0.809973382387193,0.000132910456159152
5,20037,"P_university_studies","University degree",-0.806880254740777,0.000119898511911742
5,20038,"P_university_studies","University degree",-0.828950722610381,0.000109482039988507
5,20039,"P_university_studies","University degree",1.39232484485854,-0.000179895752808079
5,20040,"P_university_studies","University degree",-0.910463392130732,8.53654782986268e-05
5,20041,"P_university_studies","University degree",0.14543815331671,-0.000162772834300995
5,20042,"P_university_studies","University degree",0.128916877977576,-0.000107388332253322
5,20043,"P_university_studies","University degree",1.13956499511029,-9.51343681663275e-05
5,20044,"P_university_studies","University degree",0.175269637451856,-0.000121066259453073
5,20045,"P_university_studies","University degree",1.97656916777417,-0.000136563074192964
5,20046,"P_university_studies","University degree",-0.888110456386559,0.000100247751106508
5,20047,"P_university_studies","University degree",-0.401430686907568,0.000146534599480219
5,20048,"P_university_studies","University degree",-1.05184337571731,3.02595071843825e-06
5,20049,"P_university_studies","University degree",-0.732142391219514,0.000109701286419295
5,20050,"P_university_studies","University degree",-0.884958953049186,8.17033578641713e-05
5,20051,"P_university_studies","University degree",-1.03697409162434,-1.71954561665189e-05
5,20052,"P_university_studies","University degree",0.862229451091439,-9.41672842600383e-05
5,20053,"P_university_studies","University degree",0.966016094186948,-0.000156111971591599
5,20054,"P_university_studies","University degree",-0.467838271838655,5.23227026860695e-05
5,20055,"P_university_studies","University degree",-0.370685639417952,7.55688088247553e-05
5,20057,"P_university_studies","University degree",0.519068200263484,-9.51171532506123e-05
5,20058,"P_university_studies","University degree",-0.854503588198552,8.41730798128992e-05
5,20060,"P_university_studies","University degree",-0.925476140224089,8.18447515484877e-05
5,20062,"P_university_studies","University degree",-0.0311402916344067,-0.000107761065009981
5,20063,"P_university_studies","University degree",1.88288238612483,-0.000142076023621485
5,20064,"P_university_studies","University degree",-0.618279320220536,7.85299125709571e-05
5,20065,"P_university_studies","University degree",-1.02893085436737,4.5091856009094e-05
5,20066,"P_university_studies","University degree",-0.0232389531799647,-8.47153860377148e-05
5,20067,"P_university_studies","University degree",3.22267787634362,-0.000318578619044274
5,20068,"P_university_studies","University degree",0.541187851518784,-9.72181296674535e-05
5,20072,"P_university_studies","University degree",-0.901438566479798,0.000112092995550483
5,20073,"P_university_studies","University degree",0.422168876136209,-0.000145915342727676
5,20075,"P_university_studies","University degree",0.486070312464927,-0.000157415721332654
5,20077,"P_university_studies","University degree",0.571723295220457,-9.73737915046513e-05
5,20078,"P_university_studies","University degree",1.02315444809613,-4.87632132717408e-05
5,20079,"P_university_studies","University degree",1.58413762425712,-0.000210513651836663
5,20081,"P_university_studies","University degree",-0.823348366167738,0.000115353308501653
5,20083,"P_university_studies","University degree",1.58475943693086,-0.000190392122021876
5,20084,"P_university_studies","University degree",2.25625305324089,-0.000332321040332317
5,20086,"P_university_studies","University degree",0.110305294786084,-7.56976587581448e-05
5,20087,"P_university_studies","University degree",0.262121404149078,-0.000128920626593754
5,20088,"P_university_studies","University degree",-0.764124218585373,9.06798522919416e-05
5,20089,"P_university_studies","University degree",-0.871973424468765,8.33616650197655e-05
5,20091,"P_university_studies","University degree",5.0608493558526,-0.000662334787193686
5,20092,"P_university_studies","University degree",0.483717898476751,-7.83637951826677e-05
5,20093,"P_university_studies","University degree",-0.629253394874141,7.15855567250401e-05
5,20094,"P_university_studies","University degree",-1.06571178427254,-0.000134203917696141
5,20096,"P_university_studies","University degree",0.611315005381949,-0.00010322794696549
5,20097,"P_university_studies","University degree",-0.825787386762286,8.85795889189467e-05
5,20098,"P_university_studies","University degree",-0.847129626246151,0.000125976643175818
5,20099,"P_university_studies","University degree",-1.08063737890305,3.32468480337411e-05
5,20100,"P_university_studies","University degree",-0.135710511565406,-0.000123444435303099
5,20102,"P_university_studies","University degree",0.646997404193997,-9.78462267084979e-05
5,20103,"P_university_studies","University degree",-0.232979325404936,5.37598862138111e-05
5,20104,"P_university_studies","University degree",-1.02902786472565,-1.02953424629959e-06
5,20105,"P_university_studies","University degree",-0.970750009362698,-0.000253637874266133
5,20106,"P_university_studies","University degree",-0.528270490845206,9.25476124393754e-05
5,20107,"P_university_studies","University degree",1.26570887769393,-0.000125608537928201
5,20108,"P_university_studies","University degree",-0.161113568600276,1.83985375770135e-05
5,20109,"P_university_studies","University degree",0.348342934162134,-8.66108603077009e-05
5,20110,"P_university_studies","University degree",-1.00413217524251,-3.49921392626129e-05
5,20112,"P_university_studies","University degree",-0.327801623030141,1.76774028659565e-05
5,20114,"P_university_studies","University degree",-0.529663701107004,0.000128563406178728
5,20115,"P_university_studies","University degree",2.43781124079416,-0.000247463001869619
5,20116,"P_university_studies","University degree",-0.917257296432055,8.52000157465227e-05
5,20118,"P_university_studies","University degree",-0.902089639826109,9.91110937320627e-05
5,20119,"P_university_studies","University degree",-0.556677930733305,0.000138776696985587
5,20120,"P_university_studies","University degree",-0.672104640860121,9.4367096608039e-05
5,20121,"P_university_studies","University degree",-0.757558356735481,0.000135483482154086
5,20123,"P_university_studies","University degree",-0.783228635132326,0.00011375638860045
5,20124,"P_university_studies","University degree",-0.530647894083737,0.000102375786809716
5,20127,"P_university_studies","University degree",-0.904868234910554,8.75422338140197e-05
5,20128,"P_university_studies","University degree",-0.133191356691458,-0.000135461013996974
5,20129,"P_university_studies","University degree",-0.926098777583806,2.51267229032237e-05
5,20130,"P_university_studies","University degree",-0.443389401507106,7.21426113159396e-05
5,20131,"P_university_studies","University degree",-0.835914010616185,7.08821244188584e-05
5,20132,"P_university_studies","University degree",0.00170646984628695,-8.6513660789933e-05
5,20133,"P_university_studies","University degree",-0.559094346459759,8.79481376614422e-05
5,20134,"P_university_studies","University degree",-0.630266346229716,8.51204531500116e-05
5,20135,"P_university_studies","University degree",-0.458877260872476,6.03833686909638e-05
5,20136,"P_university_studies","University degree",-0.517836843390432,7.90382036939263e-05
5,20137,"P_university_studies","University degree",-0.815520631349035,9.31492759264074e-05
5,20138,"P_university_studies","University degree",0.0782308017926411,-0.000263200374320149
5,20139,"P_university_studies","University degree",-0.915843681519228,0.000117257666715886
5,20140,"P_university_studies","University degree",-0.436980298211669,4.65779121441301e-05
5,20141,"P_university_studies","University degree",-0.10160264087194,-0.000111045235826168
5,20142,"P_university_studies","University degree",-1.04792885217647,7.24747806088999e-05
5,20143,"P_university_studies","University degree",0.570533791609212,-0.000115918497613166
5,20144,"P_university_studies","University degree",-0.879360273858742,0.000140402727993205
5,20145,"P_university_studies","University degree",2.97304272956416,-0.000240304754697718
5,20147,"P_university_studies","University degree",-0.824580068778687,0.000109758271719329
5,20150,"P_university_studies","University degree",0.47493223107039,-0.000116495015390683
5,20151,"P_university_studies","University degree",-1.08063737890305,6.67739470827655e-07
5,20152,"P_university_studies","University degree",-1.02282344227202,2.3066484118317e-06
5,20156,"P_university_studies","University degree",-0.459224629855168,9.38380835577846e-05
5,20157,"P_university_studies","University degree",4.36513326971764,-0.000622576102614403
5,20160,"P_university_studies","University degree",-1.06132005377253,-6.12749863648787e-06
5,20161,"P_university_studies","University degree",-0.808581511621175,0.00010871247650357
5,20162,"P_university_studies","University degree",-0.966357367251839,-1.48541803355329e-05
5,20163,"P_university_studies","University degree",-0.28305091233663,1.72841300809523e-05
5,20164,"P_university_studies","University degree",-0.999394535327445,-4.27239865530282e-06
5,20165,"P_university_studies","University degree",-0.920217013792323,9.02467436389998e-05
5,20166,"P_university_studies","University degree",-0.0397067756367403,-7.4528026743792e-05
5,20169,"P_university_studies","University degree",-0.695419993662626,8.43175803311169e-05
5,20171,"P_university_studies","University degree",-0.76713985435848,8.50736250868067e-05
5,20172,"P_university_studies","University degree",-0.069318591266553,-0.000173260108567774
5,20173,"P_university_studies","University degree",-0.797245850541738,0.00011317399184918
5,20174,"P_university_studies","University degree",2.09427723218133,-0.000242821333813481
5,20175,"P_university_studies","University degree",-0.974392090547648,-2.16553398786345e-05
5,20176,"P_university_studies","University degree",-0.627554308227228,0.000156184731167741
5,20177,"P_university_studies","University degree",-0.0713733468460821,-9.47672670008615e-05
5,20178,"P_university_studies","University degree",1.88690582488037,-0.000178161892108619
5,20179,"P_university_studies","University degree",-0.96657571606706,-0.000108826287032571
5,20181,"P_university_studies","University degree",-1.01964431676841,3.54360818164423e-05
5,20182,"P_university_studies","University degree",-0.717012924203531,8.37595580378547e-05
5,20183,"P_university_studies","University degree",-0.800896317638709,8.84389519342221e-05
5,20184,"P_university_studies","University degree",1.22662200986162,-0.000153923901962116
5,20186,"P_university_studies","University degree",-0.713165819428703,0.000126902566989884
5,20187,"P_university_studies","University degree",-0.807121615815662,6.84725382598117e-05
5,20189,"P_university_studies","University degree",-1.04084778729532,4.11550281569362e-05
5,20190,"P_university_studies","University degree",-0.399352694466608,9.96326853055507e-05
5,20191,"P_university_studies","University degree",-0.383647403535976,0.000116488881758414
5,20192,"P_university_studies","University degree",0.873869247170216,-0.000106279396277387
5,20193,"P_university_studies","University degree",-0.264350895190893,7.284437015187e-05
5,20194,"P_university_studies","University degree",-0.930266363772791,3.57561293640174e-05
5,20195,"P_university_studies","University degree",-1.05458825866796,3.8348967791535e-05
5,20196,"P_university_studies","University degree",-0.675115938779506,0.000144234552863054
5,20197,"P_university_studies","University degree",-0.460222122612463,5.59597901883535e-05
5,20198,"P_university_studies","University degree",-0.514222701262386,7.21945689292625e-05
5,20199,"P_university_studies","University degree",-1.02449886664827,4.37257731391583e-05
5,20200,"P_university_studies","University degree",-0.761564093213242,7.09748128429055e-05
5,20201,"P_university_studies","University degree",-0.992846301209002,2.37885142269079e-05
5,20205,"P_university_studies","University degree",-0.84359853285644,8.49207863211632e-05
5,20206,"P_university_studies","University degree",-0.279602720793221,7.15716814738698e-05
5,20207,"P_university_studies","University degree",-0.846454021655539,9.24061096156947e-05
5,20208,"P_university_studies","University degree",-0.238886128648637,0.000167566438904032
5,20210,"P_university_studies","University degree",-0.96145249571058,-4.34991234214976e-05
5,20212,"P_university_studies","University degree",-0.864422159158276,8.34612219478004e-05
5,20214,"P_university_studies","University degree",-0.985922623712239,1.69308532349532e-05
5,20215,"P_university_studies","University degree",-0.0851776312530109,-8.3900973550044e-05
5,20216,"P_university_studies","University degree",-0.891618055028549,7.54557113396004e-05
5,20217,"P_university_studies","University degree",-0.833092597054779,9.32772090891376e-05
5,20218,"P_university_studies","University degree",-1.03007143949372,1.46126899380761e-06
5,20219,"P_university_studies","University degree",-0.915672635101483,0.000115230985102244
5,20220,"P_university_studies","University degree",-0.896706591948307,9.19833037187345e-05
5,20221,"P_university_studies","University degree",-0.445415457574637,6.61995291011408e-05
5,20222,"P_university_studies","University degree",-0.81019482666314,8.28090196591802e-05
5,20223,"P_university_studies","University degree",-0.768047935394254,0.000147324099089019
5,20224,"P_university_studies","University degree",0.395290382449012,-0.000112212590465788
5,20226,"P_university_studies","University degree",-0.964902478979168,-0.000114969960122835
5,20227,"P_university_studies","University degree",2.10139487042748,-0.000235657513258047
5,20228,"P_university_studies","University degree",-0.808618876800243,7.0947156928014e-05
5,20230,"P_university_studies","University degree",-0.977335288193511,1.83810097951209e-05
5,20231,"P_university_studies","University degree",-1.00295591061944,7.60900511522777e-05
5,20232,"P_university_studies","University degree",-0.683458926556254,8.73275494086556e-05
5,20233,"P_university_studies","University degree",-1.00866911167885,6.74995476401818e-07
5,20234,"P_university_studies","University degree",-0.897380173610084,8.43168527353555e-05
5,20237,"P_university_studies","University degree",-0.966606025752289,-0.000121121731353924
5,20239,"P_university_studies","University degree",-0.26507738370379,1.92971692740684e-05
5,20240,"P_university_studies","University degree",-0.587427861420185,6.0484806454042e-05
5,20242,"P_university_studies","University degree",-1.04295839994513,3.83970873372164e-05
5,20243,"P_university_studies","University degree",-0.419055670733769,7.84627191023901e-05
5,20244,"P_university_studies","University degree",-0.238060241544105,4.95793210575357e-05
5,20245,"P_university_studies","University degree",-0.955126180241321,-4.0657014324097e-05
5,20246,"P_university_studies","University degree",-0.810510985903063,0.000105837912997231
5,20247,"P_university_studies","University degree",0.861304292619174,-0.000161300311447121
5,20248,"P_university_studies","University degree",-0.647762537791159,8.16723986645229e-05
5,20249,"P_university_studies","University degree",-0.42722671244785,6.32099763606675e-05
5,20250,"P_university_studies","University degree",-0.581099769492615,0.000102052123111207
5,20251,"P_university_studies","University degree",-1.0015268212913,-8.6215713963611e-06
5,20252,"P_university_studies","University degree",-0.372803962936634,6.45175678073429e-05
5,20255,"P_university_studies","University degree",-0.802358461112363,0.000116721013910137
5,20256,"P_university_studies","University degree",-0.299846279953764,1.05138033177354e-05
5,20257,"P_university_studies","University degree",-1.02834104613879,1.73682619788451e-05
5,20258,"P_university_studies","University degree",-0.487795330883353,0.000154636378283612
5,20259,"P_university_studies","University degree",-1.01642666222772,6.79085360388854e-06
5,20260,"P_university_studies","University degree",-1.05550455933068,-9.22049821383553e-06
5,20261,"P_university_studies","University degree",-1.01317722206698,1.25495116662933e-05
5,20262,"P_university_studies","University degree",-0.829296425303785,9.28618537727743e-05
5,20264,"P_university_studies","University degree",-0.868936591817943,0.000151212254422717
5,20265,"P_university_studies","University degree",-0.445805965638525,6.68830398353748e-05
5,20267,"P_university_studies","University degree",-0.912221842001172,8.09158227639273e-05
5,20269,"P_university_studies","University degree",1.17517804933027,-0.000154525798279792
5,20270,"P_university_studies","University degree",-0.991253557515765,3.16931764245965e-05
5,20271,"P_university_studies","University degree",-0.944936551121772,4.37443741247989e-05
5,20273,"P_university_studies","University degree",-0.934668310008406,-2.72130182565888e-05
5,20274,"P_university_studies","University degree",-0.940291098197332,3.92896981793456e-05
5,20275,"P_university_studies","University degree",-0.916202530774352,8.49127973197028e-05
5,20276,"P_university_studies","University degree",-0.981115414328257,6.13789597991854e-05
5,20278,"P_university_studies","University degree",-0.268661496589352,2.22802373173181e-05
5,20280,"P_university_studies","University degree",-0.54032862428837,0.000197197805391625
5,20281,"P_university_studies","University degree",-0.0885502271782,-0.00025115700555034
5,20282,"P_university_studies","University degree",-0.533007481024361,8.6761123384349e-05
5,20283,"P_university_studies","University degree",-1.01476604024948,7.44245085115836e-07
5,20284,"P_university_studies","University degree",-1.03247014221432,2.39579330809647e-05
5,20286,"P_university_studies","University degree",-0.512732944837639,8.19338602013886e-05
5,20288,"P_university_studies","University degree",-0.774471006223822,8.36681501823477e-05
5,20290,"P_university_studies","University degree",-0.539974525642571,8.1534162745811e-05
5,20292,"P_university_studies","University degree",-0.941239383774621,-2.8720278351102e-05
5,20293,"P_university_studies","University degree",3.65777347313385,-0.00025834803818725
5,20294,"P_university_studies","University degree",1.08362795394138,-5.96179379499517e-05
5,20295,"P_university_studies","University degree",0.983482948603942,-9.28509762161411e-05
5,20296,"P_university_studies","University degree",-0.295529009271975,-3.91748289985117e-05
5,20297,"P_university_studies","University degree",-0.923071968388567,0.00012839402188547
5,20298,"P_university_studies","University degree",-0.344488433997679,6.50797155685723e-05
5,20299,"P_university_studies","University degree",-0.885025851641362,0.000103283615317196
5,20301,"P_university_studies","University degree",0.135990542828802,-0.00013378556468524
5,20303,"P_university_studies","University degree",-0.81344714235918,0.000108217936940491
5,20305,"P_university_studies","University degree",3.15695872264833,-0.000216428510611877
5,20308,"P_university_studies","University degree",0.241936401818824,-9.74646027316339e-05
5,20309,"P_university_studies","University degree",-0.537594759890538,8.67067064973526e-05
5,20310,"P_university_studies","University degree",-0.15891361464909,5.35174622200429e-05
5,20311,"P_university_studies","University degree",-0.966733151040064,3.17088124575093e-05
5,20313,"P_university_studies","University degree",-0.816863273203829,0.00011290153634036
5,20315,"P_university_studies","University degree",-0.718501109516224,7.06550054019317e-05
5,20317,"P_university_studies","University degree",-0.522601809211959,0.000103931379271671
5,20320,"P_university_studies","University degree",0.029807839556318,-0.000119651478598826
5,20321,"P_university_studies","University degree",-1.0073807317129,-4.29392785008531e-05
5,20322,"P_university_studies","University degree",-0.800659047809482,6.90812375978567e-05
5,20323,"P_university_studies","University degree",-0.943326874683446,4.33809436799493e-05
5,20325,"P_university_studies","University degree",-1.00108821296414,-9.57262545853155e-06
5,20326,"P_university_studies","University degree",-0.949958656670543,4.40512885688804e-05
5,20327,"P_university_studies","University degree",-0.0408576586096833,-0.000112878653453663
5,20329,"P_university_studies","University degree",-0.875534831807425,9.11815805011429e-05
5,20330,"P_university_studies","University degree",-0.878938603915781,0.000134622154291719
5,20331,"P_university_studies","University degree",-0.495363527288459,0.00015285614063032
5,20332,"P_university_studies","University degree",-0.416908587460851,0.00015583576168865
5,20333,"P_university_studies","University degree",-0.458772505398037,8.40639986563474e-05
5,20335,"P_university_studies","University degree",-1.08063737890305,9.92533659882611e-06
5,20336,"P_university_studies","University degree",-0.916704893681573,0.000136677525006235
5,20337,"P_university_studies","University degree",-0.525102174697063,8.26501709525473e-05
5,20338,"P_university_studies","University degree",1.87813739665678,-0.000203197239898145
5,20339,"P_university_studies","University degree",0.737776338424982,-7.55626388126984e-05
5,20340,"P_university_studies","University degree",-0.906936700825621,0.0001360209134873
5,20341,"P_university_studies","University degree",-0.624075204163598,9.41245161811821e-05
5,20342,"P_university_studies","University degree",3.35979437360062,-0.000224303003051318
5,20343,"P_university_studies","University degree",-0.468281070439811,0.000107036546978634
5,20346,"P_university_studies","University degree",-1.00928103389756,-3.50075024471153e-05
5,20348,"P_university_studies","University degree",-0.455534872990933,6.73501854180358e-05
5,20349,"P_university_studies","University degree",-0.558176670678571,0.00010000941256294
5,20350,"P_university_studies","University degree",4.92845068404102,-0.000568665796890855
5,20352,"P_university_studies","University degree",-1.05279540415307,1.27142538985936e-05
5,20354,"P_university_studies","University degree",-1.05180313252724,8.9352133727516e-06
5,20355,"P_university_studies","University degree",-0.656507208841937,9.85199731076136e-05
5,20356,"P_university_studies","University degree",-0.775981677708147,0.000100945646408945
5,20358,"P_university_studies","University degree",-0.652143984473589,8.81468949955888e-05
5,20359,"P_university_studies","University degree",-1.01586217238117,2.3027114366414e-05
5,20360,"P_university_studies","University degree",-0.790426230232108,0.000101304918644018
5,20363,"P_university_studies","University degree",-0.869750559211802,5.98384976910893e-05
5,20365,"P_university_studies","University degree",-0.872834764955329,0.00011534764780663
5,20368,"P_university_studies","University degree",-0.634815569881881,0.000106508698081598
5,20369,"P_university_studies","University degree",0.21939214222978,-9.75155126070604e-05
5,20370,"P_university_studies","University degree",0.955443709409263,-8.32174773677252e-05
5,20371,"P_university_studies","University degree",-0.683206837824287,7.57731759222224e-05
5,20372,"P_university_studies","University degree",-0.67417123362671,7.01885219314136e-05
5,20373,"P_university_studies","University degree",-1.01237963437246,-0.000170608778716996
5,20374,"P_university_studies","University degree",-0.553890912463672,8.57132545206696e-05
5,20375,"P_university_studies","University degree",2.1569369123224,-0.000175672292243689
5,20376,"P_university_studies","University degree",-1.00527334876222,2.92048898700159e-05
5,20377,"P_university_studies","University degree",-0.589833041144101,0.000121937613585033
5,20378,"P_university_studies","University degree",-0.733091696651122,8.7704487668816e-05
5,20379,"P_university_studies","University degree",-0.844558842811851,7.90371777839027e-05
5,20380,"P_university_studies","University degree",-0.688018345588195,9.6667768957559e-05
5,20381,"P_university_studies","University degree",-0.35083671904075,6.35658143437468e-05
5,20382,"P_university_studies","University degree",-0.798505368424171,0.000115344584628474
5,20383,"P_university_studies","University degree",-0.156003058668221,1.66384779731743e-05
5,20385,"P_university_studies","University degree",2.83730730485841,-0.000227380252908915
5,20387,"P_university_studies","University degree",0.0468903680283578,-0.000114854163257405
5,20388,"P_university_studies","University degree",-0.928795498240931,3.0627485102741e-05
5,20389,"P_university_studies","University degree",-0.85342478781362,0.000137139490107074
5,20390,"P_university_studies","University degree",3.52018944247315,-0.000307608483126387
5,20392,"P_university_studies","University degree",-0.731215388757116,9.44583807722665e-05
5,20393,"P_university_studies","University degree",-0.879585362102364,0.000106183513707947
5,20394,"P_university_studies","University degree",-0.532691848560168,8.49091084091924e-05
5,20395,"P_university_studies","University degree",-0.844705829470204,0.00013631371257361
5,20396,"P_university_studies","University degree",-0.969958851082875,-2.41321777139092e-05
5,20397,"P_university_studies","University degree",1.36877854876207,-0.000154764522449113
5,20399,"P_university_studies","University degree",2.45527075748656,-0.000257957319263369
5,20400,"P_university_studies","University degree",-0.735383889720352,7.11302782292478e-05
5,20403,"P_university_studies","University degree",1.16738911862737,-9.60934412432835e-05
5,20404,"P_university_studies","University degree",-0.664946818015661,7.96955719124526e-05
5,20405,"P_university_studies","University degree",-0.353156492326706,9.90696862572804e-05
5,20406,"P_university_studies","University degree",-0.874508708857967,8.49200587254018e-05
5,20407,"P_university_studies","University degree",-0.867468686958241,8.31981087685563e-05
5,20408,"P_university_studies","University degree",-0.584503432532261,7.62908675824292e-05
5,20409,"P_university_studies","University degree",3.50245997178687,-0.00029239451396279
5,20411,"P_university_studies","University degree",-0.202082026800611,5.19836139574181e-05
5,20412,"P_university_studies","University degree",-0.71960744610529,0.000134621062898077
5,20416,"P_university_studies","University degree",-1.08063737890305,5.72587305214256e-06
5,20417,"P_university_studies","University degree",-0.469414531577719,8.04396840976551e-05
5,20418,"P_university_studies","University degree",0.92147317217451,-8.8256347225979e-05
5,20419,"P_university_studies","University degree",-0.825074387971802,9.93234280031174e-05
5,20420,"P_university_studies","University degree",-0.871991512544437,9.05613705981523e-05
5,20421,"P_university_studies","University degree",0.549893142301403,-8.95926568773575e-05
5,20422,"P_university_studies","University degree",-0.222466023132954,8.38972573546926e-06
5,20423,"P_university_studies","University degree",-0.897658192499134,0.000161908057634719
5,20425,"P_university_studies","University degree",-0.987073191720059,1.21263610708411e-05
5,20426,"P_university_studies","University degree",-0.968740954397315,-2.13851089938544e-05
5,20427,"P_university_studies","University degree",0.010959340699439,-9.8715812782757e-05
5,20430,"P_university_studies","University degree",0.0474456599305336,-0.000197949644643813
5,20431,"P_university_studies","University degree",-0.0284237331259338,-9.70465989666991e-05
5,20432,"P_university_studies","University degree",-0.745547034124138,9.63338461588137e-05
5,20434,"P_university_studies","University degree",-0.973643150385499,-2.50251796387602e-05
5,20435,"P_university_studies","University degree",-0.810337877220227,8.48950076033361e-05
5,20436,"P_university_studies","University degree",-0.758279515323288,9.86902305157855e-05
5,20437,"P_university_studies","University degree",-0.0741811108643452,-9.04689732124098e-05
5,20438,"P_university_studies","University degree",-0.925401086373389,9.17288416530937e-05
5,20440,"P_university_studies","University degree",-0.28581195987507,-1.27587727547507e-05
5,20441,"P_university_studies","University degree",-0.407931065445248,8.74270917847753e-05
5,20442,"P_university_studies","University degree",-0.860574410699266,1.55894322233507e-05
5,20443,"P_university_studies","University degree",-0.320051083274818,1.27547482406953e-05
5,20444,"P_university_studies","University degree",-0.708909392031442,8.6872030806262e-05
5,20445,"P_university_studies","University degree",-0.580941091713998,7.95903106336482e-05
5,20446,"P_university_studies","University degree",-0.528996554499035,6.97199502610601e-05
5,20447,"P_university_studies","University degree",-0.627670681375917,9.40443715080619e-05
5,20451,"P_university_studies","University degree",-0.98013889398445,6.35641335975379e-05
5,20452,"P_university_studies","University degree",-0.834864724388851,0.000100873243354727
5,20453,"P_university_studies","University degree",-0.114771121001607,-4.76151872135233e-05
5,20454,"P_university_studies","University degree",-0.779770039561938,8.23581358417869e-05
5,20455,"P_university_studies","University degree",-0.957283697112179,-3.89934830309357e-05
5,20456,"P_university_studies","University degree",-0.560842575505641,0.000104701539385132
5,20457,"P_university_studies","University degree",-0.94474520169458,4.10770444432274e-05
5,20458,"P_university_studies","University degree",-0.454363607785875,3.24349966831505e-05
5,20459,"P_university_studies","University degree",0.440600974870519,-0.000125303995446302
5,20460,"P_university_studies","University degree",-0.907849244325772,9.20546153793111e-05
5,20461,"P_university_studies","University degree",-1.05453882949944,1.9576996237447e-06
5,20462,"P_university_studies","University degree",-0.223703924642638,4.21925287810154e-05
5,20463,"P_university_studies","University degree",-0.549597397716841,0.000132325410959311
5,20464,"P_university_studies","University degree",-0.954067420165667,-5.37921914656181e-06
5,20465,"P_university_studies","University degree",-0.89568225591015,8.3972277934663e-05
5,20468,"P_university_studies","University degree",-0.890237529471317,8.34921811474487e-05
5,20469,"P_university_studies","University degree",-0.342811997331768,2.43650538322981e-05
5,20470,"P_university_studies","University degree",-0.868600177019651,0.000132158427732065
5,20471,"P_university_studies","University degree",-1.0470091746475,1.89339843927883e-05
5,20472,"P_university_studies","University degree",0.902430798942958,-8.62426095409319e-05
5,20473,"P_university_studies","University degree",-0.99540772426495,-0.000193361527635716
5,20475,"P_university_studies","University degree",-0.687010782336858,0.000103977792605292
5,20476,"P_university_studies","University degree",-0.525252809449271,6.89442967996001e-05
5,20478,"P_university_studies","University degree",-0.903737886838411,0.000124093436170369
5,20480,"P_university_studies","University degree",-0.33773913659755,3.91016037610825e-05
5,20481,"P_university_studies","University degree",-0.451133145717971,0.000106123778095935
5,20483,"P_university_studies","University degree",0.0295911197572194,-0.000110507673525717
5,20484,"P_university_studies","University degree",-0.839989785847138,8.5716754256282e-05
5,20486,"P_university_studies","University degree",-0.442773703007855,8.4709216025658e-05
5,20487,"P_university_studies","University degree",-0.779813763873091,6.87407082295977e-05
5,20488,"P_university_studies","University degree",-0.974837874990664,8.21195208118297e-05
5,20490,"P_university_studies","University degree",-1.06676320057187,1.362715374853e-05
5,20491,"P_university_studies","University degree",-0.910157926163052,8.60792788444087e-05
5,20492,"P_university_studies","University degree",-0.779865623774638,0.000134430141770281
5,20493,"P_university_studies","University degree",0.155954988287028,-0.000131890876218677
5,20494,"P_university_studies","University degree",-0.965207319692939,-4.37978378613479e-05
5,20496,"P_university_studies","University degree",-0.109419770718666,-0.000109305488876998
5,20498,"P_university_studies","University degree",-0.911285332956087,9.11984097911045e-05
5,20499,"P_university_studies","University degree",0.608191331207535,-0.000107167732494418
5,20500,"P_university_studies","University degree",-0.698438842492608,9.23008483368903e-05
5,20501,"P_university_studies","University degree",-1.02551138489242,5.1888531743316e-05
5,20502,"P_university_studies","University degree",-0.735361670237531,8.47439005156048e-05
5,20503,"P_university_studies","University degree",-1.01591297653063,-0.000277945073321462
5,20504,"P_university_studies","University degree",-0.760577244351561,0.000103460464742966
5,20505,"P_university_studies","University degree",0.217648059307758,-9.3628594186157e-05
5,20506,"P_university_studies","University degree",-0.83934026463245,8.91470699571073e-05
5,20508,"P_university_studies","University degree",0.648185474645162,-0.000119715463370085
5,20510,"P_university_studies","University degree",-0.483451576448578,0.000105479928606655
5,20511,"P_university_studies","University degree",-0.963154098089838,-0.000179558963282034
5,20513,"P_university_studies","University degree",-0.369095572653184,9.28355293581262e-05
5,20514,"P_university_studies","University degree",-0.992659113310079,1.36095068228315e-05
5,20515,"P_university_studies","University degree",1.16571148509399,-9.4733688456472e-05
5,20517,"P_university_studies","University degree",-0.773273756946254,8.48589479574002e-05
5,20518,"P_university_studies","University degree",-0.472056161533845,0.000113870861241594
5,20519,"P_university_studies","University degree",0.178582942636758,-0.000126885817735456
5,20520,"P_university_studies","University degree",-0.71394022156397,7.34867426217534e-05
5,20521,"P_university_studies","University degree",-0.860574410699266,9.49115201365203e-05
5,20522,"P_university_studies","University degree",-1.01215305272652,-1.46072679854115e-05
5,20523,"P_university_studies","University degree",0.697437933981471,-8.94597760634497e-05
5,20524,"P_university_studies","University degree",-1.08063737890305,3.63420695066452e-05
5,20525,"P_university_studies","University degree",-0.160028854160612,1.9823699403787e-05
5,20527,"P_university_studies","University degree",-0.9812113390884,3.57931712642312e-05
5,20528,"P_university_studies","University degree",-0.928492074595136,0.000120570410217624
5,20529,"P_university_studies","University degree",-1.04274774934516,-1.12339275801787e-05
5,20530,"P_university_studies","University degree",-0.463585976811319,9.62002523010597e-05
5,20531,"P_university_studies","University degree",-0.0469827161790685,-0.000118795171147212
5,20532,"P_university_studies","University degree",-0.954673118040867,-4.47848615294788e-05
5,20536,"P_university_studies","University degree",-0.804946021184584,0.00011852610623464
5,20537,"P_university_studies","University degree",-0.332472481399024,2.18936966120964e-05
5,20539,"P_university_studies","University degree",0.821687034522467,-0.000105523380625527
5,20540,"P_university_studies","University degree",1.05042347790524,-8.451244502794e-05
5,20541,"P_university_studies","University degree",-0.605733895020068,0.000119751959573478
5,20544,"P_university_studies","University degree",-0.74745095661971,0.000119742828246672
5,20545,"P_university_studies","University degree",1.1665499772678,-9.49640379985794e-05
5,20546,"P_university_studies","University degree",-0.353794620881531,9.98751420411281e-05
5,20547,"P_university_studies","University degree",-0.146039326798781,-3.73107941413764e-05
5,20548,"P_university_studies","University degree",-0.842048701579542,0.000126060578622855
5,20549,"P_university_studies","University degree",-0.736063572490384,7.61569172027521e-05
5,20550,"P_university_studies","University degree",0.535784806381522,-8.71873708092608e-05
5,20551,"P_university_studies","University degree",1.28982635822753,-0.000153931163367815
5,20552,"P_university_studies","University degree",-0.946452642206845,5.5918611906236e-05
5,20553,"P_university_studies","University degree",1.9360080458529,-0.000186091521754861
5,20554,"P_university_studies","University degree",-0.871675231307106,8.34845122881234e-05
5,20555,"P_university_studies","University degree",-0.247918849746252,5.43627756997012e-05
5,20557,"P_university_studies","University degree",1.33711685717397,-7.71066552260891e-05
5,20558,"P_university_studies","University degree",-0.28098996542303,7.86642849561758e-05
5,20559,"P_university_studies","University degree",-0.238130763335514,3.86755855288357e-05
5,20560,"P_university_studies","University degree",-0.862795543097894,0.000102350997622125
5,20561,"P_university_studies","University degree",-0.964236435161748,-2.36839532590238e-05
5,20562,"P_university_studies","University degree",-0.61440227684166,0.000105325860204175
5,20564,"P_university_studies","University degree",-0.777584562453116,0.000133598470711149
5,20565,"P_university_studies","University degree",0.83717950461964,-0.000106900406535715
5,20566,"P_university_studies","University degree",-0.693265287683568,0.000119937030831352
5,20567,"P_university_studies","University degree",-0.889497529917409,9.52426707954146e-05
5,20568,"P_university_studies","University degree",-0.885891389278887,0.000103660007880535
5,20569,"P_university_studies","University degree",-0.825934869387553,0.000141998549224809
5,20570,"P_university_studies","University degree",0.392641842103066,-9.62916019489057e-05
5,21003,"P_university_studies","University degree",0.707563465772889,-9.26769862417132e-05
5,21009,"P_university_studies","University degree",-0.463673348136506,7.16102222213522e-05
5,21010,"P_university_studies","University degree",-0.624471514875339,0.000108170024759602
5,21011,"P_university_studies","University degree",-0.751770695582765,0.000124350495752878
5,21013,"P_university_studies","University degree",-0.524418757596,0.000113631242129486
5,21018,"P_university_studies","University degree",-0.665478253304072,0.000113773116027005
5,21024,"P_university_studies","University degree",-0.826978732163036,0.000105693652585614
5,21027,"P_university_studies","University degree",-0.920707896152032,0.000114861097245011
5,21032,"P_university_studies","University degree",-0.851736860284746,0.000109689281089231
5,21035,"P_university_studies","University degree",0.161606300212657,-0.000131791588501073
5,21036,"P_university_studies","University degree",-1.01162054641915,1.12995603558375e-05
5,21037,"P_university_studies","University degree",0.747715969273223,-0.000133377514430322
5,21042,"P_university_studies","University degree",-0.785880535702257,8.0894365964923e-05
5,21047,"P_university_studies","University degree",0.522274425558845,-9.65765866567381e-05
5,21051,"P_university_studies","University degree",-0.238202782105263,4.17649025621358e-05
5,21055,"P_university_studies","University degree",-0.487468438897392,0.000111659654066898
5,21056,"P_university_studies","University degree",-0.965760165045066,-0.000103857571957633
5,21059,"P_university_studies","University degree",0.0651210451909609,-0.000129391148220748
5,21066,"P_university_studies","University degree",-0.858902873597803,6.96510905981995e-05
5,21073,"P_university_studies","University degree",-0.510730717600923,0.00010557704808889
5,21081,"P_university_studies","University degree",-0.968981813866172,-0.00010421201295685
5,21082,"P_university_studies","University degree",0.993095501237935,-8.54554236866534e-05
5,21085,"P_university_studies","University degree",0.787035205719846,-8.43991292640567e-05
5,21087,"P_university_studies","University degree",-0.89446589498903,8.83023603819311e-05
5,21112,"P_university_studies","University degree",-0.619908596429585,8.33551603136584e-05
5,21113,"P_university_studies","University degree",-0.371947911113353,0.000104725011624396
5,21120,"P_university_studies","University degree",-0.923131886308313,9.27954897633754e-05
5,21124,"P_university_studies","University degree",-0.386944125463291,6.79740041960031e-05
5,21127,"P_university_studies","University degree",-0.433393354766179,0.000126404513139278
5,21129,"P_university_studies","University degree",-0.75559435058524,0.000107043917523697
5,21135,"P_university_studies","University degree",-0.845303881532653,0.000127043953398243
5,21139,"P_university_studies","University degree",-0.451300611573684,9.41454563871957e-05
5,21141,"P_university_studies","University degree",-0.378745027646316,7.03325058566406e-05
5,21145,"P_university_studies","University degree",-0.923700643313356,8.47992560011335e-05
5,21147,"P_university_studies","University degree",-0.442590655456139,6.40071666566655e-05
5,21155,"P_university_studies","University degree",1.33583709886249,-0.000179265727638267
5,21156,"P_university_studies","University degree",1.18266632725522,-0.000160832598339766
5,21157,"P_university_studies","University degree",-0.282724064225723,6.06978974246886e-05
5,21160,"P_university_studies","University degree",-0.640297015890049,6.17441619397141e-05
5,21169,"P_university_studies","University degree",-0.0289632620552365,-0.00011723478382919
5,21190,"P_university_studies","University degree",-0.362234681459418,5.55943915969692e-05
5,21191,"P_university_studies","University degree",-0.479913199112158,6.88731743139215e-05
5,21196,"P_university_studies","University degree",0.147074846748102,-0.000135881768073887
5,21198,"P_university_studies","University degree",-0.954454484244102,-4.4884902308695e-05
5,21209,"P_university_studies","University degree",-0.154164819467085,-2.08429155463818e-05
5,21214,"P_university_studies","University degree",-0.354493262213813,6.94629052304663e-05
5,21217,"P_university_studies","University degree",-0.980070091985138,1.20082277135225e-05
5,22002,"P_university_studies","University degree",-0.69253700180638,7.46755104046315e-05
5,22003,"P_university_studies","University degree",-0.231083153252026,3.89833112421911e-05
5,22004,"P_university_studies","University degree",-0.282007620487011,6.56473857816309e-05
5,22005,"P_university_studies","University degree",-0.575588852789284,9.54067800194025e-05
5,22006,"P_university_studies","University degree",5.3347457269211,-0.000514778192155063
5,22007,"P_university_studies","University degree",-0.10150640623563,-8.77750862855464e-05
5,22008,"P_university_studies","University degree",0.0350115574336341,-0.000138113973662257
5,22009,"P_university_studies","University degree",0.710424362756971,-8.63472087075934e-05
5,22010,"P_university_studies","University degree",-0.482831297201104,9.10260860109702e-05
5,22011,"P_university_studies","University degree",2.61448177343249,-0.000384337443392724
5,22012,"P_university_studies","University degree",-0.144838173191539,-2.36813793890178e-05
5,22013,"P_university_studies","University degree",-0.764140771721841,9.17596116778441e-05
5,22014,"P_university_studies","University degree",3.4997026419372,-0.000232397447689436
5,22015,"P_university_studies","University degree",-0.343200750118406,5.896348375245e-05
5,22017,"P_university_studies","University degree",0.600869873391021,-8.69592186063528e-05
5,22018,"P_university_studies","University degree",-0.246541760059651,6.7063512688037e-05
5,23001,"P_university_studies","University degree",1.07101558819924,-0.00024357634538319
5,23002,"P_university_studies","University degree",0.208942914179317,-0.000143845827551559
5,23003,"P_university_studies","University degree",-0.0305140474426408,-0.000360168982297182
5,23004,"P_university_studies","University degree",2.01453268292348,-0.000296676531434059
5,23005,"P_university_studies","University degree",1.91454864126874,-0.000290011434117332
5,23006,"P_university_studies","University degree",-0.00501089435406513,-0.000149979256093502
5,23007,"P_university_studies","University degree",-0.113718629694681,-0.000102135403722059
5,23008,"P_university_studies","University degree",1.90701639751352,-0.000393372203689069
5,23009,"P_university_studies","University degree",0.505832298479473,-0.00016888054960873
5,23010,"P_university_studies","University degree",-0.0564291866032617,-0.000126642669783905
5,23011,"P_university_studies","University degree",2.18053598364483,-0.000684057828038931
5,24001,"P_university_studies","University degree",-0.66233298820169,9.4185525085777e-05
5,24002,"P_university_studies","University degree",-0.850543009604643,7.75248918216676e-05
5,24003,"P_university_studies","University degree",-0.747508894797978,8.66015179781243e-05
5,24004,"P_university_studies","University degree",-0.881255159468524,6.87015635776334e-05
5,24005,"P_university_studies","University degree",0.185855808074185,-8.95848861546256e-05
5,24006,"P_university_studies","University degree",-0.792657154607585,6.88351210555993e-05
5,24007,"P_university_studies","University degree",0.750672377711685,-8.70475560077466e-05
5,24008,"P_university_studies","University degree",0.203005053861531,-9.70440014498308e-05
5,24009,"P_university_studies","University degree",0.850076812019198,-9.21951777854702e-06
5,24010,"P_university_studies","University degree",-0.31332641545963,6.63977625663392e-05
5,24011,"P_university_studies","University degree",0.276839650774606,-8.57284394442104e-05
5,24012,"P_university_studies","University degree",0.124386076209098,-8.88539216248319e-05
5,24013,"P_university_studies","University degree",1.45852466146438,-0.000158693510456942
5,24014,"P_university_studies","University degree",-0.382833877505907,5.73188845010009e-05
5,24015,"P_university_studies","University degree",-0.292605447982304,6.94010886945762e-05
5,24016,"P_university_studies","University degree",0.122293453156776,-9.06147906789556e-05
5,24017,"P_university_studies","University degree",-0.909447053730998,7.70045953686349e-05
5,24018,"P_university_studies","University degree",-0.0299144970264573,-7.39738752599806e-05
5,24019,"P_university_studies","University degree",-0.861199933497115,8.05538511485793e-05
5,24020,"P_university_studies","University degree",1.04773407874307,-9.29954039747827e-05
5,24021,"P_university_studies","University degree",-0.329227450337389,7.01007011230104e-05
5,24022,"P_university_studies","University degree",-0.691572900991262,7.09913874743506e-05
5,24023,"P_university_studies","University degree",-0.493920923755909,9.94967558654025e-05
5,24024,"P_university_studies","University degree",0.56416926523139,-8.64693938638084e-05
5,24025,"P_university_studies","University degree",-0.437805813272246,8.79252984304912e-05
5,24026,"P_university_studies","University degree",-0.300889025497065,3.58853867510334e-05
5,24027,"P_university_studies","University degree",-0.362349349532721,8.96636556717567e-05
5,24028,"P_university_studies","University degree",3.32722378481821,-0.000210766665986739
5,24029,"P_university_studies","University degree",-0.512138385587114,8.30189164844342e-05
5,24030,"P_university_studies","University degree",-0.852942302369081,0.000102871672424953
5,24031,"P_university_studies","University degree",-1.01372204983748,1.9827359210467e-05
5,24032,"P_university_studies","University degree",-0.362091493913133,8.37836487335153e-05
5,24033,"P_university_studies","University degree",-0.853501104825757,9.41074467846192e-05
5,24034,"P_university_studies","University degree",0.0393719566060884,-0.000109672444523312
5,24035,"P_university_studies","University degree",2.04377804598508,-0.000251884805038571
5,24036,"P_university_studies","University degree",-0.402763152225476,0.000100341290817596
5,24037,"P_university_studies","University degree",0.286231365131051,-0.000112927809823304
5,24038,"P_university_studies","University degree",0.316156325000583,-8.68443166837096e-05
5,24039,"P_university_studies","University degree",-0.0635924571064994,-8.41157016111538e-05
5,24040,"P_university_studies","University degree",0.154821881175421,-0.000101614888990298
5,24041,"P_university_studies","University degree",-0.464675739770552,5.73604193050414e-05
5,24042,"P_university_studies","University degree",0.57307062111553,-9.32505936361849e-05
5,24043,"P_university_studies","University degree",-0.783226785503078,7.07887229509652e-05
5,24044,"P_university_studies","University degree",-0.693408384453879,9.40071840886958e-05
5,24045,"P_university_studies","University degree",-0.335818420134099,7.10433014319278e-05
5,24046,"P_university_studies","University degree",-0.844833964159306,7.14893467375077e-05
5,24047,"P_university_studies","University degree",-0.949817412967964,-5.83318251301534e-05
5,24048,"P_university_studies","University degree",0.110134330616874,-1.89389375009341e-05
5,24049,"P_university_studies","University degree",-0.96436448045027,-0.00011338884360157
5,24050,"P_university_studies","University degree",-0.66411227143333,9.34320851229131e-05
5,24051,"P_university_studies","University degree",-0.516272929046344,9.54584829742089e-05
5,24052,"P_university_studies","University degree",-0.717109008509326,0.000106876163044944
5,24053,"P_university_studies","University degree",0.358393405225885,-9.8224489192944e-05
5,24054,"P_university_studies","University degree",-0.373382356223976,6.13500815234147e-05
5,24055,"P_university_studies","University degree",-0.847136003946049,9.44509010878392e-05
5,24056,"P_university_studies","University degree",-0.663585137413172,7.1807109634392e-05
5,24057,"P_university_studies","University degree",-0.112899744718718,-0.000102512640296482
5,24058,"P_university_studies","University degree",-0.0361843525904366,-8.323960355483e-05
5,25001,"P_university_studies","University degree",2.55102617092342,-0.000265971146291122
5,25002,"P_university_studies","University degree",0.804352591993442,-8.11274076113477e-05
5,25003,"P_university_studies","University degree",-0.458459048256285,7.79074762249365e-05
5,25005,"P_university_studies","University degree",-0.0208824713278217,-9.63118873187341e-05
5,25006,"P_university_studies","University degree",3.36553872402302,-0.000176845729583874
5,25007,"P_university_studies","University degree",-0.256969691791445,5.37491687282454e-05
5,25008,"P_university_studies","University degree",0.316502449664729,-8.81912128534168e-05
5,25010,"P_university_studies","University degree",0.473925117022586,-8.79717845236883e-05
5,25011,"P_university_studies","University degree",1.47282118560691,-0.000169382183230482
5,25013,"P_university_studies","University degree",0.138519660916096,-0.000105470397102181
5,25015,"P_university_studies","University degree",2.3882909111852,-0.000194835243746638
5,25017,"P_university_studies","University degree",0.0110725075306804,-0.000105196573713329
5,25018,"P_university_studies","University degree",0.548470491603101,-8.8224136561621e-05
5,26001,"P_university_studies","University degree",-0.179091859533287,0.000152925989823416
5,26002,"P_university_studies","University degree",0.70609810497864,-0.000110319946543314
5,26003,"P_university_studies","University degree",0.205503610704115,-0.000115893868496642
5,26004,"P_university_studies","University degree",0.130291123350313,-0.000265373673755676
5,26005,"P_university_studies","University degree",0.181405981638262,-0.000258676329394802
5,26006,"P_university_studies","University degree",-0.0890516406512524,-0.000254164246143773
5,26007,"P_university_studies","University degree",0.0398909136365054,-8.26619652798399e-05
5,26008,"P_university_studies","University degree",-0.20960162628783,0.000171363848494366
5,26009,"P_university_studies","University degree",-0.364477852889233,9.75252551143058e-05
5,26010,"P_university_studies","University degree",-0.0105113561408556,-2.73186687991256e-05
5,26011,"P_university_studies","University degree",-0.511830554355144,0.000139829848194495
5,26012,"P_university_studies","University degree",0.0894338008000227,-8.11479476396926e-05
5,26013,"P_university_studies","University degree",0.34374279151515,-9.22832259675488e-05
5,26014,"P_university_studies","University degree",0.131544535998311,-8.6329695477616e-05
5,26015,"P_university_studies","University degree",-0.374703990730286,0.000111053202999756
5,26016,"P_university_studies","University degree",0.159924502400222,-0.000102057718322612
5,26017,"P_university_studies","University degree",1.30748650632804,-0.00018178996106144
5,26018,"P_university_studies","University degree",2.52346827545909,-0.000243302114540711
5,26019,"P_university_studies","University degree",1.50864358572855,-0.000302796543110162
5,26020,"P_university_studies","University degree",-0.249787396844606,8.78903374541551e-05
5,26021,"P_university_studies","University degree",-0.461561105782872,0.0001415344158886
5,26022,"P_university_studies","University degree",-0.61845414608222,-8.748346590437e-05
5,26023,"P_university_studies","University degree",0.344394792701951,-2.09153713512933e-05
5,26024,"P_university_studies","University degree",0.197948923689549,-0.00014789859415032
5,26025,"P_university_studies","University degree",0.664420237764989,-0.000109443608380388
5,26026,"P_university_studies","University degree",0.651527811637144,-9.82580313575454e-05
5,26027,"P_university_studies","University degree",0.935997241426166,5.44714457646478e-05
5,26028,"P_university_studies","University degree",0.418800585467915,-0.000128943080198951
5,26029,"P_university_studies","University degree",1.54034675230919,-0.000249599484959617
5,26030,"P_university_studies","University degree",3.37075631384462,-0.000260409899055958
5,26031,"P_university_studies","University degree",-0.368421702983997,0.000105948609416373
5,26032,"P_university_studies","University degree",0.344319903898478,-0.000155169909703545
5,26033,"P_university_studies","University degree",0.955678050337922,-5.9291094657965e-05
5,26034,"P_university_studies","University degree",0.779586060492212,-3.97607000195421e-05
5,26035,"P_university_studies","University degree",0.239208290967296,-9.58288728725165e-05
5,26036,"P_university_studies","University degree",1.27490725394165,-0.000294201541692019
5,26037,"P_university_studies","University degree",-0.59166428413086,5.51297234778758e-05
5,26038,"P_university_studies","University degree",1.94329655061532,-4.34669927926734e-05
5,26039,"P_university_studies","University degree",0.114317921985537,-9.81314515229315e-05
5,26040,"P_university_studies","University degree",-0.593293207138845,0.000141125274240039
5,26041,"P_university_studies","University degree",0.909708367951251,-4.44397119281348e-05
5,26042,"P_university_studies","University degree",1.9547521127279,-0.000167277466971427
5,26043,"P_university_studies","University degree",1.54093682777673,-0.000236639403738081
5,26044,"P_university_studies","University degree",-0.628453197645439,0.000212984246900305
5,26045,"P_university_studies","University degree",-0.443149801761203,0.000130374595755711
5,26046,"P_university_studies","University degree",0.971361064706901,5.18646011187229e-05
5,26047,"P_university_studies","University degree",0.859350004174531,-0.000100635894341394
5,26048,"P_university_studies","University degree",1.08926359875907,-0.000364084058674052
5,26049,"P_university_studies","University degree",-0.693582910892387,8.48392664920539e-05
5,26050,"P_university_studies","University degree",-0.133675241323857,-0.000138271760079078
5,26051,"P_university_studies","University degree",-0.481026322718241,9.65290746535175e-05
5,26052,"P_university_studies","University degree",0.00774709379357088,-0.000150700798258185
5,26053,"P_university_studies","University degree",1.1185013613959,-0.000123565827379934
5,26054,"P_university_studies","University degree",-0.491548893217208,5.21968067914713e-05
5,26055,"P_university_studies","University degree",0.758550858913317,-0.000173922424437478
5,26056,"P_university_studies","University degree",-0.798313648741036,0.000115701855975203
5,26057,"P_university_studies","University degree",-0.255401248138854,4.69761944259517e-05
5,26058,"P_university_studies","University degree",1.31386182816984,-0.000154317851411179
5,26059,"P_university_studies","University degree",-0.68697917785614,-6.9382214860525e-05
5,26060,"P_university_studies","University degree",-0.722138809109938,0.000171901847352274
5,26061,"P_university_studies","University degree",-0.748853846763782,9.47509688558057e-05
5,26062,"P_university_studies","University degree",-0.747283466144452,0.000149482963024639
5,26063,"P_university_studies","University degree",-0.520205371626994,0.000255462131462991
5,26064,"P_university_studies","University degree",-0.453194991313717,0.000100726800155826
5,26065,"P_university_studies","University degree",-0.413609085588091,0.000142138422233984
5,26066,"P_university_studies","University degree",0.550200242924318,-0.000102541242085863
5,26067,"P_university_studies","University degree",-0.349147456554895,0.000121008990390692
5,26068,"P_university_studies","University degree",-0.526787626655084,0.000190748614841141
5,26069,"P_university_studies","University degree",-0.547315628755336,0.000107957734144293
5,26070,"P_university_studies","University degree",0.307824045075251,-0.000121504352136981
5,26071,"P_university_studies","University degree",0.166088482919412,-8.14012091723271e-05
5,27002,"P_university_studies","University degree",0.507892424833281,-0.000104831102362368
5,27003,"P_university_studies","University degree",0.287240640059664,-0.000140993390232325
5,27004,"P_university_studies","University degree",2.79801623097014,-0.000273628364084288
5,27005,"P_university_studies","University degree",0.683120875213217,-8.46923503559083e-05
5,27006,"P_university_studies","University degree",0.392762019865396,-0.000102628444437869
5,27008,"P_university_studies","University degree",0.242231864136587,-0.000100239718449302
5,27010,"P_university_studies","University degree",0.845290929350083,-0.000105600265669636
5,27013,"P_university_studies","University degree",2.01538612287441,-0.000228274060646072
5,27014,"P_university_studies","University degree",1.5589981878039,-0.000183104450115934
5,27016,"P_university_studies","University degree",0.851006855889356,-8.6947919044178e-05
5,28001,"P_university_studies","University degree",-0.142292669628251,-2.11183451028774e-05
5,28002,"P_university_studies","University degree",0.328314048902783,-8.80090083228424e-05
5,28003,"P_university_studies","University degree",0.979358280883027,-0.000118884017865639
5,28004,"P_university_studies","University degree",-0.232589539285123,6.49604044156149e-05
5,28005,"P_university_studies","University degree",-0.582259480291527,7.52056366764009e-05
5,28006,"P_university_studies","University degree",-0.743083907144356,9.06225759536028e-05
5,28007,"P_university_studies","University degree",-0.129647170380375,-0.000168290716828778
5,28008,"P_university_studies","University degree",-0.900803839548304,0.000108890410047024
5,28009,"P_university_studies","University degree",3.86903797726967,-0.000972571142483503
5,28010,"P_university_studies","University degree",-0.80011319922189,6.20673890807666e-05
5,28011,"P_university_studies","University degree",-0.0243032422001558,-6.50566362310201e-05
5,28012,"P_university_studies","University degree",-0.215695737914929,4.78157562611159e-05
5,28013,"P_university_studies","University degree",-0.578319734096042,9.34811469051056e-05
5,28014,"P_university_studies","University degree",-0.167588499331392,0.00018447834008839
5,28015,"P_university_studies","University degree",0.511025194485249,-0.000200231981580146
5,28016,"P_university_studies","University degree",-0.43023927421637,0.000105610408354551
5,28017,"P_university_studies","University degree",0.599871717281416,-8.56809347169474e-05
5,28018,"P_university_studies","University degree",0.114606585595437,-8.28550982987508e-05
5,28019,"P_university_studies","University degree",-0.0931078187247303,-0.000119158947200049
5,28020,"P_university_studies","University degree",-0.637395316480876,0.000146639751619659
5,28021,"P_university_studies","University degree",1.59221058335611,-0.000159713832545094
5,28022,"P_university_studies","University degree",1.29143430056967,-0.000550642667803913
5,28023,"P_university_studies","University degree",-0.473137072322643,9.76516093942337e-05
5,28024,"P_university_studies","University degree",0.129760913262478,-7.08416482666507e-05
5,28025,"P_university_studies","University degree",0.487057246738547,-0.000238807508139871
5,28026,"P_university_studies","University degree",-0.680989033465435,0.00010565865522949
5,28027,"P_university_studies","University degree",1.37473190123774,-0.000501049449667335
5,28028,"P_university_studies","University degree",-0.676322214214794,0.000102585479908157
5,28029,"P_university_studies","University degree",0.179488074278601,-9.34301788220182e-05
5,28030,"P_university_studies","University degree",-0.0632201864860226,-8.69102150318213e-05
5,28031,"P_university_studies","University degree",-0.457762995552206,8.67442358867265e-05
5,28032,"P_university_studies","University degree",1.44847830832892,-0.000524118426255882
5,28033,"P_university_studies","University degree",0.674705869491956,-0.000319389102514833
5,28034,"P_university_studies","University degree",-0.642531186331847,0.000116570059617516
5,28035,"P_university_studies","University degree",0.260687380596579,-0.000125336155178957
5,28036,"P_university_studies","University degree",-0.901627372254155,7.65910590416752e-05
5,28037,"P_university_studies","University degree",0.132444833819518,-0.00011225497291889
5,28038,"P_university_studies","University degree",3.5864758070936,-0.000609426526352763
5,28039,"P_university_studies","University degree",0.188251438440674,-7.46669102227315e-05
5,28040,"P_university_studies","University degree",1.00488295131602,-0.000104714374174364
5,28041,"P_university_studies","University degree",3.62511550834992,-0.000377699267119169
5,28042,"P_university_studies","University degree",-0.541871018537257,0.000151757049025036
5,28043,"P_university_studies","University degree",0.846436922386333,-0.000101666359114461
5,30003,"P_university_studies","University degree",1.00291302189591,-9.59931858233176e-05
5,30012,"P_university_studies","University degree",-0.419440936897754,0.000114906630187761
5,30015,"P_university_studies","University degree",-0.0297438171510939,-0.000107553452835418
5,30032,"P_university_studies","University degree",0.159927857260173,-0.000150921943713911
5,30039,"P_university_studies","University degree",2.3910790746075,-0.000258458137977868
5,30045,"P_university_studies","University degree",0.904840861176442,-0.000105666593299247
5,30048,"P_university_studies","University degree",1.35503867252221,-0.000147873171954416
5,30054,"P_university_studies","University degree",-0.248847754102853,6.06377398071345e-05
5,30056,"P_university_studies","University degree",-0.396061768722797,8.3014958363492e-05
5,30059,"P_university_studies","University degree",-0.0524193394867945,-0.000115317081508692
5,30061,"P_university_studies","University degree",0.20541007500257,-0.000150723877595738
5,30070,"P_university_studies","University degree",-0.656755963619935,0.000113311609311495
5,30072,"P_university_studies","University degree",0.00404784575105626,-0.000139912808663212
5,30073,"P_university_studies","University degree",-0.215092828512615,4.4732205424225e-05
5,30076,"P_university_studies","University degree",-0.757088101840557,8.43283560243435e-05
5,30077,"P_university_studies","University degree",0.000272555224957446,-0.000121884935651906
5,30082,"P_university_studies","University degree",0.263372753431671,-0.000109040491224732
5,30089,"P_university_studies","University degree",1.08694951561377,-9.69196771620773e-05
5,30091,"P_university_studies","University degree",-0.304116018822432,5.25894065503962e-05
5,30094,"P_university_studies","University degree",-0.312066745183592,5.945143129793e-05
5,30097,"P_university_studies","University degree",0.936644879864622,-0.000155840170918964
5,30104,"P_university_studies","University degree",-0.383381449461619,6.76169729558751e-05
5,30108,"P_university_studies","University degree",1.77802708287089,-0.000198076784727164
5,30111,"P_university_studies","University degree",0.168506676342031,-0.000112080881081056
5,30116,"P_university_studies","University degree",0.547326373228261,-0.000115178161649965
5,30119,"P_university_studies","University degree",0.329335826021237,-0.000108336578705348
5,30120,"P_university_studies","University degree",-0.0199807166897652,-0.000141665354021825
5,30122,"P_university_studies","University degree",-0.524243455022911,9.44699786487035e-05
5,30129,"P_university_studies","University degree",0.345888593884054,-0.000130794767756015
5,30130,"P_university_studies","University degree",-0.216226276996902,5.20870380569249e-05
5,30133,"P_university_studies","University degree",-0.0203574897985714,-7.85011943662539e-05
5,30139,"P_university_studies","University degree",-0.153380544619368,-5.55025944777299e-05
5,30141,"P_university_studies","University degree",0.143549127983771,-0.000150654595927335
5,30142,"P_university_studies","University degree",-0.580041866287143,0.000106159561255481
5,30143,"P_university_studies","University degree",-0.337755059528693,4.76141358376481e-05
5,30144,"P_university_studies","University degree",-0.103008390459206,-0.000128121188026853
5,30145,"P_university_studies","University degree",1.25791366556868,-0.000175032080733217
5,30149,"P_university_studies","University degree",-0.688023359172768,0.000110288492578547
5,30161,"P_university_studies","University degree",0.0187002730557276,-9.77690651779994e-05
5,30169,"P_university_studies","University degree",-0.364431740894876,7.09864179953001e-05
5,30172,"P_university_studies","University degree",-0.284738375395102,1.26445675050491e-05
5,30176,"P_university_studies","University degree",-0.538323592761743,0.000101014164101798
5,30190,"P_university_studies","University degree",-0.0611490386910706,-0.000176326575456187
5,30199,"P_university_studies","University degree",-0.0969749600952734,-0.000174247907125391
5,30204,"P_university_studies","University degree",1.28462345348288,-0.000146658916492015
5,30205,"P_university_studies","University degree",0.557446253527577,-8.45989197841845e-05
5,30206,"P_university_studies","University degree",1.67778320736801,-0.000186465040314943
5,30207,"P_university_studies","University degree",0.206180227171763,-0.00011105971498182
5,30208,"P_university_studies","University degree",0.379716861785256,-0.000139216121169738
5,30209,"P_university_studies","University degree",-0.352979038638103,6.22174629825167e-05
5,30210,"P_university_studies","University degree",-0.465095316777146,9.62613921728916e-05
5,30212,"P_university_studies","University degree",-0.893208155077841,8.91238523763604e-05
5,31001,"P_university_studies","University degree",-0.803458831106664,0.000104111852124333
5,31002,"P_university_studies","University degree",-0.155175719560717,3.22230080200825e-05
5,31003,"P_university_studies","University degree",0.103231500372785,-0.000160557625349611
5,31004,"P_university_studies","University degree",0.248739287715116,-8.78422215464525e-05
5,31005,"P_university_studies","University degree",-0.756940696374869,9.15720738703385e-05
5,31006,"P_university_studies","University degree",-0.459966993573051,6.65837651467882e-05
5,31007,"P_university_studies","University degree",-0.433848610856886,9.16220524231903e-05
5,31008,"P_university_studies","University degree",-0.77762588491451,0.000131317603518255
5,31009,"P_university_studies","University degree",0.363741429119522,-8.77568818395957e-05
5,31010,"P_university_studies","University degree",-0.885794122409717,0.000108393818663899
5,31011,"P_university_studies","University degree",-0.692368385984118,0.000116635172162205
5,31012,"P_university_studies","University degree",-0.68946024863281,0.000115617913252208
5,31013,"P_university_studies","University degree",4.04407584761757,-0.000844258349388838
5,31014,"P_university_studies","University degree",-0.623242790679126,0.000112004308903124
5,31015,"P_university_studies","University degree",-0.59578641480083,4.95826679980382e-05
5,31016,"P_university_studies","University degree",-1.00087873227392,-1.82153926289175e-05
5,31017,"P_university_studies","University degree",-0.882802754768125,8.36458493722603e-05
5,31018,"P_university_studies","University degree",-0.293514563451568,1.12803909360082e-05
5,31019,"P_university_studies","University degree",-0.954996724624252,-1.01174500741763e-05
5,31020,"P_university_studies","University degree",0.718142442811866,-8.69856012286618e-05
5,31021,"P_university_studies","University degree",-0.330263145338267,6.91464883857407e-05
5,31022,"P_university_studies","University degree",-0.959821486780735,-1.87514397111954e-05
5,31023,"P_university_studies","University degree",0.0308774589142171,-8.63820823724382e-05
5,31024,"P_university_studies","University degree",-0.724493549301227,9.76326846284792e-05
5,31025,"P_university_studies","University degree",-0.161870811600676,6.63808350509498e-06
5,31026,"P_university_studies","University degree",0.0661568024971669,-0.000194168547750451
5,31027,"P_university_studies","University degree",1.52029365874794,-0.000179218375706114
5,31028,"P_university_studies","University degree",-0.0734520467894847,-8.83749307831749e-05
5,31029,"P_university_studies","University degree",-0.0265520255107386,-0.000149215993587859
5,31030,"P_university_studies","University degree",-0.765478707117443,0.000124409489217214
5,31031,"P_university_studies","University degree",-0.728974254972847,7.51122352085076e-05
5,31032,"P_university_studies","University degree",-0.544460042303295,0.000132929402752779
5,31033,"P_university_studies","University degree",-0.0393320075766531,-0.000112251342216041
5,31034,"P_university_studies","University degree",-0.637098303681962,0.000112304893264081
5,31035,"P_university_studies","University degree",-0.653791104350875,0.000104911508969963
5,31036,"P_university_studies","University degree",-0.686210550860856,0.000104660277429502
5,31037,"P_university_studies","University degree",-0.743440722054879,0.000110936605778988
5,31038,"P_university_studies","University degree",-0.0149239293547447,-9.70622277236544e-05
5,31039,"P_university_studies","University degree",-0.106235127136136,-8.71772281243466e-05
5,31040,"P_university_studies","University degree",-0.00877662328173482,-9.10881353775039e-05
5,31041,"P_university_studies","University degree",0.37401139511394,-9.90718035609461e-05
5,31042,"P_university_studies","University degree",-0.90719556914748,0.000114307840703987
5,31043,"P_university_studies","University degree",-0.898867306059014,8.36536564747803e-05
5,31044,"P_university_studies","University degree",-0.726286317854019,9.332770423498e-05
5,31045,"P_university_studies","University degree",-0.340791763030061,7.79234396759421e-05
5,31046,"P_university_studies","University degree",-0.650826894130032,0.000105906023236457
5,31047,"P_university_studies","University degree",-0.324724033067135,1.72042055055499e-05
5,31048,"P_university_studies","University degree",-0.171037604961354,1.41182554216357e-05
5,31049,"P_university_studies","University degree",-0.9374399802614,2.94970323011512e-05
5,31050,"P_university_studies","University degree",3.76205848458109,-0.000317548081511632
5,31051,"P_university_studies","University degree",-0.0921862728611678,-8.79473591339774e-05
5,31052,"P_university_studies","University degree",0.157982748467169,-9.09556765691377e-05
5,31053,"P_university_studies","University degree",0.0695175071823299,-0.000100899022072554
5,31054,"P_university_studies","University degree",-0.515851067098444,9.57023512455635e-05
5,31055,"P_university_studies","University degree",-0.736545988752627,0.000103546219179407
5,31056,"P_university_studies","University degree",-0.0688096235819597,-0.000136086673592217
5,31057,"P_university_studies","University degree",-0.303148621464051,3.19862301694229e-05
5,31058,"P_university_studies","University degree",-0.0628695113323123,-0.000121157347166445
5,31059,"P_university_studies","University degree",0.72912958989348,-0.000128940882859752
5,31060,"P_university_studies","University degree",-0.699368119305783,0.000114466944069136
5,31061,"P_university_studies","University degree",-0.538404894750267,0.000131735156173818
5,31062,"P_university_studies","University degree",-0.390696894332606,9.7047392046079e-05
5,31063,"P_university_studies","University degree",-0.602453957845496,9.38642406254075e-05
5,31064,"P_university_studies","University degree",-0.514631802308918,8.82213134900667e-05
5,31065,"P_university_studies","University degree",-0.359822061681626,0.000172737403772771
5,31066,"P_university_studies","University degree",-0.575457283054787,0.000118553871288896
5,31067,"P_university_studies","University degree",-0.687472090846888,9.7713760624174e-05
5,31068,"P_university_studies","University degree",-0.295066155782369,7.04968915670179e-05
5,31069,"P_university_studies","University degree",-0.730922056373806,8.08563272585161e-05
5,31070,"P_university_studies","University degree",-0.0167779174997402,-0.000128550032968633
5,31071,"P_university_studies","University degree",-0.875986722172574,7.30472893337719e-05
5,31072,"P_university_studies","University degree",-0.539960323191221,0.000118722455226816
5,31073,"P_university_studies","University degree",-0.978931578889177,4.88911391585134e-05
5,31074,"P_university_studies","University degree",-0.333537013176177,1.52494303620188e-05
5,31075,"P_university_studies","University degree",-0.476505548806606,6.12812509643845e-05
5,31076,"P_university_studies","University degree",-0.557569068020842,9.72777488641441e-05
5,31077,"P_university_studies","University degree",-0.916594912811954,7.82819115556777e-05
5,31078,"P_university_studies","University degree",-0.517976380642232,0.00010005896911025
5,31079,"P_university_studies","University degree",0.109453440663922,-0.000120472963317297
5,31080,"P_university_studies","University degree",-0.783484451180817,0.000116748262371402
5,31081,"P_university_studies","University degree",-0.87156116097984,0.000119092081149574
5,31082,"P_university_studies","University degree",0.546467306542316,-0.000118246141937561
5,31083,"P_university_studies","University degree",-0.376780626758126,8.56947299325839e-05
5,31084,"P_university_studies","University degree",-0.275156117041929,1.97473036678275e-05
5,31085,"P_university_studies","University degree",-0.689036860273146,0.000123774079838768
5,31086,"P_university_studies","University degree",-0.638848236290297,2.79963005596073e-05
5,31087,"P_university_studies","University degree",-0.753402456440265,6.93348629283719e-05
5,31088,"P_university_studies","University degree",-0.721901450017669,7.78820176492445e-05
5,31089,"P_university_studies","University degree",0.775818251006718,-9.58876116783358e-05
5,31090,"P_university_studies","University degree",-0.758007410901587,0.000104800994449761
5,31091,"P_university_studies","University degree",-0.487598700082465,0.000107012419903185
5,31092,"P_university_studies","University degree",-0.942310083504155,4.52576095995028e-05
5,31093,"P_university_studies","University degree",0.884424435402329,-8.45782851683907e-05
5,31094,"P_university_studies","University degree",-0.756359658205728,8.56767437653616e-05
5,31095,"P_university_studies","University degree",0.731765453237063,-8.67273411131464e-05
5,31096,"P_university_studies","University degree",0.2620347304235,-0.000117249925096985
5,31097,"P_university_studies","University degree",-0.598764027131515,0.000116040049761068
5,31098,"P_university_studies","University degree",-0.323712999972946,4.93022744194604e-05
5,31099,"P_university_studies","University degree",-0.814813285288506,0.0001098089851439
5,31100,"P_university_studies","University degree",-0.129043125453145,-4.96511747769546e-05
5,31101,"P_university_studies","University degree",0.439875182444299,-7.93648869148456e-05
5,31102,"P_university_studies","University degree",0.8504633842569,-9.6254916570615e-05
5,31103,"P_university_studies","University degree",-0.698030074016237,0.000115529648610391
5,31104,"P_university_studies","University degree",-0.895890575768214,8.70510921231471e-05
5,31105,"P_university_studies","University degree",0.462096423018084,-7.78689573053271e-05
5,31106,"P_university_studies","University degree",0.0308544751251997,-9.31240356294438e-05
5,32001,"P_university_studies","University degree",-0.179820516216578,8.86820052983239e-05
5,32002,"P_university_studies","University degree",-0.595892639333121,0.000100771168945357
5,32003,"P_university_studies","University degree",0.0609936320469786,-0.000214417843380943
5,32004,"P_university_studies","University degree",-0.377836550359659,0.000169747276231647
5,32005,"P_university_studies","University degree",0.44335275500721,-0.000101098041341174
5,32006,"P_university_studies","University degree",-0.165273070088428,2.91020569420652e-05
5,32008,"P_university_studies","University degree",-0.242232151420258,7.45018041925505e-05
5,32009,"P_university_studies","University degree",-0.202406938494937,4.37081034760922e-05
5,32010,"P_university_studies","University degree",0.673561526927967,-0.000135064386995509
5,32011,"P_university_studies","University degree",-0.113723830745395,-0.000288911134703085
5,32012,"P_university_studies","University degree",-0.656039590163833,9.33830669964664e-05
5,32013,"P_university_studies","University degree",0.208923653443103,-0.000107739469967782
5,32015,"P_university_studies","University degree",-0.401215611941617,0.00028487658710219
5,32016,"P_university_studies","University degree",-0.725587669919848,0.000119829252071213
5,32017,"P_university_studies","University degree",3.37556530312539,-0.000247385643888265
5,32018,"P_university_studies","University degree",-0.333502548977187,6.95281269145198e-05
5,32019,"P_university_studies","University degree",0.326469479727905,-0.000112587258627173
5,32020,"P_university_studies","University degree",1.01872023155178,-0.000141242751851678
5,32021,"P_university_studies","University degree",-0.516976882836218,9.16930948733352e-05
5,32023,"P_university_studies","University degree",1.2648203762106,-0.000168844882864505
5,32024,"P_university_studies","University degree",0.573561928196767,-0.000106609753856901
5,32025,"P_university_studies","University degree",0.0521256415599209,-0.000151379965245724
5,32028,"P_university_studies","University degree",-0.265963911084761,4.78411093354225e-05
5,32030,"P_university_studies","University degree",-0.405873576133496,0.000111511391878594
5,32031,"P_university_studies","University degree",-0.149057863414427,-8.38339747133432e-06
5,32032,"P_university_studies","University degree",1.17065151912154,-2.97999067697674e-05
5,32033,"P_university_studies","University degree",-0.0301160350939978,-0.000218690882320516
5,32034,"P_university_studies","University degree",0.475540903234145,-2.39101736951852e-05
5,32035,"P_university_studies","University degree",-0.466177161458165,8.54586323839612e-05
5,32036,"P_university_studies","University degree",0.106635853172298,-9.94845249806531e-05
5,32037,"P_university_studies","University degree",-0.663281977292781,0.000120947348477785
5,32038,"P_university_studies","University degree",-0.466508342608915,9.43749837460928e-05
5,32039,"P_university_studies","University degree",0.677978551052928,-0.000109295440779533
5,32040,"P_university_studies","University degree",-0.472725146492835,8.35783139336854e-05
5,32041,"P_university_studies","University degree",-0.713354126897977,6.40814687358215e-05
5,32042,"P_university_studies","University degree",0.173441229151206,-0.000119230251584668
5,32043,"P_university_studies","University degree",-0.486144928216739,0.00011253548291279
5,32044,"P_university_studies","University degree",0.0610297060065807,-0.000118923162517603
5,32045,"P_university_studies","University degree",0.313130065825225,-8.86988927959464e-05
5,32046,"P_university_studies","University degree",-0.63935732542214,0.000132690751343034
5,32047,"P_university_studies","University degree",0.45101573267026,-3.47245113516692e-05
5,32048,"P_university_studies","University degree",0.739669515383355,-0.000104561790067237
5,32049,"P_university_studies","University degree",0.129090115809866,-0.000137114664539695
5,32050,"P_university_studies","University degree",-0.338846074921293,5.15690589963924e-05
5,32051,"P_university_studies","University degree",-0.543022968127899,9.4768067356199e-05
5,32052,"P_university_studies","University degree",0.456504991601497,-3.37156598106958e-05
5,32053,"P_university_studies","University degree",0.18696801621832,-0.000105553219327703
5,32054,"P_university_studies","University degree",-0.339725129376483,6.02551990596112e-05
5,32055,"P_university_studies","University degree",0.0149134362383053,-0.000119892109069042
5,32056,"P_university_studies","University degree",3.82977835175496,-0.000673964445013553
5,32057,"P_university_studies","University degree",-0.393783989090287,9.01847961358726e-05
5,32058,"P_university_studies","University degree",0.31967272217266,-0.000107981584733352
5,1001,"P_disability","Disability",-0.235444454232086,0.000111496403405908
5,1002,"P_disability","Disability",-0.707594367345427,1.94278509297874e-05
5,1003,"P_disability","Disability",0.0330490328539231,5.38476524525322e-05
5,1004,"P_disability","Disability",-0.452319264427179,5.5001877626637e-05
5,1005,"P_disability","Disability",-0.960432594524462,2.96760972560151e-05
5,1006,"P_disability","Disability",-0.187210968181056,4.10415850637946e-05
5,1007,"P_disability","Disability",-0.232296337103025,5.0852177082561e-05
5,1008,"P_disability","Disability",-0.175516919170517,3.88273219869006e-05
5,1009,"P_disability","Disability",-0.813843835326088,2.054011929431e-05
5,1010,"P_disability","Disability",-0.145948288558727,4.45444202341605e-05
5,1011,"P_disability","Disability",-1.12433611441256,-2.55927043326665e-05
5,2001,"P_disability","Disability",-0.605127332202205,0.000140374919283204
5,2002,"P_disability","Disability",-0.751751259886218,0.000235431580222212
5,2003,"P_disability","Disability",-0.821266453735862,0.000101455028925557
5,2004,"P_disability","Disability",-0.952051145749912,-0.000168929080246016
5,2005,"P_disability","Disability",-0.792706300931012,8.86979760252871e-05
5,3001,"P_disability","Disability",-0.000426245423234168,9.93701905827038e-05
5,3002,"P_disability","Disability",-0.235173711081139,0.000101096258731559
5,3003,"P_disability","Disability",-0.0607981343768115,9.49860987020656e-05
5,3008,"P_disability","Disability",-1.02572056611117,-6.90972519805655e-05
5,4001,"P_disability","Disability",-0.357715654857553,3.58756187779363e-05
5,4002,"P_disability","Disability",0.38028673437838,8.72357268235646e-05
5,4003,"P_disability","Disability",-0.325750190578231,6.64246545056812e-05
5,4004,"P_disability","Disability",-0.487416412042652,3.8110047171358e-05
5,4005,"P_disability","Disability",-0.619239761971463,1.99692221940495e-05
5,4006,"P_disability","Disability",-0.861504962840529,1.33091443785815e-05
5,4007,"P_disability","Disability",-0.692305914422922,2.4620156182209e-05
5,4008,"P_disability","Disability",0.17724217889142,2.04779898922425e-05
5,4009,"P_disability","Disability",-0.386827140735128,3.49134570569731e-05
5,4010,"P_disability","Disability",-0.61757401516573,1.9093165974482e-05
5,5001,"P_disability","Disability",0.265600462666488,0.000109532491478603
5,5003,"P_disability","Disability",-1.11187072207802,5.88032562518492e-05
5,5004,"P_disability","Disability",-0.830877452392533,3.35633230861276e-05
5,5005,"P_disability","Disability",-0.226250409683888,3.72455106116831e-05
5,5006,"P_disability","Disability",-0.75683257008469,1.90820646821521e-05
5,5007,"P_disability","Disability",-0.00806428241333097,4.52106251032092e-05
5,5008,"P_disability","Disability",-0.785126969804525,3.08843264065217e-05
5,5009,"P_disability","Disability",-0.532261651766875,4.88893565488979e-05
5,5010,"P_disability","Disability",-1.0830490769887,9.68652602750808e-06
5,5012,"P_disability","Disability",0.452894643133202,4.67370555270463e-05
5,5013,"P_disability","Disability",-0.623645630620483,8.73242388479412e-05
5,5014,"P_disability","Disability",-0.646710962871602,3.94857925130054e-05
5,5015,"P_disability","Disability",1.18320201476826,-7.16397480573505e-05
5,5016,"P_disability","Disability",-0.783702133793467,2.88756782538258e-05
5,5018,"P_disability","Disability",-0.448860453233663,9.80975237325765e-05
5,5019,"P_disability","Disability",-0.254525770850415,0.000170060666278005
5,5021,"P_disability","Disability",0.807897427443401,5.62307504878845e-05
5,5022,"P_disability","Disability",-1.06040024811953,-4.66851925011724e-05
5,5025,"P_disability","Disability",-1.1622045852883,-0.000214259416679852
5,5026,"P_disability","Disability",0.928620502316529,4.66920173494145e-05
5,5027,"P_disability","Disability",-1.47360444190066,-0.0024520568549633
5,5028,"P_disability","Disability",-1.12425058778862,-5.29622193425894e-05
5,5029,"P_disability","Disability",-1.02570587782846,9.46982254390605e-06
5,5030,"P_disability","Disability",-1.22826541443755,-0.00047892375732772
5,5033,"P_disability","Disability",-0.386005874806329,5.08530865772627e-05
5,5034,"P_disability","Disability",-0.245748150342793,4.4184474973008e-05
5,5037,"P_disability","Disability",0.223320324469033,5.31362675246783e-05
5,6001,"P_disability","Disability",0.187401227238462,4.80880007671658e-05
5,6002,"P_disability","Disability",-0.000321881131599085,0.000106089450127911
5,6003,"P_disability","Disability",0.628300197468454,7.16816939529963e-05
5,6004,"P_disability","Disability",0.573140150465066,6.30882859695703e-05
5,6005,"P_disability","Disability",0.150425736764079,6.22582228970714e-05
5,6006,"P_disability","Disability",0.414797167733084,5.3441781346919e-05
5,6007,"P_disability","Disability",-0.540076385371011,0.000119093943794724
5,6008,"P_disability","Disability",-0.803628162560393,3.32218332914636e-05
5,6009,"P_disability","Disability",-0.128048496658215,4.09726198995486e-05
5,6010,"P_disability","Disability",-0.49116946662657,0.00011986744357273
5,7001,"P_disability","Disability",-0.741792396575869,2.2600581360166e-05
5,7003,"P_disability","Disability",-0.374513960604524,1.95780085050501e-05
5,7006,"P_disability","Disability",-1.20205417817524,-0.000112698464363348
5,7008,"P_disability","Disability",-1.30408545361646,-0.000186259101610631
5,7009,"P_disability","Disability",-0.215938446877352,4.43132157670334e-05
5,7010,"P_disability","Disability",-1.1417502510161,6.63103310216684e-06
5,7011,"P_disability","Disability",-1.13099943925835,5.61250362807186e-06
5,7012,"P_disability","Disability",-0.845807976123782,1.77813453774434e-05
5,7013,"P_disability","Disability",-1.57800097483105,-0.00155121379066259
5,7015,"P_disability","Disability",-1.14179210274633,-1.1123293916171e-05
5,7017,"P_disability","Disability",-0.783171967986206,1.54415556608001e-05
5,7018,"P_disability","Disability",-0.767679757977104,1.20151971714222e-05
5,7019,"P_disability","Disability",-1.21220602840283,-0.000237900007050484
5,7020,"P_disability","Disability",-0.671227686860153,1.68274873431074e-05
5,7021,"P_disability","Disability",-0.482653372165705,1.7971276975004e-05
5,7025,"P_disability","Disability",-0.399128519258519,2.37573367485311e-05
5,7027,"P_disability","Disability",-1.30893159767329,-0.000352209579432383
5,7029,"P_disability","Disability",-0.244649255444734,2.02860828721896e-05
5,7030,"P_disability","Disability",-1.23485569795293,-0.000147841317811981
5,7032,"P_disability","Disability",-0.786894194226404,1.43101487992681e-05
5,7033,"P_disability","Disability",-0.987410984211023,5.91306525166146e-06
5,7034,"P_disability","Disability",-0.574784866609679,1.31346268972266e-05
5,7035,"P_disability","Disability",-1.08537084527674,1.6153337128344e-05
5,7036,"P_disability","Disability",-1.64218010076102,-0.00148578349035233
5,7037,"P_disability","Disability",-0.908985414855479,1.58791444846429e-05
5,7040,"P_disability","Disability",-0.720268945742217,3.26468725688756e-05
5,7041,"P_disability","Disability",-1.72610082086546,-0.00111744005698711
5,7042,"P_disability","Disability",-0.211101317350994,3.09541683236603e-05
5,7043,"P_disability","Disability",-0.765994467871884,2.06709737540223e-05
5,7045,"P_disability","Disability",-0.602193477295157,1.79860162461409e-05
5,7046,"P_disability","Disability",-0.400904356439661,2.28669996431563e-05
5,7048,"P_disability","Disability",-0.191927343513842,2.22098860831466e-05
5,7051,"P_disability","Disability",-0.767195225276155,1.43136021506507e-05
5,7052,"P_disability","Disability",-1.83765619083813,-0.00125682272482663
5,7053,"P_disability","Disability",-1.26891388548117,-0.000189150116057135
5,7054,"P_disability","Disability",-0.734453603170792,1.1400051334931e-05
5,7055,"P_disability","Disability",0.0259576646766842,1.58927341544768e-05
5,7057,"P_disability","Disability",-1.6672063731102,-0.0017137338872999
5,7058,"P_disability","Disability",-0.662593226887479,2.01738130272133e-05
5,7060,"P_disability","Disability",-2.04658579543662,-0.00123155256733298
5,7061,"P_disability","Disability",-1.04654292956261,1.24917978610029e-05
5,7062,"P_disability","Disability",0.217035945837785,1.66616209753556e-05
5,7063,"P_disability","Disability",-0.628561019438624,2.06327240448445e-05
5,7067,"P_disability","Disability",-0.639968301717087,2.05802680284251e-05
5,7068,"P_disability","Disability",-0.5682527572019,3.09873794321902e-05
5,7069,"P_disability","Disability",-0.214448277465864,1.98450252355542e-05
5,7070,"P_disability","Disability",-1.79827937935073,-0.0011303216451779
5,7071,"P_disability","Disability",-0.478614484376929,2.11497499549296e-05
5,7073,"P_disability","Disability",-0.133921863343399,1.91939325304702e-05
5,7074,"P_disability","Disability",-0.0960650978523524,3.39366633852478e-05
5,7075,"P_disability","Disability",-1.39010677438649,3.95274946640711e-06
5,7079,"P_disability","Disability",-0.68920360934029,2.39458622672828e-05
5,7080,"P_disability","Disability",-1.78972239808577,-0.00116220198106021
5,7083,"P_disability","Disability",-0.502206884745531,1.82890689757187e-05
5,7084,"P_disability","Disability",-1.90938589019189,-0.0012684561079368
5,7085,"P_disability","Disability",-0.398725990086915,2.26173506234773e-05
5,7086,"P_disability","Disability",-1.55783137986562,-0.00207233522087336
5,7087,"P_disability","Disability",-1.05055880328885,2.38158645515796e-05
5,7088,"P_disability","Disability",0.924523914780279,2.57865394814871e-05
5,7089,"P_disability","Disability",-0.977128632617784,3.32600902765989e-05
5,7090,"P_disability","Disability",0.428333729376083,2.01782149815699e-05
5,7091,"P_disability","Disability",-0.489208676264247,2.23494535021018e-05
5,7092,"P_disability","Disability",-0.882839792220582,1.20620234156377e-05
5,7097,"P_disability","Disability",-0.464462792444805,3.38978934451006e-05
5,7099,"P_disability","Disability",-1.3985422546361,-3.08303460769821e-05
5,7101,"P_disability","Disability",-1.02315294591783,4.12079571106005e-05
5,7102,"P_disability","Disability",-1.08285010401808,2.5918230676325e-05
5,7103,"P_disability","Disability",-0.736729172834226,1.26783934319974e-05
5,7104,"P_disability","Disability",-0.345945036357664,2.3767635866534e-05
5,7105,"P_disability","Disability",-1.19275310549101,-9.58976816036738e-05
5,7106,"P_disability","Disability",-0.888599913444691,1.27820385387167e-05
5,7107,"P_disability","Disability",-0.555242115758646,2.90378993668128e-05
5,7108,"P_disability","Disability",-0.703369761659684,2.54328842856921e-05
5,7114,"P_disability","Disability",-1.46507628755109,-0.000277982820989564
5,7115,"P_disability","Disability",-1.79568649011175,-0.00120472896378487
5,7116,"P_disability","Disability",-1.37045368331913,-4.98384906677529e-05
5,7117,"P_disability","Disability",-1.60488048625989,-0.00146472966298461
5,7120,"P_disability","Disability",-1.65859091877261,-0.00122262025251985
5,7121,"P_disability","Disability",-0.962242644718538,7.1172280513565e-06
5,7122,"P_disability","Disability",-0.311248854719935,2.15738655242603e-05
5,7124,"P_disability","Disability",-0.8535975990274,1.12911320684361e-05
5,8001,"P_disability","Disability",-0.619728579106558,0.000120901437185239
5,8002,"P_disability","Disability",-0.186009285690138,8.22382207843475e-05
5,8004,"P_disability","Disability",-1.45282859612743,-0.00148762296885252
5,8005,"P_disability","Disability",-1.17835726496095,-7.58964306442067e-05
5,8006,"P_disability","Disability",1.02289411761067,-1.87802324944641e-05
5,8008,"P_disability","Disability",-0.819376256938193,1.24521657198784e-05
5,8009,"P_disability","Disability",-0.857811799176473,1.22151477626176e-05
5,8010,"P_disability","Disability",-0.208268561922486,0.000111947098048404
5,8011,"P_disability","Disability",-1.368140345474,-0.000637451244983822
5,8012,"P_disability","Disability",-0.636517298052303,2.3816781322239e-05
5,8013,"P_disability","Disability",0.775640103391098,0.000171163905179128
5,8015,"P_disability","Disability",-1.03265201753071,5.56577379029477e-06
5,8016,"P_disability","Disability",-0.0562607261718258,9.96188100543804e-05
5,8017,"P_disability","Disability",-0.625561061351015,0.000186274133739062
5,8018,"P_disability","Disability",-0.250831734431255,7.15497371857055e-05
5,8019,"P_disability","Disability",-0.713138359293085,9.59891694947146e-05
5,8020,"P_disability","Disability",0.42522324200334,2.3048876755638e-05
5,8021,"P_disability","Disability",-0.669527034914616,5.50179101992399e-05
5,8022,"P_disability","Disability",1.25166293226945,-1.65765632118564e-05
5,8023,"P_disability","Disability",-0.630334437551946,6.39850914012641e-05
5,8024,"P_disability","Disability",0.496750241030073,0.000189441358088516
5,8025,"P_disability","Disability",1.86924787128941,0.000104014892713167
5,8026,"P_disability","Disability",1.08501704703414,-2.14038736885414e-05
5,8027,"P_disability","Disability",-1.06410474915936,5.75275271330611e-06
5,8028,"P_disability","Disability",0.519956873514159,5.44163813174237e-05
5,8030,"P_disability","Disability",-0.122039108473544,1.82020667125471e-05
5,8031,"P_disability","Disability",0.448432828687487,5.28260134160519e-05
5,8034,"P_disability","Disability",1.29042773782972,6.48971254122443e-05
5,8035,"P_disability","Disability",-1.27677695486265,-0.000213014136534184
5,8037,"P_disability","Disability",-0.696489586712622,0.000106295985460747
5,8038,"P_disability","Disability",0.411281642650858,8.64890025695786e-05
5,8040,"P_disability","Disability",1.00364186253625,-4.34309476986527e-05
5,8041,"P_disability","Disability",-1.10759160042841,2.08477740670787e-06
5,8043,"P_disability","Disability",-0.384208524296287,8.19218912511133e-05
5,8045,"P_disability","Disability",-0.326310492602341,0.000142528733704239
5,8046,"P_disability","Disability",-0.42586110093076,2.10167600016575e-05
5,8047,"P_disability","Disability",0.0752330852723705,1.78124792000744e-05
5,8048,"P_disability","Disability",0.40098030652397,8.2215090515092e-05
5,8050,"P_disability","Disability",-0.147473339476419,0.000160085794050246
5,8051,"P_disability","Disability",-0.0605659916479162,2.441399556119e-05
5,8052,"P_disability","Disability",-0.892163240860131,8.02103386376984e-05
5,8053,"P_disability","Disability",0.0599755366587297,4.93454535899218e-05
5,8054,"P_disability","Disability",-1.29495271293982,-0.000849031785037369
5,8055,"P_disability","Disability",0.602488897434157,9.1692345449701e-05
5,8057,"P_disability","Disability",2.47339131988867,0.0001715419057291
5,8061,"P_disability","Disability",0.515663016314646,5.46424271306023e-05
5,8062,"P_disability","Disability",-0.114227342574384,8.22806832729839e-05
5,8063,"P_disability","Disability",0.24192522652818,2.91709366138093e-05
5,8065,"P_disability","Disability",-1.11570628831369,4.49206572739058e-06
5,8066,"P_disability","Disability",-0.403666737758378,1.95121356227901e-05
5,10001,"P_disability","Disability",0.0108080372115516,4.05107857659459e-05
5,10002,"P_disability","Disability",-0.561769991375709,3.0212861020118e-05
5,10003,"P_disability","Disability",0.53827990099653,3.1840791052673e-05
5,10011,"P_disability","Disability",1.21325735237225,-4.88989680889063e-05
5,10013,"P_disability","Disability",0.0848335906104253,4.53323300462216e-05
5,10018,"P_disability","Disability",1.14733437126218,-3.62863029295113e-05
5,10019,"P_disability","Disability",0.38810466189481,2.0195808247081e-05
5,10020,"P_disability","Disability",0.704269393364383,4.79601294500753e-05
5,10022,"P_disability","Disability",0.758216899925543,5.08100856677629e-05
5,10024,"P_disability","Disability",0.327723275610066,3.15086472255643e-05
5,10026,"P_disability","Disability",-0.807433295471098,5.59274303668644e-06
5,10028,"P_disability","Disability",-0.1657434395105,3.67930733773392e-05
5,10029,"P_disability","Disability",-0.364556235083227,3.02281187032349e-05
5,10030,"P_disability","Disability",1.57737899430693,5.39437751285732e-05
5,10032,"P_disability","Disability",0.100252246102355,4.92253311676905e-05
5,10033,"P_disability","Disability",0.992241244933127,2.22436574404128e-05
5,10034,"P_disability","Disability",-0.162111655683136,3.07743284793105e-05
5,10035,"P_disability","Disability",1.2783609633059,2.94417295663152e-05
5,10036,"P_disability","Disability",-0.319803807884343,4.06565122830216e-05
5,10037,"P_disability","Disability",-0.275437587479699,3.85444873245433e-05
5,10038,"P_disability","Disability",-0.321299718572636,4.19864518335089e-05
5,10039,"P_disability","Disability",-0.086980510636694,4.01879005949013e-05
5,11001,"P_disability","Disability",-0.0635584798296579,4.06752988055814e-05
5,11003,"P_disability","Disability",-1.30707895973114,-0.000321318075293675
5,11004,"P_disability","Disability",-0.291021176805083,4.86771568830591e-05
5,11005,"P_disability","Disability",-0.781345521137735,4.03252779506147e-05
5,11006,"P_disability","Disability",1.79049958343111,4.20749602199066e-05
5,11007,"P_disability","Disability",-0.911099479245645,2.42137430177536e-05
5,11008,"P_disability","Disability",0.280393965534572,4.19023926951922e-05
5,11009,"P_disability","Disability",-0.83220473227701,3.48037538060453e-05
5,11011,"P_disability","Disability",-0.921149664476388,4.66528181277681e-05
5,11012,"P_disability","Disability",0.215671871813579,4.2970284994226e-05
5,11013,"P_disability","Disability",-1.30514399414169,-0.000220699832425453
5,11014,"P_disability","Disability",-0.301967164964332,4.89824742544442e-05
5,11015,"P_disability","Disability",-0.834317696016638,2.34107574215159e-05
5,11016,"P_disability","Disability",-0.00980598592291407,3.42812381859403e-05
5,11017,"P_disability","Disability",-1.29580137696404,-0.000440991978393868
5,11020,"P_disability","Disability",-0.763169032107068,4.96496722917072e-05
5,11022,"P_disability","Disability",-0.33065414579808,4.13984125771094e-05
5,11023,"P_disability","Disability",0.18599031479432,3.66416970791761e-05
5,11024,"P_disability","Disability",-0.835620516812725,3.61325910489541e-05
5,11025,"P_disability","Disability",-0.482190898054581,4.71058483526576e-05
5,11026,"P_disability","Disability",-0.852052351509978,2.51509809459094e-05
5,11027,"P_disability","Disability",-0.513702288279637,5.57160601601936e-05
5,11029,"P_disability","Disability",-0.201695402638776,4.13677007600199e-05
5,11030,"P_disability","Disability",-0.28379554276725,4.26356673415285e-05
5,11031,"P_disability","Disability",-0.39252517311453,4.68817488581408e-05
5,11032,"P_disability","Disability",-1.20606258705997,-0.000129297201056033
5,11033,"P_disability","Disability",-0.91339998911005,3.23024178214837e-05
5,11034,"P_disability","Disability",0.335080717614042,3.99627751903608e-05
5,11035,"P_disability","Disability",-1.11406196030246,2.36940704780864e-05
5,11037,"P_disability","Disability",-0.811915482080433,3.18410202453379e-05
5,11040,"P_disability","Disability",-0.761218221876608,2.23912156798178e-05
5,11042,"P_disability","Disability",-0.701866240952034,4.31765765824821e-05
5,11043,"P_disability","Disability",-0.512832212213376,3.47690256603528e-05
5,11044,"P_disability","Disability",-0.636094347761765,4.11159817303997e-05
5,11045,"P_disability","Disability",-0.133687487239257,3.17853009619284e-05
5,12001,"P_disability","Disability",0.140311838722652,6.19128113612533e-05
5,12002,"P_disability","Disability",0.291509094308162,2.01407910935814e-05
5,12003,"P_disability","Disability",-0.035675076862859,1.8062590243062e-05
5,12004,"P_disability","Disability",-1.04988576899042,6.76654462949955e-06
5,12005,"P_disability","Disability",0.787908464086494,2.62202465819428e-05
5,12006,"P_disability","Disability",-0.569230028527512,2.53139478445519e-05
5,12007,"P_disability","Disability",-0.0814891574697772,2.72368670266587e-05
5,12008,"P_disability","Disability",0.623320839246253,1.89667007362004e-05
5,12009,"P_disability","Disability",-0.727069826583417,1.48732224261039e-05
5,12010,"P_disability","Disability",-1.11234844154957,6.87928150000516e-06
5,12011,"P_disability","Disability",0.404712156703909,3.66140811820515e-05
5,12012,"P_disability","Disability",-0.819601577997119,1.47854107126477e-05
5,12013,"P_disability","Disability",1.04350261385885,1.73926237039268e-05
5,12014,"P_disability","Disability",1.24949036627751,5.5486882047262e-05
5,12015,"P_disability","Disability",0.898498755983291,4.05415303248446e-05
5,12016,"P_disability","Disability",-0.154133708434039,2.56697894656099e-05
5,12017,"P_disability","Disability",0.0486015608758099,3.00216888717841e-05
5,12018,"P_disability","Disability",0.761989296923346,3.48449902958237e-05
5,12019,"P_disability","Disability",-1.00680750047093,1.32722707348876e-05
5,12020,"P_disability","Disability",-0.879201865345206,1.3607855180453e-05
5,12021,"P_disability","Disability",-0.473408783786637,3.4607139241416e-05
5,12022,"P_disability","Disability",0.235186885258211,2.44531947828364e-05
5,12023,"P_disability","Disability",0.31782544438486,2.28999670071062e-05
5,12024,"P_disability","Disability",0.137822717533334,1.96234068425838e-05
5,12025,"P_disability","Disability",0.144849140576435,2.10572616197169e-05
5,12026,"P_disability","Disability",1.02624506167534,1.70469938893802e-05
5,12028,"P_disability","Disability",-0.847914484514249,2.24133054871345e-05
5,12029,"P_disability","Disability",-0.284723235863384,3.62733881047461e-05
5,12030,"P_disability","Disability",-0.706364135465121,1.95682714547729e-05
5,12031,"P_disability","Disability",0.274391333183412,1.72253385244403e-05
5,12032,"P_disability","Disability",-0.670800524724385,1.85621665877989e-05
5,12033,"P_disability","Disability",0.706096574542584,2.9976807127241e-05
5,12034,"P_disability","Disability",0.636456352193907,2.96178041025996e-05
5,12035,"P_disability","Disability",-0.42996231052402,4.96106804348528e-05
5,12036,"P_disability","Disability",-0.191715210003988,2.18060486076865e-05
5,12037,"P_disability","Disability",0.559740616437689,2.46691015490796e-05
5,12038,"P_disability","Disability",0.0171797048580831,0.000114385889901314
5,12039,"P_disability","Disability",0.44269691333462,2.82233449979685e-05
5,12040,"P_disability","Disability",-0.143903755909307,2.04295065486804e-05
5,12041,"P_disability","Disability",-0.159745571017952,2.31540179811418e-05
5,12042,"P_disability","Disability",-0.527232289910386,2.59573862422258e-05
5,12043,"P_disability","Disability",-1.41292103339473,-0.000114891590783373
5,12044,"P_disability","Disability",0.132053777600015,3.06296569760889e-05
5,12045,"P_disability","Disability",-0.0512754443564738,2.68123385467334e-05
5,12047,"P_disability","Disability",-0.197640258309093,1.94923231902067e-05
5,12048,"P_disability","Disability",0.284506367325777,3.6928518966306e-05
5,12050,"P_disability","Disability",-0.384166101983413,4.93840125272982e-05
5,12051,"P_disability","Disability",-0.430245094994415,1.98584948520875e-05
5,12052,"P_disability","Disability",-0.572965764746616,1.8624001313583e-05
5,12053,"P_disability","Disability",0.125624638101442,1.92957595572807e-05
5,12054,"P_disability","Disability",-0.141947803682626,1.78355767275207e-05
5,12055,"P_disability","Disability",0.741954732534299,4.39031646237709e-05
5,12056,"P_disability","Disability",-0.663682472524082,2.06660915864632e-05
5,12057,"P_disability","Disability",0.531635575877412,3.96972391172312e-05
5,12058,"P_disability","Disability",-0.101369225636214,2.92341592285084e-05
5,12059,"P_disability","Disability",0.845912619087196,2.75501079158857e-05
5,12061,"P_disability","Disability",-0.325615811613978,3.48962676071096e-05
5,12062,"P_disability","Disability",-0.930404536847896,5.81954009248875e-06
5,12063,"P_disability","Disability",0.465344889706058,1.85992648766842e-05
5,12064,"P_disability","Disability",0.495619498167244,3.20369726978242e-05
5,12065,"P_disability","Disability",0.947642471587808,1.77398324012756e-05
5,12066,"P_disability","Disability",-0.0852103286385245,3.02717144222697e-05
5,12067,"P_disability","Disability",-0.0514115705190486,2.24091818381567e-05
5,12068,"P_disability","Disability",0.885194608855593,2.85488022200298e-05
5,12069,"P_disability","Disability",-0.326483206954698,2.14359315577894e-05
5,12070,"P_disability","Disability",0.77663816553268,2.1739591829828e-05
5,12071,"P_disability","Disability",0.165593558725358,1.85201533895452e-05
5,12072,"P_disability","Disability",0.638991447488629,1.98274410649901e-05
5,12073,"P_disability","Disability",0.704650150925596,2.41548113990575e-05
5,12074,"P_disability","Disability",0.0875327621765258,2.0136791135883e-05
5,12075,"P_disability","Disability",-0.115121015102616,3.24558241118211e-05
5,12076,"P_disability","Disability",-0.512337133862266,2.07996108656516e-05
5,12077,"P_disability","Disability",0.879284164427474,2.57813298958354e-05
5,12078,"P_disability","Disability",-2.05594006144714,-0.00123125873506069
5,12079,"P_disability","Disability",-1.03442449874059,6.95410926709883e-06
5,12080,"P_disability","Disability",0.690815375447313,1.74033993971534e-05
5,12081,"P_disability","Disability",0.185470368831156,2.31540179811418e-05
5,13006,"P_disability","Disability",0.807524411574462,3.40455080731772e-05
5,13012,"P_disability","Disability",0.434546243292594,4.87184515804984e-05
5,13014,"P_disability","Disability",1.042128031323,2.57102510659024e-05
5,13015,"P_disability","Disability",0.849256824199494,3.05901776300743e-05
5,13018,"P_disability","Disability",-0.0188273397523555,2.06139848160092e-05
5,13020,"P_disability","Disability",1.07436025649159,4.85550735902507e-05
5,13026,"P_disability","Disability",0.818559598006291,2.75906841125106e-05
5,13028,"P_disability","Disability",-0.373766779260793,2.8318789190962e-05
5,13029,"P_disability","Disability",0.643719575473314,4.94793712277897e-05
5,13030,"P_disability","Disability",0.253865470131219,3.77281321561895e-05
5,13031,"P_disability","Disability",-0.00428259065807991,4.90843558509368e-05
5,13032,"P_disability","Disability",-0.184950189775298,2.2154301404953e-05
5,13033,"P_disability","Disability",1.20632630272391,4.2040235712193e-05
5,13034,"P_disability","Disability",1.14889203992477,1.99309906747658e-05
5,13036,"P_disability","Disability",-0.411592783932692,4.91586106363684e-05
5,13037,"P_disability","Disability",0.171903198299297,4.87038269056939e-05
5,13040,"P_disability","Disability",0.612083217521341,2.50955054070801e-05
5,13042,"P_disability","Disability",0.957790607963883,3.55925294570625e-05
5,13043,"P_disability","Disability",0.567791235320169,2.99601706501562e-05
5,13046,"P_disability","Disability",0.578631962799079,1.78440932359081e-05
5,13047,"P_disability","Disability",0.645282838546764,3.3065676689148e-05
5,13049,"P_disability","Disability",0.311391698022307,1.84733271453297e-05
5,13055,"P_disability","Disability",0.347198059602328,3.83432561648078e-05
5,13058,"P_disability","Disability",0.440528832662428,4.30560976383276e-05
5,13059,"P_disability","Disability",-0.102290434685242,3.54499097738881e-05
5,13062,"P_disability","Disability",-0.533625109629354,1.98737434402574e-05
5,13068,"P_disability","Disability",-0.0244780542873545,1.76131616171915e-05
5,13071,"P_disability","Disability",1.15908182039302,2.54079313890543e-05
5,13073,"P_disability","Disability",0.553639025136948,1.90580612979829e-05
5,13079,"P_disability","Disability",1.15652283152821,3.53784125763923e-05
5,13080,"P_disability","Disability",0.229472187814238,1.75358181877527e-05
5,13081,"P_disability","Disability",-0.620331706902865,3.37243473040871e-05
5,13084,"P_disability","Disability",-0.269124445068544,5.05247953697108e-05
5,14001,"P_disability","Disability",-0.90726901617956,3.77704054699279e-05
5,14002,"P_disability","Disability",-0.868672483542879,2.45241499214899e-05
5,14003,"P_disability","Disability",-0.301488415743044,4.72992505820002e-05
5,14004,"P_disability","Disability",-0.682296696350507,5.12065817019902e-05
5,14005,"P_disability","Disability",-0.348549162023179,4.71128769277129e-05
5,14006,"P_disability","Disability",-0.172877930568055,6.81044257362373e-05
5,14007,"P_disability","Disability",-0.796617773227108,1.85661956493277e-05
5,14008,"P_disability","Disability",-1.16222665400681,6.15321259829216e-05
5,14009,"P_disability","Disability",-0.934899715185041,4.24042300437577e-05
5,14010,"P_disability","Disability",-1.14248866767027,1.59580595209263e-05
5,14011,"P_disability","Disability",-0.687734824961014,3.55832744389772e-05
5,14012,"P_disability","Disability",-0.0325696588974203,3.79870507458691e-05
5,14013,"P_disability","Disability",-0.785240855060927,3.15154175041243e-05
5,14014,"P_disability","Disability",0.458305120431139,4.36280242865905e-05
5,14015,"P_disability","Disability",-0.762164006493914,3.07012996927369e-05
5,14016,"P_disability","Disability",-0.29364851235439,3.90553614124656e-05
5,14017,"P_disability","Disability",0.665653965664114,4.56413472420536e-05
5,14018,"P_disability","Disability",-0.328233965509496,4.487143814913e-05
5,14019,"P_disability","Disability",-0.653547726270797,2.64195714407833e-05
5,14020,"P_disability","Disability",-0.188224429301471,4.84085394418798e-05
5,14021,"P_disability","Disability",-0.00128255322909734,4.73225991299842e-05
5,14022,"P_disability","Disability",-0.591227115284174,4.80081216664985e-05
5,14023,"P_disability","Disability",-0.870650774586363,2.93743250949774e-05
5,14024,"P_disability","Disability",-0.324058137887043,5.4202631872613e-05
5,14025,"P_disability","Disability",0.0555282248031427,5.45489529031329e-05
5,14026,"P_disability","Disability",-0.430302320381765,5.54240759811364e-05
5,14027,"P_disability","Disability",-0.639139932203228,2.71715252893046e-05
5,14028,"P_disability","Disability",1.28141837805252,5.22392219863832e-05
5,14029,"P_disability","Disability",-0.0340868989101522,4.09420899813995e-05
5,14030,"P_disability","Disability",-0.827281247262587,0.000152488268213347
5,14031,"P_disability","Disability",1.85775864962995,3.12586198560894e-05
5,14032,"P_disability","Disability",-1.22090446622013,-9.41512989811599e-05
5,14033,"P_disability","Disability",-0.569531885313499,4.97413639095612e-05
5,14034,"P_disability","Disability",0.690947672966609,9.07457651919685e-05
5,14035,"P_disability","Disability",-0.31253588151844,5.11813123011962e-05
5,14036,"P_disability","Disability",-0.95090900811542,7.9783803812461e-06
5,14037,"P_disability","Disability",0.0379138069403932,5.6541888625361e-05
5,14038,"P_disability","Disability",-0.132879753234852,4.51743944722693e-05
5,14039,"P_disability","Disability",-0.462211313860838,0.000118700168968644
5,14040,"P_disability","Disability",-0.816765650601802,2.44566799665336e-05
5,14041,"P_disability","Disability",1.79954932796719,0.00012040653382428
5,14042,"P_disability","Disability",-0.0935864547886216,3.84993654733989e-05
5,14043,"P_disability","Disability",0.560807406777602,4.67115023639053e-05
5,14044,"P_disability","Disability",-0.496713514282001,0.00011234859994147
5,14045,"P_disability","Disability",0.0315486368458815,4.3488726078067e-05
5,14046,"P_disability","Disability",-1.16973188029086,1.61351163114887e-05
5,14047,"P_disability","Disability",-0.543564782456107,4.08344712923281e-05
5,14048,"P_disability","Disability",0.573598799309141,4.76685017929412e-05
5,14049,"P_disability","Disability",-0.296442036006091,4.28725907113403e-05
5,14050,"P_disability","Disability",-0.731679389858803,6.69280343572609e-05
5,14051,"P_disability","Disability",-0.731542571569357,2.32731908909045e-05
5,14052,"P_disability","Disability",-0.206359351893225,4.4980704842601e-05
5,14053,"P_disability","Disability",-0.861644617162034,3.92964211641811e-05
5,14054,"P_disability","Disability",1.41098484911965,7.74851796450093e-05
5,14055,"P_disability","Disability",-0.676625651854747,5.58365427423269e-05
5,14056,"P_disability","Disability",0.0743605783214881,3.98426818719599e-05
5,14057,"P_disability","Disability",-0.637711053158373,5.98310507484712e-05
5,14058,"P_disability","Disability",0.723880688409285,5.58299252588768e-05
5,14059,"P_disability","Disability",-0.734995097913257,4.56339039374143e-05
5,14060,"P_disability","Disability",0.781020425902928,4.59988514194265e-05
5,14061,"P_disability","Disability",0.221422887349043,1.88805261132075e-05
5,14062,"P_disability","Disability",0.879496205091041,4.28291605203412e-05
5,14063,"P_disability","Disability",-0.192689974479834,5.77538812649436e-05
5,14064,"P_disability","Disability",-0.594499535023109,4.20016840507742e-05
5,14065,"P_disability","Disability",0.267516143237939,4.6856512199156e-05
5,14066,"P_disability","Disability",-0.866747131764486,3.86362007702701e-05
5,14067,"P_disability","Disability",-0.753878049282131,3.11078692902811e-05
5,14068,"P_disability","Disability",0.32268193489436,4.7886380343698e-05
5,14069,"P_disability","Disability",-0.643364630735259,5.03083792864345e-05
5,14070,"P_disability","Disability",-0.631682028827926,0.000108799875306431
5,14071,"P_disability","Disability",0.0819641710269899,3.20363615173846e-05
5,14072,"P_disability","Disability",-0.353515123370133,4.67091631435324e-05
5,14073,"P_disability","Disability",-0.887861326290966,4.4944892579224e-05
5,14074,"P_disability","Disability",0.668507338032818,3.07178015646059e-05
5,14075,"P_disability","Disability",0.176623674061768,4.04189922846854e-05
5,14076,"P_disability","Disability",0.00575535912006877,4.11374421673827e-05
5,14077,"P_disability","Disability",0.214273027698714,6.96087372489274e-05
5,14078,"P_disability","Disability",0.357901030200229,5.02167822560295e-05
5,14079,"P_disability","Disability",-0.676994493016971,4.4294345570961e-05
5,14080,"P_disability","Disability",0.477109263871075,4.69348597107455e-05
5,14081,"P_disability","Disability",0.30487567127966,4.72903775516897e-05
5,14082,"P_disability","Disability",-0.842394767650519,3.06422625726555e-05
5,14083,"P_disability","Disability",-0.382930503587681,8.3993079897482e-05
5,14084,"P_disability","Disability",-0.151753480747078,4.67286081402563e-05
5,14085,"P_disability","Disability",0.0131060520429914,5.30060278833844e-05
5,14086,"P_disability","Disability",-1.31311798107459,-0.000236429419601336
5,14087,"P_disability","Disability",-0.809852965949157,4.51097002951428e-05
5,14088,"P_disability","Disability",-0.74450302030952,4.4380849431036e-05
5,14089,"P_disability","Disability",-0.671319567546388,4.33579807577189e-05
5,14090,"P_disability","Disability",0.494626520625995,5.40283872396685e-05
5,14091,"P_disability","Disability",-0.340100826783024,5.19756940775551e-05
5,14092,"P_disability","Disability",0.433031500000943,5.42157831660006e-05
5,14093,"P_disability","Disability",-1.44601505274072,-0.00148568407166749
5,14094,"P_disability","Disability",-0.699937538266715,2.673067865544e-05
5,14095,"P_disability","Disability",1.06975865098711,3.35458680638112e-05
5,14096,"P_disability","Disability",0.0706292328877309,4.53717148047872e-05
5,14097,"P_disability","Disability",-0.992509825476714,8.5458505054703e-06
5,14098,"P_disability","Disability",-0.875535662554962,4.8716723540565e-05
5,14099,"P_disability","Disability",-0.893374263687585,2.84795478364686e-05
5,14100,"P_disability","Disability",0.456036799530597,3.94034286728129e-05
5,14101,"P_disability","Disability",-0.787819020904421,1.5410034393426e-05
5,14102,"P_disability","Disability",-0.267489762942537,9.1926398454234e-05
5,14103,"P_disability","Disability",-0.825884830656115,4.32006818300579e-05
5,14104,"P_disability","Disability",-0.189129272082162,5.44724898645654e-05
5,14105,"P_disability","Disability",-0.188398548164942,3.40899496222846e-05
5,14106,"P_disability","Disability",-0.252460552048113,4.05403770855628e-05
5,14107,"P_disability","Disability",-0.928689753697382,3.11221301672049e-05
5,14108,"P_disability","Disability",-1.03011821870779,1.95303910004441e-05
5,14109,"P_disability","Disability",0.143540676414175,3.93082700611558e-05
5,14110,"P_disability","Disability",0.25825015800986,5.81314961891621e-05
5,14111,"P_disability","Disability",-1.40045306499773,-0.000491527607664466
5,14112,"P_disability","Disability",0.470814535410928,4.90038000862114e-05
5,14113,"P_disability","Disability",-0.270058666102755,4.17986593674868e-05
5,14114,"P_disability","Disability",-0.0236093371531215,4.66930941911414e-05
5,14115,"P_disability","Disability",0.24058981837325,3.94310845877044e-05
5,14116,"P_disability","Disability",-0.998763434848243,2.23273564188275e-05
5,14117,"P_disability","Disability",0.839302885118619,4.60737974208314e-05
5,14118,"P_disability","Disability",0.372322415276193,6.12088406342082e-05
5,14119,"P_disability","Disability",-0.694684057288697,2.82965775113553e-05
5,14120,"P_disability","Disability",-1.04516456227445,-6.28140187473036e-05
5,14121,"P_disability","Disability",-0.575380997172127,6.13626034464687e-05
5,14122,"P_disability","Disability",-0.536663251174778,3.52397473761812e-05
5,14123,"P_disability","Disability",0.130913588049448,4.00390490540303e-05
5,14124,"P_disability","Disability",-0.065978405212979,7.39604220143519e-05
5,14125,"P_disability","Disability",-1.06982713596406,4.04204547521658e-05
5,15105,"P_disability","Disability",-0.333728117569956,2.18529094127007e-05
5,16001,"P_disability","Disability",-0.457712392974245,3.78977674699854e-05
5,16002,"P_disability","Disability",-0.433807046596684,4.06583239964675e-05
5,16004,"P_disability","Disability",1.08314024711172,4.33157329098321e-05
5,16006,"P_disability","Disability",-0.379966485453955,4.6788714826107e-05
5,16008,"P_disability","Disability",-0.807859713148451,2.13359035114991e-05
5,16009,"P_disability","Disability",-0.368603679923493,3.79549419449177e-05
5,16010,"P_disability","Disability",-0.154195069701474,3.87187101296149e-05
5,16011,"P_disability","Disability",-0.363139270749246,4.15259055444039e-05
5,16012,"P_disability","Disability",-0.670147999326833,3.96280302084051e-05
5,16014,"P_disability","Disability",-0.853071044096671,3.21790721500292e-05
5,16015,"P_disability","Disability",-0.624796218955263,4.44329634774476e-05
5,16016,"P_disability","Disability",0.362445354609586,5.59050240553916e-05
5,16019,"P_disability","Disability",0.0864841359467018,4.72437532152981e-05
5,16021,"P_disability","Disability",-0.606378184398936,2.10411853913683e-05
5,16023,"P_disability","Disability",0.510073225825474,5.06284704897553e-05
5,16024,"P_disability","Disability",-1.42532920371814,-0.000426300510298461
5,16025,"P_disability","Disability",-1.34578877496741,-4.73182444693521e-05
5,16026,"P_disability","Disability",-0.535523882047771,4.0458224248141e-05
5,16027,"P_disability","Disability",0.667760889330703,4.83279764011968e-05
5,16028,"P_disability","Disability",1.6041727009106,9.28444133023731e-05
5,16029,"P_disability","Disability",0.345605257904497,3.25106593663804e-05
5,16030,"P_disability","Disability",0.968738637053346,4.50714578619227e-05
5,16032,"P_disability","Disability",-0.699574254376833,2.77376584563171e-05
5,16033,"P_disability","Disability",-1.00682455211368,2.6344077923568e-05
5,16035,"P_disability","Disability",0.234711757042141,3.14810531563126e-05
5,16036,"P_disability","Disability",1.26067096687691,5.10734898853116e-05
5,16037,"P_disability","Disability",1.84396813482103,8.66631744429469e-05
5,16039,"P_disability","Disability",-0.817194510980577,2.69527972704964e-05
5,16042,"P_disability","Disability",0.768108161009814,4.73755280836485e-05
5,16043,"P_disability","Disability",-0.74367701077948,4.28600469604135e-05
5,16044,"P_disability","Disability",0.950520748707083,5.27458869328257e-05
5,16045,"P_disability","Disability",0.322226481650694,5.37956002517603e-05
5,16048,"P_disability","Disability",-0.552466612727317,3.79615012207069e-05
5,16051,"P_disability","Disability",0.457081075489817,0.000113518173748162
5,16052,"P_disability","Disability",-0.247985472400068,0.000103427460999228
5,16053,"P_disability","Disability",-0.291778064806156,0.000110537788714282
5,16054,"P_disability","Disability",0.713240760440682,5.50783515791409e-05
5,16055,"P_disability","Disability",-0.19569264705527,3.54205621988513e-05
5,16056,"P_disability","Disability",-0.868323744445983,1.17027293526917e-05
5,16058,"P_disability","Disability",-1.39010671867872,8.53416495374404e-05
5,16059,"P_disability","Disability",0.0719438552910328,2.85678106592968e-05
5,16060,"P_disability","Disability",-1.02844768272173,2.45403425651602e-05
5,16062,"P_disability","Disability",0.024458715382615,3.95640308852307e-05
5,16063,"P_disability","Disability",0.266229903100708,4.65362827526405e-05
5,16064,"P_disability","Disability",-0.665534394705763,3.7342069845181e-05
5,16065,"P_disability","Disability",-0.71355581814774,3.21906081808265e-05
5,16066,"P_disability","Disability",-0.412449490133534,4.75853848911356e-05
5,16067,"P_disability","Disability",0.327151408314746,5.29045646544546e-05
5,16068,"P_disability","Disability",-0.86550373259248,3.56075797753874e-05
5,16069,"P_disability","Disability",-0.398905537926041,4.84666124975774e-05
5,16070,"P_disability","Disability",0.265693546978234,5.39200264029205e-05
5,16071,"P_disability","Disability",0.380229478604973,4.46029407612514e-05
5,16073,"P_disability","Disability",-0.806976138920084,2.40430726989871e-05
5,16074,"P_disability","Disability",-0.119986737909335,3.58178549504373e-05
5,16075,"P_disability","Disability",-0.797216300911891,3.5657016269397e-05
5,16076,"P_disability","Disability",-0.188284107518928,4.57108872069512e-05
5,16077,"P_disability","Disability",0.0946109141067494,3.0808736482868e-05
5,16079,"P_disability","Disability",-0.884399542328132,2.57543342740973e-05
5,16082,"P_disability","Disability",-1.27374281921251,-0.000222512971959077
5,16083,"P_disability","Disability",-1.16394358950309,2.26093343371758e-05
5,16084,"P_disability","Disability",-0.906477769987723,2.4947852580226e-05
5,16085,"P_disability","Disability",-0.108088427066016,4.1840823541861e-05
5,16086,"P_disability","Disability",-0.65685981163192,4.50315747002605e-05
5,16087,"P_disability","Disability",0.13270284236321,4.2414634663146e-05
5,16089,"P_disability","Disability",0.282618743214332,4.92800136271399e-05
5,16090,"P_disability","Disability",-1.13813457517558,2.19676530832658e-05
5,16091,"P_disability","Disability",0.270937741639375,4.72383471787907e-05
5,16094,"P_disability","Disability",0.365179179786457,5.60484077141155e-05
5,16095,"P_disability","Disability",0.350686882092234,5.08632947457954e-05
5,16096,"P_disability","Disability",0.948823120174294,3.19354330713395e-05
5,16097,"P_disability","Disability",-0.375269253337564,2.63434703811072e-05
5,16100,"P_disability","Disability",-0.035198451289386,2.8311951609794e-05
5,16102,"P_disability","Disability",-0.379532933805484,8.44475653138943e-05
5,16103,"P_disability","Disability",0.406813198980206,4.29284991696477e-05
5,16104,"P_disability","Disability",0.23352991833506,5.23881244589575e-05
5,16105,"P_disability","Disability",-0.951694166967018,2.53181387961376e-05
5,16106,"P_disability","Disability",-0.927135405555658,3.8343045162037e-05
5,16107,"P_disability","Disability",0.25715073135579,5.93275181017816e-05
5,16108,"P_disability","Disability",-0.346828971842496,4.28447929152753e-05
5,16109,"P_disability","Disability",0.130661355072025,3.62378268619068e-05
5,16111,"P_disability","Disability",-1.28664062540647,-0.000231945785344578
5,16113,"P_disability","Disability",1.05698936093637,4.32728775194846e-05
5,17003,"P_disability","Disability",0.316368041272332,3.16331243084278e-05
5,17017,"P_disability","Disability",0.38082235785924,4.52474487246946e-05
5,17025,"P_disability","Disability",0.0283758192280836,5.23613380210008e-05
5,18002,"P_disability","Disability",0.426450712128619,2.937178578577e-05
5,18003,"P_disability","Disability",1.48621071932496,8.30118442536332e-05
5,18004,"P_disability","Disability",-0.214765291830335,5.52223464183044e-05
5,18006,"P_disability","Disability",-0.800383286094711,3.88189146178775e-05
5,18007,"P_disability","Disability",0.190109899511959,3.33093194058165e-05
5,18008,"P_disability","Disability",-0.78483812162749,3.2067226129584e-05
5,18009,"P_disability","Disability",-1.28237009794686,-0.000178433518158272
5,18010,"P_disability","Disability",0.679925638633451,4.09103085985407e-05
5,18011,"P_disability","Disability",-0.338429821501183,4.05102618969977e-05
5,18012,"P_disability","Disability",0.21582052716064,4.93313491460867e-05
5,18013,"P_disability","Disability",0.947735196331204,5.31971709278878e-05
5,18014,"P_disability","Disability",0.373287684108986,4.60069350083359e-05
5,18015,"P_disability","Disability",0.413568623967098,4.98215777042788e-05
5,18017,"P_disability","Disability",0.0392285998432412,0.000121156197565142
5,18018,"P_disability","Disability",0.609227421020472,5.44788308616262e-05
5,18019,"P_disability","Disability",-0.543860582287914,2.04146217583911e-05
5,18020,"P_disability","Disability",-0.688439766308217,1.6725818568375e-05
5,19001,"P_disability","Disability",-0.906223717223062,2.69273950834759e-05
5,19002,"P_disability","Disability",0.457129642538817,0.000146041755215265
5,19003,"P_disability","Disability",1.18790747137763,-3.43864812748507e-05
5,19004,"P_disability","Disability",-1.18363280959313,-0.000569030991755426
5,19005,"P_disability","Disability",0.105225363365913,0.000140371470479295
5,19006,"P_disability","Disability",-1.22387890677167,-0.000128053346998058
5,19007,"P_disability","Disability",0.49612537876189,2.9962193366373e-05
5,19008,"P_disability","Disability",-0.0409267211724962,3.47022141795605e-05
5,19009,"P_disability","Disability",-1.1765298778328,-6.78961296216585e-05
5,19010,"P_disability","Disability",-1.45782278612206,-0.00131050101481378
5,19011,"P_disability","Disability",0.417907861055774,0.000128424682770856
5,19012,"P_disability","Disability",-1.24738608100069,-0.000372021429939196
5,19013,"P_disability","Disability",-0.788788959061425,-5.36597326572519e-05
5,19014,"P_disability","Disability",0.443919915021292,2.51403453148669e-05
5,19015,"P_disability","Disability",0.132298582874428,5.97842881688848e-05
5,19016,"P_disability","Disability",0.205208603320499,4.4673743104795e-05
5,19017,"P_disability","Disability",0.124174769043127,3.64782172255218e-05
5,19018,"P_disability","Disability",-1.25056561562537,-0.000324876891681924
5,19019,"P_disability","Disability",-1.26213778784631,-0.00107837957330048
5,19020,"P_disability","Disability",0.330914095278978,7.8275814303197e-05
5,19021,"P_disability","Disability",-0.893067938462991,4.97251530759968e-05
5,19022,"P_disability","Disability",0.253540457481097,6.49371359031647e-05
5,19023,"P_disability","Disability",-1.06868317010176,9.56621988734696e-06
5,19024,"P_disability","Disability",0.0397777299267787,2.01797301997431e-05
5,19025,"P_disability","Disability",-1.44563934432944,-0.000882582215126604
5,19026,"P_disability","Disability",-0.555911174547853,0.000103203543403652
5,19027,"P_disability","Disability",0.656334575251391,8.79101935424842e-05
5,19028,"P_disability","Disability",0.193452002921928,7.83869763836265e-05
5,19029,"P_disability","Disability",0.0702973074094669,5.07063559780363e-05
5,19030,"P_disability","Disability",0.388175349993866,3.50244117726106e-05
5,19031,"P_disability","Disability",-1.31544941044089,-0.000642250524833798
5,19032,"P_disability","Disability",-0.956786105533252,5.18592896696646e-05
5,19033,"P_disability","Disability",-0.712401158081218,4.68771395389922e-05
5,19034,"P_disability","Disability",-0.639668409896168,0.000126779515994713
5,19035,"P_disability","Disability",-1.01265055031103,4.6792298235232e-05
5,19036,"P_disability","Disability",0.0170427160690911,1.53125220094807e-05
5,19037,"P_disability","Disability",-0.602239831226283,4.58184804301709e-05
5,19038,"P_disability","Disability",-0.944509331276083,-2.25743278861046e-05
5,19039,"P_disability","Disability",-0.673479445671097,0.000101076373539399
5,19040,"P_disability","Disability",0.113458268208947,5.89060255151708e-05
5,19041,"P_disability","Disability",-1.48305611295154,-0.00233412371017039
5,19042,"P_disability","Disability",0.918539828053043,-3.54326512024272e-05
5,19043,"P_disability","Disability",0.0613697654690427,8.13258566267905e-07
5,19044,"P_disability","Disability",-0.115773830855831,3.75616073142737e-05
5,19045,"P_disability","Disability",-1.14080656472489,-0.000100193632533774
5,19046,"P_disability","Disability",-0.721765167043545,9.30927781155333e-05
5,19047,"P_disability","Disability",-0.855063947457712,6.80829616612755e-05
5,19048,"P_disability","Disability",-0.781856390110199,6.92546091158874e-05
5,19049,"P_disability","Disability",-0.8176340689398,4.60332485090476e-05
5,19050,"P_disability","Disability",2.31683737201559,6.56984411762096e-05
5,19051,"P_disability","Disability",0.254540710795068,5.5197440815391e-05
5,20001,"P_disability","Disability",-0.725257774285757,1.99948844965547e-05
5,20002,"P_disability","Disability",0.612120678466227,3.23101485264488e-05
5,20003,"P_disability","Disability",0.796369139442332,2.02035444090143e-05
5,20004,"P_disability","Disability",0.393363306814535,3.44013860740233e-05
5,20005,"P_disability","Disability",0.79749427101316,5.25567702425178e-05
5,20006,"P_disability","Disability",0.723343196185873,2.93487391900271e-05
5,20007,"P_disability","Disability",0.849815375649054,3.35343611368444e-05
5,20009,"P_disability","Disability",-0.45257095720802,2.22476119233761e-05
5,20010,"P_disability","Disability",0.507413316422239,5.59248401259538e-05
5,20011,"P_disability","Disability",1.16765667473715,1.48560366142192e-05
5,20013,"P_disability","Disability",0.733266222517312,5.92969154240564e-05
5,20014,"P_disability","Disability",1.32694594176828,5.97041434957646e-05
5,20016,"P_disability","Disability",-2.28845103509358,-0.00121629028581083
5,20018,"P_disability","Disability",2.25578372965311,6.49291323497891e-05
5,20019,"P_disability","Disability",2.05599115759312,5.96768732066266e-05
5,20020,"P_disability","Disability",-0.804163845125253,1.33039602587814e-05
5,20022,"P_disability","Disability",2.95064498161603,4.29523788625374e-05
5,20023,"P_disability","Disability",-0.434351434767095,5.07448094140273e-05
5,20024,"P_disability","Disability",1.34291788348121,2.54141486948356e-05
5,20025,"P_disability","Disability",0.978356175464894,3.14088865707163e-05
5,20026,"P_disability","Disability",0.69728371802475,3.36941593559459e-05
5,20027,"P_disability","Disability",2.40444338140602,6.58227218082175e-05
5,20029,"P_disability","Disability",1.71172997468893,2.51801830017939e-05
5,20030,"P_disability","Disability",-0.27894886695441,5.47482195543125e-05
5,20031,"P_disability","Disability",1.90133643286498,3.55853262590244e-05
5,20032,"P_disability","Disability",0.824468285107403,1.72671134350821e-05
5,20033,"P_disability","Disability",0.109723502655576,6.07037218287587e-05
5,20034,"P_disability","Disability",3.26559223153276,-8.60452637425624e-05
5,20035,"P_disability","Disability",-0.410092187039046,8.15863895695657e-05
5,20036,"P_disability","Disability",0.558731078494956,2.81757347693201e-05
5,20037,"P_disability","Disability",1.11786049113097,2.57874744420405e-05
5,20038,"P_disability","Disability",0.434085172004471,4.43944009020925e-05
5,20039,"P_disability","Disability",-0.0228790572099674,4.66527053504251e-05
5,20040,"P_disability","Disability",0.551250662427077,2.00150934688281e-05
5,20041,"P_disability","Disability",0.95577707753396,2.68131188931875e-05
5,20042,"P_disability","Disability",-0.407342047925381,3.20560830004979e-05
5,20043,"P_disability","Disability",-0.5058125821423,5.33343300048728e-05
5,20044,"P_disability","Disability",1.5890980493549,7.14310590410605e-05
5,20045,"P_disability","Disability",-0.779254266548268,4.85098717035726e-05
5,20046,"P_disability","Disability",1.75935410042559,0.000103863960248418
5,20047,"P_disability","Disability",4.33000930385335,-6.55809417366982e-05
5,20048,"P_disability","Disability",-1.92355306196352,-0.00123135652393103
5,20049,"P_disability","Disability",-0.41496067835325,3.01797335851006e-05
5,20050,"P_disability","Disability",0.397828347246716,2.0453331671888e-05
5,20051,"P_disability","Disability",-0.950255257146871,7.57998077460798e-06
5,20052,"P_disability","Disability",0.217889012464153,3.41048180416692e-05
5,20053,"P_disability","Disability",0.429905556253481,4.67745048808865e-05
5,20054,"P_disability","Disability",2.79232101211564,-7.64248306950321e-06
5,20055,"P_disability","Disability",1.33415945852152,2.12587219721172e-05
5,20057,"P_disability","Disability",1.19247285501313,3.26785047946032e-05
5,20058,"P_disability","Disability",0.756732260776569,2.21359914576169e-05
5,20060,"P_disability","Disability",0.127371662547363,1.91251419892069e-05
5,20062,"P_disability","Disability",1.03852535733898,5.8342469856143e-05
5,20063,"P_disability","Disability",-0.034196795152415,6.32873416179791e-05
5,20064,"P_disability","Disability",0.333559669215403,2.4132812541211e-05
5,20065,"P_disability","Disability",3.38269399226354,-0.000117921277706046
5,20066,"P_disability","Disability",1.10056631361916,3.41733284585644e-05
5,20067,"P_disability","Disability",-0.125957427761323,0.000110440807475243
5,20068,"P_disability","Disability",0.124653129998121,5.29118951817509e-05
5,20072,"P_disability","Disability",-0.113989872156693,3.138124520774e-05
5,20073,"P_disability","Disability",0.98033253361748,3.05097164527979e-05
5,20075,"P_disability","Disability",2.4070820897815,0.000106909486930817
5,20077,"P_disability","Disability",0.581004845500631,5.20427165611181e-05
5,20078,"P_disability","Disability",0.937561270632654,0.000121835582831409
5,20079,"P_disability","Disability",-0.211761091511439,9.10263843252324e-05
5,20081,"P_disability","Disability",2.44475282507443,6.51455775368959e-05
5,20083,"P_disability","Disability",-1.08737894841912,2.4508797650924e-05
5,20084,"P_disability","Disability",-0.196469978120764,6.46273256279528e-05
5,20086,"P_disability","Disability",3.29293132060618,-0.000234595165238716
5,20087,"P_disability","Disability",-0.658351696167558,5.26608819200192e-05
5,20088,"P_disability","Disability",1.29374813040141,1.86436955118552e-05
5,20089,"P_disability","Disability",-0.310292804679447,2.80348140222486e-05
5,20091,"P_disability","Disability",-0.570605767421672,8.80711522768252e-05
5,20092,"P_disability","Disability",0.811203440657313,4.7648703912273e-05
5,20093,"P_disability","Disability",1.39373323741043,2.97305778076407e-05
5,20094,"P_disability","Disability",2.25408493632144,5.46443880011793e-05
5,20096,"P_disability","Disability",1.51201952601441,0.000135734531795606
5,20097,"P_disability","Disability",-0.58801770778848,3.16695695801172e-05
5,20098,"P_disability","Disability",2.57589382062565,2.86024187516887e-05
5,20099,"P_disability","Disability",1.8288530461749,4.98543231515214e-05
5,20100,"P_disability","Disability",2.93473114142179,4.20333308284171e-05
5,20102,"P_disability","Disability",1.1360310818902,5.69455587537959e-05
5,20103,"P_disability","Disability",-0.11836990928038,3.02620574075263e-05
5,20104,"P_disability","Disability",0.0348348822411007,2.53059806709643e-05
5,20105,"P_disability","Disability",-0.412672905311393,3.03245560644427e-05
5,20106,"P_disability","Disability",2.90290864354427,2.56618259300012e-05
5,20107,"P_disability","Disability",-0.623419614058457,0.000117500763735734
5,20108,"P_disability","Disability",1.65524506011643,3.77645410480909e-05
5,20109,"P_disability","Disability",1.51945666389545,5.27397787664086e-05
5,20110,"P_disability","Disability",2.15125827712019,2.60386404988822e-05
5,20112,"P_disability","Disability",0.463735826402979,4.46694830316119e-05
5,20114,"P_disability","Disability",2.21861409252696,0.00010814169945661
5,20115,"P_disability","Disability",-0.222257639490232,9.57594602368772e-05
5,20116,"P_disability","Disability",1.37162062792648,2.10955658985768e-05
5,20118,"P_disability","Disability",0.648167668925831,4.8712819989305e-05
5,20119,"P_disability","Disability",3.32517935158915,-0.000316449732054025
5,20120,"P_disability","Disability",0.00445133976281429,3.78810182155576e-05
5,20121,"P_disability","Disability",2.93646526698619,4.94695923407562e-05
5,20123,"P_disability","Disability",0.844879685568095,2.30768782785162e-05
5,20124,"P_disability","Disability",-0.995876728974166,1.26923869174789e-05
5,20127,"P_disability","Disability",1.53356433487044,5.35127401235513e-05
5,20128,"P_disability","Disability",0.0292173053902131,3.00866449833848e-05
5,20129,"P_disability","Disability",1.44119395199275,5.813964526169e-05
5,20130,"P_disability","Disability",0.39324849478337,2.25011390284635e-05
5,20131,"P_disability","Disability",-0.151875771124682,2.37016574828885e-05
5,20132,"P_disability","Disability",0.283553983869592,6.00912717345636e-05
5,20133,"P_disability","Disability",0.256665498087397,2.07235425477847e-05
5,20134,"P_disability","Disability",-0.512709049080668,2.00201029656455e-05
5,20135,"P_disability","Disability",0.450669667944067,3.27616762660909e-05
5,20136,"P_disability","Disability",0.881076805098563,1.94223921425873e-05
5,20137,"P_disability","Disability",0.153761268344999,1.88207886822056e-05
5,20138,"P_disability","Disability",1.11286017159325,3.66776839655358e-05
5,20139,"P_disability","Disability",0.340445278202462,2.88587289105635e-05
5,20140,"P_disability","Disability",0.745884811226435,2.75418133242056e-05
5,20141,"P_disability","Disability",0.726508410536771,1.94799504242837e-05
5,20142,"P_disability","Disability",3.37755954697872,-0.00011234814155614
5,20143,"P_disability","Disability",1.15007302613412,3.17443336825818e-05
5,20144,"P_disability","Disability",1.96272340859306,9.72831476246938e-05
5,20145,"P_disability","Disability",-0.361769774501843,8.77187194419093e-05
5,20147,"P_disability","Disability",1.76192049673604,7.1003261837177e-05
5,20150,"P_disability","Disability",-0.521613708631478,3.7566580431303e-05
5,20151,"P_disability","Disability",1.78155376258882,7.7205964771565e-05
5,20152,"P_disability","Disability",0.323045360585844,1.86700144695351e-05
5,20156,"P_disability","Disability",0.238341736275296,4.17147566622589e-05
5,20157,"P_disability","Disability",-0.421775818696114,0.000104932245449163
5,20160,"P_disability","Disability",0.776457729745422,2.86120812234003e-05
5,20161,"P_disability","Disability",1.14265625704047,3.79624398192391e-05
5,20162,"P_disability","Disability",-0.609746529546018,2.0987255993532e-05
5,20163,"P_disability","Disability",1.53985713043969,2.31177473324351e-05
5,20164,"P_disability","Disability",1.00505105648002,1.91377766896039e-05
5,20165,"P_disability","Disability",2.49526013021435,2.06748190976214e-05
5,20166,"P_disability","Disability",1.18477871016736,2.58141772064846e-05
5,20169,"P_disability","Disability",0.986542231759305,2.02718802029267e-05
5,20171,"P_disability","Disability",1.49446033649977,2.44715265580453e-05
5,20172,"P_disability","Disability",2.15366584213045,0.000110411056084558
5,20173,"P_disability","Disability",0.837838744741838,4.10206121159717e-05
5,20174,"P_disability","Disability",0.275536968590777,8.9849483629223e-05
5,20175,"P_disability","Disability",1.73619319895844,3.79370430891868e-05
5,20176,"P_disability","Disability",1.70151898812859,7.95546075096354e-05
5,20177,"P_disability","Disability",1.61208006978807,5.87214453844354e-05
5,20178,"P_disability","Disability",-0.799416367974227,2.21453119593207e-05
5,20179,"P_disability","Disability",1.56334509392774,4.23353958467487e-05
5,20181,"P_disability","Disability",2.17421651202259,0.000109959648398217
5,20182,"P_disability","Disability",1.94257756539613,3.30718066834379e-05
5,20183,"P_disability","Disability",1.62044275854818,2.34332746913424e-05
5,20184,"P_disability","Disability",0.757591141268657,5.32899757672567e-05
5,20186,"P_disability","Disability",2.18839582150499,5.55914302822202e-05
5,20187,"P_disability","Disability",0.750590367434541,3.6939891288057e-05
5,20189,"P_disability","Disability",-0.140568158491929,2.65597154793795e-05
5,20190,"P_disability","Disability",0.504005607825432,2.51804776780773e-05
5,20191,"P_disability","Disability",0.554564439278749,4.75020860903896e-05
5,20192,"P_disability","Disability",-0.793118190696523,4.32219967478886e-05
5,20193,"P_disability","Disability",0.747066627988031,4.24071804445703e-05
5,20194,"P_disability","Disability",0.59696349668951,7.15731366653927e-05
5,20195,"P_disability","Disability",3.76730453092302,-7.06741993781179e-05
5,20196,"P_disability","Disability",2.16698321563385,7.69905673223548e-05
5,20197,"P_disability","Disability",0.640596437371853,3.96852992707863e-05
5,20198,"P_disability","Disability",0.712593149143916,2.54382721323054e-05
5,20199,"P_disability","Disability",3.05097790094719,-5.08327939314768e-05
5,20200,"P_disability","Disability",0.350556888848985,2.0784696971532e-05
5,20201,"P_disability","Disability",-1.3090108732099,-0.000287283153738827
5,20205,"P_disability","Disability",1.79515496381727,2.55049235420302e-05
5,20206,"P_disability","Disability",1.76295942812532,5.58601386728697e-05
5,20207,"P_disability","Disability",0.30805387398214,1.81110881385393e-05
5,20208,"P_disability","Disability",0.780494183273348,6.76754425512627e-05
5,20210,"P_disability","Disability",1.19283028283443,1.91351646208204e-05
5,20212,"P_disability","Disability",-0.195729329779454,2.20916772377677e-05
5,20214,"P_disability","Disability",0.544830194771769,2.55478735198267e-05
5,20215,"P_disability","Disability",1.72677954086584,0.000101202400401235
5,20216,"P_disability","Disability",-0.709168375266528,1.86505276360549e-05
5,20217,"P_disability","Disability",2.21326427086467,2.76826940535102e-05
5,20218,"P_disability","Disability",1.48131638804485,6.31428410997614e-05
5,20219,"P_disability","Disability",0.884180747652085,4.29751453339122e-05
5,20220,"P_disability","Disability",0.9663223748781,1.87082951015327e-05
5,20221,"P_disability","Disability",1.17411686878677,2.76041246252134e-05
5,20222,"P_disability","Disability",-0.306977928865352,2.70787240879145e-05
5,20223,"P_disability","Disability",-0.504136250859778,2.91463657049462e-05
5,20224,"P_disability","Disability",2.08925413692522,7.25039426470175e-05
5,20226,"P_disability","Disability",-0.397108531791319,3.33497955580242e-05
5,20227,"P_disability","Disability",-0.395825806308103,8.96498386282474e-05
5,20228,"P_disability","Disability",-0.0442941311042444,1.96054534171708e-05
5,20230,"P_disability","Disability",3.84134463249111,-0.000180819974048063
5,20231,"P_disability","Disability",-0.957067284606928,4.15303247791599e-06
5,20232,"P_disability","Disability",0.356701488238269,2.11755905183963e-05
5,20233,"P_disability","Disability",-0.361378167429892,3.81134523195215e-05
5,20234,"P_disability","Disability",1.78864663825215,2.43565009441227e-05
5,20237,"P_disability","Disability",1.03990894427662,2.20347901631612e-05
5,20239,"P_disability","Disability",3.06392356349402,-5.40718610864133e-05
5,20240,"P_disability","Disability",0.853992165496671,1.616216286493e-05
5,20242,"P_disability","Disability",-0.495744118009694,9.99631538434187e-06
5,20243,"P_disability","Disability",0.190150642151083,5.89026785746682e-05
5,20244,"P_disability","Disability",1.28204895289956,2.65442940872163e-05
5,20245,"P_disability","Disability",1.91003877529071,7.49872560845688e-05
5,20246,"P_disability","Disability",0.46337101983398,2.85318492387887e-05
5,20247,"P_disability","Disability",1.09193702265254,5.58971223654225e-05
5,20248,"P_disability","Disability",-0.822696738979946,1.09682196125505e-05
5,20249,"P_disability","Disability",1.54975419863722,2.21156005864032e-05
5,20250,"P_disability","Disability",1.1206846202953,4.05626851716079e-05
5,20251,"P_disability","Disability",0.0819356131970304,1.87541481864173e-05
5,20252,"P_disability","Disability",-0.0163185908578336,1.96132968994789e-05
5,20255,"P_disability","Disability",-0.13277749233366,2.53258967859438e-05
5,20256,"P_disability","Disability",1.23021859828966,3.25971377606038e-05
5,20257,"P_disability","Disability",-0.0571623243967933,3.41086633852683e-05
5,20258,"P_disability","Disability",3.11833985602575,-1.1934741451114e-05
5,20259,"P_disability","Disability",2.17139813426374,2.30847872444429e-05
5,20260,"P_disability","Disability",1.49167912764203,3.42732164426707e-05
5,20261,"P_disability","Disability",0.459425199475806,1.93953947018599e-05
5,20262,"P_disability","Disability",0.344798958797264,3.45539592672139e-05
5,20264,"P_disability","Disability",-0.292060163902137,-9.85408769338392e-06
5,20265,"P_disability","Disability",1.10266735083112,2.0817435142817e-05
5,20267,"P_disability","Disability",1.55667863425365,0.000116925817565061
5,20269,"P_disability","Disability",0.0799769954378375,3.73420734831598e-05
5,20270,"P_disability","Disability",1.10805593666254,3.14255667035468e-05
5,20271,"P_disability","Disability",-1.03791896966101,5.72150656807935e-06
5,20273,"P_disability","Disability",0.699546577875465,2.76794908131706e-05
5,20274,"P_disability","Disability",1.32242008532959,2.86217400571331e-05
5,20275,"P_disability","Disability",-0.597403165931363,2.08702913369052e-05
5,20276,"P_disability","Disability",2.71884954341583,6.45573018118739e-05
5,20278,"P_disability","Disability",0.95945778629056,1.80691858986393e-05
5,20280,"P_disability","Disability",2.1364690181715,0.000180305083631538
5,20281,"P_disability","Disability",4.86965240605253,-0.000295476464089006
5,20282,"P_disability","Disability",0.921466069564506,3.14367571263574e-05
5,20283,"P_disability","Disability",1.7460948554507,5.48803509445861e-05
5,20284,"P_disability","Disability",-0.831104542595267,2.39523324125912e-05
5,20286,"P_disability","Disability",1.45084562576397,2.31212798098568e-05
5,20288,"P_disability","Disability",-0.178843047954672,2.27367381739896e-05
5,20290,"P_disability","Disability",2.52778946181522,4.11397013522219e-06
5,20292,"P_disability","Disability",-0.572229964669635,3.08486341964453e-05
5,20293,"P_disability","Disability",0.232664629761012,9.2486290668603e-05
5,20294,"P_disability","Disability",0.544050002352501,5.68381728953682e-05
5,20295,"P_disability","Disability",0.149836443064629,4.96479842695408e-05
5,20296,"P_disability","Disability",1.62247232775226,6.78057986078784e-05
5,20297,"P_disability","Disability",-2.03309554754762,-0.00117299833800644
5,20298,"P_disability","Disability",0.565487033549744,4.15718895965256e-05
5,20299,"P_disability","Disability",-1.24076795372771,-0.000386759318644181
5,20301,"P_disability","Disability",1.9969378817451,6.17198020336218e-05
5,20303,"P_disability","Disability",1.35589855076659,2.51817218668293e-05
5,20305,"P_disability","Disability",1.34629743601926,5.6241471611429e-05
5,20308,"P_disability","Disability",-0.0658771402992367,3.13469208776951e-05
5,20309,"P_disability","Disability",0.0940928149406516,2.09522149816621e-05
5,20310,"P_disability","Disability",-0.254377311324615,6.26444452791475e-05
5,20311,"P_disability","Disability",0.892617100656794,3.91784633393399e-05
5,20313,"P_disability","Disability",1.82096267660863,0.0001523364771856
5,20315,"P_disability","Disability",0.413744091633912,2.10033122129971e-05
5,20317,"P_disability","Disability",2.11393891100626,4.56733032478951e-05
5,20320,"P_disability","Disability",3.2077969435407,-0.000219591704080813
5,20321,"P_disability","Disability",0.0827496388035084,1.89044112630654e-05
5,20322,"P_disability","Disability",1.07190571125978,1.85926837730221e-05
5,20323,"P_disability","Disability",-0.506817418686651,1.73857297340874e-05
5,20325,"P_disability","Disability",-0.337421615480648,1.93661689991131e-05
5,20326,"P_disability","Disability",0.773340889998491,2.12678969546687e-05
5,20327,"P_disability","Disability",0.534453021797149,2.45662304223515e-05
5,20329,"P_disability","Disability",1.49183965043277,5.6032593420241e-05
5,20330,"P_disability","Disability",1.99902835642575,4.21010045101866e-05
5,20331,"P_disability","Disability",2.9392919046884,7.64472570153885e-05
5,20332,"P_disability","Disability",3.65793161929221,-0.000161219795700163
5,20333,"P_disability","Disability",0.726662818977437,5.40179316885769e-05
5,20335,"P_disability","Disability",-0.599011921997636,2.14967840292957e-05
5,20336,"P_disability","Disability",1.26961819729465,3.9136954001151e-05
5,20337,"P_disability","Disability",1.15309909766216,2.02159062610008e-05
5,20338,"P_disability","Disability",-0.788299838065752,5.07665536133572e-05
5,20339,"P_disability","Disability",-0.0299825105976267,5.25622235727496e-05
5,20340,"P_disability","Disability",3.16670989364416,-7.76203069108305e-06
5,20341,"P_disability","Disability",0.445945441191577,3.44243198924232e-05
5,20342,"P_disability","Disability",-0.474228344719972,8.1795260484796e-05
5,20343,"P_disability","Disability",1.51564053460806,6.06393587077036e-05
5,20346,"P_disability","Disability",2.68896950804346,-2.36595624301117e-05
5,20348,"P_disability","Disability",1.34287771817718,2.34646795433946e-05
5,20349,"P_disability","Disability",1.198630501838,5.47727031516843e-05
5,20350,"P_disability","Disability",-1.24068788140115,-0.000536754727363586
5,20352,"P_disability","Disability",-1.71166300098371,-0.0012106552021578
5,20354,"P_disability","Disability",1.65273785078217,5.67233000765555e-05
5,20355,"P_disability","Disability",2.38533135292386,4.87365105072968e-05
5,20356,"P_disability","Disability",0.700059946945238,4.46191552327946e-05
5,20358,"P_disability","Disability",1.09603748778738,3.65049600077327e-05
5,20359,"P_disability","Disability",2.06019782031175,0.000101228361018002
5,20360,"P_disability","Disability",0.0588255830549338,3.45522785210051e-05
5,20363,"P_disability","Disability",0.256186674589079,4.47099373559467e-05
5,20365,"P_disability","Disability",2.20113614520211,0.000194082022062503
5,20368,"P_disability","Disability",0.179959512879494,4.17449991800822e-05
5,20369,"P_disability","Disability",-0.214024449355879,4.69574915769044e-05
5,20370,"P_disability","Disability",2.24154158686758,0.000119336167699657
5,20371,"P_disability","Disability",2.35482985852177,2.390104054939e-05
5,20372,"P_disability","Disability",2.22371468774343,9.65796716627665e-05
5,20373,"P_disability","Disability",0.000812901388798699,3.10671894112602e-05
5,20374,"P_disability","Disability",0.920428860051831,1.93685900740093e-05
5,20375,"P_disability","Disability",-1.28086483004089,-0.000831378798466176
5,20376,"P_disability","Disability",1.58971414018107,4.63008655060548e-05
5,20377,"P_disability","Disability",1.50094110528672,3.39838661602698e-05
5,20378,"P_disability","Disability",-0.148939174719978,2.23340903175995e-05
5,20379,"P_disability","Disability",-0.577878467774874,2.31298508879263e-05
5,20380,"P_disability","Disability",1.07048794169527,3.63158396794461e-05
5,20381,"P_disability","Disability",0.620751306419393,1.15481807370088e-05
5,20382,"P_disability","Disability",0.0468833761749401,3.48612738889642e-05
5,20383,"P_disability","Disability",0.541698884508883,2.50926786975469e-05
5,20385,"P_disability","Disability",-0.225162153282276,9.57562078838237e-05
5,20387,"P_disability","Disability",0.318767061047909,4.6274970372906e-05
5,20388,"P_disability","Disability",-0.904707601494468,1.1507451745274e-05
5,20389,"P_disability","Disability",-2.09523639174669,-0.00150504789780825
5,20390,"P_disability","Disability",-0.680427541897843,7.52013656892814e-05
5,20392,"P_disability","Disability",0.465327471742499,1.98911402549129e-05
5,20393,"P_disability","Disability",-0.936397665115432,1.66044083016459e-05
5,20394,"P_disability","Disability",2.53563313813938,2.86979084194172e-05
5,20395,"P_disability","Disability",2.29836527391003,6.22606676188298e-05
5,20396,"P_disability","Disability",2.45205334555164,3.24150714732241e-05
5,20397,"P_disability","Disability",-0.0768252099034424,2.98047307296656e-05
5,20399,"P_disability","Disability",-0.266157526754416,8.6789223132655e-05
5,20400,"P_disability","Disability",1.58201935553998,5.85958368901629e-05
5,20403,"P_disability","Disability",-1.21865845881468,-0.000292276003165171
5,20404,"P_disability","Disability",2.2348398219706,7.46114674257115e-05
5,20405,"P_disability","Disability",-0.325798825151804,3.68592554877978e-05
5,20406,"P_disability","Disability",0.902464818520282,2.03847084776498e-05
5,20407,"P_disability","Disability",0.633960382324791,1.91286890185438e-05
5,20408,"P_disability","Disability",2.78905525029959,1.3231736375019e-05
5,20409,"P_disability","Disability",-0.18255948396275,8.81619343999773e-05
5,20411,"P_disability","Disability",1.17687947124846,5.27035881532356e-05
5,20412,"P_disability","Disability",1.84883183695491,3.37684323312715e-05
5,20416,"P_disability","Disability",3.14173794430738,-0.000110027482151054
5,20417,"P_disability","Disability",0.055318826038487,1.9562452507671e-05
5,20418,"P_disability","Disability",-0.641478005987492,5.29365315742325e-05
5,20419,"P_disability","Disability",2.09439844755014,0.000115591799840331
5,20420,"P_disability","Disability",-0.702662662902379,1.29100199046661e-05
5,20421,"P_disability","Disability",0.422870508634317,5.20401626999956e-05
5,20422,"P_disability","Disability",2.78047153166716,3.95041388401296e-05
5,20423,"P_disability","Disability",1.76429912746685,7.77271779952571e-05
5,20425,"P_disability","Disability",2.03243485754926,5.7021312386496e-05
5,20426,"P_disability","Disability",-0.527343393154389,2.07247849175474e-05
5,20427,"P_disability","Disability",0.200499248855173,3.74410228687339e-05
5,20430,"P_disability","Disability",1.10022591211889,7.51788902562112e-05
5,20431,"P_disability","Disability",0.995291670886462,4.04559687012807e-05
5,20432,"P_disability","Disability",-0.910996784499072,3.85830899176653e-05
5,20434,"P_disability","Disability",0.804455618937321,2.87420953100082e-05
5,20435,"P_disability","Disability",1.35503826069904,1.8120957975043e-05
5,20436,"P_disability","Disability",1.51899751199331,6.50311631034128e-05
5,20437,"P_disability","Disability",-0.462311091545864,1.97509179997724e-05
5,20438,"P_disability","Disability",0.0289436975092641,1.9109524146188e-05
5,20440,"P_disability","Disability",2.92879125965615,5.73692232137546e-05
5,20441,"P_disability","Disability",-0.434983015730273,2.66039423877373e-05
5,20442,"P_disability","Disability",0.177248075474741,3.69163899449632e-05
5,20443,"P_disability","Disability",-0.816016608956091,2.69157462753356e-05
5,20444,"P_disability","Disability",2.55941954335815,-2.26740412472282e-05
5,20445,"P_disability","Disability",0.996008361509335,2.00270733330399e-05
5,20446,"P_disability","Disability",1.48763838799185,4.35766778537072e-05
5,20447,"P_disability","Disability",1.17096496184106,1.94600288523361e-05
5,20451,"P_disability","Disability",0.00670865246987222,-9.14869269763585e-06
5,20452,"P_disability","Disability",-0.0170473531862128,4.02497316827066e-05
5,20453,"P_disability","Disability",0.792207699618232,3.85049206670374e-05
5,20454,"P_disability","Disability",0.915802837661821,1.76857192855095e-05
5,20455,"P_disability","Disability",1.01920018079026,1.75044733623508e-05
5,20456,"P_disability","Disability",1.05757893317468,3.18547718052287e-05
5,20457,"P_disability","Disability",-0.975997363063287,9.16069529921515e-06
5,20458,"P_disability","Disability",3.03656648249817,-1.74167689692695e-05
5,20459,"P_disability","Disability",1.68243193698592,8.04539013188332e-05
5,20460,"P_disability","Disability",0.394738210092107,2.12932391150389e-05
5,20461,"P_disability","Disability",0.897723735946302,3.39738980983384e-05
5,20462,"P_disability","Disability",-0.125144577082411,3.37451601808425e-05
5,20463,"P_disability","Disability",3.13225199947145,-5.82288612349657e-06
5,20464,"P_disability","Disability",0.369433398373611,-1.43681381814531e-05
5,20465,"P_disability","Disability",1.00537339853328,1.78398186108097e-05
5,20468,"P_disability","Disability",-0.63417918544141,2.06952099688351e-05
5,20469,"P_disability","Disability",-0.199725234801402,2.07611847145017e-05
5,20470,"P_disability","Disability",1.52861767542263,4.38620227214415e-05
5,20471,"P_disability","Disability",3.80001992479619,-0.000306212459690869
5,20472,"P_disability","Disability",-0.283048113270715,5.79260959057137e-05
5,20473,"P_disability","Disability",-0.180564164910116,2.7432462957222e-05
5,20475,"P_disability","Disability",0.135625521953457,3.88596490665805e-05
5,20476,"P_disability","Disability",1.02395168578205,2.89697636617348e-05
5,20478,"P_disability","Disability",2.01545456294986,0.000106733641587198
5,20480,"P_disability","Disability",1.13183861283678,3.43532919941936e-05
5,20481,"P_disability","Disability",2.82921605043774,5.37057094334159e-05
5,20483,"P_disability","Disability",-0.417831607110888,5.33406491740607e-05
5,20484,"P_disability","Disability",1.32298467009973,1.52790580614237e-05
5,20486,"P_disability","Disability",0.746168422872847,3.66801104974002e-05
5,20487,"P_disability","Disability",0.863621962994414,2.21443915506825e-05
5,20488,"P_disability","Disability",2.62226574705034,5.4953241487965e-05
5,20490,"P_disability","Disability",0.054096332474226,1.94986187125323e-05
5,20491,"P_disability","Disability",-1.05791743710154,7.05681850377005e-06
5,20492,"P_disability","Disability",2.51119438139884,5.54328289581463e-05
5,20493,"P_disability","Disability",1.72040138579597,8.0232450272888e-05
5,20494,"P_disability","Disability",-0.300247118273367,1.94944077520631e-05
5,20496,"P_disability","Disability",1.81925153472071,0.000117900483019184
5,20498,"P_disability","Disability",0.404081905974815,1.80821007234044e-05
5,20499,"P_disability","Disability",0.792734733973428,5.16811705892906e-05
5,20500,"P_disability","Disability",0.238603319717941,1.88657795661129e-05
5,20501,"P_disability","Disability",3.30308720205076,-0.00023130422050599
5,20502,"P_disability","Disability",-0.543098069489924,2.08667297556531e-05
5,20503,"P_disability","Disability",4.99532494770758,-0.000448138656793162
5,20504,"P_disability","Disability",1.46702272907461,9.82244819169864e-05
5,20505,"P_disability","Disability",1.15333305849018,4.45265068265144e-05
5,20506,"P_disability","Disability",1.13359233909655,3.46407250617631e-05
5,20508,"P_disability","Disability",1.76547446862191,8.06305761216208e-05
5,20510,"P_disability","Disability",1.66456564064975,6.0549849877134e-05
5,20511,"P_disability","Disability",1.33099877000512,3.06170550175011e-05
5,20513,"P_disability","Disability",0.346605870786818,2.15473774005659e-05
5,20514,"P_disability","Disability",-0.826722486486852,1.45881740536424e-05
5,20515,"P_disability","Disability",0.351737940894793,5.34510254510678e-05
5,20517,"P_disability","Disability",-0.447844546035599,1.94944077520631e-05
5,20518,"P_disability","Disability",5.17406646409291,-7.33170163584873e-05
5,20519,"P_disability","Disability",-0.315047140638957,6.0290694818832e-05
5,20520,"P_disability","Disability",1.78413188791757,4.22069242631551e-05
5,20521,"P_disability","Disability",1.36219541806758,7.03148252796382e-05
5,20522,"P_disability","Disability",-0.184470694407481,2.07760895136744e-05
5,20523,"P_disability","Disability",1.63347151683432,7.24575656931847e-05
5,20524,"P_disability","Disability",-0.0141747953982563,3.68566070392262e-05
5,20525,"P_disability","Disability",0.470107458599109,2.8509006369859e-05
5,20527,"P_disability","Disability",-1.49703591095486,-0.00121074134949595
5,20528,"P_disability","Disability",2.87718525375132,-1.01468858701992e-05
5,20529,"P_disability","Disability",-0.311732447141208,1.98849738808349e-05
5,20530,"P_disability","Disability",-0.33607981950113,3.41514132742304e-05
5,20531,"P_disability","Disability",0.42382134408967,4.42775672127027e-05
5,20532,"P_disability","Disability",-0.165124426558437,1.97761110030115e-05
5,20536,"P_disability","Disability",2.20948091294059,7.168750744313e-05
5,20537,"P_disability","Disability",1.75003726919417,4.03926424041856e-05
5,20539,"P_disability","Disability",-0.261512727468818,5.63984212931246e-05
5,20540,"P_disability","Disability",0.135675777116777,4.3373329390306e-05
5,20541,"P_disability","Disability",0.363265705580423,3.63792350981385e-05
5,20544,"P_disability","Disability",1.42815387321197,3.41800478054211e-05
5,20545,"P_disability","Disability",-0.308333535308126,4.09252461395226e-05
5,20546,"P_disability","Disability",1.10431651360176,5.26881849509664e-05
5,20547,"P_disability","Disability",1.11755294708784,2.39208166021854e-05
5,20548,"P_disability","Disability",2.05893973116893,5.41714434802998e-05
5,20549,"P_disability","Disability",0.965191814331618,2.28612298087683e-05
5,20550,"P_disability","Disability",1.59517038563446,7.31322215870023e-05
5,20551,"P_disability","Disability",0.532395205376141,5.29556127730757e-05
5,20552,"P_disability","Disability",1.42727614323538,3.09551396640018e-05
5,20553,"P_disability","Disability",-0.63668053364275,5.91284515394364e-05
5,20554,"P_disability","Disability",0.573497456742139,1.92888710444095e-05
5,20555,"P_disability","Disability",-0.634844030697273,4.78843576274812e-05
5,20557,"P_disability","Disability",0.506407723602673,5.70127522223629e-05
5,20558,"P_disability","Disability",1.91070593157508,7.72857529227622e-05
5,20559,"P_disability","Disability",0.371426229145737,2.90670104732271e-05
5,20560,"P_disability","Disability",0.905271631007914,4.08646010328084e-05
5,20561,"P_disability","Disability",-0.0834324353341397,2.56078456004616e-05
5,20562,"P_disability","Disability",0.748035457053925,3.09701244987082e-05
5,20564,"P_disability","Disability",3.84506523982967,-0.000117320836579893
5,20565,"P_disability","Disability",-0.446561295548829,3.85129715141375e-05
5,20566,"P_disability","Disability",0.277246297443921,2.22371891140938e-05
5,20567,"P_disability","Disability",2.21736919262132,2.5176022973028e-05
5,20568,"P_disability","Disability",1.27497055619276,2.52365025517065e-05
5,20569,"P_disability","Disability",2.8288182327932,-3.30077309627086e-05
5,20570,"P_disability","Disability",-0.0872856254833203,4.08007690566592e-05
5,21003,"P_disability","Disability",1.02185696549389,3.34530850523151e-05
5,21009,"P_disability","Disability",1.63866838521049,3.8022299122531e-05
5,21010,"P_disability","Disability",-1.24452599331322,-0.000176409521372989
5,21011,"P_disability","Disability",-0.872843302530144,1.77613874257077e-05
5,21013,"P_disability","Disability",-1.03448514255943,1.61363004735904e-05
5,21018,"P_disability","Disability",1.09006072578818,2.4700475478312e-05
5,21024,"P_disability","Disability",1.57900818837328,6.84078695485368e-05
5,21027,"P_disability","Disability",2.949419685782,4.59249567938969e-05
5,21032,"P_disability","Disability",1.14311331061651,2.72157012659591e-05
5,21035,"P_disability","Disability",-0.180335560468836,3.04325385513948e-05
5,21036,"P_disability","Disability",-0.810920966667037,1.37371471282677e-05
5,21037,"P_disability","Disability",2.1820592987105,6.9812303991057e-05
5,21042,"P_disability","Disability",0.562942731279519,1.85368153324816e-05
5,21047,"P_disability","Disability",-0.345442366556455,3.42459243256599e-05
5,21051,"P_disability","Disability",0.000651099007409795,3.86586616514251e-05
5,21055,"P_disability","Disability",0.94547628329177,2.34342769545037e-05
5,21056,"P_disability","Disability",1.57865213636515,0.000105819119198713
5,21059,"P_disability","Disability",1.94138092361457,5.03489100083243e-05
5,21066,"P_disability","Disability",1.06695837825436,1.77654328581411e-05
5,21073,"P_disability","Disability",-0.474317688170384,3.02516818919685e-05
5,21081,"P_disability","Disability",0.379655681794985,2.20204092329368e-05
5,21082,"P_disability","Disability",0.162297193084787,3.77775431843475e-05
5,21085,"P_disability","Disability",0.487919860197478,4.45304613094777e-05
5,21087,"P_disability","Disability",-0.237336970498831,1.81367122422671e-05
5,21112,"P_disability","Disability",1.47877717375119,3.3936528780032e-05
5,21113,"P_disability","Disability",1.90327656070802,6.68375723762438e-05
5,21120,"P_disability","Disability",-0.895526116516814,1.28051078718272e-05
5,21124,"P_disability","Disability",-0.449453783214454,3.3621985494392e-05
5,21127,"P_disability","Disability",2.59826112266959,-1.6535646864213e-05
5,21129,"P_disability","Disability",-0.431485587233562,3.17119956889655e-05
5,21135,"P_disability","Disability",3.04781560196972,-4.85481359646656e-05
5,21139,"P_disability","Disability",1.21986412538831,2.57590545515995e-05
5,21141,"P_disability","Disability",1.40387995070614,2.54551923717372e-05
5,21145,"P_disability","Disability",0.529383653319379,1.88953181350371e-05
5,21147,"P_disability","Disability",0.68876429291433,2.03534873435274e-05
5,21155,"P_disability","Disability",0.262042005460863,3.29775284626521e-05
5,21156,"P_disability","Disability",-0.203432978708845,5.07733639096841e-05
5,21157,"P_disability","Disability",0.481748696641247,2.54826809396036e-05
5,21160,"P_disability","Disability",0.300517750141685,2.13751518458594e-05
5,21169,"P_disability","Disability",0.209380166766179,2.91973301500548e-05
5,21190,"P_disability","Disability",2.47905666024614,3.6705365346279e-05
5,21191,"P_disability","Disability",0.990999604776243,2.93087396130431e-05
5,21196,"P_disability","Disability",1.11527119048542,3.89440028811805e-05
5,21198,"P_disability","Disability",-1.22422288200996,-0.000373779679648578
5,21209,"P_disability","Disability",0.46782622531213,3.85561652365141e-05
5,21214,"P_disability","Disability",-0.283040992804512,3.80833989765961e-05
5,21217,"P_disability","Disability",-0.821707168053396,1.4240534255805e-05
5,22002,"P_disability","Disability",-0.491336755379501,2.07017819775501e-05
5,22003,"P_disability","Disability",-0.508643742302776,3.89841370633803e-05
5,22004,"P_disability","Disability",-0.0454728029088603,3.61179663741495e-05
5,22005,"P_disability","Disability",-0.546393650157336,3.74483024643268e-05
5,22006,"P_disability","Disability",-1.02621430072328,5.59839281777386e-05
5,22007,"P_disability","Disability",-0.988346643518635,3.29681242874358e-05
5,22008,"P_disability","Disability",-0.0609052773046177,3.97206313209608e-05
5,22009,"P_disability","Disability",-0.605981009925957,4.30606887675822e-05
5,22010,"P_disability","Disability",0.18465895811376,2.89120689558331e-05
5,22011,"P_disability","Disability",-0.628698722299974,9.20792153920047e-05
5,22012,"P_disability","Disability",-0.916245256841902,3.2342202757718e-05
5,22013,"P_disability","Disability",0.203081140366973,2.45527007791679e-05
5,22014,"P_disability","Disability",-0.831866538830274,8.35577739053406e-05
5,22015,"P_disability","Disability",-0.525692584472278,4.32495762652252e-05
5,22017,"P_disability","Disability",-0.765560367586258,4.94248088216409e-05
5,22018,"P_disability","Disability",-0.112991504466418,3.19162390951533e-05
5,23001,"P_disability","Disability",-0.906916922799509,4.08291598432697e-05
5,23002,"P_disability","Disability",-0.734474539164594,2.27071141125634e-05
5,23003,"P_disability","Disability",-1.49295917564302,-0.00423601595684886
5,23004,"P_disability","Disability",-0.698984098050966,6.92995963618159e-05
5,23005,"P_disability","Disability",-0.984242275463481,2.49824170168722e-05
5,23006,"P_disability","Disability",-0.57456438537451,2.86678587144706e-05
5,23007,"P_disability","Disability",-0.524578592767851,2.90417774522211e-05
5,23008,"P_disability","Disability",-1.5873514743209,-0.00355794467031956
5,23009,"P_disability","Disability",-1.617982881612,-0.00309374718926847
5,23010,"P_disability","Disability",-0.666449842220616,1.13382602648926e-05
5,23011,"P_disability","Disability",-1.23439319514386,-0.0007640749681741
5,24001,"P_disability","Disability",-0.208701267825683,2.90810512524331e-05
5,24002,"P_disability","Disability",0.720137276334365,1.90321552508976e-05
5,24003,"P_disability","Disability",-0.250854780567958,1.83877564268187e-05
5,24004,"P_disability","Disability",0.662472623068997,4.06249309889972e-05
5,24005,"P_disability","Disability",0.628859473119058,3.60669801011682e-05
5,24006,"P_disability","Disability",0.128082164543138,2.10279758903198e-05
5,24007,"P_disability","Disability",-0.31388060468819,4.38074821431655e-05
5,24008,"P_disability","Disability",0.00305904046716966,4.69790466013364e-05
5,24009,"P_disability","Disability",-0.187154085480914,4.20977594330907e-05
5,24010,"P_disability","Disability",0.0239107923008169,2.85653877654113e-05
5,24011,"P_disability","Disability",-0.307321041477218,4.56050838693045e-05
5,24012,"P_disability","Disability",0.240032914523267,2.06873173738131e-05
5,24013,"P_disability","Disability",-0.17643396532963,6.16875477135181e-05
5,24014,"P_disability","Disability",0.413713437165966,2.60456545220222e-05
5,24015,"P_disability","Disability",0.21830884818377,4.16443654103205e-05
5,24016,"P_disability","Disability",0.125745331522899,4.39158902736381e-05
5,24017,"P_disability","Disability",0.855313499842511,1.5790148609085e-05
5,24018,"P_disability","Disability",-1.03460729619978,9.26553911995143e-06
5,24019,"P_disability","Disability",1.11398590075655,3.40763981512282e-05
5,24020,"P_disability","Disability",0.182771279982656,5.42774141649716e-05
5,24021,"P_disability","Disability",-0.0961448021699938,3.55334595951717e-05
5,24022,"P_disability","Disability",0.259454833527468,1.92339575733058e-05
5,24023,"P_disability","Disability",1.68149241864897,5.22824921063147e-05
5,24024,"P_disability","Disability",0.156932632496367,4.96292414027266e-05
5,24025,"P_disability","Disability",0.645608664867989,3.58603829226922e-05
5,24026,"P_disability","Disability",-1.11369432276574,6.03483658778714e-06
5,24027,"P_disability","Disability",0.90294380576569,4.14731985074468e-05
5,24028,"P_disability","Disability",-0.605160240302768,0.000114482878416311
5,24029,"P_disability","Disability",0.232675091005455,3.14013159368187e-05
5,24030,"P_disability","Disability",1.69396473562845,8.14131126389839e-05
5,24031,"P_disability","Disability",-0.528422032368717,2.08376113732811e-05
5,24032,"P_disability","Disability",-0.634972970557185,3.43704123224597e-05
5,24033,"P_disability","Disability",0.954566123919193,2.38841857935768e-05
5,24034,"P_disability","Disability",-0.837482390428326,3.13762502628379e-05
5,24035,"P_disability","Disability",-0.777147672063971,4.18723502662033e-05
5,24036,"P_disability","Disability",0.576168529645376,3.16315708914772e-05
5,24037,"P_disability","Disability",-0.505121397238695,2.8281250706641e-05
5,24038,"P_disability","Disability",0.23245254014213,2.4048233171925e-05
5,24039,"P_disability","Disability",0.0123872056981301,2.06895147130126e-05
5,24040,"P_disability","Disability",0.754163291779892,4.37363851233386e-05
5,24041,"P_disability","Disability",-0.342841124190199,2.29656798182987e-05
5,24042,"P_disability","Disability",0.475787286353679,4.13161105825566e-05
5,24043,"P_disability","Disability",0.279828752785904,2.14028113987297e-05
5,24044,"P_disability","Disability",0.0372991071204202,3.20567924063653e-05
5,24045,"P_disability","Disability",0.94515265489539,4.8432826588396e-05
5,24046,"P_disability","Disability",-0.165260922418048,2.04710013349541e-05
5,24047,"P_disability","Disability",0.784969230847221,3.33406642312184e-05
5,24048,"P_disability","Disability",0.823864404412109,4.32774286309723e-05
5,24049,"P_disability","Disability",0.347802190138541,2.52304034802364e-05
5,24050,"P_disability","Disability",-0.850304881401876,2.88238516077399e-05
5,24051,"P_disability","Disability",-0.330274198531741,4.43739045294933e-05
5,24052,"P_disability","Disability",0.541665780587058,3.38202444254421e-05
5,24053,"P_disability","Disability",-0.207537377150056,1.68169826793019e-05
5,24054,"P_disability","Disability",-0.128322139989564,1.81923478521639e-05
5,24055,"P_disability","Disability",-0.559303311978168,3.3385102142347e-05
5,24056,"P_disability","Disability",-0.171058188909665,2.42505684582284e-05
5,24057,"P_disability","Disability",-0.560163132749932,2.40598037635209e-05
5,24058,"P_disability","Disability",-0.0619081674531571,4.06639301218092e-05
5,25001,"P_disability","Disability",-0.486138647927423,0.000120110933494288
5,25002,"P_disability","Disability",-0.49861495223293,9.15803902898915e-05
5,25003,"P_disability","Disability",-0.331678498632089,1.9924140360672e-05
5,25005,"P_disability","Disability",-0.409955968030183,3.85109087801538e-05
5,25006,"P_disability","Disability",-0.844060801435687,6.56765259918757e-05
5,25007,"P_disability","Disability",-0.589636499694389,3.5395882150624e-05
5,25008,"P_disability","Disability",-0.819716545334801,2.83155386568978e-05
5,25010,"P_disability","Disability",-0.0446553436778547,4.60520095657557e-05
5,25011,"P_disability","Disability",-0.318307407642898,9.67737069004215e-05
5,25013,"P_disability","Disability",0.286604666416303,5.68619434488937e-05
5,25015,"P_disability","Disability",0.0353338246858898,8.63743553054519e-05
5,25017,"P_disability","Disability",0.0741856086483991,4.06805629609153e-05
5,25018,"P_disability","Disability",-0.553411499267804,4.7859619371593e-05
5,26001,"P_disability","Disability",0.341929927480122,5.73169345443603e-05
5,26002,"P_disability","Disability",-0.910684598141558,0.000110327935544774
5,26003,"P_disability","Disability",0.264302066418035,4.64207696495578e-05
5,26004,"P_disability","Disability",-0.0824919395789995,0.000110336251964327
5,26005,"P_disability","Disability",0.408301545228228,5.77580067329109e-05
5,26006,"P_disability","Disability",1.98082796200819,0.000125430073239841
5,26007,"P_disability","Disability",0.481863719686702,9.80394834186882e-05
5,26008,"P_disability","Disability",1.19136072361068,8.08825643616728e-05
5,26009,"P_disability","Disability",1.75282144069254,8.51259683258832e-05
5,26010,"P_disability","Disability",1.32106333603342,4.43150092905853e-05
5,26011,"P_disability","Disability",1.12831451719815,6.2733070080867e-06
5,26012,"P_disability","Disability",-0.177493940752031,6.42387458356097e-05
5,26013,"P_disability","Disability",-0.0752753268240958,5.82173634029459e-05
5,26014,"P_disability","Disability",0.892923876607911,7.03280529705808e-05
5,26015,"P_disability","Disability",0.693626058781082,3.27485468005762e-05
5,26016,"P_disability","Disability",0.216905363442638,5.72449134779163e-05
5,26017,"P_disability","Disability",-0.568222783044025,0.000152292981510982
5,26018,"P_disability","Disability",-0.140215556989467,0.00012143101048423
5,26019,"P_disability","Disability",-0.885270837212933,0.000111243505671155
5,26020,"P_disability","Disability",-0.390204876862175,4.81635361211374e-05
5,26021,"P_disability","Disability",-0.251686008059362,2.49622680712491e-05
5,26022,"P_disability","Disability",-1.66723893987405,-0.00371217727661133
5,26023,"P_disability","Disability",-0.231432556015065,7.51657644286752e-05
5,26024,"P_disability","Disability",1.43144283815936,4.79216178064235e-05
5,26025,"P_disability","Disability",-0.457743553876486,5.15748615725897e-05
5,26026,"P_disability","Disability",0.0218826309840775,4.12599292758387e-05
5,26027,"P_disability","Disability",-1.38542072771559,-0.000316725869197398
5,26028,"P_disability","Disability",2.0078022900917,0.00012411514762789
5,26029,"P_disability","Disability",-0.352690033862398,0.000114949005364906
5,26030,"P_disability","Disability",-0.645283410684603,0.000118665389891248
5,26031,"P_disability","Disability",2.08325392364188,5.11338512296788e-05
5,26032,"P_disability","Disability",1.08685273799663,0.000184004486072809
5,26033,"P_disability","Disability",0.130369895382137,5.61978158657439e-05
5,26034,"P_disability","Disability",-0.109139352507545,4.59176226286218e-05
5,26035,"P_disability","Disability",0.437362968387516,8.53705423651263e-05
5,26036,"P_disability","Disability",-0.732953392855325,0.000122132798423991
5,26037,"P_disability","Disability",-0.795719632260268,4.15397698816378e-06
5,26038,"P_disability","Disability",-1.15512703263866,7.5770600233227e-05
5,26039,"P_disability","Disability",-0.0431026633930791,3.49310139426962e-05
5,26040,"P_disability","Disability",2.279205507243,7.63484495109878e-05
5,26041,"P_disability","Disability",-0.790243553151723,6.88218860886991e-05
5,26042,"P_disability","Disability",-0.527842367673351,8.75627738423645e-05
5,26043,"P_disability","Disability",-1.05854411071639,-0.000225452226004563
5,26044,"P_disability","Disability",0.0634737957076869,9.27941437112167e-05
5,26045,"P_disability","Disability",1.36074297801115,5.90913550695404e-05
5,26046,"P_disability","Disability",-0.101290787404312,9.74120848695748e-05
5,26047,"P_disability","Disability",-0.0999019267975388,5.54710823053028e-05
5,26048,"P_disability","Disability",-0.945519856765694,-0.000304910616250709
5,26049,"P_disability","Disability",0.478158975558407,2.85685673588887e-05
5,26050,"P_disability","Disability",1.56800066169459,0.000170769388205372
5,26051,"P_disability","Disability",0.652895601089255,4.41635820607189e-05
5,26052,"P_disability","Disability",0.423134112749803,6.05742825428024e-05
5,26053,"P_disability","Disability",1.90305904042537,3.89414817618672e-05
5,26054,"P_disability","Disability",-1.00311163582396,-1.76678313437151e-05
5,26055,"P_disability","Disability",-0.682029191002827,0.000153940243762918
5,26056,"P_disability","Disability",-0.978070824927816,1.94566491700243e-05
5,26057,"P_disability","Disability",-0.402322254300861,2.44695220317226e-05
5,26058,"P_disability","Disability",-0.56239608765546,0.000119703756354284
5,26059,"P_disability","Disability",-0.479132120999703,0.000114954338641837
5,26060,"P_disability","Disability",-0.382952126644012,6.90574743202887e-05
5,26061,"P_disability","Disability",0.644375546312194,1.31823308038292e-05
5,26062,"P_disability","Disability",0.923418893715351,9.01568055269308e-05
5,26063,"P_disability","Disability",1.57103334894265,-4.21810000261758e-07
5,26064,"P_disability","Disability",-0.559151982658022,5.3217099775793e-05
5,26065,"P_disability","Disability",0.80193059662075,5.54616999579594e-05
5,26066,"P_disability","Disability",0.987882984484174,7.19053714419715e-05
5,26067,"P_disability","Disability",0.545365907722687,2.2911983251106e-05
5,26068,"P_disability","Disability",1.94392464010912,0.000168542072060518
5,26069,"P_disability","Disability",0.930757702313457,3.34609867422841e-05
5,26070,"P_disability","Disability",0.0928460817428621,0.000106176099507138
5,26071,"P_disability","Disability",0.089169024377537,4.99652305734344e-05
5,27002,"P_disability","Disability",-0.490835206486201,3.52791175828315e-05
5,27003,"P_disability","Disability",-0.139124846069634,1.90512873814441e-05
5,27004,"P_disability","Disability",-0.411224977584546,8.62171946209855e-05
5,27005,"P_disability","Disability",-0.537440166964149,3.53793220710941e-05
5,27006,"P_disability","Disability",-0.0332573781023261,2.37216845562216e-05
5,27008,"P_disability","Disability",-0.59200189560893,3.60481390089262e-05
5,27010,"P_disability","Disability",-0.29174913727916,2.68166968453443e-05
5,27013,"P_disability","Disability",-0.685223771790444,3.88474400097039e-05
5,27014,"P_disability","Disability",-0.934225857086821,1.25849865071359e-05
5,27016,"P_disability","Disability",-0.54337830659581,4.03284793719649e-05
5,28001,"P_disability","Disability",0.740035422517059,4.20025971834548e-05
5,28002,"P_disability","Disability",-0.301868285356124,4.83632175019011e-05
5,28003,"P_disability","Disability",-0.397003343699896,9.30456008063629e-05
5,28004,"P_disability","Disability",0.600818243280094,4.88364094053395e-05
5,28005,"P_disability","Disability",0.146317876000396,5.606184276985e-05
5,28006,"P_disability","Disability",-0.317902273710898,1.93813411897281e-05
5,28007,"P_disability","Disability",-0.976498770154984,3.84233535442036e-05
5,28008,"P_disability","Disability",-0.764536863873752,2.34919425565749e-05
5,28009,"P_disability","Disability",-0.425706694178209,9.56520525505766e-05
5,28010,"P_disability","Disability",0.20693944381443,4.73063701065257e-05
5,28011,"P_disability","Disability",0.506591316163711,4.81205497635528e-05
5,28012,"P_disability","Disability",0.126996548352324,3.27619309246074e-05
5,28013,"P_disability","Disability",0.0977885918056762,4.73158615932334e-05
5,28014,"P_disability","Disability",0.582644418093825,6.116546865087e-05
5,28015,"P_disability","Disability",-0.409845604180253,8.85931876837276e-05
5,28016,"P_disability","Disability",0.974883332665146,4.52988024335355e-05
5,28017,"P_disability","Disability",-0.15988382420457,3.04165951092727e-05
5,28018,"P_disability","Disability",-0.376080052957575,5.21138827025425e-05
5,28019,"P_disability","Disability",0.405564326941573,5.21145484526642e-05
5,28020,"P_disability","Disability",1.08404916162415,6.1418853874784e-05
5,28021,"P_disability","Disability",0.108164101987691,6.22053630650043e-05
5,28022,"P_disability","Disability",-0.350017924456969,0.000209139529033564
5,28023,"P_disability","Disability",2.07767720928624,6.94770933478139e-05
5,28024,"P_disability","Disability",-0.232823138498445,7.97660686657764e-05
5,28025,"P_disability","Disability",-1.03297429881186,8.59801912156399e-06
5,28026,"P_disability","Disability",-0.0776396507860434,2.68424810201395e-05
5,28027,"P_disability","Disability",-0.587274177836025,7.63304778956808e-05
5,28028,"P_disability","Disability",-0.199623779130742,5.86105525144376e-05
5,28029,"P_disability","Disability",0.0925696901613986,4.34774374298286e-05
5,28030,"P_disability","Disability",-0.226757905803939,4.41964039055165e-05
5,28031,"P_disability","Disability",-0.0852293317414305,3.41743034368847e-05
5,28032,"P_disability","Disability",-0.94368038611524,-0.000228773569688201
5,28033,"P_disability","Disability",-0.780507824792256,-8.56723199831322e-05
5,28034,"P_disability","Disability",-0.505837037854461,3.57069111487363e-05
5,28035,"P_disability","Disability",0.133306390499982,3.97965777665377e-05
5,28036,"P_disability","Disability",-1.15636223770376,8.76925150805619e-06
5,28037,"P_disability","Disability",-0.734547867474447,5.08183911733795e-05
5,28038,"P_disability","Disability",-0.189909380095713,9.2531532573048e-05
5,28039,"P_disability","Disability",-0.631388182144389,2.23190108954441e-05
5,28040,"P_disability","Disability",-0.0912565464133256,9.30155365495011e-05
5,28041,"P_disability","Disability",-0.715379246647805,6.60312653053552e-05
5,28042,"P_disability","Disability",1.60366356394343,9.61767655098811e-05
5,28043,"P_disability","Disability",-0.46184395992733,5.17840308020823e-05
5,30003,"P_disability","Disability",-0.399040452022534,5.1969473133795e-05
5,30012,"P_disability","Disability",1.84613098571506,5.07849908899516e-05
5,30015,"P_disability","Disability",0.514978767872783,4.4380700273905e-05
5,30032,"P_disability","Disability",0.511081399771836,3.70589696103707e-05
5,30039,"P_disability","Disability",0.143015559756846,9.52932532527484e-05
5,30045,"P_disability","Disability",0.896864414856377,6.43066596239805e-05
5,30048,"P_disability","Disability",-0.61026835775665,5.85046582273208e-05
5,30054,"P_disability","Disability",0.57654841276337,4.49625767942052e-05
5,30056,"P_disability","Disability",0.0126760825731075,2.16248263313901e-05
5,30059,"P_disability","Disability",-0.194697890241527,4.34281391790137e-05
5,30061,"P_disability","Disability",-0.506849057325245,2.95889767585322e-05
5,30070,"P_disability","Disability",1.14667237216706,2.61179775407072e-05
5,30072,"P_disability","Disability",0.332842789523725,1.93190571735613e-05
5,30073,"P_disability","Disability",0.110533829603579,3.5776050935965e-05
5,30076,"P_disability","Disability",-0.287034472006182,2.21963819058146e-05
5,30077,"P_disability","Disability",-0.0863028559693672,3.86148058169056e-05
5,30082,"P_disability","Disability",-0.558779582950811,4.26380793214776e-05
5,30089,"P_disability","Disability",0.723892868154107,4.75438100693282e-05
5,30091,"P_disability","Disability",0.797550566249519,2.3587497707922e-05
5,30094,"P_disability","Disability",0.295365024266884,3.60999983968213e-05
5,30097,"P_disability","Disability",0.378317245162964,6.53527677059174e-05
5,30104,"P_disability","Disability",-0.454460775868082,2.30348414334003e-05
5,30108,"P_disability","Disability",0.0107231689522041,6.08850095886737e-05
5,30111,"P_disability","Disability",-0.36069263770926,4.31296430178918e-05
5,30116,"P_disability","Disability",-0.176374028830682,4.15888789575547e-05
5,30119,"P_disability","Disability",1.3548235713841,3.79523407900706e-05
5,30120,"P_disability","Disability",0.200814092304628,3.93967638956383e-05
5,30122,"P_disability","Disability",-0.287534903367802,2.36560881603509e-05
5,30129,"P_disability","Disability",-0.00250570346983,2.96436737698968e-05
5,30130,"P_disability","Disability",-0.018232255820786,2.6525573048275e-05
5,30133,"P_disability","Disability",0.0811435246361467,4.85896744066849e-05
5,30139,"P_disability","Disability",-0.11473338353989,4.56753805337939e-05
5,30141,"P_disability","Disability",-0.0609655294809445,3.60958511009812e-05
5,30142,"P_disability","Disability",-0.893734757124495,2.05060241569299e-05
5,30143,"P_disability","Disability",0.142198615400708,3.84639715775847e-05
5,30144,"P_disability","Disability",0.131714743472347,2.89631716441363e-05
5,30145,"P_disability","Disability",-0.595805775938809,3.75659292330965e-05
5,30149,"P_disability","Disability",-0.772253357665007,2.03545969270635e-05
5,30161,"P_disability","Disability",0.286928330263083,2.50560224230867e-05
5,30169,"P_disability","Disability",0.321983536678263,2.50338598561939e-05
5,30172,"P_disability","Disability",0.223778411171038,2.46525451075286e-05
5,30176,"P_disability","Disability",1.20092301341675,3.76958414562978e-05
5,30190,"P_disability","Disability",1.52782928552022,0.00015914456162136
5,30199,"P_disability","Disability",-0.754979251832466,2.88405717583373e-05
5,30204,"P_disability","Disability",0.478179994269811,6.10397983109578e-05
5,30205,"P_disability","Disability",-0.415989850753645,4.71384046250023e-05
5,30206,"P_disability","Disability",-0.149639495698285,9.63520433288068e-05
5,30207,"P_disability","Disability",0.421165146849826,4.20421056332998e-05
5,30208,"P_disability","Disability",0.947459355075009,6.31267612334341e-05
5,30209,"P_disability","Disability",-0.408470589487136,2.31964477279689e-05
5,30210,"P_disability","Disability",0.883950463537057,2.6170908313361e-05
5,30212,"P_disability","Disability",0.6151237325555,1.93466548807919e-05
5,31001,"P_disability","Disability",-0.142372359369884,3.23209533235058e-05
5,31002,"P_disability","Disability",-0.834348063505149,4.66980527562555e-05
5,31003,"P_disability","Disability",-0.478175638801949,2.70123746304307e-05
5,31004,"P_disability","Disability",0.213833878263156,6.41332153463736e-05
5,31005,"P_disability","Disability",0.192298544792803,4.95916028739884e-05
5,31006,"P_disability","Disability",-0.324884377000629,3.62184291589074e-05
5,31007,"P_disability","Disability",-0.241024110970992,4.56295019830577e-05
5,31008,"P_disability","Disability",0.388439769468569,3.32535419147462e-05
5,31009,"P_disability","Disability",0.271685603293176,4.62021198472939e-05
5,31010,"P_disability","Disability",-1.47050842166765,-0.000725171994417906
5,31011,"P_disability","Disability",-0.912826031929201,2.27164928219281e-05
5,31012,"P_disability","Disability",1.51211520664598,7.02837132848799e-05
5,31013,"P_disability","Disability",-0.782374374484524,3.70935813407414e-05
5,31014,"P_disability","Disability",-0.0754372271161156,3.86387000617106e-05
5,31015,"P_disability","Disability",-0.196930357282017,3.31072515109554e-05
5,31016,"P_disability","Disability",-1.1944318254553,-0.00010872061830014
5,31017,"P_disability","Disability",0.28988511651506,2.02155024453532e-05
5,31018,"P_disability","Disability",0.0698271523781846,3.20764884236269e-05
5,31019,"P_disability","Disability",-0.978800638951417,1.23369036373333e-05
5,31020,"P_disability","Disability",-0.693961623700905,5.6386626965832e-05
5,31021,"P_disability","Disability",-1.5148577035332,-0.0018904599128291
5,31022,"P_disability","Disability",-1.28504128732999,-0.000184390606591478
5,31023,"P_disability","Disability",1.12127298384376,4.55547378805932e-05
5,31024,"P_disability","Disability",-0.508488523567237,3.36807497660629e-05
5,31025,"P_disability","Disability",-0.39252073843821,2.7361555112293e-05
5,31026,"P_disability","Disability",0.741717709466904,5.08474186062813e-05
5,31027,"P_disability","Disability",0.206036235128401,4.69032274850179e-05
5,31028,"P_disability","Disability",-0.437648715365627,4.99981761095114e-05
5,31029,"P_disability","Disability",-0.140970427693927,4.50257648481056e-05
5,31030,"P_disability","Disability",0.616199864920062,2.78689003607724e-05
5,31031,"P_disability","Disability",0.678023351561019,3.58154684363399e-05
5,31032,"P_disability","Disability",-0.144477159388659,2.65637208940461e-05
5,31033,"P_disability","Disability",0.405312360686212,3.24978973367251e-05
5,31034,"P_disability","Disability",0.471036471800641,3.38270583597478e-05
5,31035,"P_disability","Disability",0.51277633407417,3.68151704606134e-05
5,31036,"P_disability","Disability",-0.47454350553492,3.51148846675642e-05
5,31037,"P_disability","Disability",0.558507773044529,4.49017315986566e-05
5,31038,"P_disability","Disability",0.416329982288536,3.5242333979113e-05
5,31039,"P_disability","Disability",-1.03638755792856,4.09997737733647e-05
5,31040,"P_disability","Disability",0.0175842479500714,3.81371501134709e-05
5,31041,"P_disability","Disability",-0.604586894219304,0.00011541937419679
5,31042,"P_disability","Disability",0.378702064327232,3.09159586322494e-05
5,31043,"P_disability","Disability",-1.08509456342271,3.55343422597798e-06
5,31044,"P_disability","Disability",0.786762712199241,3.29611139022745e-05
5,31045,"P_disability","Disability",-0.306783208254713,5.37694068043493e-05
5,31046,"P_disability","Disability",0.716685955304089,2.99263738270383e-05
5,31047,"P_disability","Disability",-0.683984403835435,3.35796758008655e-05
5,31048,"P_disability","Disability",-0.083111285089583,3.34153810399584e-05
5,31049,"P_disability","Disability",-0.527284592756378,1.89779311767779e-05
5,31050,"P_disability","Disability",-0.169192484962672,0.000116822149720974
5,31051,"P_disability","Disability",-0.313535481532169,6.25555330771022e-05
5,31052,"P_disability","Disability",-0.17450096808148,5.64318470424041e-05
5,31053,"P_disability","Disability",0.122734981403533,4.72073625132907e-05
5,31054,"P_disability","Disability",-0.317560903233011,5.73109209653921e-05
5,31055,"P_disability","Disability",-0.228423990232536,3.30625043716282e-05
5,31056,"P_disability","Disability",-0.901156897797917,2.80105577985523e-05
5,31057,"P_disability","Disability",-0.0146135295576915,4.09631320508197e-05
5,31058,"P_disability","Disability",-0.607467966855893,2.52986847044667e-05
5,31059,"P_disability","Disability",0.226277910887198,0.00013063992082607
5,31060,"P_disability","Disability",-0.597412680143673,4.27189661422744e-05
5,31061,"P_disability","Disability",0.432244207372844,6.38260244159028e-05
5,31062,"P_disability","Disability",0.30300085320345,3.02418375213165e-05
5,31063,"P_disability","Disability",0.510293003116971,4.56799134553876e-05
5,31064,"P_disability","Disability",0.904130241208065,2.64544178207871e-05
5,31065,"P_disability","Disability",0.184644534865006,0.000125969949294813
5,31066,"P_disability","Disability",-0.482316589982541,3.45259177265689e-05
5,31067,"P_disability","Disability",0.0905690248507113,4.65811681351624e-05
5,31068,"P_disability","Disability",0.948511890977598,4.9702463002177e-05
5,31069,"P_disability","Disability",0.495319992924505,2.0249244698789e-05
5,31070,"P_disability","Disability",0.410154233813811,4.91520768264309e-05
5,31071,"P_disability","Disability",0.865000921122584,1.74491615325678e-05
5,31072,"P_disability","Disability",0.669701111708146,5.46168521395884e-05
5,31073,"P_disability","Disability",-2.37680368529354,-0.00189467240124941
5,31074,"P_disability","Disability",1.44804836969151,4.35925903730094e-05
5,31075,"P_disability","Disability",-0.842020765922817,1.68671940627974e-05
5,31076,"P_disability","Disability",-0.0312428415562676,3.16744117299095e-05
5,31077,"P_disability","Disability",0.772888801166667,3.72525537386537e-05
5,31078,"P_disability","Disability",0.0899004353572852,4.18065756093711e-05
5,31079,"P_disability","Disability",-0.985239142420125,1.24171547213336e-05
5,31080,"P_disability","Disability",-0.147629679119867,3.46346896549221e-05
5,31081,"P_disability","Disability",-0.306137644640618,2.56092680501752e-05
5,31082,"P_disability","Disability",1.16172980664481,5.35217623109929e-05
5,31083,"P_disability","Disability",-0.0245482798430861,8.31802899483591e-05
5,31084,"P_disability","Disability",-0.412879733077938,3.12570664391387e-05
5,31085,"P_disability","Disability",-0.375891492276092,3.50997761415783e-05
5,31086,"P_disability","Disability",-0.0468644792903207,3.00889150821604e-05
5,31087,"P_disability","Disability",-0.263490643750923,2.50748853432015e-05
5,31088,"P_disability","Disability",-0.774401056044893,9.28389636101201e-06
5,31089,"P_disability","Disability",-0.883555194812229,3.57215940312017e-05
5,31090,"P_disability","Disability",-0.841092319927697,3.42386883858126e-05
5,31091,"P_disability","Disability",-0.342768994441515,3.25463079207111e-05
5,31092,"P_disability","Disability",-0.360172820042784,1.85519747901708e-05
5,31093,"P_disability","Disability",-0.0672376996694272,6.12583971815184e-05
5,31094,"P_disability","Disability",-0.466418380038792,1.88700141734444e-05
5,31095,"P_disability","Disability",-0.394572435444805,6.39693171251565e-05
5,31096,"P_disability","Disability",-0.0763348667130014,3.14114586217329e-05
5,31097,"P_disability","Disability",-0.124227124087746,3.09912575175986e-05
5,31098,"P_disability","Disability",-0.195006160173818,2.55415652645752e-05
5,31099,"P_disability","Disability",-0.555694023962239,2.26736538024852e-05
5,31100,"P_disability","Disability",-0.127087792486544,8.36476901895367e-05
5,31101,"P_disability","Disability",-0.143299407606347,8.66528425831348e-05
5,31102,"P_disability","Disability",-0.60607714466028,3.84966515412088e-05
5,31103,"P_disability","Disability",-0.277696532593305,3.68707333109342e-05
5,31104,"P_disability","Disability",-0.579977026835005,2.0490369934123e-05
5,31105,"P_disability","Disability",-0.673379713565158,6.81737583363429e-05
5,31106,"P_disability","Disability",0.239285324655872,5.56779377802741e-05
5,32001,"P_disability","Disability",1.1284736506708,2.66030983766541e-05
5,32002,"P_disability","Disability",0.6719728290947,4.43402313976549e-05
5,32003,"P_disability","Disability",0.301082682663376,5.98188489675522e-05
5,32004,"P_disability","Disability",-0.397764922970666,2.07081611733884e-05
5,32005,"P_disability","Disability",-0.924477894962872,2.29975994443521e-05
5,32006,"P_disability","Disability",0.061562230758949,4.48020073235966e-05
5,32008,"P_disability","Disability",-0.657829219721027,3.54573749064002e-05
5,32009,"P_disability","Disability",-0.144397634011135,3.77929100068286e-05
5,32010,"P_disability","Disability",-0.481224705823255,5.44094655197114e-05
5,32011,"P_disability","Disability",0.57881191916187,4.59815928479657e-05
5,32012,"P_disability","Disability",0.14155131978132,3.21263578371145e-05
5,32013,"P_disability","Disability",0.19218227591898,4.76406421512365e-05
5,32015,"P_disability","Disability",1.8149543181737,8.44967653392814e-05
5,32016,"P_disability","Disability",0.523388328815112,3.15357610816136e-05
5,32017,"P_disability","Disability",-0.00627127710954932,7.70705373724923e-05
5,32018,"P_disability","Disability",0.664007517381292,5.02095354022458e-05
5,32019,"P_disability","Disability",-0.306706994957486,5.51375487702899e-05
5,32020,"P_disability","Disability",0.592017716749258,6.19978018221445e-05
5,32021,"P_disability","Disability",0.333595293491908,2.48471042141318e-05
5,32023,"P_disability","Disability",0.095662776451726,5.82505890633911e-05
5,32024,"P_disability","Disability",-0.0629707155617819,4.53181019111071e-05
5,32025,"P_disability","Disability",-0.556917106678398,3.81258541892748e-05
5,32028,"P_disability","Disability",-1.3149677492224,-0.000387038424378261
5,32030,"P_disability","Disability",1.72456177223673,9.34009658521973e-05
5,32031,"P_disability","Disability",1.53723031314148,0.000124373225844465
5,32032,"P_disability","Disability",-0.216652951392181,4.31763583037537e-05
5,32033,"P_disability","Disability",1.19533956348497,5.93426411796827e-05
5,32034,"P_disability","Disability",0.834989233090584,3.53914620063733e-05
5,32035,"P_disability","Disability",0.152670673905054,3.10308241751045e-05
5,32036,"P_disability","Disability",-0.236752732701771,4.52245549240615e-05
5,32037,"P_disability","Disability",0.492438317631103,2.83664230664726e-05
5,32038,"P_disability","Disability",-0.335645568973329,2.65103008132428e-05
5,32039,"P_disability","Disability",-0.0800510309346749,5.00087917316705e-05
5,32040,"P_disability","Disability",-0.163188956222807,3.70844827557448e-05
5,32041,"P_disability","Disability",1.79918508185215,4.93809457111638e-05
5,32042,"P_disability","Disability",-0.186155662082866,4.25632169935852e-05
5,32043,"P_disability","Disability",1.44882885077832,5.51656557945535e-05
5,32044,"P_disability","Disability",0.472647218153699,3.26273875543848e-05
5,32045,"P_disability","Disability",-0.268615453279205,4.9078298616223e-05
5,32046,"P_disability","Disability",1.68491525612632,9.37414006330073e-05
5,32047,"P_disability","Disability",-0.0202527817964537,4.41826960013714e-05
5,32048,"P_disability","Disability",-0.689151100544352,5.58696046937257e-05
5,32049,"P_disability","Disability",0.110670521284451,3.78420227207243e-05
5,32050,"P_disability","Disability",0.276004571193206,4.79849441035185e-05
5,32051,"P_disability","Disability",-0.761848229517239,2.038025559159e-05
5,32052,"P_disability","Disability",-0.63587977999106,7.1988848503679e-05
5,32053,"P_disability","Disability",-0.0171793012658448,4.20810174546205e-05
5,32054,"P_disability","Disability",-0.0530763247135608,2.85474416159559e-05
5,32055,"P_disability","Disability",0.0849966759586978,5.99855266045779e-05
5,32056,"P_disability","Disability",0.0535656872424978,0.000111649533209857
5,32057,"P_disability","Disability",-0.710437823730614,3.03966698993463e-05
5,32058,"P_disability","Disability",-0.170000215590849,4.74257831228897e-05
